{"type":"FeatureCollection","features":[{"type":"Feature","geometry":{"type":"LineString","coordinates":[[-89.2384850689574,30.7420654115534],[-89.2388206862854,30.7418153738189],[-89.2388876660341,30.7410076986926],[-89.2385967070096,30.7407192866056],[-89.2386190341785,30.7404500611523],[-89.2383280780894,30.7401616480255],[-89.2383504059913,30.7398924223155],[-89.2386860148017,30.73964238386471],[-89.2387529941001,30.7388347051857],[-89.2384620432928,30.7385462914466],[-89.2384843703114,30.738277064809],[-89.2381934224393,30.7379886500299],[-89.2383497136102,30.7361040585217],[-89.2386853068557,30.7358540181111],[-89.2387076324025,30.7355847899269],[-89.2390432224186,30.735334748161],[-89.2390655466436,30.7350655196149]]},"properties":{"segment_id":"05173388043633c07872de92","source_kmz":"biloxi","orientation":"unverified"}},{"type":"Feature","geometry":{"type":"LineString","coordinates":[[-89.2958411992124,30.7950764852835],[-89.2965125162618,30.7945761153783],[-89.296534667111,30.7943069082138],[-89.2968703213733,30.7940567213352],[-89.29689247090121,30.7937875138114],[-89.2972281219302,30.7935373255801],[-89.29731671387971,30.7924604931255],[-89.29765235815012,30.7922103029241],[-89.2978738160444,30.789518208975],[-89.2975824757005,30.7892299810128],[-89.2976267672918,30.78869156017611],[-89.2970440963089,30.7881151010314],[-89.29717697816972,30.7864998336145],[-89.2968856510616,30.7862116020259],[-89.2969299456118,30.7856731781207],[-89.2966386223268,30.785384945391],[-89.2967493605592,30.78403888242971],[-89.2964580437453,30.783750648254],[-89.29656878273842,30.7824045809406],[-89.29511225159851,30.7809633934497],[-89.2947987987407,30.78094436751711],[-89.2918859025142,30.7780619138099],[-89.291572461551,30.7780428786237],[-89.2912811844184,30.7777546272568],[-89.2906543052802,30.7777165525454],[-89.2906764708756,30.777447337204],[-89.2903851990323,30.7771590831244],[-89.2904073653639,30.7768898675273],[-89.2901160964602,30.7766016124079],[-89.290138263528,30.7763323965553],[-89.2892644718068,30.7754676252634],[-89.2886376111732,30.7754295389463],[-89.2880550983439,30.7748530167154],[-89.2880772717341,30.7745838003049],[-89.2874947688977,30.7740072741181],[-89.2875169439062,30.7737380573502],[-89.287203520565,30.7737190096176],[-89.2863297879089,30.7728542104872],[-89.2863519664463,30.7725849933124],[-89.2857694900582,30.7720084556649],[-89.2857916702137,30.7717392381327],[-89.2849179737047,30.7708744243203],[-89.2849401563603,30.7706052063288],[-89.2846267456488,30.7705861511733],[-89.28433551964972,30.7702978770881],[-89.2843577040695,30.7700286588931],[-89.2840664810093,30.7697403837681],[-89.2837530738221,30.7697213261036],[-89.2831706362216,30.76914477136661],[-89.282543826985,30.7691066500264],[-89.2807965776419,30.7673769532653],[-89.2808853579499,30.7663000759075],[-89.2803029650109,30.76572350200121],[-89.2803251614857,30.7654542820728],[-89.280033968983,30.7651659936107],[-89.2794071917598,30.7651278541857],[-89.2788248176226,30.7645512711022],[-89.27851143158,30.7645321983843],[-89.2781758424504,30.76478234480261],[-89.2778846599341,30.764494050283],[-89.2779512718405,30.7636863894411],[-89.2776600940261,30.7633980936779],[-89.2770333314847,30.7633599406637],[-89.2761598174279,30.7624950427282],[-89.2758464399009,30.7624759623797],[-89.2755552738361,30.7621876603555],[-89.27524189763031,30.7621685782822],[-89.2749507347965,30.76188027448371],[-89.2746373599118,30.7618611906857],[-89.2737638872724,30.7609962711533],[-89.2734505160583,30.7609771839582],[-89.2725770654496,30.7601122534748],[-89.2713235961543,30.7600358857754],[-89.2698679097577,30.7585942994855],[-89.2698901387028,30.7583250776879],[-89.26930788030022,30.757748436402],[-89.2693301108616,30.7574792142464],[-89.2684567413227,30.7566142449765],[-89.2684789743818,30.7563450223608],[-89.2681878561957,30.7560566972929],[-89.2682100899895,30.755787474421],[-89.26675453430532,30.754345834501],[-89.2664411902544,30.7543267271865],[-89.2664634293362,30.7540575037029],[-89.2652990300189,30.7529041711303],[-89.2653657569598,30.7520964985298],[-89.264492486989,30.7512314883332],[-89.2638658239946,30.7511932597531],[-89.2629925795729,30.750328236098],[-89.2607992883801,30.7501943905267],[-89.2604637039213,30.7504444906197],[-89.26015037631402,30.7504253653294],[-89.2598593086417,30.750137014813],[-89.2573527024646,30.7499839738206],[-89.257061646245,30.7496956156784],[-89.2554950280296,30.74959993200571],[-89.2549129335037,30.7490232045481],[-89.2549352091495,30.7487539804315],[-89.2543531246077,30.7481772490183],[-89.2543754018684,30.7479080245433],[-89.2540620854201,30.7478888819047],[-89.2540843635616,30.7476196573278],[-89.25262920286,30.7461778071815],[-89.2526514852587,30.74590858194],[-89.25171156058141,30.7458511364704],[-89.2505474866362,30.7446976290322],[-89.249607577377,30.7446401655371],[-89.249316567553,30.7443517838252],[-89.24900326593522,30.7443326267143],[-89.2490478534863,30.7437941754821],[-89.2481748451536,30.7429290215994],[-89.2481971413505,30.7426597954454],[-89.247906143564,30.74237140884],[-89.247950737278,30.74183295586411],[-89.2444589452725,30.7383722409941],[-89.2445704798137,30.7370260997229],[-89.24340663251311,30.7358724960444],[-89.2424668298427,30.7358149708093],[-89.2417956647722,30.73631507347571],[-89.240855858144,30.73625753460181],[-89.2402739620941,30.7356807141722],[-89.2399606958615,30.7356615310996],[-89.2396697520933,30.7353731186423],[-89.2393564871824,30.7353539338458],[-89.2390655466436,30.7350655196149]]},"properties":{"segment_id":"252d3ba7f235aaf8973db5c7","source_kmz":"biloxi","orientation":"unverified"}},{"type":"Feature","geometry":{"type":"LineString","coordinates":[[-89.2248570436786,30.7393357444051],[-89.2249241594864,30.7385280735978],[-89.2252598037922,30.73827807519],[-89.2252821742582,30.7380088510709],[-89.2256178153342,30.7377588513076],[-89.2256401844779,30.73748962682661],[-89.2259534543555,30.7375088503961],[-89.2262890913219,30.7372588483364],[-89.2263114581158,30.7369896234408],[-89.2269827235345,30.7364896154622],[-89.2270274519806,30.7359511643777],[-89.22836994876262,30.7349511329836],[-89.2286832095459,30.7349703489208],[-89.2289291424688,30.732008847193],[-89.2292647477259,30.7317588332524],[-89.2292871032054,30.7314896046868],[-89.2296003509284,30.7315088181636],[-89.2302715511699,30.7310087845415],[-89.2303386065946,30.730201096514],[-89.2306742001098,30.7299510773586],[-89.2307859503312,30.7286049265135],[-89.2304950640951,30.728316485699],[-89.2305397649121,30.7277780240729],[-89.2308753478564,30.7275280030508],[-89.23096474302432,30.7264510771109]]},"properties":{"segment_id":"19fcc0b940391ad328f2e30f","source_kmz":"biloxi","orientation":"unverified"}},{"type":"Feature","geometry":{"type":"LineString","coordinates":[[-89.19114541850742,30.7131772329513],[-89.1918167034566,30.7126774137925],[-89.19183917712012,30.7124081821596],[-89.1921748153399,30.7121582706489],[-89.1921972876806,30.7118890386529],[-89.1925329226722,30.7116391257854],[-89.19255539369,30.7113698934262],[-89.19289102545372,30.7111199792019],[-89.1932041864957,30.7111392966038],[-89.1935398153275,30.7108893802898],[-89.193852975639,30.710908695863],[-89.1941886015389,30.7106587774593],[-89.1942335319755,30.710120310816]]},"properties":{"segment_id":"ea600fcb95a56a9f25c2fbc4","source_kmz":"biloxi","orientation":"unverified"}},{"type":"Feature","geometry":{"type":"LineString","coordinates":[[-89.1953289326019,30.7120821920587],[-89.19503823039611,30.71179364808731],[-89.1950606932007,30.7115244153053],[-89.1947699939268,30.7112358702941],[-89.1947924574619,30.7109666372547],[-89.19450176112,30.7106780912037],[-89.1945242253856,30.7104088579068],[-89.1942335319755,30.710120310816]]},"properties":{"segment_id":"c787d3954dbcd95a3eda7793","source_kmz":"biloxi","orientation":"unverified"}},{"type":"Feature","geometry":{"type":"LineString","coordinates":[[-89.1657620496429,30.7043012108599],[-89.16744045243772,30.7030520167085],[-89.1677535765311,30.7030714065375],[-89.16808925005411,30.7028215633185],[-89.1687154969311,30.7028603384309],[-89.1697224999173,30.7021107962331]]},"properties":{"segment_id":"27168d66ed2fd7da4b872575","source_kmz":"biloxi","orientation":"unverified"}},{"type":"Feature","geometry":{"type":"LineString","coordinates":[[-89.1656133007417,30.7248592976527],[-89.1656358641175,30.7245900781651],[-89.1659716325413,30.7243402525431],[-89.1660167564956,30.7238018126869],[-89.1663525205143,30.7235519854997],[-89.1663750810928,30.7232827651311],[-89.167046600618,30.72278310689291],[-89.167673000027,30.7228218863047],[-89.1680087549527,30.7225720535797],[-89.16832195400201,30.7225914410123],[-89.1689934559359,30.7220917702325],[-89.1690160074075,30.7218225485094],[-89.1693517541185,30.7215727111877],[-89.1694645033698,30.7202265992071],[-89.1691738635471,30.7199379921079],[-89.1691964138296,30.7196687691447],[-89.16890577693862,30.7193801610066],[-89.1689734295288,30.7185724908808],[-89.16781091303741,30.7174180477347],[-89.1678334671159,30.7171488236413],[-89.1675428440047,30.7168602104104],[-89.1675653988126,30.7165909860599],[-89.1672747786329,30.7163023717899],[-89.1673649998901,30.7152254724288],[-89.1677007245383,30.71497563669981],[-89.1677232783057,30.7147064112636],[-89.1662702286704,30.7132633269721],[-89.166292786679,30.7129941008703],[-89.1660021837896,30.7127054810989],[-89.1660247425274,30.7124362547399],[-89.1663604598126,30.7121864216341],[-89.16663113896772,30.7089556907227],[-89.1669668400975,30.7087058539685],[-89.1669893945523,30.7084366251754],[-89.168332173841,30.7074372658334],[-89.1683547234468,30.7071680360519],[-89.1686904119615,30.706918193135],[-89.1688256994257,30.705302809936],[-89.1691613788374,30.7050529646201],[-89.169183925053,30.7047837333351],[-89.1695196012369,30.7045338866616],[-89.1697224999173,30.7021107962331]]},"properties":{"segment_id":"ca4152d5c3fca52263e4f475","source_kmz":"biloxi","orientation":"unverified"}},{"type":"Feature","geometry":{"type":"LineString","coordinates":[[-89.0006663517824,30.7134382853973],[-89.00129259961172,30.7134780082021],[-89.0053271617808,30.7104859494675],[-89.00535024932582,30.7102167550418],[-89.0056864483231,30.7099674091179],[-89.0057557065109,30.7091598242794],[-89.0060918999217,30.70891047657471],[-89.0061380689301,30.708372085486],[-89.0064742579328,30.7081227362102],[-89.00618423733,30.70783369377561],[-89.0062304051214,30.7072953014435],[-89.0079113060545,30.7060485393529],[-89.0079805389307,30.7052409465431],[-89.0093252086082,30.704243513623],[-89.0096382993145,30.7042633513212],[-89.0096844423298,30.7037249535509],[-89.0106929133553,30.7029768626837],[-89.0107390486953,30.7024384630329],[-89.0114113477424,30.7019397291907],[-89.0114344128288,30.70167052871251],[-89.0121067013136,30.7011717898441],[-89.0121297638924,30.7009025887908],[-89.01246590387962,30.70065321741931],[-89.0124889651287,30.7003840160008],[-89.0134973692474,30.699635894347],[-89.01320735392422,30.6993468652404],[-89.0135071017667,30.6958472231426],[-89.0138432167566,30.6955978449593],[-89.0138893271754,30.6950594357289],[-89.0135993267071,30.6947704048986],[-89.0136223825625,30.6945011999484],[-89.0142945987152,30.6940024403318],[-89.0144329165273,30.6923872048439]]},"properties":{"segment_id":"991813ecec297b6e8ed44d0c","source_kmz":"biloxi","orientation":"unverified"}},{"type":"Feature","geometry":{"type":"LineString","coordinates":[[-89.06854328904022,30.733419722877],[-89.068252959034,30.7331308585267],[-89.0679397434974,30.7331111880474],[-89.0673590920011,30.7325334548728],[-89.0664194533623,30.7324744331019],[-89.0661291342275,30.7321855626093],[-89.0651895004799,30.7321265303439],[-89.06485339198241,30.7323760457235],[-89.0639137569656,30.7323170026402],[-89.0635776437871,30.7325665140434],[-89.0626380075014,30.73250746014221],[-89.062301889642,30.7327569675689],[-89.06073582780681,30.7326585219303],[-89.059574641379,30.7315029751004],[-89.0595975560819,30.7312337811294],[-89.0590169769402,30.7306560019017],[-89.0583905694501,30.7306166075289],[-89.0581002853149,30.7303277148442],[-89.0577870829742,30.7303080154918],[-89.0574968020702,30.730019121038],[-89.05311200165612,30.7297432251887],[-89.0527758660743,30.7299927050866],[-89.0524626663029,30.7299729906384],[-89.0521265277923,30.7302224684434],[-89.0518133272965,30.7302027521653],[-89.0515230678957,30.7299138419659],[-89.051209868729,30.7298941239657],[-89.0502014365316,30.7306425426245],[-89.0501784910275,30.7309117349769],[-89.04861247919801,30.7308131172569],[-89.04745149052621,30.7296574387018],[-89.0474744446652,30.7293882462155],[-89.0471612484915,30.7293685167256],[-89.0460003008855,30.7282128194715],[-89.0456871095749,30.72819308575791],[-89.04481642396301,30.7273263004985],[-89.0441900488635,30.7272868254039],[-89.0430291728819,30.7261310919643],[-89.0427159902709,30.7261113497494],[-89.0424257775862,30.7258224132183],[-89.0417534713669,30.7263213109423],[-89.0411271054544,30.726281818413],[-89.0405466921673,30.7257039362791],[-89.04023351179411,30.7256841870148],[-89.0399433094081,30.7253952437115],[-89.0396301303643,30.72537549272541],[-89.0393399312093,30.7250865476535],[-89.039026753495,30.7250667949456],[-89.0384463636999,30.7244889003293],[-89.0381331884929,30.7244691450658],[-89.0378429978528,30.72418019552151],[-89.0375298239753,30.7241604385362],[-89.0369494512099,30.7235825349754],[-89.0366362798399,30.7235627754345],[-89.03634609771451,30.72327382141791],[-89.0360329276739,30.7232540601553],[-89.0348722244132,30.7220982314053],[-89.0345590592361,30.72207846591961],[-89.0328180729975,30.7203446897462],[-89.0325049150397,30.7203249183699],[-89.0322147590292,30.7200359515686],[-89.0315884459241,30.7199964044848],[-89.03071799727661,30.7191294934695],[-89.0291522348366,30.7190305977163],[-89.0285719577813,30.7184526440279],[-89.0282588081042,30.7184328605462],[-89.0276785416151,30.7178549014513],[-89.0273653944457,30.7178351154143],[-89.027075265458,30.7175461336309],[-89.0267621196182,30.7175263458725],[-89.0261818701565,30.716948377834],[-89.0262048908103,30.7166791826721],[-89.0256246513078,30.71610121069221],[-89.025647673559,30.7158320151729],[-89.024197115093,30.714387068359],[-89.0238839820589,30.7143672723179],[-89.0235938777009,30.7140782793171],[-89.0236169060734,30.7138090830899],[-89.0233268046421,30.7135200890532],[-89.0233498337372,30.7132508925696],[-89.0227696387804,30.7126729014895],[-89.02329930630482,30.7064813348343],[-89.0236354351511,30.7062319323869],[-89.02365846117532,30.7059627317623],[-89.0239945867919,30.7057133279538],[-89.0240176114867,30.7054441269642],[-89.0234374672399,30.7048661300128],[-89.0234835196712,30.7043277271621],[-89.0229033871289,30.7037497260659],[-89.0232395059469,30.7035003234062],[-89.02294944245,30.703211322188],[-89.0229954971642,30.702672917688],[-89.0227054374675,30.7023839153322],[-89.0227745210233,30.7015763071121],[-89.0224844660008,30.7012873035173],[-89.0225535508134,30.70047969359331],[-89.0193631098182,30.6973005889996],[-89.0190500434295,30.697280778562],[-89.0175999309257,30.6958356894551],[-89.0172868705765,30.6958158739624],[-89.0164168312238,30.694948806779],[-89.0161037745589,30.6949289878983],[-89.0161498697071,30.6943905769754],[-89.0152107067777,30.6943311153328],[-89.015233757201,30.6940619098004],[-89.0149437555176,30.6937728818979],[-89.0149898576562,30.6932344701633],[-89.0146998597716,30.692945441123],[-89.01472291148681,30.6926762349206],[-89.0144329165273,30.6923872048439]]},"properties":{"segment_id":"682b3e8cf9e0335f79640c4e","source_kmz":"biloxi","orientation":"unverified"}},{"type":"Feature","geometry":{"type":"LineString","coordinates":[[-89.2557057794582,30.7166003845869],[-89.2551239185766,30.7160236187955],[-89.2548107242372,30.7160044770127],[-89.2549443239121,30.7143890195651],[-89.2526170141761,30.7120819072538],[-89.2523038355344,30.7120627582119],[-89.2520129322329,30.7117743641149],[-89.2513865777374,30.7117360616955],[-89.2505138871967,30.71087086876061],[-89.2473821587404,30.710679278313],[-89.2465095218927,30.709814051865],[-89.2461963533761,30.7097948854294],[-89.2459054797077,30.7095064739012],[-89.2452791454626,30.7094681366947],[-89.2449882761951,30.7091797225572],[-89.2443619448854,30.7091413801274],[-89.244026478736,30.7093914516253],[-89.2424606486348,30.7092955753084],[-89.2421251760332,30.7095456409559],[-89.2399330139082,30.7094113702323],[-89.2395975330952,30.7096614281482],[-89.2389712006236,30.7096230552112],[-89.2386357159977,30.7098731100981],[-89.2380093823552,30.7098347317281],[-89.2376738939166,30.7100847835858],[-89.2373607264363,30.7100655921282],[-89.2364882022722,30.709200285468],[-89.2355487112792,30.7091426982479],[-89.2352578775197,30.7088542583118],[-89.2349447153235,30.7088350599603],[-89.2346092216106,30.7090851030357],[-89.2342960586821,30.7090659028557],[-89.2340052296182,30.7087774595777],[-89.2336920680107,30.70875825767421],[-89.2334012421741,30.7084698126226],[-89.2334905831965,30.7073928420309],[-89.23290894471931,30.70681594829251],[-89.2329982904221,30.7057389743967],[-89.2327074777812,30.7054505257097],[-89.2327298147183,30.7051812817451],[-89.232148197355,30.7046043813514]]},"properties":{"segment_id":"6a2e1ddf61423555cb8fb003","source_kmz":"biloxi","orientation":"unverified"}},{"type":"Feature","geometry":{"type":"LineString","coordinates":[[-89.07778561283,30.6950274876888],[-89.07812152822122,30.6947779136427],[-89.0782129005415,30.6937010393298],[-89.0779226774656,30.6934121765417],[-89.0779683644734,30.692873738248],[-89.0776781451999,30.6925848743202],[-89.07774667720871,30.6917772154068],[-89.0780825793592,30.6915276397905],[-89.0781511064847,30.6907199788484],[-89.0784870030548,30.6904704014534],[-89.0785098439527,30.6902011806188],[-89.0798534050132,30.6892028586944],[-89.0798762410558,30.6889336368667],[-89.0802121250161,30.6886840532995],[-89.0802806287128,30.6878763862543]]},"properties":{"segment_id":"c11e980b3a76ec45c919f579","source_kmz":"biloxi","orientation":"unverified"}},{"type":"Feature","geometry":{"type":"LineString","coordinates":[[-89.0881022346394,30.7181376886693],[-89.0878118897893,30.7178488665258],[-89.0879031601847,30.7167720358512],[-89.087612820892,30.71648321236591],[-89.0876356389909,30.7162140042078],[-89.08705496831621,30.7156363542269],[-89.0871006075671,30.7150979370391],[-89.086810277061,30.714809110442],[-89.0869928350573,30.7126554346697],[-89.08732879479881,30.7124058417868],[-89.08746569991982,30.7107905771836],[-89.0871753834292,30.7105017489613],[-89.0872210190185,30.7099633259814],[-89.0875569669931,30.7097137310092],[-89.0876254157193,30.7089060947477],[-89.0879613581116,30.7086564979981],[-89.0880526162686,30.7075796466392],[-89.0877623091123,30.7072908180312],[-89.0878079390405,30.7067523912164],[-89.0875176356883,30.7064635614692],[-89.0875860820806,30.7056559197766],[-89.0879220112301,30.7054063214605],[-89.0879676390535,30.7048678924705],[-89.0886394864895,30.70436869155071],[-89.0886622978228,30.7040994764045],[-89.0889982172859,30.7038498740099],[-89.0890210272925,30.7035806584993],[-89.0893569435269,30.7033310547451],[-89.0893797522067,30.7030618388701],[-89.0890894564103,30.7027730110352],[-89.0891578841754,30.7019653621722],[-89.0894937933515,30.7017157571637],[-89.08951660112952,30.7014465403561],[-89.0883554512755,30.7002912209575],[-89.0880423567855,30.7002716060847],[-89.08775207562861,30.6999827730611],[-89.0877748886611,30.6997135556426],[-89.08748461043201,30.6994247215811],[-89.0875758645618,30.698347849945],[-89.086995321265,30.69777017819951],[-89.0870409509306,30.69723174104101],[-89.0858798959651,30.6960763855035],[-89.0852537406206,30.6960371405002],[-89.0849634843614,30.6957482976078],[-89.084650408091,30.6957286729405],[-89.0843601550599,30.69543982827801],[-89.0840470801162,30.695420201889],[-89.082886093215,30.6942648105437],[-89.0829317479975,30.6937263711544],[-89.0826415081525,30.6934375207744],[-89.0827099918247,30.6926298602178],[-89.0824197566577,30.692341008596],[-89.082465413438,30.691802567243],[-89.0818849527604,30.6912248607839],[-89.0819077826758,30.6909556396701],[-89.0810371096724,30.6900890726558],[-89.0810599420634,30.6898198510804],[-89.08076972270732,30.6895309934351],[-89.0808610542681,30.6884541051689],[-89.0802806287128,30.6878763862543]]},"properties":{"segment_id":"51dc49a2ddfeb851170af699","source_kmz":"biloxi","orientation":"unverified"}},{"type":"Feature","geometry":{"type":"LineString","coordinates":[[-88.9228569695939,30.6849254823079],[-88.9229503764761,30.6838487157119],[-88.9232867182739,30.6835996068332],[-88.9233801179795,30.6825228368989],[-88.9240527859936,30.6820246139953],[-88.9240761331778,30.6817554207002],[-88.9244124629309,30.6815063073079],[-88.9244358087825,30.681237113646],[-88.9247721353066,30.6809879988897],[-88.9248188241909,30.6804496106761],[-88.9251551463074,30.68020049434511],[-88.92520183221912,30.6796621050858],[-88.9258744655871,30.6791638681209],[-88.9258978059549,30.6788946728356],[-88.9265704287656,30.6783964308366],[-88.9266171043251,30.6778580389542],[-88.9269534102981,30.6776089158034],[-88.9269767466687,30.67733971941721],[-88.9266871165115,30.6770504499604],[-88.9267104535995,30.676781253317]]},"properties":{"segment_id":"925559367d85dfc90e54ba16","source_kmz":"biloxi","orientation":"unverified"}},{"type":"Feature","geometry":{"type":"LineString","coordinates":[[-88.9292684063385,30.705367201121],[-88.9293150795281,30.7048288383314],[-88.9290253436581,30.7045395915607],[-88.9291653647678,30.7029244988538],[-88.9288756361802,30.7026352505454],[-88.9289923205693,30.70128933517371],[-88.9293287157335,30.7010402169493],[-88.9293753860542,30.7005018492903],[-88.929085665313,30.700212600075],[-88.9291090011145,30.6999434159112],[-88.9294453903823,30.6996942966343],[-88.9294687248509,30.6994251121044],[-88.9298051108885,30.6991759914641],[-88.9299451073962,30.6975608797522],[-88.9309542319776,30.6968135071239],[-88.93107087381972,30.6954675732575],[-88.9314072386828,30.6952184456894],[-88.9314772184066,30.6944108828691],[-88.9318135776816,30.6941617535164],[-88.9319768500723,30.69227743334361],[-88.932649545964,30.69177916823091],[-88.9327428316608,30.6907024087344],[-88.93216343787101,30.6901239152276],[-88.93223340576051,30.6893163433632],[-88.9319437145563,30.6890270949063],[-88.9320603289907,30.68768113817711],[-88.9317706441951,30.6873918882813],[-88.93198054834221,30.6849691554394],[-88.93169087344091,30.6846799037003],[-88.9317141962273,30.6844107102817],[-88.9314245242478,30.6841214575077],[-88.9314711711027,30.6835830700006],[-88.93060217269462,30.6827153054695],[-88.930625498506,30.6824461111786],[-88.9303358373418,30.6821568543663],[-88.930359163871,30.6818876598184],[-88.92949019529351,30.6810198834756],[-88.9295135242832,30.68075068846821],[-88.92922387306231,30.6804614277187],[-88.9292705323235,30.6799230370335],[-88.9289808848954,30.6796337751479],[-88.9290042151669,30.6793645794702],[-88.9287145706601,30.6790753165496],[-88.9287379016492,30.6788061206146],[-88.9281586205282,30.6782275917698],[-88.9281819531063,30.6779583954764],[-88.9276026819277,30.6773798626942],[-88.9272897142213,30.6773597914994],[-88.9267104535995,30.676781253317]]},"properties":{"segment_id":"b66569cdddc83497e7694469","source_kmz":"biloxi","orientation":"unverified"}},{"type":"Feature","geometry":{"type":"LineString","coordinates":[[-89.2462367092344,30.6941017995032],[-89.2459236009937,30.6940826316684],[-89.24563278421302,30.6937942099982],[-89.2415624057047,30.6935449364877],[-89.241226995012,30.6937950076006],[-89.24091388912221,30.6937758255598],[-89.2405784754973,30.6940258945842],[-89.23995226239991,30.6939875259583],[-89.2393706737183,30.6934106501388],[-89.2381182586746,30.6933338955493],[-89.2371119914204,30.6940840744127],[-89.2352333574398,30.6939688989662],[-89.2342270558849,30.694719050569],[-89.2336008404596,30.6946806460084],[-89.233310065044,30.6943921922717],[-89.2323707465301,30.6943345762657],[-89.231364414196,30.69508470123081],[-89.2307381973143,30.69504628047841],[-89.2304474307022,30.6947578194294],[-89.22919500339981,30.6946809639289],[-89.22890424353471,30.6943924986004],[-89.2282780331141,30.6943540638523],[-89.2279872776488,30.694065595915],[-89.2273610701645,30.6940271559448],[-89.227070319099,30.6937386853987],[-89.226444114551,30.6937002402065],[-89.22642176004261,30.6939694893306],[-89.22579555403131,30.6939310404819],[-89.2251246309399,30.6944310854432]]},"properties":{"segment_id":"054f7253e28a6963ec3dfe3e","source_kmz":"biloxi","orientation":"unverified"}},{"type":"Feature","geometry":{"type":"LineString","coordinates":[[-89.1942335319755,30.710120310816],[-89.1942559969717,30.7098510772617],[-89.1945916172944,30.7096011570851],[-89.1946140809678,30.7093319231675],[-89.19528531310432,30.708832078952],[-89.19533023530862,30.7082936098191],[-89.1950395465776,30.7080050635797],[-89.1950844699469,30.70746659362131],[-89.195420077941,30.7072166696909],[-89.195442538229,30.7069474342708],[-89.19577814299541,30.7066975089835],[-89.1958230607783,30.7061590372615],[-89.19615866114252,30.70590911040931],[-89.1962035759844,30.7053706376502],[-89.1956222152048,30.7047935453214],[-89.1957120501405,30.7037165971205],[-89.1945493672721,30.7025623995728],[-89.1945942908794,30.70202392372081],[-89.1943036270512,30.701735371785],[-89.1943260895112,30.7014661335236],[-89.1940354286143,30.7011775805477],[-89.194170205536,30.69956214710181],[-89.1945057838626,30.6993122218398],[-89.1945282449904,30.6990429821802],[-89.1948638200899,30.6987930555611],[-89.19495365842391,30.6977160945364],[-89.1943723609275,30.697138986446],[-89.1945745043304,30.6947158132028],[-89.1939932308528,30.6941386995148],[-89.1940156922474,30.693869457061],[-89.193434428736,30.6932923394171],[-89.19345689173892,30.6930230966025],[-89.19316626394,30.6927345362714],[-89.1931887276731,30.6924652931986],[-89.1928981028046,30.6921767318272],[-89.1929205672679,30.6919074884963],[-89.1926299453299,30.6916189260846],[-89.1926524105233,30.6913496824954],[-89.1923617915157,30.6910611190434],[-89.1920487076108,30.6910417984482],[-89.1911768664241,30.6901760999612],[-89.1913790873489,30.6877528974383],[-89.1907978859566,30.6871757585762],[-89.1898586804463,30.6871177803659],[-89.1898811535318,30.6868485348163],[-89.189590560314,30.6865599613713],[-89.1896355077967,30.68602146959981],[-89.1893449183868,30.68573289501151],[-89.1893673927839,30.6854636487896],[-89.18907680630392,30.6851750731608]]},"properties":{"segment_id":"de5033e22093179a878dbe3c","source_kmz":"biloxi","orientation":"unverified"}},{"type":"Feature","geometry":{"type":"LineString","coordinates":[[-89.0483804648386,30.6929077616474],[-89.0480903500404,30.6926188200509],[-89.047777294637,30.6925990907988],[-89.0463267573016,30.6911543646164],[-89.04601370793371,30.6911346303082],[-89.046082551645,30.6903269886376],[-89.045502358671,30.6897490893389],[-89.04487627125,30.6897096150487],[-89.0445402751879,30.6899590906596],[-89.04367000907972,30.6890922274984],[-89.0433569682522,30.6890724855793],[-89.0427768034566,30.6884945704608],[-89.04152465107381,30.6884155872394],[-89.04118865010102,30.6886650533318],[-89.0402495347794,30.6886058037712],[-89.0399135291325,30.6888552658875],[-89.0396004901203,30.6888355133172],[-89.0393104208194,30.6885465462221],[-89.0389973831354,30.6885267919306],[-89.0387073170627,30.6882378230666],[-89.0383942807069,30.6882180670539],[-89.0378141570688,30.6876401248527],[-89.03562292329342,30.6875017962409],[-89.035286908064,30.6877512448625],[-89.0349738743989,30.6877314791403],[-89.0332336110204,30.6859975856873],[-89.03292058456852,30.6859778140762],[-89.0323405155378,30.6853998404426],[-89.0320274915913,30.685380066277],[-89.0311574069584,30.6845130963115],[-89.0292792876455,30.6843944176755],[-89.0289892705982,30.6841054208155],[-89.02867625242,30.6840856371029],[-89.0283862386005,30.6837966384742],[-89.0284322465603,30.6832582099496],[-89.0269822169642,30.6818132017601],[-89.0266692080502,30.6817934122674],[-89.0263792094602,30.6815044069903],[-89.02640221948131,30.6812351919377],[-89.0261122238159,30.6809461856236],[-89.0261582451507,30.6804077548472],[-89.0258452418182,30.6803879629623],[-89.025555251128,30.68009895467601],[-89.0236772413778,30.6799801797282],[-89.02338725979992,30.6796911655061],[-89.0230742598825,30.6796713657418],[-89.02309728027261,30.6794021503489],[-89.0227842815321,30.6793823497512],[-89.0224943052324,30.6790933328254],[-89.0187383463009,30.6788556464278],[-89.0184483861755,30.6785666185663],[-89.0178223974982,30.6785269900751],[-89.01724248810702,30.6779489282133],[-89.01692949635,30.6779291109699],[-89.0151898244502,30.6761948979416],[-89.0145638555157,30.6761552507923],[-89.0142739197296,30.6758662103481],[-89.013960936667,30.675846384609],[-89.0136710041083,30.6755573423963],[-89.0130450407927,30.6755176865892],[-89.0115954205243,30.67407245316671],[-89.0112824449793,30.6740526197656],[-89.0109925282536,30.6737635694426],[-89.0103665799733,30.6737238983116],[-89.0100766676518,30.6734348453869]]},"properties":{"segment_id":"33457927c540f2e0709baaba","source_kmz":"biloxi","orientation":"unverified"}},{"type":"Feature","geometry":{"type":"LineString","coordinates":[[-89.1697224999173,30.7021107962331],[-89.1697450434723,30.7018415631866],[-89.1700807058541,30.7015917132805],[-89.1701032480857,30.7013224798703],[-89.17043890724,30.7010726286066],[-89.17046144814822,30.7008033948327],[-89.170797104075,30.7005535422114],[-89.1708421830961,30.7000150737808],[-89.17117783462072,30.6997652195935],[-89.1708872615231,30.6994766047286],[-89.1710224932397,30.6978611938427],[-89.1707319274612,30.6975725774262],[-89.1707544664385,30.6973033416322],[-89.1704639035901,30.697014724176],[-89.1704864432966,30.69674548812411],[-89.17019588337841,30.6964568696282],[-89.1702409641012,30.6959183968534],[-89.1705766006376,30.69566854236241],[-89.1705991396015,30.6953993055333],[-89.17093477291081,30.6951494496846],[-89.1709798480438,30.6946109751432],[-89.1706892939721,30.6943223566625],[-89.1707794459667,30.693245405304],[-89.1714506917387,30.6927456891218],[-89.1714732270169,30.6924764504765],[-89.1718088456499,30.6922265904531],[-89.1718539134117,30.691688112279],[-89.1721895276434,30.6914382506893],[-89.172212060127,30.6911690111604],[-89.1725476711321,30.690919148213],[-89.1726152641686,30.6901114280677],[-89.1732414157974,30.6901501785606],[-89.17391262109372,30.68965044420411],[-89.1741378775573,30.68695802837861],[-89.17384733954012,30.6866694136017],[-89.1738698652478,30.6864001710608],[-89.17357933016,30.68611155524391],[-89.1736243828852,30.6855730694898],[-89.1727527951983,30.6847072157984],[-89.1727753239708,30.6844379723799],[-89.172484799723,30.6841493525052],[-89.1725073292246,30.6838801088283],[-89.17192628863921,30.6833028660611],[-89.1719488197472,30.6830336220232],[-89.17261997450582,30.6825338881093],[-89.17268755989352,30.6817261538097],[-89.1730231306724,30.6814762845028],[-89.1730456576639,30.6812070392163]]},"properties":{"segment_id":"01bd384c95f3810491d23824","source_kmz":"biloxi","orientation":"unverified"}},{"type":"Feature","geometry":{"type":"LineString","coordinates":[[-88.86324247143,30.6791890054939],[-88.863266018066,30.6789198235119],[-88.8636025214101,30.6786708938001],[-88.8636967016841,30.6775941634655],[-88.8640331982593,30.6773452317538],[-88.8641038282972,30.6765376817293],[-88.8638144235376,30.6762482470345],[-88.8638379674431,30.6759790632799],[-88.8641744569396,30.6757301302996],[-88.8641979995103,30.6754609461773],[-88.8648709699955,30.6749630763315],[-88.8651839131325,30.6749833244342],[-88.8655203944314,30.6747343868376],[-88.86614627943132,30.6747748784959],[-88.8671557058137,30.6740280531265],[-88.86686629913342,30.6737386249109],[-88.8668898322665,30.6734694390969],[-88.86722630213902,30.6732204955187],[-88.867273365581,30.6726821229992],[-88.867609831045,30.672433177844],[-88.867633361354,30.67216399113841],[-88.868306283775,30.6716660969429],[-88.8683533392097,30.6711277222173],[-88.8707084866201,30.6693850532206],[-88.8707320058486,30.669115864143],[-88.87207775457,30.6681200270538],[-88.8730165112132,30.6681807083261],[-88.873063533623,30.6676423276784],[-88.874409229688,30.6666464591241],[-88.8750350571685,30.6666869011091],[-88.8763807134915,30.6656910065523],[-88.8770065346332,30.6657314374491],[-88.8773429418519,30.6654824590402],[-88.877366438113,30.6652132663575],[-88.87837564393782,30.6644663235731],[-88.8786340536859,30.6615051867646],[-88.8806523321949,30.66001125607921]]},"properties":{"segment_id":"3beea47f8f99e6a79815ca4e","source_kmz":"biloxi","orientation":"unverified"}},{"type":"Feature","geometry":{"type":"LineString","coordinates":[[-88.8987133233029,30.7055701358997],[-88.8980871863196,30.7055298313225],[-88.8969286874461,30.7043725129529],[-88.8969755731394,30.7038341627372],[-88.8966859552909,30.7035448306114],[-88.8967093987769,30.7032756551696],[-88.89641978385042,30.7029863220104],[-88.89610672574682,30.702966163561],[-88.8958171140513,30.7026768286364],[-88.895864006095,30.7021384769941],[-88.8952847923407,30.70155980394391],[-88.8949717399824,30.7015396422199],[-88.89499518854,30.7012704660193],[-88.8944159870911,30.7006917873714],[-88.8944394372361,30.700422610814],[-88.8951124290107,30.6999245826814],[-88.8948228316155,30.6996352433211],[-88.8948931766569,30.6988277111483],[-88.89402440461421,30.6979596865644],[-88.8930852903108,30.6978991875671],[-88.89250612628172,30.697320494852],[-88.8925530370643,30.6967821386164],[-88.8922634598674,30.6964927906582],[-88.8923807384736,30.6951468968404],[-88.8918015989393,30.6945681971187],[-88.8914885742235,30.6945480252354],[-88.8911990087119,30.69425867314281],[-88.8912224676071,30.6939894936651],[-88.8909329050168,30.6937001405388],[-88.8910971190508,30.6918158791276],[-88.8908075646056,30.6915265243636],[-88.8908310240058,30.691257343438],[-88.8899623755845,30.6903892732456],[-88.88998583744201,30.690120091862],[-88.88969629293952,30.6898307331645],[-88.8897901423065,30.6887540056684],[-88.88863199872772,30.6875965599362],[-88.8887258595503,30.68651982833361],[-88.8881468070258,30.6859410990631],[-88.888170273586,30.685671915571],[-88.8878807512694,30.6853825494354],[-88.887927685667,30.6848441817818],[-88.8876381671412,30.6845548145115],[-88.8878024387566,30.6826705221051],[-88.8849074271699,30.6797767910248],[-88.8845944608018,30.6797565989919],[-88.8846179372851,30.67948741278491],[-88.88430497209642,30.6794672199198],[-88.8843284494501,30.6791980336119],[-88.8840389636647,30.6789086535058],[-88.8840624417339,30.6786394669409],[-88.883749479929,30.6786192724667],[-88.8831705186067,30.6780405075892],[-88.8832644403978,30.6769637591821],[-88.8818170903631,30.6755168286412],[-88.8820049613262,30.6733633202949],[-88.8817155044284,30.6730739305797],[-88.8817859560977,30.6722663620702],[-88.8824587931564,30.6717683817823],[-88.88248227437832,30.6714991915441],[-88.8828186886543,30.6712501994581],[-88.8828656482755,30.6707118180901],[-88.88320205814371,30.6704628244276],[-88.8832255365431,30.670193633298],[-88.8835619431828,30.6699446382702],[-88.8837028032568,30.668329486943],[-88.8834133581719,30.66804009863621],[-88.8834368351797,30.6677709061003],[-88.8828579528973,30.6671921264848],[-88.8829283882128,30.6663845473329],[-88.8832647800838,30.66613555123021],[-88.8833586869568,30.6650587759937],[-88.8830692546693,30.66476938480911],[-88.8831866391315,30.6634234117405],[-88.8828972132424,30.6631340191167],[-88.8829206905409,30.6628648239327],[-88.8820524277763,30.6619966401582],[-88.8820759075297,30.6617274445143],[-88.8809182560063,30.6605698526779],[-88.8806053641452,30.6605496485357],[-88.8806523321949,30.66001125607921]]},"properties":{"segment_id":"7b14944ad12ca9718c94e9ad","source_kmz":"biloxi","orientation":"unverified"}},{"type":"Feature","geometry":{"type":"LineString","coordinates":[[-89.2872729173259,30.7193367032006],[-89.2873837203599,30.7179904657472],[-89.2870926721351,30.71770216753651],[-89.2871148331847,30.7174329194783],[-89.2874502004275,30.717182721416],[-89.2876496327426,30.7147594800547],[-89.2879849873733,30.7145092789812],[-89.28800714461602,30.7142400289591],[-89.2886778453691,30.7137396229557],[-89.2887000001197,30.7134703723643],[-89.2890353462422,30.7132201674345],[-89.2890796529594,30.7126816653724],[-89.290421007526,30.7116808325227],[-89.29044315597372,30.7114115804305],[-89.2914491468137,30.7106609431248],[-89.29147129159671,30.7103916902562],[-89.2918066165961,30.7101414753191],[-89.2912245469076,30.7095648918493],[-89.291357416075,30.7079493689019],[-89.29169273139972,30.7076991530405],[-89.2917148745774,30.7074298984659],[-89.29205018667561,30.70717968125],[-89.2920944702474,30.7066411712211],[-89.2924297779464,30.7063909524434],[-89.29249619869151,30.7055831856149],[-89.2928315008186,30.7053329650683],[-89.2928536396024,30.7050637089413],[-89.2931889385033,30.7048134870401],[-89.2932332132878,30.70427497390621],[-89.2935685077897,30.7040247504432],[-89.2935906437905,30.7037554934363],[-89.2932996243703,30.7034672030416],[-89.2933438976959,30.7029286883559],[-89.2946850399298,30.7019277834753],[-89.294729303291,30.70138926651081],[-89.2950645813707,30.7011390370078],[-89.29508671166,30.7008697780855],[-89.2960925300611,30.700119082071],[-89.296114656687,30.6998498223716],[-89.2977909737593,30.69859863836521],[-89.2978130943771,30.6983293774742],[-89.2981483504592,30.6980791370238],[-89.2982147079207,30.6972713527972],[-89.2979236952794,30.6969830706901],[-89.2983881792766,30.691328539796],[-89.299058628428,30.6908280469663],[-89.2990807427659,30.6905587814667],[-89.29941596309011,30.6903085331235],[-89.2995707511708,30.6884236688229],[-89.3019171785272,30.6866718881335],[-89.30198348947772,30.68586408246],[-89.3023186816588,30.6856138228643]]},"properties":{"segment_id":"5dc3ad03d23d2cadcd6a80b2","source_kmz":"biloxi","orientation":"unverified"}},{"type":"Feature","geometry":{"type":"LineString","coordinates":[[-89.311322253808,30.6986079367687],[-89.3107401285834,30.698031442253],[-89.3108284388968,30.6969543861292],[-89.3087910899619,30.6949366228389],[-89.30883525658112,30.6943980923981],[-89.3076711094084,30.6932450633094],[-89.3067317519379,30.6931880792288],[-89.3058586736648,30.6923232900245],[-89.3055455583153,30.6923042910471],[-89.3055676516798,30.69203502507761],[-89.3041125725499,30.6905936862521],[-89.303799464233,30.6905746822589],[-89.303508455738,30.6902864108397],[-89.3031953487389,30.6902674051226],[-89.3020313399761,30.6891143067082],[-89.3023186816588,30.6856138228643]]},"properties":{"segment_id":"91bd040551f1b10478329f4b","source_kmz":"biloxi","orientation":"unverified"}},{"type":"Feature","geometry":{"type":"LineString","coordinates":[[-89.1098805829011,30.7100273870751],[-89.10990332582512,30.7097581707182],[-89.10961293369292,30.7094694008144],[-89.1097948787007,30.7073156635546],[-89.1095044956326,30.7070268919002],[-89.1095727251669,30.70621923755961],[-89.1087015961653,30.70535291606261],[-89.1087243416727,30.7050836973328],[-89.1084339703201,30.7047949215262],[-89.108502208572,30.7039872640991],[-89.107921477282,30.7034097090659],[-89.10798971944271,30.7026020496291],[-89.10769935950512,30.7023132704025],[-89.1077221074684,30.7020440501774],[-89.1074317504593,30.7017552699127],[-89.1074544991491,30.7014860494304],[-89.10687379304011,30.7009084858884],[-89.1068965433323,30.7006392650467],[-89.1066061942324,30.70035048176941],[-89.1053537987624,30.7002722237708],[-89.1044827778878,30.6994058583104],[-89.104733104905,30.6964444166596],[-89.1044427783547,30.6961556251786],[-89.1047786169589,30.6959059707016],[-89.10482412841301,30.6953675241215],[-89.10515996261341,30.6951178680763],[-89.1051827169397,30.6948486443439],[-89.1065260285189,30.693850007824],[-89.1065715273149,30.69331155822031],[-89.10724316609002,30.6928122322227],[-89.1074023906939,30.6909276507822],[-89.1083415811422,30.690986329344],[-89.1096847906379,30.6899876463981],[-89.1097075286301,30.689718418859],[-89.11004332469912,30.6894687450378],[-89.1100660613659,30.689199517134],[-89.1104018542077,30.68894984195361],[-89.110424589549,30.688680613685],[-89.1101342704675,30.6883918324886],[-89.1101570065351,30.6881226039622],[-89.1098666903811,30.6878338217271],[-89.1099121638189,30.6872953640029],[-89.1096218514686,30.687006580627],[-89.10980374623591,30.6848527426851],[-89.1101395220206,30.6846030660411],[-89.1102304611074,30.6835261424966],[-89.11190928575091,30.6822777378396],[-89.1125353484611,30.6823168329372],[-89.1138783642445,30.6813180809794],[-89.1157565349445,30.6814353223847],[-89.115779250558,30.6811660887995],[-89.1161149929444,30.6809163920792],[-89.116137707233,30.6806471581291],[-89.1164734463929,30.68039746004961],[-89.1161831353614,30.6801086897615],[-89.1165188721707,30.6798589912637],[-89.1165415848352,30.679589756637],[-89.1150900633292,30.6781458942943],[-89.1151127802238,30.6778766589997],[-89.1161199668046,30.6771275663268],[-89.116142680024,30.6768583302487],[-89.1164556915627,30.6768778664688],[-89.1174628535304,30.6761287599937],[-89.1175082704185,30.675590286008],[-89.1181796967747,30.6750908751036],[-89.1184927020323,30.6751104056246],[-89.1186743365967,30.6729564996722]]},"properties":{"segment_id":"ae6b4a31405d70751b2844a0","source_kmz":"biloxi","orientation":"unverified"}},{"type":"Feature","geometry":{"type":"LineString","coordinates":[[-89.1301667768929,30.712104118535],[-89.1301894535494,30.711834899172],[-89.1298989823429,30.7115461838144],[-89.12994433696161,30.7110077444188],[-89.1293180460887,30.7109687502898],[-89.1290275810408,30.7106800321229],[-89.1290502610558,30.710410812197],[-89.1275979709939,30.7089672068061],[-89.127620655244,30.7086979862155],[-89.1273302042669,30.708409262226],[-89.1273755740724,30.7078708203751],[-89.1270851269017,30.7075820952453],[-89.12722123799162,30.7059667653538],[-89.1278928545858,30.7054673270153],[-89.1280062646254,30.7041212124143],[-89.12771582855451,30.7038324866913],[-89.127806557403,30.702755591806],[-89.1281423517408,30.7025058697663],[-89.1283011132417,30.7006212962737],[-89.1293084592523,30.6998721188718],[-89.1293538112826,30.6993336666514],[-89.1287729657022,30.6987562156015],[-89.1287956432467,30.6984869890539],[-89.1273435695934,30.6970433445281],[-89.1274569769904,30.6956972069044],[-89.1268761706604,30.6951197415164],[-89.1268988534446,30.69485051332081],[-89.126318057076,30.694273043982],[-89.1260049765558,30.6942535364098],[-89.1260276619697,30.6939843079076],[-89.1257372689154,30.6936955708967],[-89.1257826410478,30.6931571132214],[-89.1249114794557,30.6922908959557],[-89.1249568562491,30.6917524370449],[-89.12408571838291,30.6908862107363],[-89.1241084091847,30.6906169807409],[-89.1229469242608,30.6894619988078],[-89.1229923124268,30.6889235375319],[-89.1224115857809,30.6883460405366],[-89.1225250623427,30.6869998836006],[-89.1216540009057,30.6861336295485],[-89.1213409526781,30.6861141084323],[-89.1210506041443,30.685825354374],[-89.121096002784,30.6852868897981],[-89.1208056580542,30.6849981345985],[-89.120896457044,30.6839212031692],[-89.1212321951142,30.6836714923339],[-89.1213002892606,30.6828637914997],[-89.12100995241651,30.6825750353789],[-89.1210553495187,30.6820365671727],[-89.1201843565515,30.6811702925758],[-89.1202524589685,30.6803625881767],[-89.1199621347104,30.6800738277971],[-89.1200302384096,30.6792661216887],[-89.11973991883102,30.6789773600652],[-89.1197626206411,30.6787081242817],[-89.1194723039897,30.678419361619],[-89.11915928582731,30.6783998340081],[-89.1192500991785,30.6773228891195],[-89.1189597892575,30.677034124276],[-89.1190051967877,30.6764956506918],[-89.1187148906697,30.6762068847066],[-89.1187830034713,30.675399172854],[-89.1190960100535,30.6754187016532],[-89.119254927511,30.6735340348347],[-89.1186743365967,30.6729564996722]]},"properties":{"segment_id":"0c5fa7755fc7d7a68abc98d2","source_kmz":"biloxi","orientation":"unverified"}},{"type":"Feature","geometry":{"type":"LineString","coordinates":[[-89.0242158614152,30.66999931116141],[-89.02390289840481,30.6699795133442],[-89.0233230066516,30.6694014730911],[-89.0233460233306,30.6691322518788],[-89.0230560814027,30.66884323024721],[-89.0230790988036,30.66857400877681],[-89.0224531843977,30.6685344056965],[-89.0221632477466,30.668245381361],[-89.0218502919477,30.6682255776564],[-89.0215603585233,30.6679365515522],[-89.0203085415507,30.6678573245269],[-89.0197286902651,30.6672792628462],[-89.0187898361881,30.6672198282598],[-89.0173402614985,30.6657746451914],[-89.0170273163262,30.6657548277215],[-89.0167374087147,30.66546578746871],[-89.016760445972,30.665196565417],[-89.016447503153,30.6651767462807],[-89.0158676981793,30.6645986610987],[-89.0152418177032,30.664559016831],[-89.01495192064442,30.6642699711706],[-89.0146389818106,30.6642501468725],[-89.0143490879783,30.6639610994437],[-89.014036150473,30.6639412734249],[-89.0140131045984,30.6642104956142],[-89.0127613519954,30.6641311824493],[-89.0124714652231,30.6638421300212],[-89.01090678376852,30.6637429644337],[-89.0102347957512,30.6642417349098],[-89.0089830463365,30.6641623789355],[-89.0086470457612,30.66441175867971],[-89.0080211702192,30.6643720734854],[-89.0076851658481,30.6646214501946],[-89.0068155603074,30.6637542510305]]},"properties":{"segment_id":"0b51c724e81adba7ff4c0f5e","source_kmz":"biloxi","orientation":"unverified"}},{"type":"Feature","geometry":{"type":"LineString","coordinates":[[-88.9267104535995,30.676781253317],[-88.9268038004147,30.6757044651828],[-88.9265141766634,30.6754151942861],[-88.9268504729,30.6751660701793],[-88.9268971447706,30.6746276745514],[-88.9275697263802,30.6741294220349],[-88.92766305884861,30.6730526272185],[-88.9279993418647,30.6728034983868],[-88.9280460048198,30.67226509962],[-88.9283822834292,30.6720159692133],[-88.9284522731741,30.67120836925911],[-88.9281626595187,30.6709190999704],[-88.928255980512,30.6698422974399],[-88.92926477837372,30.6690948970644],[-88.9295777149244,30.6691149630105],[-88.9296010402286,30.6688457612997],[-88.9306098134965,30.6680983470871],[-88.9306331351122,30.6678291445871],[-88.93096938759092,30.667580003999],[-88.931085987474,30.6662339881007],[-88.931422232012,30.6659848453045],[-88.9314455503496,30.6657156414452],[-88.93178179166,30.6654664972849],[-88.93180510866581,30.6651972930583],[-88.93382250642331,30.6637024026163],[-88.9338458162066,30.6634331969671],[-88.9341820408156,30.6631840443134],[-88.9342053492673,30.662914838297],[-88.9345415706489,30.6626656842792],[-88.9346114915488,30.66185806465891],[-88.9352839210961,30.66135975189791],[-88.9353771373895,30.6602829218606],[-88.9357133443774,30.6600337629063],[-88.93573664688911,30.6597645547951],[-88.9360728506499,30.6595153944766],[-88.93616605445031,30.6584385596239],[-88.9365022514503,30.6581893973081],[-88.93652555083891,30.6579201879929],[-88.9368617446119,30.6576710243129],[-88.9369782333641,30.6563249743357],[-88.9389953176391,30.6548299617091],[-88.939111767222,30.6534839014878],[-88.9394479348747,30.6532347276254],[-88.9394712231534,30.6529655149007],[-88.9408158685658,30.6519688070767],[-88.9408391519805,30.6516995933508],[-88.9411753070341,30.6514504133012],[-88.9412218710483,30.6509119849578]]},"properties":{"segment_id":"deca08c9947d63488830372f","source_kmz":"biloxi","orientation":"unverified"}},{"type":"Feature","geometry":{"type":"LineString","coordinates":[[-88.9460631713627,30.69317913293961],[-88.9457734175211,30.6928899230671],[-88.94579669626421,30.6926207312821],[-88.9455069453454,30.6923315203747],[-88.9458432532902,30.6920823472448],[-88.94588980970282,30.6915439625844],[-88.9465624147253,30.6910456120243],[-88.9466555162808,30.6899688391501],[-88.94696853702112,30.6899888549618],[-88.9473048308696,30.6897396761684],[-88.9473746488145,30.6889320940811],[-88.9480472232879,30.6884337317732],[-88.9480704932724,30.6881645370114],[-88.9484067762546,30.6879153539178],[-88.9484300449072,30.6876461587896],[-88.9487663246604,30.6873969743328],[-88.9487895919812,30.6871277788383],[-88.9491258685052,30.6868785930182],[-88.9491491344942,30.6866093971573],[-88.9494854077893,30.68636020997401],[-88.9495086724465,30.6860910137466],[-88.9498449425125,30.6858418252001],[-88.9499845201671,30.6842266432992],[-88.9496947841876,30.6839374383161],[-88.9497413105904,30.6833990428995],[-88.9494515784052,30.6831098367799],[-88.9494981059389,30.6825714405372],[-88.9492083775478,30.6822822332811],[-88.9492316419568,30.6820130348245],[-88.9489419164878,30.68172382653311],[-88.94896518161542,30.6814546278194],[-88.9486754590686,30.6811654184927],[-88.9487452561474,30.6803578211118],[-88.9490815049546,30.6801086319112],[-88.9491978244628,30.6787626321036],[-88.9495108029114,30.6787826411811],[-88.949557327592,30.6782442400568],[-88.9489779031161,30.6776658197034],[-88.9490011669702,30.6773966187045],[-88.9487114586791,30.6771074070253],[-88.94873472325172,30.676838205769],[-88.9484450178825,30.6765489930544],[-88.9485380781277,30.6754721860635],[-88.9470895994652,30.6740261064511],[-88.9471128685019,30.6737569038063],[-88.9459541259561,30.6726000228969],[-88.9459773983261,30.6723308196903],[-88.94568771868572,30.6720415970262],[-88.945710991774,30.671772393562],[-88.9451316403857,30.6711939452288],[-88.9451549150639,30.6709247414056],[-88.9445755736175,30.670346289133],[-88.9446919534246,30.6690002666599],[-88.9450281678721,30.6687510838912],[-88.9450747163657,30.6682126733871],[-88.9454109264076,30.6679634890438],[-88.9454807444643,30.6671558714836],[-88.9458169489225,30.6669066853548],[-88.9458402201236,30.6666374789781],[-88.9468488176673,30.6658899130421],[-88.9469418868034,30.6648130834425],[-88.9482866359896,30.66381630934711],[-88.9483098981789,30.663547100713],[-88.9486460791742,30.6632979040962],[-88.948762381934,30.6619518575268],[-88.9484727292153,30.6616626358983],[-88.9484959901791,30.66139342601401],[-88.94820634038102,30.6611042033495],[-88.9482296020632,30.6608349932072],[-88.9479399551857,30.6605457695068],[-88.947963217586,30.6602765591064],[-88.9476735736292,30.6599873343701],[-88.9477200997131,30.65944891289711],[-88.9474304595481,30.6591596870231],[-88.94745372323162,30.6588904759503],[-88.9445574429935,30.6559981648073],[-88.94460398732672,30.6554597401582],[-88.9440247593517,30.6548812663112],[-88.9440480330308,30.6546120535485],[-88.9431792090484,30.6537443354655],[-88.9425534470811,30.6537042784586],[-88.9425767252693,30.6534350653435],[-88.9422871245992,30.6531458223471],[-88.9423104035053,30.6528766089738],[-88.9417312100537,30.6522981199746],[-88.9417777708902,30.6517596923513],[-88.9414881789797,30.65147044624671],[-88.9415114600391,30.6512012320985],[-88.9412218710483,30.6509119849578]]},"properties":{"segment_id":"262b2d677ee4d67f00da0f2d","source_kmz":"biloxi","orientation":"unverified"}},{"type":"Feature","geometry":{"type":"LineString","coordinates":[[-89.0278606084096,30.6604853774648],[-89.0266088994165,30.6604062206008],[-89.0263189768988,30.6601172022664],[-89.0247543499478,30.6600182320551],[-89.0241745228247,30.659440184247],[-89.02292283340242,30.6593609854399],[-89.0226329276207,30.6590719567996],[-89.0223200068204,30.6590521540463],[-89.02203010426472,30.6587631236373],[-89.0217171847924,30.6587433191634],[-89.021381245329,30.6589927404623],[-89.021068325135,30.6589729341598],[-89.0201986377332,30.6581058301277],[-89.01988572122,30.658086020438],[-89.0195958306949,30.6577969830566],[-89.0180312562857,30.657697917133],[-89.01774137369212,30.6574088746501],[-89.01742846044161,30.6573890579702],[-89.01713858107391,30.6571000137188],[-89.0168256691515,30.6570801953184],[-89.0159560468743,30.6562130544521],[-89.01439150718441,30.6561139366436],[-89.0141016430729,30.6558248836516],[-89.01378873676651,30.6558050565948],[-89.0132090170446,30.6552269461384],[-89.0122703060947,30.6551674546458],[-89.0122933551588,30.6548982277331],[-89.0117136524386,30.6543201083321],[-89.01140075246971,30.6543002744479],[-89.01111090536,30.6540112125112],[-89.0107980067193,30.6539913769066],[-89.0105081628353,30.6537023132015],[-89.0098823683624,30.6536626376643],[-89.0095925288804,30.6533735713577],[-89.0077151561646,30.6532545184536],[-89.00737919654432,30.6535039000255],[-89.0070663007505,30.653484053828],[-89.0067303382083,30.6537334333066],[-89.0064174416936,30.6537135852805]]},"properties":{"segment_id":"7759b54b56f91a10d37b166d","source_kmz":"biloxi","orientation":"unverified"}},{"type":"Feature","geometry":{"type":"LineString","coordinates":[[-89.3023186816588,30.6856138228643],[-89.3023849877826,30.6848060151692],[-89.3018030239013,30.6842294570137],[-89.301489940502,30.6842104462247],[-89.3015341494316,30.6836719066735],[-89.3012431735031,30.6833836251436],[-89.3013094884472,30.6825758143397],[-89.3010185172131,30.6822875315597],[-89.3011511484524,30.6806719051308],[-89.3014863218898,30.6804216453522],[-89.3016410435063,30.6785367393205],[-89.3010591295075,30.6779601697125],[-89.3004330112257,30.6779221425342],[-89.3001420596482,30.67763385464921],[-89.3001641668476,30.6773645815295],[-89.2995380535442,30.6773265492323],[-89.2983742806529,30.6761733811965],[-89.2985069542338,30.674557737345],[-89.2976341619599,30.673692849587],[-89.2976562763545,30.6734235747558],[-89.29799143077172,30.6731733217962],[-89.2980135438489,30.6729040466015],[-89.2959771106482,30.6708859459555],[-89.2956640797077,30.6708669181298],[-89.2957083198009,30.6703283659247],[-89.295126506075,30.669751755198],[-89.2951486276634,30.6694824786543],[-89.2945668239052,30.6689058639619],[-89.29458894710821,30.6686365870549],[-89.2942759251038,30.6686175552065],[-89.2936941336563,30.668040934877],[-89.2937162594997,30.6677716576586],[-89.2934253677336,30.6674833459808],[-89.2934474943114,30.6672140685027],[-89.2931566054771,30.6669257557816],[-89.2931787327892,30.6666564780438],[-89.2925969630358,30.6660798495754],[-89.2926190919622,30.6658105714742],[-89.2923282110431,30.6655222557268],[-89.2923503407037,30.6652529773659],[-89.2920594627162,30.6649646605752],[-89.2921258534635,30.6641568242458],[-89.291544108923,30.6635801872227],[-89.2916326349184,30.6625030691036],[-89.29076004405312,30.6616381052757],[-89.2907821778273,30.6613688250444],[-89.2904913191882,30.6610805017855],[-89.2901783270666,30.661061458026],[-89.2898874716504,30.6607731329918],[-89.2895744808461,30.6607540875091],[-89.2892836286528,30.6604657606998],[-89.28897063916581,30.6604467134939],[-89.2878072555915,30.6592933935189],[-89.287181286427,30.6592552897594],[-89.2868904480046,30.6589669557456],[-89.2865774648126,30.6589479016988],[-89.2854141363213,30.6577945529065]]},"properties":{"segment_id":"2f0a906a59f0f35df7aae1f5","source_kmz":"biloxi","orientation":"unverified"}},{"type":"Feature","geometry":{"type":"LineString","coordinates":[[-89.2839575027839,30.683144425041],[-89.28397966479191,30.6828751582569],[-89.2836887536194,30.6825868300257],[-89.2838438897481,30.680701957457],[-89.2841791162931,30.68045175019971],[-89.284201276841,30.6801824818598],[-89.2839103744702,30.6798941525938],[-89.2839325357521,30.67962488399481],[-89.2836416363137,30.6793365536861],[-89.283730283502,30.6782594773201],[-89.2834393896361,30.677971145658],[-89.28368316703921,30.6750091716718],[-89.2843535723701,30.6745087510445],[-89.2843757307322,30.6742394793325],[-89.2847109291477,30.6739892670897],[-89.2847995564484,30.6729121778536],[-89.28450867783931,30.6726238457908],[-89.284619463081,30.6712774802236],[-89.2843285909236,30.6709891467032],[-89.2843950629568,30.6701813251828],[-89.284104195491,30.669892990412],[-89.2841928263449,30.6688158924558],[-89.2836111046077,30.6682392192663],[-89.2836775814947,30.6674313935409],[-89.2833867263433,30.6671430552259],[-89.2837218986895,30.6668928422782],[-89.2838326891222,30.6655464613943],[-89.2835418401295,30.6652581223529],[-89.283563998658,30.6649888456048],[-89.2829823085868,30.66441216449631],[-89.2830044687288,30.6641428873847],[-89.2827136276503,30.6638545453176],[-89.2830903426875,30.6592768088019],[-89.2851011579612,30.6577754946298],[-89.2854141363213,30.6577945529065]]},"properties":{"segment_id":"c474a085b8c94da31978ccff","source_kmz":"biloxi","orientation":"unverified"}},{"type":"Feature","geometry":{"type":"LineString","coordinates":[[-89.1605503391739,30.6463307586824],[-89.16180196112,30.64640839994111],[-89.1621374202309,30.6461585452675]]},"properties":{"segment_id":"a68e67456745f158f58d1585","source_kmz":"biloxi","orientation":"unverified"}},{"type":"Feature","geometry":{"type":"LineString","coordinates":[[-88.9776810436955,30.7098125386909],[-88.9777042221361,30.7095433496743],[-88.9774142982821,30.70925423261931],[-88.97750701400992,30.7081774745947],[-88.9766372652365,30.7073101166138],[-88.9767068082868,30.7065025455545],[-88.9764168987518,30.7062134240564],[-88.9764400803361,30.7059442332913],[-88.9761501737258,30.7056551107581],[-88.9761733560305,30.7053859197365],[-88.9755935507109,30.7048076716656],[-88.9756399183543,30.704269288752],[-88.9753500205179,30.7039801631133],[-88.9754195734563,30.7031725872735],[-88.9757558347894,30.7029233287464],[-88.9757790176182,30.7026541362786],[-88.9754891250199,30.7023650100337],[-88.9756050412375,30.7010190448564],[-88.9753151550554,30.700729917172],[-88.9753847055719,30.6999223358954],[-88.9748049445994,30.69934407711751],[-88.9748744989786,30.698536493834],[-88.9745614386748,30.698516557425],[-88.9748628384318,30.6950170143847],[-88.9751990679049,30.6947677533226],[-88.9752454324506,30.6942293593302],[-88.9755816575161,30.6939800966953],[-88.9756975603166,30.6926341079385],[-88.9754077035498,30.6923449754522],[-88.9756858651677,30.6891145853356],[-88.9766944670563,30.68836678199081],[-88.9767871685724,30.6872899777771],[-88.9784681071446,30.686043611618],[-88.9785839511555,30.68469759758741],[-88.9789201268283,30.6844483198472],[-88.9789432939947,30.6841791163632],[-88.9796156368327,30.6836805570056],[-88.9796388014907,30.6834113529451],[-88.979974968656,30.68316207132751],[-88.9800444581811,30.6823544575797],[-88.9797546224921,30.6820653303042],[-88.9798704396789,30.6807193037656],[-88.9795806104036,30.68043017504821],[-88.9796037742558,30.6801609691712],[-88.980276080014,30.6796624016193],[-88.9802992413582,30.6793931951656],[-88.98063538998392,30.6791439094509],[-88.9808901417466,30.6761826258523],[-88.9815624069387,30.6756840463372],[-88.9817244956005,30.6737995803638],[-88.98143468430142,30.6735104523376],[-88.9821069241969,30.67301186673],[-88.9821995370041,30.6719350235076],[-88.9825356491669,30.6716857281335],[-88.9826051036387,30.6708780934464],[-88.9832773147496,30.6703794979785],[-88.9833236122587,30.6698410732313],[-88.9836597123845,30.669591773348],[-88.98375230086371,30.6685149211382],[-88.9840883942302,30.6682656192605],[-88.9841115397915,30.66799640560721],[-88.9844476299308,30.6677471023668],[-88.9845402059426,30.66667024535],[-88.9855484499345,30.6659223261888],[-88.9855715900246,30.6656531109126],[-88.9859076660785,30.6654038020105],[-88.9860002202061,30.6643269385014],[-88.985130847831,30.6634595681178],[-88.9852002696782,30.662651917929],[-88.9849104856028,30.6623627922925],[-88.9852465501477,30.6621134836886],[-88.9852696901539,30.661844266334],[-88.9856057514722,30.6615949563672],[-88.9859528156228,30.6575566741362],[-88.9862888572358,30.6573073598576],[-88.98631199244991,30.65703813958101],[-88.9883281920316,30.6555422284474],[-88.9883513200318,30.65527300675051],[-88.9890233678116,30.6547743600665],[-88.9890464933057,30.6545051377919],[-88.990390559568,30.6535078297544],[-88.9904368006849,30.6529693830505],[-88.9907728097741,30.6527200527391],[-88.9907959289274,30.6524508289418],[-88.9911319347908,30.65220149726761],[-88.99136310618391,30.6495092485841],[-88.9916990982312,30.6492599136504],[-88.99172221335671,30.6489906877108],[-88.9920582021784,30.6487413514141],[-88.9920813159751,30.6484721251074],[-88.99275328511871,30.6479734486358],[-88.9929381711876,30.6458196291756],[-88.9926253083032,30.6457997417477],[-88.9926946411414,30.6449920570305],[-88.9930306105701,30.6447427156892],[-88.9930768293484,30.6442042580067],[-88.99341279437552,30.64395491509161],[-88.9934359023599,30.64368568580471],[-88.9937718641619,30.6434363415266],[-88.993841183673,30.6426286520941],[-88.99355144,30.6423395370219],[-88.9937131863063,30.6404549221494],[-88.9934234507867,30.6401658054255],[-88.9934696643921,30.6396273424191],[-88.9944774933312,30.6388792994639],[-88.9946161093229,30.6372639028894],[-88.9943263819157,30.63697478660241],[-88.9943494849207,30.6367055531892],[-88.9940597604338,30.6364164358645],[-88.9941290711523,30.6356087343775],[-88.9935496335554,30.6350304963075],[-88.9936420526933,30.6339535579779],[-88.9933523404551,30.6336644371301]]},"properties":{"segment_id":"8f7567d6c8260857bc2111d7","source_kmz":"biloxi","orientation":"unverified"}},{"type":"Feature","geometry":{"type":"LineString","coordinates":[[-88.9131055733741,30.6558758101368],[-88.9131523247395,30.6553373986333],[-88.9134885791065,30.6550883047578],[-88.91351195338011,30.6548190985601],[-88.9138482045202,30.6545700033199],[-88.9139416953626,30.65349317611871],[-88.9136521957897,30.6532038580877],[-88.9136755689859,30.6529346507947],[-88.913386072332,30.6526453317282],[-88.9134795670596,30.6515685005846],[-88.9131900759356,30.6512791801778],[-88.9132134501031,30.651009971899],[-88.9126344757414,30.6504313280807],[-88.9126578514957,30.6501621194421],[-88.9120788870684,30.649583471685],[-88.9121022644093,30.6493142626865],[-88.9115233099162,30.6487356109906],[-88.9115466888437,30.6484664016323],[-88.91125721554,30.6481770742818],[-88.9114208698143,30.6462926036773],[-88.9108419415346,30.645713944751],[-88.9108653218413,30.6454447338348],[-88.9102864034946,30.6448660709696],[-88.9103097853877,30.64459685969331],[-88.9100203301568,30.64430752675811],[-88.9101372416636,30.6429614675181],[-88.9092689013109,30.6420934615826],[-88.9093624381862,30.6410166101492],[-88.908783561818,30.6404379340416],[-88.908806947392,30.6401687205879],[-88.9082280809555,30.63959004054101],[-88.9082748551216,30.6390516127561],[-88.9079854267151,30.63876227112801],[-88.9080088144371,30.6384930568987],[-88.9071405441145,30.6376250261054],[-88.9073042721258,30.6357405199713],[-88.90701485886962,30.6354511737925],[-88.90706163865542,30.6349127418536],[-88.9064828217654,30.6343340462865],[-88.9068804546516,30.6297573460102],[-88.9072166229612,30.6295082578907],[-88.9074037195023,30.62735449920091],[-88.908076031138,30.6268563161121],[-88.9081695662936,30.625779431306],[-88.90848233195,30.6257995588326],[-88.9085057143305,30.6255303371838],[-88.90917800426271,30.6250321454785],[-88.90949076731,30.6250522701798],[-88.909677793786,30.6228984875091],[-88.9093884175677,30.6226091397612],[-88.9094117960545,30.62233991611871],[-88.9104201802768,30.6215926135527],[-88.9104669297245,30.6210541645251],[-88.9101775572389,30.620764817726],[-88.9102243078104,30.6202263678659],[-88.909934939111,30.6199370199281],[-88.90995831503561,30.6196677946602],[-88.9096689492527,30.619378445686],[-88.909692325893,30.6191092201589]]},"properties":{"segment_id":"a0790b59a94fede0a7f3fa18","source_kmz":"biloxi","orientation":"unverified"}},{"type":"Feature","geometry":{"type":"LineString","coordinates":[[-89.0414131513073,30.6380626255853],[-89.0397341586118,30.6393100740246],[-89.0381699135014,30.6392112895419],[-89.0374982933503,30.6397102514463],[-89.0365597428589,30.6396509644645],[-89.0359799766959,30.63907295400571],[-89.0360029431733,30.6388037130866],[-89.0351333119132,30.6379366900712],[-89.0351562808587,30.6376674486875],[-89.0348664087423,30.6373784390412],[-89.0345535679828,30.6373586700481],[-89.03426369909052,30.6370696586327],[-89.0323866647629,30.636951021045],[-89.0318069472304,30.6363729854082],[-89.0314941110564,30.6363532077055],[-89.0312042565385,30.6360641876502],[-89.0299529180576,30.6359850646358],[-89.0296630702904,30.6356960403119],[-89.029350237224,30.6356762565074],[-89.0290144157858,30.6359257130603],[-89.0261989171442,30.63574761042941],[-89.0244599459105,30.6340133904633],[-89.0235214702498,30.6339539919558],[-89.0228498039148,30.6344528702548],[-89.0225369772521,30.6344330670958],[-89.021957347178,30.6338549767012],[-89.0216445230181,30.63383517098911],[-89.0213547122292,30.6335461235551],[-89.0210418893964,30.6335263161227],[-89.0207520818315,30.6332372669199],[-89.0204392603259,30.6332174577675],[-89.01928005525161,30.6320612482666],[-89.01896723860021,30.6320414348949],[-89.01693871680541,30.6300180264118],[-89.0163131004164,30.6299783853449],[-89.0156414227647,30.6304772239505],[-89.0147029940837,30.6304177500506],[-89.0141234478308,30.6298396136687],[-89.0131850275687,30.6297801267874],[-89.0126054965622,30.6292019816649],[-89.0119798885152,30.629162315977],[-89.0116440408515,30.6294117231019],[-89.0097672151177,30.6292926991025],[-89.009744164954,30.6295619399205],[-89.0091185555419,30.62952225804951],[-89.00882880429921,30.62923317512781],[-89.00444957187521,30.6289552910221],[-89.0038701084561,30.6283770990507],[-89.0032445109567,30.6283373837973],[-89.0032675821687,30.6280681436456],[-89.001818975578,30.6266226385032],[-89.0015061839592,30.6266027754359],[-89.0009267580096,30.6260245651645],[-89.0009498361978,30.6257553241914],[-89.0006370481065,30.6257354586256],[-89.0003473402511,30.6254463511511],[-88.9981578360968,30.6253072615246],[-88.9967093686901,30.6238616809712],[-88.9968017336124,30.6227847147786],[-88.9965120497614,30.62249559545061],[-88.9965351414838,30.6222263534074],[-88.9953764300425,30.6210698663294],[-88.9954688093602,30.6199928949433]]},"properties":{"segment_id":"6a0bc5758dd2c574f06124bf","source_kmz":"biloxi","orientation":"unverified"}},{"type":"Feature","geometry":{"type":"LineString","coordinates":[[-88.9995116833585,30.6205205153676],[-88.9970095457961,30.620361531665],[-88.9967198697911,30.6200724114122],[-88.9954688093602,30.6199928949433]]},"properties":{"segment_id":"18bb6bccb5fdc441c41d5fa4","source_kmz":"biloxi","orientation":"unverified"}},{"type":"Feature","geometry":{"type":"LineString","coordinates":[[-89.0802806287128,30.6878763862543],[-89.0799904190122,30.6875875253931],[-89.08001325415222,30.6873183026313],[-89.07972304737831,30.6870294407321],[-89.0797915545212,30.6862217712065],[-89.0792111523787,30.6856440439878],[-89.0793253366934,30.6842979239767],[-89.0796612032855,30.6840483396738],[-89.0797982124424,30.6824329892638],[-89.080469925361,30.6819338146926],[-89.08053842085292,30.6811261361278],[-89.0808742707077,30.6808765464877],[-89.0809199312651,30.6803380929132],[-89.081255776717,30.6800885017034],[-89.0815687922661,30.68010813662711],[-89.0819046347919,30.6798585433254],[-89.0819274614677,30.67958931583191],[-89.0822633007666,30.67933972117],[-89.0823546012628,30.6782628087994],[-89.0820644183649,30.6779739475977],[-89.0821328947836,30.6771662613766],[-89.0815525403911,30.6765885355515],[-89.0815753673134,30.6763193062949],[-89.0812851940685,30.6760304418759],[-89.0809493653792,30.6762800352871],[-89.0806591944858,30.67599116920031],[-89.0806820241836,30.6757219397928],[-89.08039185621611,30.6754330726677],[-89.0804146866385,30.6751638430021],[-89.0801245215968,30.6748749748386],[-89.0801701837405,30.6743365148351],[-89.0790095510804,30.6731810320013],[-89.0780705863025,30.6731221019658],[-89.0777804367914,30.6728332264155],[-89.0771544633765,30.6727939336199],[-89.0768643182676,30.6725050554658],[-89.0765513329615,30.672485406903],[-89.07621550438252,30.67273498777031],[-89.0759025183521,30.6727153373788],[-89.07561237794621,30.6724264558895],[-89.07529939324202,30.6724068037766],[-89.0741388568275,30.6712512651229],[-89.0741617066755,30.670982034401],[-89.073871578573,30.6706931472951],[-89.073917279567,30.6701546851789],[-89.0730469128107,30.6692880176306],[-89.073092618451,30.6687495542764],[-89.0728025020491,30.6684606630167],[-89.0728939150219,30.6673837340265],[-89.0732297317592,30.6671341604688],[-89.073321137621,30.6660572281426],[-89.0746643652568,30.665058919047],[-89.0747785956859,30.6637127459319],[-89.0751143915915,30.6634631647319],[-89.0751372360504,30.6631939294308],[-89.0754730287303,30.6629443468701],[-89.0755415576778,30.6621366394005],[-89.075877344781,30.6618870550595],[-89.0759458688481,30.66107934555521],[-89.076281650375,30.6608297594339],[-89.076441526372,30.6589450969891],[-89.07845612311772,30.6574475472802],[-89.0785246179901,30.6566398286835],[-89.0788603734139,30.6563902324078],[-89.0789060335599,30.6558517521424],[-89.0792417845834,30.65560215429611],[-89.0792874417775,30.655063672986],[-89.0796231884009,30.654814073569],[-89.0796688426432,30.654275591214],[-89.0793787543617,30.6539867084905],[-89.0800502361572,30.6534875068266],[-89.0803241312756,30.65025659329771],[-89.0797439806465,30.6496788255004],[-89.08007970376741,30.649429221885],[-89.0801253519973,30.64889073327731],[-89.08079678739051,30.648391521754],[-89.08084243031931,30.6478530316809],[-89.0815138528149,30.6473538147142],[-89.0815823090312,30.6465460771717],[-89.081292241409,30.6462571948034],[-89.0813150607217,30.6459879485402],[-89.0810249960232,30.6456990651325],[-89.0810934556828,30.644891325096],[-89.0821005475801,30.6441424909896],[-89.0821233636416,30.6438732433678],[-89.0824590556674,30.64362362948731],[-89.0824818704037,30.64335438149901],[-89.0828175592055,30.6431047662576],[-89.082863185878,30.64256626939151],[-89.0852129336677,30.6408189275373],[-89.08528134788041,30.6400111766535],[-89.0849912903699,30.6397223000494],[-89.0853269566048,30.6394726752817],[-89.0853497607418,30.639203424361],[-89.0856854237531,30.6389537982324],[-89.0857082265653,30.6386845469451],[-89.0860438863531,30.6384349194555],[-89.08606668784051,30.63816566780161],[-89.0854865824107,30.6375879155494],[-89.08550938549672,30.6373186635329],[-89.0861806930259,30.63681940718361],[-89.0862034936126,30.6365501545903],[-89.08653914312931,30.6363005244793],[-89.0874776912703,30.63635938707271],[-89.08781333611522,30.6361097529888],[-89.0879728980632,30.6342249763855],[-89.0893154240695,30.6332264226583],[-89.0902539389337,30.63328526203321],[-89.0905895626905,30.6330356179024],[-89.0902995111696,30.6327467510207],[-89.0903678683983,30.6319389833271],[-89.0900778215491,30.6316501151992],[-89.0901006078662,30.6313808588848],[-89.0907718386388,30.63088156841181],[-89.0910846681579,30.6309011783939],[-89.09166476570492,30.6314789093301],[-89.0919775977226,30.6314985167577],[-89.09231320888722,30.6312488664528],[-89.0924043233753,30.63017183750471],[-89.0937467287595,30.6291732214152],[-89.0938378220607,30.6280961865975],[-89.0935477765837,30.62780732525791],[-89.0936160976084,30.6269995471893],[-89.093951685314,30.6267498895492],[-89.09399722956591,30.6262113696327],[-89.0943328128749,30.6259617104215],[-89.0943555836019,30.6256924500179],[-89.0946911636884,30.6254427894457],[-89.095629593116,30.6255015840874],[-89.0969718824869,30.6245029190047],[-89.0970856891601,30.6231566085786]]},"properties":{"segment_id":"b284fd99c60400067336223c","source_kmz":"biloxi","orientation":"unverified"}},{"type":"Feature","geometry":{"type":"LineString","coordinates":[[-89.2177473561694,30.6506761276752],[-89.2174567931668,30.65038760574061],[-89.2168309251305,30.6503491025926],[-89.21685329929541,30.6500798309023],[-89.2165627415662,30.6497913062557],[-89.2162498099667,30.6497720525681],[-89.2159592554604,30.6494835261481],[-89.2159816322587,30.6492142541469],[-89.2154005311526,30.6486371982839],[-89.2154229095591,30.6483679259191],[-89.2151323629592,30.6480793964761],[-89.2151547420961,30.6478101238515],[-89.2148641984242,30.6475215933662],[-89.2148865782915,30.64725232048171],[-89.2143054988538,30.64667525648821],[-89.2143278803291,30.64640598324],[-89.2140373445632,30.6461174497318],[-89.2142835407183,30.6431554325459],[-89.2139930166566,30.6428668969581],[-89.2140153981185,30.6425976216269],[-89.2143506820291,30.6423476063946],[-89.2144178220136,30.6415397788363],[-89.2147531003572,30.6412897618285],[-89.2144625812663,30.64100122634901],[-89.2144849606717,30.64073194987081],[-89.21419444450831,30.6404434133488],[-89.2142615844728,30.6396355826646],[-89.2139710729919,30.6393470448926],[-89.2140158339864,30.6388084901135],[-89.21372532631041,30.6385199511951],[-89.2138372306053,30.6371735609912],[-89.2145077529954,30.6366735247802],[-89.2145972644012,30.63559640812951],[-89.214016269814,30.6350193285306],[-89.2140610281426,30.6344807688509],[-89.2147315270894,30.6339807284599],[-89.2148210326015,30.6329036055506],[-89.21424005556281,30.6323265238728],[-89.2142624333272,30.6320572425463],[-89.2139719487595,30.6317687001954],[-89.2140167056011,30.6312301368649],[-89.2137262248375,30.6309415933672],[-89.2137709828445,30.6304030292026],[-89.2141062175163,30.6301530083255],[-89.2141509725899,30.6296144431165]]},"properties":{"segment_id":"1c8163ca229c0947f91b99e1","source_kmz":"biloxi","orientation":"unverified"}},{"type":"Feature","geometry":{"type":"LineString","coordinates":[[-89.2475893646481,30.6549435074407],[-89.24671732045212,30.6540781821167],[-89.2467395972195,30.6538089064851],[-89.24528623563401,30.6523666783139],[-89.2449732874299,30.652347506117],[-89.2446826224369,30.6520590568308],[-89.24436967555161,30.6520398829113],[-89.24441424329072,30.6515013301437],[-89.2441235832776,30.6512128788757],[-89.2441681521867,30.650674325276],[-89.2430055396677,30.649520509984],[-89.24302782741601,30.6492512325346],[-89.2424465352165,30.6486743190472],[-89.242468824575,30.6484050412339],[-89.2407250024569,30.6466742776136],[-89.2404120771064,30.64665509226411],[-89.240121448435,30.6463666275393],[-89.2388697531891,30.6462898739266],[-89.2381993009339,30.6467900479866],[-89.2372605257718,30.6467324678199],[-89.2358074571277,30.6452900935726],[-89.2354945382278,30.6452708942335],[-89.2351593069808,30.6455209721256],[-89.2345334678653,30.6454825689056],[-89.232208695127,30.6431746953978],[-89.2322310166961,30.64290541655321],[-89.2316498457691,30.6423284385797],[-89.2316721689473,30.64205915937101],[-89.2313592633807,30.6420399481847],[-89.2301969543275,30.6408859772159],[-89.2302416093168,30.6403474176032],[-89.229660470602,30.6397704260699],[-89.22968279963202,30.6395011458211],[-89.2287441141355,30.6394434923805],[-89.2284535522469,30.6391549925969],[-89.2281406585475,30.6391357721736],[-89.2272689886969,30.6382702646847],[-89.2269560986607,30.6382510408693],[-89.2266655473155,30.6379625356604],[-89.22572688160521,30.6379048563856],[-89.2248552504167,30.6370393276116],[-89.2245423656569,30.6370200969073],[-89.22425182719891,30.6367315846035],[-89.2239389437582,30.6367123521769],[-89.2232684787126,30.6372124456148],[-89.2229555936636,30.6371932104213],[-89.2226203571884,30.6374432544773],[-89.222307471409,30.6374240174566],[-89.2220169393999,30.6371354995166],[-89.2207654024423,30.6370585392208],[-89.2204748771713,30.63677001700251],[-89.22049723562431,30.6365007369202],[-89.2196256747423,30.6356351643211],[-89.21931279658412,30.635615918742],[-89.2190222815615,30.6353273918299],[-89.2190670070964,30.6347888304694],[-89.2181954795916,30.6339232434769],[-89.2178826083185,30.6339039937763],[-89.21792734057921,30.6333654312711],[-89.2170558403015,30.63249983270151],[-89.2170782088434,30.6322305509023],[-89.2167877137273,30.63194201606421],[-89.21681008299932,30.6316727340045],[-89.2162291006703,30.63109566130411],[-89.21625147154991,30.6308263788798],[-89.2159609843369,30.6305378410174],[-89.2153352688882,30.6304993277924],[-89.2150447860685,30.6302107873217],[-89.2147319297371,30.63019152854361],[-89.2141509725899,30.6296144431165]]},"properties":{"segment_id":"445cf0798624949c8ae5f282","source_kmz":"biloxi","orientation":"unverified"}},{"type":"Feature","geometry":{"type":"LineString","coordinates":[[-89.1039046768509,30.6206059538404],[-89.1027444712788,30.6194505904965],[-89.1027672125079,30.6191813246807],[-89.1024771671095,30.61889248139831],[-89.1025226508672,30.61835394908911],[-89.1022326092657,30.6180651046625],[-89.1022553517943,30.61779583816911],[-89.101965313115,30.6175069927018],[-89.1019880563683,30.617237725948],[-89.1016980206113,30.61694887944],[-89.1013852419006,30.6169292989557],[-89.1010952093653,30.6166404506769],[-89.100782431978,30.616620868472],[-89.1004924026645,30.6163320184224],[-89.0992412993076,30.6162536773978],[-89.09926405117771,30.6159844104968],[-89.0980129543129,30.6159060554934],[-89.0977229373112,30.615617197734],[-89.0977684505421,30.6150786636813]]},"properties":{"segment_id":"0604f45df409053865ad8d33","source_kmz":"biloxi","orientation":"unverified"}},{"type":"Feature","geometry":{"type":"LineString","coordinates":[[-89.211999946668,30.670620685421],[-89.211373926304,30.6705821529781],[-89.21103851749402,30.6708321444183],[-89.209786475024,30.6707550651198],[-89.20949586875311,30.6704665343462],[-89.20951827258321,30.6701972754605],[-89.2089370679514,30.6696202108924],[-89.2086240622483,30.6696009363964],[-89.20864646871252,30.669331677201],[-89.2069029163553,30.6676004553511],[-89.20692532794,30.6673311953805],[-89.2057630042375,30.666177028304],[-89.2054500124653,30.6661577446763],[-89.2048688652672,30.6655806538392],[-89.203616909041,30.66550350377341],[-89.2032814973483,30.6657534743121],[-89.20202953997392,30.6656763062839],[-89.2011578636032,30.6648106407598],[-89.2008448781487,30.6647913440292],[-89.1999732237567,30.6639256675574],[-89.1999956571562,30.6636564069272],[-89.1997051106719,30.6633678461238],[-89.1997275448013,30.6630985852344],[-89.1991464597407,30.6625214606065],[-89.1988334835243,30.6625021580847],[-89.1988559202867,30.6622328968854],[-89.1985653828836,30.6619443322262],[-89.1985878203759,30.6616750707677],[-89.1982972859013,30.661386505067],[-89.1983646001244,30.6605787194453],[-89.1980740703334,30.6602901524966],[-89.1981189474984,30.659751627762],[-89.1978284215133,30.6594630596685],[-89.1978508607516,30.6591937969638],[-89.1969792977332,30.65832808674441],[-89.1966663380799,30.6583087779132],[-89.1960853086672,30.65773163140671],[-89.1954593944966,30.6576930077425],[-89.1951688852124,30.6574044314126],[-89.195191332644,30.6571351680898],[-89.1943198197274,30.656269433161],[-89.1944320678288,30.654923112655],[-89.1947674621476,30.6546731633312],[-89.1947899101513,30.65440389855271],[-89.19420892173,30.6538267374648],[-89.1942987192851,30.652749675962],[-89.1940082316594,30.652461093597],[-89.1940306815559,30.6521918277274],[-89.1917068613799,30.6498831342064],[-89.1917293181466,30.64961386735281],[-89.19143885072782,30.6493252763375],[-89.1914613082238,30.6490560092242],[-89.1905899209,30.6481902302387],[-89.1909252993481,30.6479402890627],[-89.1910375919022,30.6465939485548],[-89.190747137651,30.6463053538968],[-89.1908369725405,30.6452282782632],[-89.1902560772048,30.644651085304],[-89.1903009972705,30.6441125461351],[-89.1906363598792,30.6438626037038],[-89.19070373535,30.6430547931506],[-89.1910390923904,30.6428048489428],[-89.1911064630118,30.6419970363553],[-89.1902351546563,30.6411312417795],[-89.1903025318398,30.6403234268518],[-89.1897216751133,30.6397462251548],[-89.1897441356326,30.63947695299211],[-89.1894537112209,30.63918835063251],[-89.1894761724692,30.6389190782097],[-89.1898115163031,30.6386691355655],[-89.1899013551265,30.6375920434734],[-89.1896109368531,30.6373034403881],[-89.1896333970661,30.6370341668702],[-89.1899687326913,30.6367842227618],[-89.1900136503284,30.6362456748384],[-89.1897232364394,30.6359570712343],[-89.1900585673739,30.6357071262891],[-89.1894777451529,30.6351299177277],[-89.1895226651143,30.6345913681375],[-89.189209798048,30.634572037219],[-89.1889193929379,30.6342834304888],[-89.1889418545983,30.6340141554079],[-89.18836105227992,30.63343693892501],[-89.1886963770451,30.6331869967967],[-89.1888760696522,30.63103278718],[-89.1885856782852,30.6307441774314],[-89.1870214191166,30.6306474999122],[-89.1870438860268,30.6303782231655],[-89.18675350344822,30.6300896082021],[-89.18677597108712,30.629820331195],[-89.1861952138307,30.6292430982456],[-89.186217683075,30.6289738208742],[-89.1865529960933,30.6287238829171],[-89.1868658401633,30.6287432216007],[-89.1872011502559,30.6284932815543],[-89.1869107738139,30.628204665864],[-89.1870006393401,30.6271275525111],[-89.1873359423981,30.6268776112085],[-89.1873808719288,30.6263390531736],[-89.187716170593,30.6260891103029],[-89.1877386339641,30.6258198308411],[-89.1880739294069,30.6255698866118],[-89.1882311606578,30.6236849245267],[-89.1879407976497,30.6233963086348],[-89.1876279737737,30.6233769727803],[-89.18733761398671,30.6230883551155],[-89.1870247914308,30.6230690175394],[-89.186734434865,30.6227803981017],[-89.1864216136293,30.6227610588039],[-89.1858409089887,30.6221838154444],[-89.1858858457838,30.6216452527152],[-89.1853051528441,30.6210680051861],[-89.1849923384943,30.6210486617689],[-89.1847019962698,30.6207600357623],[-89.1847244680991,30.6204907539033],[-89.1844341287997,30.6202021268543],[-89.1845914335978,30.618317148724],[-89.1852619801666,30.61781727036311],[-89.1852844493444,30.61754798672691],[-89.1847037897299,30.6169707310704],[-89.1843909911884,30.6169513857829],[-89.1838103421122,30.6163741247037],[-89.1838328156717,30.6161048405472],[-89.1835424950826,30.6158162084958],[-89.1832297012299,30.61579685987081],[-89.183252176542,30.615527575506]]},"properties":{"segment_id":"de9a95cfc5e1ef7ce776a70b","source_kmz":"biloxi","orientation":"unverified"}},{"type":"Feature","geometry":{"type":"LineString","coordinates":[[-88.9740389390776,30.6132142409679],[-88.97408526503992,30.6126757556491],[-88.9744211584735,30.612426454036],[-88.9744906427459,30.6116187242451],[-88.9736219524828,30.6107511675117],[-88.9733092283998,30.6107312238953],[-88.9727301141438,30.6101528463983],[-88.9727532806414,30.6098836023607],[-88.9721741763146,30.6093052209168],[-88.9721973444016,30.6090359765164],[-88.969881015931,30.6067224125067],[-88.9699041908323,30.6064531671262],[-88.96932513092291,30.60587476656511],[-88.9693483074133,30.60560552082171],[-88.9674720894501,30.6054857718798],[-88.96718257049102,30.6051965650991],[-88.9659317662702,30.60511671140601],[-88.965642254061,30.6048275003605],[-88.9647041560251,30.6047675982825],[-88.96441464939001,30.60447838380451],[-88.9616003741077,30.6042986221939],[-88.9613108801021,30.60400939928971],[-88.9609981847877,30.60398942051121],[-88.9601297185773,30.6031217436904],[-88.9602225415279,30.602044761268],[-88.9599330603658,30.60175553337921],[-88.9599562665921,30.6014862872774],[-88.9602921571374,30.6012370227994],[-88.9603153620352,30.6009677763285]]},"properties":{"segment_id":"3d701c174bcbac1792b1ea21","source_kmz":"biloxi","orientation":"unverified"}},{"type":"Feature","geometry":{"type":"LineString","coordinates":[[-89.2787494666252,30.6203105582478],[-89.2784366332278,30.6202914795891],[-89.27810163565191,30.6205417009075],[-89.2777888015217,30.6205226204222],[-89.2772074683497,30.6199458552165],[-89.2772518024165,30.6194072530166],[-89.276670480956,30.61883048363301],[-89.2763576537032,30.6188113990236],[-89.2757763427804,30.6182346242102],[-89.2751506933948,30.618196448989],[-89.27517286679742,30.61792714739151],[-89.2748600433481,30.6179080585021],[-89.2745693953506,30.6176196670754],[-89.2736309293903,30.6175623925782],[-89.2732959282915,30.6178126007465],[-89.2723574610096,30.6177553154464],[-89.27168744739362,30.6182557227032],[-89.2710617997553,30.6182175243098],[-89.2707267881166,30.6184677243374],[-89.2688498434366,30.6183531022278]]},"properties":{"segment_id":"96d251c2b7fc9eedce0e42d5","source_kmz":"biloxi","orientation":"unverified"}},{"type":"Feature","geometry":{"type":"LineString","coordinates":[[-89.2141509725899,30.6296144431165],[-89.2141957270741,30.6290758772813],[-89.213324311987,30.6282102414758],[-89.21334669164001,30.6279409580112],[-89.2130562249201,30.62765241076111],[-89.2127433788418,30.6276331462449],[-89.2124529153431,30.6273445972214],[-89.2121400705841,30.6273253309832],[-89.2115591520781,30.6267482284504],[-89.2109334676903,30.6267096899736],[-89.2103525620688,30.6261325803471],[-89.2103749509361,30.6258632963118],[-89.21008450207621,30.6255747399863],[-89.2101292811228,30.6250361712376],[-89.2095483930587,30.62445905535411],[-89.2096155657857,30.6236512004317],[-89.2093251274585,30.6233626407695],[-89.20936991029362,30.6228240698296],[-89.209705127358,30.62257405834171],[-89.2097275173825,30.6223047724275],[-89.2100627312261,30.6220547595814],[-89.2094818648016,30.621477639738],[-89.209504255261,30.6212083532496],[-89.2092138259991,30.6209197918156],[-89.2092586082297,30.6203812181603],[-89.2089681827707,30.6200926555791],[-89.208655366565,30.6200733791736],[-89.2074936899042,30.6189191161226],[-89.2065552562333,30.6188612715675],[-89.2059744372264,30.6182841294017],[-89.2053488202037,30.6182455585908],[-89.2050136075628,30.6184955591218],[-89.20376237178002,30.6184184030951],[-89.2034719726757,30.6181298248662],[-89.2031591652706,30.6181105328071],[-89.2028687693868,30.6178219528049],[-89.2019303515725,30.6177640688009],[-89.20105918675982,30.6168983156511],[-89.2010816036892,30.6166290282837],[-89.2005008391439,30.6160518546153],[-89.2001880403845,30.616032554053],[-89.1996072863772,30.6154553749606],[-89.19962970769,30.6151860870722],[-89.1987585946728,30.6143203110808],[-89.1984458029446,30.6143010055114],[-89.1972843522873,30.61314662104291],[-89.1966587786485,30.613108000567],[-89.1963235605046,30.6133579774057],[-89.1953851985242,30.6133000372192],[-89.1950948471355,30.6130114338528],[-89.194782061276,30.6129921178487],[-89.1944917131075,30.6127035127091],[-89.1941789285675,30.61268419498341],[-89.1938437045835,30.6129341645136],[-89.192279779717,30.6128375578799],[-89.1919445493023,30.613087521562],[-89.1903806237475,30.6129908880521],[-89.1903581725943,30.6132601753019],[-89.1900229345773,30.6135101329263],[-89.1893973615887,30.6134714713277],[-89.1888167018873,30.6128942323647],[-89.1888616139919,30.6123556579213],[-89.1882809659891,30.6117784147873],[-89.1879681864528,30.6117590794252],[-89.1870972333264,30.6108932051818],[-89.1858461307231,30.61081584485]]},"properties":{"segment_id":"31690ab6dd5b71a645210c54","source_kmz":"biloxi","orientation":"unverified"}},{"type":"Feature","geometry":{"type":"LineString","coordinates":[[-89.1924411942974,30.5995843003166],[-89.1912800372219,30.5984298169618],[-89.1906545789207,30.59839116126251],[-89.190364297114,30.5981025364082],[-89.1900515693565,30.5980832063938],[-89.18976129076891,30.5977945797664],[-89.1881976600556,30.5976979122184],[-89.1878624791914,30.5979478714579],[-89.187549752616,30.5979285343479],[-89.1868793829929,30.5984284474993],[-89.18672216913141,30.6003135076637],[-89.186386973047,30.60056346104661],[-89.186364512161,30.6008327545175],[-89.1856941115056,30.6013326574154],[-89.1856491846033,30.601871243047],[-89.185939463148,30.6021598780152],[-89.1852690490234,30.602659776936],[-89.1846435612318,30.60262108751421],[-89.1843532856221,30.6023324494176],[-89.1843757535384,30.6020631572053],[-89.1840854808524,30.6017745180656],[-89.1841079494968,30.6015052255919],[-89.1838176797346,30.6012165854093]]},"properties":{"segment_id":"44f085bce55c569dc6b2967e","source_kmz":"biloxi","orientation":"unverified"}},{"type":"Feature","geometry":{"type":"LineString","coordinates":[[-88.8705089821854,30.6068341211462],[-88.87207240348141,30.6069352873767],[-88.8724085839709,30.6066862933268],[-88.8727212678256,30.6067065229711],[-88.87339362092992,30.60620852952511],[-88.8740189856295,30.6062489823864],[-88.87459737420042,30.6068278822163],[-88.8749100591372,30.6068481056538],[-88.8762547328458,30.60585208777511],[-88.8763251805352,30.6050444090516],[-88.8773336537363,30.6042973816115],[-88.877357132458,30.6040281544182],[-88.8776932849224,30.6037791427507],[-88.8783186331805,30.6038195714569],[-88.8796632156317,30.6028235057112],[-88.87973362707112,30.6020158196698],[-88.8800697640372,30.6017667997106],[-88.8800932330307,30.6014975705028],[-88.8798040371206,30.6012081322117],[-88.8798509763814,30.6006696731191],[-88.878983406136,30.5998013520273],[-88.87900687814,30.5995321219377],[-88.8787176930181,30.5992426796034],[-88.8787646382996,30.5987042187469],[-88.8778971004178,30.59783588552561],[-88.8779675249968,30.5970281921377],[-88.8783036468505,30.596779174945],[-88.8783505934432,30.5962407114738],[-88.877193921036,30.5950829216367],[-88.8768812804873,30.5950627041691],[-88.8769047580478,30.5947934718424],[-88.8779130996392,30.5940464229992],[-88.8779365735137,30.5937771898771],[-88.8782726821095,30.593528171075],[-88.8782961546525,30.5932589375828],[-88.8786322600258,30.5930099174138],[-88.8786792022942,30.5924714495313],[-88.8796874990796,30.5917243808234],[-88.8797344336678,30.5911859110348],[-88.8800705261516,30.5909368853985],[-88.8803831517272,30.5909570940064],[-88.8804066165901,30.590687858608],[-88.88071924129751,30.5907080662743],[-88.8807427049833,30.5904388306633],[-88.88107879133132,30.5901898015644],[-88.8813914143022,30.59021000734751],[-88.882063579126,30.589711943804],[-88.8823762005146,30.5897321468175],[-88.88239965847,30.589462910301],[-88.8827357357689,30.5892138756438],[-88.88304835542101,30.5892340767742],[-88.8837205021466,30.5887360021142],[-88.8840331202164,30.588756200475],[-88.88504132236112,30.5880090770043],[-88.8853539379803,30.58802927165401],[-88.8856900004033,30.5877802272473],[-88.88600261530851,30.587800420069],[-88.8863386748179,30.5875513735667],[-88.886651289009,30.5875715645604],[-88.8866747322822,30.58730232591021],[-88.8870107877014,30.5870532770996],[-88.8873234001559,30.5870734662103],[-88.8873702818409,30.5865349879018],[-88.8877063319932,30.5862859365703],[-88.8877297714276,30.58601669696681],[-88.8887379060836,30.5852695354099],[-88.88905051215131,30.5852897197033],[-88.8890739468789,30.58502047924931],[-88.8894099856291,30.5847714219347],[-88.8894334190258,30.5845021811103],[-88.8897694545543,30.584253122429],[-88.889863181893,30.5831761567038],[-88.8892848524894,30.5825973080662],[-88.8893317187071,30.58205882384601],[-88.8896677445143,30.581809764192],[-88.8896911762153,30.5815405216326],[-88.8900271988011,30.5812914606119],[-88.8900506291714,30.581022217682],[-88.8894723136604,30.5804433673992],[-88.889542609056,30.5796356370458],[-88.8905506485765,30.57888844887851],[-88.89062093199641,30.5780807151903],[-88.8900426332337,30.5775018643074],[-88.8901363492483,30.57642488302371],[-88.8898472064067,30.5761354557689],[-88.8899643522982,30.5747892250979],[-88.8903003463404,30.5745401596998],[-88.89032377388,30.5742709128792],[-88.8900346379836,30.5739814848008],[-88.8900580662372,30.5737122377193],[-88.89039405557412,30.57346317147],[-88.8905346148016,30.5718476843882],[-88.8908705950362,30.5715986157079],[-88.8908940198585,30.5713293670953],[-88.89060489233512,30.5710399387153],[-88.8907220184758,30.5696936927682],[-88.8904328973371,30.5694042629384]]},"properties":{"segment_id":"996845d0b5dec2d6058a074a","source_kmz":"biloxi","orientation":"unverified"}},{"type":"Feature","geometry":{"type":"LineString","coordinates":[[-89.0314170077069,30.593035270751],[-89.0311043372928,30.59301549014391],[-89.0308146376466,30.59272644276111],[-89.0292512937154,30.5926275222597],[-89.02896160198712,30.5923384697764],[-89.0286489348287,30.592318682183],[-89.0280695598596,30.5917405727414],[-89.0274442306939,30.5917009915632],[-89.0268648686072,30.5911228750449],[-89.02530156008281,30.5910238982535],[-89.0247222179244,30.5904457696617],[-89.024409559022,30.5904259699777],[-89.0241198921865,30.5901369034444],[-89.0231819199101,30.59007749657381],[-89.0228922586439,30.5897884266059],[-89.0225796026954,30.5897686217095],[-89.02228994464961,30.5894795499725],[-89.0216646355554,30.5894399358541],[-89.02137498190451,30.5891508615153],[-89.0210623287588,30.5891310522932],[-89.0207726783283,30.5888419761854],[-89.0198347233224,30.5887825407009],[-89.0195450784612,30.5884934611585],[-89.0189197782297,30.5884538314032],[-89.0186301377633,30.5881647492591],[-89.018317489049,30.5881449322187],[-89.01802785180311,30.5878558483056],[-89.0177152044146,30.58783602954591],[-89.0174255703891,30.5875469438637],[-89.0168002784152,30.5875073020187],[-89.0165106487845,30.587218213735],[-89.0149474273722,30.5871190894422],[-89.013209727785,30.5853845150979],[-89.0128970910036,30.5853646825834],[-89.01260748274072,30.5850755827499],[-89.0127226223033,30.5837292482253],[-89.0112746334598,30.5822837324252],[-89.0109620089906,30.5822638942981],[-89.0103828301218,30.5816856797592],[-89.010070208153,30.58166583908031],[-89.0097806229614,30.5813767295739],[-89.0082175212627,30.5812775087171],[-89.0079279439886,30.5809883941115],[-89.0063648519518,30.5808891469266],[-89.0063878995251,30.5806198792647],[-89.0049400775542,30.5791742708618],[-89.004986180957,30.578635734029],[-89.0046966244415,30.5783466093326],[-89.0047196767865,30.578077340576],[-89.0044301231874,30.5777882148398],[-89.0044531762518,30.5775189458219],[-89.0032949857936,30.5763624331007],[-89.0026697861041,30.5763227102452],[-89.0023802459516,30.5760335780595],[-89.0020676475088,30.5760137144694],[-89.001778110576,30.5757245805149],[-89.0014655134592,30.5757047152058],[-89.001175979746,30.57541557948271],[-89.00086338395532,30.5753957124545],[-88.9997052742526,30.5742391568708]]},"properties":{"segment_id":"4a64dc53f5aedea107e76280","source_kmz":"biloxi","orientation":"unverified"}},{"type":"Feature","geometry":{"type":"LineString","coordinates":[[-89.1806307921976,30.5866729341187],[-89.1803181104116,30.5866535760569],[-89.180027906686,30.5863649168839],[-89.178777185707,30.5862874724315],[-89.1784420228022,30.5865374090619],[-89.1781293420517,30.5865180447921],[-89.1777941762246,30.5867679793333],[-89.1774814947465,30.5867486132371],[-89.1771913006882,30.5864599466616],[-89.1768786205296,30.5864405788444],[-89.1765884296895,30.5861519104961],[-89.17627575085041,30.58613254095801],[-89.1759855632287,30.5858438708369],[-89.17567288570902,30.5858244995778],[-89.1753827013057,30.5855358276839],[-89.1750700251054,30.5855164547039],[-89.1747798439204,30.5852277810372],[-89.17415449430692,30.5851890307486],[-89.1738643175116,30.584900354475],[-89.1735291452855,30.5851502769126],[-89.1732389708332,30.5848615989709],[-89.1725686208326,30.585361438938],[-89.1713179222496,30.585283909771],[-89.1709827406777,30.5855338242715],[-89.1706700655269,30.5855144388231],[-89.1703798998674,30.5852257535841],[-89.1697545523532,30.5851869783587],[-89.16941936640481,30.5854368881611],[-89.1684813436187,30.585378715853],[-89.16819118616012,30.5850900247758],[-89.1678785133659,30.5850706313987],[-89.167543322166,30.5853205355633],[-89.16691797527172,30.58528174426951],[-89.1665827802745,30.585531645405],[-89.1662701061745,30.5855122474883],[-89.16459409611,30.5867617312202],[-89.1639687396027,30.5867229233295]]},"properties":{"segment_id":"f2b85e8c79c2381ac82b3f58","source_kmz":"biloxi","orientation":"unverified"}},{"type":"Feature","geometry":{"type":"LineString","coordinates":[[-89.0131928753225,30.5745542368227],[-89.0119424945691,30.574474899443],[-89.011652928203,30.5741857904674],[-89.0104025545701,30.5741064355726],[-89.0104255869527,30.5738371632165],[-89.0101129949458,30.5738173223304],[-89.0098234373668,30.5735282081519],[-89.0095108466857,30.5735083655467],[-89.009221292326,30.5732192495993],[-89.0076583470644,30.5731200191127],[-89.0073227161612,30.5733694424874],[-89.0038842403448,30.5731510470555],[-89.0032129532414,30.57364986965551],[-89.0029003636988,30.57363000832491],[-89.0025647162084,30.5738794169557],[-89.0022521259465,30.57385955379811],[-89.00191647554,30.5741089603358],[-89.0006661125261,30.5740294950775],[-89.0003304565909,30.5742788967004],[-88.9997052742526,30.5742391568708]]},"properties":{"segment_id":"52e88c12d6ae8721cdf5f54d","source_kmz":"biloxi","orientation":"unverified"}},{"type":"Feature","geometry":{"type":"LineString","coordinates":[[-89.2476894894941,30.6157053343659],[-89.2453651917785,30.6133975937744],[-89.2453874619196,30.6131282954595],[-89.2450969348022,30.6128398235535],[-89.2451192056744,30.6125705249772],[-89.2445381593411,30.6119935781378],[-89.244225365742,30.611974402199],[-89.2439348468192,30.6116859265353],[-89.2439571212023,30.6114166275407],[-89.2436666052058,30.611128150833],[-89.2433538151195,30.6111089723895],[-89.2421917763027,30.6099550528249],[-89.2415662059375,30.6099166865977],[-89.2415884876348,30.60964738708021],[-89.2412979862714,30.6093589030662],[-89.2413202686996,30.6090896032873],[-89.2404487795326,30.60822414529491],[-89.2401360013021,30.6082049576159],[-89.2375216549518,30.6056085253966],[-89.23765541576292,30.6039927162082],[-89.23736494834081,30.6037042184143],[-89.2373872421731,30.6034349162289],[-89.2370967776765,30.6031464173909],[-89.2374318293974,30.602896311387],[-89.2371413666555,30.6026078123396],[-89.2371636609248,30.6023385095785],[-89.2362922876195,30.60147300648571],[-89.236314584374,30.6012037032534],[-89.2345718983236,30.5994726710745],[-89.234616501919,30.59893406288201],[-89.23229304923642,30.5966259656918],[-89.2323153578309,30.5963566605218],[-89.2320249363378,30.5960681440408],[-89.2320472456625,30.5957988386089],[-89.2308855836756,30.594644762871],[-89.2309078963615,30.5943754568628],[-89.2303270794082,30.5937984131475],[-89.2303940218465,30.592990493551],[-89.2286516359134,30.5912593379713],[-89.22874091148731,30.5901821071254],[-89.2252564028316,30.5867196894704],[-89.22532338953292,30.5859117609083],[-89.2259934217735,30.5854116010963],[-89.2261050516318,30.58406504824981]]},"properties":{"segment_id":"d1ac53aff94bf2c411213343","source_kmz":"biloxi","orientation":"unverified"}},{"type":"Feature","geometry":{"type":"LineString","coordinates":[[-89.15058132436552,30.5964483945916],[-89.1502911908077,30.5961596631779],[-89.149978479968,30.5961402195306],[-89.14968834962971,30.5958514863448],[-89.1497109298338,30.5955821975361],[-89.1493982213385,30.5955627522208],[-89.14942080241771,30.5952934633079],[-89.1482603132251,30.5941385170131],[-89.1483054819373,30.5935999378812],[-89.1476800809116,30.5935610382366],[-89.146229535952,30.5921173248772],[-89.14629730717,30.5913094537533],[-89.1466325877623,30.5910596172874],[-89.1467455309585,30.5897131612168],[-89.14708080364332,30.5894633225493],[-89.1471711508364,30.5883861540196],[-89.146590966988,30.5878086625224],[-89.1462782889343,30.5877892080481],[-89.14648158638,30.5853655682484],[-89.1468168420619,30.585115728095],[-89.14699753141991,30.58296136922],[-89.1467074583107,30.58267262018421],[-89.1470427022733,30.5824227779269],[-89.1471782112667,30.5808070002685],[-89.1475134461516,30.5805571555985],[-89.1476263603673,30.5792106688336],[-89.1479390059726,30.5792301198396]]},"properties":{"segment_id":"f276da827153caf585b78ebe","source_kmz":"biloxi","orientation":"unverified"}},{"type":"Feature","geometry":{"type":"LineString","coordinates":[[-89.1525642894213,30.57654004733771],[-89.1525868548374,30.5762707469854],[-89.1507110446243,30.5761541059451],[-89.1500406283904,30.5766538182048],[-89.14946050745222,30.576076327517],[-89.1478973393293,30.57597908453061],[-89.14760728778792,30.57569033361011],[-89.1472946557807,30.5756708815189],[-89.1469594402383,30.5759207280982],[-89.1460215424846,30.5758623636852],[-89.1456863222725,30.5761122062952],[-89.1453736891106,30.5760927487778],[-89.1450384659778,30.576342589298],[-89.14501587570952,30.5766118880647]]},"properties":{"segment_id":"d15bede0c06ea6fe10588a98","source_kmz":"biloxi","orientation":"unverified"}},{"type":"Feature","geometry":{"type":"LineString","coordinates":[[-88.8559281861678,30.5901858526829],[-88.855951731256,30.5899166220564],[-88.8562878908799,30.589667668198],[-88.8563349782367,30.5891292060463],[-88.8566711334608,30.5888802506075],[-88.856835926089,30.5869956266197],[-88.8571720710266,30.5867466685362],[-88.8574545408922,30.5835158640227],[-88.8584629210545,30.5827689751793],[-88.858533524442,30.58196126858491],[-88.85886964354191,30.5817123026891],[-88.8589637745159,30.5806353575023],[-88.8592998868626,30.5803863896],[-88.85946460186771,30.5785017279563],[-88.8598007039304,30.5782527574084],[-88.8598242328492,30.5779835191864],[-88.8601603316903,30.577734547271],[-88.8602309139872,30.5769268310186],[-88.8599418751217,30.5766373257081],[-88.8599889309473,30.5760988472117],[-88.85969989586111,30.5758093407618],[-88.8597234244092,30.575540101174],[-88.8591453621048,30.5749610852668],[-88.8591688922329,30.5746918453156],[-88.8588798650146,30.5744023358582],[-88.8589269265412,30.5738638552765],[-88.8592630111976,30.5736148839315],[-88.8593100697513,30.5730764022919],[-88.859622621987,30.573096670478],[-88.8602947787248,30.5725987215889],[-88.86031830439362,30.5723294800508],[-88.86065437851931,30.5720805036613],[-88.86074847494,30.571003535077],[-88.8620927321721,30.5700076145632],[-88.8633428979345,30.5700886509799],[-88.86367895366281,30.56983966419911],[-88.8643040357372,30.5698801752065],[-88.8646400876866,30.5696311853883],[-88.8662027912418,30.56973244268841],[-88.866874880334,30.5692344501741],[-88.8674999593685,30.5692749431241],[-88.8678359991135,30.5690259432523],[-88.8681485379951,30.56904618745631],[-88.8688206096179,30.5685481823665],[-88.86913314691911,30.5685684238014],[-88.8691566423632,30.56829917808991],[-88.8725168573939,30.5658090718278],[-88.8734544411331,30.5658697624081],[-88.8737904487917,30.5656207426084],[-88.8738608861748,30.56481299699851],[-88.8741968882601,30.5645639754051],[-88.8745094116811,30.5645842017781],[-88.8746502690882,30.5629687046816],[-88.8749862612041,30.5627196797138],[-88.8750801583489,30.561642677635],[-88.8767600647463,30.5603975312176],[-88.8768539358965,30.559320522346],[-88.8771899063401,30.5590714887467],[-88.87721337256562,30.5588022359202],[-88.87822126810602,30.5580551275566],[-88.8782916552716,30.5572473662097],[-88.8789635683572,30.5567492869164],[-88.8790574063427,30.555672267867],[-88.8793933551161,30.55542322563601],[-88.87946372845721,30.5546154590481],[-88.8801356128175,30.55411736984381],[-88.8804246435819,30.55440683600621],[-88.881362102623,30.5544674608342],[-88.8827058376465,30.5534712543674]]},"properties":{"segment_id":"9dc01b8c6ce1922d9a574c69","source_kmz":"biloxi","orientation":"unverified"}},{"type":"Feature","geometry":{"type":"LineString","coordinates":[[-88.8849635407147,30.55280488174141],[-88.8840260980411,30.5527442873123],[-88.8837370604143,30.5524548295707],[-88.8834245810073,30.552434628824],[-88.8828465142353,30.5518557088744],[-88.88253403733411,30.5518355055788],[-88.8825574839143,30.5515662474976]]},"properties":{"segment_id":"eafb1054747ec9aedcb49224","source_kmz":"biloxi","orientation":"unverified"}},{"type":"Feature","geometry":{"type":"LineString","coordinates":[[-88.9667450022174,30.5737634186069],[-88.9669304050327,30.5716093069236],[-88.96635161260292,30.57103084831631],[-88.9663747890087,30.5707615834385],[-88.9660853967309,30.5704723526278],[-88.96610857385421,30.5702030874887],[-88.9643722683475,30.5684676823537],[-88.9640597080403,30.5684477107537],[-88.9637703321205,30.56815847245751],[-88.9634577731407,30.5681384991389],[-88.9617215676084,30.5664030447202],[-88.96078391273122,30.5663431044683],[-88.9604945558231,30.5660538562942],[-88.9601820056773,30.5660338736053],[-88.9598926519885,30.5657446236634],[-88.9599158481404,30.5654753571389],[-88.9576010991887,30.5631613230919],[-88.9576475049486,30.562622787911],[-88.95735817226861,30.5623335292375],[-88.9574509854353,30.561256456565],[-88.9565830100955,30.5603886736865],[-88.95627048253002,30.5603686796755],[-88.9556918448742,30.5597901514143],[-88.95537931981082,30.559770154853],[-88.955090005224,30.5594808884869],[-88.9551364254137,30.55894235017581],[-88.9548471146099,30.5586530826667],[-88.9548703253452,30.5583838131703],[-88.95400240780661,30.5575160047179],[-88.9540256209974,30.5572467347523],[-88.95373632010882,30.5569574632931],[-88.9538059613732,30.5561496521366],[-88.9532273709439,30.5555711057888],[-88.9532505861319,30.5553018348795]]},"properties":{"segment_id":"7b2ebaae7a6a8568045c8918","source_kmz":"biloxi","orientation":"unverified"}},{"type":"Feature","geometry":{"type":"LineString","coordinates":[[-89.1251659522693,30.6108362142567],[-89.1248531913192,30.6108167000165],[-89.12398291633811,30.6099503262472],[-89.1236701590565,30.6099308086187],[-89.1237154983409,30.6093922574554],[-89.1234254136986,30.6091034632823],[-89.1236294409643,30.6066799743409],[-89.12217908782462,30.6052359847376],[-89.1222017611476,30.6049667068839],[-89.1216216359736,30.6043891042713],[-89.1219570454842,30.60413934966],[-89.121979719234,30.6038700712311],[-89.1223151255241,30.603620315259],[-89.1223831423594,30.6028124783988],[-89.1227185430833,30.6025627206454],[-89.1227865550569,30.6017548817401],[-89.1224965007672,30.6014660804892],[-89.1225871848077,30.6003889593328],[-89.1217170447156,30.5995225487061],[-89.1217850640491,30.5987147052526],[-89.1211596365663,30.5986756557311],[-89.119999498313,30.5975204205166],[-89.1193740808097,30.5974813607781],[-89.11908405370991,30.5971925479628],[-89.1184586391493,30.5971534830094],[-89.1141085134796,30.5928211532481],[-89.114290080804,30.5906668830248],[-89.1140000957939,30.5903780527065],[-89.1140454878795,30.58983948336901],[-89.1137555066641,30.5895506519047],[-89.1140908793678,30.5893009134021],[-89.1141362702587,30.5887623428058],[-89.11384629253921,30.5884735109249],[-89.1139143803773,30.5876656535375],[-89.1136244073264,30.5873768204063],[-89.1136471038477,30.5871075341916],[-89.1127771995959,30.5862410288593],[-89.1127998985896,30.5859717421745],[-89.1125099354726,30.585682905084],[-89.11253263519082,30.5854136181376],[-89.1119073137628,30.5853745150873],[-89.1116173559113,30.5850856752878],[-89.111304696594,30.585066121599],[-89.1110147419616,30.58477728002831],[-89.1107020839663,30.5847577246192],[-89.1101221831861,30.5841800369976],[-89.1101448903431,30.5839107496898],[-89.1098549438964,30.5836219043682],[-89.1099003595098,30.58308332907181],[-89.1090305376902,30.5822167868552],[-89.1091895059788,30.58033176616731],[-89.1088995755808,30.58004291615641],[-89.10903583352851,30.5784271773687],[-89.107876153365,30.5772717654441],[-89.1075635247868,30.577252200832],[-89.106693789665,30.57638562954161],[-89.1067165059382,30.5761163385151],[-89.1052669926889,30.5746720337541],[-89.10528971318,30.5744027420482],[-89.1049998175413,30.5741138781783],[-89.1050225387564,30.5738445862103],[-89.10535787375652,30.5735948659845],[-89.1054033133934,30.5730562811538],[-89.105113422122,30.5727674167619],[-89.1051815830766,30.5719595380201],[-89.1055169098701,30.5717098163177],[-89.10563050261,30.5703633475396],[-89.1063011383366,30.5698638985728],[-89.1063692851535,30.5690560141475],[-89.1060794046384,30.5687671498558],[-89.1061021208185,30.5684978546274],[-89.1058122432223,30.5682089892933],[-89.1059258262479,30.5668625102627],[-89.1056359550638,30.5665736434682],[-89.1057268222876,30.5654964569857],[-89.1054369566422,30.5652075888351],[-89.1057095544467,30.56197601298321],[-89.1054197013254,30.5616871426397]]},"properties":{"segment_id":"16d97fe1d27840c12ba77a03","source_kmz":"biloxi","orientation":"unverified"}},{"type":"Feature","geometry":{"type":"LineString","coordinates":[[-88.81403903557691,30.551717948754],[-88.8140627073333,30.5514487052376],[-88.8143988363642,30.5511998588144],[-88.81471129395,30.55122025518],[-88.8157196661882,30.5504737061535],[-88.816344576632,30.5505144905769],[-88.8176890374237,30.5495190681674],[-88.8180014894157,30.5495394552837],[-88.818096120878,30.5484624719047],[-88.81876832787,30.5479647501741],[-88.81888660192871,30.5466185152472],[-88.8192226964762,30.5463696515796],[-88.8192463496445,30.5461004039051],[-88.8199185302579,30.5456026726762],[-88.819942180917,30.5453334244155],[-88.8209504329872,30.5445868182656],[-88.8215753011153,30.5446275735573],[-88.8215989460459,30.5443583243858],[-88.8228486800826,30.544439824115],[-88.82452902749,30.5431954281129],[-88.8248414570586,30.5432157961229],[-88.8251775195466,30.5429669125152]]},"properties":{"segment_id":"74672930623793faa861c2cf","source_kmz":"biloxi","orientation":"unverified"}},{"type":"Feature","geometry":{"type":"LineString","coordinates":[[-88.8230346085034,30.5566373854964],[-88.82305825210372,30.5563681428504],[-88.8227694172627,30.556078527606],[-88.8228167057289,30.5555400416334],[-88.8225278746633,30.5552504252495],[-88.8230480257981,30.5493270354889],[-88.8237202097894,30.5488292844856],[-88.8237674878176,30.5482907898514],[-88.8241035743954,30.5480419121892],[-88.8241508494482,30.5475034164938],[-88.8244869316296,30.5472545372488],[-88.8245342037071,30.546716040492],[-88.8248702814923,30.5464671596641],[-88.8249411849128,30.5456594126992],[-88.8252772571251,30.5454105300746],[-88.8254426847635,30.5435257801132],[-88.8251538867825,30.5432361632468],[-88.8251775195466,30.5429669125152]]},"properties":{"segment_id":"02f0046dc425a33a900ff135","source_kmz":"biloxi","orientation":"unverified"}},{"type":"Feature","geometry":{"type":"LineString","coordinates":[[-88.9997052742526,30.5742391568708],[-88.99941575194,30.57395001563451],[-88.9984779830938,30.5738903967436],[-88.9952934113867,30.5707097538882],[-88.9946682587506,30.570669985215],[-88.9929313380258,30.5689350313809],[-88.9926187689815,30.5689151407203],[-88.9914608674271,30.5677584827792],[-88.991148303232,30.5677385879027],[-88.9908588341298,30.5674494202448],[-88.9896085835659,30.5673698285446],[-88.9893191212059,30.5670806566213],[-88.9886939991843,30.5670408537878],[-88.9883583354332,30.5672902226611],[-88.9880457737799,30.567270318974],[-88.9877563172916,30.5669811428891],[-88.98744375696471,30.56696123748331],[-88.9868648524711,30.5663828808407],[-88.9865522946449,30.56636297288381],[-88.9856839567629,30.5654954284027],[-88.9853714026118,30.5654755170626],[-88.9847925232627,30.5648971477304],[-88.9844799716123,30.5648772338392],[-88.9841905361791,30.5645880469368],[-88.9838779858551,30.5645681313269],[-88.9832991234712,30.56398975304951],[-88.982986575648,30.5639698348886],[-88.98269714869731,30.5636806435137],[-88.981446963623,30.5636009586772],[-88.9811575434143,30.5633117630372],[-88.9805324541386,30.563271913636],[-88.9802430383232,30.5629827153956],[-88.9786803236681,30.5628830722192],[-88.97839091576921,30.56259386888181],[-88.9765156702511,30.5624742628253],[-88.9762262714432,30.5621850535588],[-88.9737259620053,30.5620255225208],[-88.9733902732315,30.56227484848541],[-88.9731008861683,30.5619856308973],[-88.9727883484782,30.5619656837559],[-88.9724989646339,30.5616764643998],[-88.97218642827062,30.5616565155399],[-88.9718970476452,30.5613672944158],[-88.97158451260871,30.56134734383731],[-88.9712951352022,30.5610581209452],[-88.9709826014925,30.5610381686482],[-88.9706932273048,30.560748943988],[-88.970380694922,30.5607289899726],[-88.9698019550286,30.5601505361804],[-88.96948942514712,30.5601305796144],[-88.96891069578,30.5595521204145],[-88.9689338605209,30.5592828484731],[-88.9686213341628,30.5592628894108],[-88.96833197459,30.5589736574712],[-88.96770692468,30.5589337350233],[-88.9670355337846,30.5594323524194],[-88.9667230073187,30.55941238798451],[-88.9652762607831,30.55796619448491],[-88.9652994370273,30.5576969224046],[-88.9659708242649,30.557198313748],[-88.966017171598,30.5566597682636],[-88.9657278304227,30.5563705279013],[-88.96579735288822,30.5555627081775],[-88.9655080163658,30.5552734665679],[-88.9655543656533,30.5547349190871],[-88.9638183998777,30.55299944853011],[-88.96350589874791,30.5529794747082],[-88.9629272621896,30.5524009753716],[-88.962614763561,30.5523809989994],[-88.9623254495221,30.5520917470953],[-88.96170045507121,30.552051790028],[-88.961411145425,30.55176253552411],[-88.9610986496027,30.5517425548291],[-88.96080934317472,30.5514532985574],[-88.9579968982071,30.551273424931],[-88.9571290228956,30.5504056280384],[-88.95681653329642,30.5503856351527],[-88.9565272467878,30.5500963668183],[-88.954652319444,30.5499763859008],[-88.954363042026,30.54968711163921]]},"properties":{"segment_id":"5cddb8fc9e5196c25f86cb70","source_kmz":"biloxi","orientation":"unverified"}},{"type":"Feature","geometry":{"type":"LineString","coordinates":[[-89.1131431972067,30.5632533601378],[-89.1108241835218,30.5609425336384],[-89.1105116165887,30.5609229767061],[-89.1102217502538,30.5606341183393],[-89.109909184642,30.5606145596871],[-89.1096193215242,30.5603256995488],[-89.1096647257656,30.5597870978762],[-89.1090850091587,30.559209374367],[-89.1092666341228,30.5570549596852],[-89.1083970955075,30.556188364873]]},"properties":{"segment_id":"46a2aa397f1dc6048fa2776a","source_kmz":"biloxi","orientation":"unverified"}},{"type":"Feature","geometry":{"type":"LineString","coordinates":[[-88.87000446863031,30.547775327069],[-88.8706763544017,30.5472772882882],[-88.8719261816522,30.5473582313191],[-88.8739417691235,30.5458640646803],[-88.87403566067881,30.544787025112],[-88.8747074974189,30.5442889586225],[-88.8747309675702,30.5440196979076],[-88.876410517791,30.5427745104131],[-88.8765513001871,30.5411589363938],[-88.8768871970487,30.5409098941509],[-88.8775120648492,30.5409503327892],[-88.8778479579338,30.5407012875097],[-88.8781603911983,30.5407215045586],[-88.878832169505,30.5402234086541],[-88.8797694650211,30.5402840488381],[-88.88010534850892,30.5400349963311],[-88.880730211223,30.5400754168078],[-88.8807536603668,30.53980615241011]]},"properties":{"segment_id":"7d8e2096149c428c70b51a15","source_kmz":"biloxi","orientation":"unverified"}},{"type":"Feature","geometry":{"type":"LineString","coordinates":[[-89.2569486741326,30.5835213664727],[-89.25665821136,30.5832329070314],[-89.2563455248343,30.5832137642796],[-89.2557646077706,30.5826368409073],[-89.2557868353257,30.5823675230674],[-89.25491547771631,30.5815021306436],[-89.25493770775711,30.5812328123306],[-89.2531950530748,30.5795020014722],[-89.2513190264872,30.5793870718688],[-89.2492860716323,30.5773677147076],[-89.2489734092356,30.5773485508268],[-89.249017906014,30.5768099117225],[-89.2487274950036,30.57652142732301],[-89.2487497440503,30.5762521074294],[-89.2490846500835,30.5760019518851],[-89.249129145398,30.5754633112063],[-89.2488387387728,30.5751748262804],[-89.24886098708751,30.5749055055995],[-89.2485705833861,30.5746170196284],[-89.2485928324314,30.5743476986847],[-89.2480120329229,30.5737707237118],[-89.2480787844422,30.5729627593039],[-89.2487485716492,30.5724624476692],[-89.249061215332,30.5724816123846],[-89.2490834621828,30.5722122901288],[-89.24850267436621,30.57163531513981],[-89.2481900340463,30.5716161488071],[-89.2473188711802,30.5707506767697],[-89.2473411232925,30.5704813538817],[-89.2467158521566,30.5704430136527],[-89.24468323294552,30.5684235335768],[-89.2434327251825,30.5683468191092],[-89.2431423638741,30.5680583148573],[-89.2428297384693,30.5680391331889],[-89.2425393803771,30.5677506271624],[-89.24191413234621,30.5677122594963],[-89.2416237786398,30.5674237508608],[-89.2413111560139,30.5674045648631],[-89.2410208055236,30.56711605445321],[-89.24070818421391,30.5670968667342],[-89.2407304570797,30.5668275431033],[-89.23956908376721,30.5656734883043],[-89.2395913599928,30.5654041640941],[-89.239301022657,30.565115647939],[-89.2393232996126,30.56484632346581],[-89.2390329651996,30.56455780626541],[-89.23907752042432,30.564019156635],[-89.2384968612431,30.5634421189925],[-89.2385414193876,30.5629034683096],[-89.2382510946192,30.5626149478675],[-89.237938491145,30.5625957521167],[-89.2370675326253,30.5617301826474],[-89.2367549328066,30.5617109835065],[-89.23617430636321,30.5611339308249],[-89.2358617090303,30.5611147291284],[-89.2349907882192,30.5602491405532],[-89.2346781945419,30.5602299354667],[-89.2343878928664,30.5599414032273],[-89.23282493252782,30.5598453603228],[-89.2313734840806,30.5584026641667],[-89.2298105566506,30.5583065782355],[-89.2289397296775,30.5574409367475]]},"properties":{"segment_id":"a3aae0155170b72b17282ac8","source_kmz":"biloxi","orientation":"unverified"}},{"type":"Feature","geometry":{"type":"LineString","coordinates":[[-89.0667809356457,30.6023051472486],[-89.066803790452,30.6020358791617],[-89.0671393575718,30.6017862899459],[-89.0673907376017,30.5988243282946],[-89.06772628976202,30.5985747356083],[-89.0677719909193,30.5980361946603],[-89.0691141697023,30.5970378107152],[-89.0691370153603,30.5967685391618],[-89.06944970928102,30.5967882118507],[-89.0694725537653,30.5965189400865],[-89.0714857412139,30.5950213214577],[-89.0716455991021,30.5931364058458],[-89.0719811149648,30.59288679723541],[-89.0720039500313,30.5926175227362],[-89.07267497327,30.5921183016397],[-89.07272063825802,30.5915797513257],[-89.0730561444605,30.5913301386287],[-89.073170298434,30.58998375903481],[-89.0738412929647,30.5894845280777],[-89.0741539601865,30.5895041877387],[-89.0744894535092,30.589254569593],[-89.0751147866573,30.5892938843742],[-89.0754046305756,30.5895828175152],[-89.0760299666713,30.58962212708281],[-89.0767009407938,30.5891228783568],[-89.0767693958069,30.5883150450563],[-89.0774403547036,30.5878157904599],[-89.0774631703943,30.5875465119563],[-89.0777986455998,30.5872968827204],[-89.0778214599671,30.58702760384841],[-89.0794987994331,30.5857794393463],[-89.0792089545308,30.5854905146451],[-89.0792545728288,30.5849519541112],[-89.07896473171891,30.5846630282648],[-89.0790331606593,30.58385518597081],[-89.0787433242146,30.5835662588751],[-89.0787661344343,30.5832969776914],[-89.079101588249,30.5830473422593],[-89.07919282293422,30.5819702151053],[-89.07952827001031,30.5817205776778],[-89.0798409089404,30.5817402215461],[-89.0798865209903,30.5812016564949],[-89.0801991580243,30.5812212993695],[-89.0802903762315,30.58014416716251],[-89.0806258124771,30.5798945254375],[-89.0806486154808,30.5796252417808],[-89.08131947948812,30.579125954455],[-89.0816321089382,30.5791455933552],[-89.0826383869855,30.5783966509124],[-89.082683978767,30.5778580809089],[-89.0833548158772,30.577358779347],[-89.08337760919711,30.5770894936868],[-89.0840484357779,30.5765901870982],[-89.0841168078007,30.5757823279053],[-89.084787619161,30.5752830154458],[-89.0848104071898,30.5750137283107],[-89.0851458086284,30.5747640701432],[-89.0853736689425,30.5720711880101],[-89.0857090566079,30.5718215265805],[-89.0857546245264,30.5712829478393],[-89.0860900078007,30.5710332848363],[-89.0855103779356,30.5704554511608],[-89.08557873040871,30.5696475806069],[-89.0852889211631,30.5693586620499],[-89.0853800591868,30.56828149868541],[-89.0860508013834,30.5677821706428],[-89.0860735831694,30.567512878985],[-89.0854939783439,30.56693504093],[-89.0856078937542,30.5655885792298],[-89.0853180987735,30.5652996582739],[-89.0854547975566,30.563683898399],[-89.0851650098577,30.563394975879],[-89.0853017084819,30.5617792096946],[-89.0850119280644,30.5614902856102],[-89.085347273491,30.5612406197035],[-89.0853700557707,30.5609713244711],[-89.0857053979798,30.560721657202],[-89.0860015387396,30.5572208020636],[-89.0870075073762,30.5564717851078],[-89.087030282869,30.556202486819],[-89.0887068505049,30.5549541011454],[-89.0893319285209,30.5549933381961],[-89.0896672341684,30.5547436557282],[-89.0899797725284,30.554763271984],[-89.09065037594361,30.5542639017151],[-89.090673138842,30.5539946014176],[-89.0910084363103,30.553744914345],[-89.09103119788692,30.5534756136781],[-89.09074142663901,30.5531866995767],[-89.091105605467,30.5488778657359],[-89.0917761538224,30.5483784824069],[-89.0918216687936,30.5478398744857],[-89.0915319146983,30.5475509590177]]},"properties":{"segment_id":"46225bc5ca35d64c9e6ba0ea","source_kmz":"biloxi","orientation":"unverified"}},{"type":"Feature","geometry":{"type":"LineString","coordinates":[[-89.02468088485,30.5614750300997],[-89.0232330784556,30.5600296033792],[-89.022920536062,30.5600097982056],[-89.0226309820906,30.5597207092189],[-89.02200590010392,30.55968109454721],[-89.0217163505242,30.5593920029587],[-89.0192160380154,30.5592335021542],[-89.0183474297087,30.5583662017877],[-89.0152220878956,30.5581679710284],[-89.0149325676183,30.55787886070801],[-89.0146200354429,30.5578590319243],[-89.01464304938541,30.55758974945091],[-89.0137054568343,30.5575302579432],[-89.0134159441668,30.5572411432522],[-89.0131034147928,30.5572213101443],[-89.0128139053433,30.5569321936842],[-89.0125013772944,30.5569123588575],[-89.0122118710629,30.5566232406284],[-89.0115868177665,30.5565835666508],[-89.0112973159267,30.5562944458203],[-89.0025466662659,30.5557386145434],[-89.0008098953382,30.5540037300514],[-88.9995598404005,30.55392424887861],[-88.9984020527796,30.5527676271718],[-88.9980895441194,30.5527477513334],[-88.9975106649213,30.552169433197],[-88.99760293843481,30.5510923036977],[-88.9970240743754,30.5505139809828],[-88.9967115746501,30.55049410114521],[-88.9957048539909,30.5512423036521],[-88.994547158737,30.5500856349187],[-88.9942346612476,30.5500657480446],[-88.9936558282319,30.5494874063951],[-88.9933433332419,30.5494675169702],[-88.9930539209737,30.5491783439087],[-88.99307700339202,30.5489090610002],[-88.9927875940379,30.54861988689821],[-88.9924751025691,30.5485999949766],[-88.9913174902862,30.5474432858761],[-88.990692517194,30.5474034927162],[-88.9904031215803,30.5471143114358],[-88.98977815144302,30.5470745130664],[-88.9894887602207,30.5467853291853],[-88.9891762765536,30.546765427839],[-88.9883081186702,30.545897868081],[-88.9870581996058,30.5458182438469],[-88.9867226178599,30.5460676189275],[-88.9860976574994,30.546027799612],[-88.98576207197,30.5462771716591],[-88.9835747094054,30.5461377695545],[-88.9829035200371,30.54663649702441],[-88.9810286333287,30.5465169636566],[-88.98069303036,30.5467663200197],[-88.9794431054496,30.5466866096206],[-88.9791537520942,30.546397398383],[-88.9788412724207,30.5463774677355],[-88.9788644007824,30.5461081862092],[-88.9773020098058,30.54600851994841],[-88.9770126664074,30.5457193026781],[-88.97670018984232,30.545699365935],[-88.9763645770453,30.5459487095568],[-88.9760520997627,30.5459287709871],[-88.9754734244013,30.5453503288537],[-88.9748484749886,30.5453104457273],[-88.9745591427212,30.5450212215923],[-88.9729967777227,30.5449214941065],[-88.9712608622524,30.5431861046773],[-88.9712840146369,30.5429168229231],[-88.9707053942337,30.5423383520829],[-88.97008047012712,30.5422984416813],[-88.9689232632333,30.541141482112],[-88.9686108061044,30.541121522254],[-88.9686339666183,30.5408522398794],[-88.9683215106633,30.5408322791894],[-88.9679858923033,30.5410815998793],[-88.967048522744,30.5410217096707],[-88.96675923317291,30.5407324624464],[-88.96425959711,30.5405727095749],[-88.9639703189744,30.54028345475921],[-88.9617831536381,30.5401436186478],[-88.961493885764,30.5398543570727],[-88.9611814353569,30.5398343761087],[-88.9605101613036,30.5403329739239],[-88.9589479028636,30.540233046406],[-88.9582766119459,30.5407316302033],[-88.9564018964214,30.5406116766513],[-88.9543771856794,30.5385867291646],[-88.9534398546344,30.5385267229566],[-88.9531506219378,30.5382374385052],[-88.95190085404451,30.5381574144943],[-88.9507439624759,30.5370002540211],[-88.9501190888386,30.5369602300444],[-88.9501423089706,30.5366909491861]]},"properties":{"segment_id":"325ff08da2df783e7b979325","source_kmz":"biloxi","orientation":"unverified"}},{"type":"Feature","geometry":{"type":"LineString","coordinates":[[-89.2266174666036,30.5513426891787],[-89.2259923513228,30.5513042299351]]},"properties":{"segment_id":"c3bed43a92befb8b35a34e7d","source_kmz":"biloxi","orientation":"unverified"}},{"type":"Feature","geometry":{"type":"LineString","coordinates":[[-89.2033757096697,30.5550537917773],[-89.2030855366594,30.5547651740109],[-89.2027729714177,30.5547458782817],[-89.2021926338738,30.5541686382623],[-89.202237425782,30.5536299917294],[-89.2016570999215,30.5530527475302],[-89.2017242919313,30.5522447759141],[-89.2014341346953,30.551956152089],[-89.2021040349951,30.5514561015225],[-89.2021264305724,30.5511867768084],[-89.2009658232257,30.5500322775198],[-89.20034073001831,30.5499936727741],[-89.20005058563481,30.549705043935],[-89.199738040422,30.5496857393983],[-89.1994478992537,30.5493971087856],[-89.1991353553583,30.54937780252831],[-89.1985550814972,30.5488005368163],[-89.1985774880199,30.5485312113104],[-89.1977070951927,30.5476653053795],[-89.1955193401591,30.5475301079322],[-89.1949391048794,30.5469528209379],[-89.1921263086553,30.5467789168073]]},"properties":{"segment_id":"bba2a44c3996529eb56e6933","source_kmz":"biloxi","orientation":"unverified"}},{"type":"Feature","geometry":{"type":"LineString","coordinates":[[-89.06817942614612,30.5598904096475],[-89.0682022645133,30.5596211171973],[-89.0695438083306,30.5586226471569],[-89.0695894752333,30.55808406009101],[-89.0699248537302,30.5578344392793],[-89.0699476857837,30.5575651452979],[-89.07162454173321,30.5563170229104],[-89.0716473677738,30.5560477277136],[-89.07198273165682,30.5557980995703],[-89.0721425015296,30.5539130272883],[-89.07247785516061,30.5536633965131],[-89.0727745358825,30.5501625246936],[-89.0724848407736,30.54987356060621],[-89.0726445875298,30.5479884639814],[-89.07235490057,30.5476994982239],[-89.0724690052536,30.5463529953673],[-89.0721793246985,30.5460640281487],[-89.0722249672654,30.5455254256896],[-89.07390154199112,30.5442772369027],[-89.07483902635272,30.5443362183441],[-89.0765155368932,30.5430879866741],[-89.0765611492849,30.5425493790285],[-89.0768964429165,30.542299728817],[-89.07696485686311,30.541491815527],[-89.07730014493461,30.5412421635291],[-89.0773229481116,30.5409728585709],[-89.077658232967,30.5407232052099],[-89.0778634442642,30.5382994515595],[-89.0775737731611,30.5380104935856],[-89.0776193757662,30.5374718797124],[-89.0782899129634,30.5369725663348]]},"properties":{"segment_id":"9968025ba133123f43f32280","source_kmz":"biloxi","orientation":"unverified"}},{"type":"Feature","geometry":{"type":"LineString","coordinates":[[-88.8251775195466,30.5429669125152],[-88.8255135799921,30.5427180277523],[-88.8257262572874,30.5402947621096],[-88.8263983508724,30.5397969852681],[-88.8264219785531,30.53952773230961],[-88.8281021708922,30.5382832689194],[-88.8281494140226,30.5377447603874],[-88.8291574978598,30.5369980672069],[-88.8292047333105,30.5364595567571],[-88.82954075481902,30.5362106562919],[-88.8296116033015,30.5354028887858],[-88.8299476192387,30.5351539865236],[-88.8299712339126,30.534884730157],[-88.8333312692053,30.5323956418586],[-88.8334020770082,30.5315878653885],[-88.8330896896637,30.53156752113181],[-88.8328009068069,30.5312779169589],[-88.8321761349357,30.5312372241263],[-88.8313098056743,30.53036840101881],[-88.831333414491,30.5300991416301],[-88.8307086523395,30.53005844038],[-88.830419883221,30.5297688290445],[-88.83044349479012,30.5294995695042],[-88.8327953762693,30.5277571898674],[-88.8337324949575,30.5278182229743],[-88.8340684672614,30.5275693041532],[-88.8340920662038,30.52730004257611],[-88.8344280352899,30.5270511223857],[-88.8345460217948,30.5257048110488],[-88.8348819829592,30.5254558886331],[-88.8349055786188,30.5251866256753],[-88.8346168118363,30.5248970223411],[-88.8346640044217,30.524358495742],[-88.8349999597063,30.524109572256],[-88.8350235545904,30.5238403085041],[-88.8363673506089,30.5228446021518],[-88.8369920605559,30.5228852719582],[-88.8375695987735,30.5234644677203],[-88.8395852248858,30.5219708535185],[-88.839897577249,30.5219911797848],[-88.8402335069231,30.5217422391004]]},"properties":{"segment_id":"8f1235a61b1cdd4c17b1e94c","source_kmz":"biloxi","orientation":"unverified"}},{"type":"Feature","geometry":{"type":"LineString","coordinates":[[-88.8407577757922,30.5623946325097],[-88.8398910258192,30.5615259341036],[-88.83993820482901,30.560987446997],[-88.8393603851978,30.5604083096455],[-88.8395019289031,30.5587928432942],[-88.8392130273521,30.5585032726],[-88.8393545706715,30.5568877999352],[-88.8387767840978,30.5563086545096],[-88.838800375841,30.5560394083056],[-88.8391364485279,30.5557904889116],[-88.8391600389392,30.5555212423359],[-88.8388711501399,30.5552316687441],[-88.8395788163409,30.5471541947607],[-88.8372679874217,30.5448375476605],[-88.837338767154,30.5440297899459],[-88.83767479500081,30.5437808686831],[-88.8379578858518,30.5405498209956],[-88.8376690541113,30.5402602350838],[-88.8379521330204,30.5370291633273],[-88.8373744964526,30.5364499862216],[-88.8375160379244,30.5348344405392],[-88.8378520275088,30.5345855138896],[-88.83787561603512,30.5343162555068],[-88.8382116024011,30.53406732748831],[-88.8385182238415,30.5305669512927],[-88.8382294253203,30.5302773607248],[-88.8383237685705,30.5292003160858],[-88.8389956945697,30.5287024507647],[-88.8393080724544,30.5287227784113],[-88.83956746650001,30.5257608872429],[-88.8389898979675,30.5251817047683],[-88.8390134800459,30.524912440775],[-88.84002130694,30.524165627966],[-88.8402335069231,30.5217422391004]]},"properties":{"segment_id":"ec5cd67af1da6c3a7df9bcb9","source_kmz":"biloxi","orientation":"unverified"}},{"type":"Feature","geometry":{"type":"LineString","coordinates":[[-89.1885121819152,30.5411410717956],[-89.1881772334833,30.5413910618274],[-89.1881547947131,30.54166038928791],[-89.187484889375,30.5421603654808],[-89.1871723759189,30.5421410250242],[-89.1868374193079,30.542391010457],[-89.1867925322602,30.5429296635344],[-89.1864575712643,30.5431796473961],[-89.186435126349,30.543448973487],[-89.1854302275824,30.5441989175418],[-89.18511770683271,30.54417957134571],[-89.1848276367009,30.5438908989095],[-89.1838900788481,30.5438328525008],[-89.1835551052991,30.5440828270682],[-89.1835326505913,30.5443521520534],[-89.1825277141647,30.5451020682249],[-89.1822151906544,30.54508271384],[-89.18188020688102,30.5453326826586],[-89.1818577463225,30.5456020065903],[-89.181522759334,30.5458519740483],[-89.1815002974576,30.5461212976113],[-89.1804953207119,30.5468711924546],[-89.1801827909307,30.54685183238241],[-89.1801603243733,30.5471211551027]]},"properties":{"segment_id":"e02d5b568cb1b519d51abdf9","source_kmz":"biloxi","orientation":"unverified"}},{"type":"Feature","geometry":{"type":"LineString","coordinates":[[-89.0658370022086,30.5356472590976],[-89.0655473829147,30.5353582679089],[-89.0655702230954,30.5350889620276],[-89.0644117698431,30.5339329874768],[-89.0644574567268,30.5333943744],[-89.0664691843386,30.5318966476457]]},"properties":{"segment_id":"b06ce0cebe21177a9186510a","source_kmz":"biloxi","orientation":"unverified"}},{"type":"Feature","geometry":{"type":"LineString","coordinates":[[-88.8096001206775,30.5200154073157],[-88.8096948284837,30.5189383637833],[-88.8088288677119,30.5180693413855],[-88.80851653802571,30.5180489269206],[-88.8079392434028,30.517469572325],[-88.808010288659,30.51666178662],[-88.8077216470039,30.5163721076106],[-88.8077926934539,30.515564320164],[-88.8075040564344,30.51527463991],[-88.8075277391379,30.5150053770062],[-88.8072391050243,30.5147156957147],[-88.8073101547954,30.5139079057384],[-88.8076461503206,30.513659060102],[-88.8077171951623,30.512851268051],[-88.8080531851182,30.5126024206154],[-88.8083654939272,30.5126228366292],[-88.809709429883,30.5116274315656],[-88.8097331042849,30.5113581661027],[-88.8100690819956,30.5111093117332],[-88.8101164279806,30.5105707799012],[-88.8114603090078,30.5095753491508]]},"properties":{"segment_id":"3b93bf02266365e8849caaae","source_kmz":"biloxi","orientation":"unverified"}},{"type":"Feature","geometry":{"type":"LineString","coordinates":[[-88.789563362227,30.5192457546952],[-88.7905003512551,30.5193071563775],[-88.7908364199753,30.5190583648362],[-88.79114874909901,30.51907882935061],[-88.7928290577613,30.5178348495987],[-88.7931413827182,30.5178553085205],[-88.7931651133705,30.5175860501806],[-88.793837218466,30.5170884478769],[-88.7938609466093,30.516819188949],[-88.79486908541561,30.5160727761808],[-88.796118361348,30.5161545837394],[-88.7961420817241,30.5158853237867],[-88.7968141547874,30.5153877015358],[-88.79683787265482,30.5151184409951],[-88.79717390494872,30.5148696279214],[-88.7972213378632,30.5143311059337],[-88.7975573657635,30.5140822912751],[-88.7976522250167,30.51300524453311],[-88.7983242652843,30.5125076100319],[-88.7983716892707,30.5119690848483],[-88.8005578204103,30.51211217055461],[-88.8025738418064,30.5106191972051],[-88.80319844173032,30.510660059569],[-88.8042064196902,30.5099135516442],[-88.8045187172918,30.509933978674],[-88.804854704999,30.5096851394464],[-88.8054792989399,30.5097259889663],[-88.8061512647735,30.5092283032792],[-88.807400447606,30.5093099841607],[-88.8077364240029,30.5090611358189],[-88.8092979017217,30.5091632122858],[-88.8095865235548,30.5094528916022],[-88.8114603090078,30.5095753491508]]},"properties":{"segment_id":"9a0877786743e2ef38d90ddc","source_kmz":"biloxi","orientation":"unverified"}},{"type":"Feature","geometry":{"type":"LineString","coordinates":[[-88.9214782461739,30.5557003715267],[-88.9215248852755,30.5551618430928],[-88.9209465299352,30.5545831262266],[-88.920969850993,30.55431386156531],[-88.9198131683106,30.5531564161965],[-88.9198598169136,30.5526178855705],[-88.91957065308891,30.5523285216832],[-88.91966395192782,30.5512514581181],[-88.9182181808254,30.5498046225813],[-88.9182415094933,30.5495353557763],[-88.9173740739584,30.5486672429208],[-88.91739740507782,30.5483979756465],[-88.9168191266747,30.5478192288595],[-88.9168657919262,30.5472806934215],[-88.9165766575262,30.5469913184179],[-88.9166233239004,30.5464527821392],[-88.9163341932801,30.5461634059929],[-88.9163575271052,30.5458941375124],[-88.9160683993963,30.5456047603273],[-88.9161384025557,30.5447969536244],[-88.9152710395016,30.5439288155241],[-88.9153177127161,30.543390276308],[-88.9150285975206,30.5431008948633],[-88.915145282212,30.5417545435323],[-88.9148561733999,30.5414651606336],[-88.9151919550143,30.5412160018909],[-88.9152619630671,30.5404081882406],[-88.9155977391137,30.5401590277047],[-88.9158310775671,30.5374663031059],[-88.9161668398221,30.5372171392849],[-88.91619017164881,30.5369478657402],[-88.91686168768071,30.5364495342102],[-88.91512714141581,30.5347132302844],[-88.9151504759472,30.5344439555315],[-88.914283232995,30.53357579062971],[-88.9139708180932,30.5335556756269],[-88.9139941560961,30.5332864004583],[-88.9133693287955,30.53324616790381],[-88.9122130510241,30.5320885912137],[-88.9119006423029,30.5320684702817],[-88.911322518022,30.5314896746618],[-88.9110101118038,30.5314695511809],[-88.910674357423,30.5317187023328],[-88.9100495437117,30.5316784508313],[-88.9088933349848,30.5305208354814],[-88.90545692224201,30.530299352291],[-88.905167888089,30.5300099369705],[-88.9045430901185,30.5299696541182],[-88.9042540603576,30.5296802361998],[-88.9039416627776,30.5296600926133],[-88.9039650326391,30.5293908173461],[-88.9036526362339,30.5293706729283],[-88.9030745892735,30.5287918307526],[-88.9030979617375,30.5285225551736],[-88.9028089421882,30.528233132579],[-88.902832315366,30.5279638567373],[-88.9025199246813,30.5279437090491],[-88.9022309092166,30.5276542845839],[-88.9016061306577,30.5276139848868],[-88.901270363479,30.5278631094358],[-88.90064558380001,30.5278228043131],[-88.90030981284421,30.5280719258265],[-88.8993726418763,30.5280114586751],[-88.89934925731241,30.5282807337559],[-88.8986777017199,30.52877896724871],[-88.8978106933381,30.5279106623691],[-88.89593636016662,30.5277896775636],[-88.8956005750257,30.5280387847519],[-88.8943510191851,30.5279581067315],[-88.89319508482761,30.5268003176416],[-88.8932418934152,30.52626176824271],[-88.8915080635492,30.5245250553073],[-88.8915782908853,30.5237172281475],[-88.8932571687572,30.5224717305031],[-88.8938819039899,30.5225120779537],[-88.894170871816,30.5228015274609],[-88.8954203488266,30.5228822084058],[-88.8957561133798,30.5226330990423],[-88.89580290275072,30.5220945437964],[-88.8949359955807,30.5212262040007],[-88.8956075120169,30.5207279853196],[-88.8956309067236,30.5204587067192],[-88.8959432671721,30.52047887424761],[-88.8959900540824,30.5199403164609],[-88.8951231677236,30.519071974168],[-88.8951465635494,30.5188026947242],[-88.8935847957786,30.5187018365769],[-88.8930068952293,30.51812292851921],[-88.8930302977397,30.5178536489822],[-88.8927413513947,30.5175641934464],[-88.89278815768802,30.5170256336877],[-88.8919213361048,30.5161572608444],[-88.89160899312272,30.5161370817347],[-88.8916323996603,30.5158678013595],[-88.8910545328961,30.51528887958411],[-88.8904298541337,30.5152485154923],[-88.889274154501,30.51409065407],[-88.8886494857514,30.5140502797859],[-88.88878997745131,30.5124345917635]]},"properties":{"segment_id":"983264aa95da92c4497577c8","source_kmz":"biloxi","orientation":"unverified"}},{"type":"Feature","geometry":{"type":"LineString","coordinates":[[-89.1380575901786,30.5247415533149],[-89.136382393223,30.5259907689149],[-89.13635978838201,30.5262600945833],[-89.1360247416895,30.5265099340402],[-89.1360021355293,30.5267792593387],[-89.1346619236403,30.5277786048149],[-89.1346393126494,30.5280479291096],[-89.1343042533972,30.5282977623907],[-89.1342138032646,30.5293750571398],[-89.1335436692642,30.5298747185596],[-89.1334984386233,30.5304133641383],[-89.1324932152701,30.5311628463703],[-89.1324705962145,30.5314321682881]]},"properties":{"segment_id":"10c98d928a47847f4ac53d20","source_kmz":"biloxi","orientation":"unverified"}},{"type":"Feature","geometry":{"type":"LineString","coordinates":[[-89.1223274330189,30.5213229561935],[-89.1209871435941,30.5223221469876],[-89.12096448915291,30.5225914715914],[-89.1206294105176,30.5228412662013],[-89.12031698662152,30.5228217354797],[-89.1202716729075,30.52336038368241],[-89.1182611388992,30.5248591189995],[-89.1170114156854,30.5247809642836],[-89.116676316041,30.5250307457178],[-89.1165856376964,30.5261080334484],[-89.1159607670644,30.5260689484697],[-89.1156256589478,30.5263187260282]]},"properties":{"segment_id":"a79f8b1e6ef40ed5b0df7909","source_kmz":"biloxi","orientation":"unverified"}},{"type":"Feature","geometry":{"type":"LineString","coordinates":[[-89.0420301406212,30.5311665581729],[-89.0427008430975,30.5306674545878],[-89.0427237570819,30.5303981507702],[-89.0430591040828,30.5301485970375],[-89.0430820167443,30.52987929284931],[-89.0434173605296,30.5296297377525],[-89.0434860940932,30.5288218236004],[-89.0444921026395,30.5280731494888],[-89.0445150100094,30.5278038438179],[-89.044850340933,30.5275542832646],[-89.0448732469801,30.5272849772231],[-89.0452085746883,30.5270354153056],[-89.04527728840951,30.5262274955933],[-89.0456126105581,30.5259779318874],[-89.0456813194076,30.52517001011161],[-89.046351950543,30.5246708779706],[-89.04728919065522,30.524730096078],[-89.0489657196764,30.5234822314699],[-89.0489886110562,30.523212922248],[-89.0486990951621,30.5229238791905],[-89.0487448792122,30.5223852600609],[-89.0494154688859,30.521886106336],[-89.0494383583413,30.5216167961089],[-89.0497736489419,30.5213672173063],[-89.0498194250573,30.5208285959517],[-89.0511605576559,30.5198302675244],[-89.0514729535754,30.5198499943555],[-89.05180823074701,30.5196004084292],[-89.0518311116982,30.5193310963992],[-89.0528369274409,30.5185823310722],[-89.0531493190055,30.51860205320491],[-89.0534009496386,30.5156396028096]]},"properties":{"segment_id":"7b233b88f5d34503cc375f3c","source_kmz":"biloxi","orientation":"unverified"}},{"type":"Feature","geometry":{"type":"LineString","coordinates":[[-88.8114603090078,30.5095753491508],[-88.81347606932611,30.5080821683564],[-88.813499730326,30.5078129000569],[-88.8148435250208,30.5068174222238],[-88.814867181162,30.506548152907],[-88.8168828049306,30.5050549002026],[-88.8169064538618,30.5047856294396],[-88.822616968964,30.5005545172194],[-88.8229292354824,30.50057489249],[-88.8232651289067,30.50032599219511],[-88.8238896606795,30.5003667381974],[-88.8241783031089,30.5006563847155],[-88.8244905704037,30.5006767555577],[-88.8247792160489,30.500966400311],[-88.8266528301298,30.50108860178201],[-88.8273245965295,30.5005907778831],[-88.828261400475,30.5006518610162],[-88.8285500593601,30.5009414959083],[-88.8288623288277,30.5009618543508],[-88.8291509909286,30.501251487478],[-88.8294632617267,30.5012718442043],[-88.82943965507,30.50154111967071],[-88.8297283212519,30.501830750929],[-88.83097741477792,30.5019121658765],[-88.831843439671,30.5027810440789],[-88.8321557169664,30.50280139311],[-88.8324443971872,30.503091016478],[-88.833693512621,30.5031724004235],[-88.8340293839953,30.5029234686969],[-88.8343180712682,30.5032130870819],[-88.8346303508244,30.5032334290825],[-88.83607382367501,30.504681502837],[-88.8360502377588,30.504950777767],[-88.836362524367,30.5049711147844],[-88.8366512270998,30.5052607257972],[-88.837275803132,30.5053013955137],[-88.83761167235,30.5050524539967],[-88.8379239597331,30.5050727865854],[-88.8382126683426,30.5053623934455],[-88.8394618241263,30.5054437116206],[-88.8397505394777,30.5057333142239],[-88.84068741146831,30.5057942910632],[-88.8409761323864,30.50608389024],[-88.8412884245351,30.5061042132511],[-88.8415771486692,30.5063938106627],[-88.84407550083661,30.5065563562187],[-88.8447472062028,30.5060584319153],[-88.8456840856272,30.50611936623841],[-88.84597282534942,30.50640895212541],[-88.8469097096927,30.5064698759848],[-88.8471984549813,30.5067594584452],[-88.8509460203852,30.5070030641957],[-88.8512347818168,30.5072926357534],[-88.8518593805671,30.5073332226496],[-88.85214814639,30.50762279161111],[-88.85246044717232,30.5076430828999],[-88.85390431277621,30.5090909095329],[-88.8551535409548,30.5091720492155]]},"properties":{"segment_id":"832c7613ae022f95bf729510","source_kmz":"biloxi","orientation":"unverified"}},{"type":"Feature","geometry":{"type":"LineString","coordinates":[[-89.0310387379343,30.5163916521531],[-89.03204470758942,30.51564307188851],[-89.0323570829346,30.5156628530668],[-89.0333630315961,30.51491425961281],[-89.0334089119892,30.5143756377039],[-89.03374422178071,30.5141261038232],[-89.0337900992265,30.5135874808544],[-89.0347960093147,30.5128388710243],[-89.0349565510143,30.5109536811691],[-89.0352918420889,30.5107041407673],[-89.0354294363492,30.5090882562793],[-89.0367705521012,30.5080900780493],[-89.0370828997929,30.5081098461524],[-89.0377534436754,30.507610748245],[-89.0380657897771,30.5076305135828],[-89.0384010577848,30.5073809619611],[-89.0396504402169,30.5074600106939],[-89.041661984489,30.5059626542177],[-89.0419139916,30.5030001505344],[-89.0429196975064,30.5022514497285],[-89.04294260282572,30.5019821296205]]},"properties":{"segment_id":"b3654773e952d1666093df5d","source_kmz":"biloxi","orientation":"unverified"}},{"type":"Feature","geometry":{"type":"LineString","coordinates":[[-88.7244737005765,30.481105751627],[-88.7244976461566,30.4808364870966],[-88.7248337574072,30.4805878764961],[-88.7248577016533,30.4803186115902],[-88.7251938096885,30.48006999961701],[-88.7252177526006,30.4798007343357],[-88.7258899602015,30.4793035064865],[-88.7262021215617,30.4793241567547],[-88.726538221442,30.4790755401532],[-88.7268503820974,30.4790961885947],[-88.7278586669201,30.4783503290235],[-88.7278826005767,30.47808106217631]]},"properties":{"segment_id":"d86c916db8e0cfd4b2295170","source_kmz":"biloxi","orientation":"unverified"}},{"type":"Feature","geometry":{"type":"LineString","coordinates":[[-88.768290478545,30.5040376286841],[-88.7683380950045,30.5034991067582],[-88.7686741661721,30.5032503744375],[-88.7687931987003,30.5019040657608],[-88.7691292619451,30.5016553312088],[-88.769343500052,30.4992319636201],[-88.76967955066891,30.4989832259768],[-88.7697033529444,30.4987139618997],[-88.770039400345,30.498465222885],[-88.7700632012878,30.4981959584336],[-88.7710713277207,30.4974497338066],[-88.7712141089194,30.4958341398807],[-88.7715501399262,30.4955853947355],[-88.7715739350691,30.4953161283083],[-88.772582012322,30.4945698852895],[-88.77265338622651,30.4937620831158],[-88.77236495021772,30.4934722974408],[-88.7723887420701,30.493203029627],[-88.7727247587241,30.4929542795073],[-88.772748549244,30.4926850113189],[-88.77442859603862,30.4914412423006],[-88.77447616484821,30.4909027032945],[-88.7748121657361,30.4906539455918],[-88.77490729677591,30.4895768648054],[-88.7740420151463,30.488707514934],[-88.7741371540474,30.4876304303492],[-88.7738487343702,30.4873406447756],[-88.77389630461,30.48680210131811],[-88.7710122372701,30.483904192146],[-88.7700756675695,30.4838426201857],[-88.767480213067,30.4812343996875],[-88.7671680340629,30.4812138664616],[-88.7668796616008,30.4809240586854],[-88.766567483929,30.4809035237443],[-88.7662791146818,30.4806137142046],[-88.7659669383424,30.4805931775483],[-88.7656785723101,30.4803033662451],[-88.7653663973031,30.4802828278735],[-88.7650780344857,30.4799930148068],[-88.7625806494691,30.4798286693208]]},"properties":{"segment_id":"6e654a796eca5caf670a2216","source_kmz":"biloxi","orientation":"unverified"}},{"type":"Feature","geometry":{"type":"LineString","coordinates":[[-88.8373829380238,30.482559748993],[-88.83767156542622,30.4828493711447],[-88.8401691922214,30.4830120133878],[-88.8407464719397,30.4835912415999],[-88.8410586783353,30.4836115662345],[-88.8425019191988,30.4850596162527],[-88.8424783600472,30.4853289037999],[-88.8447876584172,30.4876457343812],[-88.8447641060318,30.487915020934],[-88.8450527783726,30.4882046204455],[-88.8450056748679,30.4887431928641],[-88.84789252777881,30.4916391344746],[-88.847539361559,30.4956783916478],[-88.8481167825838,30.4962575656239],[-88.84802260596922,30.4973346939823],[-88.8494662115472,30.4987826104796],[-88.8497784779768,30.4988029097491],[-88.850355936841,30.4993820681433],[-88.8502382479863,30.5007284716372],[-88.8508157236685,30.5013076252506],[-88.8507921871647,30.5015769052634],[-88.85108092893242,30.5018664805639],[-88.8510103210898,30.5026743193349],[-88.8512990674951,30.5029638933882],[-88.8512284608574,30.5037717304143],[-88.8515172119004,30.5040613032206],[-88.8518294989533,30.5040815964507],[-88.85211825321201,30.5043711674915],[-88.8524305415946,30.5043914590052],[-88.85271929906921,30.5046810282806],[-88.8526722364798,30.505219585098],[-88.85298452823291,30.5052398750053],[-88.8532732906548,30.5055294423071],[-88.8535855837376,30.505549730498],[-88.8538743493754,30.5058392960343],[-88.8541866437878,30.5058595825087],[-88.8544754126415,30.5061491462795],[-88.8557245965378,30.5062302799967],[-88.8560133721325,30.5065198395098],[-88.85632566966811,30.506540119894],[-88.8566144484788,30.5068296776415],[-88.8588005437809,30.5069716097136]]},"properties":{"segment_id":"9cb9e597fc44ca7ab6057729","source_kmz":"biloxi","orientation":"unverified"}},{"type":"Feature","geometry":{"type":"LineString","coordinates":[[-88.7743689551556,30.4778955291386],[-88.7736970532404,30.478393054206],[-88.7702631946935,30.478167332424],[-88.7699272311825,30.4784160828716],[-88.7658690478846,30.4781491704053],[-88.7651970923056,30.478646643363],[-88.7645727553074,30.478605562861],[-88.7642367727335,30.4788542957229],[-88.76392460360601,30.4788337532026],[-88.7625806494691,30.4798286693208]]},"properties":{"segment_id":"a732e76150f47be4379acd16","source_kmz":"biloxi","orientation":"unverified"}},{"type":"Feature","geometry":{"type":"LineString","coordinates":[[-88.7788311797375,30.4735843825831],[-88.7788074147401,30.4738536630414],[-88.7781355728891,30.4743512194652],[-88.7781118053846,30.4746204993331],[-88.7777758802253,30.4748692755952],[-88.7777521113891,30.4751385550881],[-88.77741618301552,30.4753873299786],[-88.7773686425234,30.47592588805451],[-88.7766967749573,30.4764234335053],[-88.7766492291382,30.47696199008101],[-88.7756414054435,30.477708298293],[-88.7747049030547,30.4776467648703],[-88.7743689551556,30.4778955291386]]},"properties":{"segment_id":"15b679a2171456b97e9c2012","source_kmz":"biloxi","orientation":"unverified"}},{"type":"Feature","geometry":{"type":"LineString","coordinates":[[-88.79921623409521,30.4738379363632],[-88.7978727902568,30.474833293526],[-88.79756062803182,30.47481284613861],[-88.7972247611111,30.4750616815985],[-88.7959761103131,30.4749798794312],[-88.7953043634452,30.475477539356],[-88.7949921994077,30.4754570847189],[-88.7944153003203,30.4748776068],[-88.7941031387891,30.4748571496175],[-88.7937672611925,30.4751059745127],[-88.79283077494262,30.47504459483],[-88.7921590084508,30.4755422355068],[-88.7884130567516,30.47529661450641],[-88.7874053606331,30.4760430329781],[-88.7870931964143,30.4760225559834],[-88.78574956959051,30.4770177606625],[-88.7832522338235,30.476853882719],[-88.7829163151124,30.4771026734707],[-88.7828925625141,30.47737195279001],[-88.7825566405885,30.4776207421702],[-88.7825328866586,30.4778900211146],[-88.7812842074566,30.4778080529204],[-88.7809482788628,30.4780568371652],[-88.78001176851,30.4779953488995],[-88.779675835287,30.4782441291651],[-88.7743689551556,30.4778955291386]]},"properties":{"segment_id":"01123271b3d4df5e84ebde8b","source_kmz":"biloxi","orientation":"unverified"}},{"type":"Feature","geometry":{"type":"LineString","coordinates":[[-89.0139998359103,30.5209972362833],[-89.0140458470107,30.520458629399],[-89.0137564641515,30.5201694929052],[-89.0138024763871,30.5196308851765],[-89.0135130973105,30.519341747536],[-89.0135591106811,30.51880313896291],[-89.0138944990432,30.5185536678147],[-89.0136051234467,30.5182645297548],[-89.013697147163,30.5171873094341],[-89.0140325284902,30.5169378370105],[-89.014078537096,30.5163992254725],[-89.0147492889334,30.5159002763173],[-89.0148872970526,30.5142844353417],[-89.0152226628735,30.5140349577597],[-89.0152456625251,30.513765650162],[-89.0155810251313,30.5135161712148],[-89.0156040234594,30.5132468632458],[-89.01627474020052,30.5127479014687],[-89.0162977360328,30.5124785929155],[-89.01600837341141,30.5121894574355],[-89.01569601526,30.5121696297814],[-89.0157190128322,30.5119003210182],[-89.0170604147001,30.5109023886011],[-89.01715238472141,30.5098251485574],[-89.0159949719072,30.5086686034703],[-89.0160179675143,30.5083992926421],[-89.01668864205512,30.5079003232086],[-89.0167116351667,30.507631011796],[-89.0170239762626,30.5076508367631],[-89.0176946385514,30.5071518604147],[-89.0177176281466,30.5068825483639],[-89.0183882799235,30.50638356698011],[-89.0184342539723,30.5058449415509],[-89.0224579649863,30.5028509513352],[-89.0227702892524,30.5028707602193],[-89.02310558436182,30.502621252604],[-89.023417907909,30.5026410596624],[-89.0240884902627,30.5021420390953],[-89.0265870701554,30.5023004486342],[-89.0272576304229,30.5018014084228],[-89.02730354360432,30.50126277405],[-89.0270141817564,30.500973660574],[-89.0270830530068,30.50016570750641],[-89.0274183239173,30.4999161853354],[-89.0274871902946,30.4991082301983],[-89.0278224556484,30.4988587062367],[-89.027845409634,30.4985893873269],[-89.0281806717745,30.4983398620001],[-89.0282495293113,30.497531903678],[-89.0285847858953,30.4972823765606],[-89.0286765891459,30.4962050957197],[-89.029011839002,30.4959555665988],[-89.02903478826592,30.4956862457781],[-89.0297052795105,30.4951871836536],[-89.0300175763213,30.4952069723219],[-89.03068805766021,30.4947079037089],[-89.03100035288202,30.4947276896122],[-89.03133558961942,30.4944781526376],[-89.031647884122,30.4944979367155],[-89.031983117948,30.494248397649],[-89.0322954117314,30.4942681799016],[-89.0329658715193,30.4937690964326],[-89.0330117426852,30.4932304504797],[-89.0333469671742,30.4929809065911],[-89.033461636594,30.4916342878599],[-89.0331722870175,30.4913451846315],[-89.0332181554702,30.4908065358139],[-89.0329288096749,30.4905174314368],[-89.032951744545,30.49024810668371],[-89.0326624016608,30.4899590012634],[-89.0327770781,30.4886123745822],[-89.031909074742,30.4877450511118]]},"properties":{"segment_id":"51b35a107043957dd57f271a","source_kmz":"biloxi","orientation":"unverified"}},{"type":"Feature","geometry":{"type":"LineString","coordinates":[[-88.7051193431787,30.4586963727451],[-88.7054074191167,30.458986355863],[-88.7066557354496,30.4590691873541],[-88.7069438181307,30.4593591662225],[-88.7072558987844,30.4593798710533],[-88.7075439846794,30.4596698481595],[-88.7078560666671,30.45969055127591],[-88.7081441557761,30.4599805266199],[-88.7084562390978,30.46000122802201],[-88.7093205221798,30.4608711459679],[-88.7096326091882,30.4608918439975],[-88.7099207088005,30.4611818139507],[-88.7117932412174,30.461305978564],[-88.7120813499257,30.4615959426092],[-88.71239344038952,30.461616632784],[-88.7126815523119,30.4619065950669],[-88.7129936441096,30.46192728352741],[-88.7132817592461,30.4622172440479],[-88.7135938523776,30.462237930794],[-88.7150344645085,30.463687715253],[-88.7153465636793,30.463708396968],[-88.7156346933953,30.46399835023101],[-88.7165709953814,30.46406038757671],[-88.7168591306644,30.464350337419],[-88.71873174594471,30.4644743832335],[-88.7207487993939,30.4665039711713],[-88.7207248456876,30.466773243117],[-88.72331835461581,30.46938264519431],[-88.72394260064961,30.4694239602923],[-88.7242786667958,30.4691753453352]]},"properties":{"segment_id":"b6b43249a3ea555c27624f1d","source_kmz":"biloxi","orientation":"unverified"}},{"type":"Feature","geometry":{"type":"LineString","coordinates":[[-89.091323329399,30.48309913868],[-89.0910338059267,30.4828101821907],[-89.0911475134051,30.4814634745105],[-89.0902789683022,30.4805965978192],[-89.0909489631069,30.4800971471166],[-89.0909944455988,30.47955846144311],[-89.0907049357911,30.4792695019094],[-89.0909778286426,30.4760373732115],[-89.0906883313283,30.4757484114652],[-89.0908247749107,30.4741323378736]]},"properties":{"segment_id":"b076ba7ab00a68e7671e177d","source_kmz":"biloxi","orientation":"unverified"}},{"type":"Feature","geometry":{"type":"LineString","coordinates":[[-89.1450956503004,30.4932324429759],[-89.1445161547402,30.4926548242161],[-89.1438915258776,30.4926158947819],[-89.1433120431631,30.4920382689319],[-89.1429997312931,30.4920188012195],[-89.1427099941682,30.4917299860523],[-89.1423976836159,30.4917105166208],[-89.1417279074886,30.4922102677618],[-89.1411484428907,30.4916326300352],[-89.141171022444,30.4913632835714],[-89.1408587136547,30.4913438097629],[-89.1391203811192,30.4896108684029],[-89.1388080794947,30.4895913887098],[-89.1385183657214,30.489302561029],[-89.1369568656723,30.4892051451086],[-89.1352186609922,30.4874721343057],[-89.1352638566302,30.4869334388786],[-89.1346392757662,30.4868944565236],[-89.1323218165286,30.4845837078232],[-89.131072694003,30.4845057058255],[-89.1296243717182,30.4830614407007],[-89.1289998230407,30.4830224260567],[-89.12871016704692,30.4827335685479],[-89.1287327850203,30.4824642195309],[-89.1284205130947,30.48244471010001],[-89.125524085848,30.4795560739608],[-89.1248995658297,30.4795170357827],[-89.1246099366709,30.4792281653371],[-89.1236731612669,30.4791695989274],[-89.1233835376575,30.4788807250438],[-89.1227137504503,30.4793803742555],[-89.12208923310932,30.4793413201323],[-89.1217543347001,30.479591141134],[-89.11238661987312,30.479004875922],[-89.1115178762395,30.4781381621449],[-89.1111829505314,30.4783879516512],[-89.11055844624921,30.4783488320828],[-89.1102688717574,30.4780599232203],[-89.1096443704105,30.4780207984431],[-89.1093094394732,30.4782705823163],[-89.1087303018873,30.47769275699],[-89.1077935553879,30.4776340553675],[-89.1075039931654,30.4773451387976],[-89.1040692803466,30.4771298221482],[-89.10377973303112,30.4768408954794],[-89.1031552440693,30.4768017338169],[-89.1028202983411,30.4770514986109],[-89.1015713187225,30.4769731609008],[-89.1009014141726,30.4774726795236],[-89.1003223414912,30.476894809018],[-89.1003450511262,30.4766254624889],[-89.1000555187183,30.4763365257215],[-89.09911879393232,30.47627775017],[-89.0988292670744,30.4759888099657],[-89.0985170269473,30.475969215511],[-89.0979379816938,30.4753913306204],[-89.0963767949949,30.4752933367336],[-89.0960872812782,30.4750043887168],[-89.0957750455561,30.4749847864495],[-89.0954855350499,30.4746958366613],[-89.091114266999,30.4744213002571],[-89.0908247749107,30.4741323378736]]},"properties":{"segment_id":"38cc0407cd8b24f47a28957a","source_kmz":"biloxi","orientation":"unverified"}},{"type":"Feature","geometry":{"type":"LineString","coordinates":[[-88.7327765410357,30.4654037110177],[-88.7324644310202,30.4653830787648],[-88.7321762369259,30.4650931703871],[-88.7315520197184,30.465051901567],[-88.7315281019163,30.4653211766948],[-88.7312399113503,30.465031265829],[-88.7303035871886,30.4649693533035],[-88.7291508594179,30.46380969055401],[-88.7292226344516,30.4630018636328],[-88.7282863349883,30.4629399336913],[-88.72770999555802,30.4623600911159],[-88.7258374149884,30.4622361973799],[-88.725261097823,30.4616563411194],[-88.7252850351372,30.461387065246],[-88.7244205772575,30.4605172735427],[-88.7244923960116,30.4597094440254],[-88.72420425004542,30.4594195112785],[-88.7250181263285,30.450264005822],[-88.7247300116915,30.4499740685984]]},"properties":{"segment_id":"ee08c6747245589c8956e3c3","source_kmz":"biloxi","orientation":"unverified"}},{"type":"Feature","geometry":{"type":"LineString","coordinates":[[-88.8367950721612,30.4605842300932],[-88.8388149507588,30.4626116713347],[-88.8409998362288,30.4627539698647],[-88.8413355198454,30.462504994434],[-88.8453931731648,30.4627691358085],[-88.8457288435027,30.4625201469969],[-88.8463530984503,30.46256076897],[-88.84668876502022,30.4623117771223],[-88.8473130188569,30.4623523936731],[-88.84798434242191,30.4618544027502],[-88.8482964678427,30.46187470781671],[-88.8493034353064,30.4611277099466],[-88.8514882994203,30.4612698008743],[-88.851823945111,30.46102079269111],[-88.8549451840442,30.4612236950707],[-88.85581103314291,30.4620924602207],[-88.8570595471259,30.4621735864169],[-88.85739517959641,30.4619245617374],[-88.8586436925899,30.4620056700062],[-88.8596505673897,30.4612585777528],[-88.859962693429,30.4612788497856],[-88.8602983134199,30.461029815784],[-88.8609225642315,30.4610703553129],[-88.8612581804538,30.4608213182755],[-88.861570305226,30.4608415857716],[-88.8621475800252,30.4614207292246],[-88.8621240921897,30.4616900345433],[-88.8624127335124,30.4619796047616],[-88.8658461661312,30.462202461981],[-88.8664234807123,30.4627815813402],[-88.8679841498074,30.4628828363552],[-88.8685614842796,30.4634619436671],[-88.8688736209082,30.4634821903527],[-88.8694509658829,30.4640612922613],[-88.870075244297,30.4641017796543],[-88.870941284092,30.4649704205172],[-88.8743748651148,30.4651930104615],[-88.8747104573497,30.4649439346289],[-88.8753347450802,30.4649843921368],[-88.8756234446538,30.4652739256965],[-88.8765598809252,30.4653346028257],[-88.8768485860582,30.465624132958],[-88.8771607329635,30.4656443560662],[-88.87749631858252,30.465395271986],[-88.877785027236,30.4656847996264],[-88.8787214697995,30.4657454583258],[-88.8793926303431,30.4652472796083],[-88.8809533623719,30.4653483503296],[-88.881960074911,30.4646010594893],[-88.884457233384,30.4647627040358],[-88.8847927932272,30.46451359725801],[-88.8848162074152,30.4642442887365],[-88.8858228711911,30.4634969608312],[-88.8861350122102,30.4635171585996],[-88.8864705618585,30.4632680460483],[-88.8864939701802,30.4629987364541],[-88.8871650610136,30.4625005074582],[-88.88778933628011,30.4625408945885],[-88.8887959520442,30.4617935367937],[-88.890044494033,30.46187428914771],[-88.8903800250803,30.4616251638129],[-88.8931892457533,30.4618067963513],[-88.8934779971805,30.4620962850738],[-88.8938135187039,30.4618471493979],[-88.89386028614682,30.4613085252962],[-88.8948668314454,30.46056111005401],[-88.89517896351471,30.4605812823197],[-88.89604523204,30.4614497323034],[-88.8959283479623,30.462796293272],[-88.8962171125448,30.4630857742021],[-88.896841396723,30.4631261099773],[-88.8971769122407,30.462876964604],[-88.89748905369412,30.4628971302234],[-88.89782456630691,30.4626479827554],[-88.8981367070479,30.46266814654931],[-88.8984722167557,30.4624189969868],[-88.8987843567842,30.4624391589552],[-88.8997908710758,30.4616917005202],[-88.8998843266403,30.4606144462459],[-88.9002198226345,30.4603652902674]]},"properties":{"segment_id":"13ac6a81fa249bf6d21c2d47","source_kmz":"biloxi","orientation":"unverified"}},{"type":"Feature","geometry":{"type":"LineString","coordinates":[[-88.9282072169653,30.4851879013822],[-88.9279182615646,30.4848985179748],[-88.9279415398891,30.4846292120207],[-88.9276525873958,30.4843398275722],[-88.9277457026326,30.4832626017419],[-88.926589926936,30.4821050529066],[-88.925918915281,30.4826035012217],[-88.9258723463393,30.48314211444],[-88.9243112203023,30.4830416839998],[-88.9228665703014,30.4815946999004],[-88.9225543514186,30.48157460699961],[-88.921398672832,30.4804169995452],[-88.9210864587947,30.48039690243421],[-88.9199308175408,30.4792392766774],[-88.919618608349,30.4792191753563],[-88.9196419123272,30.4789498678979],[-88.9176196329496,30.4769239802301],[-88.9176429428423,30.476654671877],[-88.9164874029699,30.4754970007665],[-88.9166039674704,30.474150454506],[-88.9163150919351,30.4738610338628],[-88.9165015941046,30.4717065507057],[-88.9168137739221,30.471726661182],[-88.9174847519086,30.4712282567653],[-88.917796930146,30.471248364476],[-88.9211516890415,30.468756263742],[-88.92271253919131,30.468856742012],[-88.9230479995303,30.4686075208909],[-88.9227591207776,30.468318113724],[-88.922805701752,30.46777948479731],[-88.9231178681622,30.46779957757691],[-88.9241242263883,30.46705190536141],[-88.92414751210822,30.4667825899616],[-88.925153848462,30.4660349067167],[-88.9251771305111,30.4657655905146],[-88.9255125707111,30.465516360244],[-88.9255358514346,30.465247043668],[-88.9265421562811,30.464499345289],[-88.92670509244,30.4626141202862],[-88.9307300298104,30.45962320491161],[-88.9319785799247,30.4597034822883],[-88.9323139746513,30.4594542280798]]},"properties":{"segment_id":"75b9155056092c322cc617a7","source_kmz":"biloxi","orientation":"unverified"}},{"type":"Feature","geometry":{"type":"LineString","coordinates":[[-88.9890849011258,30.4928764280031],[-88.9891541394794,30.4920684847858],[-88.98948949271491,30.4918190737271],[-88.9895125706906,30.4915497587897],[-88.9898479207128,30.4913003463648],[-88.9898709973647,30.491031031055],[-88.9895818037076,30.4907418130223],[-88.9899171502134,30.49049239995781],[-88.9899402264103,30.4902230841703],[-88.9909462501657,30.489474837419],[-88.9911077546841,30.4875896179699],[-88.9908185688053,30.4873004010641],[-88.9911538974676,30.4870509824081],[-88.9912231105059,30.4862430278708],[-88.9909339289709,30.4859538104383],[-88.99100314325102,30.4851458541512],[-88.9913384625374,30.4848964337891],[-88.9913615324889,30.4846271144948],[-88.9916968485628,30.48437769276641],[-88.9917199171908,30.4841083730995],[-88.99239054087272,30.483609525757],[-88.9924366729863,30.4830708850919],[-88.99277197942251,30.4828214592646],[-88.9927950440801,30.4825521384797],[-88.9931303473038,30.4823027112861],[-88.993153410638,30.4820333901285],[-88.9934656484871,30.4820532829395],[-88.9935578962272,30.4809759964996],[-88.994563773472,30.4802277019821],[-88.99487600478531,30.4802475908727],[-88.9955465776753,30.4797487202169],[-88.9958588074027,30.4797686063426],[-88.996864648828,30.479020288893],[-88.9971768761006,30.4790401713141],[-88.997847425111,30.47854128537041],[-88.9981596507975,30.4785611650267],[-88.9988301899088,30.4780622725922],[-88.9994546382609,30.4781020254892],[-89.0014661961998,30.47660530924111],[-89.0014892305449,30.4763359830692],[-89.001801448715,30.476355852498],[-89.0018244818886,30.4760865261128],[-89.00350070800262,30.4748392240374],[-89.0050617743012,30.4749385341387],[-89.0060674724534,30.4741901249666],[-89.00637968356031,30.4742099815114],[-89.006425718469,30.473671324203],[-89.0067609438943,30.4734218508072],[-89.0073593122096,30.4664192421773],[-89.0080296960362,30.4659202808312],[-89.0081217342593,30.4648429451432],[-89.0084569184285,30.4645934618871],[-89.0085259419955,30.4637854578044],[-89.0098666442223,30.4627875106903]]},"properties":{"segment_id":"4030116b532d0e09a3ec6710","source_kmz":"biloxi","orientation":"unverified"}},{"type":"Feature","geometry":{"type":"LineString","coordinates":[[-88.719880274967,30.4445064243036],[-88.7218961025496,30.44301471215301]]},"properties":{"segment_id":"55a18bd8c2fd305da9d17a04","source_kmz":"biloxi","orientation":"unverified"}},{"type":"Feature","geometry":{"type":"LineString","coordinates":[[-88.9561203294608,30.5037682107263],[-88.9561667113171,30.5032296083927],[-88.9558775935806,30.5029403094292],[-88.95599354989511,30.50159380028761],[-88.9553689436872,30.5015538030565],[-88.9550798346794,30.50126450096951],[-88.9551494153674,30.5004565935869],[-88.9542821084053,30.4995886807642],[-88.9539698132841,30.49956867765651],[-88.9540162068974,30.4990300714188],[-88.9531489270337,30.49816214704491],[-88.953172126216,30.4978928433728],[-88.9523048673264,30.49702491025681],[-88.9523280689604,30.4967556061109],[-88.952038987614,30.4964662930946],[-88.9520621899635,30.49619698868471],[-88.9514840351298,30.4956183596331],[-88.9511717558209,30.4955983484273],[-88.9505936114971,30.4950197139672],[-88.9506168181865,30.4947504090328],[-88.9503277499539,30.4944610902933],[-88.9503509573588,30.4941917850947],[-88.95006189203501,30.49390246531391],[-88.9500851001553,30.4936331598513],[-88.949217919033,30.4927651945755],[-88.9492411296043,30.4924958886389],[-88.9489520741797,30.4922065649026],[-88.9489984966007,30.4916679523416],[-88.9487094449525,30.491378627459],[-88.9490808162404,30.4870697023552],[-88.9482137151933,30.4862017170485],[-88.9482601390652,30.4856630979126],[-88.9468150201395,30.4842164359549],[-88.9465027854099,30.48419641103211],[-88.9465260024755,30.4839271007539],[-88.9459479732687,30.48334842754271],[-88.945971191917,30.483079116895],[-88.9451041660118,30.4822110997393],[-88.945150608056,30.4816724773349],[-88.94486160523661,30.4813831361999],[-88.9450241536578,30.4794979520262],[-88.9441571756579,30.4786299207939],[-88.9441803988531,30.4783606078157],[-88.9430244602172,30.4772032193078],[-88.9430476867294,30.4769339057493],[-88.9424697313863,30.476355205666],[-88.9424929594806,30.4760858917376],[-88.94162604436761,30.4752178342732],[-88.9416492749113,30.4749485198696],[-88.941360308154,30.4746591654032],[-88.9407359143154,30.4746190829401],[-88.9404469519431,30.4743297258747],[-88.9401347564253,30.4743096824835],[-88.9398457972655,30.4740203236503],[-88.93986903331822,30.4737510089345],[-88.9392911228524,30.4731722882483],[-88.9394305463689,30.4715563953385],[-88.9391415993988,30.471267032959],[-88.9391648369844,30.4709977168101],[-88.9388758929212,30.4707083533889],[-88.9390153204315,30.4690924525113],[-88.939350732173,30.468843181872],[-88.9393972044436,30.4683045465409],[-88.9397326118007,30.4680552743197],[-88.9398487839437,30.4667086821275],[-88.9405195808156,30.4662101320834],[-88.9405660439149,30.4656714932325],[-88.9415722168933,30.4649236582282],[-88.94219653730562,30.4649637367806],[-88.9438734428109,30.4637173126319],[-88.9439198824649,30.46317866950031],[-88.9445906257029,30.4626800909079],[-88.944822791378,30.4599868613825],[-88.944533866149,30.4596975060017],[-88.9445570827448,30.4594281820648],[-88.94522779142922,30.4589295955989],[-88.9452974332691,30.4581216215444],[-88.9456327810366,30.4578723259384],[-88.9459449153149,30.4578923544515],[-88.9469509437819,30.4571444578915],[-88.946373100374,30.4565657538448],[-88.9460609710408,30.4565457264884],[-88.9457720535673,30.45625637222871],[-88.9448356699984,30.4561962823535],[-88.9441649812863,30.4566948693429],[-88.943852852001,30.4566748357342],[-88.9435175037195,30.4569241265584],[-88.94347106496461,30.4574627767155],[-88.9428003575965,30.4579613540458],[-88.9424882238237,30.457941316624],[-88.9421993140405,30.4576519538549],[-88.9423154309365,30.4563053291482]]},"properties":{"segment_id":"c693a9c404969762e88e6ee7","source_kmz":"biloxi","orientation":"unverified"}},{"type":"Feature","geometry":{"type":"LineString","coordinates":[[-88.9659892986389,30.4802993251103],[-88.965700227113,30.48001003779761],[-88.9657465325791,30.4794714041978],[-88.9654574648295,30.4791821157377],[-88.965503771423,30.4786434812896],[-88.9652147074496,30.478354191682],[-88.9652610151705,30.4778155563853],[-88.9649719549731,30.4775262656303],[-88.9650182638214,30.476987629485],[-88.9647292074001,30.4766983375825],[-88.965399934682,30.4761996466675],[-88.9654462399688,30.4756610088189],[-88.964868135501,30.4750824246864],[-88.9645559311561,30.4750624505351],[-88.9645790863271,30.4747931312149],[-88.96400099409951,30.4742145414613],[-88.96368879327112,30.47419456481551],[-88.9631107115476,30.4736159696516],[-88.9631570304159,30.4730773297978],[-88.9628679943497,30.4727880305997],[-88.9629143143449,30.4722493898968],[-88.9626252820542,30.4719600895511],[-88.9626716031763,30.4714214479989],[-88.9623825746609,30.4711321465055],[-88.96240573586141,30.4708628253846],[-88.9621167102536,30.4705735228488],[-88.962452057806,30.47032418266401],[-88.9627531356098,30.46682298941621],[-88.9630884658864,30.4665736452985],[-88.9631810953497,30.4654963487847],[-88.9638517404088,30.4649976553781],[-88.963944358063,30.4639203545984],[-88.9642796728458,30.4636710053095],[-88.9643028257073,30.4634016795014],[-88.9653087543036,30.462653624072],[-88.9653782014291,30.46184564376451],[-88.9660488032657,30.4613469330941],[-88.9661182419921,30.4605389500655],[-88.9658292396762,30.4602496508956],[-88.96596811822921,30.4586336798901],[-88.965679123158,30.45834437914891],[-88.9653669823455,30.4583244065825],[-88.9650779904851,30.4580351040729],[-88.9651011391331,30.4577657748553],[-88.96481215017951,30.4574764713029],[-88.9638757387431,30.4574165434651],[-88.9630087946619,30.45654861970341],[-88.9631245682637,30.45520196991521],[-88.9637951294753,30.4547032658885],[-88.9638414331649,30.4541646039981]]},"properties":{"segment_id":"450a5fe90c44f34bfb0ba182","source_kmz":"biloxi","orientation":"unverified"}},{"type":"Feature","geometry":{"type":"LineString","coordinates":[[-89.0553150410814,30.4746033797418],[-89.05473631007,30.4740252661549],[-89.0549191747501,30.4718705516966],[-89.0546298192656,30.4715814926477],[-89.0546755356738,30.4710428122263],[-89.0543861839698,30.4707537520271],[-89.0544090428186,30.4704844114711],[-89.05409683430621,30.4704646908896],[-89.053807486683,30.4701756288138],[-89.0522464522261,30.47007700846],[-89.0510891055444,30.4689207341301],[-89.0507769037854,30.4689010040735],[-89.0504875733861,30.4686119323132],[-89.0501753729477,30.4685922005388],[-89.04901807643452,30.4674359007865],[-89.0483936853718,30.46739642792331],[-89.0475257414314,30.4665291882647],[-89.0472135496367,30.4665094480082],[-89.0469242402406,30.4662203654134],[-89.04694712233841,30.4659510238012],[-89.0472821928701,30.4657014230111],[-89.0473737150767,30.4646240541138],[-89.04679511050031,30.4640458865005],[-89.0468179924155,30.4637765436649],[-89.046528694057,30.46348745834481],[-89.04655157669161,30.4632181152435],[-89.0462622812427,30.462929028879],[-89.0463080478,30.462390341985],[-89.0460187561303,30.4621012544699],[-89.046041640053,30.4618319106773],[-89.0457523512928,30.4615428221178],[-89.0457981204265,30.4610041338412],[-89.04377316839431,30.4589804861671],[-89.0438189491,30.458441795765],[-89.0435296801363,30.4581526992747],[-89.0435983526754,30.4573446621549],[-89.04301982608371,30.45676646572201],[-89.042707672543,30.4567467122832],[-89.0421291564502,30.4561685104331]]},"properties":{"segment_id":"446e82ced78a892850dd6021","source_kmz":"biloxi","orientation":"unverified"}},{"type":"Feature","geometry":{"type":"LineString","coordinates":[[-89.0454566334144,30.45394189346681],[-89.0451216053766,30.45419149497261],[-89.045098720564,30.4544608429702],[-89.0444286560295,30.4549600420985],[-89.0444057687264,30.4552293895097],[-89.0430656105023,30.4562277730851],[-89.0421291564502,30.4561685104331]]},"properties":{"segment_id":"960c507c1031a14865f43202","source_kmz":"biloxi","orientation":"unverified"}},{"type":"Feature","geometry":{"type":"LineString","coordinates":[[-88.7958142408368,30.4375922980976],[-88.7961499586025,30.4373434470163],[-88.79646197787052,30.4373639000385],[-88.7967976927362,30.4371150468606],[-88.79682138802272,30.436845741385],[-88.7971570996772,30.4365968868351],[-88.79718079363401,30.4363275809835],[-88.7975165020774,30.4360787250616],[-88.7978285168752,30.4360991742667],[-88.7981642224186,30.4358503162483],[-88.798476236509,30.4358707636279],[-88.7988119391525,30.4356219035128],[-88.7991002651564,30.4359116557318],[-88.8000363092941,30.4359729872496],[-88.8013790903866,30.4349775210442],[-88.8015448445141,30.4330923638186]]},"properties":{"segment_id":"e38dc11f02299300427e7d14","source_kmz":"biloxi","orientation":"unverified"}},{"type":"Feature","geometry":{"type":"LineString","coordinates":[[-88.8043335226487,30.4370670175269],[-88.8037568275832,30.4364875409968],[-88.8034448098307,30.4364671086084],[-88.8031564665276,30.4361773681113],[-88.8031801406659,30.4359080607273],[-88.8023151255679,30.4350388333113],[-88.8023624785565,30.4345002174314],[-88.8020741459905,30.4342104728795],[-88.80212150008332,30.43367185614761],[-88.8015448445141,30.4330923638186]]},"properties":{"segment_id":"9e4d37560efda057431ac994","source_kmz":"biloxi","orientation":"unverified"}},{"type":"Feature","geometry":{"type":"LineString","coordinates":[[-89.1122463766914,30.450835422497],[-89.1105095075805,30.44910188003641],[-89.1105321760592,30.448832515425],[-89.1102200365343,30.448812953005],[-89.1087727118976,30.4473683037573]]},"properties":{"segment_id":"e0d15e98298b6c0239669071","source_kmz":"biloxi","orientation":"unverified"}},{"type":"Feature","geometry":{"type":"LineString","coordinates":[[-88.9854245498357,30.455002274403],[-88.9845574032269,30.4541345158076],[-88.9845804867958,30.4538651802569],[-88.9842914428724,30.453575925411],[-88.9843606952732,30.4527679174816],[-88.9837826187509,30.452189404342],[-88.9838287897313,30.4516507311659],[-88.98449919598062,30.4511518973057],[-88.9847300183634,30.4484585175515],[-88.9857355773136,30.4477102516949],[-88.985758655205,30.447440912198],[-88.9851806063699,30.4468623998074],[-88.9858509652547,30.4463635526105],[-88.9864751659467,30.4464033817701],[-88.9868103405954,30.4461539545631],[-88.9871224403009,30.44617386687541],[-88.9874114681213,30.4464631188689],[-88.9877235691493,30.4464830294645],[-88.9877927817465,30.4456750071232],[-88.98879827862451,30.4449267088455],[-88.9889366786523,30.4433106559915],[-88.989271833176,30.4430612196422],[-88.9895839217102,30.44308112511],[-88.9899190733274,30.4428316866682],[-88.98998826121361,30.442023656635],[-88.99032340728,30.4417742163981],[-88.9906354911722,30.4417941189404],[-88.9906585513079,30.441524775008],[-88.99097063433231,30.441544676611],[-88.9916409145368,30.4410457884927],[-88.9910628692838,30.4404672990652],[-88.9913980057226,30.4402178547267],[-88.9911089858509,30.4399286093316],[-88.9914441199483,30.4396791645652]]},"properties":{"segment_id":"979e3a94801963a3ae503104","source_kmz":"biloxi","orientation":"unverified"}},{"type":"Feature","geometry":{"type":"LineString","coordinates":[[-89.0421291564502,30.4561685104331],[-89.0409721487394,30.4550120954737],[-89.0406600023702,30.4549923361573],[-89.0403707567116,30.4547032292397],[-89.039746466765,30.4546637062862],[-89.0394572254862,30.4543745967665],[-89.0388329384818,30.4543350686069],[-89.0385437015829,30.4540459564849],[-89.0379194175209,30.4540064231192],[-89.0376301850018,30.4537173083951],[-89.0373180443667,30.453697539552],[-89.0369829925564,30.4539471164294],[-89.03635870999932,30.4539075742085],[-89.0360236544112,30.45415714805531],[-89.0347750876266,30.4540780492311],[-89.0344400265223,30.454327618169],[-89.03381574229502,30.4542880615656],[-89.033480677413,30.4545376274729],[-89.0328563920497,30.4544980654492],[-89.0325213233899,30.4547476283258],[-89.0315848938672,30.4546882758316],[-89.0309147452147,30.4551873924925],[-89.030290456143,30.4551478159789],[-89.0299553770194,30.4553973707023],[-89.0287067972077,30.4553182032924],[-89.0281283899194,30.454739926141],[-89.02817427103011,30.45420123736851],[-89.0273066806073,30.4533338139687],[-89.0273525663291,30.4527951239197],[-89.0270633753381,30.4525059806978],[-89.0272928035937,30.4498125197987],[-89.0258469226721,30.4483667843053],[-89.025869869013,30.4480974368046],[-89.0235565725205,30.4457842103825],[-89.0235795256608,30.4455148618713],[-89.0224229298246,30.4443582257201],[-89.0221108284791,30.4443384133798],[-89.0218216857876,30.444049251165],[-89.0174522991703,30.4437717737886],[-89.0116702011401,30.437988099614]]},"properties":{"segment_id":"9c5726ac6438f6053b0c44f2","source_kmz":"biloxi","orientation":"unverified"}},{"type":"Feature","geometry":{"type":"LineString","coordinates":[[-89.1873702601946,30.4982952780573],[-89.1877050349427,30.4980452676152],[-89.1878171749979,30.4966985045451],[-89.1881295153124,30.4967178450394],[-89.1881743682601,30.49617913859411],[-89.1873046413931,30.4953130543804],[-89.18732707026722,30.4950437006],[-89.1864573644036,30.4941776076069],[-89.1865246580052,30.4933695443542],[-89.1859448695504,30.4927921436866],[-89.1861467581201,30.490367943427],[-89.1855669935606,30.4897905370822],[-89.1856342923385,30.4889824668277],[-89.1850545411892,30.4884050560834],[-89.1850994097983,30.487866341359],[-89.1845196703117,30.4872889264283],[-89.1845421061422,30.4870195686143],[-89.1839623765708,30.4864421497101],[-89.1840521254064,30.4853647160107],[-89.18347241099092,30.4847872924935],[-89.1828478236323,30.48474858323671],[-89.1790799093891,30.4809952170483],[-89.1784104445075,30.4814952025255],[-89.17653676663001,30.48137897722461],[-89.1759571333435,30.4808015092642],[-89.1759795955346,30.4805321494723],[-89.1753999721611,30.4799546775386],[-89.1738386064622,30.4798577823542],[-89.1732590029395,30.4792802983269],[-89.1729467325796,30.4792609149657],[-89.1726569350491,30.4789721707088],[-89.1723446660053,30.4789527856283],[-89.1720548716848,30.4786640395981],[-89.1717426039572,30.4786446527984],[-89.1705834517638,30.4774896559445],[-89.1699589260994,30.4774508730211],[-89.1696691454917,30.4771621197912],[-89.16935688404952,30.4771427261674],[-89.1690671066517,30.4768539711641],[-89.1687548465257,30.4768345758212],[-89.1673059959996,30.4753907825395],[-89.1669937418637,30.4753713821444],[-89.1664142182795,30.4747938565856],[-89.1661019666284,30.4747744536382],[-89.16465319923252,30.4733306191262],[-89.1646756965175,30.4730612573508],[-89.16405120738432,30.4730224405713],[-89.1631819810703,30.4721561232656],[-89.16286974023082,30.4721367110475],[-89.1625800033768,30.4718479358992],[-89.161643285251,30.47178969143061],[-89.1613085382516,30.47203963667],[-89.1607290782693,30.4714620771017],[-89.1597923658674,30.47140381684631],[-89.15921292106032,30.4708262485196],[-89.1593029780606,30.4697487991519],[-89.1590132622088,30.4694600131517],[-89.1591483485063,30.4678438336774],[-89.1559616664205,30.4646671185945],[-89.1556494558115,30.4646476856008],[-89.1556945046281,30.4641089555894],[-89.1554048214144,30.46382015662291],[-89.155427346473,30.4635507912711],[-89.15484798791232,30.4629731903048],[-89.15487051456762,30.4627038245798],[-89.1552052430773,30.4624538939249],[-89.1552277684163,30.4621845278282],[-89.1546484209152,30.4616069241271],[-89.15478358030842,30.4599907229136],[-89.1544939148522,30.4597019190118],[-89.1545840216432,30.4586244479169],[-89.1525564450026,30.456602791292],[-89.15257897743541,30.4563334223706],[-89.1519996899309,30.4557557975185],[-89.15168751419,30.4557363529248],[-89.14994970765112,30.4540034508119],[-89.1496375390673,30.4539840003348],[-89.14905828887872,30.4534063571117],[-89.149080831924,30.4531369870662],[-89.1487912107619,30.4528481639378],[-89.1484790468507,30.4528287101289],[-89.1470309774817,30.4513845762228],[-89.1467188195593,30.4513651173637],[-89.1446916162995,30.4493432845879],[-89.1447141725709,30.4490739130968],[-89.1434655791505,30.44899604569431],[-89.1414385146546,30.446974142793],[-89.1411263748469,30.4469546678985],[-89.1408368035319,30.4466658200345],[-89.1405246650406,30.4466463434216],[-89.1390768449017,30.4452020858389],[-89.13876471239921,30.4451826041764],[-89.1384751556586,30.4448937490074],[-89.1378508934347,30.4448547813601],[-89.13727179074482,30.4442770648714],[-89.13508689398742,30.44414063855241],[-89.1334132982451,30.4453900234975],[-89.1331237596203,30.4451011543856],[-89.1290660720519,30.4448476042831],[-89.12877655065401,30.444558723406],[-89.1277723365328,30.4453082996104],[-89.127148076243,30.4452692713235],[-89.1264785864793,30.445768979284],[-89.12616645481471,30.4457494619354],[-89.1258769404466,30.4454605739921],[-89.1245379341476,30.4464599694433],[-89.1242258003151,30.4464404466228],[-89.1239362903437,30.44615155400451],[-89.123601533096,30.4464013983253],[-89.1189195479052,30.4461084231865],[-89.11834056972961,30.4455306087001],[-89.11740418371721,30.445471984767],[-89.1171147011942,30.4451830736166],[-89.1161783200261,30.4451244392159],[-89.11584354333831,30.4453742605012],[-89.1152192882282,30.4453351645961],[-89.114214940702,30.4460846159132],[-89.1141922850786,30.4463539828655],[-89.1128531218156,30.4473532343189],[-89.1122288530679,30.4473141216269],[-89.11189405541141,30.44756392973491],[-89.1087727118976,30.4473683037573]]},"properties":{"segment_id":"f46a6e26987044e876fe0859","source_kmz":"biloxi","orientation":"unverified"}},{"type":"Feature","geometry":{"type":"LineString","coordinates":[[-88.8454683966736,30.43677332354901],[-88.8457804260283,30.4367936368347],[-88.8461159888876,30.4365446330138],[-88.8467400463324,30.4365852550494],[-88.84808227048292,30.43558922069081],[-88.84836457787272,30.4323574018716],[-88.8497067131187,30.4313613386903],[-88.850012460028,30.4278601643704],[-88.852696510758,30.42586796014781]]},"properties":{"segment_id":"007cb777625135e17e771095","source_kmz":"biloxi","orientation":"unverified"}},{"type":"Feature","geometry":{"type":"LineString","coordinates":[[-88.8015448445141,30.4330923638186],[-88.8012565197848,30.4328026162518],[-88.8012801991869,30.4325333073298],[-88.8009918773575,30.4322435587229],[-88.801015557467,30.4319742495353],[-88.8007272385373,30.43168449988841],[-88.8009166807197,30.4295300197693],[-88.7997634529807,30.4283710084667],[-88.7998581841457,30.4272937628716],[-88.8001938474981,30.42704489397021],[-88.8006674425329,30.421658623139],[-88.8016743499502,30.4209119965435],[-88.80261022487471,30.4209733081493],[-88.80347509479631,30.4218425594493],[-88.804099019231,30.4218834244502],[-88.80467561405472,30.4224629173227],[-88.8084192018779,30.4227080130776]]},"properties":{"segment_id":"d71e51066a53685004d6b97b","source_kmz":"biloxi","orientation":"unverified"}},{"type":"Feature","geometry":{"type":"LineString","coordinates":[[-88.87435596399511,30.4329624309226],[-88.87204737003292,30.4306459496173],[-88.8721880459236,30.4290299953098],[-88.8713223723656,30.4281612974745],[-88.8710103695319,30.428141056199],[-88.8710338185872,30.4278717296574],[-88.8700978140655,30.4278110006847],[-88.8698092658417,30.4275214294406],[-88.8698327186631,30.4272521027971],[-88.8692556300557,30.4266729572895],[-88.8693025386947,30.42613430309831],[-88.8690139991755,30.4258447287291],[-88.8697410311129,30.4174955033738]]},"properties":{"segment_id":"2edecbb701d3a82b1ae58fb8","source_kmz":"biloxi","orientation":"unverified"}},{"type":"Feature","geometry":{"type":"LineString","coordinates":[[-88.9016022498277,30.4263296783978],[-88.90102494346161,30.4257506983124],[-88.9004009416563,30.4257103830257],[-88.9001122938729,30.4254208899171],[-88.8985522979027,30.4253200820582],[-88.898263658016,30.4250305838603],[-88.8976396630454,30.4249902528599],[-88.8967737626395,30.42412174766441],[-88.8964617689001,30.4241015783449],[-88.8961731406776,30.4238120739096],[-88.8939891970013,30.4236708580769],[-88.8916803101821,30.42135474237511],[-88.8910563464071,30.4213143737409],[-88.8907677470648,30.4210248534034],[-88.8882719074818,30.4208633368203],[-88.8879833195521,30.42057380890281],[-88.87176066293982,30.4195225272565],[-88.8697410311129,30.4174955033738]]},"properties":{"segment_id":"dbe6857d8565bf04fcb88a7b","source_kmz":"biloxi","orientation":"unverified"}},{"type":"Feature","geometry":{"type":"LineString","coordinates":[[-89.0521813967552,30.4264744540681],[-89.0493730378505,30.4262968634347]]},"properties":{"segment_id":"c209e0dbd31d184bb9f8038e","source_kmz":"biloxi","orientation":"unverified"}},{"type":"Feature","geometry":{"type":"LineString","coordinates":[[-89.0773070385981,30.4372673398447],[-89.0773298128435,30.4369979752634],[-89.0776646726199,30.4367482666094],[-89.0777785357586,30.4354014402352],[-89.0781133876512,30.4351517293629],[-89.0781817002328,30.4343436309774],[-89.0778923951581,30.43405460985881],[-89.0779151665894,30.4337852433031],[-89.07762586442311,30.4334962211385],[-89.07419306636871,30.4332799527649],[-89.07303592952312,30.4321238181005],[-89.0727238625462,30.4321041486985],[-89.0727466504082,30.4318347820868],[-89.0721225189419,30.4317954407331],[-89.0709654322194,30.430639280631],[-89.07002925017,30.4305802519749],[-89.070052046457,30.4303108850417],[-89.0694735240795,30.4297327941501],[-89.0694963219558,30.4294634268428],[-89.0692070646942,30.4291743798815],[-89.0692298632902,30.428905012307],[-89.06894060893651,30.4286159642998],[-89.0689634082523,30.42834659645821],[-89.0686741568065,30.4280575474049],[-89.0687425564638,30.42724944259781],[-89.0684305090591,30.4272297608209],[-89.0681412634288,30.4269407096757]]},"properties":{"segment_id":"c2d0424569861c86a5e5df62","source_kmz":"biloxi","orientation":"unverified"}},{"type":"Feature","geometry":{"type":"LineString","coordinates":[[-88.8697410311129,30.4174955033738],[-88.86599055104,30.4137309087529]]},"properties":{"segment_id":"65832b754c575afb3e4ac706","source_kmz":"biloxi","orientation":"unverified"}},{"type":"Feature","geometry":{"type":"LineString","coordinates":[[-88.9303478398883,30.4168076030902],[-88.9290069222243,30.4178046800787],[-88.9286949446005,30.41778460184061],[-88.92835970922631,30.4180338672627],[-88.9280477308894,30.4180137872001],[-88.9277124926125,30.4182630505285],[-88.9274005135625,30.4182429686414],[-88.9270652723829,30.4184922298762],[-88.9267532926199,30.4184721461647],[-88.9264180485376,30.4187214053057],[-88.920490445621,30.41833962877231],[-88.9198199184501,30.4188381078929],[-88.9195079391464,30.4188180036615],[-88.91917267164,30.4190672405508],[-88.9188606916236,30.4190471344948],[-88.9178548742859,30.4197948354179],[-88.9159829818194,30.4196741635849],[-88.9153124163563,30.4201726138209]]},"properties":{"segment_id":"094893acd935375da68c5e8e","source_kmz":"biloxi","orientation":"unverified"}},{"type":"Feature","geometry":{"type":"LineString","coordinates":[[-88.8967489571076,30.4135570852106],[-88.8964136419747,30.4138062555875],[-88.8957897332749,30.4137659131297],[-88.8954544143756,30.41401508047271],[-88.8951424593909,30.4139949069767],[-88.8948071375902,30.41424407222531],[-88.8935593157261,30.41416336563311],[-88.8932239884294,30.4144125259686],[-88.87793832759202,30.4134226750032]]},"properties":{"segment_id":"dcc38499b0d348004c435d6e","source_kmz":"biloxi","orientation":"unverified"}},{"type":"Feature","geometry":{"type":"LineString","coordinates":[[-89.0963403517077,30.4124675015384],[-89.096051059807,30.41217851458361]]},"properties":{"segment_id":"fd196e027ff45bc4b44252c4","source_kmz":"biloxi","orientation":"unverified"}},{"type":"Feature","geometry":{"type":"LineString","coordinates":[[-89.1176923624715,30.4121821875024],[-89.11738036066771,30.4121626438431],[-89.1170909957473,30.4118737120063],[-89.0980592382564,30.4106798240507]]},"properties":{"segment_id":"fdbe8304ccd28a6d205ede12","source_kmz":"biloxi","orientation":"unverified"}},{"type":"Feature","geometry":{"type":"LineString","coordinates":[[-88.8413531137056,30.4012935974624],[-88.8504090397799,30.3945699409878]]},"properties":{"segment_id":"7fd3a2633f2a53174d43f1f3","source_kmz":"biloxi","orientation":"unverified"}},{"type":"Feature","geometry":{"type":"LineString","coordinates":[[-88.7934854036487,30.392745719081],[-88.7941564843774,30.39224798206],[-88.79571572258,30.392350276472],[-88.7967223154826,30.3916036481677],[-88.799528930766,30.3917876969941],[-88.7998644499058,30.3915388101203],[-88.8039184607682,30.3918045196938],[-88.8042539666659,30.3915556194447],[-88.8504090397799,30.3945699409878]]},"properties":{"segment_id":"771de05f09295e9909b1ca31","source_kmz":"biloxi","orientation":"unverified"}},{"type":"Feature","geometry":{"type":"LineString","coordinates":[[-88.8504090397799,30.3945699409878],[-88.85409806575541,30.3918304320175]]},"properties":{"segment_id":"a84fd094e298597574308336","source_kmz":"biloxi","orientation":"unverified"}},{"type":"Feature","geometry":{"type":"LineString","coordinates":[[-88.7474381293128,30.406238834822],[-88.7477500181243,30.40625942725501],[-88.7480857534232,30.4060107060419],[-88.7496451955232,30.4061136502332],[-88.7513238199623,30.4048700033019],[-88.7514191598878,30.4037927452014],[-88.75175487397411,30.4035440114774],[-88.7518025406502,30.4030053810278],[-88.7515144973102,30.4027154845246],[-88.7515859987344,30.4019075373262],[-88.75225740843662,30.4014100656881],[-88.752281239584,30.4011407491999],[-88.7532168520068,30.4012024833466],[-88.7535048960498,30.40149237633671],[-88.753840594404,30.4012436350207],[-88.7544643374267,30.40128478315591],[-88.7548000320236,30.4010360388022],[-88.7551119029084,30.4010566106024],[-88.7553999531335,30.4013464987233],[-88.7557118253485,30.4013670688096],[-88.7563832056181,30.4008695714226],[-88.756407023069,30.4006002537283],[-88.7573426324323,30.4006619528702],[-88.7576783157573,30.40041319940371],[-88.7598614037135,30.40055712652031],[-88.7608684233928,30.3998108394329],[-88.761180291142,30.3998313940898],[-88.7617564278962,30.4004111391548],[-88.7626920391236,30.400472792842],[-88.7630277054597,30.4002240229573],[-88.76396331550872,30.4002856658611],[-88.7642513942928,30.4005755312927],[-88.7645632657952,30.4005960763287],[-88.76485134778801,30.4008859399963],[-88.7654750936084,30.4009270257556],[-88.7664820667759,30.4001806878935],[-88.7665772022782,30.3991034058181],[-88.7660010406506,30.3985236843625],[-88.7660248258587,30.3982543632298],[-88.7657367489586,30.3979645009942],[-88.7658081062303,30.3971565363129],[-88.7661437495575,30.39690775515],[-88.7661675338289,30.3966384330507],[-88.7671744480809,30.3958920819712],[-88.7672695695239,30.3948147893632],[-88.7676051988444,30.3945660024898],[-88.7676289776416,30.39429667871831],[-88.7679646037539,30.3940478904714],[-88.7679883812216,30.3937785663221],[-88.7683240041257,30.3935297767017],[-88.7685142088625,30.3913751759713],[-88.7691854297931,30.3908775897933],[-88.769809101724,30.3909186518714],[-88.770097168276,30.3912085078387],[-88.7700733984725,30.3914778339328],[-88.7703614679205,30.3917676888594],[-88.7703139295682,30.39230634035251],[-88.7706020027735,30.3925961941327],[-88.77055446552,30.3931348447696],[-88.77113062148,30.3937145491025],[-88.7714424686326,30.3937350749458],[-88.7725948096629,30.3948944690756],[-88.773218513823,30.3949355114744],[-88.7738897353495,30.3944379004114],[-88.77391349348702,30.39416857520821],[-88.7755915058284,30.392924526225],[-88.7756390099029,30.3923858731691],[-88.7744866610916,30.39122650466261],[-88.7745104163409,30.3909571774698],[-88.7742223350861,30.3906673328999],[-88.7742698468396,30.3901286778192],[-88.7739817693422,30.3898388321027],[-88.77402928219492,30.3893001761655],[-88.7737412084547,30.3890103293024],[-88.77376496550862,30.3887410009861],[-88.77290075907932,30.3878714544692],[-88.7729245185612,30.3876021256742],[-88.7746024116541,30.3863580741947],[-88.7746499184192,30.3858194139538],[-88.77800552856681,30.383331219904],[-88.7783173379912,30.3833517267221],[-88.778652886956,30.3831029000151],[-88.7789646956749,30.3831234050086],[-88.77997132777972,30.3823769151274]]},"properties":{"segment_id":"ee0e7ea09b3eba1312079e35","source_kmz":"biloxi","orientation":"unverified"}},{"type":"Feature","geometry":{"type":"LineString","coordinates":[[-89.1400666357156,30.4146645677127],[-89.1383299445524,30.412931329799],[-89.138397645551,30.4121231557105],[-89.1381082067695,30.4118342791107],[-89.137796201433,30.4118147933094],[-89.1340336978971,30.40805930112411],[-89.1343949587026,30.40374899162831],[-89.1309223513194,30.4002822217112],[-89.1296745133698,30.4002041897799],[-89.1293851473325,30.3999152828451],[-89.1278253590679,30.3998177188532],[-89.1275360009029,30.3995288068161],[-89.1241044926154,30.3993140789853],[-89.1238151493252,30.3990251568519],[-89.1235031960839,30.3990056299969]]},"properties":{"segment_id":"a413a01ae85c2a1875485313","source_kmz":"biloxi","orientation":"unverified"}},{"type":"Feature","geometry":{"type":"LineString","coordinates":[[-88.7527214890506,30.3748928238016],[-88.7530094390319,30.375182734505],[-88.753321211253,30.3752033125248],[-88.7536568026634,30.3749545576943],[-88.7608275870767,30.375427586405],[-88.7614035500731,30.3760073637704],[-88.7632742171481,30.3761306756641],[-88.7641381980103,30.3770003197771],[-88.7666324576686,30.377164666205],[-88.7669204647408,30.3774545390735],[-88.7672322490732,30.3774750775675],[-88.7678082716654,30.3780548188412],[-88.7677844981612,30.3783241520686],[-88.7680725133692,30.3786140211969],[-88.7679061004985,30.3804993485274],[-88.7690582057793,30.3816588127233],[-88.7699936087535,30.3817204068179],[-88.7703291762796,30.381471604624],[-88.77188818005,30.3815742390567],[-88.7721762211515,30.3818640954118],[-88.77997132777972,30.3823769151274]]},"properties":{"segment_id":"6ca3ed680bb63458bfd76e5d","source_kmz":"biloxi","orientation":"unverified"}},{"type":"Feature","geometry":{"type":"LineString","coordinates":[[-88.8593797317722,30.3816098596918],[-88.8609388488101,30.38171123216531],[-88.86151556263361,30.3822904772232],[-88.8621392152124,30.3823310167001],[-88.8624275775191,30.3826206361646],[-88.8639867175176,30.3827219652249],[-88.8642750877159,30.3830115796031],[-88.86489874713571,30.3830521033745],[-88.8654754983221,30.3836313260016],[-88.8657873306056,30.3836515849003],[-88.8660757104224,30.38394119397911],[-88.8682585489154,30.3840829756882],[-88.8685469389664,30.3843725780206],[-88.86885877482361,30.3843928281816],[-88.8691471680808,30.3846824287474],[-88.8700826800896,30.3847431714321],[-88.872966759725,30.3876391006801],[-88.8795156285053,30.3880639022059]]},"properties":{"segment_id":"b3a281f1bcd088131ed1068d","source_kmz":"biloxi","orientation":"unverified"}},{"type":"Feature","geometry":{"type":"LineString","coordinates":[[-89.1834834924743,30.4620444663985],[-89.1831937186889,30.4617557392549],[-89.1833283156771,30.4601395035996],[-89.1830385491702,30.4598507748732],[-89.1831731460899,30.4582345328317],[-89.1828833868611,30.4579458025222],[-89.1829506859499,30.4571376790258],[-89.1826609313803,30.4568489474546],[-89.1827057984483,30.4563101974447],[-89.1824160476649,30.4560214647187],[-89.1825955170241,30.453866457437],[-89.1820160355434,30.45328898744871],[-89.1820384702956,30.4530196106056],[-89.1817487334885,30.4527308740936],[-89.182417943187,30.4522308376372],[-89.18212820783062,30.4519421016367],[-89.1821730757138,30.45140334619421],[-89.1815936146127,30.4508258709428],[-89.1817506597792,30.44894022036131],[-89.18088150175491,30.4480739981777],[-89.181550678741,30.4475739620126],[-89.1816852848346,30.4459576793776],[-89.1802367521577,30.4445139609664],[-89.1802816284023,30.4439751977361],[-89.1791228459586,30.4428202052186],[-89.1788107130361,30.44280083697],[-89.1782313363876,30.4422233334018],[-89.17791920594722,30.4422039626013],[-89.17762952184991,30.4419152085733],[-89.1732597275109,30.4416439127184],[-89.1723907364855,30.4407776100019],[-89.1724131994285,30.4405082279126],[-89.1718338840209,30.4399306878511],[-89.1718563485609,30.4396613053871],[-89.1715666947887,30.4393725338383],[-89.1716340901397,30.4385643851645],[-89.1698962260359,30.4368317341883],[-89.1692720102761,30.4367929440007],[-89.16550692026512,30.4330387290814],[-89.1660015216242,30.4271122188493],[-89.1625265899576,30.4236466202256],[-89.1625490806004,30.423377230264],[-89.1622595170852,30.4230884241577],[-89.162282008452,30.4228190339282],[-89.15707022946762,30.4176203612483],[-89.1567581976309,30.4176009294405],[-89.156803213334,30.4170621447283],[-89.1565136923324,30.4167733195963],[-89.1566712487369,30.41488756729891],[-89.1494340385737,30.4076666144691],[-89.1494565678193,30.4073972179464],[-89.1491671067775,30.4071083674985],[-89.14968525863291,30.40091220068601],[-89.15202666162531,30.3991625406431],[-89.1526055498241,30.3997402354201],[-89.1529175127674,30.3997596797454],[-89.1529400284073,30.3994902779326],[-89.1532745049531,30.39924031929401],[-89.1535221544046,30.3962768864044]]},"properties":{"segment_id":"0605aa05ee3d57a6be4581cb","source_kmz":"biloxi","orientation":"unverified"}},{"type":"Feature","geometry":{"type":"LineString","coordinates":[[-89.1549693656134,30.3977211055848],[-89.1535221544046,30.3962768864044]]},"properties":{"segment_id":"5d0c337c31b8e0720f1d920e","source_kmz":"biloxi","orientation":"unverified"}},{"type":"Feature","geometry":{"type":"LineString","coordinates":[[-89.1344114069178,30.388584604375],[-89.1317354253938,30.39058382836931],[-89.1311115794589,30.39054481797031],[-89.12910449732462,30.392044176358],[-89.1290367213785,30.3928523796006],[-89.1280331423115,30.39360204133],[-89.127942758305,30.3946796408406],[-89.1269391469022,30.3954292896459],[-89.126916547029,30.3956986884813],[-89.1259129137916,30.3964483262841],[-89.1246651388987,30.3963702369072],[-89.1246425313021,30.3966396347303],[-89.1234852005028,30.3954839395684],[-89.12350781157991,30.3952145413135],[-89.1231958728957,30.39519501342721],[-89.1229065473256,30.3949060863458],[-89.12228267273642,30.3948670262534],[-89.1219481196431,30.3951168930312],[-89.1216361817011,30.3950973607194],[-89.1213468619661,30.39480842947651],[-89.1206777485222,30.3953081562533],[-89.119741933868,30.3952495458831],[-89.1194073714805,30.3954994047307],[-89.1202753236207,30.3963662096487],[-89.1202300794622,30.3969050033345],[-89.12109805515671,30.3977717991432],[-89.1210754354649,30.3980411954214],[-89.121654097854,30.3986190543771],[-89.1216088615053,30.3991578460198]]},"properties":{"segment_id":"80d242abd402db220fcbfe0e","source_kmz":"biloxi","orientation":"unverified"}},{"type":"Feature","geometry":{"type":"LineString","coordinates":[[-89.0965234815574,30.3805224098522],[-89.0958543334654,30.38102200103131],[-89.0946068217179,30.3809435682182],[-89.0925993077149,30.3824422915998],[-89.0857379210242,30.3820105342262],[-89.0850686951651,30.3825100582005],[-89.08475681392942,30.3824904208125],[-89.0844221970767,30.3827401801337],[-89.0841103151214,30.3827205409227],[-89.0837756953636,30.3829702981538],[-89.08346381268862,30.3829506571199],[-89.0831291900258,30.3832004122609],[-89.0821935402898,30.3831414810355],[-89.0818589129843,30.3833912322103],[-89.0812351455024,30.3833519384259],[-89.080900514423,30.3836016865726],[-89.0805886300372,30.383582037415],[-89.0792500818821,30.3845810147285],[-89.07800253193182,30.3845023942396],[-89.0769985890096,30.3852516038706],[-89.0766866992892,30.3852319437218],[-89.07635204670711,30.3854816770231],[-89.0760401562674,30.3854620150512],[-89.0757055007804,30.3857117462623],[-89.0750817186118,30.3856724177875],[-89.074747059351,30.3859221459702],[-89.07443516762221,30.38590247946721],[-89.0741005054564,30.3861522055596],[-89.0734767207097,30.3861128680227],[-89.0724727167825,30.3868620337579],[-89.0721608220274,30.3868423608476],[-89.0711567971672,30.38759151339851],[-89.0708448999556,30.3875718367888],[-89.0597993881704,30.3958117994359],[-89.0597537473075,30.39635056879],[-89.0564061612865,30.3988472751336],[-89.056094224839,30.3988275571878],[-89.055759454166,30.3990772205456],[-89.0545117064011,30.3989983361582],[-89.0535073717391,30.3997473080567],[-89.0531954325673,30.3997275819321],[-89.05261724454222,30.3991493645203],[-89.0526400892517,30.3988799830255],[-89.051080412418,30.398781331076],[-89.050410838908,30.3992806261829],[-89.0488511571406,30.3991819427232],[-89.0478467685741,30.3999308626638],[-89.0475348300658,30.3999111205014],[-89.0461956133215,30.4009096605329],[-89.0459065387865,30.4006205346434],[-89.0455945981235,30.4006007870106],[-89.0425812361795,30.4028474196912],[-89.041645391648,30.4027881461437],[-89.04064089318791,30.40353699451081],[-89.03908114228331,30.4034381734859],[-89.0374069157385,30.404686207582],[-89.0370949616675,30.4046664360292],[-89.035420679857,30.4059144366158],[-89.0332369751844,30.4057759781137],[-89.0323698432417,30.4049085045895],[-89.0295622653397,30.4047304003362],[-89.0292732359532,30.4044412331332],[-89.0289612847743,30.4044214385148],[-89.0282915306838,30.40492059297331],[-89.0282227512788,30.405728711294],[-89.02621341907762,30.4072261431466],[-89.0261904852939,30.4074955143137],[-89.0245159799284,30.4087433414172],[-89.0235800812226,30.4086839150022],[-89.0232910589922,30.408394734545],[-89.0207953450919,30.4082362185082],[-89.0194556671496,30.4092344152395],[-89.0191437001187,30.4092145929972],[-89.0188087746725,30.409464138359],[-89.01756090458521,30.4093848367837],[-89.0175379417942,30.40965420489791],[-89.0172259736306,30.4096343772377],[-89.0172030096703,30.4099037451377],[-89.016891040639,30.4098839165388],[-89.016684349044,30.4123082199294],[-89.0160603930991,30.4122685591109],[-89.0157713847446,30.4119793611338],[-89.0154594081678,30.4119595285653],[-89.0151704030199,30.4116703288183],[-89.01485842776331,30.4116504945332],[-89.01483545546661,30.4119198607731],[-89.0142574518858,30.4113414570147],[-89.0133215309819,30.4112819436991],[-89.01329855374291,30.4115513098313],[-89.0129865793914,30.4115314702355],[-89.012963600983,30.4118008361535],[-89.0123396506954,30.4117611541993],[-89.012316670099,30.4120305198493],[-89.0116927183776,30.4119908342474],[-89.01166973559312,30.4122601996295],[-89.0110457824382,30.4122205103797],[-89.0110227974656,30.412489875494],[-89.0103988428771,30.4124501825963],[-89.0100638776298,30.4126996996125],[-89.0091279442761,30.4126401508112],[-89.0090819613528,30.4131788795927],[-89.0087699818329,30.4131590281146],[-89.0087469891262,30.4134283922108],[-89.008123028502,30.4133886864919],[-89.0081000336072,30.4136580503202],[-89.00747607154962,30.4136183409534],[-89.0074530744665,30.41388770451381],[-89.0071410926456,30.413867848449],[-89.0070490987285,30.41494530087011],[-89.00611314194822,30.4148857267204],[-89.0060901400354,30.4151550892632],[-89.0057781537253,30.4151352293893],[-89.0057551506429,30.4154045917179],[-89.0051311764386,30.4153648692072],[-89.0051081711677,30.4156342312678],[-89.003860220497,30.4155547754098],[-89.00357124357112,30.4152655474405],[-89.0029472714817,30.4152258125379],[-89.0029242590803,30.4154951742224],[-89.0019882990234,30.4154355650686],[-89.0019422676553,30.4159742876335],[-89.0016302792346,30.4159544160379],[-89.0015842452246,30.41649313785331],[-89.0018962356827,30.4165130095565],[-89.0018732194697,30.41678237027711],[-89.00218521109761,30.4168022411489],[-89.0021621957522,30.4170716017629],[-89.0027861814987,30.4171113409585],[-89.0027631680396,30.4173807015195],[-89.0046351350175,30.4174998981851],[-89.0046121275196,30.417769258908]]},"properties":{"segment_id":"e85c87220729c7ad5f3360bb","source_kmz":"biloxi","orientation":"unverified"}},{"type":"Feature","geometry":{"type":"LineString","coordinates":[[-89.2390655466436,30.7350655196149],[-89.23848367173031,30.7344886883397],[-89.2381704104902,30.7344695001478],[-89.2372976170544,30.7336042436941],[-89.2373646051308,30.7327965557529],[-89.2367827583945,30.7322197128149],[-89.2364695062563,30.7322005197142],[-89.2358876700874,30.7316236713535],[-89.2359770036522,30.73054675050731],[-89.2353505127338,30.7305083587191],[-89.2347686965215,30.7299315024469],[-89.2347910333591,30.7296622717492],[-89.2345001292147,30.7293738421041],[-89.2341868885271,30.7293546424234],[-89.23385130821471,30.7296046725494],[-89.2335380667945,30.7295854710398],[-89.233247167348,30.7292970380522],[-89.2329339272495,30.7292778348188],[-89.232643031032,30.7289894000579],[-89.2329786125152,30.7287393732802],[-89.233045639309,30.7279316798111],[-89.23246385772751,30.7273548083291],[-89.2315241607706,30.727297189075],[-89.2312332765848,30.7270087494205],[-89.231255624276,30.7267395178055],[-89.23096474302432,30.7264510771109]]},"properties":{"segment_id":"ec9cc2652550e15d282a3d3e","source_kmz":"biloxi","orientation":"unverified"}},{"type":"Feature","geometry":{"type":"LineString","coordinates":[[-89.23096474302432,30.7264510771109],[-89.230987091448,30.7261818452388],[-89.230114462658,30.72531651722131],[-89.2301591643421,30.7247780523989],[-89.2298682939468,30.7244896076462],[-89.2299353480073,30.72368190894411],[-89.2296444823053,30.7233934629467],[-89.2293312656919,30.7233742492716],[-89.2293983241468,30.7225665490263],[-89.22910746431242,30.7222781009485],[-89.2294430290466,30.7220280814215],[-89.2297562405248,30.7220472948336],[-89.23009180232522,30.7217972732176],[-89.2301588519658,30.7209895698681],[-89.2295771402101,30.7204126748887],[-89.2297335965306,30.7185280268832],[-89.2294427498911,30.71823957726991],[-89.22955450438431,30.7168933949616],[-89.2281003239836,30.7154511302659],[-89.228122678838,30.715181892827],[-89.2278318497986,30.7148934369717],[-89.22785420538511,30.7146241992752],[-89.2269817332273,30.7137588257743],[-89.227004091305,30.7134895876154],[-89.2273396263787,30.7132395699113],[-89.227406696205,30.7124318538809],[-89.2287488018747,30.7114317690893],[-89.2289052601048,30.7095470871076],[-89.2292407731702,30.7092970615851],[-89.2292854718479,30.7087585792072],[-89.2296209805118,30.7085085521209],[-89.2296433284558,30.7082393104915],[-89.2319918233919,30.7064890872819],[-89.232148197355,30.7046043813514]]},"properties":{"segment_id":"cfe2e90d768712914a80b408","source_kmz":"biloxi","orientation":"unverified"}},{"type":"Feature","geometry":{"type":"LineString","coordinates":[[-89.232148197355,30.7046043813514],[-89.2309849872665,30.7034505693066],[-89.2310520130231,30.7026428346327],[-89.2295980597971,30.7012005469285],[-89.2292849282638,30.7011813322363],[-89.2289941449514,30.7008928710457],[-89.228367884674,30.7008544373267],[-89.22749555409752,30.6999890431143],[-89.2275179067146,30.69971979714551],[-89.2272271348408,30.6994313304291],[-89.2269140106445,30.6994121089489],[-89.2266232419974,30.699123640459],[-89.2263101191223,30.69910441725551],[-89.2263548315368,30.6985659246512],[-89.2257733062651,30.6979889827755],[-89.2251470697575,30.69795053057391],[-89.2251694295548,30.6976812839383],[-89.2245431956894,30.6976428282904],[-89.2242524417069,30.6973543525013],[-89.2244089766848,30.6954696217186],[-89.2250799126814,30.6949695821829],[-89.2253930194241,30.6949888090372],[-89.2251022718843,30.6947003338908],[-89.2251246309399,30.6944310854432]]},"properties":{"segment_id":"671ad1be4f477ea0e950d030","source_kmz":"biloxi","orientation":"unverified"}},{"type":"Feature","geometry":{"type":"LineString","coordinates":[[-89.0144329165273,30.6923872048439],[-89.013272957201,30.6912310751882],[-89.0132960131329,30.6909618683226],[-89.0130060293029,30.6906728334699],[-89.0131443669467,30.6890575883974],[-89.0134804551203,30.6888082077924],[-89.01361878023181,30.6871929558533],[-89.0133288086327,30.6869039195788],[-89.0133749175354,30.6863655008164],[-89.0127949839841,30.68578742505621],[-89.0129333175298,30.6841721638104],[-89.0097438872802,30.6809926735707],[-89.0097669519475,30.68072346169931],[-89.0094770169203,30.6804344114205],[-89.0096154069736,30.6788191363082],[-89.0099514638163,30.678569761116],[-89.0101359659623,30.6764160505529],[-89.0098460449083,30.6761269986464],[-89.0100766676518,30.6734348453869]]},"properties":{"segment_id":"3cdf9fbcdccd3e5f6e75687f","source_kmz":"biloxi","orientation":"unverified"}},{"type":"Feature","geometry":{"type":"LineString","coordinates":[[-89.18907680630392,30.6851750731608],[-89.188137625005,30.68511708008061],[-89.187265888443,30.6842513400541],[-89.1869303498159,30.6845012511689],[-89.185991177783,30.6844432397633],[-89.18532008910611,30.6849430529022],[-89.1834417385069,30.6848269948354],[-89.183106185824,30.6850768940376],[-89.1827931270317,30.6850575469789],[-89.181630892048,30.6839031687087],[-89.1813178381006,30.6838838174228],[-89.1809822827961,30.6841337106663],[-89.1806692281192,30.6841143575521],[-89.1803336698852,30.6843642487059],[-89.1787683943366,30.6842674651161],[-89.1784778495327,30.6839788608968],[-89.1778517426997,30.6839401395772],[-89.1775612022961,30.6836515327507],[-89.1772481502763,30.6836321699246],[-89.1769576130987,30.6833435613258],[-89.1757054111998,30.683266097805],[-89.17512435239371,30.6826888711166],[-89.1748113046384,30.6826695013476],[-89.1745207794872,30.6823808857624],[-89.1738496376067,30.6828806313815],[-89.1732685946467,30.6823033944705],[-89.173336173434,30.6814956593862],[-89.1730456576639,30.6812070392163]]},"properties":{"segment_id":"3270097f0a79d4b4ae4d219c","source_kmz":"biloxi","orientation":"unverified"}},{"type":"Feature","geometry":{"type":"LineString","coordinates":[[-89.2251246309399,30.6944310854432],[-89.2248115263972,30.6944118578062],[-89.2239393022517,30.6935464239236],[-89.2239840272472,30.6930079260503],[-89.22165820056732,30.6907000594404],[-89.2216805698751,30.6904308094475],[-89.2202269992987,30.6889883618129],[-89.21991391676,30.6889691200819],[-89.2187511019354,30.68781514174721],[-89.2187734800307,30.6875458907252],[-89.21846040336,30.6875266448183],[-89.21778948796612,30.6880266519138],[-89.2174764096855,30.6880074032383],[-89.2171857149258,30.6877189030715],[-89.2172080981517,30.6874496523126],[-89.2169174063229,30.6871611511049],[-89.21535203399881,30.6870648863218],[-89.2147706682339,30.6864878727405],[-89.2148154497759,30.6859493706647],[-89.2142340957338,30.6853723529195],[-89.2142564880406,30.6851031014424],[-89.2130938080958,30.6839490542832],[-89.213116203769,30.6836798022386],[-89.2125348778658,30.6831027728246],[-89.21128264602271,30.6830257124557],[-89.2109471858708,30.6832756971314],[-89.2093818949957,30.683179346994],[-89.20904642839992,30.6834293258189],[-89.2081072530114,30.6833715022623],[-89.20781660781151,30.6830829746631],[-89.2068774372729,30.6830251406117],[-89.2065867976459,30.6827366095693],[-89.2034562505212,30.6825437633448],[-89.19909482304601,30.6857931688816],[-89.1978425626684,30.6857159566304],[-89.1972613301215,30.6851388493164],[-89.1966352055156,30.6851002345243],[-89.1952931393541,30.6860999841219],[-89.1946670083153,30.6860613582546],[-89.1943764009991,30.6857727969225],[-89.1940633368756,30.6857534818222],[-89.1937727327853,30.6854649187174],[-89.1934596699838,30.6854456018945],[-89.19316906911952,30.685157037017],[-89.193213992254,30.6846185422163],[-89.1929233951977,30.6843299761954],[-89.192610336944,30.6843106569204],[-89.1919392898345,30.6848105103968],[-89.1913131702594,30.6847718654216],[-89.1907319905305,30.6841947226285],[-89.190418933313,30.6841753971395],[-89.18907680630392,30.6851750731608]]},"properties":{"segment_id":"0c523319f8e81f4f6ad35c44","source_kmz":"biloxi","orientation":"unverified"}},{"type":"Feature","geometry":{"type":"LineString","coordinates":[[-89.0100766676518,30.6734348453869],[-89.0097867573805,30.6731457915273],[-89.0098098196926,30.6728765752414],[-89.0089401037996,30.6720094077464],[-89.0076882367025,30.6719300383874],[-89.0073983402132,30.6716409773527],[-89.0074444795675,30.6711025439317],[-89.0065748076387,30.6702353546062],[-89.0066209516238,30.6696969199497],[-89.0063310668271,30.6694078547673],[-89.0063541394647,30.6691386371031],[-89.006064257591,30.6688495708837],[-89.006341127866,30.6656189455123],[-89.0066771404362,30.6653695734107],[-89.0068155603074,30.6637542510305]]},"properties":{"segment_id":"1bee4a185a441c18655f0f68","source_kmz":"biloxi","orientation":"unverified"}},{"type":"Feature","geometry":{"type":"LineString","coordinates":[[-89.0068155603074,30.6637542510305],[-89.0068386297541,30.6634850300871],[-89.006548766213,30.6631959617268],[-89.0065718363807,30.6629267405252],[-89.0062819757621,30.6626376711277],[-89.0063281173876,30.662099228052],[-89.0060382605645,30.6618101575152],[-89.006084403328,30.6612717136105],[-89.0064203988154,30.6610223400256],[-89.0065357471816,30.6596762264772],[-89.0062458982142,30.6593871550221],[-89.00629203824292,30.6588487083047],[-89.0076359655348,30.6578511994773],[-89.0076590306147,30.65758197504231],[-89.0079950061374,30.6573325947451],[-89.0080641969362,30.6565249198709],[-89.0084001668798,30.6562755377903],[-89.0084232289991,30.6560063123091],[-89.008133386368,30.6557172435898],[-89.0078204819214,30.6556973996207],[-89.0078435457862,30.6554281739352],[-89.0063943736169,30.6539828116332],[-89.0064174416936,30.6537135852805]]},"properties":{"segment_id":"a2cd672f8f5b88ff44e3c3c7","source_kmz":"biloxi","orientation":"unverified"}},{"type":"Feature","geometry":{"type":"LineString","coordinates":[[-89.1730456576639,30.6812070392163],[-89.17246463227852,30.680629796064],[-89.1724871608764,30.6803605504162],[-89.17132513823461,30.6792060524506],[-89.1713476701934,30.678936806236],[-89.1707666729365,30.67835955142281],[-89.1698275829557,30.6783014018901],[-89.1689561130242,30.67743550512691],[-89.1683300608246,30.67739672932551],[-89.1677490958243,30.6768194567907],[-89.1674360722957,30.6768000658892],[-89.1662741716086,30.6756455062314],[-89.1664094550659,30.674030020794],[-89.1667450134413,30.6737801665449],[-89.1667901043906,30.6732416697349],[-89.1671256583664,30.6729918139187],[-89.1665447331763,30.6724145297466],[-89.1662317268006,30.6723951352547],[-89.1644890075025,30.670663255231],[-89.1645341115932,30.6701247558395],[-89.1642436673096,30.6698361056819],[-89.1636176755432,30.669797302563],[-89.1636853393489,30.6689895523158],[-89.1633949020953,30.66870089924271],[-89.1634851219307,30.6676238963183],[-89.1641562019168,30.6671241977545],[-89.1642464099832,30.6660471906632],[-89.1639559812014,30.6657585372921],[-89.164181499738,30.6630660076148],[-89.1658590801542,30.6618167301182],[-89.1659041703407,30.6612782202203],[-89.1662396779244,30.6610283608545],[-89.1663073085692,30.66022059421021],[-89.166642810581,30.6599707330678],[-89.1660619813161,30.65939343066181],[-89.1657490249031,30.6593740342749],[-89.1654586145201,30.6590853808309],[-89.1654811602533,30.6588161245052],[-89.1649003473924,30.6582388145981],[-89.1645873956742,30.6582194148731],[-89.1642518945676,30.6584692706868],[-89.1636259898235,30.6584304666936],[-89.163335590287,30.6581418070987],[-89.1633581427512,30.6578725506755],[-89.1640291434793,30.6573728427049],[-89.16405169344762,30.6571035857074],[-89.1637612971207,30.6568149264312],[-89.1631354052732,30.6567761195239],[-89.163225615369,30.6556990899834],[-89.1629352269465,30.6554104276879],[-89.1630028855886,30.6546026535833],[-89.162422120154,30.6540253255603],[-89.1625574439469,30.6524097718954],[-89.1628929253693,30.6521599180637],[-89.1629154776413,30.6518906583636],[-89.1632284047415,30.6519100630823],[-89.1638993573357,30.6514103496709],[-89.1639895514501,30.6503333074229],[-89.1646604864557,30.6498335877396],[-89.1640797431886,30.6492562626749],[-89.1641248381669,30.6487177393632],[-89.1644602996538,30.648467878841],[-89.1638795674987,30.64789055107421],[-89.1626279208953,30.6478129336024],[-89.1626730246384,30.6472744092575],[-89.1620923135763,30.646697070651],[-89.1621374202309,30.6461585452675]]},"properties":{"segment_id":"b9fce475d7b04445fe94e773","source_kmz":"biloxi","orientation":"unverified"}},{"type":"Feature","geometry":{"type":"LineString","coordinates":[[-89.0064174416936,30.6537135852805],[-89.0061276142802,30.6534245099121],[-89.0061506830777,30.6531552833008],[-89.0058608585862,30.652866206895],[-89.0059300666853,30.652058525816],[-89.00564024686102,30.6517694481683],[-89.0056863865794,30.6512309931292],[-89.0053965705495,30.6509419143418],[-89.0054196410535,30.6506726864854],[-89.0036807931394,30.6489381935061],[-89.0037730945779,30.6478612780619],[-89.0041090420135,30.647611904516],[-89.0042013363156,30.64653498572561],[-89.00391154217762,30.6462459002012],[-89.0039807639264,30.6454382091582],[-89.0043167007748,30.6451888337162],[-89.0043397732109,30.64491960284481],[-89.00347041264781,30.6440523416237],[-89.003157553965,30.6440324839602],[-89.0028677723844,30.6437433941829],[-89.0029370023234,30.64293569956361],[-89.0026472254087,30.6426466085438],[-89.0026933796865,30.6421081444768],[-89.0015342994925,30.640951770225],[-89.0015573798929,30.640682537547],[-89.00126761583812,30.6403934415433],[-89.0012906969588,30.6401242086063],[-88.9995521608821,30.638389612327],[-88.99923932481252,30.6383697433274],[-88.9989495771454,30.6380806398409],[-88.9989957531906,30.63754217217131],[-88.9987060093163,30.6372530675445],[-88.9987752748606,30.6364453645577],[-88.9976163303123,30.6352889354674],[-88.9969906829848,30.6352491853545],[-88.9970137767322,30.6349799504107],[-88.9960753099536,30.6349203187509],[-88.9949164251883,30.63376385762791],[-88.9949395253441,30.63349462228],[-88.99462670911741,30.6334747400088],[-88.9942907908387,30.6337240920899],[-88.9933523404551,30.6336644371301]]},"properties":{"segment_id":"d8986833b454a754d3505e28","source_kmz":"biloxi","orientation":"unverified"}},{"type":"Feature","geometry":{"type":"LineString","coordinates":[[-88.8806523321949,30.66001125607921],[-88.8826705369498,30.658517283854],[-88.8831165681811,30.6534025001861],[-88.8837892419144,30.6529044921725],[-88.88383618460941,30.6523660897588],[-88.8851814980659,30.6513700581919],[-88.8854943559324,30.6513902497589],[-88.8861669986313,30.6508922251679],[-88.886479854913,30.6509124139635],[-88.8868161723204,30.6506633989951],[-88.887003854529,30.6485097703434],[-88.8873401604594,30.6482607525279],[-88.8873636188619,30.6479915480301],[-88.8883725208285,30.6472444870252],[-88.8884897928467,30.6458984590116],[-88.8894986587034,30.6451513844469],[-88.8895924593975,30.6440745566759],[-88.8899287392067,30.6438255286664],[-88.8899756362708,30.6432871134174],[-88.8903119116753,30.6430380838307],[-88.8907104917589,30.63846152530561],[-88.8910467450851,30.6382124909649],[-88.8907573806009,30.6379231036774],[-88.89109363157071,30.6376740689131],[-88.89125772940902,30.635789586793],[-88.8926026798247,30.6347934302664],[-88.8927198643755,30.6334473626677],[-88.8930560909704,30.6331983195922],[-88.8930795262398,30.63292910539],[-88.89341574960922,30.6326800609489],[-88.8934626173291,30.6321416316502],[-88.8948074809091,30.6311454406525],[-88.8948309098259,30.6308762249203],[-88.8951671194246,30.63062717407451],[-88.8951905470093,30.6303579579736],[-88.8955267533827,30.6301089057621],[-88.89555017963542,30.6298396892923],[-88.8962225838845,30.6293415809842],[-88.8962694312158,30.6288031467263],[-88.89727801516811,30.6280559743393],[-88.8973248548159,30.6275175381822],[-88.8976610430167,30.6272684779885],[-88.8977547157516,30.62619160294331],[-88.8980908971943,30.6259425407481],[-88.8981377302815,30.6254041018598],[-88.900490926574,30.6236606312209],[-88.90051433464292,30.6233914100576],[-88.9011866556622,30.6228932647817],[-88.901499408565,30.6229134122123],[-88.9021717196573,30.6224152604379],[-88.9021951218385,30.6221460382149],[-88.9025312731367,30.6218969603852],[-88.9025546739864,30.6216277377931],[-88.90289082206012,30.6213786585977],[-88.9029142215783,30.6211094356367],[-88.90325036642761,30.6208603550755],[-88.90327376461431,30.6205911317455],[-88.9039460458173,30.6200929667382],[-88.9045715317249,30.6201332453149],[-88.90490766751721,30.6198841591972],[-88.90553315230171,30.6199244323432],[-88.9058692843081,30.61967534318841],[-88.9061820260618,30.6196954774894],[-88.9065181551518,30.6194463862392],[-88.9065415421803,30.6191771614177],[-88.9072137918652,30.6186789750324],[-88.9078392685704,30.6187192352139],[-88.9081286255503,30.6190085893844],[-88.90810524379292,30.6192778146373],[-88.9084179845771,30.6192979426207],[-88.9087541052258,30.6190488443547],[-88.909692325893,30.6191092201589]]},"properties":{"segment_id":"b0a36e419f90ba56f4ff5ced","source_kmz":"biloxi","orientation":"unverified"}},{"type":"Feature","geometry":{"type":"LineString","coordinates":[[-89.1186743365967,30.6729564996722],[-89.1172228952017,30.6715126453727],[-89.1172910188335,30.67070492652971],[-89.1169780307309,30.6706853924247],[-89.1166877524069,30.6703966176126],[-89.1170234477884,30.6701469125229],[-89.1173364338402,30.6701664465212],[-89.1173591411192,30.6698972062831],[-89.1170688642476,30.6696084319974],[-89.1174045552285,30.6693587253388],[-89.1174272620588,30.6690894846328],[-89.1177629498142,30.6688397766148],[-89.117831065883,30.6680320529327],[-89.1172505241014,30.6674545036561],[-89.11727323091011,30.6671852619114],[-89.116982963971,30.6668964857653],[-89.1170056715058,30.6666272437619],[-89.1164251455307,30.6660496884538],[-89.1164478546674,30.6657804460891],[-89.1161575956314,30.6654916669272],[-89.1162030152074,30.6649531815244],[-89.1153322556561,30.6640868378015],[-89.1153776798877,30.6635483511582],[-89.11508743255601,30.6632595678382],[-89.115110145323,30.6629903241798],[-89.1148199009174,30.66270153982021],[-89.11486532775382,30.6621630518296],[-89.1142848485958,30.6615854798891],[-89.1144438500686,30.6597007655658],[-89.1147795083885,30.6594510617175],[-89.1148476461088,30.6586433240369],[-89.1151832988546,30.6583936184098],[-89.11525143170482,30.65758587869521],[-89.11496120598451,30.657297091446],[-89.1150747621207,30.65595085495041],[-89.1160816789695,30.6552017283322],[-89.1161270933297,30.6546632313832],[-89.1164627258303,30.6544135197908],[-89.11648543161161,30.6541442708724],[-89.1161952137485,30.653855484788],[-89.1162633328214,30.6530477367866],[-89.1159731196345,30.65275894945651],[-89.1160639464733,30.65168194952191],[-89.1157737388378,30.6513931608431],[-89.1145220844478,30.65131499875171],[-89.1142318835599,30.6510262057999],[-89.114254595746,30.650756955433],[-89.1149258380673,30.6502575383987],[-89.1146356395062,30.649968745869],[-89.114322731407,30.6499492033945],[-89.11403253607,30.64966040909381],[-89.1141006730108,30.6488526553396],[-89.1144362878507,30.6486029468707],[-89.1138559079792,30.6480253563025],[-89.1132301071754,30.6479862658889],[-89.1129399226628,30.6476974675314],[-89.1126270236596,30.64767792015961],[-89.1123368423711,30.6473891200312],[-89.1120239446919,30.6473695709381],[-89.1120693814226,30.646831066837],[-89.1117792051084,30.6465422647316],[-89.1118019241245,30.6462730123434],[-89.1115117507349,30.645984209198],[-89.1115344704767,30.6457149565504],[-89.1106639652302,30.64484854118321],[-89.1097253030028,30.6447898767114],[-89.1091449834652,30.6442122567781],[-89.10925861717722,30.6428659894183],[-89.1095942222333,30.6426162925359],[-89.109639672322,30.6420777840773],[-89.1093495214532,30.6417889727145],[-89.1095085981751,30.6399041874589],[-89.1101797804045,30.6394047879274],[-89.110225224853,30.6388662756065],[-89.10993508330971,30.6385774638401],[-89.1100486961875,30.6372311797831],[-89.1094684279974,30.6366535524073],[-89.1091555720748,30.6366339947479],[-89.1082851886795,30.6357675441547],[-89.1083533708075,30.634959770454],[-89.1067891264183,30.6348619571414],[-89.1059187869488,30.63399548467841],[-89.10598699096961,30.6331877094398],[-89.1063225663024,30.6329380174386],[-89.1063680325531,30.6323994994099],[-89.1052076249078,30.6312441905311],[-89.1052303613074,30.6309749308687],[-89.1049402653926,30.6306861012031],[-89.1049630025172,30.6304168412808],[-89.1046729095257,30.6301280105748],[-89.1037344205248,30.63006929337091],[-89.1034443331041,30.6297804592265],[-89.1035125580462,30.6289726783801],[-89.1029323945982,30.6283950066604],[-89.1029778806426,30.6278564848995],[-89.10123744995761,30.6261234460109],[-89.1009246362775,30.62610386459861],[-89.1000544521111,30.6252373300027],[-89.0997416421028,30.6252177452022],[-89.0991615319151,30.6246400491189],[-89.09884872440452,30.6246204617639],[-89.0985586735571,30.624331611483],[-89.0986269421987,30.62352382442611],[-89.0983368960228,30.6232349728981],[-89.0980240940824,30.6232153831488],[-89.0977340511286,30.62292652985011],[-89.097398490651,30.6231762009891],[-89.0970856891601,30.6231566085786]]},"properties":{"segment_id":"f3b9fbfabe02fc414f47a2d8","source_kmz":"biloxi","orientation":"unverified"}},{"type":"Feature","geometry":{"type":"LineString","coordinates":[[-88.9933523404551,30.6336644371301],[-88.9917882595247,30.6335649944558],[-88.9914985552155,30.6332758685085],[-88.9915678885642,30.6324681633144],[-88.9909884913215,30.631889907999],[-88.9910116038772,30.6316206724157],[-88.9907219091997,30.6313315432526],[-88.9903859878193,30.6315808845739],[-88.9900731800186,30.6315609893225],[-88.9892041127157,30.6306935915321],[-88.98922723080672,30.6304243556473],[-88.9886016247669,30.6303845575952],[-88.9880222632529,30.6298062841892],[-88.9880453849831,30.629537048051],[-88.9877557081698,30.6292479098425],[-88.9877788306195,30.628978673445],[-88.9874891567257,30.6286895341987],[-88.987535402912,30.6281510607281],[-88.9878713188964,30.62790172628671],[-88.9879869258178,30.6265555388098],[-88.9876972597692,30.6262663986404],[-88.9877435032157,30.6257279223464],[-88.9874538409582,30.6254387810363],[-88.9875232076013,30.6246310651109],[-88.98723355000631,30.6243419225577],[-88.9872797954173,30.6238034442843],[-88.987615694328,30.6235541083471],[-88.987685057775,30.6227463891266],[-88.9880209511102,30.6224970514034],[-88.9880440707789,30.6222278111382],[-88.9887158489549,30.6217291318122],[-88.98878519999221,30.6209214088077],[-88.9884955510716,30.6206322673151],[-88.98851866865131,30.620363025897],[-88.9882290226497,30.6200738833663],[-88.9882521409487,30.6198046416884],[-88.9879624978661,30.6195154981196],[-88.98803185446491,30.6187077718359],[-88.9874525796707,30.6181294812755],[-88.9874756999756,30.6178602386615],[-88.9881474457528,30.6173615582231],[-88.9881705635539,30.6170923150294],[-88.9875912992174,30.6165140232358],[-88.9877300132861,30.6148985595427]]},"properties":{"segment_id":"7c2f68f0ff8726b832ccac2d","source_kmz":"biloxi","orientation":"unverified"}},{"type":"Feature","geometry":{"type":"LineString","coordinates":[[-88.9954688093602,30.6199928949433],[-88.9945998077387,30.6191255185788],[-88.9946460017157,30.61858703132731],[-88.9931977153443,30.6171413843148],[-88.9916339504924,30.617041936006],[-88.9913443052387,30.6167527996335],[-88.9900933007976,30.6166732216914],[-88.9898036622941,30.6163840810527],[-88.9891781633377,30.6163442850949],[-88.9877300132861,30.6148985595427]]},"properties":{"segment_id":"0d09fc63a7bffab3214b993b","source_kmz":"biloxi","orientation":"unverified"}},{"type":"Feature","geometry":{"type":"LineString","coordinates":[[-88.909692325893,30.6191092201589],[-88.9100284418862,30.6188601179141],[-88.9100985673521,30.61805243975431],[-88.9107707861343,30.6175542305323],[-88.91108352098551,30.6175743510372],[-88.9114196264368,30.6173252437541],[-88.9120450948614,30.61736548022],[-88.9123811965268,30.6171163699001],[-88.9124045635953,30.6168471425202],[-88.9130767584314,30.6163489179956],[-88.9131001229919,30.6160796900348],[-88.9134362161626,30.6158305758302],[-88.913482942468,30.61529211901321],[-88.913193579696,30.61500277662021],[-88.9132636706095,30.6141950899091],[-88.9129743124929,30.6139057462747],[-88.91331039711642,30.6136566313159],[-88.9133337601392,30.6133874017835],[-88.913669841539,30.6131382854592],[-88.9137399261537,30.61233059528301],[-88.9140760019759,30.612081477169],[-88.9141460816759,30.611273784942],[-88.9138567307701,30.6109844418453],[-88.9138800912321,30.6107152106862],[-88.9135907432423,30.6104258665527],[-88.9136141044201,30.6101566351339],[-88.913926811695,30.6101767478962],[-88.913973531543,30.6096382844772]]},"properties":{"segment_id":"9adcea5ae482629cab960944","source_kmz":"biloxi","orientation":"unverified"}},{"type":"Feature","geometry":{"type":"LineString","coordinates":[[-88.9412218710483,30.6509119849578],[-88.9414081209731,30.648758265324],[-88.9408289630735,30.6481797666101],[-88.94085224536622,30.6479105507478],[-88.9405626703602,30.6476212998875],[-88.9405859533706,30.6473520837667],[-88.9402963812839,30.6470628318702],[-88.9403429485867,30.6465243989553],[-88.93947424984292,30.6456566370483],[-88.93916140063351,30.645636598154],[-88.93946412043302,30.6421367656749],[-88.9391745707802,30.6418475076796],[-88.939221142499,30.6413090693601],[-88.9383525110542,30.6404412891557],[-88.93803968206981,30.6404212468649],[-88.9382725678281,30.6377290433531],[-88.9359563864958,30.6354149068729],[-88.9356435773233,30.6353948575831],[-88.9349713634396,30.6358931996032],[-88.9340329316189,30.63583304076141],[-88.9337434234906,30.6355437647068],[-88.9334306143678,30.6355237091532],[-88.9335005230345,30.6347160443768],[-88.9317635400011,30.632980361596],[-88.9318567702999,30.6319034705819],[-88.9312777993003,30.63132490136301],[-88.9313011082322,30.6310556780131],[-88.9298537209181,30.6296092381034],[-88.9298770340482,30.62934001408591],[-88.9290086288409,30.6284721386209],[-88.9290552598623,30.6279336895022],[-88.92789742187881,30.6267765083166],[-88.9275846477164,30.626756435833],[-88.9270057433632,30.6261778379694],[-88.9270290648886,30.6259086126162],[-88.9273651560212,30.6256594611447],[-88.9274584358789,30.6245825573158],[-88.927168990817,30.6242932572013],[-88.9272389517089,30.6234855773747],[-88.9269495113045,30.623196276019],[-88.926972832165,30.6229270489939],[-88.9266833946779,30.62263774660151],[-88.9267300376783,30.6220992918758],[-88.9255723151617,30.6209420721436],[-88.9256422889515,30.6201343876498],[-88.9250634451955,30.6195557715633],[-88.925086771225,30.61928654288],[-88.9239291117566,30.6181292990843],[-88.9240690855876,30.61651392122941],[-88.92377968105711,30.6162246073302],[-88.9238263395122,30.6156861465837],[-88.9226687488168,30.6145288808232],[-88.9223326891065,30.6147780238174],[-88.9208857483243,30.6133314169431],[-88.9209090863265,30.6130621856244],[-88.92061970517982,30.6127728613438],[-88.920306986338,30.6127527676522],[-88.9200176084148,30.6124634416051],[-88.9200409490262,30.61219420997911],[-88.9188834612779,30.6110368960364],[-88.9182580378708,30.61099669778231],[-88.9182346917343,30.6112659297085],[-88.9179219792379,30.61124582919661],[-88.91763261507832,30.6109564959812],[-88.9163817713372,30.6108760817378],[-88.9158030585727,30.6102974058479],[-88.9154903503755,30.6102772984062],[-88.9149116481508,30.6096986171147],[-88.913973531543,30.6096382844772]]},"properties":{"segment_id":"a49b9a8c8fe7e0f877ebb538","source_kmz":"biloxi","orientation":"unverified"}},{"type":"Feature","geometry":{"type":"LineString","coordinates":[[-89.0970856891601,30.6231566085786],[-89.0971084500452,30.622887346023],[-89.0962383405172,30.6220207755024],[-89.0962838670836,30.6214822493004],[-89.09570380780292,30.6209045305212],[-89.0957948661312,30.6198274754079],[-89.0964659673552,30.61932813821881],[-89.0964887292149,30.6190588736278],[-89.096824275581,30.6188092030968],[-89.096847036117,30.6185399381386],[-89.0971825792612,30.6182902662466],[-89.09729637382482,30.6169439380507],[-89.097006355674,30.6166550790381],[-89.097097392125,30.615578013243],[-89.0977684505421,30.6150786636813]]},"properties":{"segment_id":"e783aab7b15c73e1f0443117","source_kmz":"biloxi","orientation":"unverified"}},{"type":"Feature","geometry":{"type":"LineString","coordinates":[[-89.1621374202309,30.6461585452675],[-89.1631437852648,30.6454089743488],[-89.1632339827112,30.6443319191942],[-89.1635694289295,30.6440820590849],[-89.1636145244151,30.6435435301509],[-89.16394996623691,30.6432936684733],[-89.16397251258371,30.6430244035624],[-89.1643079511825,30.642774540526],[-89.1646208437315,30.6427939416695],[-89.16495627940431,30.6425440765431],[-89.1655820631947,30.64258287428761],[-89.1659174950651,30.6423330061311],[-89.16596257412462,30.6417944742666],[-89.1656722254132,30.64150581077031],[-89.1656947655967,30.6412365444999],[-89.1660301916008,30.6409866752969],[-89.1657398455185,30.6406980114901],[-89.1657623852568,30.6404287447505],[-89.1651817009936,30.6398514141162],[-89.164868819569,30.6398320144424],[-89.1645784816849,30.639543346884],[-89.1646461109705,30.638735544954],[-89.1643557777648,30.6384468761473],[-89.16469119641872,30.6381970095517],[-89.164781365534,30.6371199368696],[-89.1644684946535,30.6371005359504],[-89.1638878431531,30.6365231944879],[-89.1645586654927,30.6360234609763],[-89.1648715322744,30.6360428616838],[-89.16520693949391,30.6357929922633],[-89.16522947963492,30.6355237228662],[-89.1649391557713,30.6352350536512],[-89.1649616966401,30.634965783994],[-89.1652970991674,30.6347159137358],[-89.1653196387147,30.6344466437126],[-89.1656324996454,30.634466042328],[-89.16567757624561,30.6339275017062],[-89.1670191482811,30.6329280029033],[-89.167332003806,30.6329473967649],[-89.1686735395493,30.6319478758078],[-89.1678025757186,30.6310818860264],[-89.1678476361663,30.6305433406992],[-89.1688537567507,30.6297936932297],[-89.1691666007225,30.62981308202051],[-89.1695019692763,30.6295631962914],[-89.17044049945281,30.6296213545201],[-89.1707758633289,30.6293714648212],[-89.1708659425955,30.6282943672519],[-89.1725427077856,30.6270448973239],[-89.17261024808812,30.6262370693598],[-89.1732809327855,30.6257372720848],[-89.1739065919485,30.6257760240202],[-89.174196913885,30.6260646753794],[-89.1745097448614,30.626084049182],[-89.1748000700194,30.6263726987686],[-89.175425734762,30.6264114420435],[-89.1764317350756,30.6256617190259],[-89.1765442355937,30.62431533043261],[-89.176253911583,30.62402668418691],[-89.1762764121186,30.6237574058943],[-89.1766117341271,30.6235074953963],[-89.1769245558963,30.6235268624604],[-89.1782658199376,30.6225272052134],[-89.1785786383498,30.6225465676304],[-89.1792492563253,30.6220467302301],[-89.17929423644,30.6215081700303],[-89.1790039126886,30.6212195293166],[-89.179071384379,30.6204116875294],[-89.1794066841356,30.6201617667878],[-89.1794516621774,30.6196232043936],[-89.17916134456,30.61933456295201],[-89.17918383423512,30.6190652814157],[-89.1786032068983,30.6184879955096],[-89.1786706802927,30.6176801493361],[-89.1793412578155,30.6171803062717],[-89.1796540560377,30.6171996658587],[-89.1809951829969,30.6161999621767],[-89.1816207728755,30.6162386711703],[-89.1819560477417,30.6159887404963],[-89.1825816364599,30.6160274440617],[-89.183252176542,30.615527575506]]},"properties":{"segment_id":"cbc0e5e83c5dca3548a9feef","source_kmz":"biloxi","orientation":"unverified"}},{"type":"Feature","geometry":{"type":"LineString","coordinates":[[-88.9877300132861,30.6148985595427],[-88.9877762500916,30.6143600703885],[-88.98748662796571,30.614070922266],[-88.98755598464702,30.6132631870481],[-88.9869767517646,30.6126848873797],[-88.98699987209682,30.6124156417871],[-88.9867102595975,30.6121264904468],[-88.9867333806489,30.6118572445943],[-88.98644377106801,30.6115680922156],[-88.9865824994084,30.6099526131834],[-88.98542410246492,30.6087959918443],[-88.9851113829802,30.6087760815836],[-88.9842426102912,30.6079086032588],[-88.98361717883212,30.6078687750816],[-88.9827484316179,30.607001283342],[-88.9824357196435,30.6069813654256],[-88.9821461425078,30.6066921988089],[-88.981520721367,30.6066523586504],[-88.9803624426962,30.6054956761687],[-88.9804318624347,30.6046879308755],[-88.9801423004967,30.6043987576075],[-88.980165440976,30.6041295087589],[-88.9798527406053,30.6041095834041],[-88.9795631827604,30.6038204082651],[-88.978937784827,30.6037805532301],[-88.9786482313798,30.60349137549071],[-88.97833553381712,30.6034714458105],[-88.9777564354135,30.6028930858605],[-88.9774437403543,30.6028731536285],[-88.9765751116243,30.6020056041901],[-88.9762624202442,30.6019856685741],[-88.9753938134589,30.6011181082193],[-88.9728923161178,30.6009585713895],[-88.9726027940202,30.6006693760743],[-88.9722901087141,30.6006494291479],[-88.9719542571298,30.6008987304471],[-88.9694527732034,30.6007391155839],[-88.9688737569186,30.6001607057055],[-88.9682483921645,30.6001207897928],[-88.9679125304371,30.6003700790696],[-88.9669744818382,30.6003101957267],[-88.9666386154527,30.6005594810273],[-88.9663259320209,30.6005395171985],[-88.9659900627185,30.6007888004051],[-88.9653646945715,30.600748868205],[-88.9650288214816,30.6009981483766],[-88.9628400316802,30.6008583511561],[-88.9625505454638,30.6005691294112],[-88.9619251806744,30.600529177703],[-88.961253413297,30.6010277161882],[-88.9603153620352,30.6009677763285]]},"properties":{"segment_id":"8f7de178d98d74e2102acd9f","source_kmz":"biloxi","orientation":"unverified"}},{"type":"Feature","geometry":{"type":"LineString","coordinates":[[-89.2854141363213,30.6577945529065],[-89.28512330932641,30.6575062133596],[-89.2851676116192,30.6569676503513],[-89.2848767884349,30.656679309657],[-89.2848989402421,30.6564100278149],[-89.2846081199884,30.6561216860771],[-89.2848074876043,30.6536981415408],[-89.284225869083,30.6531214533747],[-89.28424802207,30.6528521696602],[-89.2829961862608,30.6527759172235],[-89.2824145870733,30.65219921840711],[-89.2824589043312,30.65166065051],[-89.280423384089,30.6496421736006],[-89.2805342054594,30.6482957474835],[-89.2802434294533,30.6480073893607],[-89.2802877587384,30.6474688176126],[-89.2797062163955,30.6468920981319],[-89.2798170458468,30.6455456649872],[-89.278944760901,30.6446805771575],[-89.2789890969353,30.64414200218121],[-89.2799943653782,30.6433913638326],[-89.2800386938014,30.6428527869815],[-89.2797479388949,30.64256442426951],[-89.2797701037668,30.6422951355054],[-89.2794793517898,30.6420067717495],[-89.2795236828541,30.6414681935441],[-89.2783607024829,30.64031472829061],[-89.2780477926609,30.6402956493302],[-89.2777570538649,30.6400072798324],[-89.2774441453599,30.6399881991492],[-89.2771534097853,30.6396998278764],[-89.2768405025974,30.6396807454704],[-89.2771065769214,30.6364492574764],[-89.27744164269471,30.6361990475231],[-89.27788502976331,30.6308131799884],[-89.2758501411864,30.6287945306668],[-89.275894488986,30.6282559390096],[-89.2718250377315,30.624218499303],[-89.2719803365446,30.6223334133314],[-89.2696551653779,30.6200262163786],[-89.269721740906,30.6192183175319],[-89.2688498434366,30.6183531022278]]},"properties":{"segment_id":"1edbfa099ec0560ee1042b07","source_kmz":"biloxi","orientation":"unverified"}},{"type":"Feature","geometry":{"type":"LineString","coordinates":[[-89.183252176542,30.615527575506],[-89.1832746517061,30.6152582909845],[-89.1836099175023,30.6150083547729],[-89.1836323913463,30.6147390698849],[-89.1833420763107,30.6144504364787],[-89.1834544476928,30.6131040091652],[-89.1844602108059,30.6123541920517],[-89.1847729917881,30.61237353732991],[-89.18544348853631,30.6118736516274],[-89.1854659554846,30.6116043645933],[-89.1858011996143,30.6113544198083],[-89.1858461307231,30.61081584485]]},"properties":{"segment_id":"8817e9a64949115e16fdc399","source_kmz":"biloxi","orientation":"unverified"}},{"type":"Feature","geometry":{"type":"LineString","coordinates":[[-89.1858461307231,30.61081584485],[-89.1858910612404,30.6102772692641],[-89.1856007540684,30.6099886390933],[-89.1856232199814,30.6097193509607],[-89.1850426135342,30.609142087595],[-89.18522234953362,30.6069877752165],[-89.1849320563913,30.6066991412918],[-89.1849769906646,30.6061605614189],[-89.1853122139843,30.6059106152598],[-89.1853796107696,30.6051027436438],[-89.1847990387983,30.6045254733957],[-89.1835480357286,30.6044480859801],[-89.1826772071927,30.60358216355681],[-89.1827221545954,30.6030435810729],[-89.1837278007656,30.6022937547792],[-89.1838176797346,30.6012165854093]]},"properties":{"segment_id":"6b02ee2496fa3dd06c5c6984","source_kmz":"biloxi","orientation":"unverified"}},{"type":"Feature","geometry":{"type":"LineString","coordinates":[[-89.1838176797346,30.6012165854093],[-89.1832371463532,30.6006393022281],[-89.1833719708814,30.5990235422079],[-89.1830817125178,30.598734898583],[-89.1831041836308,30.5984656045919],[-89.1827914562017,30.5984462540194],[-89.1825012019332,30.5981576085171],[-89.18125029838271,30.59808019402031],[-89.1809600508485,30.5977915442425],[-89.18033460230421,30.5977528300039],[-89.1797541180652,30.5971755242955],[-89.1797765996999,30.5969062300987],[-89.1794863615274,30.5966175757321],[-89.1796437349583,30.5947325112226],[-89.1787730511156,30.59386654029741],[-89.1784603422851,30.5938471772644],[-89.1781251474532,30.594097108954],[-89.177812437895,30.5940777440944],[-89.1774772401401,30.5943276736947],[-89.1768518197163,30.5942889394356],[-89.1765166181628,30.5945388660069],[-89.1752657755888,30.59446138308691],[-89.1749755619972,30.5941727153722],[-89.1737247264788,30.5940952149251],[-89.1733895161693,30.5943451320996],[-89.1715132620809,30.5942288491834],[-89.17122306255011,30.5939401714591],[-89.1709103552256,30.5939207870348],[-89.1709328650667,30.5936514927963],[-89.1703524762416,30.5930741326551],[-89.1697270687712,30.593035357915],[-89.16943687977302,30.5927466747684],[-89.1691016618934,30.5929965796272],[-89.1675381472922,30.5928996183873],[-89.1672479664965,30.5926109294021],[-89.16733805173412,30.5915337515237],[-89.167047876487,30.5912450611823],[-89.1670703983013,30.590975766215],[-89.1667802259766,30.5906870748306],[-89.1668252709111,30.59014848421541],[-89.1665351023842,30.58985979168351],[-89.1662224117605,30.58984039380841],[-89.1659322464523,30.5895516995041],[-89.16561955714862,30.5895322999081],[-89.1641687671713,30.5880888101384],[-89.16419129759,30.587819513969],[-89.16452650925861,30.5875696213028],[-89.1645490383573,30.5873003247659],[-89.1639687396027,30.5867229233295]]},"properties":{"segment_id":"53abf0c03b1d31053d59c067","source_kmz":"biloxi","orientation":"unverified"}},{"type":"Feature","geometry":{"type":"LineString","coordinates":[[-88.913973531543,30.6096382844772],[-88.9136841870311,30.60934893993401],[-88.913730908003,30.6088104756811],[-88.9140669693941,30.6085613557523],[-88.9141136873974,30.6080228904463],[-88.9138243481022,30.60773354528831],[-88.9138477077427,30.60746431229691],[-88.9135583713633,30.607174966102],[-88.91386204400321,30.6036749215668],[-88.9141980839038,30.6034257985496],[-88.91424479811221,30.6028873273753],[-88.9145808336132,30.6026382027802],[-88.9146041893101,30.6023689667449],[-88.9152762518204,30.6018707136694],[-88.9153696636578,30.6007937662571],[-88.91604170857062,30.6002955068698],[-88.9160884088607,30.5997570313706],[-88.916424425895,30.59950789952221],[-88.9164711232173,30.5989694229689],[-88.915892494023,30.5983907330627],[-88.9160092433331,30.5970445378976],[-88.9163452494709,30.5967954048687],[-88.9164152936837,30.5959876852435],[-88.917423289234,30.5952402773247],[-88.9174699775489,30.5947017955137],[-88.9163127735641,30.5935444120441],[-88.9166487644077,30.5932952762559],[-88.9166954567091,30.5927567925682],[-88.91611686985281,30.5921780962727],[-88.9161402175114,30.5919088539869],[-88.9155616405756,30.5913301537472],[-88.9155849898189,30.5910609110983],[-88.9152957052885,30.5907715594736],[-88.9153190552472,30.5905023165644],[-88.9150297736313,30.5902129639022],[-88.9150531243056,30.5899437207325],[-88.9147638456043,30.5896543670329],[-88.914787196994,30.5893851236028],[-88.9144979212071,30.5890957688657],[-88.9135600410602,30.589035430098],[-88.9132707708478,30.5887460719308],[-88.9129581456158,30.58872595640331],[-88.9126688786251,30.5884365964697],[-88.9123562547232,30.5884164792238],[-88.9106207027889,30.58668029500391],[-88.9103080860987,30.5866601718808],[-88.9091510970865,30.5855026937146],[-88.90917446575482,30.5852334491183],[-88.9085959852575,30.5846547042217],[-88.9086193555098,30.584385459262],[-88.90833011919771,30.5840960853088],[-88.90837686097862,30.5835575947105],[-88.9080876284491,30.5832682196169],[-88.9081109999778,30.5829989739783],[-88.90782177036212,30.5827095978471],[-88.90784514260571,30.5824403519479],[-88.90726669124702,30.5818615966758],[-88.9069540937853,30.58184146384591],[-88.9060864356135,30.580973321433],[-88.906226698042,30.5793578399651],[-88.9044914681814,30.5776215261971],[-88.9045148499262,30.5773522781156],[-88.903647265206,30.5764841083049],[-88.9033346891697,30.5764639649922],[-88.9030454995286,30.5761745723543],[-88.9024203502699,30.5761342814063],[-88.9021311650258,30.5758448861705],[-88.9018185918034,30.5758247385353],[-88.9015294097802,30.5755353415333],[-88.8987162682895,30.5753539654417],[-88.8981379315486,30.5747751536652],[-88.8965750923146,30.5746743498291],[-88.8962391168132,30.5749234342661],[-88.89592654856,30.5749032698983],[-88.8953482347282,30.5743244429477],[-88.8953716456035,30.574055194933],[-88.8950824926227,30.5737657799529],[-88.8951527269295,30.5729580346524],[-88.8945744323107,30.5723792012703],[-88.8936367583858,30.5723186910339],[-88.8930584790021,30.5717398489245],[-88.8931521487459,30.5706628519896],[-88.89199562840102,30.5695051549073],[-88.8904328973371,30.5694042629384]]},"properties":{"segment_id":"b4889c3524af0d08cfb3f131","source_kmz":"biloxi","orientation":"unverified"}},{"type":"Feature","geometry":{"type":"LineString","coordinates":[[-89.2688498434366,30.6183531022278],[-89.2682685887025,30.6177762873263],[-89.2679557674418,30.6177571788658],[-89.26708390422061,30.6168919469602],[-89.26677108661812,30.6168728351072],[-89.2668598882485,30.6157956315206],[-89.26598805752012,30.61493038739661],[-89.2660102601973,30.6146610857941],[-89.2657196549306,30.614372669102],[-89.2657418583399,30.6141033672382],[-89.2654512560004,30.6138149495016],[-89.2655178679859,30.6130070426555],[-89.2661878763528,30.612506667331],[-89.26625447999952,30.6116987578202],[-89.2659638843936,30.6114103399766],[-89.2660082878504,30.6108717326426],[-89.2657176960496,30.6105833136497],[-89.2654049028858,30.6105641976719],[-89.2651143143042,30.6102757769042],[-89.264801522457,30.6102566592042],[-89.2639297725156,30.6093913887572],[-89.26330419628282,30.6093531456855],[-89.2603985197121,30.6064688330772],[-89.26008574352001,30.6064497018606],[-89.2600635235719,30.6067190069166],[-89.2597729674741,30.6064305697569],[-89.2598618499006,30.6053533481722],[-89.259571299363,30.6050649096537],[-89.2595935204819,30.6047956037604],[-89.2566881365421,30.6019111658398],[-89.2567103662931,30.6016418587414],[-89.2535146901803,30.5984688673338],[-89.2522637150372,30.5983922578274],[-89.2519732159968,30.5981037950851],[-89.25134773164451,30.59806548334001],[-89.2507667443893,30.59748855169691],[-89.25078899242541,30.5972192432864],[-89.25049850274722,30.5969307759504],[-89.2505430001352,30.5963921584484],[-89.2490905912375,30.5949498066236],[-89.2487778617159,30.5949306428985],[-89.2484428772847,30.5951807875362],[-89.2481301470321,30.5951616219849],[-89.2475492030752,30.594584669878],[-89.2472364753098,30.5945655017701],[-89.243750997621,30.59110370017691],[-89.24312557061862,30.5910653412662],[-89.2427905847331,30.591315470781],[-89.2387253121077,30.5910660391733],[-89.2384348867924,30.5907775363489],[-89.2371840433446,30.5907007546668],[-89.2348607519855,30.588392671537],[-89.2339226490309,30.58833505593091],[-89.2330514590875,30.5874695017425],[-89.228673711927,30.5872004883176],[-89.2266411217539,30.5851807472051],[-89.2266857697498,30.5846421260145],[-89.2261050516318,30.58406504824981]]},"properties":{"segment_id":"cddaae22ac7722ffa58e66ab","source_kmz":"biloxi","orientation":"unverified"}},{"type":"Feature","geometry":{"type":"LineString","coordinates":[[-89.1639687396027,30.5867229233295],[-89.1628081666558,30.5855681091944],[-89.162182820115,30.5855292910846],[-89.1618926843387,30.5852405835365],[-89.1590786427923,30.585065850639],[-89.157918162336,30.58391098104],[-89.1572928307758,30.5838721350808],[-89.1570027181219,30.5835834136671],[-89.1570252708772,30.5833141164057],[-89.1561549478202,30.5824479462202],[-89.1558422879729,30.5824285186277],[-89.155262085178,30.5818510654773],[-89.1543241135571,30.5817927723757],[-89.1536536731981,30.58229250065011],[-89.1533410145383,30.5822730659633],[-89.1530057904142,30.5825229274357],[-89.15271569766432,30.5822341939293],[-89.15240303945,30.5822147565822],[-89.152425606961,30.5819454594846],[-89.15155534713041,30.58107925052],[-89.1512426936032,30.5810598098374],[-89.1503724557064,30.5801935899258],[-89.150059805843,30.5801741458549],[-89.149479659821,30.5795966595542],[-89.1491670124496,30.579577212929],[-89.14887694368,30.5792884675372],[-89.1479390059726,30.5792301198396]]},"properties":{"segment_id":"8e820ceeb6e96116b0790e2b","source_kmz":"biloxi","orientation":"unverified"}},{"type":"Feature","geometry":{"type":"LineString","coordinates":[[-89.1479390059726,30.5792301198396],[-89.14764894276462,30.578941371008],[-89.1470236540461,30.57890246644161],[-89.1467335952281,30.5786137150041],[-89.1464209522635,30.578594260557],[-89.1452607421418,30.5774392420884],[-89.1453059213752,30.5769006452369],[-89.14501587570952,30.5766118880647]]},"properties":{"segment_id":"f487f55d776878cd968a1455","source_kmz":"biloxi","orientation":"unverified"}},{"type":"Feature","geometry":{"type":"LineString","coordinates":[[-88.8904328973371,30.5694042629384],[-88.88980780599,30.5693638999462],[-88.8886513512871,30.56820616463],[-88.8886747824372,30.5679369145611],[-88.8880965690869,30.5673580410896],[-88.8882137312055,30.5660117873442],[-88.88792463193612,30.5657223486911],[-88.8879480647654,30.5654530973648],[-88.885635351138,30.5631375536716],[-88.88570566952912,30.5623297962688],[-88.8860416253964,30.5620807372915],[-88.8861353763887,30.5610037243555],[-88.8855572299533,30.56042482909851],[-88.8852447196813,30.560404633849],[-88.8849556507053,30.5601151839873],[-88.8851197343824,30.558230403478],[-88.8836744505267,30.5567831365375],[-88.8836978947735,30.5565138810301],[-88.8834088450008,30.556224424735],[-88.88343228996112,30.55595516896601],[-88.8831432430995,30.555665711633],[-88.8831901342926,30.5551271994139],[-88.8829010912096,30.5548377409397],[-88.8829948752158,30.5537607141895],[-88.8827058376465,30.5534712543674]]},"properties":{"segment_id":"b40ae3f92c5235a178824643","source_kmz":"biloxi","orientation":"unverified"}},{"type":"Feature","geometry":{"type":"LineString","coordinates":[[-88.8827058376465,30.5534712543674],[-88.8827292841301,30.5532019971809],[-88.8824402494717,30.5529125363209],[-88.88246369666861,30.5526432788728],[-88.882174664921,30.5523538169749],[-88.8822215605872,30.5518153013971],[-88.8825574839143,30.5515662474976]]},"properties":{"segment_id":"cf44f03ae449e9e6673b7c59","source_kmz":"biloxi","orientation":"unverified"}},{"type":"Feature","geometry":{"type":"LineString","coordinates":[[-88.9603153620352,30.6009677763285],[-88.9594469351329,30.6001000886215],[-88.9591342552119,30.6000801043979],[-88.95884478484622,30.5997908724595],[-88.9582194278139,30.5997508996877],[-88.9564826626994,30.5980154784309],[-88.9558573203882,30.59797549212511],[-88.9555678690489,30.5976862503113],[-88.9549425297006,30.5976462587943],[-88.9546530827591,30.5973570143808],[-88.9546763051097,30.5970877668985],[-88.9538079791722,30.5962200277384],[-88.9538312039806,30.5959507797898],[-88.9535417669636,30.5956615314297],[-88.9535649924894,30.5953922832208],[-88.95211784244451,30.593946026878],[-88.9514925333617,30.593906015497],[-88.95091369236822,30.5933275030849],[-88.9509369258778,30.5930582541065],[-88.9506475093198,30.5927689963948],[-88.9506707435466,30.5924997471558],[-88.9500919183081,30.5919212287208],[-88.9494666256864,30.5918812056895],[-88.949489863546,30.591611956196],[-88.9474640622024,30.5895870998444],[-88.9476500082901,30.5874330924544],[-88.9470712402348,30.5868545520026],[-88.9471177287067,30.5863160481669],[-88.9459602241001,30.58515895521621],[-88.9450223659195,30.5850988833662],[-88.9447329984084,30.5848096052944],[-88.9444203804965,30.58478957873921],[-88.94297357949941,30.5833431701922],[-88.94308986194201,30.5819969037778],[-88.9425111645565,30.5814183327813],[-88.9425344223252,30.581149078819],[-88.9416663941946,30.5802812150007],[-88.9413537943277,30.5802611795659],[-88.9410644568833,30.5799718889241],[-88.9398140636485,30.5798917349918],[-88.93952473295171,30.5796024400869],[-88.9395712669509,30.5790639312027],[-88.9387032923476,30.5781960402579],[-88.9387731000233,30.5773882748194],[-88.9381944657293,30.576809675561],[-88.938241006892,30.5762711640669],[-88.9385768600894,30.5760219524514],[-88.93888944308821,30.5760419959331],[-88.9392252933714,30.5757927822232],[-88.9392718271748,30.5752542691394],[-88.9395844074124,30.5752743106845],[-88.9399202524303,30.5750250944555],[-88.9400365732711,30.5736788076497],[-88.9403724103669,30.5734295892055],[-88.94039567290062,30.57316033115851],[-88.9407315067762,30.5729111113485],[-88.9408012899328,30.5721033356231],[-88.9405119832733,30.5718140385554],[-88.9405817676608,30.5710062610992],[-88.941589234945,30.57025859311191],[-88.94221435855911,30.5702986626063],[-88.9425501751592,30.57004943575521],[-88.9425734295698,30.5697801753288],[-88.9432450542856,30.5692817177418],[-88.9423771444479,30.5684138377915],[-88.942400398963,30.568144576472],[-88.9430720113146,30.56764611821781],[-88.9432115210908,30.5660305444346],[-88.9448904809369,30.564784372242],[-88.9452030225766,30.5648043983104],[-88.9478892450687,30.5628104553024],[-88.9482017799068,30.5628304729576],[-88.9492090770022,30.5620827224776],[-88.949521609385,30.562102736424],[-88.9508646400817,30.5611057158749],[-88.9508878646091,30.5608364486121],[-88.9512236159978,30.5605871903792],[-88.9512700622447,30.5600486549545],[-88.9516058092396,30.5597993951434],[-88.9517683580689,30.5579145146901],[-88.9514790627954,30.5576252377185],[-88.951571947958,30.5565481592808],[-88.95257913699432,30.5558003680998],[-88.95289164622241,30.55582037276301],[-88.9529148625851,30.5555511020663],[-88.9532505861319,30.5553018348795]]},"properties":{"segment_id":"7746339f625ffc8cf70cf666","source_kmz":"biloxi","orientation":"unverified"}},{"type":"Feature","geometry":{"type":"LineString","coordinates":[[-89.0977684505421,30.6150786636813],[-89.0981039766789,30.6148289871743],[-89.0981494869632,30.6142904520731],[-89.0984850087047,30.6140407739947],[-89.098598775926,30.6126944324431],[-89.0983087682402,30.6124055742746],[-89.0983315221093,30.6121363053898],[-89.0980415173454,30.61184744618051],[-89.0980642719388,30.6115781770351],[-89.0983997828179,30.6113284977933],[-89.0985135476703,30.6099821486591],[-89.0988490506338,30.6097324672145],[-89.0989173042275,30.6089246552184],[-89.0992528016229,30.6086749719919],[-89.0992983009229,30.608136429455],[-89.0996337939237,30.6078867446568],[-89.0996792902779,30.6073482010709],[-89.1000147788842,30.6070985147011],[-89.1000375256633,30.60682924246211],[-89.0971376980264,30.6039406208033],[-89.0972742279931,30.6023249778453],[-89.0976097033436,30.6020752961493],[-89.0976552097877,30.6015367468183],[-89.0979906807442,30.6012870635503],[-89.0980134325684,30.6010177884385],[-89.0977234683309,30.600728921643],[-89.0977462208791,30.6004596462701],[-89.0971663002932,30.5998819096595],[-89.0968535879012,30.5998623156325],[-89.0959837258955,30.5989957011861],[-89.0960747561608,30.5979185962596],[-89.0964102171073,30.5976689158955],[-89.096432973126,30.5973996390601],[-89.0967684308522,30.5971499573345],[-89.0967911855479,30.5968806801312],[-89.09813299129051,30.5958819408778],[-89.0981784908472,30.5953433843144],[-89.09884937674451,30.5948440069401],[-89.0988948710098,30.594305448905],[-89.0995657440272,30.5938060660848],[-89.0995884885891,30.59353678641],[-89.0999239208545,30.59328709306291],[-89.1002366088573,30.5933066786612],[-89.101913735114,30.592058189963],[-89.1020501509741,30.5904425007063],[-89.1023855630474,30.5901927982502],[-89.1018056824604,30.589615073536],[-89.100867660086,30.5895563269625],[-89.1005777263812,30.5892674606986],[-89.10026505372852,30.5892478759004],[-89.09997512324331,30.5889590078657],[-89.09999786511132,30.5886897253585],[-89.09970793754621,30.5884008562822],[-89.0997306801383,30.5881315735136],[-89.098860912343,30.58726496034731],[-89.0988836574061,30.586995677109],[-89.0992190650147,30.5867459824654],[-89.09946923793052,30.5837838541345],[-89.09628035892912,30.5806061946119],[-89.0963031106314,30.5803369081274],[-89.0960132256908,30.5800480242594],[-89.0963486135869,30.5797983346857],[-89.09637136484021,30.5795290477286],[-89.09670674951751,30.5792793567931],[-89.0967294994483,30.57901006946741],[-89.09706488090691,30.5787603771701],[-89.0973775127339,30.5787799714692],[-89.0974457550412,30.5779721077541],[-89.0977811300623,30.5777224127331],[-89.0978266218403,30.5771838357133],[-89.097536742689,30.5768949539278],[-89.0976049818535,30.5760870869032],[-89.0973151073681,30.5757982038673],[-89.0973606011428,30.5752596248543],[-89.0967808618029,30.5746818555523],[-89.0968718545424,30.5736046948],[-89.0972072134217,30.5733549992236],[-89.09743467306951,30.57066208419541],[-89.0997820458723,30.5689141681629],[-89.0998047828072,30.5686448743155],[-89.1008107655219,30.5678957495471],[-89.1008334987902,30.56762645490881],[-89.1011688210984,30.5673767441398],[-89.1011915530449,30.5671074491327],[-89.100901697698,30.5668185700473],[-89.10092443036811,30.5665492747779],[-89.1012597479872,30.5662995631646],[-89.1013052105343,30.5657609717303],[-89.10264645117832,30.5647621120795],[-89.1029590308881,30.5647816911409],[-89.1032943350625,30.564531972411],[-89.10391949318411,30.56457112599441],[-89.1042547935667,30.564321404234],[-89.1048799505398,30.5643605523915],[-89.1049026694424,30.56409125490501],[-89.105237964861,30.563841529903],[-89.1054197013254,30.5616871426397]]},"properties":{"segment_id":"085de7342a05a5261219dd6d","source_kmz":"biloxi","orientation":"unverified"}},{"type":"Feature","geometry":{"type":"LineString","coordinates":[[-88.9532505861319,30.5553018348795],[-88.9532738011674,30.55503256381211],[-88.9529845107573,30.5547432890272],[-88.9530541575552,30.5539354745648],[-88.9533898740542,30.5536862061027],[-88.9535059431242,30.5523398444389],[-88.9538416517064,30.5520905737607],[-88.9538880759167,30.5515520275627],[-88.9542237801059,30.5513027553061],[-88.954363042026,30.54968711163921]]},"properties":{"segment_id":"d948427583cc7acb54eef76b","source_kmz":"biloxi","orientation":"unverified"}},{"type":"Feature","geometry":{"type":"LineString","coordinates":[[-89.1054197013254,30.5616871426397],[-89.105442417711,30.5614178435214],[-89.1051525675083,30.5611289721353],[-89.105243435049,30.56005177366511],[-89.1079256004864,30.5580539160924],[-89.1079937214463,30.5572460105146],[-89.1083289794074,30.5569962725057],[-89.1083970955075,30.556188364873]]},"properties":{"segment_id":"c176223ff06850fac631f2f2","source_kmz":"biloxi","orientation":"unverified"}},{"type":"Feature","geometry":{"type":"LineString","coordinates":[[-89.1083970955075,30.556188364873],[-89.1078174133222,30.5556106303079],[-89.1079309459,30.55426411338]]},"properties":{"segment_id":"34d802d1bc63497654bc3821","source_kmz":"biloxi","orientation":"unverified"}},{"type":"Feature","geometry":{"type":"LineString","coordinates":[[-88.8825574839143,30.5515662474976],[-88.8826278227296,30.5507584723042],[-88.8823387970543,30.5504690096827],[-88.8825029216324,30.5485841946333],[-88.8822139040722,30.54829473035331],[-88.88254981298131,30.5480456746227],[-88.8826670386557,30.546699371825],[-88.8823780271673,30.54640990682091],[-88.882448363324,30.5456021229314],[-88.8821593564806,30.5453126566822],[-88.8821828024252,30.5450433949654],[-88.8813157967549,30.5441749902991],[-88.8813392451472,30.5439057281134],[-88.8816751387145,30.5436566727342],[-88.8816985857769,30.5433874101767],[-88.88203447612571,30.5431383534297],[-88.8821517032475,30.5417920371991],[-88.8818627108974,30.5415025678382],[-88.8819096024015,30.5409640400297],[-88.8816206138287,30.5406745695269],[-88.8813081798892,30.54065436228],[-88.8810191945348,30.5403648900113],[-88.8810426428113,30.5400956257171],[-88.8807536603668,30.53980615241011]]},"properties":{"segment_id":"638c214d9032ea14734eec98","source_kmz":"biloxi","orientation":"unverified"}},{"type":"Feature","geometry":{"type":"LineString","coordinates":[[-89.14501587570952,30.5766118880647],[-89.1447258320901,30.57632312995411],[-89.14474842323281,30.5760538310828],[-89.1432982402008,30.5746100259319],[-89.1429856133435,30.5745905615856],[-89.1424055567972,30.5740130312893],[-89.1425185460007,30.5726665311721],[-89.1428537617711,30.5724166963716],[-89.1428989540685,30.5718780948001],[-89.1426089346875,30.571589328241],[-89.1419837045202,30.5715503945071],[-89.1416936895285,30.5712616253422],[-89.14173888882041,30.5707230229333],[-89.1411588684719,30.5701454813696],[-89.1402210410187,30.5700870669335],[-89.1398858267532,30.5703368949621],[-89.1361345198363,30.5701031461424],[-89.1355545434168,30.56952557435771],[-89.1352419378176,30.56950608785891],[-89.1340820142153,30.5683509296956],[-89.1337694134518,30.5683314389757],[-89.1334794388374,30.5680426462555],[-89.1328542401003,30.5680036604885],[-89.1325642698751,30.5677148651629],[-89.131939074077,30.5676758741822],[-89.1316038444127,30.567925678315],[-89.1312912458629,30.567906180555],[-89.1310012814964,30.5676173810615],[-89.13104654911831,30.56707877889451],[-89.1304666300181,30.566501176674],[-89.13015403717822,30.5664816756328],[-89.1298640818683,30.5661928722816],[-89.1286137166849,30.5661148559165],[-89.1262941853421,30.5638043686572],[-89.1265206617757,30.56111133949],[-89.1253609801443,30.5599560691528],[-89.1253836304629,30.5596867649489],[-89.1244459340702,30.5596282151113],[-89.1238661143033,30.5590505691029],[-89.1235535514804,30.5590310490503],[-89.1229737422377,30.5584533976221],[-89.12234862172551,30.5584143515236],[-89.12201340072171,30.558664131396],[-89.1217008398156,30.5586446060773],[-89.12103038992521,30.5591441604909],[-89.1207178274212,30.55912463240641],[-89.1204279314488,30.5588357997652],[-89.1204505976822,30.5585664959373],[-89.1201607046284,30.5582776622531],[-89.1201833715862,30.5580083581625],[-89.119603593361,30.5574306877701],[-89.1183533717637,30.5573525536571],[-89.1180181429197,30.5576023219472],[-89.11739303126902,30.5575632476922],[-89.11710315255252,30.5572744053598],[-89.1167905981226,30.5572548660692],[-89.11650072262302,30.5569660219651],[-89.1158756165541,30.5569269390576],[-89.11558574544301,30.5566380923487],[-89.1152731938041,30.5566185487318],[-89.1149833259098,30.5563297002515],[-89.11467077559182,30.55631015491471],[-89.1138011876941,30.5554436013447],[-89.1131760945361,30.5554045030115],[-89.1125963841829,30.5548267926075],[-89.1126190750628,30.5545574881081],[-89.1123292238268,30.55426863139421],[-89.1123519154307,30.553999326632],[-89.1120620671128,30.5537104688751],[-89.1120847594407,30.5534411638501],[-89.1115050706859,30.5528634453122],[-89.1111925344284,30.5528438899755],[-89.109181110392,30.5543423661435],[-89.1079309459,30.55426411338]]},"properties":{"segment_id":"580515938faef4d7d7461b79","source_kmz":"biloxi","orientation":"unverified"}},{"type":"Feature","geometry":{"type":"LineString","coordinates":[[-89.2261050516318,30.58406504824981],[-89.2258146956436,30.5837765079582],[-89.2258593483118,30.5832378855083],[-89.2255689961238,30.5829493440673],[-89.2256583032036,30.5818720968592],[-89.2259709774113,30.5818913266299],[-89.2256806296063,30.5816027846638],[-89.2259485349795,30.5783710260414],[-89.2256581997401,30.578082481875],[-89.22568052510951,30.5778131675281],[-89.225099862524,30.5772360761664],[-89.2251221894995,30.5769667614519],[-89.2248318621533,30.5766782142566],[-89.2248541898584,30.5764088992795],[-89.2245638654354,30.5761203510395],[-89.22476481605761,30.5736965082125],[-89.2257697164985,30.5729462525397],[-89.2259483012007,30.5707917098338],[-89.2262832545602,30.5705416206325],[-89.22639485937542,30.5691950252709],[-89.2261045551044,30.5689064766939],[-89.2267744433963,30.5684062942034],[-89.226841400132,30.5675983335199],[-89.2271763376985,30.5673482399213],[-89.2272432896028,30.5665402771893],[-89.2275559056285,30.5665595030902],[-89.2278908367625,30.5663094067737],[-89.2282034520586,30.5663286308489],[-89.2282257658502,30.5660593093083],[-89.2288956178871,30.5655591109306],[-89.2289179291921,30.5652897888125],[-89.2286276298761,30.5650012444966],[-89.2286499419106,30.5647319221155],[-89.2283596455171,30.5644433767544],[-89.2284488956924,30.5633660852317],[-89.2278683160538,30.5627889908471],[-89.2279798842325,30.56144237184141],[-89.2283147931392,30.5611922715351],[-89.2283371051647,30.5609229470507],[-89.22867201085572,30.5606728453854],[-89.2289397296775,30.5574409367475]]},"properties":{"segment_id":"ad1bd9863d190e4e605aaf77","source_kmz":"biloxi","orientation":"unverified"}},{"type":"Feature","geometry":{"type":"LineString","coordinates":[[-89.1079309459,30.55426411338],[-89.1079536519675,30.5539948095204],[-89.1073739884392,30.55341706994591],[-89.1073966961035,30.55314776571881],[-89.1071068682796,30.5528588944197],[-89.10712957666762,30.5525895899297],[-89.106260108084,30.5517229700895],[-89.1056350469299,30.551683828709],[-89.1053452305017,30.5513949518863],[-89.10503270132051,30.5513753790331],[-89.1046974563191,30.5516251099898],[-89.1044076434063,30.5513362306674],[-89.10378258608971,30.5512970787559],[-89.10349277756511,30.5510081968291],[-89.1031802503028,30.5509886187104],[-89.1023108405125,30.550121964802],[-89.1019983169149,30.5501023832973],[-89.1017085189126,30.5498134959519],[-89.1001459090259,30.54971557096581],[-89.0998561189271,30.5494266785165],[-89.0992310783625,30.5493875006506],[-89.098941292652,30.549098605597],[-89.0986287737658,30.5490790145013],[-89.0960208049211,30.546478909311],[-89.094770773057,30.546400506071],[-89.0934297370817,30.5473993087199],[-89.09311722599931,30.5473797019351],[-89.0927819610218,30.5476293987798],[-89.0915319146983,30.5475509590177]]},"properties":{"segment_id":"417b58bde1c22ab81a2c37d3","source_kmz":"biloxi","orientation":"unverified"}},{"type":"Feature","geometry":{"type":"LineString","coordinates":[[-88.954363042026,30.54968711163921],[-88.9544558802532,30.5486100126965],[-88.95329880492442,30.54745290463031],[-88.9533220175763,30.5471836290834],[-88.95303275472212,30.5468943496235],[-88.9530791813061,30.546355797847],[-88.9534148666572,30.54610652531281],[-88.9531256072795,30.5458172454372],[-88.9531488200373,30.5455479689949],[-88.9528363499453,30.5455279646259],[-88.9525006652049,30.5457772357042],[-88.9521881943965,30.5457572295083],[-88.95189894058551,30.5454679462013],[-88.9519221572775,30.5451986698182],[-88.951632906379,30.5449093854716],[-88.9516561237874,30.5446401088262],[-88.9513668758013,30.5443508234398],[-88.9514829648981,30.543004437318],[-88.95119372330042,30.542715150476],[-88.9512401596084,30.5421765947108],[-88.950372452289,30.541308727946],[-88.95041889319991,30.5407701709233],[-88.95012966325112,30.5404808799221],[-88.9502689875328,30.5388652044279],[-88.9499797648405,30.5385759118667],[-88.9500029858886,30.5383066319591],[-88.9497137661082,30.5380173383579],[-88.949806652249,30.5369402167268],[-88.9501423089706,30.5366909491861]]},"properties":{"segment_id":"814938491c52eeb659f93d15","source_kmz":"biloxi","orientation":"unverified"}},{"type":"Feature","geometry":{"type":"LineString","coordinates":[[-89.2289397296775,30.5574409367475],[-89.2289843474265,30.5569022830989],[-89.2286940776127,30.5566137338454],[-89.2288056237975,30.5552670964344],[-89.2279348397719,30.5544014414515],[-89.2276222700737,30.5543822161308],[-89.2277338308446,30.5530355734517],[-89.2259923513228,30.5513042299351]]},"properties":{"segment_id":"afa8c7429b43c5405099d5dc","source_kmz":"biloxi","orientation":"unverified"}},{"type":"Feature","geometry":{"type":"LineString","coordinates":[[-89.1921263086553,30.5467789168073],[-89.19179134819731,30.5470289148339],[-89.19116628224221,30.54699025784191],[-89.1908761808352,30.5467016030333],[-89.1902511178103,30.5466629408273],[-89.1899610207884,30.5463742834114],[-89.1893359606939,30.5463356159915],[-89.187996079773,30.54733556823591],[-89.18674594735631,30.5472582077326],[-89.1864109685139,30.5475081891631],[-89.1857859014415,30.5474695017142],[-89.1854509188043,30.5477194801168],[-89.1851383846147,30.5477001341234],[-89.1848033990576,30.5479501104372],[-89.1832407259506,30.5478533624773],[-89.18237050250161,30.54698733427111],[-89.1808078506408,30.5468905516402],[-89.180472855177,30.5471405152275],[-89.1801603243733,30.5471211551027]]},"properties":{"segment_id":"8ddbbb3343e7596d399b477d","source_kmz":"biloxi","orientation":"unverified"}},{"type":"Feature","geometry":{"type":"LineString","coordinates":[[-89.0915319146983,30.5475509590177],[-89.0906626646792,30.5466842069866],[-89.0906854254304,30.5464149023695],[-89.0903956803854,30.5461259830452],[-89.0905777679861,30.5439715395765],[-89.0909130247098,30.5437218475004],[-89.0910040602305,30.5426446211236],[-89.0904245966135,30.542066778601],[-89.0904473568643,30.54179747140151],[-89.0898223790278,30.5417582395776],[-89.0875046320519,30.5394468178018],[-89.0871921527323,30.5394271938962],[-89.0869024447303,30.5391382611206],[-89.0847151018884,30.5390008631338],[-89.0844254041328,30.5387119235894],[-89.0838004527267,30.5386726573789],[-89.0835107593587,30.5383837152307],[-89.0828858108954,30.538344443809],[-89.0825961219149,30.538055499057],[-89.0822608630316,30.5383051688421],[-89.0819483893244,30.5382855300292],[-89.081613127525,30.5385351977232],[-89.0809881788159,30.5384959155591],[-89.0806529132284,30.5387455802224],[-89.08034043822661,30.5387259368711],[-89.0800051697231,30.5389755994433],[-89.0788464577851,30.5378197860817],[-89.078869254925,30.5375504788523],[-89.0782899129634,30.5369725663348]]},"properties":{"segment_id":"dc0e3133ceb8b38706823f67","source_kmz":"biloxi","orientation":"unverified"}},{"type":"Feature","geometry":{"type":"LineString","coordinates":[[-89.2259923513228,30.5513042299351],[-89.2254118745128,30.5507271079103],[-89.2250993194316,30.55070787529001],[-89.2251439587735,30.5501692155281],[-89.224853726358,30.5498806520603],[-89.2245411746386,30.5498614178238],[-89.2245634959879,30.5495920876526],[-89.2242732676632,30.549303522305],[-89.2243402334577,30.5484955305269],[-89.2225989222261,30.5467641168014],[-89.2219738437821,30.5467256344077],[-89.2216836347408,30.5464370604953],[-89.2213710969086,30.54641781713441],[-89.2210808910821,30.5461292414479],[-89.2204558181973,30.54609075039801],[-89.22016561675481,30.54580217210321],[-89.2198530817023,30.5457829244143],[-89.2195628834745,30.5454943443454],[-89.2192503497383,30.5454750949357],[-89.2189601547253,30.5451865130927],[-89.21552230619051,30.5449747018997],[-89.2146517720159,30.5441089232041],[-89.2143392447214,30.54408965981951],[-89.2140490719229,30.5438010642072],[-89.2124864435039,30.543704729816],[-89.21215155777722,30.5439547913052],[-89.2112139798642,30.5438969772157],[-89.2109238187614,30.5436083732621],[-89.2090486739246,30.5434927161429],[-89.2087585218844,30.543204106245],[-89.2068833893624,30.5430884122073],[-89.2062135866901,30.5435885006565],[-89.2049634942834,30.5435113460567],[-89.2046285863787,30.5437613848014],[-89.2040035393082,30.5437228003047],[-89.2037134042322,30.543434177273],[-89.2033784928266,30.543684212262],[-89.2027534469341,30.5436456206732],[-89.2024185317331,30.5438956526348],[-89.2021060081325,30.5438763545717],[-89.2018158791998,30.5435877266414],[-89.2015033569162,30.5435684268579],[-89.2011684382145,30.5438184550636],[-89.2011460415017,30.5440877837813],[-89.19927089950842,30.5439719605148],[-89.198935972341,30.5442219817266],[-89.198623448316,30.5442026738072],[-89.1982885182286,30.5444526929305],[-89.1979759934758,30.5444333831855],[-89.195966364756,30.5459334681507],[-89.1940911878321,30.5458175572601],[-89.1934212847313,30.5463175651169],[-89.1931087540101,30.5462982416543],[-89.1927737985171,30.5465482429192],[-89.19246126706831,30.5465289176311],[-89.1921263086553,30.5467789168073]]},"properties":{"segment_id":"9aacf314ecf5801288b0f71f","source_kmz":"biloxi","orientation":"unverified"}},{"type":"Feature","geometry":{"type":"LineString","coordinates":[[-89.0782899129634,30.5369725663348],[-89.0780002450484,30.5366836086693],[-89.07643791405262,30.5365853450352],[-89.0761482540407,30.5362963822675],[-89.07552332503582,30.536257068944],[-89.0752336694114,30.5359681035728],[-89.0749212063058,30.5359484447488],[-89.0743419035321,30.5353705095272],[-89.0724671421113,30.535252527977],[-89.0721318638278,30.5355021684459],[-89.0711944825275,30.5354431628869],[-89.0709048450534,30.535154185646],[-89.070592386092,30.53513451452101],[-89.0700131196188,30.5345565555604],[-89.07003594489322,30.5342872482969],[-89.06974631559392,30.5339982673051],[-89.06976914159,30.5337289597784],[-89.0683210301057,30.5322840402287],[-89.0676961354711,30.532244682209],[-89.0674065216487,30.5319556938204],[-89.0664691843386,30.5318966476457]]},"properties":{"segment_id":"62720756a73e93bc656338e6","source_kmz":"biloxi","orientation":"unverified"}},{"type":"Feature","geometry":{"type":"LineString","coordinates":[[-89.1801603243733,30.5471211551027],[-89.1798253259899,30.5473711166011],[-89.1798028581145,30.5476404389527],[-89.1794903255614,30.5476210769496],[-89.1792002630764,30.54733239181361],[-89.1792452024738,30.5467937468469],[-89.17895514378331,30.546505060561],[-89.178977614135,30.5462357377351],[-89.178397504638,30.5456583621347],[-89.1784199765912,30.54538903894011],[-89.1772597856344,30.5442342760466],[-89.17444712037631,30.5440599199866],[-89.1741570882815,30.5437712194109],[-89.17384457182911,30.5437518412492],[-89.1732645161143,30.5431744356126],[-89.1713894345494,30.5430581380216],[-89.17141192883491,30.5427888147737],[-89.1705418842867,30.541922683951],[-89.1702068778125,30.5421726189795],[-89.1683318235272,30.54205626915],[-89.1679968097622,30.5423061973936],[-89.1667467730348,30.5422286093551],[-89.16645677457,30.5419398874087],[-89.16614426692861,30.5419204873492],[-89.165474225114,30.5424203295379],[-89.1651617158721,30.5424009267136],[-89.1644916641303,30.5429007624237],[-89.1641791532881,30.5428813568346],[-89.1638441234759,30.5431312720253],[-89.1635316119075,30.5431118646106],[-89.1631965791764,30.5433617777121],[-89.1628840668819,30.5433423684717],[-89.1618789537979,30.5440920980578],[-89.16156643902892,30.5440726851133],[-89.1612764522973,30.5437839506708],[-89.1606514255448,30.5437451204551],[-89.1603163814345,30.5439950244709],[-89.159066326211,30.54391734964531],[-89.1587312765594,30.544167248754],[-89.1584412994885,30.5438785069138],[-89.1568787352764,30.5437813845722],[-89.156543679506,30.5440312771061],[-89.1559637437972,30.5434537808158],[-89.1556512328666,30.5434343510817],[-89.1546460524447,30.5441840145945],[-89.1543335390404,30.5441645811561],[-89.154043577484,30.5438758277504],[-89.1540886804383,30.5433371891143],[-89.1537987226746,30.543048434559],[-89.1534862138045,30.5430289986726],[-89.1531511507611,30.54327888129651],[-89.1528386411653,30.5432594435844],[-89.1525035752033,30.54350932411881],[-89.152191064882,30.543489884581],[-89.1518559960014,30.5437397630258],[-89.1515434849544,30.5437203216623],[-89.1508733393115,30.5442200732226],[-89.1502483141669,30.544181184079],[-89.1499132365306,30.5444310562551],[-89.1492882102319,30.5443921616871],[-89.1489982656588,30.5441033951545],[-89.1486857539028,30.5440839457073],[-89.1483958125451,30.5437951774022],[-89.14777079182,30.5437562741814],[-89.1474808548484,30.5434675032704],[-89.1475260007397,30.5429288668543],[-89.14549651141951,30.5409074427175],[-89.1455190902589,30.5406381235353],[-89.1452291722649,30.5403493447981],[-89.1452517518295,30.5400800253524],[-89.1438021968939,30.53863611705791],[-89.1416147723879,30.53849984765951],[-89.14132487572871,30.5382110573499],[-89.14069990097691,30.5381721135917],[-89.1401201184744,30.5375945268224],[-89.1401879048424,30.5367865664371],[-89.14052298087292,30.5365367197697],[-89.1405681687005,30.53599807829921],[-89.1409032403455,30.5357482300589],[-89.1409258328658,30.535478908875],[-89.1394764356164,30.5340349296439],[-89.1394990323555,30.5337656077749],[-89.1392091599114,30.5334768090069],[-89.1388966910254,30.5334573313798],[-89.1383169546105,30.5328797293606],[-89.1383395548432,30.5326104070701],[-89.1380496905751,30.5323216045469],[-89.1371122984104,30.532263159006],[-89.1364421584631,30.5327628349847],[-89.1361296929588,30.5327433494866],[-89.1352601282499,30.5318769219159],[-89.1346352047112,30.5318379432605],[-89.1339650531323,30.5323376046333],[-89.1336525898394,30.5323181120976],[-89.13336274313122,30.5320292970738],[-89.1330502811578,30.5320098028185],[-89.1324705962145,30.5314321682881]]},"properties":{"segment_id":"7b9bae6d089b702aab820120","source_kmz":"biloxi","orientation":"unverified"}},{"type":"Feature","geometry":{"type":"LineString","coordinates":[[-88.8807536603668,30.53980615241011],[-88.8807771093564,30.5395368878538],[-88.8804881298217,30.5392474135084],[-88.8805115795243,30.53897814869],[-88.8808474554001,30.5387290932338],[-88.8809412479665,30.5376520315213],[-88.8812771170977,30.5374029740569],[-88.8813005636784,30.5371337080191],[-88.8829798728184,30.5358884023135],[-88.8832922889905,30.5359086050278],[-88.8839639966144,30.5354104727827],[-88.8840343076846,30.5346026690704],[-88.8837453340469,30.5343132002363],[-88.8837922090575,30.5337746634277],[-88.8847997366203,30.5330274553824],[-88.8848231703685,30.5327581860997],[-88.8851590076294,30.532509114229],[-88.8852058723133,30.5319705747609],[-88.88491690382101,30.53168110738301],[-88.8852683823148,30.527642039587],[-88.8859400101375,30.5271438865771],[-88.8860102946266,30.526336067452],[-88.88634610194961,30.5260869885747],[-88.8863929551554,30.52554844127051],[-88.8861040051224,30.5252589730629],[-88.886197713154,30.524181876134],[-88.8865335110768,30.5239327955479],[-88.8868458825308,30.5239529887051],[-88.8875174705166,30.5234548221881],[-88.8875643145166,30.5229162713797],[-88.8872753696286,30.5226268046263],[-88.88696300312552,30.5226066126293],[-88.8860961842376,30.5217382042653],[-88.8862835899883,30.5195839917912],[-88.8859946613779,30.5192945196345],[-88.8860415130094,30.5187559647196],[-88.88637728916791,30.5185068817421],[-88.8870019907773,30.5185472685207],[-88.8876735335016,30.5180490953393],[-88.8876969535203,30.5177798168929],[-88.8874080262788,30.5174903473323],[-88.8867833325282,30.5174499627641],[-88.8864944096779,30.5171604906062],[-88.8861820642083,30.5171402961621],[-88.8858931445744,30.516850822238],[-88.8862289133761,30.5166017387053],[-88.886252337729,30.5163324597385],[-88.8872596283602,30.5155852015723],[-88.88728304903492,30.5153159218054],[-88.8879545635652,30.5148177434949],[-88.8879779817366,30.5145484631416],[-88.8883137347647,30.514299372041],[-88.88845423351252,30.5126836853012],[-88.88878997745131,30.5124345917635]]},"properties":{"segment_id":"8713941bacec30c27cfbe191","source_kmz":"biloxi","orientation":"unverified"}},{"type":"Feature","geometry":{"type":"LineString","coordinates":[[-89.1324705962145,30.5314321682881],[-89.1318456773967,30.531393173785],[-89.1315105959408,30.5316429968045],[-89.1305732162101,30.5315844955847],[-89.1295679517202,30.5323339492858],[-89.1289430274048,30.5322949384052],[-89.1286531973844,30.5320061109869],[-89.1280282760058,30.5319670948944],[-89.1277384503708,30.5316782648709],[-89.1268010729316,30.531619731585],[-89.1265112528529,30.531330898123],[-89.1246365090187,30.5312138026214],[-89.1243466980087,30.5309249632211],[-89.1224719665602,30.5308078308133],[-89.12218216461912,30.5305189854749],[-89.1215572576696,30.5304799325822],[-89.1209776646022,30.5299022357567],[-89.120352762932,30.52986317598601],[-89.119193610689,30.5287077644067],[-89.1188811647609,30.5286882298591],[-89.1183016032433,30.5281105167718],[-89.1183242679656,30.5278411958675],[-89.118034491145,30.5275523378107],[-89.1180571565911,30.5272830166426],[-89.1171878410094,30.5264164365248],[-89.1156256589478,30.5263187260282]]},"properties":{"segment_id":"38ee8a339257e1080855586b","source_kmz":"biloxi","orientation":"unverified"}},{"type":"Feature","geometry":{"type":"LineString","coordinates":[[-88.8402335069231,30.5217422391004],[-88.8396559620133,30.5211630551784],[-88.8397738541259,30.5198167214341],[-88.8401097752599,30.5195677799782],[-88.8401569286686,30.51902924494],[-88.8404928454098,30.5187803019008],[-88.84051642070601,30.5185110339293],[-88.8408523342301,30.5182620895208],[-88.8409466291627,30.5171850151891],[-88.8412589636178,30.5172053378045],[-88.8419307734054,30.5167074419272],[-88.8419779131984,30.516168902841],[-88.8423138126791,30.5159199527414],[-88.8423373811676,30.5156506827457],[-88.8426732774315,30.5154017312769],[-88.8427204115927,30.5148631903803],[-88.8443998505385,30.513618413568],[-88.845024494124,30.5136590386517],[-88.84636800161361,30.5126631888822],[-88.8479295959719,30.5127647172706],[-88.8482654634125,30.5125157472358],[-88.8485777818828,30.5125360493151],[-88.8495853693605,30.5117891294577],[-88.8514592678468,30.5119109063947],[-88.8551535409548,30.5091720492155]]},"properties":{"segment_id":"f3b9c9e8e3c1e392c1460783","source_kmz":"biloxi","orientation":"unverified"}},{"type":"Feature","geometry":{"type":"LineString","coordinates":[[-88.8551535409548,30.5091720492155],[-88.8558252004407,30.5086740601683],[-88.8558487224433,30.5084047831428],[-88.8564733319557,30.5084453437958],[-88.8571449774638,30.5079473459372],[-88.85745728072001,30.5079676230534],[-88.8588005437809,30.5069716097136]]},"properties":{"segment_id":"2fd2a10dd1982b3687bb8d5b","source_kmz":"biloxi","orientation":"unverified"}},{"type":"Feature","geometry":{"type":"LineString","coordinates":[[-89.0664691843386,30.5318966476457],[-89.06617957607551,30.5316076558211],[-89.06586713177771,30.5315879711576],[-89.06557752673,30.5312989775625],[-89.0649526409287,30.5312596039114],[-89.0637942505478,30.53010361349221],[-89.063817095027,30.5298343049755],[-89.0635275034118,30.52954530492161],[-89.0635503486123,30.5292759961414],[-89.0632607599119,30.5289869950448],[-89.0632836058337,30.5287176860013],[-89.06241485460691,30.5278506767703],[-89.0625290950338,30.5265041276001],[-89.0619499464795,30.5259261157075],[-89.0616375248682,30.5259064188208],[-89.0613479548277,30.5256174106353],[-89.0604106944106,30.5255583121601],[-89.0601211299287,30.5252693005389],[-89.0591838743796,30.52521019159021],[-89.0580256509456,30.5240541257368],[-89.0580485127017,30.5237848149616],[-89.0577589628221,30.52349579604901],[-89.0578046876257,30.5229571738127],[-89.056646515507,30.5218010879452],[-89.0563341109023,30.5217813758569],[-89.0564255767301,30.520704128014],[-89.0561360434641,30.52041510295],[-89.0562046438697,30.5196071650869],[-89.055046541687,30.5184510541927],[-89.0550922815075,30.5179124273164],[-89.0548027628108,30.5176233970383],[-89.0548485037719,30.5170847693169],[-89.0534009496386,30.5156396028096]]},"properties":{"segment_id":"aba92644303acef46fc004d3","source_kmz":"biloxi","orientation":"unverified"}},{"type":"Feature","geometry":{"type":"LineString","coordinates":[[-89.0534009496386,30.5156396028096],[-89.0531114449399,30.515350566695],[-89.0533630669568,30.5123880959371],[-89.04294260282572,30.5019821296205]]},"properties":{"segment_id":"60d0d52d87e804cfb0ddf04c","source_kmz":"biloxi","orientation":"unverified"}},{"type":"Feature","geometry":{"type":"LineString","coordinates":[[-88.8588005437809,30.5069716097136],[-88.8611511755618,30.5052285419047],[-88.8655233040111,30.5055121836429],[-88.8658590882634,30.5052631561658],[-88.8661713834446,30.5052834087059],[-88.8668429440944,30.5047853484057],[-88.8674675314555,30.5048258470657],[-88.86813908047742,30.5043277783834],[-88.8693882501226,30.5044087575484],[-88.8703955479553,30.5036616345756],[-88.8707078381539,30.5036818743303],[-88.8733938689819,30.5016894880686],[-88.87341733124882,30.5014202033009],[-88.8740888161987,30.50092209476],[-88.8741357355717,30.5003835238907],[-88.8751429406441,30.4996363511346],[-88.8754552166754,30.4996565776104],[-88.8761266747879,30.4991584547849],[-88.876438949241,30.4991786784937],[-88.8764858521711,30.4986401046273],[-88.8771572956907,30.4981419744455],[-88.87722764188351,30.4973341111672],[-88.87756335705922,30.497085043702],[-88.8775868043076,30.4968157554099],[-88.8788358687792,30.4968966287842],[-88.8791246931353,30.4971861334798],[-88.8794369608128,30.4972063487782],[-88.87977266875062,30.4969572745149],[-88.8798429881454,30.4961494075315],[-88.8795541649055,30.49585990408],[-88.879577605262,30.4955906146626],[-88.88058470181642,30.4948433845551],[-88.8812092201927,30.4948838061934],[-88.8828876649783,30.4936383901829],[-88.8835121753082,30.4936787988733],[-88.8841835354743,30.4931806206248],[-88.884230384079,30.4926420365914],[-88.8839415577017,30.4923525424788],[-88.8839884074233,30.491813957599],[-88.8849954173566,30.4910666811765]]},"properties":{"segment_id":"682082c78b7b77681a17e0af","source_kmz":"biloxi","orientation":"unverified"}},{"type":"Feature","geometry":{"type":"LineString","coordinates":[[-88.88878997745131,30.5124345917635],[-88.8891257193488,30.5121854970715],[-88.88914913291882,30.5119162149643],[-88.8894848716003,30.511667118904],[-88.8895316959295,30.5111285537852],[-88.8898674302205,30.5108794561429],[-88.889984482478,30.5095330394945],[-88.8885399716732,30.5080856869736],[-88.8885633859967,30.50781640264571],[-88.88990626840501,30.50682000993711],[-88.8896173720033,30.5065305394299],[-88.8896407823418,30.5062612539833],[-88.88935188884791,30.5059717824365],[-88.8884149787355,30.5059112192982],[-88.8878372049175,30.5053322684126],[-88.8881650127603,30.5015622533745],[-88.88787614104491,30.501272775068],[-88.8879697983549,30.5001956217677],[-88.8876809321465,30.4999061421084],[-88.8878448325801,30.49802111697341],[-88.8875559744778,30.4977316356477],[-88.8878916598906,30.49748253693051],[-88.8882039308586,30.4975027273738],[-88.8882975795518,30.4964255651581],[-88.8886332573607,30.4961764634898],[-88.8887737187401,30.4945607141047],[-88.8884848695532,30.4942712330828],[-88.8875480938412,30.4942106610677],[-88.8872124207855,30.4944597604724],[-88.8869235774691,30.4941702752958],[-88.8870406542257,30.4928238139416],[-88.8858853186913,30.4916658617906],[-88.8852608225296,30.49162546637651],[-88.8849719960951,30.4913359743384],[-88.8849954173566,30.4910666811765]]},"properties":{"segment_id":"8a960285826ee2864d5022cd","source_kmz":"biloxi","orientation":"unverified"}},{"type":"Feature","geometry":{"type":"LineString","coordinates":[[-88.7625806494691,30.4798286693208],[-88.7615726624574,30.48057484426611],[-88.7609483125902,30.4805337433934],[-88.7606123111158,30.4807824641798],[-88.760300135554,30.4807619114742],[-88.7599641311776,30.4810106301629],[-88.7596519549095,30.4809900756307],[-88.7589799383138,30.4814875076561],[-88.7549216386421,30.4812201936918],[-88.7542495914556,30.48171759662],[-88.7539374139286,30.4816970259269],[-88.75292932526791,30.4824431188209],[-88.7526171453092,30.4824225444187],[-88.75228111081482,30.4826712387955],[-88.75196893015,30.48265066256671],[-88.7516328927538,30.4828993548456],[-88.7516090357089,30.4831686240791],[-88.7509369524469,30.4836660047361],[-88.7506247683309,30.4836454247423],[-88.7496166255565,30.4843914842289],[-88.7471191375675,30.4842267898119],[-88.746783078996,30.4844754664638],[-88.7461587068417,30.4844342821225],[-88.745870397337,30.4841444213525],[-88.7446216596163,30.484062038726],[-88.7443333568563,30.4837721737042],[-88.74402117399481,30.4837515750043],[-88.7428679880506,30.4825921022652],[-88.7419314545246,30.4825302908981],[-88.740490035617,30.48108091653],[-88.7392413499747,30.4809984723868],[-88.7389530770155,30.480708591395],[-88.7386409071739,30.4806879773162],[-88.73835263743,30.4803980945615],[-88.7380404689217,30.4803774787677],[-88.7377522023931,30.4800875942502],[-88.7365035346362,30.480005118903],[-88.7358313856651,30.4805024107632],[-88.7352070492796,30.480461164012],[-88.7348709700112,30.4807098063241],[-88.7342466325294,30.4806685541486],[-88.7339105494975,30.4809171934211],[-88.7311010308466,30.4807315063319],[-88.73081278761401,30.4804416038771],[-88.7298762877555,30.4803796897551],[-88.7295880500914,30.4800897838788],[-88.7292758849629,30.4800691432379],[-88.7284111877328,30.4791994175214],[-88.7284351198224,30.4789301510414],[-88.7281468923519,30.4786402404991],[-88.7281708251464,30.4783709737556],[-88.7278826005767,30.47808106217631]]},"properties":{"segment_id":"b1efddba6958d6ed982c6a47","source_kmz":"biloxi","orientation":"unverified"}},{"type":"Feature","geometry":{"type":"LineString","coordinates":[[-88.8849954173566,30.4910666811765],[-88.8856667471106,30.4905684911218],[-88.88573700292751,30.4897606093952],[-88.886072661222,30.4895115119936],[-88.8860960783458,30.4892422175519],[-88.8874386864255,30.488245815543],[-88.88746209869961,30.4879765200852],[-88.88717327734861,30.4876870315682]]},"properties":{"segment_id":"7c53541a1627b2c6821f22d4","source_kmz":"biloxi","orientation":"unverified"}},{"type":"Feature","geometry":{"type":"LineString","coordinates":[[-88.9501423089706,30.5366909491861],[-88.9502119684505,30.5358831056602],[-88.9496335465716,30.53530451564861],[-88.948071397322,30.53520443296941],[-88.9477821953178,30.534915132401],[-88.9478054225527,30.5346458508684],[-88.94814107596241,30.5343965882083],[-88.9481643018704,30.5341273063042],[-88.9475859068547,30.5335487033987],[-88.94691460156271,30.5340472250808],[-88.9462897523252,30.5340071791524],[-88.9460005608409,30.5337178731772],[-88.94602379359341,30.5334485913369],[-88.9457346050206,30.5331592843218],[-88.945757838489,30.5328900022188],[-88.9454686528276,30.5326006941637],[-88.9445313968131,30.5325406114662],[-88.94419574002451,30.5327898641177],[-88.9435709017082,30.5327498026745],[-88.9432352411397,30.5329990522914],[-88.9429228213422,30.5329790193001],[-88.9426336453798,30.5326897038639],[-88.9423212269093,30.5326696691549],[-88.942032054164,30.5323803519512],[-88.9417196370205,30.5323603155244],[-88.9411413000064,30.5317816766464],[-88.9402040565384,30.5317215570593],[-88.9398683899387,30.5319707969692],[-88.9386187306479,30.5318906213523],[-88.9383295737303,30.5316012939606],[-88.93801716046411,30.5315812470095],[-88.9377280067634,30.5312919178505],[-88.9371031830383,30.5312518196268],[-88.935946598056,30.5300944869803],[-88.9350093777066,30.53003432301981],[-88.9347202400903,30.5297449850241],[-88.9331582151057,30.5296446898774],[-88.9325799577436,30.5290660027631],[-88.9328127063652,30.5263731789792],[-88.9331483714947,30.5261239575934],[-88.933171644341,30.5258546741292],[-88.9328592542533,30.5258346123185],[-88.9322810258977,30.5252559189616],[-88.9319686383114,30.5252358546018],[-88.9313904204735,30.52465715583901],[-88.9301408810521,30.5245768828874],[-88.9294695431304,30.5250753078266],[-88.9272828428836,30.52493478288221],[-88.926947164783,30.5251839870373],[-88.9263223929259,30.5251438271979],[-88.92598671104712,30.5253930283181],[-88.9241123939439,30.525272521892],[-88.9234410136437,30.5257709093841],[-88.9225038519526,30.5257106385663],[-88.9219256976273,30.5251318907476],[-88.92194900708202,30.5248626090879],[-88.9213708626614,30.5242838573186],[-88.920746100404,30.524243665801],[-88.9200747080565,30.5247420338799],[-88.91944994294091,30.5247018350559],[-88.9188718173103,30.5241230699839],[-88.9185594373312,30.52410296758],[-88.91798132221811,30.523524197103],[-88.9180746091486,30.5224470691757],[-88.9172074622077,30.5215789051939],[-88.91723078616012,30.5213096225027],[-88.9154965526189,30.51957326865441],[-88.9156131961103,30.5182268496905],[-88.9144570986064,30.5170692596631],[-88.9145037618699,30.5165306901318],[-88.9142147443335,30.5162412900775],[-88.9132776984395,30.516180939611],[-88.9129886864676,30.5158915361272],[-88.9139957277887,30.5151440329738],[-88.9128396966369,30.5139864184075],[-88.912933040302,30.5129092730291],[-88.9126440410878,30.5126198666314],[-88.9127840571879,30.5110041431699],[-88.9113391177603,30.5095570940174],[-88.9113624575768,30.5092878056957],[-88.90933963418752,30.5072618968561],[-88.9094096709283,30.5064540287447],[-88.9091207069252,30.50616460914061],[-88.9091440530657,30.50589531934761],[-88.9079882209339,30.5047376311572],[-88.9081049666774,30.5033911777176],[-88.9052155725771,30.5004968865252],[-88.9052622871405,30.4999583019459],[-88.90497336068971,30.49966886747171],[-88.904996718608,30.4993995748388],[-88.9023964801895,30.4967946215268],[-88.902419845756,30.4965253277939],[-88.900397558445,30.4944991998685],[-88.9004209299252,30.4942299052443],[-88.8995542685725,30.4933615503566],[-88.8989297527592,30.4933212325551],[-88.898258481084,30.4938195004898],[-88.89544815193,30.493638009613],[-88.8948704149526,30.4930590804887],[-88.8949171932598,30.4925204917759],[-88.8946283295648,30.4922310256013],[-88.8946517193544,30.4919617309013],[-88.8940739998188,30.4913827955361],[-88.8934495017801,30.4913424465059],[-88.8922940965848,30.490184557901],[-88.8910451211351,30.4901038359173],[-88.8907094755276,30.4903529481517],[-88.8903972311832,30.4903327645012],[-88.8889530514819,30.4888853582904],[-88.88902327346432,30.48807747157401],[-88.8884456210632,30.4874985019133],[-88.8881333881504,30.4874783117251],[-88.8877977444451,30.4877274164824],[-88.88717327734861,30.4876870315682]]},"properties":{"segment_id":"673694c30eba7836ae3b42d9","source_kmz":"biloxi","orientation":"unverified"}},{"type":"Feature","geometry":{"type":"LineString","coordinates":[[-89.04294260282572,30.5019821296205],[-89.0429884130127,30.5014434889275],[-89.0426989951945,30.501154416749],[-89.0427677119568,30.500346454201],[-89.0431029358453,30.50009688441291],[-89.0431716477383,30.4992889197962],[-89.0425928280693,30.4987107728149],[-89.0426157334732,30.4984414507471],[-89.0423263275715,30.4981523757444],[-89.0424179511627,30.497075085461]]},"properties":{"segment_id":"984fac27a225fcfcadff935e","source_kmz":"biloxi","orientation":"unverified"}},{"type":"Feature","geometry":{"type":"LineString","coordinates":[[-89.1156256589478,30.5263187260282],[-89.1153132229827,30.5262991812701],[-89.1144439468682,30.5254325777086],[-89.1131942185491,30.5253543798163],[-89.1129044686147,30.5250655067529],[-89.1125920380786,30.5250459542311],[-89.1123022913586,30.5247570793962],[-89.1119898621425,30.5247375251551],[-89.1114103771744,30.5241597710034],[-89.1110979504492,30.5241402142099],[-89.1111206377555,30.5238708925199],[-89.1108082122012,30.52385133489321],[-89.1105184759965,30.5235624546381],[-89.1098936276772,30.52352333506],[-89.1096038958577,30.5232344522002],[-89.1096492796427,30.5226958082418],[-89.10935955161142,30.5224069242328],[-89.1081098743036,30.52232866820251],[-89.1077747575511,30.5225784238776],[-89.1074623377248,30.5225588567152],[-89.1071726178896,30.5222699668747],[-89.1061672536505,30.5230192219927],[-89.1052299907284,30.5229605042348],[-89.1049402773449,30.5226716087739],[-89.1043154384852,30.52263245750491],[-89.1026397702378,30.5238811658906],[-89.1025943397079,30.5244198056076],[-89.1022591975863,30.524669543408],[-89.1019467711032,30.5246499607015],[-89.101367357587,30.5240721536555],[-89.1010549335953,30.5240525683968],[-89.10047553059471,30.5234747559314],[-89.1001631090945,30.5234551681204],[-89.09958371660912,30.5228773502358],[-89.098334041471,30.5227989834661],[-89.0980443529775,30.5225100697844],[-89.0974195186472,30.5224708794164],[-89.0973967866865,30.5227401990838],[-89.0957210107821,30.5239888020173],[-89.09509616628502,30.5239495986038],[-89.094516806042,30.52337175469591],[-89.0945395476457,30.5231024359833],[-89.09396019732,30.5225245881119],[-89.0936477810019,30.5225049817974],[-89.093358110075,30.5222160556214],[-89.0930456950776,30.5221964475877],[-89.0921766980695,30.5213296609316],[-89.09186428673512,30.521310049513],[-89.0901263549101,30.5195764458713],[-89.0895015467438,30.5195372103808],[-89.0891663846879,30.5197869109631],[-89.0888539799573,30.5197672909492],[-89.0885188149864,30.5200169894406],[-89.0882291709449,30.5197280482629],[-89.0879167666633,30.5197084255905],[-89.087627125836,30.5194194826417],[-89.0857527103159,30.5193017230012],[-89.0854175377978,30.5195514123101],[-89.0848382769254,30.51897351214871],[-89.0845258763332,30.5189538798354],[-89.0836570038606,30.5180870200588],[-89.0837708815415,30.5167404210202],[-89.0823228234042,30.5152956333296],[-89.0820104374385,30.5152759937343],[-89.0817208331105,30.5149870325489],[-89.0807836796254,30.5149281059479],[-89.0804940808538,30.5146391413261],[-89.07986931495502,30.5145998508293],[-89.07957972056842,30.51431088360391],[-89.0796708724227,30.513233599425],[-89.0793812835649,30.51294463084],[-89.0787565311208,30.5129053338946],[-89.078466946648,30.5126163627059],[-89.0781545718218,30.5125967120714],[-89.0778649905627,30.5123077391118],[-89.0775526170575,30.5122880867585],[-89.0772174482422,30.51253775485131],[-89.0769050740154,30.5125181006724],[-89.076615497441,30.512229124382],[-89.0763031245352,30.5122094684843],[-89.07601355117461,30.5119204904231],[-89.0757011795898,30.5119008328067],[-89.0754116094429,30.5116118529747],[-89.0750992391793,30.51159219363951],[-89.0745201073554,30.5110142294958],[-89.074207739584,30.5109945676091],[-89.0739181779071,30.5107055832975],[-89.0736058114568,30.5106859196921],[-89.0733162529935,30.5103969336097],[-89.072691522885,30.5103576020754],[-89.0700856097063,30.5077566701329],[-89.0691485472901,30.5076976437048],[-89.0677009067961,30.5062526361934],[-89.0677693813152,30.5054446668406],[-89.0669008293653,30.5045776501281],[-89.06696931037341,30.5037696783961],[-89.06763963668041,30.5032703940851],[-89.0677537569823,30.5019237692299],[-89.0671747452954,30.5013457546181],[-89.0668624161417,30.5013260715106],[-89.0665729145323,30.501037061965],[-89.0662605866996,30.501017377139],[-89.0659710883032,30.5007283658228],[-89.0622231800702,30.5004920688151],[-89.0619336977685,30.5002030465706],[-89.0609967276012,30.5001439498871],[-89.0607072508546,30.4998549242071],[-89.0600826071694,30.4998155203234],[-89.059793134807,30.4995264920404],[-89.0594808143608,30.4995067879371],[-89.0591913452113,30.4992177578837],[-89.0588790260864,30.499198052062],[-89.05885617391891,30.4994673770728],[-89.0554206622298,30.499250553974],[-89.0551312083052,30.4989615130987],[-89.05388194052,30.4988826384276],[-89.0535924933221,30.4985935932846],[-89.0529678626737,30.4985541489687],[-89.05263267513972,30.4988037495816],[-89.0523203591705,30.4987840251553],[-89.05234323262661,30.498514701109],[-89.0514749173378,30.4976475500638],[-89.0502256731025,30.49756863372461],[-89.0490679667074,30.4964124058824],[-89.0484433548619,30.4963729357384],[-89.0477729680352,30.4968721106046],[-89.04683604617281,30.4968128931074],[-89.0465008470859,30.497062475994],[-89.046188539229,30.4970427341171],[-89.04585333723011,30.4972923149121],[-89.0449164119511,30.4972330811472],[-89.0445812052995,30.4974826579717],[-89.0427073535832,30.4973641608855],[-89.0424179511627,30.497075085461]]},"properties":{"segment_id":"c00888ba29cce356dfe1a743","source_kmz":"biloxi","orientation":"unverified"}},{"type":"Feature","geometry":{"type":"LineString","coordinates":[[-88.7278826005767,30.47808106217631],[-88.727906534076,30.4778117951693],[-88.7244480085926,30.4743327821826],[-88.7247592642447,30.4708322803518],[-88.7244471355818,30.4708116256214],[-88.724158950756,30.4705216996271],[-88.7242786667958,30.4691753453352]]},"properties":{"segment_id":"53e9ac2949ead8efc4bb3025","source_kmz":"biloxi","orientation":"unverified"}},{"type":"Feature","geometry":{"type":"LineString","coordinates":[[-88.7242786667958,30.4691753453352],[-88.7244462626461,30.4672904426104],[-88.7241580902001,30.4670005144355],[-88.7242059750369,30.4664619691524],[-88.7239178063525,30.4661720398363],[-88.7239417493967,30.4659027668508],[-88.722789098486,30.46474303983741],[-88.7228130448198,30.4644737662759],[-88.7231490941013,30.4642251521384],[-88.7234603668378,30.4607245784707],[-88.723796398791,30.4604759603681],[-88.7247300116915,30.4499740685984]]},"properties":{"segment_id":"d3df3710cb0ec93c5fa867ab","source_kmz":"biloxi","orientation":"unverified"}},{"type":"Feature","geometry":{"type":"LineString","coordinates":[[-88.7247300116915,30.4499740685984],[-88.7247539473396,30.4497047861186],[-88.7241777259,30.4491249086622],[-88.7244410266056,30.4461627885112],[-88.7218482162346,30.4435532834163],[-88.7218961025496,30.44301471215301]]},"properties":{"segment_id":"5bc381d2629ff6e3d387ed09","source_kmz":"biloxi","orientation":"unverified"}},{"type":"Feature","geometry":{"type":"LineString","coordinates":[[-89.0908247749107,30.4741323378736],[-89.0893773450807,30.4726875118746],[-89.0894000895094,30.47241816518691],[-89.0891106105365,30.4721291970645],[-89.0891333556866,30.47185985011121],[-89.0865281445961,30.4692590938075],[-89.0865508974342,30.4689897457383],[-89.0862614406088,30.4687007680155],[-89.0862841941681,30.4684314196805],[-89.085126390754,30.4672754989759],[-89.0851491476466,30.4670061500562],[-89.0848369450016,30.4669865164528],[-89.08495073232271,30.4656397697272],[-89.0846612929639,30.4653507857336],[-89.0849962462045,30.46510106992],[-89.085087272174,30.4640236683909],[-89.084508405944,30.4634456981886],[-89.0841962170095,30.46342606262001],[-89.0843100099136,30.4620793063201],[-89.0846449508598,30.4618295898306],[-89.0847587341781,30.460482828476],[-89.0860984541711,30.4594839467446],[-89.0861212057082,30.4592145931434],[-89.0864561294368,30.45896486961851],[-89.0873926473568,30.4590237550129],[-89.08768207400811,30.4593127357333],[-89.0879942481165,30.4593323615944],[-89.09000372854831,30.45783396937381],[-89.0903158975825,30.4578535887166],[-89.0926601925068,30.4561054054895],[-89.0928192926929,30.4542199038341],[-89.0944936869479,30.45297115953131],[-89.09460729622961,30.4516243625201],[-89.0949421631157,30.4513746091403],[-89.0949648833552,30.4511052490458],[-89.0959694682682,30.4503559813585],[-89.096014901285,30.4498172594127],[-89.0963497565053,30.4495675007879],[-89.0963724716208,30.4492981393624],[-89.0970421736047,30.4487986182324],[-89.0971557352545,30.4474518065777],[-89.0965769009463,30.4468738793394],[-89.096622328044,30.4463351531314],[-89.0963329156901,30.4460461878898],[-89.096378343932,30.4455074608287],[-89.0960889353586,30.4452184944343],[-89.0961116501262,30.4449491305571],[-89.0955328408383,30.444371194737],[-89.0955555571977,30.4441018304863],[-89.0952661564832,30.4438128610605],[-89.0954933205745,30.4411192086881],[-89.09616296113002,30.4406196841647],[-89.0962538132386,30.4395422170323],[-89.09658862578262,30.4392924521909],[-89.0966113372681,30.4390230847948]]},"properties":{"segment_id":"91bfb3e4bec53f6408dbd868","source_kmz":"biloxi","orientation":"unverified"}},{"type":"Feature","geometry":{"type":"LineString","coordinates":[[-89.1087727118976,30.4473683037573],[-89.1076148889005,30.4462125674498],[-89.1069452724343,30.4467121556358],[-89.10636637436471,30.4461342789431],[-89.1048057345473,30.4460363983854],[-89.10393742027011,30.4451695638135],[-89.1039827980749,30.4446308326067],[-89.1022462350322,30.4428971368179],[-89.1022689289348,30.4426277703333],[-89.0999536327092,30.4403161224891],[-89.0996415281201,30.4402965297283],[-89.099352126437,30.4400075686882],[-89.0990400231656,30.4399879742095],[-89.0984612282542,30.4394100476466],[-89.0969007258217,30.4393120536472],[-89.0966113372681,30.4390230847948]]},"properties":{"segment_id":"e67232eeb48686b8f992fc17","source_kmz":"biloxi","orientation":"unverified"}},{"type":"Feature","geometry":{"type":"LineString","coordinates":[[-88.7218961025496,30.44301471215301],[-88.7219200454713,30.4427454262808],[-88.7222560084304,30.4424968033221],[-88.7238161117617,30.4426001054158],[-88.7248239754995,30.4418542154814],[-88.72489577393792,30.441046353468],[-88.7262395496333,30.440051814758],[-88.7271755862662,30.4401137651303],[-88.7275115225144,30.4398651247369],[-88.7278235341783,30.43988577215],[-88.7288313281186,30.43913984120371],[-88.7288552471398,30.438870551591],[-88.7295270972323,30.43837325807481],[-88.732959177326,30.438600268842],[-88.733247281099,30.4388901915899],[-88.7354313501845,30.4390345914258],[-88.7357194642214,30.43932450743541],[-88.7375915366092,30.4394482392315],[-88.7379274385544,30.4391995667073],[-88.737951327729,30.43893027515441],[-88.7419819781042,30.4359461120189],[-88.7422939784995,30.4359667186007],[-88.7473318661273,30.4322362662727],[-88.7473557224002,30.43196696866511],[-88.7467794657987,30.4313871874766],[-88.7468271813208,30.4308485913607],[-88.7471630200526,30.4305998860831],[-88.7480989646094,30.4306616598367],[-88.7491064608319,30.4299155285959],[-88.7506663586345,30.4300184530422],[-88.75057097834382,30.4310956498748],[-88.750859118001,30.4313855311943],[-88.7521070600517,30.4314678523956],[-88.7534503488677,30.4304729612419],[-88.7537623313248,30.4304935355671],[-88.7540981475759,30.4302448089458],[-88.7547221112362,30.4302859530599],[-88.7550579237274,30.4300372234005],[-88.7556818862901,30.4300783620933],[-88.7560176950214,30.4298296293957],[-88.7563296756756,30.429850196474],[-88.7576728867893,30.4288552503529],[-88.75798486415282,30.4288758127837],[-88.7583206609784,30.4286270724208],[-88.7586326376365,30.428647633026],[-88.75896843156391,30.4283988905656],[-88.7608402896253,30.42852222996901],[-88.7611284565305,30.4288120860088],[-88.7623763697296,30.4288942912607],[-88.7627121533146,30.4286455375133],[-88.7627359580529,30.4283762345047],[-88.7664294301691,30.4256398645601],[-88.7667413974983,30.4256604023184],[-88.7670771546108,30.4254116335335],[-88.76738912123432,30.4254321694664],[-88.76772487544851,30.4251833985843],[-88.7680368413662,30.42520393269171],[-88.7683725926822,30.4249551597124],[-88.76899652326212,30.4249962233913],[-88.7693322708179,30.4247474473744],[-88.76964423548,30.4247679769459],[-88.7699799801376,30.4245191988318],[-88.77278766136381,30.424703916688],[-88.77312339622661,30.4244551289529],[-88.7768669805125,30.4247012966377],[-88.7783080514025,30.4261503695886],[-88.7801798871926,30.4262733807581],[-88.7808513228901,30.4257757607185],[-88.7811632943429,30.4257962576018],[-88.7814990082748,30.4255474449069],[-88.7821229499234,30.4255884341377],[-88.7824586600943,30.4253396184054],[-88.7833945711492,30.425401092793],[-88.7840659802077,30.4249034522167],[-88.7853138568969,30.424985398154],[-88.788335065815,30.4227459244638],[-88.7886470276151,30.4227664002724],[-88.7889827064509,30.42251756314],[-88.7908544753466,30.4226403937651],[-88.7911427276212,30.4229301748821],[-88.7917666541795,30.4229711096849],[-88.7934449848718,30.4217268654433],[-88.7937569440718,30.42174732681571],[-88.7940926032389,30.4214984735581],[-88.79565239726,30.4216007624441],[-88.795988050078,30.4213519033288],[-88.7960354367055,30.4208132743715],[-88.7951706564601,30.41994396270451],[-88.7951943521281,30.4196746476688],[-88.7958656427468,30.419176929019],[-88.7964895431182,30.4192178373828],[-88.7967778032707,30.419507605871],[-88.7970897548634,30.4195280578959],[-88.7973780182257,30.4198178246195],[-88.7998736459539,30.4199814023236],[-88.8012161672909,30.4189859039838],[-88.801528118006,30.4190063434536],[-88.8018637423871,30.4187574650379],[-88.8021756923949,30.4187779026825],[-88.8025113138771,30.4185290221704],[-88.8031352126336,30.4185698929245],[-88.8048649312561,30.4203083878217],[-88.8051768879083,30.4203288168932],[-88.8054651826458,30.4206185619402],[-88.806401057055,30.4206798413559],[-88.8084192018779,30.4227080130776]]},"properties":{"segment_id":"3d1c31fca6227e5fb640de53","source_kmz":"biloxi","orientation":"unverified"}},{"type":"Feature","geometry":{"type":"LineString","coordinates":[[-88.8084192018779,30.4227080130776],[-88.8092841516336,30.423577215503],[-88.8095961218156,30.4235976319076],[-88.8098844436473,30.4238873633494],[-88.8123802200804,30.4240506560885],[-88.8126685533365,30.4243403799569],[-88.8129805272626,30.42436078673701],[-88.8132688637287,30.4246505088405],[-88.8135808389835,30.4246709139058],[-88.8138691786596,30.4249606342442],[-88.8144931319816,30.4250014400602],[-88.81478147604122,30.4252911578039],[-88.8160293892411,30.4253727554965],[-88.81631774003111,30.4256624689857],[-88.8178776408888,30.42576444203941],[-88.8185488437019,30.4252665915756],[-88.8187141836619,30.4233813693021],[-88.8190497738,30.4231324408261],[-88.8202976584073,30.4232139905122],[-88.8205860166823,30.4235036941622],[-88.8208979893951,30.4235240785413],[-88.8214747144014,30.4241034813756],[-88.8217866896157,30.42412386321],[-88.8231290128061,30.4231281064908],[-88.8232470352978,30.4217815088688],[-88.8245893024396,30.4207857293414],[-88.8249012658115,30.4208061024942],[-88.82523682664261,30.4205571537827],[-88.82554878930611,30.4205775251104],[-88.8258843472375,30.420328574303],[-88.82619630919261,30.4203489438057],[-88.8268674172195,30.4198510368431],[-88.82717937760292,30.4198714035807],[-88.82785047575761,30.4193734901148],[-88.8284743935357,30.4194142171748],[-88.8288099378318,30.419165256828],[-88.8297458130703,30.4192263379605],[-88.83008135273991,30.4189773736378],[-88.8307052686129,30.4190180880879],[-88.8310408045194,30.4187691207294],[-88.8335364672955,30.4189319356103],[-88.8344016433129,30.4198009476913],[-88.8347136053752,30.4198212930792],[-88.8350020026268,30.4201109610718],[-88.8349784375067,30.4203802844008],[-88.839969886598,30.4207056778489],[-88.8402583055162,30.4209953315205],[-88.8405702735717,30.4210156602585],[-88.8408586956994,30.4213053121646],[-88.8414826346199,30.4213459653255],[-88.8417710611299,30.4216356146359],[-88.8430189455173,30.4217169070176],[-88.8433073787552,30.42200655207211],[-88.84393132422201,30.42204719129281],[-88.84450820149911,30.4226264752747],[-88.8448201768099,30.4226467918974],[-88.8465508645584,30.4243846164064],[-88.8471748297177,30.4244252370358],[-88.84746328715002,30.42471486951881],[-88.8477752711342,30.4247351776759],[-88.8480637317762,30.4250248083932],[-88.85180756570611,30.4252684272825],[-88.85238452124811,30.4258476659869],[-88.852696510758,30.42586796014781]]},"properties":{"segment_id":"185a29e132ec9d18c2b9d603","source_kmz":"biloxi","orientation":"unverified"}},{"type":"Feature","geometry":{"type":"LineString","coordinates":[[-89.0966113372681,30.4390230847948],[-89.0957431838418,30.4381561726016],[-89.0958113252362,30.4373480684905],[-89.0952325717023,30.4367701216901],[-89.0952780020338,30.436231384388],[-89.09469926013682,30.4356534334024],[-89.0940750891019,30.4356142168174],[-89.093785723549,30.4353252382509],[-89.09316155544832,30.4352860164596],[-89.0928721942717,30.4349970352892],[-89.0925601116138,30.4349774222331],[-89.0922707536447,30.43468843929101],[-89.0913345100726,30.4346295923132],[-89.0898877683392,30.4331846510289],[-89.0895756932904,30.4331650294373],[-89.0887076762214,30.4322980508985],[-89.088395604828,30.4322784259247],[-89.088106271051,30.4319894303676],[-89.0877942009756,30.4319698036762],[-89.087504870406,30.4316808063476],[-89.0837600551752,30.4314452070046],[-89.0834707406687,30.4311561987499],[-89.0806621538841,30.4309794080851],[-89.08037285193481,30.4306903914014],[-89.0794366625368,30.4306314427466],[-89.0791473661325,30.4303424226273],[-89.0772749983862,30.4302244964201],[-89.0769857110332,30.42993547036861],[-89.0757374735354,30.4298568318615],[-89.07544819289622,30.42956780154231],[-89.0748240773824,30.4295284753124],[-89.0745348011193,30.4292394423899],[-89.072662465182,30.42912143745921],[-89.0723731979704,30.4288323986049],[-89.0720611436735,30.4288127271856],[-89.0717718796692,30.4285236865601],[-89.0714598266908,30.4285040134235],[-89.0708813071352,30.4279259276912],[-89.0702572063029,30.4278865754335],[-89.0693894492704,30.4270194347996],[-89.0681412634288,30.4269407096757]]},"properties":{"segment_id":"e3de71740f3fc80719c24e11","source_kmz":"biloxi","orientation":"unverified"}},{"type":"Feature","geometry":{"type":"LineString","coordinates":[[-89.0681412634288,30.4269407096757],[-89.0666950658512,30.4254954398641],[-89.0663830256096,30.4254757522096],[-89.06609379337772,30.4251866945981],[-89.061413225263,30.42489126106541]]},"properties":{"segment_id":"cbb949f753b9f1f6dc2c0371","source_kmz":"biloxi","orientation":"unverified"}},{"type":"Feature","geometry":{"type":"LineString","coordinates":[[-89.061413225263,30.42489126106541],[-89.0529882876518,30.4243589787482],[-89.0506440547075,30.4261064361219],[-89.0497079390305,30.4260472340925],[-89.0493730378505,30.4262968634347]]},"properties":{"segment_id":"c7d093e7a05dac0d6c5aa6f7","source_kmz":"biloxi","orientation":"unverified"}},{"type":"Feature","geometry":{"type":"LineString","coordinates":[[-89.0046121275196,30.417769258908],[-89.0045431041193,30.4185773401139],[-89.0048551032193,30.4185972033416],[-89.004740066291,30.4199440024108],[-89.0038040541629,30.4198844092658],[-89.00375803222151,30.4204231274479],[-89.0031340208164,30.4203833940437],[-89.00255604010752,30.4198049393466],[-89.0022440369714,30.4197850696539],[-89.0022210209823,30.42005442855641],[-89.0019090169786,30.42003455792471],[-89.0018859998197,30.4203039166131],[-89.0015739949483,30.4202840450424],[-89.0015509766195,30.4205534035166],[-88.9968709064086,30.4202552229291],[-88.9960040059951,30.4193874899123]]},"properties":{"segment_id":"9ba2d64c0b5c8a700ec619be","source_kmz":"biloxi","orientation":"unverified"}},{"type":"Feature","geometry":{"type":"LineString","coordinates":[[-89.0493730378505,30.4262968634347],[-89.0490381346324,30.4265464916244],[-89.0465418188643,30.4263885655743],[-89.0462069066568,30.426638185102],[-89.0380939242291,30.4261245097365],[-89.0377589873959,30.4263741037044],[-89.0371349142964,30.4263345635494],[-89.0368457821063,30.4260454296406],[-89.03528560783711,30.4259465596019],[-89.0349964835323,30.4256574205957],[-89.03406038428442,30.4255980854541],[-89.033771265526,30.4253089430141],[-89.0328351711407,30.4252495974099],[-89.0325460579287,30.4249604515362],[-89.0303618511505,30.4248219416535],[-89.0300727481629,30.4245327890193],[-89.02913666531032,30.4244734118671],[-89.0288475678692,30.4241842557993],[-89.02791148988031,30.4241248681848],[-89.0276223979858,30.4238357086835],[-89.02575025309142,30.4237169045629],[-89.0254611702521,30.4234277391332],[-89.0251491477998,30.4234079345165],[-89.0248600681679,30.4231187673167],[-89.0245480470358,30.4230989609831],[-89.02425897061141,30.4228097920132],[-89.0239469507995,30.4227899839627],[-89.0236578775824,30.4225008132228],[-89.0227218225597,30.422441381265],[-89.0224327548892,30.4221522070919],[-89.0221207380193,30.4221323938372],[-89.0218316735561,30.4218432178941],[-89.0212076426076,30.4218035870658],[-89.0208726720467,30.4220531319663],[-89.019624608486,30.421973855932],[-89.0193355533796,30.421684673336],[-89.019023539036,30.4216648512828],[-89.0187344871371,30.4213756669169],[-89.0184224741138,30.4213558431469],[-89.0181334254222,30.4210666570111],[-89.01719739076611,30.421007177895],[-89.0169083476211,30.4207179883262],[-89.0153482987256,30.4206188346043],[-89.0150592634665,30.4203296399394],[-89.01443524730351,30.4202899705911],[-89.0141462164215,30.4200007733248],[-89.0132101968176,30.4199412601689],[-89.0129211714822,30.41965205946971],[-89.0122971615068,30.4196123779434],[-89.0120081405484,30.419323174643],[-89.0107601270874,30.4192437976422],[-89.0104711128454,30.4189545900775],[-89.0092231064783,30.4188751955878],[-89.0089340989527,30.4185859837589],[-89.0083100990145,30.41854627954],[-89.0080210958659,30.4182570651099],[-89.0067731024804,30.4181776427243],[-89.0064841060483,30.4178884240302],[-89.0058601126012,30.4178487058635],[-89.0058371090271,30.41811806664081],[-89.0055481161042,30.4178288454523],[-89.0046121275196,30.417769258908]]},"properties":{"segment_id":"ce3ca0287328b9a21830287d","source_kmz":"biloxi","orientation":"unverified"}},{"type":"Feature","geometry":{"type":"LineString","coordinates":[[-89.096051059807,30.41217851458361],[-89.0957163562668,30.4124282923081],[-89.09540435877,30.41240868636501],[-89.0953816506888,30.41267806888071],[-89.0940428079991,30.413677163654],[-89.0940200950968,30.4139465451552],[-89.0866558517749,30.4194412323006],[-89.0863438297762,30.41942160097],[-89.0857652693964,30.418843582202],[-89.0857880107573,30.4185742052359],[-89.0842279197823,30.4184760272482],[-89.0838931545606,30.4187257656422],[-89.0813970098113,30.4185686273213],[-89.0811077490356,30.4182796048784],[-89.0807957327827,30.4182599577726],[-89.0805064752133,30.4179709335583],[-89.07925841636981,30.4178923329538],[-89.0782540763574,30.4186415002774],[-89.0779420594118,30.4186218450979],[-89.0769376984495,30.4193709992383],[-89.0769149278097,30.4196403739143],[-89.0765801355778,30.4198900894436],[-89.0765573636199,30.4201594637457],[-89.0762225681815,30.4204091779095],[-89.0761997949056,30.4206785518377],[-89.07553019557751,30.421177976282],[-89.0745941182079,30.4211189852459],[-89.0742593128784,30.4213686929246],[-89.0739472865182,30.4213490265368],[-89.0736124782813,30.4215987321251],[-89.0729884242709,30.4215593948168],[-89.0696402124178,30.424056368566],[-89.0677680018152,30.4239382790832],[-89.0670983245547,30.4244376487456],[-89.0670755202013,30.4247070184579],[-89.0648912620077,30.4245691936013],[-89.0645564130662,30.4248188699207],[-89.0617480840658,30.4246415943454],[-89.061413225263,30.42489126106541]]},"properties":{"segment_id":"97078f46cea537165eea6b16","source_kmz":"biloxi","orientation":"unverified"}},{"type":"Feature","geometry":{"type":"LineString","coordinates":[[-89.0980592382564,30.4106798240507],[-89.096051059807,30.41217851458361]]},"properties":{"segment_id":"ae3cde4707bbe827b44d851b","source_kmz":"biloxi","orientation":"unverified"}},{"type":"Feature","geometry":{"type":"LineString","coordinates":[[-88.852696510758,30.42586796014781],[-88.854038487238,30.4248718303072],[-88.8567873894924,30.39335973698021]]},"properties":{"segment_id":"06ae14dce9c4acb3c10f63a2","source_kmz":"biloxi","orientation":"unverified"}},{"type":"Feature","geometry":{"type":"LineString","coordinates":[[-88.85409806575541,30.3918304320175],[-88.8567808390629,30.3898379740372]]},"properties":{"segment_id":"4ebf53dbbf986962ba80e86c","source_kmz":"biloxi","orientation":"unverified"}},{"type":"Feature","geometry":{"type":"LineString","coordinates":[[-88.77997132777972,30.3823769151274],[-88.7834012055404,30.3826023806531],[-88.7839773782949,30.3831820308553],[-88.78740730069372,30.3834073711003],[-88.7879835073868,30.3839869993173],[-88.7895425809744,30.3840893830239],[-88.7898306932363,30.3843791915828],[-88.7917015937108,30.3845020178623],[-88.7919897150434,30.38479182051],[-88.8007206907563,30.3853645655071],[-88.8012970051931,30.3859441215508],[-88.8075335378777,30.386352767313],[-88.8078217215985,30.3866425273424],[-88.8090690402753,30.3867242107132],[-88.8113746208095,30.3890422307231],[-88.85409806575541,30.3918304320175]]},"properties":{"segment_id":"decea63d795c3246bd499b08","source_kmz":"biloxi","orientation":"unverified"}},{"type":"Feature","geometry":{"type":"LineString","coordinates":[[-89.1216088615053,30.3991578460198],[-89.12158624310831,30.3994272416002],[-89.121274288869,30.3994077084436],[-89.1209849552126,30.3991187789271],[-89.1203610495139,30.399079708294],[-89.1200264733972,30.399329566966],[-89.12000384975842,30.3995989621216],[-89.1196692704373,30.39984881942871],[-89.1196466454828,30.4001182142102],[-89.1149623047261,30.4036160926182],[-89.1137144312774,30.4035378802763],[-89.1133798167484,30.4037877163458],[-89.11306784788792,30.4037681601094],[-89.1123986109777,30.4042678269178],[-89.1083430067053,30.4040134909052],[-89.1043272783841,30.4070112486841],[-89.10401529942742,30.406991666922],[-89.102007320022,30.4084904779946],[-89.101695335995,30.4084708897185],[-89.1013606647594,30.4087206865949],[-89.1007366954128,30.4086815055108],[-89.0980592382564,30.4106798240507]]},"properties":{"segment_id":"f6a813144805ee8aee6ad724","source_kmz":"biloxi","orientation":"unverified"}},{"type":"Feature","geometry":{"type":"LineString","coordinates":[[-89.1235031960839,30.3990056299969],[-89.1231912429911,30.3989861022567],[-89.1228566758726,30.3992359695836],[-89.1216088615053,30.3991578460198]]},"properties":{"segment_id":"2300ec7ba1e6a47307460087","source_kmz":"biloxi","orientation":"unverified"}},{"type":"Feature","geometry":{"type":"LineString","coordinates":[[-89.1535221544046,30.3962768864044],[-89.15062788478312,30.3933883774899],[-89.1487562578988,30.3932716577188],[-89.1484668491399,30.3929827966583],[-89.14254008796702,30.3926129580193],[-89.1422056057399,30.392862887592],[-89.1415817375093,30.3928239367464],[-89.1412472515041,30.3930738632924],[-89.1403114476573,30.3930154275726],[-89.1396424643127,30.3935152715848],[-89.13870665657582,30.3934568222725],[-89.1383721592366,30.3937067397386],[-89.1377482864117,30.3936677672293],[-89.1374137852945,30.3939176816687],[-89.1364779745569,30.3938592134533],[-89.1361434687915,30.3941091239281],[-89.1355195939664,30.3940701388167],[-89.13518508442321,30.3943200462647],[-89.1342492706858,30.394261559146],[-89.1322421549807,30.39576096277751],[-89.1319302121427,30.3957414596742],[-89.1312611555366,30.3962412497989],[-89.1309492111062,30.3962217439348],[-89.1306146788772,30.3964716363324],[-89.1293668991574,30.3963936002733],[-89.1260214300096,30.3988924234129],[-89.1257094767479,30.3988729028065],[-89.1254201293629,30.3985839846192],[-89.1251081774167,30.3985644622953],[-89.12477361785352,30.3988143356767],[-89.1244616651856,30.3987948115298],[-89.1241723224687,30.398505890013],[-89.1241949321229,30.3982364933676],[-89.1238603711162,30.3984863641487],[-89.1238377602949,30.3987557605807],[-89.1235031960839,30.3990056299969]]},"properties":{"segment_id":"4f414922d36de13b920ef74e","source_kmz":"biloxi","orientation":"unverified"}},{"type":"Feature","geometry":{"type":"LineString","coordinates":[[-89.0424179511627,30.497075085461],[-89.0418391524465,30.4964969317988],[-89.0419765937596,30.4948809903361],[-89.0416872026852,30.4945919114654],[-89.0407503112894,30.4945326419398],[-89.0404609257704,30.4942435596345],[-89.0398363346021,30.4942040405236],[-89.0395469534672,30.493914955616],[-89.03956986754,30.4936456314336],[-89.0378336288209,30.4919111016619],[-89.0372090566948,30.4918715674633],[-89.03723197787872,30.4916022425958],[-89.0369426151163,30.4913131492484],[-89.0370113803743,30.4905051733746],[-89.0376817806622,30.4900060572158],[-89.0377276187294,30.4894674049861],[-89.038062813469,30.4892178447527],[-89.0380857311054,30.4889485181863],[-89.0375070203366,30.4883703317713],[-89.0343843014256,30.4881726145994],[-89.0338056222459,30.4875944077895],[-89.0331810849568,30.4875548503966],[-89.032891750771,30.48726574392071],[-89.0322213437289,30.487764833848],[-89.031909074742,30.4877450511118]]},"properties":{"segment_id":"58471df2742f779a0a5e4506","source_kmz":"biloxi","orientation":"unverified"}},{"type":"Feature","geometry":{"type":"LineString","coordinates":[[-88.88717327734861,30.4876870315682],[-88.8862365778577,30.4876264475545],[-88.88565894831962,30.4870474627287],[-88.8856823660988,30.486778166962],[-88.8860180123458,30.4865290681449],[-88.8861819242741,30.4846439918147],[-88.8871888261235,30.4838966839376],[-88.8875010451605,30.4839168769565],[-88.88783667416422,30.4836677710813],[-88.8878834933284,30.4831291745858],[-88.8881957096132,30.4831493656692],[-88.8885313333631,30.4829002572706],[-88.8888435489355,30.48292044652811],[-88.8895147885834,30.4824222243864],[-88.8895381923736,30.4821529251473],[-88.88987380796391,30.48190381213031],[-88.8898972104266,30.4816345125175],[-88.8893195972562,30.4810555394926],[-88.8890073886697,30.481035351504],[-88.888718586318,30.4807458627573],[-88.88809417195371,30.4807054824614],[-88.8877585558614,30.4809545906933],[-88.8877351465667,30.481223890242],[-88.8870639059152,30.4817221028135],[-88.8864394849296,30.4816817132238],[-88.8855731043687,30.4808132251797],[-88.8855965206489,30.4805439258548],[-88.8862677605713,30.4800457209725],[-88.8865799647138,30.4800659167672],[-88.887251194745,30.4795677053858],[-88.8875633973093,30.47958789841431],[-88.8878990083992,30.4793387900513],[-88.88821121025121,30.4793589812539],[-88.8888824245795,30.4788607591835],[-88.8891164661679,30.4761677405161],[-88.8904588234047,30.4751712739482],[-88.8913953836992,30.4752318236757],[-88.892261766954,30.4761002762656],[-88.8925739575468,30.4761204552445],[-88.8928627572178,30.4764099367389],[-88.8938694970255,30.4756625546956],[-88.8940332066838,30.4737774230366],[-88.8925892544276,30.4723300134238],[-88.89326038460051,30.4718317572141],[-88.8935725591844,30.47185193354681],[-88.8942436794675,30.4713536708385],[-88.8943372189324,30.470276443488],[-88.894048435661,30.4699869620723],[-88.8940718210092,30.4697176547304],[-88.8937830406432,30.46942817227381],[-88.8944541398068,30.46892990570681],[-88.8957027960423,30.4690105926928],[-88.8959915817158,30.4693000703746],[-88.8963037473319,30.4693202390765],[-88.896592536218,30.4696097149916],[-88.8975290375075,30.469670213292],[-88.8978645777162,30.4694210693039],[-88.8978879503677,30.4691517608269],[-88.8988945552383,30.4684043212926],[-88.8998310444575,30.4684648001779],[-88.90011984278422,30.4687542673739],[-88.9004320073374,30.4687744244006],[-88.9007208088766,30.46906388982971],[-88.9010563369043,30.4688147357973],[-88.9011731453415,30.46746818668811],[-88.90001796751551,30.46631032015661],[-88.8997058124458,30.4662901618507],[-88.8983637130093,30.4672867599682],[-88.8980515546289,30.46726659701641],[-88.8977627688447,30.466977123479],[-88.8978562570803,30.4658998830812],[-88.8975674767995,30.4656104081875],[-88.8976375939621,30.4648024758962],[-88.8979731139202,30.4645533289893],[-88.8979964848276,30.4642840176916],[-88.8983320015736,30.4640348694156],[-88.8983553711544,30.4637655577437],[-88.9000329184335,30.4625197979744],[-88.9000796454046,30.4619811720067],[-88.9004151463975,30.4617320161604],[-88.9004852321842,30.4609240753667],[-88.9001964601465,30.4606346042902],[-88.9002198226345,30.4603652902674]]},"properties":{"segment_id":"bf141f6df634cc56483350a2","source_kmz":"biloxi","orientation":"unverified"}},{"type":"Feature","geometry":{"type":"LineString","coordinates":[[-89.031909074742,30.4877450511118],[-89.03104108975391,30.4868777192018],[-89.031086969712,30.486339066148],[-89.0305083267375,30.4857608397637],[-89.0301960657988,30.4857410520883],[-89.0293281201581,30.4848737029826],[-89.0287036057606,30.4848341199818],[-89.0284142969714,30.4845450000736],[-89.0281020411701,30.4845252064124],[-89.0278127355931,30.4842360847344],[-89.0278356855158,30.48396675744401],[-89.0275463828493,30.4836776347227],[-89.0259851229199,30.4835786450778],[-89.0254065354221,30.4830003885013],[-89.0241575395641,30.48292117418511],[-89.0238682535616,30.4826320411621],[-89.0235560061456,30.4826122345366],[-89.0229774426054,30.4820339640136],[-89.0230004077986,30.4817646364672],[-89.0224218541603,30.4811863619823],[-89.0221096126007,30.4811665511967],[-89.0218203400139,30.4808774117157],[-89.0215080997765,30.4808575992123],[-89.02092956306751,30.4802793157734],[-89.0210214478819,30.4792020023111],[-89.0204429262903,30.4786237142764],[-89.020778129306,30.4783742008638],[-89.020915955404,30.4767582233414],[-89.0215863412596,30.4762591905007],[-89.0222107868938,30.4762988145667],[-89.02321634515792,30.475550251025],[-89.0232622701909,30.475011588229],[-89.0229730152572,30.4747224479809],[-89.02172414787042,30.4746432046806],[-89.0207185871068,30.4753917560498],[-89.0197819303279,30.4753323058203],[-89.0192034447883,30.4747540065061],[-89.0185790123751,30.47471436526361],[-89.017573422021,30.4754628878108],[-89.0166367667109,30.4754034108495],[-89.0163475337635,30.4751142534476],[-89.0164394730024,30.47403693194571],[-89.01612726011962,30.4740171039036],[-89.0158380338603,30.4737279443092],[-89.0149013996317,30.4736684523733],[-89.0131661060026,30.4719334601421],[-89.0131891005988,30.4716641288428],[-89.0100079292586,30.46848322092031],[-89.0103989767596,30.4639045446292],[-89.0101098063751,30.4636153637565],[-89.0101328086779,30.4633460283143],[-89.0098436412019,30.463056846398],[-89.0098666442223,30.4627875106903]]},"properties":{"segment_id":"b877c4ea082a7365a9def489","source_kmz":"biloxi","orientation":"unverified"}},{"type":"Feature","geometry":{"type":"LineString","coordinates":[[-88.9002198226345,30.4603652902674],[-88.9008908085063,30.4598669748469],[-88.9021393330601,30.45994759043141],[-88.9032944512017,30.4611054504443],[-88.90360658741521,30.4611255988035],[-88.90394207419,30.4608764317592],[-88.9039887745456,30.4603378022433],[-88.9043242569358,30.4600886336157],[-88.9043709543322,30.4595500030315],[-88.9053773822326,30.45880248893531],[-88.9066258949874,30.4588830538449],[-88.9069146835535,30.4591725091469],[-88.9072268132983,30.45919264733],[-88.90751560507591,30.459482100865],[-88.9081398673709,30.459522372913],[-88.90842866353292,30.4598118238501],[-88.9096771946532,30.4598923539977],[-88.9100126579346,30.4596431678071],[-88.9103247902317,30.4596632971905],[-88.9116666195033,30.4586665371248],[-88.911689943758,30.4583972195389],[-88.91236084381532,30.4578988321512],[-88.9126729700488,30.457918954955],[-88.9130084161529,30.4576697585897],[-88.91332054167341,30.4576898795682],[-88.9136559848724,30.4574406811087],[-88.9139681096798,30.4574608002618],[-88.91497442444532,30.45671319513781],[-88.9152865468071,30.4567333105858],[-88.9155753583725,30.4570227445076],[-88.9154821130432,30.4581000203454],[-88.91605974922092,30.4586788845368],[-88.9166840095945,30.4587191082269],[-88.9176903150403,30.457971480298],[-88.9180024428577,30.4579915879953],[-88.91858009606351,30.4585704391024],[-88.9183936783876,30.4607249861839],[-88.9189713536119,30.4613038318596],[-88.919595635398,30.4613440388216],[-88.9206019465102,30.46059638848231],[-88.9209140850334,30.4606164878154],[-88.92124951712631,30.4603672677873],[-88.921561654936,30.46038736529511],[-88.9249158550547,30.4578950921364],[-88.9252279843522,30.4579151793601],[-88.9260945429197,30.4587833979109],[-88.9260014337889,30.4598606785962],[-88.926290294189,30.4601500824852],[-88.926914570778,30.4601902480633],[-88.9275853929603,30.4596917698522],[-88.9276086652219,30.4594224494888],[-88.9279440720822,30.4591732084379],[-88.92796734301851,30.4589038877003],[-88.9286381482773,30.4584054017078],[-88.9286614167161,30.45813608038191],[-88.9296676057951,30.4573883420947],[-88.9299797343273,30.4574084158738],[-88.9320018377603,30.4594341610036],[-88.9323139746513,30.4594542280798]]},"properties":{"segment_id":"0a864e2023bb7ac7798c5b01","source_kmz":"biloxi","orientation":"unverified"}},{"type":"Feature","geometry":{"type":"LineString","coordinates":[[-88.9323139746513,30.4594542280798],[-88.9326493673388,30.4592049727172],[-88.9326958781679,30.4586663291313],[-88.9330312664719,30.4584170721863],[-88.9331242816079,30.4573397822392],[-88.9348011690987,30.4560934759199],[-88.93511329395841,30.456113535206],[-88.9354021733157,30.4564029175131],[-88.9357142995002,30.4564229750827],[-88.9360031820686,30.4567123556221],[-88.9359334498461,30.45752032622841],[-88.9349273162868,30.458268121546],[-88.93469483045301,30.4609613400843],[-88.9352726224117,30.4615400999637],[-88.93652120616042,30.46162032551741],[-88.9392042591276,30.4596261570421],[-88.9395163985112,30.45964620369851],[-88.93985177008912,30.4593969265067],[-88.9401639087584,30.4594169713379],[-88.9415053712114,30.45841984727261],[-88.9416215005909,30.4570732255067],[-88.9419568552462,30.4568239405349],[-88.9419800794923,30.456554615488],[-88.9423154309365,30.4563053291482]]},"properties":{"segment_id":"90bcb183caad0d094c1757a8","source_kmz":"biloxi","orientation":"unverified"}},{"type":"Feature","geometry":{"type":"LineString","coordinates":[[-88.9423154309365,30.4563053291482],[-88.94233865385812,30.4560360037272],[-88.9446860486736,30.454290965541],[-88.9447092632388,30.45402163846091],[-88.9467212293904,30.4525258451589],[-88.946744436772,30.4522565166338],[-88.9470797561563,30.4520072134976],[-88.9471029622135,30.45173788459841],[-88.9474382783872,30.4514885800941],[-88.9474614831203,30.4512192508207],[-88.9477967960834,30.45096994494841],[-88.9478432027487,30.4504312854934],[-88.9481785113296,30.4501819780388],[-88.94827131814452,30.4491046563522],[-88.9496125133341,30.4481074115685],[-88.9502367096549,30.4481474459878],[-88.9505256143134,30.4484367935505],[-88.950409643376,30.4497834495562],[-88.9500743432073,30.4500327640164],[-88.94988877241131,30.4521874035932],[-88.95133338111681,30.4536341241054],[-88.9519576203452,30.45367414829751],[-88.9522465505465,30.4539634879268],[-88.9534950355183,30.454043522361],[-88.9538303416862,30.45379419962361],[-88.9557030685097,30.4539142190745],[-88.95603836743561,30.4536648895458],[-88.9638414331649,30.4541646039981]]},"properties":{"segment_id":"f96f9badf23efdb380d797c0","source_kmz":"biloxi","orientation":"unverified"}},{"type":"Feature","geometry":{"type":"LineString","coordinates":[[-88.9638414331649,30.4541646039981],[-88.9651825217475,30.4531671803901],[-88.9652056686781,30.452897848349],[-88.96587619839262,30.4523991291957],[-88.9659224871117,30.4518604637778],[-88.9662577465676,30.4516111020428],[-88.9665123107673,30.4486484284534],[-88.96684755529901,30.4483990632103],[-88.9668938353801,30.44786039277721],[-88.9672290755304,30.44761102595241],[-88.9672522141717,30.4473416902818],[-88.97161013538292,30.4440998138065],[-88.9731705778734,30.4441995823521],[-88.97484658799532,30.4429526313928],[-88.9773432691765,30.44311217745261],[-88.977632251717,30.4434014570062],[-88.9798168639143,30.4435410075077],[-88.98115758448121,30.442543366717],[-88.9814696690744,30.4425632952041],[-88.9831455195783,30.4413162135689],[-88.9834575999852,30.4413361364742],[-88.9834806835637,30.4410667937819],[-88.98379276310291,30.4410867157479],[-88.9841279241821,30.4408372938683],[-88.98475208198,30.4408771332658],[-88.9850872392855,30.4406277083543],[-88.9853993175441,30.4406476257858],[-88.98573447194352,30.4403981987818],[-88.986046549486,30.4404181143886],[-88.98671685043422,30.4399192550421],[-88.9870289263929,30.4399391678851],[-88.9873640729416,30.4396897355427],[-88.9876761481842,30.4397096465612],[-88.9880112918269,30.4394602121263],[-88.9914441199483,30.4396791645652]]},"properties":{"segment_id":"76ea41bb89de0d1d985ba010","source_kmz":"biloxi","orientation":"unverified"}},{"type":"Feature","geometry":{"type":"LineString","coordinates":[[-89.0098666442223,30.4627875106903],[-89.0122127945909,30.46104105885721],[-89.0125249571175,30.4610608985426],[-89.0125479507706,30.460791561127],[-89.0099455213295,30.4581889329897],[-89.0099685226497,30.4579195944606],[-89.0096793748892,30.4576304087616],[-89.00970237692701,30.4573610699667],[-89.0100375257038,30.4571115779145],[-89.0100835269844,30.4565728994181],[-89.0120943627689,30.4550759203325],[-89.012117356158,30.4548065795632],[-89.013122743007,30.4540580738166],[-89.013145732733,30.4537887322467],[-89.0134808564334,30.453539227812],[-89.0135268330911,30.4530005437656],[-89.0129485492021,30.45242218403431],[-89.0126364194573,30.4524023451834],[-89.0123472817422,30.4521131630792],[-89.012035153319,30.452093322511],[-89.0117460188138,30.4518041386372],[-89.0114338917123,30.4517842963519],[-89.01085563116061,30.4512059241273],[-89.0105435065514,30.451186079293],[-89.0102083835305,30.4514355760444],[-89.0101853848168,30.4517049183557],[-89.0091800000073,30.4524534010519],[-89.0086017506338,30.4518750178201],[-89.0086247545966,30.4516056759375],[-89.008335633837,30.4513164828088],[-89.0084966634245,30.4494310844107],[-89.0091669014599,30.4489320980341],[-89.009258905678,30.4478547222931],[-89.00896979590581,30.4475655285098],[-89.0080334654654,30.4475059748528],[-89.0074552590612,30.4469275794827],[-89.0074782654016,30.4466582349902],[-89.0088187003879,30.445660264104],[-89.008841701895,30.44539091859661],[-89.0091768043739,30.445141422779],[-89.0091998045594,30.44487207689791],[-89.0098700010599,30.4443730813765],[-89.0102149506029,30.440332867543],[-89.011220177396,30.43958435599381],[-89.011243169313,30.439315006483],[-89.0115782396633,30.4390655001136],[-89.0116702011401,30.437988099614]]},"properties":{"segment_id":"4945dc3994c1cd841f8587c1","source_kmz":"biloxi","orientation":"unverified"}},{"type":"Feature","geometry":{"type":"LineString","coordinates":[[-88.9914441199483,30.4396791645652],[-88.9914671768341,30.4394098192443],[-88.9911551018122,30.43938991895771],[-88.9908660857145,30.4391006724125],[-88.9912012171678,30.4388512279433],[-88.9912703890654,30.4380431902207],[-88.9909813773065,30.43775394314421],[-88.9913165029067,30.4375044976049],[-88.9913626161423,30.4369658043486],[-88.9920328565453,30.4364669089543],[-88.9917438476517,30.4361776629029],[-88.992078964493,30.4359282142011],[-88.99178995733482,30.4356389679372],[-88.992125071835,30.4353895188073],[-88.9921711785714,30.4348508227727],[-88.9928413967752,30.434351920197]]},"properties":{"segment_id":"cc5912ce9e1fe4530821a503","source_kmz":"biloxi","orientation":"unverified"}},{"type":"Feature","geometry":{"type":"LineString","coordinates":[[-89.0116702011401,30.437988099614],[-89.009068523057,30.4353853238219],[-89.0090915208624,30.4351159723389],[-89.0088024565799,30.4348267702321],[-89.00887145169432,30.4340187145028],[-89.0085823920544,30.4337295111385],[-89.0086053909919,30.4334601588019],[-89.00831633425831,30.43317095439321],[-89.0083853327688,30.4323628961027],[-89.0080962806776,30.4320736904365],[-89.0081422806654,30.4315349838954],[-89.0058299511963,30.4292213030918],[-89.004893832422,30.4291617203989],[-89.00422372992901,30.42966070188511],[-89.0042007176695,30.4299300554986],[-89.00185528655442,30.4316764528806],[-89.0015432384351,30.4316565817073],[-89.0005380204965,30.4324050176148],[-89.0005149953646,30.4326743688739],[-89.0002259699248,30.432385142739],[-88.9989777691506,30.4323056343829],[-88.9983076049891,30.4328045764982],[-88.9970593996923,30.4327250464648],[-88.99638922043592,30.4332239764547],[-88.9960771677544,30.4332040898549],[-88.9954069786098,30.4337030133539],[-88.995094924344,30.4336831239906],[-88.9947598258467,30.4339325830712],[-88.9944477708645,30.4339126918834],[-88.9943325415844,30.4352594358572],[-88.99404352883592,30.4349701950945],[-88.99341941147561,30.4349304078617],[-88.9928413967752,30.434351920197]]},"properties":{"segment_id":"710a54a02d8e61f40be0afea","source_kmz":"biloxi","orientation":"unverified"}},{"type":"Feature","geometry":{"type":"LineString","coordinates":[[-88.9153124163563,30.4201726138209],[-88.9139712609862,30.4211695004394],[-88.9136592742508,30.4211493797324],[-88.9133239794503,30.4213985975613],[-88.9086441838064,30.4210966666531],[-88.9063349557437,30.4187808455653],[-88.9044631033712,30.4186599775736],[-88.9041744660591,30.4183704907392],[-88.9038624923716,30.4183503421457],[-88.903573858268,30.4180608535441],[-88.9029499136958,30.4180205520408],[-88.9026612839723,30.4177310608415],[-88.8820715346387,30.4163990703963],[-88.8814944359811,30.4158199755702],[-88.8811824775699,30.4157997625878],[-88.879739772425,30.4143520049852],[-88.8794278200274,30.41433178696621],[-88.8791392862799,30.4140422318064],[-88.878827335208,30.4140220120721],[-88.8785388046689,30.4137324551457],[-88.8782268549227,30.4137122336962],[-88.87793832759202,30.4134226750032]]},"properties":{"segment_id":"387cfcab12a1b1cce20c5b82","source_kmz":"biloxi","orientation":"unverified"}},{"type":"Feature","geometry":{"type":"LineString","coordinates":[[-88.9928413967752,30.434351920197],[-88.9919743900109,30.4334841816664],[-88.9923094951472,30.433234730824],[-88.9923325473799,30.4329653816051],[-88.9910843454323,30.4328857838594],[-88.9911074015898,30.4326164346958],[-88.9908184095257,30.43232718383],[-88.99115351345071,30.4320777358877],[-88.9897085821865,30.4306314711171],[-88.9878363372638,30.4305120239682],[-88.9866804570267,30.4293549753186],[-88.9873506637211,30.4288561002936],[-88.9892228701436,30.4289755561259],[-88.9892689923333,30.4284368539049],[-88.9902742644538,30.42768851452851],[-88.9899852926874,30.4273992584216],[-88.9906554633062,30.4269003611874],[-88.9925276299056,30.4270197613201],[-88.9928627069531,30.4267703053386],[-88.99257372929442,30.4264810554568],[-88.991637651427,30.4264213596971],[-88.991660703951,30.4261520066865],[-88.99137173270842,30.4258627532662],[-88.991706808545,30.4256133001842],[-88.99141783903741,30.4253240465509],[-88.9917529125335,30.4250745930405],[-88.9914639447609,30.4247853391941],[-88.9917990159166,30.4245358852553],[-88.99182206738101,30.4242665311222],[-88.9911980325281,30.4242267303845],[-88.9909090696983,30.4239374745558],[-88.9912441390782,30.4236880218524],[-88.990666218926,30.423109508831],[-88.991336350362,30.4226106028636],[-88.9916483615999,30.422630503352],[-88.991983423394,30.4223810476993],[-88.9920295237498,30.4218423367062],[-88.9917405663866,30.4215530815812],[-88.9920756235002,30.4213036250715],[-88.99149771428091,30.4207251134571],[-88.9921678211847,30.4202261998768],[-88.9921908702275,30.419956843177],[-88.9949988878513,30.4201358949279],[-88.9960040059951,30.4193874899123]]},"properties":{"segment_id":"2065ba4f43449062d396d377","source_kmz":"biloxi","orientation":"unverified"}},{"type":"Feature","geometry":{"type":"LineString","coordinates":[[-88.87793832759202,30.4134226750032],[-88.8762072063717,30.411685303183],[-88.87495944174,30.4116043852872],[-88.873617936273,30.41260079849531],[-88.8733059920424,30.4125805630502],[-88.87129366756571,30.4140751425701],[-88.86599055104,30.4137309087529]]},"properties":{"segment_id":"585b7d3a09ea0193bef79db3","source_kmz":"biloxi","orientation":"unverified"}},{"type":"Feature","geometry":{"type":"LineString","coordinates":[[-88.9960040059951,30.4193874899123],[-88.9954260825735,30.4188089965443],[-88.9957611172748,30.4185595273487],[-88.9951832013978,30.4179810316779],[-88.978023733468,30.4168857305075],[-88.977445954452,30.4163071396454],[-88.9768219871176,30.4162672567345],[-88.9765331030059,30.4159779582344],[-88.9762211207364,30.4159580146201],[-88.9759322398321,30.4156687143511],[-88.9737483763848,30.4155290784498],[-88.9737252680413,30.4157984338417],[-88.9734132871371,30.4157784822614],[-88.9733208481713,30.4168559020078],[-88.9745687889958,30.4169357038818],[-88.974430150442,30.4185518299808],[-88.9747421421392,30.4185717785602],[-88.9747190362012,30.4188411324022],[-88.974383936377,30.4190905373964],[-88.9737599493632,30.4190506373662],[-88.9737368400658,30.4193199907253],[-88.97342484576791,30.41930003932851],[-88.9734017353001,30.4195693924732],[-88.9718417609934,30.41946962194231],[-88.9717724133995,30.4202776796037],[-88.9720844110133,30.4202976356422],[-88.9720381805625,30.4208363400554],[-88.9723501803654,30.4208562953166],[-88.97216526064061,30.4230111069833],[-88.95562904846942,30.4219522354918],[-88.9550513917228,30.4213735333856],[-88.9463155176588,30.420813079285],[-88.9446395262466,30.4220596550532],[-88.9153124163563,30.4201726138209]]},"properties":{"segment_id":"4c1e41a337fdc8c4e4801f0e","source_kmz":"biloxi","orientation":"unverified"}},{"type":"Feature","geometry":{"type":"LineString","coordinates":[[-88.86599055104,30.4137309087529],[-88.8584906232868,30.4062012449033],[-88.85851410716471,30.4059319083516],[-88.8579372483824,30.4053526770172],[-88.858712186886,30.39646447353901],[-88.8569818304023,30.3947267360548],[-88.8570757716619,30.39364936359601],[-88.8567873894924,30.39335973698021]]},"properties":{"segment_id":"e56a0cc4ad2e253913b46f80","source_kmz":"biloxi","orientation":"unverified"}},{"type":"Feature","geometry":{"type":"LineString","coordinates":[[-88.8567873894924,30.39335973698021],[-88.8569283019384,30.3917436728223],[-88.8566399269851,30.3914540446326],[-88.8567808390629,30.3898379740372]]},"properties":{"segment_id":"74a8690e2bb7a1002c5a5532","source_kmz":"biloxi","orientation":"unverified"}},{"type":"Feature","geometry":{"type":"LineString","coordinates":[[-88.8567808390629,30.3898379740372],[-88.8577868454737,30.3890907832289],[-88.8764981855555,30.39030604433651],[-88.8795156285053,30.3880639022059]]},"properties":{"segment_id":"ba153b0163616be8b7c8bece","source_kmz":"biloxi","orientation":"unverified"}},{"type":"Feature","geometry":{"type":"LineString","coordinates":[[-88.8795156285053,30.3880639022059],[-88.87985088976822,30.3878147695267],[-88.8807864453916,30.38787542078961],[-88.8810748929656,30.3881649879172],[-88.8813867463185,30.3881852024052],[-88.882540561651,30.3893434582282],[-88.88285241984231,30.3893636685108],[-88.8831408799346,30.3896532292946],[-88.8847001790504,30.3897542632849],[-88.8857059302359,30.3890068171098],[-88.89598257201231,30.2704761760202]]},"properties":{"segment_id":"b42ed1438679ba38e94908b6","source_kmz":"biloxi","orientation":"unverified"}}]}