{"type":"FeatureCollection","features":[{"type":"Feature","geometry":{"type":"LineString","coordinates":[[-81.5206816266314,27.2661199003528],[-81.5118595590806,27.255255698286],[-81.5119510636382,27.2547175410153],[-81.5116532858551,27.2546761980577],[-81.5108972198444,27.2537449276717],[-81.510942974477,27.2534758484115],[-81.5094308953951,27.2516132831636],[-81.5082398338924,27.2514478762423],[-81.5064758580617,27.2492748224989],[-81.5065216241658,27.2490057417402],[-81.5062696355298,27.2486953018508],[-81.5063611681257,27.2481571393993],[-81.5061091825597,27.2478466983757],[-81.5064753064644,27.2456940385053],[-81.50622332771252,27.2453835955788],[-81.5063606213172,27.2445763440137],[-81.4980240116804,27.2434179440677],[-81.4955046783814,27.2403132526696]]},"properties":{"segment_id":"c7774e30bf2885450a3a2cb0","source_kmz":"caloosahatchee","orientation":"unverified"}},{"type":"Feature","geometry":{"type":"LineString","coordinates":[[-81.50331352541352,27.2356141821533],[-81.4964436328398,27.24016833810281],[-81.4961459129666,27.240126949524],[-81.4958023985914,27.2403546430421],[-81.4955046783814,27.2403132526696]]},"properties":{"segment_id":"c05adc417c5ee74aba135dca","source_kmz":"caloosahatchee","orientation":"unverified"}},{"type":"Feature","geometry":{"type":"LineString","coordinates":[[-81.453369098528,27.2336200044331],[-81.4540562964832,27.2331648846994],[-81.4558423534055,27.2334139234231],[-81.4585910425247,27.2315933482672],[-81.4594840599262,27.2317178334831],[-81.4608583533232,27.2308075040649],[-81.4610878462314,27.2294621266744],[-81.4614314090408,27.2292345395214],[-81.4614773055622,27.2289654630396],[-81.4618208653536,27.2287378742917],[-81.46195854959952,27.2279306425145]]},"properties":{"segment_id":"eb3a7900764b61a251b04cba","source_kmz":"caloosahatchee","orientation":"unverified"}},{"type":"Feature","geometry":{"type":"LineString","coordinates":[[-81.4448305189763,27.2282967374747],[-81.4479228643712,27.2262488787399],[-81.4520899696429,27.22683017620651],[-81.4528451610882,27.2277619405976],[-81.4564170536045,27.2282600363491],[-81.45813488728,27.2271221603024],[-81.4584325437466,27.2271636580424],[-81.4586842963154,27.2274742315671],[-81.46136322823291,27.2278476663352],[-81.4616149934011,27.2281582322361],[-81.46195854959952,27.2279306425145]]},"properties":{"segment_id":"ec4f077f25d84af564d0750e","source_kmz":"caloosahatchee","orientation":"unverified"}},{"type":"Feature","geometry":{"type":"LineString","coordinates":[[-81.46195854959952,27.2279306425145],[-81.4625551514329,27.2244326145992],[-81.4628986902421,27.2242050193882],[-81.4629445794809,27.2239359384081],[-81.4632881152724,27.22370834160211],[-81.4635634374841,27.2220938490181],[-81.4642504892366,27.2216386477001],[-81.4650763506832,27.2167951093347],[-81.4661068500035,27.2161122803007]]},"properties":{"segment_id":"2077e048b4c851e36d8b5ddd","source_kmz":"caloosahatchee","orientation":"unverified"}},{"type":"Feature","geometry":{"type":"LineString","coordinates":[[-81.4506811494416,27.2511505599062],[-81.4534305156298,27.2493302116184],[-81.4540735420155,27.245563384798],[-81.4544171878175,27.2453358310041],[-81.4545090417288,27.2447977086202],[-81.4551044739587,27.2448807196049],[-81.4554481142979,27.2446531619997],[-81.4560435464333,27.244736167701],[-81.4570744527885,27.2440534815867],[-81.4572122061933,27.2432462912436],[-81.4596175654618,27.2416533057013],[-81.4619992338353,27.2419852165565],[-81.4668096149426,27.2387989527821],[-81.4668554997268,27.2385298812849],[-81.467199083523,27.23830228116371],[-81.4672449668219,27.238033209116],[-81.4675885475992,27.2378056074002],[-81.46790971425781,27.235922094461],[-81.4641327452047,27.231263842963],[-81.4641786343488,27.2309947668582],[-81.4639268515993,27.2306842096075],[-81.4644316200625,27.2277243561034],[-81.4641798459835,27.227413796564],[-81.4661068500035,27.2161122803007]]},"properties":{"segment_id":"47304c7c4abb20116c8ca99d","source_kmz":"caloosahatchee","orientation":"unverified"}},{"type":"Feature","geometry":{"type":"LineString","coordinates":[[-81.4661068500035,27.2161122803007],[-81.47125910092471,27.2126979636379],[-81.4715567137592,27.2127394259234],[-81.47224364836642,27.2122841602156],[-81.4767078566635,27.2129059644148],[-81.477051311896,27.2126783154714]]},"properties":{"segment_id":"437ccb131f80c593d41d4053","source_kmz":"caloosahatchee","orientation":"unverified"}},{"type":"Feature","geometry":{"type":"LineString","coordinates":[[-81.4581407405316,27.2127979018927],[-81.4588277466816,27.212342723948],[-81.4591031162834,27.2107281907036],[-81.4594466094455,27.210500597877],[-81.4600418087768,27.2105835890161],[-81.4603852988747,27.2103559930278],[-81.477051311896,27.2126783154714]]},"properties":{"segment_id":"99b7691f98e2bee6feeb5b33","source_kmz":"caloosahatchee","orientation":"unverified"}},{"type":"Feature","geometry":{"type":"LineString","coordinates":[[-81.477051311896,27.2126783154714],[-81.4776465433046,27.2127612063971],[-81.4783334458187,27.2123059009172],[-81.4789286758843,27.21238878467],[-81.4792721231658,27.21216112813361],[-81.4795697380064,27.212202567793],[-81.4799131828452,27.21197490904081],[-81.4808060272204,27.2120992200964],[-81.4811494683706,27.2118715572374],[-81.4814470831135,27.211912991615],[-81.4817905218209,27.21168532654031],[-81.4865523867703,27.2123481461756],[-81.4875826620691,27.2116650979438],[-81.4878802791983,27.2117065141295],[-81.4892539516251,27.2107957615908],[-81.4895515665488,27.2108371731466],[-81.4898949794825,27.2106094808913],[-81.4910854395533,27.2107751148561],[-81.4938326575653,27.2089535008367]]},"properties":{"segment_id":"2e5bacb62f63226f3b7a58d9","source_kmz":"caloosahatchee","orientation":"unverified"}},{"type":"Feature","geometry":{"type":"LineString","coordinates":[[-81.4955046783814,27.2403132526696],[-81.49474891390702,27.2393818281275],[-81.4947947114777,27.2391127448961],[-81.4945427942523,27.2388022681643],[-81.4945885921597,27.2385331845785],[-81.4943366773791,27.2382227068405],[-81.4944740712505,27.2374154543414],[-81.494222160162,27.2371049753406],[-81.494451147327,27.2357595493439],[-81.4941992411775,27.2354490688236],[-81.4944282242873,27.2341036365303],[-81.4941763230767,27.2337931544905],[-81.4944510970815,27.23217862750271],[-81.4894135300654,27.2259687868806],[-81.48987158847271,27.22327786478211],[-81.4946798881892,27.2200901561243],[-81.4947714629091,27.2195519599058],[-81.495458328954,27.2190965513378],[-81.49550411348972,27.2188274522401],[-81.4950003946895,27.2182064653962],[-81.4950461801852,27.2179373658147],[-81.495389606936,27.2177096602195],[-81.4963510109651,27.2120585098694],[-81.4938326575653,27.2089535008367]]},"properties":{"segment_id":"e3bd1df11d4b02003800d76d","source_kmz":"caloosahatchee","orientation":"unverified"}},{"type":"Feature","geometry":{"type":"LineString","coordinates":[[-81.4353420032029,27.2071366076922],[-81.440151421836,27.2039512471105],[-81.4419368312617,27.2042005428244],[-81.4429673633902,27.2035179161319],[-81.4447527719807,27.20376716431401],[-81.445439776842,27.2033120621512],[-81.4457373447035,27.2033535986574],[-81.4459670010296,27.2020081489214],[-81.4473409624927,27.201097919066],[-81.4515068442559,27.2016792813412],[-81.4528807417841,27.2007689782028]]},"properties":{"segment_id":"e3529ba6a4d3b0390de53984","source_kmz":"caloosahatchee","orientation":"unverified"}},{"type":"Feature","geometry":{"type":"LineString","coordinates":[[-81.4191445306629,27.1949542939397],[-81.4198990847721,27.1958863797288],[-81.4198530757383,27.1961554634315],[-81.42010459803271,27.1964661568101],[-81.4200585893321,27.196735240157],[-81.4197150469085,27.1969627131773],[-81.4202180970428,27.1975840982844],[-81.420172088099,27.1978531808217],[-81.42042361651511,27.1981638719298],[-81.4201935705805,27.1995092805678],[-81.4209481760585,27.2004413466954],[-81.42090216787092,27.2007104273562],[-81.4211997148551,27.200752033649],[-81.4214512554705,27.2010627197249],[-81.4217488039402,27.2011043244212],[-81.4227549893785,27.2023470569504],[-81.4230525429261,27.2023886578026],[-81.4230065402849,27.2026577378882],[-81.4247918730765,27.2029073257951],[-81.4258225258665,27.2022248647171],[-81.4273103017931,27.2024328171487],[-81.4276538459785,27.2022053228524],[-81.4279514014064,27.2022469098506],[-81.434821890739,27.1976967381343],[-81.436309610047,27.1979045658471],[-81.4383223561754,27.2003897607098],[-81.439009368089,27.1999346961959],[-81.4399020281295,27.2000593589978],[-81.4416633096806,27.20223383398371],[-81.4423503186446,27.201778750025],[-81.4429454410504,27.2018618400494],[-81.4443194321763,27.200951649319],[-81.4449145507583,27.2010347283885],[-81.44663199252031,27.19989695192981],[-81.4528807417841,27.2007689782028]]},"properties":{"segment_id":"2a0195ec8cf21edf2336084e","source_kmz":"caloosahatchee","orientation":"unverified"}},{"type":"Feature","geometry":{"type":"LineString","coordinates":[[-81.4528807417841,27.2007689782028],[-81.4542546102072,27.1998586547357],[-81.4545521703705,27.19990016669171],[-81.4548956323066,27.199672581703],[-81.45608587334591,27.1998386172696],[-81.4564293309746,27.19961102722821],[-81.4573220129056,27.1997355421677],[-81.458695817764,27.1988251579509],[-81.45929093551112,27.1989081561087],[-81.4596343809337,27.1986805549873],[-81.4599319396161,27.19872205184941],[-81.4613083622679,27.19064897551261],[-81.4597984644238,27.1887853630171],[-81.4599819828384,27.1877089343072],[-81.4603253816838,27.187481323643],[-81.4604630138888,27.1866739987512],[-81.460806407326,27.1864463858414],[-81.4619990803762,27.1794494760375],[-81.4623424408881,27.1792218534045],[-81.4620908164155,27.1789112458458],[-81.4622284183207,27.1781038988543]]},"properties":{"segment_id":"53d701bf3e160fec547923fd","source_kmz":"caloosahatchee","orientation":"unverified"}},{"type":"Feature","geometry":{"type":"LineString","coordinates":[[-81.4514475543103,27.1823855069966],[-81.4517909544862,27.1821579207629],[-81.4518368560509,27.181888812324],[-81.4521802532119,27.18166122449451],[-81.4522261532927,27.1813921155033],[-81.452569547439,27.181164526078],[-81.4527072423677,27.1803571967655],[-81.4533940180269,27.179902012152],[-81.4542864908972,27.1800265598932],[-81.45497325555291,27.17957136452531],[-81.4551568147165,27.1784949158817],[-81.4558435625285,27.1780397128299],[-81.4558894492084,27.1777705994505],[-81.4564844184934,27.1778536184986],[-81.4571711541529,27.17739840593301],[-81.4589560614401,27.17764743139711],[-81.4592994228116,27.1774198175367],[-81.4598943929614,27.1775028173554],[-81.460237751271,27.1772752003338],[-81.4608327213258,27.1773581948725],[-81.4610843367073,27.1776688068245],[-81.46138182336182,27.1777103020734],[-81.4616334417578,27.1780209123974],[-81.4622284183207,27.1781038988543]]},"properties":{"segment_id":"b52499bcaa6ff0fe1599c9c1","source_kmz":"caloosahatchee","orientation":"unverified"}},{"type":"Feature","geometry":{"type":"LineString","coordinates":[[-81.3929716434715,27.1645624701685],[-81.3932690518341,27.1646041598529],[-81.3936125349242,27.164376752255],[-81.3968840391244,27.1648352724736],[-81.3971353867891,27.1651460486624],[-81.3974327991886,27.1651877264871],[-81.3981197461899,27.1647328835471],[-81.39821186637401,27.1641946865889],[-81.3992422660691,27.1635124106887],[-81.3994264886176,27.1624360101306],[-81.3997699467622,27.1622085809844],[-81.4004146726104,27.15844114578841],[-81.4007581121861,27.158213710808],[-81.40080416067431,27.1579446062607],[-81.4014910319828,27.1574897318342],[-81.4015370777897,27.1572206264073],[-81.4025673675385,27.15653830425501],[-81.4026134094678,27.1562691976226],[-81.4033002578246,27.1558143091795]]},"properties":{"segment_id":"72d3b9236edbaf99006f4a74","source_kmz":"caloosahatchee","orientation":"unverified"}},{"type":"Feature","geometry":{"type":"LineString","coordinates":[[-81.4015678498428,27.1712780598099],[-81.4013164682311,27.1709672996843],[-81.4015006807855,27.16989091846421],[-81.4012493034722,27.1695801569439],[-81.401801920906,27.1663509898943],[-81.4015505528531,27.1660402259454],[-81.4033002578246,27.1558143091795]]},"properties":{"segment_id":"d6e686c5ced299889dc799d9","source_kmz":"caloosahatchee","orientation":"unverified"}},{"type":"Feature","geometry":{"type":"LineString","coordinates":[[-81.4525984237754,27.1684946270679],[-81.4526443155184,27.1682255077546],[-81.4533309946083,27.1677703077498],[-81.4536284432721,27.16781182613081],[-81.4539717794689,27.1675842232772],[-81.4540635530989,27.1670459818205],[-81.4544068850859,27.1668183770456],[-81.4547739585479,27.1646653995186],[-81.4564905433785,27.16352734357031],[-81.4565364202889,27.163258218729],[-81.4589159051534,27.1635902737262],[-81.4592592104979,27.1633626508382],[-81.459854083342,27.1634456542248],[-81.4612272815711,27.16253514240641],[-81.46271445627161,27.162742617143],[-81.46340103826361,27.1622873441595],[-81.4636984728213,27.1623288346748],[-81.463950054576,27.1626394531261],[-81.4642474906166,27.1626809420448],[-81.4645907782167,27.1624533011373],[-81.4656452782752,27.1562632718314],[-81.4663317930205,27.1558079712379]]},"properties":{"segment_id":"1b84f4ed8cdf0b4d24bccd1f","source_kmz":"caloosahatchee","orientation":"unverified"}},{"type":"Feature","geometry":{"type":"LineString","coordinates":[[-81.4622284183207,27.1781038988543],[-81.4625717728513,27.1778762745956],[-81.4626176383824,27.1776071581522],[-81.4623660176415,27.1772965498179],[-81.4625494793825,27.17622008125471],[-81.4628928255393,27.1759924547198],[-81.4663317930205,27.1558079712379]]},"properties":{"segment_id":"10d757d3b1f24f06ed77a29c","source_kmz":"caloosahatchee","orientation":"unverified"}},{"type":"Feature","geometry":{"type":"LineString","coordinates":[[-81.4663317930205,27.1558079712379],[-81.4666750476672,27.1555803190355]]},"properties":{"segment_id":"9ecf78df0877967ada3fd8b8","source_kmz":"caloosahatchee","orientation":"unverified"}},{"type":"Feature","geometry":{"type":"LineString","coordinates":[[-81.401149506525,27.134569901718],[-81.4014928488518,27.1343424487656],[-81.4020452307734,27.1311129542178]]},"properties":{"segment_id":"9ecad125f438f570991762fb","source_kmz":"caloosahatchee","orientation":"unverified"}},{"type":"Feature","geometry":{"type":"LineString","coordinates":[[-81.4033002578246,27.1558143091795],[-81.4067343906151,27.1535397906881],[-81.4062316955703,27.15291826271172],[-81.4064618353151,27.1515727052815],[-81.4062104936182,27.151261939328],[-81.4062565213232,27.1509928270291],[-81.4069433082713,27.1505379078802],[-81.4064406292626,27.1499163755558],[-81.4065787071928,27.1491090345589],[-81.4063273722734,27.1487982666903],[-81.406557499497,27.1474526931579],[-81.4058035149381,27.1465203823367],[-81.4058955675319,27.145982150551],[-81.40658231637872,27.1455272272273],[-81.4067203859328,27.1447198758835],[-81.405715106407,27.143476784849],[-81.4057611314959,27.1432076667598],[-81.4051664509237,27.1431243521813],[-81.4049151385946,27.1428135755989],[-81.4046177999366,27.1427719162904],[-81.40411518311852,27.1421503589925],[-81.4042532704091,27.1413430030735],[-81.4037506645747,27.140721441483],[-81.4040940245774,27.140493984039],[-81.4041860814188,27.1399557444486],[-81.4039347818894,27.139644962695],[-81.403980810498,27.13937584242811],[-81.4022217689751,27.1372003446439],[-81.40235986609042,27.1363929797491],[-81.4013547468909,27.135149817271],[-81.4014007811659,27.1348806946639],[-81.4017441240687,27.1346532410927],[-81.4017901568598,27.1343841179314],[-81.4020874651558,27.1344257862502],[-81.4025477681481,27.1317345411112],[-81.4020452307734,27.1311129542178]]},"properties":{"segment_id":"aea91dde16a7428559b586f6","source_kmz":"caloosahatchee","orientation":"unverified"}},{"type":"Feature","geometry":{"type":"LineString","coordinates":[[-81.4923910025067,27.14759199319962],[-81.493077306422,27.147136506465],[-81.4933747028856,27.1471779147347],[-81.4939694665357,27.1436789009273],[-81.4927113112194,27.1421260751045],[-81.4924139325421,27.142084664356],[-81.4926426950053,27.1407388768027],[-81.4921394542098,27.14011773751511],[-81.4918420827511,27.1400763249084],[-81.4905840185332,27.1385234575466],[-81.4909043107992,27.13663933970931],[-81.4906527077609,27.1363287626863],[-81.4908357281017,27.1352521183888],[-81.4903325324518,27.1346309606614],[-81.4900351808302,27.134589542285],[-81.4877709010837,27.1317942822166],[-81.4871762202036,27.1317114294316],[-81.4869246450375,27.1314008390816],[-81.4866273062217,27.131359410669],[-81.4863757340667,27.1310488186897],[-81.4857810596835,27.13096595782431],[-81.48527792560182,27.1303447682286],[-81.48498059122902,27.1303033350264],[-81.4847290281075,27.1299927381594],[-81.4844316952159,27.1299513033607],[-81.4841801351055,27.1296407048645],[-81.4832881417328,27.1295163931375],[-81.4830365870228,27.1292057915132],[-81.48273925766611,27.1291643518273],[-81.4824877059671,27.1288537485738]]},"properties":{"segment_id":"a7628ebca26c0e91501a9945","source_kmz":"caloosahatchee","orientation":"unverified"}},{"type":"Feature","geometry":{"type":"LineString","coordinates":[[-81.4020452307734,27.1311129542178],[-81.4020912607281,27.1308438281896],[-81.40158873185501,27.1302222375215],[-81.4009941450883,27.1301388962067],[-81.4004916282599,27.1295172990289],[-81.4008138599395,27.12763340817831],[-81.401157175471,27.1274059517943],[-81.4012952668553,27.1265985655997],[-81.4016385769845,27.1263711069654],[-81.4016846056743,27.1261019774512],[-81.4027145215832,27.1254195929411],[-81.4029906661547,27.1238048051894],[-81.4024881718974,27.1231832062622],[-81.4028314652448,27.1229557414953],[-81.4028774883761,27.122686608818],[-81.402626244014,27.1223758085246],[-81.4027182906521,27.121837542225],[-81.4024670493445,27.1215267407925],[-81.40281033613851,27.12129927501231],[-81.4028563584499,27.1210301410636],[-81.4031996422334,27.1208026736857],[-81.4034969042814,27.120844339638],[-81.404870018786,27.1199344536333],[-81.4051672786432,27.1199761149589],[-81.4058538237658,27.1195211624388],[-81.4059918584236,27.1187137517801],[-81.4057406144127,27.1184029553938],[-81.405832637318,27.1178646802194]]},"properties":{"segment_id":"a3e88c2f7f3c515921b4ddda","source_kmz":"caloosahatchee","orientation":"unverified"}},{"type":"Feature","geometry":{"type":"LineString","coordinates":[[-81.40027693796722,27.1165347288666],[-81.4006202106349,27.1163072669865],[-81.40121470146,27.1163906137308],[-81.4024708285453,27.1179446500257],[-81.4039570905306,27.1181529833498],[-81.4042083273693,27.1184637842285],[-81.4053973469208,27.1186304326502],[-81.4054893722168,27.1180921581286],[-81.405832637318,27.1178646802194]]},"properties":{"segment_id":"621cc9db51b1dababead0995","source_kmz":"caloosahatchee","orientation":"unverified"}},{"type":"Feature","geometry":{"type":"LineString","coordinates":[[-81.4891892247535,27.1270321595905],[-81.4889376560032,27.1267215698917],[-81.48864033239002,27.1266801466241],[-81.4876110833395,27.1273633714254],[-81.4873137581472,27.12732194447682],[-81.4862844908837,27.1280051550121],[-81.4862387258428,27.128274320044],[-81.485552536196,27.1287297867318],[-81.4855067684796,27.1289989508846],[-81.485163669737,27.1292266819975],[-81.4824877059671,27.1288537485738]]},"properties":{"segment_id":"0f4d9949ac3adac6faa81d80","source_kmz":"caloosahatchee","orientation":"unverified"}},{"type":"Feature","geometry":{"type":"LineString","coordinates":[[-81.4824877059671,27.1288537485738],[-81.4812983961833,27.128687978362],[-81.4810468510793,27.128377371231],[-81.4807495255441,27.1283359258111],[-81.480497983451,27.1280253170509],[-81.480200659397,27.12798387003451],[-81.4799491203149,27.1276732596452],[-81.4790571534556,27.1275489112654],[-81.47855408790811,27.1269276833511],[-81.4779594495463,27.1268447771985],[-81.4776163394177,27.1270724850524],[-81.4761297454195,27.1268652001245],[-81.4756267050082,27.1262439569619],[-81.475718299044,27.1257056327876],[-81.47546678280571,27.125395009626],[-81.473980222972,27.1251876932587],[-81.4734772078902,27.12456643680281],[-81.4735230108831,27.1242972744707],[-81.47276850374531,27.1233653827975]]},"properties":{"segment_id":"dd721d353bb0c801041cee8e","source_kmz":"caloosahatchee","orientation":"unverified"}},{"type":"Feature","geometry":{"type":"LineString","coordinates":[[-81.449319085894,27.137727525697],[-81.4524080681644,27.1356790044195],[-81.4524539429956,27.1354098598744],[-81.4531403611301,27.1349546182948],[-81.4531862332838,27.1346854728702],[-81.4538726417629,27.1342302255564],[-81.4539185112392,27.1339610792522],[-81.4559776859155,27.1325953048606],[-81.4561152711104,27.1317878587161],[-81.457144823174,27.1311049514346],[-81.4571906807465,27.1308358012864],[-81.4575338599403,27.1306081626588],[-81.4575797160309,27.1303390119568],[-81.4579228922136,27.1301113717329],[-81.4579687468223,27.129842220477],[-81.4589982608885,27.1291592912041],[-81.4592955787828,27.129200798131],[-81.4594331274086,27.1283933397698],[-81.46458038948072,27.1249784930442],[-81.464809541841,27.1236327001117],[-81.4651526721439,27.12340503186982],[-81.4646497312278,27.12278372993442],[-81.4646955608873,27.122514570077],[-81.465381811362,27.12205923160551],[-81.4654276383454,27.1217900708682],[-81.4657249338755,27.1218315604639],[-81.4667542905207,27.1211485394161],[-81.4670515844738,27.1211900253307],[-81.4670974057707,27.1209208631924],[-81.4684698486121,27.1200101455929],[-81.46883637044101,27.1178568298457]]},"properties":{"segment_id":"cb22573fa7a82a61b838eb13","source_kmz":"caloosahatchee","orientation":"unverified"}},{"type":"Feature","geometry":{"type":"LineString","coordinates":[[-81.4394459003062,27.1242232240296],[-81.4381890138127,27.1226696583805],[-81.4382349261881,27.1224005099982],[-81.4389213157623,27.1219453443876],[-81.4391967696425,27.1203304453891],[-81.4395399545363,27.120102858721],[-81.4404580355671,27.1147197961972],[-81.4394526191734,27.1134769211936],[-81.4395444259225,27.1129386088756],[-81.4398875804167,27.1127110162362],[-81.4393848844443,27.1120895741727],[-81.4397980010162,27.1096671521534],[-81.4389062788987,27.1095424561743]]},"properties":{"segment_id":"9de83d729a2e1ad3c4815066","source_kmz":"caloosahatchee","orientation":"unverified"}},{"type":"Feature","geometry":{"type":"LineString","coordinates":[[-81.405832637318,27.1178646802194],[-81.4068624217318,27.117182238864],[-81.4074569246472,27.1172655500424],[-81.4075489355994,27.1167272716039],[-81.4099516769648,27.1151348461482],[-81.4105461687254,27.1152181403188],[-81.4108894089927,27.1149906439932],[-81.4117811469323,27.1151155760634],[-81.41212438352531,27.1148880756319],[-81.4142051111151,27.1151795475434],[-81.4144563762864,27.1154903265461],[-81.4153481245825,27.1156152281309],[-81.4156913537376,27.1153877163614],[-81.4159886031251,27.1154293475845],[-81.4163318298453,27.115201833599],[-81.4166290789005,27.1152434630304],[-81.4169723031859,27.1150159468289],[-81.4196475520448,27.1153905651015],[-81.41999076893572,27.1151630391254],[-81.4202880196267,27.1152046581989],[-81.4209744467234,27.1147496005437],[-81.4218661968019,27.1148744470145],[-81.4228958182539,27.1141918424951],[-81.4234903160235,27.1142750635727],[-81.423833518304,27.1140475243011],[-81.4244280159834,27.1141307401018],[-81.42545760821412,27.1134481089919],[-81.4255035554912,27.1131789590486],[-81.4258467480764,27.1129514124769],[-81.4258926938711,27.112682261979],[-81.4262358834463,27.1124547138099],[-81.4263277717836,27.1119164114763],[-81.42735732245,27.1112337573849],[-81.42740326260291,27.11096460489661],[-81.4277464413335,27.1107370506644],[-81.42804368048601,27.1107786483021],[-81.4290732039278,27.110095975145],[-81.4293704415073,27.1101375691017],[-81.43005678015341,27.1096824454191],[-81.4312457283832,27.10984880521981],[-81.4315888925032,27.1096212376932],[-81.4318861296587,27.10966282458161],[-81.4322292913435,27.10943525483931],[-81.43371547832902,27.1096431718557],[-81.4339667977908,27.1099539090897],[-81.435750238821,27.1102033770706],[-81.4360933924425,27.1099757950472],[-81.4365960522968,27.1105972566525],[-81.4371905384763,27.11068040098621],[-81.4375336901909,27.11045281456561],[-81.4375795980978,27.1101836570201],[-81.4386090387672,27.1095008891542],[-81.4389062788987,27.1095424561743]]},"properties":{"segment_id":"01bf882f5b159e48cc2259eb","source_kmz":"caloosahatchee","orientation":"unverified"}},{"type":"Feature","geometry":{"type":"LineString","coordinates":[[-81.50954234825141,27.1147110998348],[-81.505265290017,27.1094315976563],[-81.5053109855213,27.1091624097609],[-81.5044191739136,27.1090382702806],[-81.5040762048136,27.10926607626561],[-81.5037789342274,27.1092246938006],[-81.5035273648789,27.1089141231776],[-81.502932826952,27.1088313542075],[-81.5026812618069,27.1085207812052],[-81.50238399446621,27.10847939470012],[-81.5020410222061,27.1087071944002],[-81.4910423086445,27.1071752633719],[-81.48978473984741,27.1056222396615]]},"properties":{"segment_id":"ceaa8beb4691c58f1616577f","source_kmz":"caloosahatchee","orientation":"unverified"}},{"type":"Feature","geometry":{"type":"LineString","coordinates":[[-81.282697986147,27.0746189446533],[-81.28002460298,27.07424079169831],[-81.2767661741689,27.070195936235]]},"properties":{"segment_id":"54a3692c7b7a8fe92546dae4","source_kmz":"caloosahatchee","orientation":"unverified"}},{"type":"Feature","geometry":{"type":"LineString","coordinates":[[-81.48978473984741,27.1056222396615],[-81.4885272164376,27.1040691939445],[-81.4882299712833,27.1040277668174],[-81.4879784732415,27.1037171542838],[-81.4811419411446,27.1027640793845],[-81.4758614782227,27.0962406509091],[-81.4759072586848,27.0959714656146],[-81.4753128367471,27.0958885370894],[-81.47496984302332,27.0961162565583],[-81.4728893709145,27.0958259734349],[-81.4725463710284,27.0960536850228],[-81.4707631166647,27.0958048322253],[-81.4704201112378,27.0960325368765],[-81.4692312782404,27.0958666142979],[-81.4689798726131,27.09555594894312],[-81.4686368634605,27.0957836479279],[-81.4680424498266,27.0957006781707],[-81.4676994376173,27.0959283739962],[-81.466213405442,27.0957209300623],[-81.4658703883135,27.0959486198952],[-81.4649787705841,27.0958241405401],[-81.4639497027223,27.0965071939157],[-81.4630580819847,27.0963826984398],[-81.4616859586456,27.0972934071524],[-81.4616401330037,27.0975625852149],[-81.4610457138306,27.0974795762463],[-81.4596735517124,27.0983902557685],[-81.4596277191928,27.09865943210241]]},"properties":{"segment_id":"96509fc0b02da1a2eb4aa56b","source_kmz":"caloosahatchee","orientation":"unverified"}},{"type":"Feature","geometry":{"type":"LineString","coordinates":[[-81.3754613446813,27.0854909263532],[-81.3757378724175,27.0838760249009],[-81.376081079685,27.0836486219168],[-81.37626542096642,27.08257201506151],[-81.3766086216419,27.08234460949731],[-81.376746870993,27.08153715097051]]},"properties":{"segment_id":"7b892f1b5227fafce4eeef77","source_kmz":"caloosahatchee","orientation":"unverified"}},{"type":"Feature","geometry":{"type":"LineString","coordinates":[[-81.3780020477323,27.0830916359304],[-81.376746870993,27.08153715097051]]},"properties":{"segment_id":"922ca3911602398fbc1227c2","source_kmz":"caloosahatchee","orientation":"unverified"}},{"type":"Feature","geometry":{"type":"LineString","coordinates":[[-81.2642544498843,27.0651163948632],[-81.264300875235,27.0648472784269],[-81.2640503001575,27.0645360949681],[-81.2637533003097,27.06449402732891],[-81.2635027282389,27.06418284224471]]},"properties":{"segment_id":"ec8c240110f50619b98e257f","source_kmz":"caloosahatchee","orientation":"unverified"}},{"type":"Feature","geometry":{"type":"LineString","coordinates":[[-81.5135632191866,27.0981865892955],[-81.5097912011544,27.10069279221682],[-81.5092880707599,27.1000716636729],[-81.5089908294256,27.1000302948769],[-81.50864790832331,27.1002581217049],[-81.5086022279838,27.1005273179475],[-81.5082593038726,27.1007551431798],[-81.50816793994932,27.1012935343284],[-81.5078250116354,27.1015213576392],[-81.5077793280516,27.1017905525452],[-81.5070934635902,27.10224619470531],[-81.5070020907908,27.1027845825293],[-81.50665915344962,27.10301240105281],[-81.5066134654277,27.1032815942965],[-81.5052416931324,27.1041928543874],[-81.5049444395097,27.10415147462],[-81.5046014912749,27.10437928552321],[-81.504304237316,27.1043379039645],[-81.5039612866437,27.1045657126535],[-81.5033667783398,27.1044829451066],[-81.5033210792389,27.104752135778],[-81.5002344195462,27.1068023368953],[-81.4996398993762,27.1067195487676],[-81.4992969268661,27.1069473406526],[-81.48978473984741,27.1056222396615]]},"properties":{"segment_id":"5d5edaecd03aee0af08d45dc","source_kmz":"caloosahatchee","orientation":"unverified"}},{"type":"Feature","geometry":{"type":"LineString","coordinates":[[-81.2767661741689,27.070195936235],[-81.2727562204924,27.06521744887142],[-81.2728026193274,27.0649483287513],[-81.2707978212885,27.0624589997249],[-81.2705008253089,27.0624169509416],[-81.2701574240492,27.0626440222805],[-81.2689694405694,27.0624758149061],[-81.2675958075736,27.0633840724109],[-81.2675493933091,27.0636531914416],[-81.2666583986437,27.0635270153906],[-81.2656281457558,27.0642081856612],[-81.2655817248977,27.0644773031812],[-81.2635027282389,27.06418284224471]]},"properties":{"segment_id":"547e13c37cbe5ade5e4d56d4","source_kmz":"caloosahatchee","orientation":"unverified"}},{"type":"Feature","geometry":{"type":"LineString","coordinates":[[-81.4389062788987,27.1095424561743],[-81.4386549428029,27.1092317304016],[-81.4387008465515,27.1089625714206],[-81.4390439874219,27.1087349789377],[-81.4392275947661,27.1076583394246],[-81.43957072904301,27.1074307443659],[-81.4396625286031,27.1068924225863],[-81.4403487869337,27.1064372273512],[-81.4403946838939,27.1061680654663],[-81.4406919133766,27.1062096278273],[-81.4415179932366,27.1013646730714],[-81.4407640337506,27.100432489953],[-81.4408558183824,27.0998941562925],[-81.4401018789502,27.0989619644722],[-81.4403772371211,27.0973469556519],[-81.4451803337935,27.0941603620319],[-81.44527208411581,27.0936220147915],[-81.4466443225761,27.0927115111097],[-81.44669019253041,27.092442335841],[-81.4484054438109,27.0913041760131],[-81.448451307508,27.091034998884],[-81.4498234710973,27.0901244468416],[-81.4499151880789,27.0895860892861],[-81.4512873130869,27.0886755143],[-81.4514707245055,27.0875987912226]]},"properties":{"segment_id":"93d03d05752e9642b46a89f6","source_kmz":"caloosahatchee","orientation":"unverified"}},{"type":"Feature","geometry":{"type":"LineString","coordinates":[[-81.2975558784501,27.064314036421],[-81.2958391729923,27.0654498170618],[-81.2957465184879,27.0659880766608],[-81.2954031695714,27.0662152283144],[-81.2951715222658,27.0675608716576],[-81.2913944988777,27.070059437799],[-81.2913481553979,27.0703285621716],[-81.2904570568103,27.0702025907326],[-81.2899556882615,27.0695803575538],[-81.2893616287671,27.0694963693729],[-81.2888602722464,27.0688741296908],[-81.2882662186929,27.0687901351346],[-81.2879228388709,27.06901726046391],[-81.2876258119128,27.0689752609715],[-81.28757945723751,27.0692443845202],[-81.2872824296633,27.069202384083],[-81.2862522720459,27.0698837457796],[-81.2853611855186,27.0697577308861],[-81.2846744010203,27.0702119599828],[-81.2840803423208,27.0701279420429],[-81.2839876092761,27.0706661839876],[-81.2829574080732,27.0713475104474],[-81.282660375499,27.0713054971758],[-81.2824097152802,27.0709943633819],[-81.2767661741689,27.070195936235]]},"properties":{"segment_id":"6650910f8337052b61bef294","source_kmz":"caloosahatchee","orientation":"unverified"}},{"type":"Feature","geometry":{"type":"LineString","coordinates":[[-81.3100424959593,27.0713154803252],[-81.3097454502915,27.07127354375231],[-81.3094021172328,27.0715007377682],[-81.3088080255321,27.071416860194],[-81.3081213515129,27.0718712406284],[-81.3080750593408,27.07214037098141],[-81.3048075521502,27.071678961942],[-81.3045568108217,27.0713678814177],[-81.3027745561062,27.0711161561128],[-81.302273093229,27.0704939834564],[-81.3023657117831,27.0699557250881],[-81.3018642586183,27.0693335483951],[-81.3020031879764,27.06852615833821],[-81.3012510273638,27.0675928855337],[-81.3012973384198,27.0673237546637],[-81.30100031078281,27.067281792842],[-81.3004988830556,27.0666596048232],[-81.3005451959605,27.0663904735609],[-81.3002481719093,27.0663485094961],[-81.2994960493397,27.0654152182442],[-81.29830797037322,27.0652473445509],[-81.2978065739464,27.0646251400094],[-81.2978528941716,27.0643560083566],[-81.2975558784501,27.064314036421]]},"properties":{"segment_id":"b7a3fd5423572225fba99b5f","source_kmz":"caloosahatchee","orientation":"unverified"}},{"type":"Feature","geometry":{"type":"LineString","coordinates":[[-81.3701284844903,27.0739917875778],[-81.3703589775686,27.07264600406],[-81.3707021542778,27.0724186113139],[-81.3709326341784,27.0710728204314],[-81.3712758031024,27.070845424777],[-81.3713218970235,27.0705762655858],[-81.3716650629405,27.0703488683323],[-81.3717111553789,27.0700797085845],[-81.3714601770576,27.0697687866371],[-81.3716445464021,27.0686921448303],[-81.3713935723658,27.0683812214793],[-81.3714396645996,27.0681120603236],[-81.3711886929938,27.0678011359621],[-81.3713269698205,27.0669936507265],[-81.37167012144621,27.0667662511069],[-81.3717162119511,27.0664970885759],[-81.3720593605701,27.0662696873571]]},"properties":{"segment_id":"2db7349ee69479bd5663a2b5","source_kmz":"caloosahatchee","orientation":"unverified"}},{"type":"Feature","geometry":{"type":"LineString","coordinates":[[-81.376746870993,27.08153715097051],[-81.3764958410845,27.081226251341],[-81.3765419242437,27.0809570979099],[-81.37629089676672,27.0806461972703],[-81.3764291463705,27.0798387352108],[-81.3761781225617,27.0795278332994],[-81.376224205805,27.0792586786907],[-81.3759731844276,27.0789477757693],[-81.3760192680011,27.07867862080071],[-81.3763624538061,27.0784512134905],[-81.37611143428381,27.0781403101764],[-81.3755172319219,27.0780568120583],[-81.37501520309452,27.0774349997989],[-81.3741239088805,27.0773097417831],[-81.3733708899877,27.0763770100649],[-81.3734630703652,27.0758386981968],[-81.3729610693072,27.0752168721314],[-81.3736474276622,27.0747620717117],[-81.3738317803486,27.0736854415611],[-81.373580783859,27.0733745279204],[-81.3737651344079,27.0722978935803],[-81.3730121632337,27.0713651458105],[-81.3730582520051,27.0710959862596],[-81.37280726585712,27.0707850684466],[-81.3725101915141,27.0707433095673],[-81.3722592083732,27.0704323901267],[-81.3726023712413,27.0702049897123],[-81.3727406386711,27.069397508211],[-81.3730837961434,27.0691701055428],[-81.3731759706004,27.0686317827415],[-81.3726740136324,27.06800994238071],[-81.3727201016649,27.0677407803741],[-81.3722181531831,27.0671189362338],[-81.3722642421637,27.0668497737358],[-81.3720132712596,27.06653885021541],[-81.3720593605701,27.0662696873571]]},"properties":{"segment_id":"4dd9dfc74bf44846a1d1af74","source_kmz":"caloosahatchee","orientation":"unverified"}},{"type":"Feature","geometry":{"type":"LineString","coordinates":[[-81.3073537399348,27.0568765115543],[-81.3066671741812,27.0573309015284],[-81.3066208852806,27.0576000425287],[-81.306277598492,27.0578272352787],[-81.3061387264693,27.0586346559187],[-81.3051088444812,27.05931622358],[-81.3048118426061,27.0592742715832],[-81.3044685443711,27.05950145731351],[-81.3044222474325,27.0597705956573],[-81.2975558784501,27.064314036421]]},"properties":{"segment_id":"1ce2cac8bea375f8d3379306","source_kmz":"caloosahatchee","orientation":"unverified"}},{"type":"Feature","geometry":{"type":"LineString","coordinates":[[-81.4121838714778,27.1002900623979],[-81.4130754589798,27.1004149887518],[-81.4134186335237,27.1001874744698],[-81.4146074184073,27.1003540273089],[-81.4159800885257,27.0994439423536],[-81.41657447773561,27.0995272061355],[-81.4172607994301,27.0990721522518],[-81.4173067646661,27.0988029947696],[-81.4176039575558,27.0988446234032],[-81.4178551873113,27.0991554088683],[-81.4181523816832,27.0991970359064],[-81.4198681448729,27.0980593647817],[-81.42075972041741,27.0981842266463],[-81.4214460092744,27.0977291436304],[-81.4229319680657,27.0979372203574],[-81.4239613784469,27.0972545721309],[-81.4240073217582,27.0969854103063],[-81.424304511612,27.09702702017981],[-81.4243963955581,27.0964886956489],[-81.4254257770003,27.0958060302099],[-81.4257229634676,27.0958476362072],[-81.4258607737602,27.0950401444638],[-81.4275763521957,27.0939023336896],[-81.4278735331296,27.09394393382381],[-81.4281950322704,27.0920597663061],[-81.42888123298431,27.0916046266384],[-81.429019006856,27.09079712088411],[-81.42936210090882,27.090569548164],[-81.429453946332,27.0900312091978],[-81.4304832104403,27.0893484814519],[-81.4305291291384,27.0890793106461],[-81.432930673539,27.0874862324666],[-81.4338221585121,27.0876109871379],[-81.4365301998875,27.0717293523741]]},"properties":{"segment_id":"bc28d6eb943670fbe2ac200d","source_kmz":"caloosahatchee","orientation":"unverified"}},{"type":"Feature","geometry":{"type":"LineString","coordinates":[[-81.2635027282389,27.06418284224471],[-81.2632057298769,27.0641407730121],[-81.2627045935598,27.063518398715],[-81.2621106024892,27.0634342547218],[-81.2613589187697,27.0625006822072],[-81.2614053517591,27.0622315650218],[-81.2606536861834,27.0612979842129],[-81.2600597124326,27.0612138280651],[-81.2590575265819,27.0599690353824],[-81.2591504039243,27.0594307988882],[-81.2581482519668,27.058185991111],[-81.2578512769025,27.0581439059873],[-81.2570996855333,27.0572102886931],[-81.25714612898021,27.056941169285],[-81.2566450783507,27.0563187531037],[-81.2566915227373,27.0560496332044],[-81.2560975890565,27.0559654533414],[-81.2550955215487,27.0547206039409],[-81.254798559926,27.0546785097513],[-81.254047031892,27.05374486123952],[-81.25375007414611,27.0537027639622],[-81.2532490669001,27.0530803257362],[-81.2529521118356,27.0530382261184],[-81.2524511142223,27.0524157828857],[-81.25215416183912,27.0523736809274],[-81.2516531738582,27.05175123268801],[-81.2513562241564,27.0517091283893],[-81.2508552458078,27.0510866751433],[-81.2464010709889,27.0504549867226],[-81.2459001357467,27.0498325075494],[-81.245603195473,27.04979038672551],[-81.2453527317627,27.0494791450747],[-81.245055792975,27.0494370226577],[-81.2440539610173,27.0481920442856],[-81.2441004403634,27.0479229236502],[-81.2380900715191,27.0404527552513]]},"properties":{"segment_id":"7f3f5a07e97d35456d3eb98c","source_kmz":"caloosahatchee","orientation":"unverified"}},{"type":"Feature","geometry":{"type":"LineString","coordinates":[[-81.25790148696511,27.031407057132],[-81.25481162410482,27.0334504650626],[-81.2545147359418,27.0334083674822],[-81.2541714081836,27.0336354054961],[-81.2523900816112,27.0333827965814],[-81.2520467483557,27.0336098276537],[-81.25200030155652,27.0338789629424],[-81.2509702873476,27.034560047532],[-81.2502734967549,27.0385970344705],[-81.24958677571462,27.0390510746334],[-81.249447402588,27.03985846384001],[-81.2488535876262,27.0397742390103],[-81.2467933521817,27.0411363116804],[-81.2464964414488,27.0410941923279],[-81.2458096805929,27.0415482044735],[-81.2380900715191,27.0404527552513]]},"properties":{"segment_id":"b41d1c7f9fb984263ab83cd3","source_kmz":"caloosahatchee","orientation":"unverified"}},{"type":"Feature","geometry":{"type":"LineString","coordinates":[[-81.2660377357667,27.0389016218994],[-81.2645347276458,27.0370343929827],[-81.2645811369864,27.03676525459811],[-81.2635791702299,27.0355204172257],[-81.2636255817402,27.0352512780861],[-81.2631246104506,27.0346288538664],[-81.26223392246511,27.0345026296457],[-81.260230138372,27.0320128796931],[-81.2593394816734,27.0318866299258],[-81.2590890203897,27.0315754049868],[-81.25790148696511,27.031407057132]]},"properties":{"segment_id":"a2aa6de8779dc4d1f971348b","source_kmz":"caloosahatchee","orientation":"unverified"}},{"type":"Feature","geometry":{"type":"LineString","coordinates":[[-81.3720593605701,27.0662696873571],[-81.3721054495925,27.06600052426951],[-81.37185448173692,27.0656895996075],[-81.37190057108931,27.0654204361596],[-81.3716496056641,27.06510951048711],[-81.3716956953464,27.0648403466788],[-81.3711937711692,27.06421849243331],[-81.3708967202627,27.0641767281932],[-81.3712193549662,27.0622925739661],[-81.3715624881429,27.0620651716146],[-81.3716085764681,27.0617960054805],[-81.3722948349966,27.0613411963072],[-81.3723409206452,27.0610720292889],[-81.3710861670542,27.059517377896],[-81.3717724101836,27.0590625691506],[-81.3718184962457,27.058793400592],[-81.3715675504294,27.05848246877761],[-81.3716136368214,27.0582132998584],[-81.3729860894775,27.0573036669535],[-81.37307825184452,27.05676532580731],[-81.3734213580903,27.0565379137465],[-81.3735135169169,27.05599957102781],[-81.3738566189626,27.0557721570403],[-81.3741075651458,27.05608308580941],[-81.3749986396492,27.0562083516342],[-81.3752495912265,27.0565192772789],[-81.3751113679987,27.0573267920898],[-81.3756132802975,27.0579486399525],[-81.3768014088684,27.0581156414011],[-81.3781738051705,27.0572059403476],[-81.3787678662392,27.0572894284387],[-81.3791109595482,27.0570619981071],[-81.38000205145651,27.057187221063],[-81.380345141099,27.0569597866265],[-81.3836124934649,27.0574188619082],[-81.3841144676828,27.0580406689161],[-81.3847085402674,27.0581241231531],[-81.3849595324826,27.0584350238408],[-81.3867417643081,27.0586853617492],[-81.3869927654992,27.0589962570669],[-81.3872898063381,27.059037976341],[-81.38779181654512,27.0596597628406],[-81.388385903862,27.0597431958561],[-81.3886369140718,27.0600540862896],[-81.3901221433699,27.0602626502745],[-81.3903731613618,27.0605735360863],[-81.39067020927861,27.0606152455957],[-81.3910132844017,27.0603877785089],[-81.3916073798617,27.0604711930998],[-81.3916994292107,27.0599328405204],[-81.3920424988967,27.0597053696187],[-81.39218056718082,27.0588978380481],[-81.3925236314727,27.058670364893],[-81.3925696524648,27.0584011869169],[-81.393255773224,27.0579462361375],[-81.3933478095697,27.0574078781883],[-81.3940339183044,27.05695292101341],[-81.3940799336581,27.0566837410402],[-81.3954521246049,27.0557738101224],[-81.395498134896,27.0555046286108],[-81.3958411769083,27.0552771423751],[-81.3958871857181,27.0550079603068],[-81.39623022472442,27.0547804724723],[-81.3965272554963,27.054822166089],[-81.3972133268353,27.0543671847168],[-81.3972593308702,27.0540980013394],[-81.3976023626278,27.0538705084186],[-81.3977403694262,27.0530629559283],[-81.3980833957906,27.0528354607542],[-81.398129396288,27.0525662758047],[-81.3991584609274,27.05188378167111],[-81.3992044575564,27.0516145955103],[-81.399547474285,27.0513870945954],[-81.3996394642934,27.050848720931],[-81.4003254875401,27.0503937139775],[-81.400371479726,27.0501245261465],[-81.4007144874377,27.0498970204352],[-81.4008064685599,27.0493586434303],[-81.4011494720725,27.04913113579291],[-81.4012414496579,27.0485927572156],[-81.4015844489716,27.048365247652],[-81.4016304361396,27.0480960576918],[-81.4019274464732,27.0481377368169],[-81.4026134360404,27.0476827113321],[-81.4038014753004,27.0478494118156],[-81.4058097755456,27.0503363008278],[-81.4057638002437,27.050605490879],[-81.4067679963322,27.0518489137365],[-81.4070650220932,27.0518905778573],[-81.4073160768393,27.0522014306229],[-81.4076131040812,27.0522430931488],[-81.4086173459623,27.0534864924164],[-81.4089143782656,27.0535281511017],[-81.4091654444601,27.0538389979699],[-81.4097595123156,27.0539223113044],[-81.4100105827095,27.0542331557953],[-81.4109016902282,27.0543581172035],[-81.411152766015,27.0546689585686],[-81.4126379569266,27.0548772069116],[-81.4128890404933,27.0551880436538],[-81.413186080731,27.0552296900346],[-81.4136882556888,27.0558513593814],[-81.4160646070277,27.0561844879798],[-81.4164075974147,27.055956934918],[-81.41878396218371,27.0562900017925],[-81.4205417693228,27.0584657286167],[-81.4211358800955,27.0585489763899],[-81.422507814835,27.0576386963823],[-81.4225537415543,27.0573695044599],[-81.4232396956613,27.0569143561748],[-81.4238337983393,27.0569975890365],[-81.4245197427188,27.0565424318898],[-81.4251138440682,27.0566256575891],[-81.42717162627221,27.0552601443107]]},"properties":{"segment_id":"8b5e5b13ebd0451251988599","source_kmz":"caloosahatchee","orientation":"unverified"}},{"type":"Feature","geometry":{"type":"LineString","coordinates":[[-81.3290435535054,27.0315426327471],[-81.3262858208416,27.0281209394859]]},"properties":{"segment_id":"bccc3edb929590bc441a2789","source_kmz":"caloosahatchee","orientation":"unverified"}},{"type":"Feature","geometry":{"type":"LineString","coordinates":[[-81.2742205379755,27.019657628605],[-81.2735340940929,27.0201118504915],[-81.2734413489933,27.0206501608839],[-81.2703522404632,27.0226940904303],[-81.2703058567292,27.0229632423223],[-81.2692761177345,27.0236445282664],[-81.2692297301272,27.02391367894201],[-81.2694802057677,27.0242248865478],[-81.2694338184855,27.0244940368618],[-81.2687473108382,27.0249482210413],[-81.2669661211538,27.02469585346561],[-81.2628468790102,27.0274207835791],[-81.2627540592709,27.0279590731277],[-81.26035103096662,27.0295485264142],[-81.2603046122988,27.02981766854211],[-81.25790148696511,27.031407057132]]},"properties":{"segment_id":"b144281227dc7cba769d3d8c","source_kmz":"caloosahatchee","orientation":"unverified"}},{"type":"Feature","geometry":{"type":"LineString","coordinates":[[-81.2849175089479,27.0264106932268],[-81.2844164352557,27.0257883548587],[-81.2845091173166,27.0252500427621],[-81.2848523316996,27.0250228998948],[-81.2854460801416,27.0251069244094],[-81.2857892914843,27.0248797783802],[-81.285974635339,27.0238031480089],[-81.2854735691754,27.0231808099991],[-81.2830986353397,27.0228446903888],[-81.2820965629435,27.0215999799053],[-81.2749719872844,27.02059122450421],[-81.2742205379755,27.019657628605]]},"properties":{"segment_id":"89465f49758932d4661b7b35","source_kmz":"caloosahatchee","orientation":"unverified"}},{"type":"Feature","geometry":{"type":"LineString","coordinates":[[-81.2053750924706,27.0256010827996],[-81.2060619392274,27.0251473146305],[-81.2066209470465,27.0219178390281],[-81.2093681469832,27.0201026837759],[-81.2108117602024,27.01175963661],[-81.2111551150101,27.0115327262598],[-81.21124823935841,27.01099445689],[-81.2109980125153,27.010683098266],[-81.2112308213628,27.0093374201504],[-81.2119175076625,27.0088835922465]]},"properties":{"segment_id":"588395ad2893bd9408acdcda","source_kmz":"caloosahatchee","orientation":"unverified"}},{"type":"Feature","geometry":{"type":"LineString","coordinates":[[-81.2368956421124,27.0579290984672],[-81.23664518620231,27.0576178433324],[-81.2367847080835,27.056810512564],[-81.2365342558274,27.0564992561594],[-81.2367202833913,27.0554228113966],[-81.2334646007496,27.051376391457],[-81.2336506556139,27.0502999362187],[-81.22789140757682,27.0431405100873],[-81.2279379346936,27.0428713926929],[-81.2261853143977,27.0406923438179],[-81.22623184552232,27.0404232252769],[-81.2259349473081,27.0403810476098],[-81.2254342185574,27.0397584525597],[-81.2251373230249,27.03971627255291],[-81.217376989932,27.0300655770515],[-81.2181683496818,27.025490456474],[-81.21766776359641,27.0248677975236],[-81.2177143127798,27.0245986704495],[-81.2138554217944,27.0240499561417],[-81.2121035405277,27.0218705532785],[-81.21219667012411,27.02133229917491],[-81.2114458946765,27.0203982554176],[-81.2129358688767,27.0117860518417],[-81.2132792181966,27.0115591345497],[-81.2134188844249,27.01075172738],[-81.2119175076625,27.0088835922465]]},"properties":{"segment_id":"846f04f56829644401a049f8","source_kmz":"caloosahatchee","orientation":"unverified"}},{"type":"Feature","geometry":{"type":"LineString","coordinates":[[-81.2360508292166,27.0117624799883],[-81.2345668107579,27.01155170475131],[-81.2338802224926,27.0120056775472],[-81.2323962051556,27.01179487172171],[-81.2317096035185,27.0122488299772],[-81.2302255873046,27.01203799356311],[-81.22988228070471,27.0122649660574],[-81.2289918726209,27.0121384512266],[-81.2276186207728,27.0130463171309],[-81.2255409948956,27.0127510598109],[-81.2250404295419,27.0121284131128],[-81.2229628346291,27.011833103897],[-81.222712563028,27.0115217740025],[-81.2227590892472,27.0112526342913],[-81.2200879356021,27.0108728842919],[-81.2180859188198,27.0083821586926],[-81.2127438542109,27.0076223456579],[-81.2124005191656,27.0078492637833]]},"properties":{"segment_id":"61383da7cc3bfd6893a692e2","source_kmz":"caloosahatchee","orientation":"unverified"}},{"type":"Feature","geometry":{"type":"LineString","coordinates":[[-81.2119175076625,27.0088835922465],[-81.2121502972915,27.0075379050742]]},"properties":{"segment_id":"4b349dc271676df9f5dfc7ad","source_kmz":"caloosahatchee","orientation":"unverified"}},{"type":"Feature","geometry":{"type":"LineString","coordinates":[[-81.3458944214731,27.0237181059059],[-81.3448652714624,27.0244001327413],[-81.3442714700602,27.0243164446505],[-81.3435853585344,27.0247711190693],[-81.3432884570323,27.0247292718665],[-81.3408870053495,27.026320585645],[-81.3405900998188,27.0262787309867],[-81.340636265767,27.0260095506479],[-81.3403393614299,27.0259676952418],[-81.3399962896226,27.0261950191319],[-81.3385117691808,27.0259857246892],[-81.3381686924799,27.0262130425859],[-81.3366841761675,27.0260037222709],[-81.3363410945731,27.0262310341741],[-81.3345596808206,27.0259798162115],[-81.3342165937166,27.0262071211768],[-81.333919691818,27.026165247611],[-81.333233510946,27.0266198518358],[-81.3329366081029,27.0265779755354],[-81.3326858964732,27.02626692175321],[-81.3319997082816,27.0267215177676],[-81.3314059033828,27.02663775735621],[-81.3307197054842,27.0270923445037],[-81.330673507974,27.0273615196303],[-81.3299873004468,27.0278161010316],[-81.3299411002603,27.0280852752719],[-81.3295979925875,27.0283125637357],[-81.3295517909185,27.0285817374178],[-81.3262858208416,27.0281209394859]]},"properties":{"segment_id":"aa22c26d1d4a3e3bca883991","source_kmz":"caloosahatchee","orientation":"unverified"}},{"type":"Feature","geometry":{"type":"LineString","coordinates":[[-81.285981634709,27.011396742371],[-81.2832363269599,27.0132139509192],[-81.2831436498931,27.01375228064361],[-81.2828004758955,27.0139794253256],[-81.2825224305832,27.0155944069999],[-81.2818360628317,27.0160486885995],[-81.2817433739685,27.01658701266731],[-81.277281776135,27.0195397103869],[-81.2763912233949,27.0194136009455],[-81.2760480090516,27.01964071979391],[-81.2745637572028,27.019430515752],[-81.2742205379755,27.019657628605]]},"properties":{"segment_id":"0be339d1e228abd78a7da797","source_kmz":"caloosahatchee","orientation":"unverified"}},{"type":"Feature","geometry":{"type":"LineString","coordinates":[[-81.2961583387536,27.01586948048981],[-81.2954720407039,27.0163238510241],[-81.2954257388626,27.0165930189857],[-81.294238341008,27.0164250754953],[-81.2939877986323,27.0161139200386],[-81.2936909510858,27.0160719313038],[-81.2934404117134,27.0157607742205],[-81.2925498743916,27.0156348006986],[-81.2920488082386,27.0150124794097],[-81.2917519654312,27.0149704850492],[-81.2915014362625,27.0146593223385],[-81.2912045949384,27.0146173263846],[-81.2899519822036,27.0130614959059],[-81.2881709761536,27.0128094799976],[-81.2871689471852,27.0115647818514],[-81.285981634709,27.011396742371]]},"properties":{"segment_id":"5de37bec5c8823d5cd893c45","source_kmz":"caloosahatchee","orientation":"unverified"}},{"type":"Feature","geometry":{"type":"LineString","coordinates":[[-81.3262858208416,27.0281209394859],[-81.3185152071919,27.0184774132286],[-81.3182183395613,27.0184354942523],[-81.3177170717628,27.0178133007499],[-81.3159358863697,27.0175617601554],[-81.3156852623472,27.0172506575991],[-81.3150915385813,27.0171668024715],[-81.31408907013751,27.0159223774704],[-81.3134953570768,27.0158385129781],[-81.3132447468773,27.0155274030338],[-81.3120573289977,27.01535966090781],[-81.3110549253941,27.0141152003746],[-81.311101177085,27.013846023581],[-81.3100988048961,27.0126015484486],[-81.3101913123371,27.0120631931154],[-81.3096901395621,27.0114409497446],[-81.3097363940806,27.0111717714688],[-81.3092352297744,27.0105495243161],[-81.3089383939696,27.0105075780922],[-81.308687815724,27.010196452449],[-81.3057194855061,27.0097769362112],[-81.3029746456193,27.0115946702973],[-81.30247352767812,27.0109723915725],[-81.3021766937087,27.0109304262477],[-81.30183358112211,27.0111576351052],[-81.3015367468263,27.0111156679904],[-81.3011936318148,27.0113428746308],[-81.2991157955312,27.01104907453311],[-81.2988652511745,27.010737925893],[-81.2985684197701,27.0106959503196],[-81.298225298604,27.0109231475176],[-81.2980864267167,27.011730666988],[-81.2974001717942,27.0121850555933],[-81.2973538781992,27.0124542276322],[-81.2968527958478,27.0118319235806],[-81.2968990906737,27.011562751278],[-81.2958969501427,27.0103181320954],[-81.2959432471409,27.0100489590349],[-81.289709928114,27.0091671188051],[-81.2879942178669,27.0103029520706],[-81.2876973932576,27.0102609456532],[-81.2876510703904,27.0105301149046],[-81.287354245166,27.01048810754291],[-81.285981634709,27.011396742371]]},"properties":{"segment_id":"58296585cc69188ab7ec7b9f","source_kmz":"caloosahatchee","orientation":"unverified"}},{"type":"Feature","geometry":{"type":"LineString","coordinates":[[-81.4347525943985,27.0304122526053],[-81.4350954328093,27.03018462147501],[-81.43514130555901,27.0299154026884],[-81.4346391269829,27.0292937895076],[-81.4352813327129,27.0255246986761]]},"properties":{"segment_id":"6df424d03bbef4a10b32469d","source_kmz":"caloosahatchee","orientation":"unverified"}},{"type":"Feature","geometry":{"type":"LineString","coordinates":[[-81.4758694335564,27.0568327359182],[-81.4741102622895,27.0546579266037],[-81.4741560261205,27.0543887098056],[-81.4748416836747,27.0539332201335],[-81.4748874448343,27.053664002453],[-81.4746361420026,27.0533533128554],[-81.4746819034965,27.05308409481381],[-81.47417930451331,27.0524627127121],[-81.4742708291247,27.0519242754138],[-81.4737682398754,27.0513028892609],[-81.4738597658241,27.0507644505181],[-81.4736084751598,27.0504537558565],[-81.4739745724743,27.048299990659],[-81.4743173784027,27.0480722430472],[-81.4738148112946,27.0474508502048],[-81.4738605722198,27.0471816279327],[-81.4736092920054,27.046870930058],[-81.4721240920289,27.0466635404949],[-81.4717812859079,27.0468912818627],[-81.4712787439867,27.0462698747452],[-81.4709817066144,27.0462283918513],[-81.4723546560944,27.0381516324756],[-81.4718521610222,27.0375302124135],[-81.4718979228113,27.03726098328041],[-81.4686318896071,27.0332216652437],[-81.4686776591713,27.0329524341629],[-81.4684264391536,27.0326417110903],[-81.4681294501439,27.0326002184818],[-81.4676270179294,27.031978768195],[-81.4667360597698,27.0318542807976],[-81.4664848499572,27.0315435520854],[-81.4614361559606,27.03083796688931],[-81.46118496822692,27.0305272245639],[-81.4608879899948,27.0304857111865],[-81.4606368052653,27.03017496723101],[-81.4594488999677,27.0300089022623],[-81.4591977218189,27.0296981544301],[-81.4586037732718,27.02961511537],[-81.4583525993194,27.0293043651589],[-81.4577586543016,27.0292213212158],[-81.4575074845454,27.02891056862571],[-81.4569135430571,27.0288275197996],[-81.45666237749721,27.02851676483071],[-81.4554745027246,27.0283506540273],[-81.4551317254628,27.0285783530099],[-81.4530529512961,27.0282876199154],[-81.4528018012349,27.0279768552113],[-81.4522078707201,27.0278937794985],[-81.4519567248551,27.0275830124156],[-81.4516597612195,27.027541472541],[-81.4513169770955,27.0277691595821],[-81.4510200131268,27.0277276179174],[-81.4507688720307,27.0274168478392],[-81.4501749473368,27.0273337604734],[-81.449923810437,27.0270229880165],[-81.449329889273,27.0269398957679],[-81.4490787565694,27.0266291209323],[-81.4481878805482,27.0265044739659],[-81.447936753233,27.0261936960029],[-81.44734283970212,27.0261105922963],[-81.44709171658302,27.0257998119547],[-81.4467947614394,27.0257582580833],[-81.4465436413242,27.0254474761118],[-81.44416802002611,27.02511500868451],[-81.4439169112604,27.0248042198419],[-81.4418382660109,27.0245132611734],[-81.4417924170631,27.024782487097],[-81.4393927844734,27.026376056533],[-81.4388905958535,27.025754457356],[-81.4389364543858,27.025485233459],[-81.4374517066267,27.0252773399323],[-81.43669845702561,27.0243449229325]]},"properties":{"segment_id":"e6bd3c94221429f59e6a17c8","source_kmz":"caloosahatchee","orientation":"unverified"}},{"type":"Feature","geometry":{"type":"LineString","coordinates":[[-81.32452689649452,27.0047136309206],[-81.3236364279291,27.0045879175271],[-81.3228845910831,27.0036546273972]]},"properties":{"segment_id":"c7809baacd2e32b7f912f9d5","source_kmz":"caloosahatchee","orientation":"unverified"}},{"type":"Feature","geometry":{"type":"LineString","coordinates":[[-81.3313211890068,26.9987797715516],[-81.3309782016345,26.999007083821],[-81.3306549240328,27.0008914589084],[-81.32962592600721,27.0015733811822],[-81.3295797387594,27.0018425757161],[-81.3275216867016,27.0032063839339],[-81.3257407745771,27.00295499933472],[-81.32436868890322,27.0038641567053],[-81.3228845910831,27.0036546273972]]},"properties":{"segment_id":"114328c7b93eb8f83e9dbfb2","source_kmz":"caloosahatchee","orientation":"unverified"}},{"type":"Feature","geometry":{"type":"LineString","coordinates":[[-81.3228845910831,27.0036546273972],[-81.322383375565,27.0030324295783],[-81.3224295859268,27.0027632391454],[-81.3214271790639,27.0015188324211],[-81.3199431287797,27.0013092600287],[-81.31818902818,26.9991314882215],[-81.3164082274805,26.9988799420389],[-81.3154059527138,26.9976354637082],[-81.3154521819731,26.9973662721423],[-81.3139682177165,26.9971566126035],[-81.3134671043492,26.9965343604192],[-81.3125767364196,26.9964085500612],[-81.3120756374464,26.9957862898725],[-81.3097013547659,26.9954507464094],[-81.3094508175377,26.9951396090152],[-81.3088572521423,26.9950557131966],[-81.3085142203578,26.9952829543793],[-81.30821743747802,26.9952410042573]]},"properties":{"segment_id":"e7918167bf3601ea6d5d0e4d","source_kmz":"caloosahatchee","orientation":"unverified"}},{"type":"Feature","geometry":{"type":"LineString","coordinates":[[-81.2818137079343,26.9879206278375],[-81.2818600368795,26.987651443526],[-81.2816096228151,26.9873402325314],[-81.2817022810668,26.9868018629517],[-81.2812014608205,26.9861794377947],[-81.28124779074172,26.9859102523942],[-81.2809973839451,26.985599038364],[-81.2810437141916,26.98532985260042],[-81.2807933098176,26.9850186375583],[-81.2809323006649,26.98421107848611]]},"properties":{"segment_id":"96c1fa2cb3da8283ce9d5b94","source_kmz":"caloosahatchee","orientation":"unverified"}},{"type":"Feature","geometry":{"type":"LineString","coordinates":[[-81.22137185517882,26.9876154988755],[-81.2131163563132,26.9773403017687],[-81.2131628940441,26.9770711396426],[-81.2093061593161,26.9765221822006],[-81.2089629390704,26.9767491095296],[-81.2086662685899,26.9767068751717],[-81.2083230459249,26.9769338002822],[-81.2077297046103,26.9768493271416],[-81.2073864789133,26.9770762490894],[-81.2070898080794,26.9770340103067],[-81.2067465799631,26.977260930036],[-81.2046698879764,26.976965228275],[-81.2043266537651,26.9771921401201],[-81.2037333145887,26.9771076444053],[-81.20323311369161,26.9764848291976],[-81.2032796818135,26.9762156707955],[-81.2023896851037,26.9760889166999],[-81.1998888309551,26.9729747642208],[-81.1995921779068,26.9729325036996],[-81.1996387554757,26.9726633441399],[-81.1984521498031,26.9724942939968],[-81.1972018233808,26.9709371654817]]},"properties":{"segment_id":"f0af80d6554529e396973a2f","source_kmz":"caloosahatchee","orientation":"unverified"}},{"type":"Feature","geometry":{"type":"LineString","coordinates":[[-81.472702552561,27.0164255934576],[-81.4691861085209,27.0120753172532],[-81.468889190025,27.0120338243277],[-81.4686380302276,27.0117230829525],[-81.4680441964768,27.0116400930649],[-81.46729073510161,27.0107078591566],[-81.4669938222298,27.0106663606968],[-81.4669480592414,27.0109356084062],[-81.4662627020873,27.0113911030931],[-81.46576040699152,27.0107696057156],[-81.463385116219,27.01043755971691],[-81.4630424311123,27.0106652963737],[-81.4624486100401,27.0105822745251],[-81.4621974776971,27.010271516409],[-81.4586345895929,27.0097733052514],[-81.4558929787332,27.0115950421514],[-81.4555960682955,27.0115535115064],[-81.4549106462306,27.0120089311356],[-81.4546137348404,27.0119673977574],[-81.4539283042923,27.012422810416],[-81.4536313919495,27.0123812743044],[-81.4532886733395,27.0126089777837],[-81.4526948482739,27.0125259011349],[-81.452009403143,27.0129813005066],[-81.4508217514924,27.0128151295061],[-81.4505706545715,27.0125043455398],[-81.4496799224149,27.0123797061582],[-81.4498173746752,27.0115719883533],[-81.4490641110784,27.0106396232349],[-81.44817340037451,27.0105149703756],[-81.4476712408491,27.009893384731],[-81.44737434023732,27.0098518305881],[-81.4480158440998,27.0060824496368],[-81.4470115862176,27.0048392573497],[-81.44710322999852,27.00430076961471],[-81.44660111439812,27.0036791676521]]},"properties":{"segment_id":"8cecc7a4e845bc048e57adf7","source_kmz":"caloosahatchee","orientation":"unverified"}},{"type":"Feature","geometry":{"type":"LineString","coordinates":[[-81.2905751817377,26.9811645091959],[-81.2893882812967,26.9809964935008],[-81.2887022251792,26.98145086563151],[-81.2884054995623,26.9814088577057],[-81.2880624681771,26.9816360409175],[-81.28746901658121,26.981552020641],[-81.2867829459283,26.9820063794693],[-81.2864862193346,26.9819643661746],[-81.2861431806817,26.98219154273511],[-81.2855497271327,26.982107511721],[-81.2848636419446,26.9825618572465],[-81.2845669143745,26.982519838583],[-81.2818224963911,26.9843371622068],[-81.2809323006649,26.98421107848611]]},"properties":{"segment_id":"60683e490d5d629577f25aec","source_kmz":"caloosahatchee","orientation":"unverified"}},{"type":"Feature","geometry":{"type":"LineString","coordinates":[[-81.3793916512236,27.00031365019001],[-81.3879627294955,26.9946265222525],[-81.388008730537,26.9943572964034]]},"properties":{"segment_id":"6dc98958aa8ea9de1c3c8608","source_kmz":"caloosahatchee","orientation":"unverified"}},{"type":"Feature","geometry":{"type":"LineString","coordinates":[[-81.3988415313749,27.0074581369105],[-81.3975870803451,27.0059035616768],[-81.3972902176681,27.0058618651636],[-81.3970393340851,27.0055509467264],[-81.3967424728877,27.0055092486189],[-81.3962407135368,27.0048874076057],[-81.3956469967732,27.0048040058596],[-81.3953961221976,27.0044930825353],[-81.3945055527837,27.0043679713262],[-81.3942546835952,27.0040570448764],[-81.3939578288908,27.0040153386998],[-81.39370696270461,27.003704410621],[-81.3934101094799,27.0036627028501],[-81.3931592462961,27.0033517731423],[-81.3916749904439,27.0031432178566],[-81.3914241350317,27.0028322835269],[-81.3918380761683,27.0004092865551],[-81.3915872281248,27.0000983501522],[-81.39167921311872,26.9995599035828],[-81.3914283681203,26.9992489660342],[-81.39152035320022,26.9987105182786],[-81.388008730537,26.9943572964034]]},"properties":{"segment_id":"f3b5795372bc1fb8fb582b19","source_kmz":"caloosahatchee","orientation":"unverified"}},{"type":"Feature","geometry":{"type":"LineString","coordinates":[[-81.30821743747802,26.9952410042573],[-81.3079669062158,26.9949298631256],[-81.3080131572557,26.994660672731],[-81.3075121013881,26.9940383875638],[-81.307604605063,26.993500005554],[-81.3073540810729,26.9931888613861],[-81.3064637566234,26.9930629978603],[-81.303958651984,26.9899514853697],[-81.3036618896767,26.989909521695],[-81.30341139035221,26.9895983648597],[-81.3019275891152,26.989388530063],[-81.3016770975646,26.9890773686108],[-81.2987095286941,26.988657628115],[-81.2982085748802,26.988035287623],[-81.2979118219689,26.9879933074273],[-81.29315314412891,26.98208088304211],[-81.2931994345304,26.9818116891566],[-81.2929027054806,26.9817696940137],[-81.292151400383,26.9808361216495],[-81.2915579503089,26.9807521243429],[-81.2912149298437,26.9809793183107],[-81.29091820462551,26.980937317445],[-81.2905751817377,26.9811645091959]]},"properties":{"segment_id":"ec6b28f88c67c5955f17e1a4","source_kmz":"caloosahatchee","orientation":"unverified"}},{"type":"Feature","geometry":{"type":"LineString","coordinates":[[-81.2147218540122,26.9750867123927],[-81.2122205835582,26.9719728453183],[-81.2123601955772,26.9711653468551],[-81.21211008030592,26.9708539549168],[-81.2123893001756,26.9692389509564],[-81.21138887185872,26.9679933712377]]},"properties":{"segment_id":"36e2256c23270fa8647401dd","source_kmz":"caloosahatchee","orientation":"unverified"}},{"type":"Feature","geometry":{"type":"LineString","coordinates":[[-81.2924754443385,26.9789517558948],[-81.2917894207615,26.979406150941],[-81.2914927006776,26.9793641515108],[-81.2913538165616,26.9801717359493],[-81.2906677773659,26.9806261220406],[-81.2905751817377,26.9811645091959]]},"properties":{"segment_id":"719ef42944bbba06640bc1dd","source_kmz":"caloosahatchee","orientation":"unverified"}},{"type":"Feature","geometry":{"type":"LineString","coordinates":[[-81.15498776173212,26.9654648840361],[-81.1546911565566,26.9654224954231],[-81.1544412662318,26.96511096063],[-81.1541446625423,26.9650685704256],[-81.1538947752174,26.96475703400811],[-81.1535981730137,26.9647146422124],[-81.1533482886887,26.9644031041706],[-81.1518652880166,26.9641911287833],[-81.1468681000716,26.9579601089026]]},"properties":{"segment_id":"0246949e62871ce18cbc6c10","source_kmz":"caloosahatchee","orientation":"unverified"}},{"type":"Feature","geometry":{"type":"LineString","coordinates":[[-81.2809323006649,26.98421107848611],[-81.2804315010281,26.9835886449691],[-81.2801347720845,26.9835466138765],[-81.2788828105951,26.9819905109551],[-81.2782893655082,26.9819064387609],[-81.27803898102,26.9815952140434],[-81.27813165539452,26.9810568386472],[-81.277881273943,26.9807456127853],[-81.2775845560277,26.9807035741222],[-81.277334177577,26.9803923466336],[-81.2770374611443,26.9803503063776],[-81.27653671205232,26.9797278472671],[-81.2753498587606,26.9795596718101],[-81.2748491264446,26.9789372032038],[-81.2745060691756,26.9791643436503],[-81.2733192276023,26.9789961449105],[-81.2730688695072,26.9786849056846],[-81.2727721610307,26.9786428531385],[-81.2724290994613,26.978869986977],[-81.2721323906599,26.9788279326413],[-81.2717893266687,26.9790550642625],[-81.2706024919003,26.978886834688],[-81.2701017977669,26.9782643421731],[-81.2692116818895,26.9781381566309],[-81.268868612949,26.97836527914111],[-81.2682752025831,26.9782811493305],[-81.2683215686177,26.9780119634787],[-81.2678208960329,26.9773894584803],[-81.2672274934055,26.97730532249591],[-81.2668844225521,26.9775324390566],[-81.2665877210585,26.9774903688521],[-81.26590157270111,26.9779445962653],[-81.2654009179799,26.9773220795783],[-81.264807518178,26.9772379298681],[-81.2643068754594,26.9766154066748],[-81.26401017837931,26.9765733290572],[-81.2637598609243,26.9762620653942],[-81.2628697750014,26.9761358252271],[-81.262526697323,26.9763629282862],[-81.2622300019805,26.9763208455953],[-81.2618869218807,26.9765479464369],[-81.2612935308367,26.9764637766306],[-81.2609504477016,26.9766908743106],[-81.2606537520001,26.9766487871951],[-81.2601531426932,26.9760262430844],[-81.2601995328723,26.9757570590665],[-81.25994923154371,26.9754457855595],[-81.2590591596275,26.975319512712],[-81.2583729888865,26.9757736936706],[-81.2580762975992,26.9757315991423],[-81.2573254222524,26.974797760693],[-81.2570287348348,26.9747556630781],[-81.2570751340845,26.974486479451],[-81.2567784478602,26.9744443810892],[-81.25609227207,26.974898548261],[-81.2557955849077,26.9748564471656],[-81.255452493688,26.97508352789711],[-81.2548591190049,26.9749993212816],[-81.2541729286888,26.9754534751479],[-81.2523928042283,26.9752008236801],[-81.2520497026768,26.9754278930385],[-81.2508629563775,26.9752594380401],[-81.2501767429432,26.9757135653836],[-81.2486933104533,26.9755029681709],[-81.2481927941597,26.9748803648315],[-81.2461160175568,26.97458548276561],[-81.2457729019247,26.9748125319688],[-81.244586176361,26.9746440055539],[-81.2442430564676,26.9748710497071],[-81.243946375188,26.9748289150455],[-81.24399281531892,26.9745597372735],[-81.2437425759771,26.9742484239606],[-81.2440212143545,26.9726333516828],[-81.2425198383358,26.9707654485734],[-81.2419265060027,26.9706811676381],[-81.241676285377,26.9703698458819],[-81.2413796208388,26.9703277033992],[-81.2411294032133,26.9700163800168],[-81.2408327401584,26.9699742359418],[-81.240582525533,26.9696629109333],[-81.2337593827674,26.9686933466884],[-81.2327300031875,26.9693743806924],[-81.22976344884671,26.9689526632016],[-81.22942031257531,26.9691796625477],[-81.226157129574,26.9687156652764],[-81.2258139847525,26.9689426529633],[-81.2216608849656,26.9683519498169],[-81.2211606053803,26.96772920439521],[-81.2212071128143,26.9674600311828],[-81.2194272500674,26.9672068135997],[-81.2173682837831,26.9685685942805],[-81.214698476174,26.96818865985851],[-81.2143553032894,26.9684156103487],[-81.21138887185872,26.9679933712377]]},"properties":{"segment_id":"aba1add58a777d36429feee6","source_kmz":"caloosahatchee","orientation":"unverified"}},{"type":"Feature","geometry":{"type":"LineString","coordinates":[[-81.3401912704677,26.9807309021015],[-81.3399406659911,26.9804198243476],[-81.3396439190001,26.9803779614413],[-81.339301026782,26.9806053130885],[-81.33811403923582,26.9804378492309],[-81.3367424424234,26.9813472279955],[-81.3361489454517,26.98126348344231],[-81.3358060404957,26.9814908230647],[-81.3352125434451,26.9814070732411],[-81.3345267256441,26.9818617448934],[-81.3342761383195,26.9815506546094],[-81.3339793901873,26.9815087757938],[-81.3336364785348,26.9817361081524],[-81.3318559921006,26.9814848118358],[-81.3308272352074,26.9821667842883],[-81.3307810621078,26.9824359945029],[-81.32838055771542,26.9840272167178],[-81.3280838039232,26.9839853215022],[-81.3277408668748,26.9842126329274],[-81.327147358924,26.9841288380713],[-81.3264614769389,26.9845834533286],[-81.3263691005971,26.985121865902],[-81.32568320660761,26.9855764747537],[-81.3250896912677,26.9854926685716],[-81.3240608330256,26.9861745666415],[-81.3237640739412,26.9861326594502],[-81.3234211169612,26.9863599553177],[-81.32337491848861,26.9866291589915],[-81.3230781581728,26.9865872499126],[-81.3223922351705,26.9870418352843],[-81.3220954739118,26.9869999234718],[-81.32200306771281,26.98753832841991],[-81.3216601004977,26.9877656175954],[-81.3206897406658,26.9934188069598],[-81.3203467465911,26.9936460879592],[-81.320254322345,26.9941844809862],[-81.3181963055965,26.995548136312],[-81.3181500858822,26.9958173305075],[-81.317464063443,26.9962718714439],[-81.3173716183759,26.9968102578288],[-81.316481241898,26.9966844807512],[-81.3157295514653,26.9957511179063],[-81.3154327634629,26.9957091882795],[-81.3150897464135,26.9959364505593],[-81.3148391883241,26.9956253264885],[-81.3130584698382,26.99537372081671],[-81.3125573734032,26.994751461065],[-81.3122605903858,26.994709522331],[-81.3120100460744,26.9943983903879],[-81.311713264539,26.9943564500607],[-81.3113702430666,26.9945837010546],[-81.3110734612044,26.9945417589376],[-81.3107304373078,26.9947690077147],[-81.310136873219,26.9946851190554],[-81.3098863366441,26.9943739820119],[-81.3095895562261,26.994332035666],[-81.3092465292521,26.994559279723],[-81.3089497485074,26.9945173315874],[-81.30826368790241,26.994971813995],[-81.30821743747802,26.9952410042573]]},"properties":{"segment_id":"9ecd81d021dc96ab919e3b67","source_kmz":"caloosahatchee","orientation":"unverified"}},{"type":"Feature","geometry":{"type":"LineString","coordinates":[[-81.5563884119859,27.0068602625292],[-81.556136951882,27.0065497263303],[-81.5558400106838,27.0065084791107],[-81.5555885535823,27.0061979412793],[-81.5546977352642,27.0060741922933],[-81.5544462835457,27.0057636513302]]},"properties":{"segment_id":"dafefde1fe0e915187e3be7e","source_kmz":"caloosahatchee","orientation":"unverified"}},{"type":"Feature","geometry":{"type":"LineString","coordinates":[[-81.556615816036,27.0055138111028],[-81.5559309762123,27.0059698991567],[-81.5544462835457,27.0057636513302]]},"properties":{"segment_id":"b3e2a6def176c03f3799008f","source_kmz":"caloosahatchee","orientation":"unverified"}},{"type":"Feature","geometry":{"type":"LineString","coordinates":[[-81.5108458494121,27.0030045524362],[-81.5141118482477,27.0034596323487],[-81.5143631478917,27.0037702721428],[-81.5146600597777,27.0038116372172],[-81.51491136242392,27.0041222753797],[-81.5152082757856,27.0041636388585],[-81.5154595814341,27.0044742753895],[-81.51575649627162,27.0045156372727],[-81.5162591153848,27.0051369061891],[-81.5168529506777,27.0052196244197],[-81.51719547188512,27.0049917082454],[-81.5172410747336,27.0047224339954],[-81.5179261093322,27.0042665971828],[-81.51817742507652,27.0045772271029],[-81.5184743415728,27.004618581273],[-81.5192283032477,27.0055504634915],[-81.5198221442395,27.0056331647967],[-81.5203247991772,27.0062544122001],[-81.5206217224819,27.0062957600846],[-81.520873053859,27.0066063817135],[-81.5211699786394,27.0066477280024],[-81.5214213130189,27.0069583479996],[-81.5273598922625,27.00778508106921],[-81.5328397326879,27.0041377475203],[-81.5328852862064,27.0038684657994],[-81.5332277596425,27.0036404963316],[-81.5337743653765,27.0004090938242],[-81.5330202914148,26.9994773023928],[-81.5327233856536,26.9994359888234],[-81.5324720324799,26.999125389165]]},"properties":{"segment_id":"0aff38c730e7214d4f1b0303","source_kmz":"caloosahatchee","orientation":"unverified"}},{"type":"Feature","geometry":{"type":"LineString","coordinates":[[-81.5544462835457,27.0057636513302],[-81.5541038578068,27.0059916887375],[-81.5538069195044,27.0059504356901],[-81.5534644913316,27.00617847088481],[-81.5448533862142,27.0049817370049],[-81.5410823805703,27.0003231608272],[-81.5324720324799,26.999125389165]]},"properties":{"segment_id":"1d596ef8098ff76d2d3e79c0","source_kmz":"caloosahatchee","orientation":"unverified"}},{"type":"Feature","geometry":{"type":"LineString","coordinates":[[-81.6045532589715,27.0041689620327],[-81.6031841009803,27.0050817630814],[-81.6031387664778,27.0053510743424],[-81.6033903924084,27.0056614987948],[-81.60334505824561,27.0059308096927],[-81.6030480966228,27.0058896961751],[-81.6027057990245,27.0061178922864],[-81.6018149139873,27.0059945438265],[-81.5973648559616,27.0089609410232],[-81.595880012744,27.0087552820411],[-81.595537684785,27.0089834528431],[-81.5940528455403,27.0087777679852],[-81.5937105126545,27.0090059328036],[-81.5928196106415,27.0088825089028],[-81.5917925955029,27.0095669872573],[-81.5912894062025,27.0089460888004],[-81.5895076129016,27.0086991921726],[-81.5892560281098,27.0083887371197],[-81.5885713382179,27.0088450346616],[-81.5884805736432,27.0093836384319],[-81.5882289905531,27.00907318152881],[-81.5879320253174,27.0090320255496],[-81.5872473233046,27.0094883135906],[-81.5872019366829,27.0097576145154],[-81.556615816036,27.0055138111028]]},"properties":{"segment_id":"34a59f8c09f6347245677e8d","source_kmz":"caloosahatchee","orientation":"unverified"}},{"type":"Feature","geometry":{"type":"LineString","coordinates":[[-81.5133313955328,26.9865371061114],[-81.5068243820238,26.9908672879331]]},"properties":{"segment_id":"e01fe8a9fda11de886e4fdd4","source_kmz":"caloosahatchee","orientation":"unverified"}},{"type":"Feature","geometry":{"type":"LineString","coordinates":[[-81.2670890146757,26.96046387399271],[-81.2663381746701,26.959530058737],[-81.2656521678957,26.95998430821591],[-81.2647622472063,26.9598580781604],[-81.2645119755539,26.9595468011793],[-81.2621388759946,26.9592101445228],[-81.261638357194,26.9585875759692],[-81.2616847333569,26.9583183776548],[-81.2599049405799,26.9580658412815],[-81.2591541992393,26.957131968009],[-81.25984021754891,26.9566777573318],[-81.2598865982973,26.956408558319],[-81.260183223994,26.9564506500829],[-81.2602759828158,26.9559122511667],[-81.2600257388053,26.9556009598932],[-81.2601184976963,26.9550625597863],[-81.2598682567196,26.9547512673673],[-81.2601001519489,26.95340526238831],[-81.2590992183779,26.9521600812566],[-81.2591455990098,26.9518908790353],[-81.2585523802815,26.9518066876674],[-81.2583021544033,26.9514953885581],[-81.2585340653185,26.9501493743015],[-81.2588770492412,26.94992226701912],[-81.2583766078808,26.9492996660596],[-81.2584229892298,26.9490304619186],[-81.2581727718724,26.948719159986],[-81.25821915354541,26.9484499554806],[-81.25792255632102,26.9484078571736],[-81.2575795759071,26.9486349623298],[-81.2570791513807,26.9480123528375],[-81.2563931874508,26.9484665568734],[-81.2560965910606,26.94842445339591],[-81.2547246390743,26.9493328424096],[-81.2487927230126,26.9484905198387]]},"properties":{"segment_id":"a1be2fc398025b378cc570c6","source_kmz":"caloosahatchee","orientation":"unverified"}},{"type":"Feature","geometry":{"type":"LineString","coordinates":[[-81.388008730537,26.9943572964034],[-81.38823873143421,26.9930111637022],[-81.3849782966721,26.9889687230423],[-81.3843847004474,26.9888852536341],[-81.38443070959981,26.9886160248733],[-81.3841799225928,26.9883050601045],[-81.384225932075,26.9880358309805],[-81.3797120864288,26.9824383121253],[-81.3794153132043,26.982396562134],[-81.3795993963123,26.9813196341631],[-81.3799421850729,26.9810921510965],[-81.3800802408104,26.9802844517119],[-81.3795787484592,26.9796624854291],[-81.3792819848541,26.9796207347238],[-81.3794200444202,26.9788130327596],[-81.37976282368831,26.9785855486247],[-81.3798548595784,26.9780470788386],[-81.380197634654,26.977819592775],[-81.3802896670109,26.9772811214095],[-81.3806324378942,26.9770536334172],[-81.3807244667181,26.9765151604723],[-81.3804737282763,26.9762041759106],[-81.3807498115532,26.9745887507417],[-81.3810925705192,26.9743612594652],[-81.38316980121091,26.9746534651976],[-81.3852262911104,26.9732884512028],[-81.385523035799,26.9733301858349],[-81.3862085167287,26.9728751691081],[-81.3862545116432,26.9726059270352],[-81.3865972482035,26.9723784164356],[-81.3866432416392,26.9721091738035],[-81.3863924946632,26.9717981994319],[-81.3867352276489,26.9715706878471],[-81.3867812202229,26.9713014445228],[-81.3873746977162,26.9713849046123],[-81.3877174264675,26.9711573895403],[-81.3880141650279,26.971199117373],[-81.3886996158706,26.9707440815267],[-81.38874560187,26.9704748366934],[-81.3893390755752,26.9705582858525],[-81.3900245143321,26.9701032404885],[-81.3903212503811,26.9701449619125],[-81.3906639664295,26.9699174363794],[-81.3912574381548,26.9700008748034],[-81.3929709850963,26.9688632186269],[-81.3932677183037,26.9689049318533],[-81.3946385208337,26.9679947802466],[-81.39523198317191,26.9680781966152],[-81.3953239112474,26.9675396968127],[-81.3956666037414,26.9673121531881],[-81.3958504516829,26.9662351494999],[-81.3961931376033,26.96600760329]]},"properties":{"segment_id":"7ef2c85a1e8a3cb7ea5ffca3","source_kmz":"caloosahatchee","orientation":"unverified"}},{"type":"Feature","geometry":{"type":"LineString","coordinates":[[-81.4111291658745,26.98354477481311],[-81.4088714140924,26.9807465943104],[-81.4090091982539,26.9799388560267],[-81.4065007755733,26.9768296788649],[-81.4065467092304,26.9765604309789],[-81.4062499432553,26.9765187563014],[-81.406341811518,26.9759802600326],[-81.4058401547799,26.9753584117294],[-81.4058860897161,26.9750891629828],[-81.4055893291243,26.9750474862557],[-81.40533850527761,26.9747365599007],[-81.4041514705446,26.9745698415408],[-81.4039006532724,26.9742589113114],[-81.4036038964978,26.9742172288585],[-81.403353082226,26.97390629699961],[-81.4030563269296,26.9738646129527],[-81.4028055156581,26.9735536794642],[-81.40250876184001,26.97351199382321],[-81.4020071471063,26.9728901227056],[-81.4014136450966,26.9728067458935],[-81.4011628428257,26.9724958075162],[-81.4008660934426,26.9724541170932],[-81.400615294172,26.9721431770863],[-81.399131557518,26.97193470854331],[-81.3983791884291,26.97100187201171],[-81.3974889606029,26.9708767740026],[-81.3972381780981,26.9705658244849],[-81.39728413734112,26.97029657576431],[-81.3962810278782,26.9690527683475],[-81.3964648718568,26.9679757690271],[-81.3962141014818,26.96766481443692],[-81.3962600623761,26.9673955638966],[-81.3960092944269,26.9670846082918],[-81.3961931376033,26.96600760329]]},"properties":{"segment_id":"33fb0cf4206aab4ade9a61d0","source_kmz":"caloosahatchee","orientation":"unverified"}},{"type":"Feature","geometry":{"type":"LineString","coordinates":[[-81.1400240948979,26.9291206887847],[-81.1375268539365,26.9260046222772]]},"properties":{"segment_id":"aee18142aeea8366c1262a2d","source_kmz":"caloosahatchee","orientation":"unverified"}},{"type":"Feature","geometry":{"type":"LineString","coordinates":[[-81.3961931376033,26.96600760329],[-81.39623909767991,26.9657383514626],[-81.3965817806005,26.9655108036525],[-81.3966277391989,26.96524155126581],[-81.39612621498482,26.9646196370432],[-81.39626409276121,26.9638118776986],[-81.3960133352184,26.9635009188654],[-81.3961971707046,26.9624239026408],[-81.395946417439,26.962112942393],[-81.3959923762102,26.9618436876264],[-81.3956956659816,26.9618019812638],[-81.3944419358193,26.9602471623959],[-81.3935518247224,26.9601220270118],[-81.3933010876881,26.9598110583495],[-81.3930043857543,26.95976934411531],[-81.3927536517192,26.9594583738235],[-81.39186355121332,26.9593332238024],[-81.3916128225598,26.9590222503848]]},"properties":{"segment_id":"1733b68c83f93d2b1798bc51","source_kmz":"caloosahatchee","orientation":"unverified"}},{"type":"Feature","geometry":{"type":"LineString","coordinates":[[-81.1310556264564,26.9510082561494],[-81.1319443890092,26.9458944394638],[-81.130196165789,26.9437131737464],[-81.1340310196025,26.9216419815421]]},"properties":{"segment_id":"5e5816278cb30b11448e6273","source_kmz":"caloosahatchee","orientation":"unverified"}},{"type":"Feature","geometry":{"type":"LineString","coordinates":[[-81.2298906644563,26.9347718023015],[-81.2292046626883,26.9352258456912],[-81.2286115878028,26.9351414806077],[-81.2275825679364,26.93582253047491],[-81.2266929522699,26.935695968017],[-81.2263499401998,26.9359229792601],[-81.2245707130225,26.93566982586171],[-81.214622471153,26.942252433485],[-81.2145759567618,26.9425216235041],[-81.21012765458921,26.94188819484531],[-81.2036088205921,26.9462000814778],[-81.2033760632377,26.9475459893207],[-81.2036260793884,26.94785742321571],[-81.2035329756371,26.94839578446671],[-81.2037829948175,26.9487072172171],[-81.203643338848,26.9495147569593],[-81.2038933616703,26.9498261884322],[-81.203055381955,26.9546713807514],[-81.201339615221,26.9558059742772]]},"properties":{"segment_id":"304b465289533ee7459a4e54","source_kmz":"caloosahatchee","orientation":"unverified"}},{"type":"Feature","geometry":{"type":"LineString","coordinates":[[-81.1705092886337,26.9232732133822],[-81.1698230659436,26.9237268827452],[-81.1697764217757,26.9239960673543],[-81.1694333065317,26.9242228997929],[-81.164986279683,26.9235875193161],[-81.1647364733475,26.9232759711622],[-81.1640502202854,26.9237296026721],[-81.16400355810691,26.9239987847059],[-81.1636604276769,26.9242255982177],[-81.1621780922426,26.924013744093],[-81.16183495695482,26.9242405516104],[-81.1594632305152,26.923901533521],[-81.1592134432126,26.9235899724708],[-81.157434667773,26.9233356689392],[-81.1560620767139,26.9242428309481],[-81.1559687016705,26.9247811868539],[-81.1527075938905,26.9243148409978],[-81.152457829785,26.9240032642013],[-81.15177150639252,26.9244568142392],[-81.1514750437691,26.9244144114578],[-81.1514283419906,26.9246835873457],[-81.1487601833756,26.9243019233987],[-81.1482606855513,26.9236787500645],[-81.1340310196025,26.9216419815421]]},"properties":{"segment_id":"55b0374d71d3fd1644585c2a","source_kmz":"caloosahatchee","orientation":"unverified"}},{"type":"Feature","geometry":{"type":"LineString","coordinates":[[-81.5663663583221,26.9765500756594],[-81.56933480161982,26.9769622473123],[-81.5696770717728,26.9767341409335],[-81.5726455372308,26.9771462185421],[-81.5726001220238,26.9774155383972],[-81.5722578568993,26.9776436538759],[-81.5720307706618,26.9789902480635],[-81.5725336464098,26.9796112929236],[-81.5723973949934,26.9804192458707],[-81.5717128380121,26.9808754702559],[-81.5716674179271,26.9811447867911],[-81.573176096755,26.9830079043519],[-81.5731306801176,26.9832772198548],[-81.5733821335504,26.9835877362227],[-81.5732004666508,26.9846649953978],[-81.5734519243828,26.98497551034781],[-81.5733156730945,26.9857834519117],[-81.5735671345037,26.9860939655774],[-81.5735217174621,26.9863632788381],[-81.57503052769081,26.9882263414808],[-81.5749851140974,26.9884956537098],[-81.5769969674942,26.99097968669861],[-81.5772938653159,26.9910208758201],[-81.5770214130926,26.9926367385325],[-81.5775244044035,26.9932577348449],[-81.57811821652712,26.9933401087081],[-81.5786212198439,26.9939610984882],[-81.578439596556,26.99503833433271],[-81.5780972769121,26.99526645722751],[-81.5786002913192,26.9958874436395],[-81.5785548848427,26.9961567514323],[-81.5788063953864,26.99646724318],[-81.5787609892484,26.9967365506095],[-81.5784640710385,26.9966953663281],[-81.5781217448785,26.9969234882069],[-81.5772309900845,26.9967999274564],[-81.5765463285954,26.9972561617488],[-81.5762494096538,26.9972149712536],[-81.574195377966,26.9985836380095],[-81.5738984555751,26.9985424410106],[-81.5697901890373,27.001279626115],[-81.5691963301762,27.0011972069484],[-81.56885396160891,27.0014252955701],[-81.5641031216593,27.0007658052768],[-81.5617064212879,27.0023622844725],[-81.5614094918516,27.00232105253451],[-81.556615816036,27.0055138111028]]},"properties":{"segment_id":"756ae8f1b1374951f2ac4e6d","source_kmz":"caloosahatchee","orientation":"unverified"}},{"type":"Feature","geometry":{"type":"LineString","coordinates":[[-81.5129152129035,26.9638756504586],[-81.512024893131,26.9637515234824],[-81.5116825220674,26.9639794500294],[-81.5110889757362,26.9638966925965],[-81.5108378040881,26.963586009004],[-81.5102442612755,26.963503246689],[-81.5099018864914,26.96373116757921],[-81.5096051148922,26.9636897842099],[-81.5089203586546,26.9641456202938],[-81.5074364987313,26.9639386813301],[-81.5071853401197,26.9636279890158],[-81.506591800524,26.9635452060103],[-81.5063406461016,26.963234511315],[-81.5054503424139,26.963110328215],[-81.5054959597918,26.9628410263512],[-81.5049024272342,26.9627582335819],[-81.5042176535368,26.9632140401506],[-81.5039208864455,26.96317264061131],[-81.50357849626252,26.9634005410473],[-81.502984961695,26.9633177375453],[-81.5002457651638,26.96514088021472],[-81.4990586796135,26.9649752328881],[-81.49837385742532,26.9654309983087],[-81.4983282164361,26.9657002950425],[-81.49798580143751,26.9659281755196],[-81.4979401589733,26.9661974716952],[-81.4975977409751,26.9664253505744],[-81.4978488731896,26.9667360633548],[-81.4978032298702,26.9670053588386],[-81.49711838492432,26.9674611133613],[-81.4970270926703,26.9679997023272],[-81.4966846651027,26.9682275770278],[-81.4965477210135,26.9690354577648],[-81.4962052880661,26.9692633302124],[-81.4956574717669,26.972494828481],[-81.495908614667,26.9728055404357],[-81.495680348856,26.9741519875831],[-81.4959314966653,26.97446269798761],[-81.4957032268245,26.9758091387056],[-81.4950183008526,26.9762648678428],[-81.4952694524305,26.9765755779285],[-81.4950868243822,26.9776527232016],[-81.4941963880306,26.9775284496344],[-81.4938539151384,26.9777563087742],[-81.4935571029717,26.9777148816168],[-81.4925296715746,26.9783984485843],[-81.4922328578337,26.9783570177517],[-81.4921415235249,26.9788955854163],[-81.4917990397717,26.9791234369333],[-81.4917077019411,26.9796620030214],[-81.4906802326778,26.980345547985],[-81.4829630169788,26.9792679412134]]},"properties":{"segment_id":"19a86b5262166d1fcf6c37b4","source_kmz":"caloosahatchee","orientation":"unverified"}},{"type":"Feature","geometry":{"type":"LineString","coordinates":[[-81.2872458558794,26.9316063851801],[-81.28649504885252,26.9306726360625]]},"properties":{"segment_id":"9be870add59726bd133e02b8","source_kmz":"caloosahatchee","orientation":"unverified"}},{"type":"Feature","geometry":{"type":"LineString","coordinates":[[-81.3146896873753,26.9575521226122],[-81.314439242249,26.9572409629098],[-81.3151785776063,26.9529333718032],[-81.3146777124561,26.9523110454981],[-81.3152321802721,26.9490803101322],[-81.313980085915,26.9475244709683],[-81.3140262927661,26.947255240852],[-81.3137758799298,26.946944070244],[-81.31347926081932,26.9469021291383],[-81.3135716766927,26.9463636681414],[-81.3133212680847,26.9460524956389],[-81.3136909249598,26.9438986413322],[-81.3140337387537,26.9436713492775],[-81.3140799433734,26.9434021161188],[-81.314422754169,26.9431748224618],[-81.3141723517477,26.9428636491072],[-81.3144033676361,26.94151747752951],[-81.3141529700955,26.9412063026275],[-81.3142915780123,26.9403985965042],[-81.3137907920392,26.9397762432577],[-81.313836995331,26.9395070071537],[-81.3130858317637,26.9385734702782],[-81.313270649424,26.937496521947],[-81.31302026764,26.9371853406933],[-81.3131588797013,26.9363776266143],[-81.3121573780042,26.93513289119],[-81.3118608002899,26.9350909440569],[-81.3116104305725,26.9347797572514],[-81.311313854338,26.9347378085257],[-81.3114062706964,26.9341993303731],[-81.3109055415217,26.9335769520911],[-81.3109517504976,26.93330771240061],[-81.3097654688122,26.9331399042418]]},"properties":{"segment_id":"91fe6e14bf2b467bd3082cf3","source_kmz":"caloosahatchee","orientation":"unverified"}},{"type":"Feature","geometry":{"type":"LineString","coordinates":[[-81.3406509418929,26.9532221800856],[-81.3406970685432,26.952952942672],[-81.3401960191744,26.9523307384888],[-81.3404266542631,26.9509845466207],[-81.3396751029983,26.9500512317402],[-81.3390818185299,26.9499674961889],[-81.3392202070893,26.9491597776817],[-81.33771717873,26.9472931127647],[-81.3374205467875,26.9472512395289],[-81.3349156559948,26.9441400533826],[-81.3349617956898,26.943870811382],[-81.3347113171638,26.9435596877888],[-81.3347574571861,26.9432904454234],[-81.33450698108221,26.9429793208158],[-81.3345531214319,26.9427100780857],[-81.3343026477501,26.94239895246371],[-81.3343949288161,26.9418604660428],[-81.3341444581718,26.9415493392729],[-81.332958018071,26.9413817979688],[-81.3332348797286,26.9397663347026],[-81.3329844193483,26.9394552032609],[-81.3331228481345,26.9386474681038],[-81.3341510678788,26.9379653868288],[-81.3336501527733,26.9373431241854],[-81.3336962927827,26.9370738774153],[-81.31975664614811,26.93510432749081],[-81.3187550640434,26.9338596505741]]},"properties":{"segment_id":"7aa4c6a9e28feb2c619d5f6b","source_kmz":"caloosahatchee","orientation":"unverified"}},{"type":"Feature","geometry":{"type":"LineString","coordinates":[[-81.4318633358393,26.9492343590246],[-81.4336192908945,26.9514105415706],[-81.4335734551501,26.9516798209974],[-81.4340751741051,26.9523015792327],[-81.4338001610445,26.95391724933941],[-81.4317449021045,26.95528329375381]]},"properties":{"segment_id":"7c6397d60e272ee7155e1ccb","source_kmz":"caloosahatchee","orientation":"unverified"}},{"type":"Feature","geometry":{"type":"LineString","coordinates":[[-81.46274482592192,26.9480463820944],[-81.4620599463061,26.9485019324473],[-81.4619684552044,26.9490405205025],[-81.4616260103038,26.9492682931164],[-81.4615802631346,26.9495375864695],[-81.4608953655278,26.9499931272284],[-81.4603019642591,26.9499100785908],[-81.4600274501134,26.95152582875791],[-81.4596849902199,26.9517535933768],[-81.4595477257201,26.9525614643587],[-81.45920526044782,26.9527892267226],[-81.45911374697262,26.9533278055667],[-81.4587712775114,26.9535555660035],[-81.4587255191551,26.9538248547512],[-81.4573556184626,26.954735882477],[-81.45730985506,26.9550051696817],[-81.4555974325465,26.956143924102],[-81.4555058929823,26.95668249453851],[-81.45491245087952,26.9565994169733],[-81.4521724518593,26.9584213376179]]},"properties":{"segment_id":"197a15dca6cda3e0960778ec","source_kmz":"caloosahatchee","orientation":"unverified"}},{"type":"Feature","geometry":{"type":"LineString","coordinates":[[-81.5079345484651,26.939473256141],[-81.5075922629512,26.93970118541071],[-81.5075466643545,26.9399705063139],[-81.50686208552222,26.9404263603866],[-81.506725280889,26.9412343197434],[-81.5063829851924,26.9414622438909],[-81.5063373818894,26.9417315628868],[-81.5059950831949,26.9419594854361],[-81.5058582680099,26.9427674400544],[-81.5055159639391,26.9429953603501],[-81.5053335349489,26.9440726286299],[-81.5055846299513,26.9443833430549],[-81.5052653725919,26.9462685527143],[-81.5014081739976,26.945730304808],[-81.5010658464114,26.9459582085885],[-81.5009746015648,26.9464968346685],[-81.4992629246063,26.9476363312371],[-81.4992172958088,26.947905642292],[-81.4985326099839,26.9483614313708],[-81.49848697852262,26.9486307415393],[-81.498190264358,26.94858932400462],[-81.4974370279565,26.94765713628991],[-81.4962501884207,26.9474914487053],[-81.4955654902056,26.9479472189303],[-81.4917082771012,26.9474086163069],[-81.4914572232794,26.947097871341],[-81.49056710758802,26.9469735558817],[-81.4902247464267,26.94720142339011],[-81.4907268476018,26.9478229181622],[-81.4906811920544,26.9480922253497],[-81.4903388267544,26.9483200924896],[-81.4902018548332,26.9491280116834],[-81.4898594841556,26.9493558765692],[-81.4898138250888,26.9496251821775],[-81.4887866986339,26.9503087682281],[-81.48848998335632,26.9502673234068],[-81.4883986554206,26.95080593177],[-81.4873715036894,26.9514895015903],[-81.48707478503,26.9514480529009],[-81.4863900069257,26.951903757876],[-81.486093287313,26.95186230645521],[-81.4860476151601,26.9521316084576],[-81.485750894928,26.95209015609411],[-81.485248804767,26.95146864517571],[-81.4846553699172,26.9513857349158],[-81.4843129756257,26.9516135801684],[-81.4840389058686,26.953229385229],[-81.4812996293046,26.9550520857719],[-81.4804094461694,26.9549276868364],[-81.4780124711978,26.9565224633019],[-81.4779667713454,26.9567917581291],[-81.4776700389656,26.9567502834285],[-81.4769851690739,26.95720591986961],[-81.4769394656517,26.9574752137132],[-81.4762545861437,26.9579308444158],[-81.4761174670245,26.9587387225951],[-81.47543257314,26.95919434624791],[-81.4745183324208,26.9645801345936],[-81.4741758589624,26.9648079379582],[-81.4744269020681,26.9651187083527],[-81.4743354705733,26.965657281189],[-81.4746322319977,26.9656987642647],[-81.4742897543977,26.9659265672613],[-81.4591552543321,26.9638098038025]]},"properties":{"segment_id":"5fe538a7fb592baf5ede7e59","source_kmz":"caloosahatchee","orientation":"unverified"}},{"type":"Feature","geometry":{"type":"LineString","coordinates":[[-81.3369581747043,26.9127150862017],[-81.3367077794102,26.9124039391419],[-81.3358182456931,26.9122782955503],[-81.3355678557761,26.9119671453666],[-81.3337888032559,26.911715830877],[-81.3327608934046,26.9123979607738],[-81.3327147636699,26.9126672264943],[-81.3313441871623,26.91357671388752],[-81.3312980523773,26.9138459780577],[-81.3306127509091,26.914300713459],[-81.3305666134548,26.9145699767382],[-81.3298813023832,26.9150247063894],[-81.3298351622596,26.9152939687776],[-81.3284645136868,26.9162034114893],[-81.3283722230499,26.91674193293341],[-81.3280757006644,26.9167000294938],[-81.327047686287,26.91738209335711],[-81.3268169322793,26.9187283874785],[-81.3270673102607,26.9190395524637],[-81.32702115921,26.9193088104589],[-81.3277723058329,26.9202422997253],[-81.3277261563387,26.9205115570873],[-81.328477321058,26.9214450380209],[-81.3284311731205,26.92171429474971],[-81.3289319598588,26.9223366106981],[-81.3288396655795,26.9228751229255],[-81.3303420765149,26.9247420480156],[-81.3302497884632,26.9252805577111],[-81.3305463413914,26.92532245394282],[-81.331047164326,26.9259447532264],[-81.3313437199242,26.9259866471179],[-81.3315941352915,26.9262977946904],[-81.33248380738671,26.9264234690503],[-81.332734228133,26.9267346134992],[-81.3336239063927,26.92686027800851],[-81.3343751901873,26.9277936993402],[-81.3340983883001,26.9294092219491],[-81.3343488235348,26.9297203598284],[-81.3342565551659,26.93025886524491],[-81.334849699423,26.9303426329433],[-81.3353505825361,26.9309649025335],[-81.3356471574786,26.9310067836196],[-81.3349617426278,26.9314615247536]]},"properties":{"segment_id":"61c7333256affd61ab145b07","source_kmz":"caloosahatchee","orientation":"unverified"}},{"type":"Feature","geometry":{"type":"LineString","coordinates":[[-81.2846187390316,26.9044814799778],[-81.2818668287425,26.9010573545602],[-81.2800881577398,26.9008051191445],[-81.2798380020495,26.9004938252478],[-81.2777629073559,26.9001995069174],[-81.2737607950712,26.8952186011016],[-81.26931449706872,26.8945876002782],[-81.2673137570241,26.892096973173],[-81.2628676669435,26.8914656926085],[-81.2614966915179,26.89237432121021],[-81.2614503501984,26.892643571178],[-81.2593755069445,26.8923488814239],[-81.2580044807368,26.8932574619171],[-81.2576336511543,26.8954114372225],[-81.2569481081707,26.8958657145393],[-81.256855393119,26.8964042047212],[-81.25514149218071,26.8975398724191],[-81.2548450713987,26.8974977591456],[-81.2547987065813,26.8977670021376],[-81.2541131299708,26.8982212577534],[-81.2540667624818,26.8984904998523],[-81.2530383804628,26.8991718727318],[-81.2529920091108,26.8994411136071],[-81.2512779970436,26.9005767079462],[-81.2494994254301,26.9003239521963],[-81.2484709855145,26.9010052765357],[-81.247635982728,26.9058515143883],[-81.246607462238,26.9065328094192],[-81.2465146712131,26.9070712736666],[-81.2461718250583,26.9072983688018],[-81.2457542403936,26.909721443454],[-81.2443827948335,26.910629799362],[-81.2438259216025,26.9138605204699],[-81.2440759861245,26.9141718882989],[-81.2440295787525,26.9144411134163],[-81.24334381300281,26.9148952763639],[-81.2432045819988,26.9157029483423],[-81.2429081046578,26.9156608034838],[-81.2422223233137,26.91611495746711],[-81.241925845037,26.9160728098766],[-81.2416937666304,26.9174189209142],[-81.24100796492401,26.9178730646118],[-81.2406830263035,26.9197576056993],[-81.2403401143997,26.919984673325],[-81.2379681972891,26.9196474300853],[-81.2372823582651,26.9201015464187],[-81.236689379434,26.9200172233836],[-81.2356606036879,26.9206983826681],[-81.2347711321011,26.9205718832852],[-81.2337423346003,26.9212530226125],[-81.2331493513161,26.9211686798036],[-81.2324634748423,26.92162276254451],[-81.2322134306316,26.9213113737346],[-81.2307309773288,26.9211004887543],[-81.2303880339023,26.9213275228827],[-81.2292020740276,26.9211587959124],[-81.2288591263467,26.9213858249925],[-81.2247082947397,26.9207951609048],[-81.2233364516793,26.9217032116428],[-81.2230399634328,26.9216610112382],[-81.2226969975441,26.9218880197939],[-81.2226505193219,26.9221572293674],[-81.22230755043641,26.9223842363186],[-81.2222610707318,26.9226534453298],[-81.2219180988495,26.92288045067651],[-81.2217321723619,26.9239572830807],[-81.2069824691098,26.9337172508255],[-81.2066567276162,26.9356015991522],[-81.1997950964886,26.9401402700179],[-81.1994985564025,26.9400980051965],[-81.1993588742628,26.94090555945491],[-81.1894081050946,26.9474856706699],[-81.1879168920697,26.9560991465015],[-81.186887300927,26.9567797547758],[-81.1861415254145,26.9610863879687],[-81.18476863554392,26.9619938266871],[-81.1846753988168,26.9625321490299],[-81.1656929670378,26.959822931852],[-81.164663156081,26.9605033142291],[-81.1637733783587,26.9603762262282]]},"properties":{"segment_id":"a25d16560ebb94007a43bc9b","source_kmz":"caloosahatchee","orientation":"unverified"}},{"type":"Feature","geometry":{"type":"LineString","coordinates":[[-81.0927494345753,26.9179286751151],[-81.0930927262548,26.9177020899766],[-81.0963532613532,26.9181703021939],[-81.096696544531,26.917943705394],[-81.0978821999932,26.9181139352618],[-81.098225478932,26.9178873334096],[-81.0991147217711,26.9180149941077],[-81.0994579970798,26.9177883881475],[-81.1039042415996,26.9184265634276],[-81.1104259563001,26.9141205387483],[-81.1105196039117,26.9135822068021],[-81.1142950097495,26.9110890273882],[-81.1163075864345,26.8995145089457]]},"properties":{"segment_id":"d33430b34057b273365a7bfd","source_kmz":"caloosahatchee","orientation":"unverified"}},{"type":"Feature","geometry":{"type":"LineString","coordinates":[[-81.0972005985664,26.8975999209914],[-81.10028932600342,26.8955603564427],[-81.10117834188742,26.8956880079221],[-81.1015215229887,26.8954613804287]]},"properties":{"segment_id":"1a2ec1ab82066676e21359c4","source_kmz":"caloosahatchee","orientation":"unverified"}},{"type":"Feature","geometry":{"type":"LineString","coordinates":[[-81.1524635191477,26.8994520466679],[-81.1469742920828,26.9030805643281],[-81.146927587811,26.9033497549565],[-81.13951798163401,26.902289023703],[-81.1288807811605,26.9093176060141],[-81.1285843817978,26.9092751365225],[-81.1278980500874,26.9097285494742],[-81.1240448690688,26.9091763446655]]},"properties":{"segment_id":"2ec7151af2039a9617fda28b","source_kmz":"caloosahatchee","orientation":"unverified"}},{"type":"Feature","geometry":{"type":"LineString","coordinates":[[-81.0733733754633,26.8861733839581],[-81.0781116968825,26.8920974304731],[-81.0843343839947,26.8929921593846],[-81.0850208113907,26.8925390100631],[-81.0855196723539,26.8931625417096],[-81.1015215229887,26.8954613804287]]},"properties":{"segment_id":"cd27bbde52bc5c460a241fc7","source_kmz":"caloosahatchee","orientation":"unverified"}},{"type":"Feature","geometry":{"type":"LineString","coordinates":[[-81.2051076307766,26.9006254993594],[-81.2046078632203,26.9000025520202],[-81.2001618255628,26.8993686213125],[-81.1967323696833,26.901638047355],[-81.1943611273992,26.9012997977672],[-81.1912744189086,26.9033421043051],[-81.19122785266322,26.9036113144724],[-81.1906350321908,26.9035267264453],[-81.1861761639868,26.9064765136862],[-81.1858797462413,26.9064342061385],[-81.185833161501,26.9067034114751],[-81.1813869166683,26.90606869539061],[-81.1786390527269,26.9026418728735],[-81.1783426518458,26.9025995435014],[-81.1776566347017,26.9030532915817],[-81.1776100261386,26.9033224959127],[-81.167828890128,26.9019250871338],[-81.16682988534471,26.9006788376374],[-81.1570492235464,26.8992804103699],[-81.1560200668189,26.8999608277425],[-81.1524635191477,26.8994520466679]]},"properties":{"segment_id":"7c446af0090080cecb207bb1","source_kmz":"caloosahatchee","orientation":"unverified"}},{"type":"Feature","geometry":{"type":"LineString","coordinates":[[-81.160243743235,26.8931162823511],[-81.1547552461194,26.89674527531981],[-81.1545218603152,26.8980912683932],[-81.1524635191477,26.8994520466679]]},"properties":{"segment_id":"4609ddec0bee6fc83169bada","source_kmz":"caloosahatchee","orientation":"unverified"}},{"type":"Feature","geometry":{"type":"LineString","coordinates":[[-81.1015215229887,26.8954613804287],[-81.1018178615921,26.8955039282887],[-81.1079948023262,26.8914243982807],[-81.108041621548,26.8911552156792],[-81.10838476661131,26.890928562673],[-81.1084315843482,26.8906593795071],[-81.1108335409901,26.8890727704238],[-81.1111298622518,26.8891152927013],[-81.1112702859587,26.88830773454241],[-81.1147014575656,26.8860410223225],[-81.1149977703264,26.8860835340206],[-81.115699657044,26.88204566055141],[-81.116042745797,26.8818189763928],[-81.1163702621174,26.8799346151955],[-81.1184287067192,26.8785744695197],[-81.1188964908343,26.87588248525091]]},"properties":{"segment_id":"5ae2b494f3a084120c9711bd","source_kmz":"caloosahatchee","orientation":"unverified"}},{"type":"Feature","geometry":{"type":"LineString","coordinates":[[-81.1567736562556,26.8763427214216],[-81.1549958613817,26.8760883413479],[-81.1546528976921,26.8763151570518],[-81.1528751096343,26.8760607409108],[-81.1525321404836,26.8762875496789],[-81.1522358428827,26.8762451430891],[-81.1505209670535,26.8773791630866],[-81.14991411330172,26.8808789064553],[-81.1469510056917,26.8804547340775],[-81.14660800352601,26.8806815205058],[-81.143941226084,26.8802996846572],[-81.1434420176191,26.879676408275],[-81.14348871995291,26.8794072005856],[-81.1428961125172,26.8793223360987],[-81.1425531041998,26.8795491099809],[-81.1416641934016,26.8794218040853],[-81.1409781677037,26.879875342363],[-81.140931457289,26.8801445485628],[-81.1400425427519,26.8800172291075],[-81.1393565038048,26.8804707559597],[-81.1393097880119,26.8807399609667],[-81.13896676464341,26.88096672214832],[-81.1386704576507,26.8809242777111],[-81.1362692393543,26.8825115636707],[-81.13622251283101,26.8827807656927],[-81.1355364318595,26.8832342638262],[-81.1354897026602,26.8835034649522],[-81.1344605641121,26.884183701593],[-81.1326826735775,26.8839289481061],[-81.1316535078419,26.8846091562842],[-81.1311543631691,26.8839858291157],[-81.1278949305642,26.8835186545395],[-81.1275518661781,26.8837453764444],[-81.1234035399003,26.8831506296004],[-81.1211577516043,26.8803454405498]]},"properties":{"segment_id":"35197279a3544ded1395e543","source_kmz":"caloosahatchee","orientation":"unverified"}},{"type":"Feature","geometry":{"type":"LineString","coordinates":[[-81.5606158900792,26.951219403196],[-81.5630111894552,26.9496227118789],[-81.563901436633,26.9497464104655],[-81.5669809601808,26.9476934047724],[-81.5678711931385,26.9478170703003],[-81.5681225242574,26.9481276312897],[-81.5688068403228,26.9476713869524],[-81.5694003302711,26.9477538211392],[-81.57030846800711,26.9423669435727],[-81.5723612227072,26.9409981295204],[-81.5726789942124,26.9391126868152],[-81.574389531779,26.9379719620736],[-81.5744349206336,26.9377026105559],[-81.5747770215304,26.9374744614719],[-81.5783375915437,26.9379688274642],[-81.5844949640561,26.9338617233571],[-81.5847916688798,26.9339028980651],[-81.5855173026965,26.9295931228653],[-81.5875695121634,26.9282239597003]]},"properties":{"segment_id":"1cb45dda281386c3e84b8a41","source_kmz":"caloosahatchee","orientation":"unverified"}},{"type":"Feature","geometry":{"type":"LineString","coordinates":[[-81.5875941430684,26.9298813113577],[-81.58782085710821,26.9285344911121],[-81.5875695121634,26.9282239597003]]},"properties":{"segment_id":"763527e6614be7805d52eb9d","source_kmz":"caloosahatchee","orientation":"unverified"}},{"type":"Feature","geometry":{"type":"LineString","coordinates":[[-81.318735189608,26.8985561901218],[-81.31882752092591,26.8980176486021],[-81.3178263825618,26.8967728281778],[-81.317872550246,26.8965035565328],[-81.3176222707809,26.8961923490886],[-81.3177146065136,26.8956538048337],[-81.3174643300817,26.8953425962394],[-81.3176028333634,26.8945347777132],[-81.3173525605787,26.8942235678344],[-81.3174448958882,26.8936850207209],[-81.3171946261366,26.893373809692],[-81.3173331287834,26.8925659868775],[-81.31708286267892,26.8922547745639],[-81.3176368547157,26.8890234607967],[-81.3158850940962,26.8868449386269],[-81.3163467654366,26.8841521421963],[-81.3160965272773,26.883840919872],[-81.3161426934415,26.8835716388167],[-81.3156422237631,26.8829491912538]]},"properties":{"segment_id":"0a401269ba9b44c2c9cdced3","source_kmz":"caloosahatchee","orientation":"unverified"}},{"type":"Feature","geometry":{"type":"LineString","coordinates":[[-81.3172165536804,26.8826203324815],[-81.3166237544178,26.8825364531872],[-81.3159386241905,26.88299113405411],[-81.3156422237631,26.8829491912538]]},"properties":{"segment_id":"9ad5ea23e144c9ab50cd9341","source_kmz":"caloosahatchee","orientation":"unverified"}},{"type":"Feature","geometry":{"type":"LineString","coordinates":[[-81.60514943015062,26.9356233292439],[-81.6058334511572,26.9351668263259],[-81.606422188765,26.9316650329452],[-81.608816097213,26.9300672029962],[-81.6093141310415,26.9271040913899],[-81.6096560976627,26.9268758212946],[-81.6097013705816,26.9266064457992],[-81.6138048146556,26.9238671017451],[-81.6138500730442,26.9235977220935],[-81.6141467565677,26.9236388148253],[-81.614192013769,26.9233694348466]]},"properties":{"segment_id":"60e3a727e05dc7bb357d1bc7","source_kmz":"caloosahatchee","orientation":"unverified"}},{"type":"Feature","geometry":{"type":"LineString","coordinates":[[-81.6153838203232,26.9271179020878],[-81.6143780711536,26.9258760307988],[-81.61446858617632,26.9253372739231],[-81.615152476331,26.9248806964336],[-81.6151977310439,26.9246113169951],[-81.6154944186943,26.9246524057854],[-81.6152429854742,26.9243419373255],[-81.6149462990111,26.9243008477853],[-81.614192013769,26.9233694348466]]},"properties":{"segment_id":"d7a02b42153809218c2dfed9","source_kmz":"caloosahatchee","orientation":"unverified"}},{"type":"Feature","geometry":{"type":"LineString","coordinates":[[-81.38422646788561,26.8973189080496],[-81.382723369025,26.8954526074279],[-81.383780480658,26.8892586198007]]},"properties":{"segment_id":"8bf0c532d20ea98a7011f3a6","source_kmz":"caloosahatchee","orientation":"unverified"}},{"type":"Feature","geometry":{"type":"LineString","coordinates":[[-81.4208798121831,26.9281171400378],[-81.4203783289607,26.9274952748026],[-81.4200817250771,26.9274536333714],[-81.4125603798017,26.9181252088648],[-81.4126521465089,26.9175866155625],[-81.41190010512092,26.9166537286285],[-81.4119918743842,26.9161151335942],[-81.4117411987686,26.9158041692495],[-81.4118329681202,26.9152655730202],[-81.4098276381005,26.9127778243454],[-81.4099653047848,26.9119699250403],[-81.4089626905311,26.9107260279116],[-81.4090085813203,26.9104567271424],[-81.4087579328895,26.9101457505197],[-81.4088956053889,26.90933784641871],[-81.40864496061461,26.9090268685102],[-81.4087367420824,26.9084882643488],[-81.4094215855353,26.9080330097928],[-81.4100146498114,26.9081163569436],[-81.4101981925697,26.9070391424295],[-81.4066893578371,26.9026853858775],[-81.4037242505538,26.9022685154731],[-81.402220643962,26.9004025219723],[-81.4024042675859,26.8993252968797],[-81.4016524960659,26.89839228659971],[-81.4013560012287,26.8983505885672],[-81.4011054155228,26.8980395826274],[-81.4008089221614,26.8979978830016],[-81.4009925582875,26.8969206528235],[-81.4004913996023,26.8962986357232],[-81.4006291273873,26.8954907098465],[-81.4000361589204,26.8954073064295],[-81.3996937634331,26.8956349120188],[-81.3991007948796,26.8955515033356],[-81.3985996577748,26.8949294746866],[-81.3986455724965,26.8946601660464],[-81.3971631725326,26.8944516225534],[-81.396662055775,26.8938295826253],[-81.3967538958514,26.8932909650832],[-81.3949750504535,26.8930406771911],[-81.3946326510094,26.8932682677898],[-81.3940397036034,26.8931848298453],[-81.3936973011215,26.893412417287],[-81.3901396333652,26.89291170730951],[-81.3897972216849,26.8931392821682],[-81.3859431201862,26.8925966967558],[-81.385258275394,26.8930518181497],[-81.3852123197637,26.8933211221772],[-81.3844607863573,26.8923879720237],[-81.3845527010266,26.8918493629288],[-81.3840516902455,26.8912272578756],[-81.3842814780598,26.8898807297307],[-81.383780480658,26.8892586198007]]},"properties":{"segment_id":"6e6e8a37532bbf9e1ef3778a","source_kmz":"caloosahatchee","orientation":"unverified"}},{"type":"Feature","geometry":{"type":"LineString","coordinates":[[-81.4550972208516,26.9001036595139],[-81.451837164713,26.8960622079922],[-81.4515406536782,26.8960206518972],[-81.4507883799474,26.8950879857947],[-81.4504918727639,26.8950464266091],[-81.4499903683514,26.8944246432943],[-81.448804351981,26.894258392111],[-81.4457955342678,26.8905275821049],[-81.4454990451517,26.8904860082154],[-81.4452483232696,26.8901751008919],[-81.441986974915,26.8897177240851],[-81.4412348593257,26.8887849721206]]},"properties":{"segment_id":"68de6d576a3cae7f685c273f","source_kmz":"caloosahatchee","orientation":"unverified"}},{"type":"Feature","geometry":{"type":"LineString","coordinates":[[-81.1558101763445,26.848614488561],[-81.1550615125639,26.8476795709401],[-81.1551548099104,26.8471410945253]]},"properties":{"segment_id":"feee3f7f86ce85badb37a59a","source_kmz":"caloosahatchee","orientation":"unverified"}},{"type":"Feature","geometry":{"type":"LineString","coordinates":[[-81.2046452309799,26.8751803766273],[-81.2041456140363,26.8745573807599],[-81.2038492970679,26.8745151201754],[-81.2040353401283,26.8734381640997],[-81.20437816263112,26.873211184591],[-81.2046572113739,26.8715957415084],[-81.2041576150837,26.8709727391658],[-81.2044366607189,26.8693572860927],[-81.2039370789702,26.86873427861642],[-81.20398358678311,26.8684650353541],[-81.2037337992229,26.8681535301608],[-81.20378030735681,26.8678842865315],[-81.2041231084819,26.8676573041706],[-81.2033737567065,26.8667227847399],[-81.2030774669985,26.866680521],[-81.20232813501401,26.8657459914057],[-81.2023746462338,26.8654767465045],[-81.2020783612898,26.8654344797798],[-81.20132905092852,26.8644999396186],[-81.20137556459211,26.8642306941799],[-81.2010792844118,26.8641884244705],[-81.200329995673,26.86325387374241],[-81.2003765117801,26.862984627766],[-81.1993481291015,26.8636655434942],[-81.1990518518525,26.86362326797081],[-81.1985523421199,26.8630002243176],[-81.1973672455526,26.8628311078085],[-81.1968677525548,26.8622080546639],[-81.1965249539916,26.8624350168619],[-81.1960254693612,26.8618119589717],[-81.1957292000977,26.8617696738053],[-81.1949799902376,26.8608350781276],[-81.1943874597267,26.8607505007841],[-81.1930162517334,26.8616583132795],[-81.1924237174977,26.8615737250127],[-81.19192426743611,26.8609506459627],[-81.1922965878826,26.8587966870255],[-81.1880516363378,26.8535003546045],[-81.1880981854665,26.8532311064021],[-81.1856014044242,26.85011549651781],[-81.1829353985066,26.84973462077591],[-81.1819367793888,26.8484883253098]]},"properties":{"segment_id":"4ee40e299562e61c83e79110","source_kmz":"caloosahatchee","orientation":"unverified"}},{"type":"Feature","geometry":{"type":"LineString","coordinates":[[-81.7423438658516,26.926706300522],[-81.7433686987233,26.9260201824582],[-81.74366545198261,26.9260609077326],[-81.7437103060585,26.9257914739023]]},"properties":{"segment_id":"c2bf5cc5099295d4ff3bac91","source_kmz":"caloosahatchee","orientation":"unverified"}},{"type":"Feature","geometry":{"type":"LineString","coordinates":[[-81.6912756470053,26.936220921528],[-81.6917791315608,26.9368414705936],[-81.694153268117,26.9371684088563],[-81.6944950500188,26.9369398683763],[-81.6950885857207,26.9370215925971],[-81.6953586503542,26.9354051628754],[-81.6970674908625,26.9342624222525],[-81.6973642505812,26.9343032778121],[-81.6978677677389,26.9349238010583],[-81.6981645301116,26.93496465427051],[-81.6978945194299,26.9365810933035],[-81.69839805369611,26.9372016098833],[-81.6989915948956,26.9372833119129],[-81.6989015952059,26.93782212292],[-81.6994051439594,26.93844263241351],[-81.69936014494182,26.9387120373008],[-81.7005472510712,26.9388754263471],[-81.7040723703708,26.9432188496678],[-81.70436916421761,26.9432596843045],[-81.7048727840406,26.9438801576767],[-81.7069503654477,26.944165965929],[-81.7076339150763,26.9437088094569],[-81.7079307122945,26.9437496339389],[-81.7082724837672,26.9435210528595],[-81.7106468666281,26.94384761071751],[-81.7108986999272,26.9441578322162],[-81.7111955002353,26.94419864738972],[-81.71187902762442,26.9437414632456],[-81.71217582696372,26.9437822756895],[-81.7128593458579,26.9433250845913],[-81.7131561442284,26.9433658943055],[-81.71320110258802,26.9430964871406],[-81.71557549241591,26.9434229336263],[-81.7154855899068,26.9439617492526],[-81.7159892937849,26.9445821678793],[-81.7204413859084,26.9451940894015],[-81.7214488865899,26.9464348709744],[-81.7232297695985,26.9466795682484],[-81.7242373277399,26.9479203176256],[-81.7241924013356,26.9481897257462],[-81.7247860425537,26.9482712789176],[-81.7251277872705,26.9480426458272],[-81.7256315843297,26.94866301069481],[-81.7262252301658,26.9487445555942],[-81.7267290392177,26.9493649139145],[-81.7270258649295,26.9494056835929],[-81.7272777733596,26.9497158606731],[-81.7299492280703,26.9500827429368],[-81.738492139729,26.9443661442741],[-81.7388062921036,26.9424802186785],[-81.7432480507454,26.9395072446882],[-81.7432929131161,26.9392378215887],[-81.7435897118062,26.9392785455101],[-81.7439934523815,26.9368537263823],[-81.7437415214116,26.9365435779129],[-81.7438760984364,26.93573530031392],[-81.744559385541,26.9352778915676],[-81.7448561712058,26.9353186123679],[-81.7451081026058,26.9356287592611],[-81.7450632477806,26.9358981859695],[-81.7453151816175,26.9362083318409],[-81.7456568241337,26.9359796237199],[-81.7474375599166,26.9362239166611],[-81.74794144837541,26.9368441955008],[-81.7482382410247,26.936884906527],[-81.7484901891571,26.9371950438662],[-81.7488318271635,26.9369663260407],[-81.7493699320111,26.9337331810015],[-81.7497115539766,26.9335044579992],[-81.7499805841622,26.9318878710714],[-81.7497286461705,26.9315777325258],[-81.7500873424069,26.9294222692879],[-81.7493315543125,26.9284918450795],[-81.7490347900184,26.9284511361578],[-81.7486931862671,26.9286798603183],[-81.7486483462499,26.928949294016],[-81.7483067395019,26.9291780165833],[-81.7480099733312,26.9291373048376],[-81.7477580504546,26.9288271590641],[-81.74716452132482,26.9287457315318],[-81.7469126026305,26.9284355833697],[-81.74631907699231,26.9283541509506],[-81.7458152497797,26.9277338489628],[-81.74551848975192,26.9276931299819],[-81.74476276607271,26.9267626680981],[-81.7444660098819,26.9267219460181],[-81.7437103060585,26.9257914739023]]},"properties":{"segment_id":"96343e415ffe6260fd847293","source_kmz":"caloosahatchee","orientation":"unverified"}},{"type":"Feature","geometry":{"type":"LineString","coordinates":[[-81.1819367793888,26.8484883253098],[-81.1815939960449,26.8487152476781],[-81.1812977787695,26.8486729200018],[-81.1812512109001,26.8489421687717],[-81.1771041869213,26.8483494912521],[-81.1766049238333,26.8477263149041],[-81.175420079819,26.8475569421011],[-81.1747344844859,26.848010744069],[-81.1738458508644,26.8478836999414],[-81.1735962315192,26.8475721040028],[-81.1733000220838,26.8475297535254],[-81.1729572198568,26.8477566482136],[-81.1723648006374,26.8476719428394],[-81.1721151872466,26.8473603431713],[-81.1721617827393,26.8470910972239],[-81.1703845445999,26.8468369569503],[-81.1688869486014,26.8449673127931],[-81.1685907504067,26.8449249486501],[-81.1682479461477,26.8451518296292],[-81.1682013395023,26.8454210753623],[-81.167905140088,26.8453787093333],[-81.1631056661795,26.8485548913219],[-81.1626065028979,26.8479316485086],[-81.1623102976195,26.8478892669403],[-81.1619674651021,26.8481161253545],[-81.1604864400218,26.8479042001307],[-81.1601436026553,26.8481310525543],[-81.1598473979017,26.8480886640331],[-81.1595045581249,26.8483155142386],[-81.1590054222087,26.8476922537957],[-81.1551548099104,26.8471410945253]]},"properties":{"segment_id":"87636230db6aa3736ebad1e5","source_kmz":"caloosahatchee","orientation":"unverified"}},{"type":"Feature","geometry":{"type":"LineString","coordinates":[[-81.4036262401166,26.8868118650952],[-81.39961749045962,26.8818355833971],[-81.3972460025083,26.8815019131998],[-81.3967449603148,26.8808798501301],[-81.3955592327244,26.8807129887644],[-81.3945571890188,26.8794688400653],[-81.3942148422948,26.8796964383232],[-81.3936219884976,26.8796129947016],[-81.3929372871712,26.880068183632],[-81.3911587252643,26.8798178211744],[-81.3909082300803,26.8795067739711],[-81.3909541605914,26.8792374565698],[-81.3906577367011,26.879195725885],[-81.38990626739212,26.8782625763301],[-81.3896098473551,26.8782208425567],[-81.389655781232,26.8779515247129],[-81.3894052968766,26.8776404722129],[-81.3897476481262,26.8774128883285],[-81.3898854463184,26.8766049320099],[-81.389634965042,26.876293878835],[-81.3897268303024,26.8757552398579]]},"properties":{"segment_id":"4c4a479b80384f19f7f47296","source_kmz":"caloosahatchee","orientation":"unverified"}},{"type":"Feature","geometry":{"type":"LineString","coordinates":[[-81.5407321646424,26.9035184421607],[-81.5417583226429,26.9028342533711],[-81.5450206934162,26.9032885021477],[-81.5477569806537,26.9014638599336],[-81.5483501327437,26.9015464245553],[-81.5486921592739,26.9013183366799],[-81.5489887351243,26.9013596167804],[-81.5492398630063,26.9016702651458],[-81.5513159102139,26.9019591969271],[-81.5523419657765,26.9012749012322],[-81.55293512095301,26.9013574399073],[-81.555329178648,26.8997606923206],[-81.5553746068916,26.8994913190639],[-81.5559677527112,26.8995738409768],[-81.55870369076791,26.8977488927091]]},"properties":{"segment_id":"41eb3951113c2d73331e886a","source_kmz":"caloosahatchee","orientation":"unverified"}},{"type":"Feature","geometry":{"type":"LineString","coordinates":[[-81.5875695121634,26.9282239597003],[-81.588253567512,26.9277675618238],[-81.5882989077167,26.9274981962922],[-81.5885955924725,26.9275393609816],[-81.5886409314896,26.9272699951228],[-81.5856249203379,26.9235435697025],[-81.585031581422,26.9234612216788],[-81.5825184615365,26.9203557548699],[-81.5832024812261,26.9198993795388],[-81.5837013358721,26.9169363020994],[-81.5834500395333,26.9166257502976],[-81.58349538887822,26.916356378099],[-81.5817363694964,26.9141824897713],[-81.5824203443916,26.9137261113367],[-81.5826924463561,26.9121098636851],[-81.5821898908556,26.911488745609],[-81.5828738420038,26.9110323606245],[-81.58310058019381,26.90968547659372],[-81.582095498786,26.9084432320368],[-81.5821408480591,26.9081738539958],[-81.5824828115323,26.9079456600917],[-81.5825281593351,26.9076762814918],[-81.5828701198128,26.9074480859907],[-81.5829608121948,26.9069093274416],[-81.5846705755876,26.90576832761892],[-81.58471591541822,26.90549894635941],[-81.5850125228415,26.90554012384611],[-81.5863802937748,26.9046272960605],[-81.5864256276699,26.9043579131632],[-81.5861743581513,26.9040473565076],[-81.5862196923845,26.9037779732435],[-81.58596842529532,26.9034674155677],[-81.586059094155,26.9029286480746],[-81.585807830116,26.90261808924332],[-81.5864916918414,26.9021616687989],[-81.5867882886436,26.902202841653],[-81.5868789510574,26.9016640714608],[-81.5866276877499,26.9013535134518]]},"properties":{"segment_id":"9d7fdf9ef720fba27ab36235","source_kmz":"caloosahatchee","orientation":"unverified"}},{"type":"Feature","geometry":{"type":"LineString","coordinates":[[-81.614192013769,26.9233694348466],[-81.6134377448107,26.92243801394371],[-81.6131410657536,26.9223969190584],[-81.6126382312021,26.9217759658654],[-81.612341554802,26.9217348686345],[-81.6120901414273,26.92142438996081],[-81.611793466497,26.9213832911342],[-81.60349787917811,26.9111369737053],[-81.6035884466649,26.9105982030894],[-81.6023317175497,26.9090456453274],[-81.6016478850544,26.9095021601215],[-81.60135125608241,26.9094610302656],[-81.6008485817322,26.9088399970086],[-81.5969924616881,26.9083052124251],[-81.5957358846176,26.9067525650657],[-81.5951426514922,26.9066702703313],[-81.5951879591117,26.906400885245],[-81.5944340435564,26.905469281306],[-81.59456997031,26.9046611234408],[-81.5940673727094,26.9040400489115],[-81.5941126823043,26.9037706622229],[-81.5935194712216,26.90368835757],[-81.5927655973682,26.9027567342347],[-81.5928109103522,26.9024873471008],[-81.5916245094408,26.9023227190352],[-81.59137322714182,26.9020121730197],[-81.5866276877499,26.9013535134518]]},"properties":{"segment_id":"7e9ae962d521635894b8cb56","source_kmz":"caloosahatchee","orientation":"unverified"}},{"type":"Feature","geometry":{"type":"LineString","coordinates":[[-81.22762173503972,26.8563850783923],[-81.2273718971676,26.8560736186531],[-81.227418325107,26.855804354998],[-81.2269186559912,26.8551814326071],[-81.22632613302301,26.8550970348466],[-81.2259834401082,26.855324098329],[-81.2258905755099,26.8558626248894],[-81.2252051795132,26.8563167467068],[-81.224020122507,26.856147928949],[-81.223520475912,26.8555249909464],[-81.22375267127211,26.8541786767296],[-81.2232530379973,26.853555733856],[-81.2229567837356,26.853513524811],[-81.2222713909551,26.8539676305221],[-81.2222249479579,26.8542368933399],[-81.2210399253131,26.85406804077772],[-81.2205403122431,26.8534450847397],[-81.219355303755,26.8532762126932],[-81.2186059119473,26.8523417630732],[-81.2174209223781,26.8521728685576],[-81.2169213463708,26.851549891769],[-81.2157363709592,26.8513809777698],[-81.2152368116813,26.8507579914872],[-81.21528327459171,26.8504887290299],[-81.214098316941,26.8503197959407],[-81.2135987756143,26.8496967998947],[-81.21364524306,26.8494275373282],[-81.2127565377083,26.8493008244608],[-81.212413832122,26.8495278473225],[-81.2121175969732,26.849485607068],[-81.21161807475612,26.8488626000359],[-81.2116645479272,26.8485933376915],[-81.2075173322085,26.8480018659334],[-81.2064891841995,26.8486828817667],[-81.206442694848,26.8489521417395],[-81.2057572514546,26.8494061452599],[-81.2057107594322,26.8496754043367],[-81.2046825772609,26.8503563990646],[-81.2046360813771,26.8506256569138],[-81.2039506152085,26.8510796463639],[-81.2030619070856,26.8509528517061],[-81.202812173492,26.8506413283384],[-81.2025159392214,26.8505990610172],[-81.2017667528201,26.8496644833908],[-81.2014705224111,26.8496222129867],[-81.2012207984038,26.8493106846034],[-81.2000358844293,26.8491415915569],[-81.1997861669854,26.8488300593083],[-81.1994899404072,26.8487877831892],[-81.1989905133042,26.8481647145574],[-81.197213174211,26.8479110311545],[-81.1965276905739,26.8483649755491],[-81.191788151165,26.8476883076643],[-81.1911026407876,26.8481422167854],[-81.186066940786,26.8474229882111],[-81.1857241725197,26.8476499248288],[-81.1836506690935,26.8473536943474],[-81.1819367793888,26.8484883253098]]},"properties":{"segment_id":"d964a572cdc8a3b7d0a4b349","source_kmz":"caloosahatchee","orientation":"unverified"}},{"type":"Feature","geometry":{"type":"LineString","coordinates":[[-81.5571513940343,26.89615448108791],[-81.5584071226788,26.8977076397108],[-81.55870369076791,26.8977488927091]]},"properties":{"segment_id":"00a4e7a399510ba36595c907","source_kmz":"caloosahatchee","orientation":"unverified"}},{"type":"Feature","geometry":{"type":"LineString","coordinates":[[-81.0171835591533,26.8184616801056],[-81.0175266537307,26.8182352770207]]},"properties":{"segment_id":"63eaebb4bc1c8f54f9c3f1ee","source_kmz":"caloosahatchee","orientation":"unverified"}},{"type":"Feature","geometry":{"type":"LineString","coordinates":[[-81.0227554325081,26.8247869872727],[-81.0175266537307,26.8182352770207]]},"properties":{"segment_id":"4fce0bbab31b3550c7e3d5b3","source_kmz":"caloosahatchee","orientation":"unverified"}},{"type":"Feature","geometry":{"type":"LineString","coordinates":[[-80.9843257325939,26.8137060366439],[-80.9850120543064,26.8132534386475]]},"properties":{"segment_id":"e048050d4c1010e89628b4a4","source_kmz":"caloosahatchee","orientation":"unverified"}},{"type":"Feature","geometry":{"type":"LineString","coordinates":[[-80.999709010458,26.8454660031356],[-80.98751091827,26.8301763142916],[-80.9892085440217,26.8204858046735],[-80.9859733231961,26.8164289397751],[-80.9861147984138,26.8156213783772],[-80.9858659496688,26.8153093052929],[-80.9860074240569,26.8145017413846],[-80.9850120543064,26.8132534386475]]},"properties":{"segment_id":"ff7341f7c858d0ed63c49874","source_kmz":"caloosahatchee","orientation":"unverified"}},{"type":"Feature","geometry":{"type":"LineString","coordinates":[[-81.4071521488572,26.8732431373304],[-81.4068098600169,26.8734707809537],[-81.4067639820271,26.8737401098557],[-81.4057371011119,26.8744230321066],[-81.4056912192702,26.8746923597879],[-81.4050983887439,26.8746089799935],[-81.404071484323,26.8752918841557],[-81.4039797090395,26.87583053645581],[-81.4032950923136,26.8762857982202],[-81.4029986725943,26.8762441021492],[-81.4027481451283,26.8759330800526],[-81.4018588912543,26.8758079845251],[-81.4011742635254,26.87626323243761],[-81.4011283664738,26.8765325566674],[-81.4008319469538,26.8764908544861],[-81.4005814265765,26.8761798274241],[-81.39939575611471,26.8760130072556],[-81.3988947302842,26.8753909444997],[-81.3983019015263,26.8753075263531],[-81.3979595811718,26.8755351396369],[-81.3978677675025,26.8760737861897],[-81.3975713511323,26.8760320747118],[-81.3958597073212,26.8771701140451],[-81.3957219641304,26.8779780768975],[-81.3945362783659,26.87781120251981],[-81.39403527711121,26.877189119758],[-81.3937388587639,26.877147397555],[-81.3932378671058,26.8765253097661],[-81.3929414514226,26.8764835852223],[-81.39259911227572,26.8767111801787],[-81.3914134499442,26.8765442697827],[-81.3909124785391,26.8759221697584],[-81.3897268303024,26.8757552398579]]},"properties":{"segment_id":"276433891781f3c79af07027","source_kmz":"caloosahatchee","orientation":"unverified"}},{"type":"Feature","geometry":{"type":"LineString","coordinates":[[-81.4412348593257,26.8887849721206],[-81.4407334579619,26.88816313306131],[-81.4414179714002,26.8877076420945],[-81.4414637487047,26.887438309008],[-81.4411672722844,26.8873967224665],[-81.4409165749744,26.88708580195531],[-81.4406201000281,26.8870442138203],[-81.4403694057123,26.8867332916775],[-81.4362188030988,26.8861509585565],[-81.4351920076025,26.886834145176],[-81.4345990652405,26.8867509355517],[-81.434097723487,26.8861290609928],[-81.4341435227911,26.885859729868],[-81.4317717910133,26.8855268463648],[-81.4305185188541,26.883972113908],[-81.4275539392821,26.8835558960465],[-81.4265514015951,26.8823120642568],[-81.4259584986194,26.8822288045563],[-81.42561622374672,26.8824565037398],[-81.42531977207081,26.8824148716794],[-81.424977494776,26.8826425686489],[-81.4234952376017,26.882434390957],[-81.4229940008946,26.8818124553406],[-81.4226975526947,26.8817708157703],[-81.422743385249,26.8815014862077],[-81.4224469382377,26.8814598458893],[-81.4211938930311,26.8799049832371],[-81.4212397292854,26.8796356528642],[-81.4200539714813,26.8794690685649],[-81.4198033732265,26.8791580902577],[-81.4189140614418,26.8790331409144],[-81.4186634685577,26.8787221594798],[-81.4183670330567,26.8786805072602],[-81.4181164431663,26.8783695241944],[-81.4177741629127,26.8785972002856],[-81.4175235753994,26.8782862157236],[-81.4160414109875,26.878077929756],[-81.4157908312221,26.87776694057071],[-81.4158366831948,26.8774976108821],[-81.4153355303119,26.8768756295919],[-81.41503910275581,26.8768339677159],[-81.4147885302104,26.8765229749981],[-81.4141956783335,26.8764396472144],[-81.4131934157096,26.87519566152771],[-81.4128969949544,26.8751539933761],[-81.4123958768488,26.874531993738],[-81.410617372588,26.8742819581041],[-81.4103668233737,26.87397095247241],[-81.4082919230744,26.873679200543],[-81.4080413839847,26.8733681887924],[-81.4071521488572,26.8732431373304]]},"properties":{"segment_id":"f7a63b3b1b383e3aaba07a78","source_kmz":"caloosahatchee","orientation":"unverified"}},{"type":"Feature","geometry":{"type":"LineString","coordinates":[[-81.50067511548832,26.9141989207371],[-81.50017313830321,26.9135774128037],[-81.49898676221811,26.9134117397901],[-81.49647703228,26.9103041171521],[-81.4965226497485,26.91003477778762],[-81.4962716873144,26.9097240105292],[-81.496317305117,26.9094546707983],[-81.4960663451092,26.9091439025215],[-81.4961119632461,26.9088745624243],[-81.4958610056645,26.90856379312901],[-81.4959522423219,26.9080251119703],[-81.4957012877853,26.9077143415217],[-81.4958381424927,26.9069063176425],[-81.4955871916201,26.9065955459058],[-81.4956784279058,26.906056861892],[-81.4954274800781,26.9057460890019],[-81.4955187164627,26.9052074037921],[-81.4952677716799,26.9048966297485],[-81.4953590081634,26.9043579433425],[-81.4951080664253,26.9040471681455],[-81.4952449208716,26.9032391363946],[-81.4944921120692,26.902306804287],[-81.494537731505,26.902037459502],[-81.4940358692427,26.9014159000752],[-81.4940814896312,26.9011465547886],[-81.4908195691418,26.8971063305949],[-81.4908651972887,26.8968369833218],[-81.4903633917064,26.8962153968425],[-81.4909565477879,26.8927138576892],[-81.4876950921787,26.8886734365729],[-81.4871020866692,26.8885905250017],[-81.4868512204893,26.888279715693],[-81.4832932256093,26.8877821662688],[-81.4822898359734,26.8865388842601],[-81.4816968503177,26.8864559415315],[-81.4814460098002,26.8861451173225],[-81.4787775991421,26.8857718264608],[-81.4767710255534,26.8832851470717],[-81.4735097706292,26.88282874382101],[-81.472506579448,26.8815853499787],[-81.471024226004,26.8813778451717],[-81.47077343866312,26.8810669907591],[-81.4698840335807,26.8809424754855],[-81.4691997239844,26.8813981617072],[-81.4691540364069,26.8816675116744],[-81.4688118777121,26.8818953525499],[-81.4682189369028,26.8818123322947],[-81.4678767751664,26.882040170015],[-81.4675803045715,26.8819986576772],[-81.46689597444562,26.8824543274206],[-81.45859487896432,26.8812915860108],[-81.45825269389701,26.8815193925956],[-81.4573633022194,26.8813947710261],[-81.4570211134937,26.8816225735133],[-81.45553879664911,26.8814148492808],[-81.45519660303002,26.881642645786],[-81.4549001398995,26.8816010974615],[-81.4466869365124,26.8870678096197],[-81.4463904588488,26.8870262378363],[-81.44604821885181,26.8872540006771],[-81.4454552631465,26.8871708526899],[-81.445113020109,26.8873986123748],[-81.4448165420673,26.8873570361709],[-81.4444742966066,26.8875847936423],[-81.4441778182332,26.8875432156509],[-81.4421243038438,26.8889097281283],[-81.4412348593257,26.8887849721206]]},"properties":{"segment_id":"10d9332049f916e6363f7012","source_kmz":"caloosahatchee","orientation":"unverified"}},{"type":"Feature","geometry":{"type":"LineString","coordinates":[[-81.1551548099104,26.8471410945253],[-81.1542662140508,26.8470138836581],[-81.1537671234513,26.8463905958303],[-81.1531747324299,26.8463057813805],[-81.1529251922131,26.8459941346548],[-81.1511480332752,26.845739666565],[-81.1499003949308,26.8441813973619],[-81.1493080228557,26.8440965604532],[-81.1485594686004,26.8431615838942],[-81.14707856136941,26.8429494656607],[-81.1460805380546,26.8417028030123],[-81.1453948350915,26.8421564203462],[-81.1448024813272,26.8420715574045],[-81.1441167687263,26.842525165865],[-81.1417473555612,26.8421856652334],[-81.140718758539,26.8428660457245],[-81.1404225813755,26.8428236015164],[-81.1399236148713,26.8422002399532],[-81.136961883068,26.8417757365209],[-81.1367124144277,26.8414640469634],[-81.1346392278235,26.84116683910271],[-81.133142503812,26.8392966519622],[-81.1322540210753,26.8391692510802],[-81.1317551346184,26.8385458438527],[-81.1311628190144,26.8384609027277],[-81.1299156462823,26.83690236180181],[-81.1275464431597,26.83656253371],[-81.1262993630687,26.83500394096251],[-81.1260032199445,26.8349614549244],[-81.1227610377552,26.8309090011172]]},"properties":{"segment_id":"de8ab7c655a4b16941acc307","source_kmz":"caloosahatchee","orientation":"unverified"}},{"type":"Feature","geometry":{"type":"LineString","coordinates":[[-81.0611198306573,26.85543582714231],[-81.0424322485715,26.8320440411213],[-81.0425732216647,26.83123644045161],[-81.0423241240838,26.83092451616511],[-81.0423711151357,26.83065531534],[-81.0373895533139,26.8244166423073],[-81.0381885625465,26.8198401467872],[-81.038531607558,26.8196136756648],[-81.0385786042738,26.8193444676074],[-81.04361143455192,26.8200708590144],[-81.0453265751471,26.8189384024036]]},"properties":{"segment_id":"b9222623b72b5e051b889eac","source_kmz":"caloosahatchee","orientation":"unverified"}},{"type":"Feature","geometry":{"type":"LineString","coordinates":[[-81.0175266537307,26.8182352770207],[-81.0170287161488,26.8176112843991],[-81.0170757787585,26.8173420844355],[-81.0174188691735,26.81711568096],[-81.01889901406372,26.817329651912],[-81.0192420996528,26.8171032424426],[-81.0198341584497,26.817188823029],[-81.0201772410298,26.8169624103959],[-81.0207692997879,26.8170479857197],[-81.0211123793588,26.8168215699229],[-81.0214084085718,26.8168643553755],[-81.0220945611092,26.8164115180645],[-81.0223905894039,26.8164543007864],[-81.0230767335391,26.8160014564813],[-81.0266290813957,26.8165147606749],[-81.0269721434971,26.8162883252866],[-81.0453265751471,26.8189384024036]]},"properties":{"segment_id":"b122392133e9446b0e4dd629","source_kmz":"caloosahatchee","orientation":"unverified"}},{"type":"Feature","geometry":{"type":"LineString","coordinates":[[-81.55870369076791,26.8977488927091],[-81.5593876572062,26.8972926429443],[-81.5596842243381,26.8973338932133],[-81.5631039418726,26.895052558785],[-81.5636970645791,26.89513503794881],[-81.56403902515031,26.89490689563871],[-81.5673012134697,26.8953604602188],[-81.56880829854481,26.8972241060376],[-81.5687629134167,26.8974934869075],[-81.5690594857174,26.8975347105774],[-81.5693106746977,26.8978453142324],[-81.5696072484687,26.8978865363073],[-81.5701096342268,26.8985077394642],[-81.5704062106553,26.8985489591946],[-81.5710901215727,26.898092633997],[-81.57118087765052,26.8975538709494],[-81.5735534748825,26.8978835817408],[-81.5738046810485,26.8981941742898],[-81.5746944132443,26.8983177996353],[-81.57537829966002,26.8978614460998],[-81.57542366433661,26.8975920626503],[-81.5757202401562,26.8976332674277],[-81.57777184517002,26.8962641687345],[-81.5778172015377,26.8959947829908],[-81.5781591281926,26.8957665951042],[-81.5796419852904,26.8959725728626],[-81.58032582696892,26.8955161838628],[-81.5812155408992,26.8956397547196],[-81.5814667681034,26.8959503309061],[-81.5817633411664,26.8959915187509],[-81.5824471717791,26.8955351159109],[-81.5824925131734,26.8952657275672],[-81.5828344245812,26.8950375239152],[-81.5829704435055,26.8942293565113]]},"properties":{"segment_id":"cdfc3b3d387b46cab2ecf28d","source_kmz":"caloosahatchee","orientation":"unverified"}},{"type":"Feature","geometry":{"type":"LineString","coordinates":[[-81.3156422237631,26.8829491912538],[-81.3121391380595,26.8785919595574],[-81.3121853137592,26.8783226761168],[-81.3119351074948,26.8780114385335],[-81.3122583336256,26.876126446999],[-81.312008133462,26.8758152075915],[-81.3117117595769,26.8757732527738],[-81.3112113670404,26.8751507698191],[-81.3106186248936,26.8750668546603],[-81.3103684337105,26.8747556103659],[-81.3105069703573,26.8739477526285],[-81.31025678281921,26.8736365070483],[-81.3103029617392,26.8733672205362],[-81.3093022320775,26.8721222288583],[-81.3093484131644,26.8718529415748],[-81.30809754473461,26.8702966814625],[-81.308440081033,26.8700693589061],[-81.3096254936376,26.8702372129906],[-81.3099680256778,26.8700098853904],[-81.3117461495426,26.8702616355137],[-81.31208867609702,26.87003430098421],[-81.3126427124649,26.86680280373031],[-81.3129852229402,26.8665754639637],[-81.3132622184381,26.8649597007943],[-81.31668715263902,26.8626862132903],[-81.3169834840291,26.8627281556158],[-81.3176295874097,26.858957961359],[-81.315878436787,26.8567792474692],[-81.3161553467436,26.8551634302956]]},"properties":{"segment_id":"4ba5fffaeba1c03afe89813d","source_kmz":"caloosahatchee","orientation":"unverified"}},{"type":"Feature","geometry":{"type":"LineString","coordinates":[[-81.3550027393318,26.8995427506642],[-81.3527490051917,26.8967426763744],[-81.3524525396834,26.8967008395622],[-81.3522021349944,26.8963897150392],[-81.3519056709634,26.8963478766343],[-81.35165526926932,26.8960367504817],[-81.3510623444493,26.8959530696413],[-81.3500607652421,26.894708550231],[-81.3501068312696,26.894439262754],[-81.3498564415953,26.894128130562],[-81.3499025079504,26.8938588427185],[-81.34940173524652,26.8932365754196],[-81.3496320688615,26.8918901313758],[-81.3466276211409,26.8881564454228],[-81.3467658399991,26.8873485713675],[-81.3462651276672,26.8867262772193],[-81.3459686996981,26.8866844208098],[-81.346014774208,26.8864151288221],[-81.3455140727034,26.8857928293814],[-81.3452176483035,26.8857509707295],[-81.3453558765044,26.8849430928583],[-81.3443545072854,26.8836984787867],[-81.3446309706813,26.8820827135421],[-81.340876148552,26.8774152729512],[-81.3409222339987,26.87714597591],[-81.34067192757142,26.876834806012],[-81.3407180133452,26.8765655086036],[-81.3404677093367,26.8762543376887],[-81.3406059667768,26.875446443665],[-81.3409023535656,26.8754883166464],[-81.341587292783,26.8750334623106],[-81.3416333747405,26.8747641630802],[-81.341383072655,26.8744529927165],[-81.3410406057127,26.8746804202382],[-81.340790306006,26.8743692483797],[-81.34049392311272,26.8743273749438],[-81.3402436263995,26.8740162014558],[-81.3403357973224,26.8734776023441],[-81.34008550364211,26.8731664277042],[-81.3397891252191,26.8731245521238],[-81.3395388345322,26.8728133758542],[-81.338649704556,26.8726877418008],[-81.3383994192413,26.8723765624069],[-81.3378066697401,26.8722928006517],[-81.3373061092798,26.8716704362279],[-81.3370097373393,26.8716285525881],[-81.3367594610043,26.87131736830552],[-81.3368516507779,26.8707787680126],[-81.335962545661,26.87065311036701],[-81.3357122759268,26.8703419226905],[-81.3357583737024,26.8700726223533],[-81.3352578408739,26.8694502440839],[-81.3355805258534,26.86756513332441],[-81.3359229789576,26.8673377189475],[-81.3359690744725,26.8670684161501],[-81.3363115245838,26.8668410001703],[-81.3365880845002,26.8652251765212],[-81.3355870702884,26.86398040673801],[-81.3352907255721,26.8639385172843],[-81.3350404777172,26.8636273218854],[-81.3347441344776,26.8635854308394],[-81.3344938896153,26.8632742338109],[-81.3339012063771,26.8631904476897],[-81.3334007268197,26.8625680479965],[-81.3331043880103,26.8625261521739],[-81.3328541521259,26.8622149502566],[-81.33077979683522,26.8619216506104],[-81.3300291249757,26.8609880238719],[-81.3294364617587,26.8609042118854],[-81.3286858132641,26.8599705727226],[-81.3233519602985,26.8592160724155],[-81.3231017691461,26.8589048441467],[-81.3228054479032,26.8588629186896],[-81.3223050733863,26.858240458011],[-81.3199345328287,26.8579050119843],[-81.319592075031,26.85813238028121],[-81.3175178628528,26.8578388140557],[-81.316267050185,26.856282587823],[-81.3164055020273,26.855474678594],[-81.3161553467436,26.8551634302956]]},"properties":{"segment_id":"ff4bf0591cc128dcf2e270d9","source_kmz":"caloosahatchee","orientation":"unverified"}},{"type":"Feature","geometry":{"type":"LineString","coordinates":[[-81.2609549300544,26.847885584581],[-81.2610475674678,26.8473470143296],[-81.262075269285,26.84666545942],[-81.2621215839895,26.8463961729517]]},"properties":{"segment_id":"3d02a55428ddc02b5461157d","source_kmz":"caloosahatchee","orientation":"unverified"}},{"type":"Feature","geometry":{"type":"LineString","coordinates":[[-81.26630519091661,26.867955772638],[-81.2660088662439,26.8679136873541],[-81.2649809426097,26.868595238519],[-81.26468461638811,26.8685531495617],[-81.2643419709585,26.8687803297932],[-81.2640456444133,26.8687382390482],[-81.2637029965683,26.8689654170632],[-81.2634066696994,26.8689233245304],[-81.263064019439,26.8691505003289],[-81.2624713653428,26.8690663108432],[-81.2611007413732,26.8699749937572],[-81.2605080835327,26.8698907933491],[-81.2601654218083,26.8701179590076],[-81.2592764353771,26.8699916492306],[-81.2593227713188,26.8697223823952],[-81.2590727805419,26.86941101057471],[-81.2619450826554,26.8527160038573],[-81.2622876706624,26.8524888207942],[-81.2627045147483,26.8500652746987],[-81.2630470902448,26.849838087383],[-81.2631860295062,26.849030233498],[-81.2652414232285,26.8476670768985],[-81.2652877285999,26.8473977898181],[-81.2650377809301,26.8470864119021],[-81.2623715191502,26.8467075584692],[-81.2621215839895,26.8463961729517]]},"properties":{"segment_id":"c245a14846b2f99e75791bce","source_kmz":"caloosahatchee","orientation":"unverified"}},{"type":"Feature","geometry":{"type":"LineString","coordinates":[[-81.383780480658,26.8892586198007],[-81.383964310675,26.8881813920296],[-81.3834633254203,26.8875592774918],[-81.3838309815446,26.88540480865211],[-81.38107574588551,26.8819831037307],[-81.38077931734492,26.8819413453866],[-81.38082528074551,26.8816720343515],[-81.379046720938,26.8814214671233],[-81.3785458103419,26.8807993167439],[-81.3786377495738,26.8802606946061],[-81.378387298214,26.8799496178228],[-81.3784332680153,26.8796803062706],[-81.3781828190757,26.87936922846991],[-81.37827475904922,26.878830604399],[-81.3779783426864,26.87878883773231],[-81.3776359549624,26.8790163821774],[-81.3767467057481,26.8788910742794],[-81.376792680103,26.8786217626147],[-81.3765422401445,26.878310679923],[-81.3765882148281,26.8780413678912],[-81.3772729862612,26.8775862832908],[-81.3774109014569,26.8767783438235],[-81.3771604646178,26.8764672609351],[-81.3768640569072,26.8764254908221],[-81.376112760784,26.875492234618],[-81.3764345764189,26.8736070312995],[-81.3767769458599,26.8733794871874],[-81.3765265211623,26.87306839968871],[-81.3767104072078,26.8719911336786],[-81.3759591513257,26.8710578642662],[-81.376464834602,26.8680953591087],[-81.3762144263521,26.8677842660534],[-81.3764902426622,26.8661683414839],[-81.37623983990841,26.8658572467351],[-81.3771132018219,26.86074009447722]]},"properties":{"segment_id":"19a3c3dc15dde705cf5bebbc","source_kmz":"caloosahatchee","orientation":"unverified"}},{"type":"Feature","geometry":{"type":"LineString","coordinates":[[-81.0453265751471,26.8189384024036],[-81.052529674783,26.814181736145],[-81.0575623215972,26.8149074667054],[-81.0585912401695,26.8142278488964],[-81.059183318182,26.814313207267],[-81.0595262862301,26.8140866635582],[-81.0817300100589,26.8172850945885]]},"properties":{"segment_id":"99d0e6da5b7712201ee5b2c2","source_kmz":"caloosahatchee","orientation":"unverified"}},{"type":"Feature","geometry":{"type":"LineString","coordinates":[[-81.0812316144916,26.8166614062789],[-81.0817300100589,26.8172850945885]]},"properties":{"segment_id":"6754e3c208afb58b99e0dda1","source_kmz":"caloosahatchee","orientation":"unverified"}},{"type":"Feature","geometry":{"type":"LineString","coordinates":[[-81.4396022378302,26.8733891381771],[-81.4392600339787,26.8736168878893],[-81.4389636060756,26.8735752934217],[-81.4382116637501,26.8726424757018],[-81.438257443069,26.8723731321553],[-81.4380067998543,26.8720621910131],[-81.4380983588692,26.8715235029528],[-81.4372090992539,26.871398706373],[-81.4369584626425,26.8710877618321],[-81.43666204453,26.8710461605336],[-81.4359101490899,26.8701133193652],[-81.43595593424662,26.8698439748333],[-81.43536310781201,26.8697607654057],[-81.4351124826016,26.8694498149508],[-81.4348160710008,26.8694082082211],[-81.4344738703023,26.8696359449255],[-81.4339726288149,26.8690140386433],[-81.4340184194319,26.86874469409331],[-81.4304615344456,26.8682453193168],[-81.4303699312678,26.86878400585641],[-81.4296855095631,26.8692394497291],[-81.42963970516941,26.8695087919917],[-81.4293891012997,26.8691978275926],[-81.42879628563,26.8691145807842],[-81.428750478529,26.8693839227557],[-81.4266756263695,26.869092531625],[-81.4267214397874,26.8688231903327],[-81.4260369985303,26.8692786102759],[-81.425444185538,26.8691953444862],[-81.424943011639,26.8685733941281],[-81.424646607948,26.8685317584693],[-81.4243960248938,26.8682207812171],[-81.4238032207455,26.8681375058681],[-81.4235526418725,26.8678265262363],[-81.4226634413583,26.86770160463],[-81.4224128678546,26.8673906218707],[-81.42182007131751,26.8673073350781],[-81.4215695019948,26.8669963499393],[-81.4209767089775,26.8669130582702],[-81.4206344816736,26.8671407513516],[-81.4203380849773,26.8670991033072],[-81.4200875215956,26.8667881144281],[-81.4197911263735,26.8667464647905],[-81.41903945062072,26.865813490609],[-81.4181502773634,26.86568852989331],[-81.4178080474602,26.8659162145414],[-81.4160297049678,26.86566626463941],[-81.4161213942876,26.8651275857517],[-81.4156203111385,26.8645055833163],[-81.4147311562955,26.864380593051],[-81.41448062099231,26.8640695882644],[-81.4141842378048,26.8640279224045],[-81.4142300874935,26.8637585825943],[-81.4127481803569,26.8635502411042],[-81.4120637072099,26.864005576621],[-81.4120178506337,26.8642749152865],[-81.4116756101653,26.8645025808078],[-81.4113792268453,26.8644609070509],[-81.410010244463,26.8653715526495],[-81.4099643807572,26.86564088933771],[-81.41026076744411,26.8656825669605],[-81.41021490435442,26.8659519035134],[-81.4091881433396,26.8666348752082],[-81.4091422763988,26.86690421054],[-81.40854949600532,26.8668208484074],[-81.4082072363041,26.8670485008814],[-81.407656774783,26.870280500451],[-81.40790730352921,26.8705915159322],[-81.4074944358929,26.8730154924352],[-81.4071521488572,26.8732431373304]]},"properties":{"segment_id":"74fa988a7b3720a07c04bec5","source_kmz":"caloosahatchee","orientation":"unverified"}},{"type":"Feature","geometry":{"type":"LineString","coordinates":[[-81.1051143962077,26.8573490150893],[-81.105348441927,26.8560029720469],[-81.1070634862682,26.8548696219022],[-81.107110288577,26.8546004109328],[-81.1074532908524,26.8543737367445],[-81.1076404924027,26.8532968892054],[-81.1083264820176,26.8528435343436],[-81.1083732792921,26.8525743212111],[-81.1087162702074,26.8523476415344],[-81.1088566567053,26.8515399997406],[-81.1056146567067,26.8474872111513],[-81.1053184809675,26.8474446680701],[-81.1050691101444,26.847132908199],[-81.1047729358887,26.8470903635282],[-81.1040248377942,26.8461550764013],[-81.1034324973083,26.846069980055],[-81.10293377901172,26.8454464479244],[-81.1026376115899,26.8454038969942],[-81.1023882563331,26.8450921288642],[-81.1020920903947,26.8450495763445],[-81.1018427381295,26.8447378065896],[-81.1012504095114,26.8446526975266],[-81.1010010614295,26.8443409254015],[-81.100408736362,26.8442558114708],[-81.0966687668501,26.8395791016817],[-81.0969028960196,26.83823300745391],[-81.0972458600924,26.8380063558795],[-81.09743315340882,26.8369294749636],[-81.0977761109159,26.8367028207831],[-81.0979633947972,26.8356259348004],[-81.1003640136012,26.8340393105011],[-81.1005980701872,26.832693186127],[-81.1009410025761,26.8324665187466],[-81.1013154684136,26.8303127049397],[-81.1030300557161,26.829179335596],[-81.1033108571054,26.8275639554494],[-81.1036537620209,26.8273372757575],[-81.1038877492027,26.825991117546],[-81.1042306463632,26.8257644349151],[-81.1045582078321,26.8238798012747],[-81.1049010948558,26.8236531150394],[-81.1054625812694,26.8204222838744],[-81.1058054522019,26.8201955923709],[-81.1058522396502,26.8199263545882],[-81.1061951075929,26.8196996614763],[-81.1066629541333,26.817007267463],[-81.107005808368,26.816780569748],[-81.1071929340586,26.8157036042644],[-81.1075357817312,26.8154769039426],[-81.1077696763321,26.8141306901624],[-81.1084553543734,26.813677282364],[-81.1085021300376,26.81340803824081],[-81.10884496516961,26.8131813320952],[-81.1090788331656,26.8118351063065]]},"properties":{"segment_id":"6132f2748e9f9b96c709c1bd","source_kmz":"caloosahatchee","orientation":"unverified"}},{"type":"Feature","geometry":{"type":"LineString","coordinates":[[-81.0817300100589,26.8172850945885],[-81.0912008928003,26.8291345038148],[-81.0918867768314,26.8286812247077],[-81.0919336122427,26.8284119998653],[-81.0922765503683,26.8281853580651],[-81.0923233842964,26.8279161326563],[-81.0930092527679,26.8274628445627],[-81.0930560840214,26.8271936182547],[-81.0937419429142,26.826740324392],[-81.0937887714933,26.8264710971849],[-81.09413169705,26.8262444480069],[-81.094178524146,26.8259752202333],[-81.0945214467123,26.8257485694467],[-81.0945682723253,26.8254793411066],[-81.09525410967872,26.8250260350402],[-81.0953009326174,26.8247568058009],[-81.0966725809721,26.8238501770264],[-81.0967193988542,26.8235809462224],[-81.0977481126583,26.8229009602464],[-81.0977949266752,26.8226317282104],[-81.0981378264877,26.822405063334],[-81.0981846390217,26.82213583073141],[-81.0988704308678,26.8216824964854],[-81.098917240728,26.8214132629836],[-81.0999459114327,26.8207332510474],[-81.09999271742791,26.8204640163135],[-81.1003356028741,26.8202373427837],[-81.1003824073867,26.8199681074832],[-81.1007252898431,26.8197414323448],[-81.100772092873,26.8194721964778],[-81.1011149723396,26.8192455197307],[-81.1011617738868,26.8189762832972],[-81.10150465036371,26.81874960494151],[-81.1015514504283,26.8184803679414],[-81.1018943239154,26.8182536879771],[-81.1019411224975,26.8179844504104],[-81.1022839929949,26.8177577688375],[-81.10233079009441,26.8174885307042],[-81.1030165233113,26.8170351630654],[-81.1030633177374,26.8167659240327],[-81.1037490413776,26.8163125506251],[-81.10379583313032,26.816043310693],[-81.1044815471942,26.8155899315166],[-81.1045283362736,26.8153206906851],[-81.1048711894167,26.8150939988504],[-81.1049179770137,26.8148247574522],[-81.1052608271674,26.814598064009],[-81.1053076132821,26.8143288220441],[-81.1059933058118,26.8138754306647],[-81.1060400892534,26.8136061878003],[-81.1067257722072,26.8131527906522],[-81.1067725529758,26.81288354688832],[-81.1074582263538,26.8124301439716],[-81.1075050044494,26.8121608993082],[-81.1078478372498,26.8119341956034],[-81.1078946138633,26.8116649503733],[-81.1082374436744,26.8114382450599],[-81.10828421880571,26.8111689992631],[-81.1086270456277,26.8109422923411]]},"properties":{"segment_id":"49126603940ebb7aadc76a33","source_kmz":"caloosahatchee","orientation":"unverified"}},{"type":"Feature","geometry":{"type":"LineString","coordinates":[[-81.4136472357804,26.8529208224124],[-81.412620656813,26.8536038538664],[-81.412324310435,26.8535621814581],[-81.4119821132219,26.8537898551239],[-81.4112306345785,26.8528567894213],[-81.4109342914343,26.8528151129821],[-81.41043331706761,26.8521930632672],[-81.41013697658522,26.8521513844872],[-81.40963601181001,26.8515293297426],[-81.4093396739894,26.8514876486218],[-81.4090891954955,26.8511766191763],[-81.4087928591488,26.8511349364626],[-81.40854238364662,26.8508239053858],[-81.4079497141872,26.85074053592781],[-81.4076075166222,26.8509681971582],[-81.406422178672,26.8508014443341],[-81.4056707860871,26.84986833050411],[-81.4053744558785,26.849826637942],[-81.405123996479,26.8495155974839],[-81.4048276677443,26.849473903329],[-81.4043267567323,26.8488518182667],[-81.4037341048729,26.8487684244307],[-81.40198098977652,26.8465910884142],[-81.4020727464586,26.8460523917554],[-81.4010710110075,26.8448081792246],[-81.3981079175805,26.8443910790301],[-81.3974235190801,26.8448463442653],[-81.3971731027493,26.8445352802217],[-81.39628418017162,26.8444101257919],[-81.3962382847973,26.8446794729935],[-81.3959419769421,26.8446377530633],[-81.3955997719091,26.8448653790627],[-81.3950071558263,26.8447819347834],[-81.3939805262142,26.84546479949711],[-81.3927952900979,26.84529788949491],[-81.3927493833737,26.8455672344638],[-81.3924530741585,26.84552550475381],[-81.3914264155201,26.8462083428983],[-81.391380504044,26.8464776865474],[-81.3904915698725,26.8463524835776],[-81.3894899977534,26.845108161184],[-81.38953591439622,26.844838817284],[-81.3892855264902,26.8445277343416],[-81.389331443462,26.8442583900732],[-81.3889892225141,26.8444859946872],[-81.3883966154208,26.8444025128435],[-81.3878958521467,26.8437803398227],[-81.3875995514056,26.8437385961381],[-81.3872573279539,26.84396619542961],[-81.3872114046706,26.8442355390176],[-81.3865269499814,26.8446907331242],[-81.385341738891,26.8445237382433],[-81.3846572720666,26.8449789197246],[-81.38406466577891,26.84489541344641],[-81.3835639308476,26.8442732205754],[-81.3832676305096,26.84423146467361],[-81.3827669051673,26.8436092667742],[-81.3828128419749,26.8433399246444],[-81.38256248262381,26.8430288242341],[-81.3826084197601,26.8427594817358],[-81.3823580628273,26.8424483803067],[-81.382061769331,26.8424066207639],[-81.3821536457777,26.8418679349918],[-81.3819032930663,26.8415568316605],[-81.38194923147502,26.8412874882894],[-81.3814485326917,26.8406652787056],[-81.3814944720442,26.8403959348304],[-81.3809937817032,26.8397737214421],[-81.3811316017324,26.83896568760491],[-81.3793792552488,26.8367879100716]]},"properties":{"segment_id":"9dced15d3d4b3aa2b154238e","source_kmz":"caloosahatchee","orientation":"unverified"}},{"type":"Feature","geometry":{"type":"LineString","coordinates":[[-81.5143101283535,26.8802592003036],[-81.5118008105619,26.8771516443435],[-81.5119374661531,26.8763435272758],[-81.5094283475413,26.8732358788128],[-81.5076495899191,26.8729874923441],[-81.5063951339543,26.8714336124836],[-81.5060986812817,26.8713922080362],[-81.50559691391132,26.8707706484037],[-81.5053004638973,26.8707292416134],[-81.5050495841081,26.8704184597218],[-81.50416023933361,26.8702942320327],[-81.5042058116984,26.8700248578341],[-81.5039093649118,26.8699834470104],[-81.50165157637241,26.8671863420121],[-81.4995765316202,26.8668963954067],[-81.4983223094016,26.8653423910263],[-81.4980258815103,26.8653009629581],[-81.4977750436703,26.8649901586801],[-81.4965893396978,26.8648244349597],[-81.4962473201352,26.8650523767981],[-81.4959508942348,26.865010942813],[-81.4946967646396,26.86345688637571],[-81.4947423629142,26.86318751091221],[-81.4944915430296,26.8628766968359],[-81.4945827399619,26.8623379449405],[-81.4942863241769,26.8622965059079],[-81.4940355085212,26.8619856899271],[-81.4937390942078,26.8619442493006],[-81.4937846946708,26.861674873062],[-81.4932830723858,26.86105323667841],[-81.4933286738007,26.8607838599359],[-81.4930778659843,26.8604730402817],[-81.4935794695736,26.8575098792854],[-81.4930778729553,26.8568882343364],[-81.4931690723826,26.8563494742274],[-81.4926674854569,26.8557278251971],[-81.4928954852283,26.8543809194989],[-81.4926446975634,26.8540700929777],[-81.49273589671701,26.85353132879961],[-81.4924851120931,26.8532205011221],[-81.4925307118613,26.8529511185484],[-81.4922799296604,26.8526402898505],[-81.4923255297622,26.8523709069085],[-81.49182397201102,26.8517492465872],[-81.4915275938868,26.8517077984496],[-81.4916187975141,26.8511690315175],[-81.4913680237685,26.8508581990096],[-81.4915504300818,26.8497806618116],[-81.4912996606129,26.8494698278753],[-81.4915276651947,26.8481229004663],[-81.49127690062032,26.8478120649655],[-81.49132250130131,26.8475426786501]]},"properties":{"segment_id":"af4d6bb7d6732540d51f767d","source_kmz":"caloosahatchee","orientation":"unverified"}},{"type":"Feature","geometry":{"type":"LineString","coordinates":[[-81.5038160241637,26.8525983164389],[-81.4993702521639,26.8519770170747],[-81.4991194481796,26.8516662038953],[-81.49823030501521,26.8515419189568],[-81.4978883423776,26.851769875028],[-81.4976375443271,26.8514590581052],[-81.4970447847763,26.8513761938731],[-81.4965431988372,26.8507545543792],[-81.4959504451708,26.8506716837718],[-81.4956996572821,26.8503608612006],[-81.4954032820623,26.8503194238806],[-81.4946509327854,26.8493869486136],[-81.49435456141022,26.8493455082026],[-81.4941037831143,26.8490346805957],[-81.49351104359042,26.84895179574101],[-81.4932602694728,26.8486409657523],[-81.4929639013242,26.8485995213086],[-81.4927131301981,26.8482886896868],[-81.4921203971276,26.8482057967668],[-81.49161886503641,26.8475841278749],[-81.49132250130131,26.8475426786501]]},"properties":{"segment_id":"b24e3a49d5ae3d70b29a3df4","source_kmz":"caloosahatchee","orientation":"unverified"}},{"type":"Feature","geometry":{"type":"LineString","coordinates":[[-81.6434085170033,26.955525134742],[-81.6429052714525,26.9549043868668],[-81.6426084666969,26.954863379388],[-81.6450028667596,26.9405865690035],[-81.6444996968834,26.9399658018111],[-81.6445900385771,26.9394270410242],[-81.6438353010789,26.9384958827887],[-81.6439256453826,26.9379571202697],[-81.6436740710832,26.9376467321513],[-81.6437192434349,26.9373773504107],[-81.6432161015129,26.936756571249],[-81.6432612748286,26.9364871890079],[-81.6430097072059,26.9361767979645],[-81.6431452273291,26.93536864945151],[-81.6426421012522,26.9347478638999],[-81.6427324490823,26.9342090965307],[-81.642480890005,26.9338987021574],[-81.6426164115032,26.9330905489674],[-81.6421133025164,26.9324697567556],[-81.6421584770308,26.9322003716273],[-81.6419069258753,26.9318899740587],[-81.6420876236035,26.9308124306967],[-81.6418360767495,26.9305020317029],[-81.6418812510992,26.9302326451502],[-81.6416297066781,26.9299222451363],[-81.6418104037474,26.9288446960761],[-81.6380374919782,26.924188581541],[-81.6382182219,26.9231110206796],[-81.63796671141712,26.9228006054217],[-81.6381926205852,26.9214536484711],[-81.6379411150251,26.9211432316521],[-81.6381218397722,26.920065661392],[-81.6368643515663,26.9185135613135],[-81.6369547184733,26.9179747734447],[-81.6376384312852,26.9175180392439],[-81.637935105225,26.9175590652713],[-81.6383417128394,26.915134501673],[-81.6465454308295,26.9096532022057],[-81.648028689332,26.9098582023406],[-81.6483704851868,26.9096297942966],[-81.6492604418022,26.9097527814022],[-81.6526782821646,26.90746860294182],[-81.6529749287055,26.907509587536],[-81.6532005636144,26.9061625381371],[-81.6542258607831,26.905477252133],[-81.654270983361,26.9052078405785],[-81.6548642626965,26.90528980043141],[-81.6558895362882,26.9046044963803],[-81.6563406929006,26.9019103563907],[-81.6590745813284,26.9000827969479],[-81.660261079794,26.9002466612504],[-81.661969688815,26.8991043765438],[-81.6620147838913,26.898834956639],[-81.66269821246571,26.8983780332232],[-81.6628785804688,26.8973003486742],[-81.6635619923208,26.8968434175687],[-81.6636070812461,26.896573995199],[-81.6633104672401,26.8965330394389],[-81.662807422505,26.895912280521],[-81.6634908237444,26.8954553480282],[-81.6635810003078,26.8949165009344],[-81.66387760888762,26.8949574561209],[-81.6652443776837,26.8940435695323],[-81.6653345418264,26.8935047187053],[-81.66563114638731,26.8935456690893],[-81.66599178446772,26.8913902557582],[-81.6657402665395,26.8910798785264],[-81.6664236139999,26.89062292042661],[-81.6664686907453,26.8903534919286],[-81.6667652850173,26.8903944394741],[-81.66744862162642,26.8899374737639],[-81.6676739847557,26.8885903240525],[-81.667422468937,26.8882799483261],[-81.6674675413418,26.88801051755331],[-81.6668743687931,26.8879286250279],[-81.6658683355788,26.8866871067147],[-81.6659134120021,26.8864176753575],[-81.6651589079481,26.8854865269095],[-81.66538429518691,26.8841393646092],[-81.6657259432964,26.8839108827223],[-81.6660225150835,26.8839518331446],[-81.6673890869476,26.883037889148],[-81.6674341567199,26.8827684542618],[-81.6677307253929,26.8828093999778],[-81.6677757939799,26.8825399647645],[-81.6691423249373,26.8816259940912],[-81.66932257750632,26.880548245687],[-81.6688195826785,26.8799274866845],[-81.6689998357301,26.8788497334846],[-81.668245364523,26.8779185866991],[-81.6679488124046,26.8778776418568],[-81.6679938777368,26.8776082026645],[-81.6677423927586,26.8772978177436],[-81.6679226537659,26.8762200581128],[-81.6692890831495,26.8753060686322],[-81.6693341429574,26.8750366268362],[-81.6700173444311,26.874579623831],[-81.6702876831513,26.8729629642616],[-81.6706292740654,26.8727344588929],[-81.6706743283495,26.8724650144929],[-81.6713575023841,26.8720079992959],[-81.6714025540169,26.8717385540096],[-81.6728852201919,26.8719432244794],[-81.6732268001985,26.8717147099455]]},"properties":{"segment_id":"c3c5a8ad8879736bc4dba62f","source_kmz":"caloosahatchee","orientation":"unverified"}},{"type":"Feature","geometry":{"type":"LineString","coordinates":[[-81.6624235696868,26.8746336235386],[-81.6634484192616,26.8739481840326],[-81.663699879049,26.8742585823183],[-81.6654079283302,26.8731161547028],[-81.6654980696001,26.8725772707719],[-81.6658396716626,26.8723487807889],[-81.6658847406904,26.8720793381485],[-81.6662263397599,26.8718508465696],[-81.66889512532121,26.8722193701562],[-81.6699198948706,26.8715338623984],[-81.6699649507418,26.8712644173577],[-81.6732268001985,26.8717147099455]]},"properties":{"segment_id":"50d2b3a2c17d552993d68b72","source_kmz":"caloosahatchee","orientation":"unverified"}},{"type":"Feature","geometry":{"type":"LineString","coordinates":[[-81.0241286251076,26.7943486350398],[-81.0255005370679,26.7934428596477],[-81.0314196192456,26.7942982185592],[-81.0334773606116,26.79293940399261],[-81.034957131285,26.7931531626896],[-81.0356430246417,26.7927002048559],[-81.0397864044915,26.7932985905743],[-81.0408152056062,26.7926191046395],[-81.04140711806012,26.7927045691541],[-81.0424358993672,26.79202506607111],[-81.0427318542154,26.7920677942335],[-81.0437606175325,26.7913882768316],[-81.0520474211259,26.7925842435721],[-81.0626765023449,26.7855610725056]]},"properties":{"segment_id":"d3b2fbd71cc4306ca288d131","source_kmz":"caloosahatchee","orientation":"unverified"}},{"type":"Feature","geometry":{"type":"LineString","coordinates":[[-81.2621215839895,26.8463961729517],[-81.2618716506305,26.8460847865524],[-81.2615754031447,26.84604268601],[-81.2610755442118,26.8454199090734],[-81.2607792993941,26.8453778061931],[-81.2602794500477,26.8447550242365],[-81.2585020014821,26.8445023802581],[-81.255503142402,26.8407655607038],[-81.255206916261,26.84072344145901],[-81.25470713401592,26.8401006243635],[-81.25441091054302,26.8400585027809],[-81.2534113724293,26.8388128550236],[-81.2531151540036,26.8387707296103],[-81.2528652751684,26.8384593147203],[-81.2529116141811,26.8381900258549],[-81.2526617377591,26.8378786099481],[-81.251773094055,26.8377522244556],[-81.2515232230031,26.83744080542751],[-81.25156956565262,26.8371715163528],[-81.2519121193015,26.8369443569373],[-81.2520048013547,26.8364057774258],[-81.2515050671701,26.8357829371361],[-81.2512088600623,26.8357408059467],[-81.2509589968615,26.8354293837327],[-81.2510053401907,26.83516009331961],[-81.2516904327042,26.8347057742326],[-81.25198663649842,26.8347479041853],[-81.2514869120339,26.8341250607801],[-81.252171993808,26.8336707371576],[-81.2519221331221,26.833359315355],[-81.2520148112673,26.8328207301711],[-81.2523573464959,26.8325935663977],[-81.25265354337411,26.8326356947216],[-81.2521538263186,26.8320128506455],[-81.2522001640913,26.8317435570038],[-81.251950308877,26.8314321335078],[-81.2519966469726,26.8311628394975],[-81.2523391756764,26.8309356746787],[-81.2526353668624,26.8309778032591],[-81.2526817025792,26.8307085085861],[-81.2530242276809,26.8304813412196],[-81.25311689586931,26.8299427505109],[-81.2534594167912,26.8297155812079],[-81.2555904116153,26.8173277220023],[-81.2617544956936,26.8132381823192]]},"properties":{"segment_id":"644f180311d5dbdebf0e6b19","source_kmz":"caloosahatchee","orientation":"unverified"}},{"type":"Feature","geometry":{"type":"LineString","coordinates":[[-81.2615133890759,26.8181699825566],[-81.261013691814,26.8175471543953],[-81.2617544956936,26.8132381823192]]},"properties":{"segment_id":"cb67e44a0837f76ad0c021eb","source_kmz":"caloosahatchee","orientation":"unverified"}},{"type":"Feature","geometry":{"type":"LineString","coordinates":[[-81.6905571461972,26.8914711254256],[-81.6912403653683,26.891014005761],[-81.6939098500075,26.891381870427],[-81.6949346483609,26.8906961560065],[-81.69524955706352,26.8888100661541],[-81.695932730328,26.8883529122913],[-81.6965259333278,26.8884346399434],[-81.6989169740449,26.8868345483046],[-81.6990518932797,26.8860262112133],[-81.7007597074663,26.8848832456717],[-81.7008046740579,26.8846137978774],[-81.70110126487751,26.8846546487595],[-81.7013710531065,26.8830379565594],[-81.7020541482827,26.8825807550088],[-81.7020991096353,26.8823113048446],[-81.703582030054,26.8825155338212],[-81.7049481814886,26.8816010953753],[-81.7049931332993,26.8813316431957],[-81.7061794610879,26.8814949957143],[-81.707887091287,26.8803518986732],[-81.70936999174,26.8805560467647],[-81.7098732817263,26.8811766095726],[-81.7107630324727,26.8812990837748],[-81.7110146837333,26.8816093615968],[-81.7116977165367,26.8811520951631],[-81.7122908849773,26.8812337351369],[-81.7124705981115,26.8801559112529],[-81.71281210581321,26.879927272945],[-81.7128570322109,26.8796578160682],[-81.71319853691921,26.8794291761657],[-81.7132434618518,26.8791597187306],[-81.71426796157081,26.8784737904357],[-81.7143128826689,26.8782043317885],[-81.716020340105,26.8770610909734],[-81.7160652549995,26.8767916304606],[-81.7164067398763,26.8765629781673]]},"properties":{"segment_id":"6f923a82d7acaa65ec654b2e","source_kmz":"caloosahatchee","orientation":"unverified"}},{"type":"Feature","geometry":{"type":"LineString","coordinates":[[-81.7087947283114,26.8876434512374],[-81.7094778206115,26.8871862073637],[-81.7095227611931,26.8869167576364],[-81.7110057782736,26.8871208786216],[-81.711760791009,26.8880516918367],[-81.7120573988215,26.88809251124451],[-81.7123090745362,26.888402779792],[-81.7131989032116,26.8885252306885],[-81.7134505842903,26.8888354960975],[-81.7140438071795,26.888917124298],[-81.7147268817553,26.8884598478512],[-81.7148616554992,26.8876514942196],[-81.71554471572921,26.8871942107415],[-81.7155896373799,26.8869247584147],[-81.7159311635965,26.8866961144473],[-81.7160210036868,26.8861572084459],[-81.7163625257246,26.8859285625574],[-81.7169015284961,26.8826951031838],[-81.7151398374182,26.88052324583961],[-81.7152296760246,26.87998433079421],[-81.7155711757413,26.8797556833636],[-81.7157508448509,26.8786778491867],[-81.7160923380203,26.8784491991811],[-81.7161821685237,26.8779102800495],[-81.716523657515,26.8776816281225],[-81.7162719979057,26.8773713599914],[-81.7164067398763,26.8765629781673]]},"properties":{"segment_id":"7c80732c5b28e7e7617235c3","source_kmz":"caloosahatchee","orientation":"unverified"}},{"type":"Feature","geometry":{"type":"LineString","coordinates":[[-81.0951686374575,26.7941046224291],[-81.1033951863388,26.7886640639913]]},"properties":{"segment_id":"81422d45702444a3f59ce90a","source_kmz":"caloosahatchee","orientation":"unverified"}},{"type":"Feature","geometry":{"type":"LineString","coordinates":[[-81.1419413021656,26.8113082972483],[-81.14144250665801,26.8106848852754],[-81.144288922635,26.79425952149281]]},"properties":{"segment_id":"515d873ae4915475ff1c9e2c","source_kmz":"caloosahatchee","orientation":"unverified"}},{"type":"Feature","geometry":{"type":"LineString","coordinates":[[-81.5586524644106,26.8602453717686],[-81.5636919754494,26.8609466227735],[-81.5674519534371,26.8584367368134],[-81.5716021049567,26.8590139092132],[-81.5777541685754,26.8549062544612],[-81.5777995032791,26.8546368361391]]},"properties":{"segment_id":"7142faa6c8771f2c1319b3e0","source_kmz":"caloosahatchee","orientation":"unverified"}},{"type":"Feature","geometry":{"type":"LineString","coordinates":[[-80.9850120543064,26.8132534386475],[-80.9856983688305,26.8128008355419],[-80.9859943667191,26.8128437218159],[-80.9928761336752,26.773539538531],[-80.9952769557783,26.7719550394344],[-81.0136210051053,26.77461103032641]]},"properties":{"segment_id":"1dc5d538323ff4528383eb23","source_kmz":"caloosahatchee","orientation":"unverified"}},{"type":"Feature","geometry":{"type":"LineString","coordinates":[[-81.0084094325549,26.769716131367],[-81.0086582314499,26.7700281926156],[-81.0089540943083,26.7700710192423],[-81.0092028961897,26.7703830788669],[-81.009498760532,26.7704259039057],[-81.0097475653998,26.7707379619064],[-81.010043431226,26.7707807853573],[-81.0102922390802,26.771092841734],[-81.0105881063902,26.7711356635971],[-81.0110857298674,26.7717597722229],[-81.0113815998521,26.7718025917538],[-81.0136210051053,26.77461103032641]]},"properties":{"segment_id":"94cb184ec48f6896d78aafa4","source_kmz":"caloosahatchee","orientation":"unverified"}},{"type":"Feature","geometry":{"type":"LineString","coordinates":[[-80.97098163593792,26.7894124263462],[-80.9716678346462,26.7889598836727],[-80.9733664268829,26.7792684574083],[-80.987773138923,26.769763375401],[-80.9881501518881,26.7676095714695],[-80.9891790529752,26.7669305427889],[-81.0084094325549,26.769716131367]]},"properties":{"segment_id":"b631206c968a80cb384e4d6c","source_kmz":"caloosahatchee","orientation":"unverified"}},{"type":"Feature","geometry":{"type":"LineString","coordinates":[[-81.6977051196083,26.8759174345342],[-81.6977950622366,26.8753785272142],[-81.69809161991,26.8754193877327],[-81.6987746721796,26.874962197414],[-81.698819639799,26.8746927426572],[-81.699116195602,26.8747336003526],[-81.7008237855897,26.8735905960257],[-81.7011203385558,26.8736314481703],[-81.7011652981625,26.8733619913563],[-81.701506808927,26.8731333854189],[-81.7010036259496,26.8725127677604],[-81.70118346182,26.8714349357877],[-81.7009318755377,26.8711246250823],[-81.7010217930364,26.8705857074325],[-81.7025045095439,26.870789958687],[-81.7027561005024,26.8711002659131],[-81.7030526458302,26.8711411128764],[-81.7035558355412,26.8717617231669],[-81.7047420291348,26.8719250965593],[-81.7052452355557,26.8725456972984],[-81.707321101729,26.872831557668],[-81.7076625940981,26.8726029312761],[-81.7077075327543,26.8723334708397],[-81.7090734794092,26.8714189512851],[-81.709370028819,26.8714597802978],[-81.7094149615523,26.8711903182267],[-81.7086601215309,26.8702594421905],[-81.7093430770273,26.8698021759539],[-81.7099361652779,26.869883831991],[-81.7109605812188,26.8691979174814],[-81.7115536668487,26.8692795644901],[-81.7116884403627,26.8684711696108],[-81.7123713656808,26.8680138812064],[-81.7126679049566,26.86805470127471],[-81.7127128256276,26.8677852351024],[-81.7133957400967,26.8673279390908]]},"properties":{"segment_id":"2362c99ac3edff97241526fa","source_kmz":"caloosahatchee","orientation":"unverified"}},{"type":"Feature","geometry":{"type":"LineString","coordinates":[[-81.7164067398763,26.8765629781673],[-81.7167482229446,26.8763343246063],[-81.71679313518962,26.8760648632082],[-81.716541479324,26.8757545942586],[-81.7166313042209,26.8752156704945],[-81.7169278702425,26.8752564776241],[-81.7169727813663,26.8749870152994],[-81.7167211279965,26.8746767458039],[-81.7167660394639,26.8744072831112],[-81.7155078028617,26.8728559216455],[-81.7152112457557,26.8728151102029],[-81.7147079661427,26.8721945579061],[-81.7147528826012,26.8719250941214],[-81.7142496114694,26.87130453800321],[-81.7142945288953,26.8710350737138],[-81.7137912662443,26.8704145137742],[-81.7140607723983,26.8687977215323],[-81.713809147528,26.8684874394125],[-81.713854064863,26.8682179730911],[-81.7133508217945,26.8675974059171],[-81.7133957400967,26.8673279390908]]},"properties":{"segment_id":"37d4110ba17d8f75aed94d6f","source_kmz":"caloosahatchee","orientation":"unverified"}},{"type":"Feature","geometry":{"type":"LineString","coordinates":[[-81.0066678905649,26.7675316779951],[-81.0084094325549,26.769716131367]]},"properties":{"segment_id":"ac663eb281231070971522aa","source_kmz":"caloosahatchee","orientation":"unverified"}},{"type":"Feature","geometry":{"type":"LineString","coordinates":[[-80.9502867090578,26.7690155690162],[-80.9510324757419,26.7699521672976],[-80.9536949923904,26.7703390458978],[-80.9539435955987,26.770651236873],[-80.9566061467912,26.7710380404568],[-80.9568547625183,26.7713502238589],[-80.95715060420142,26.7713931970736],[-80.9581450898259,26.7726419189168],[-80.9588312226284,26.7721894382264],[-80.9620855396951,26.7726620344381],[-80.9644869014829,26.7710782391487],[-80.9656702814232,26.7712500406024],[-80.9660133235122,26.7710237752492],[-80.9671967057394,26.771195559434],[-80.9678827797022,26.7707430173494],[-80.970841243762,26.7711723999023],[-80.9818172574204,26.7639307297522],[-81.0066678905649,26.7675316779951]]},"properties":{"segment_id":"c61351d810f0a57c7b86bbd9","source_kmz":"caloosahatchee","orientation":"unverified"}},{"type":"Feature","geometry":{"type":"LineString","coordinates":[[-81.16737130222862,26.8116393898027],[-81.1671218109147,26.8113277452648],[-81.1672615849125,26.8105199279907],[-81.1670120972256,26.8102082821659],[-81.1667160190772,26.8101659083891],[-81.1657180910813,26.80891931329611],[-81.1657646857792,26.8086500398256],[-81.16551520888731,26.8083383887143],[-81.1656083986304,26.8077998408009],[-81.1643610472491,26.8062415706748],[-81.1640649839883,26.8061991888924],[-81.16372232144661,26.8064260808194],[-81.163426257867,26.8063836972502],[-81.1631767959482,26.8060720384801],[-81.1602161880219,26.8056481489018],[-81.1584700882492,26.8034664606462],[-81.1581740373828,26.803424061826],[-81.1582672675667,26.8028855126823],[-81.1567706952186,26.8010154537172],[-81.1570970172884,26.7991305186537],[-81.1563487681831,26.798195474431],[-81.1566284724471,26.7965798042384],[-81.1558802504877,26.7956447496457],[-81.1555842276783,26.79560234251211],[-81.1556308467649,26.7953330630192],[-81.1553348251451,26.79529065514],[-81.1550854244103,26.7949789668867],[-81.1557380822388,26.791209028885],[-81.1554886918248,26.7908973378517],[-81.1557217731556,26.7895509196222],[-81.1549736218338,26.7886158391996],[-81.1550202390548,26.788346554444],[-81.15452148171501,26.7877231628178],[-81.154568099863,26.7874538775565]]},"properties":{"segment_id":"f7cb1500232e153452f65760","source_kmz":"caloosahatchee","orientation":"unverified"}},{"type":"Feature","geometry":{"type":"LineString","coordinates":[[-81.34060337494581,26.83820979471381],[-81.34035318248131,26.8378985885709],[-81.3403992484777,26.837629260595],[-81.3401490584297,26.8373180534337],[-81.3402411907889,26.83677939651181],[-81.3399910037713,26.8364681881965],[-81.3401292019981,26.8356602006591],[-81.3398790186248,26.8353489910543],[-81.3401093463284,26.8340023398195],[-81.3396089911283,26.8333799166053],[-81.33979325303332,26.83230259033691],[-81.3390427411169,26.8313689472661],[-81.3392730712448,26.83002228215051],[-81.3390229072798,26.8297110653494],[-81.3394835521359,26.8270177162743],[-81.3392333961114,26.82670649723301],[-81.3393255228642,26.8261678243482],[-81.3390753698693,26.8258566041523],[-81.3394438703053,26.823701902198],[-81.3376666239372,26.82345058871501],[-81.3373243493584,26.82367803805681],[-81.3352509040326,26.8233847939674],[-81.33475064530802,26.8227623281038],[-81.3338620373194,26.8226366349128],[-81.3336119142241,26.822325398415],[-81.3336579929299,26.8220560611035],[-81.3331577533715,26.8214335851873],[-81.3332038330173,26.8211642473708],[-81.3329537165543,26.8208530079524],[-81.3331380347194,26.81977565381001],[-81.3326378121068,26.8191531712372],[-81.33268389215722,26.8188838318465],[-81.3330261599609,26.8186563945008],[-81.333072238536,26.818387054546],[-81.3334145033502,26.8181596155966],[-81.3334605804501,26.8178902750777],[-81.3332104725379,26.8175790332815],[-81.3335527337882,26.8173515933397],[-81.33359881002642,26.8170822521207],[-81.3339410682872,26.8168548105752],[-81.3340792917149,26.8160467845253],[-81.3344215446104,26.8158193407145],[-81.3345597618897,26.8150113115717],[-81.3349020094201,26.8147838654956],[-81.335086290354,26.8137064887142],[-81.3361130078824,26.8130241388788]]},"properties":{"segment_id":"ccce6c9c6ae6aa7e5d2331f3","source_kmz":"caloosahatchee","orientation":"unverified"}},{"type":"Feature","geometry":{"type":"LineString","coordinates":[[-81.3413718958504,26.8159747412124],[-81.33959480278371,26.8157234548151],[-81.3380940874099,26.8138560669954],[-81.3363170474401,26.8136047232942],[-81.3363631130658,26.8133353778922],[-81.3361130078824,26.8130241388788]]},"properties":{"segment_id":"e8e398608068b7735d0857c1","source_kmz":"caloosahatchee","orientation":"unverified"}},{"type":"Feature","geometry":{"type":"LineString","coordinates":[[-81.1904201668667,26.8152111295138],[-81.1910714362289,26.8114411952612],[-81.1908218600363,26.8111296071375],[-81.1911009617442,26.8095139061919],[-81.1903522549411,26.8085791340946],[-81.190445290184,26.8080405644297],[-81.1901957260681,26.8077289716969],[-81.1904283121521,26.8063825427652],[-81.1901787528848,26.8060709484735],[-81.1903183028864,26.8052630879019],[-81.1895696413681,26.8043282985184],[-81.1897091942492,26.803520434622],[-81.1903943580424,26.8030664751875],[-81.19123157773521,26.79821923564],[-81.1970548155033,26.794360272919],[-81.1982389727254,26.794529426958],[-81.1987380845265,26.79515259730312],[-81.1990806104533,26.794925583034],[-81.1991270936829,26.7946562836235],[-81.1998121377617,26.7942022505971],[-81.1998586183235,26.7939329502881],[-81.2008861673827,26.7932518901922]]},"properties":{"segment_id":"49430d54f75bf31e8d3c906d","source_kmz":"caloosahatchee","orientation":"unverified"}},{"type":"Feature","geometry":{"type":"LineString","coordinates":[[-81.2234578869176,26.8171668124332],[-81.22049660381512,26.8167446447417],[-81.2202469062295,26.816433131765],[-81.21956179330351,26.8168872691028],[-81.2195153617913,26.8171565600027],[-81.2183308529236,26.8169876583664],[-81.2176457255329,26.81744178240301],[-81.2173495978181,26.8173995529979],[-81.2173031591373,26.8176688425097],[-81.21700703081191,26.8176266121621],[-81.2163218913992,26.8180807266675],[-81.2154335044957,26.8179540249032],[-81.2151838216668,26.8176425009358],[-81.2142954409369,26.8175157893338],[-81.2139528654457,26.8177428384089],[-81.2137031885642,26.8174313107108],[-81.2116303143789,26.8171356089331],[-81.2113806476242,26.8168240751306],[-81.2107884028415,26.8167395798172],[-81.2104458212136,26.8169666179132],[-81.210196159217,26.8166550811263],[-81.20930779595191,26.8165283267575],[-81.2088084844958,26.8159052460627],[-81.2084659009739,26.8161322782245],[-81.2081697822333,26.8160900226448],[-81.2076704815143,26.8154669357104],[-81.20707824966,26.8153824190338],[-81.2065789608988,26.8147593255892],[-81.2066254314318,26.8144900385434],[-81.2058765136199,26.8135553913592],[-81.2059229856943,26.8132861036733],[-81.204895238136,26.81396717319671],[-81.2041463435663,26.8130325121772],[-81.2044716777729,26.8111474959594],[-81.2042220541209,26.810835939575],[-81.2043150053653,26.8102973611383],[-81.2020684844637,26.807493311571],[-81.202114965143,26.8072240207823],[-81.201818880028,26.8071817461003],[-81.2003212912023,26.8053123347633],[-81.2018551416289,26.7964255839281],[-81.2006073010707,26.7948676945161],[-81.2008861673827,26.7932518901922]]},"properties":{"segment_id":"7e5532f6f07203d82ff84f17","source_kmz":"caloosahatchee","orientation":"unverified"}},{"type":"Feature","geometry":{"type":"LineString","coordinates":[[-81.7133957400967,26.8673279390908],[-81.713737194619,26.8670992891832],[-81.7129823437666,26.8661684332005],[-81.7132069345069,26.8648210919078]]},"properties":{"segment_id":"d7b7f3a8856bee4a30a0b599","source_kmz":"caloosahatchee","orientation":"unverified"}},{"type":"Feature","geometry":{"type":"LineString","coordinates":[[-81.7437103060585,26.9257914739023],[-81.7429546185337,26.9248609938075],[-81.7429994742056,26.9245915593397],[-81.7427475826111,26.9242813973994],[-81.7430167145114,26.9226647849322],[-81.7422610618482,26.9217342913507],[-81.7423059180603,26.9214648547247],[-81.74155028356971,26.9205343527568],[-81.7416848561524,26.9197260402728],[-81.7423680281041,26.9192686244933],[-81.7426647576729,26.91930935340631],[-81.742709611364,26.9190399147026],[-81.7424577370169,26.9187297470454],[-81.7425474448092,26.9181908686739],[-81.7422955735231,26.9178806998587],[-81.7423852814455,26.9173418202922],[-81.74213341322042,26.9170316503188],[-81.7423576812506,26.9156844466829],[-81.7416020968161,26.9147539294062],[-81.7422852298452,26.9142965075354],[-81.7423300821159,26.9140270650558],[-81.7415745124898,26.9130965430821],[-81.7416193663557,26.9128270999641],[-81.7386523110887,26.9124197354231],[-81.7376449601773,26.9111789964645],[-81.7373482609324,26.9111382523535],[-81.73761745298691,26.9095215918157],[-81.7371137982629,26.908901213884],[-81.73715866387471,26.9086317693807],[-81.7369068398529,26.9083215789488],[-81.7369517058096,26.9080521340785],[-81.7351889927142,26.905880775275],[-81.7356825478638,26.9029168559822],[-81.7346753505503,26.9016760540313],[-81.7350791656806,26.8992510034545],[-81.7285332350934,26.891185413053],[-81.7291166946715,26.8876824831308],[-81.7281097694639,26.8864415627694],[-81.7281546515064,26.8861721044566],[-81.7276512010062,26.8855516386813],[-81.72787561326,26.8842043422824],[-81.7256102036502,26.8814121962507],[-81.7256550908792,26.8811427350493],[-81.7248999887756,26.88021200332931],[-81.7250795423808,26.8791341545715],[-81.7274697962768,26.8775333668582],[-81.727514675686,26.8772639018029],[-81.7278561321088,26.8770352124465],[-81.7279010100534,26.8767657468329],[-81.72824246348311,26.8765370558822],[-81.72833221616311,26.8759981233066],[-81.7280805190309,26.8756878820622],[-81.721852549647,26.8748314198918],[-81.7213492105555,26.8742109032142],[-81.7210526460357,26.8741701084965],[-81.7214567151295,26.8717449155905],[-81.72248106163151,26.87105889197551],[-81.7226606263978,26.8699810185157],[-81.7219056541708,26.869050234795],[-81.7207194676132,26.8688870546974],[-81.7204678185582,26.8685767886803],[-81.7192816412211,26.8684135920487],[-81.7185267191176,26.8674827796672],[-81.7176370997161,26.8673603665582],[-81.7172956544875,26.8675890290241],[-81.7169991146237,26.8675482220221],[-81.7159747662173,26.8682341989904],[-81.7156782247622,26.8681933883201],[-81.7151749687285,26.8675728298793],[-81.7153097056799,26.8667644262965],[-81.7148064606217,26.8661438634874],[-81.7145099268965,26.8661030492547],[-81.7145548408047,26.8658335807521],[-81.7142133934517,26.8660622341763],[-81.7137101603632,26.86544166481641],[-81.7134136295673,26.8654008473912],[-81.713458546531,26.8651313788057],[-81.7132069345069,26.8648210919078]]},"properties":{"segment_id":"4f75fc64958d0e9a5efc8c72","source_kmz":"caloosahatchee","orientation":"unverified"}},{"type":"Feature","geometry":{"type":"LineString","coordinates":[[-81.3882893440864,26.82011500333502],[-81.3856233763132,26.81973926371821],[-81.3852812427004,26.819966872566],[-81.3849850248752,26.8199251185542],[-81.3846428888452,26.820152725188],[-81.3837542352424,26.8200274552589],[-81.3834120955657,26.8202550577949],[-81.3831158776558,26.8202132985206],[-81.3827737355619,26.82044089884261],[-81.3821812993713,26.8203573758761],[-81.3819310088791,26.8200462529762],[-81.37896885697971,26.81962857998551],[-81.3787185801639,26.8193174487265],[-81.3784223677363,26.819275676034],[-81.37817209391001,26.8189645431438],[-81.3775796722888,26.8188809937296],[-81.3770791347924,26.81825872230821],[-81.3767829267863,26.8182169448391],[-81.3765326619286,26.8179058070554],[-81.3762364553963,26.8178640279941],[-81.3758943044861,26.8180916073635],[-81.3729322487697,26.8176737608736],[-81.3724317517299,26.8170514649878],[-81.3724777066333,26.816782106412],[-81.3715891053319,26.8166567318005],[-81.37133886369182,26.8163455801537],[-81.3710426650184,26.8163037861797]]},"properties":{"segment_id":"fbf2be2040b12d03607269b5","source_kmz":"caloosahatchee","orientation":"unverified"}},{"type":"Feature","geometry":{"type":"LineString","coordinates":[[-81.13456529559481,26.7821019615449],[-81.13481458520612,26.7824137105919],[-81.1368863635403,26.7827109662952],[-81.137135663276,26.7830227092434],[-81.15252652427881,26.785229561062],[-81.1527758876652,26.785541264366],[-81.153367861924,26.7856260962158],[-81.1536172294872,26.7859377971474],[-81.1539132182416,26.7859802110608],[-81.15416258879232,26.7862919103656],[-81.1568265113537,26.7866735908954]]},"properties":{"segment_id":"d826ab940ec6b8567cf8f3bd","source_kmz":"caloosahatchee","orientation":"unverified"}},{"type":"Feature","geometry":{"type":"LineString","coordinates":[[-81.0082613944286,26.7636216196498],[-81.0072326825472,26.7643008429548],[-81.0071856181604,26.7645700805],[-81.006156886549,26.7652492913079],[-81.0059215423584,26.7665954704971],[-81.0066678905649,26.7675316779951]]},"properties":{"segment_id":"bf968b05844940cc05cce656","source_kmz":"caloosahatchee","orientation":"unverified"}},{"type":"Feature","geometry":{"type":"LineString","coordinates":[[-81.0781199546571,26.7717782962055],[-81.0803615261785,26.7745853032283],[-81.0806574400548,26.77462792613141]]},"properties":{"segment_id":"96de70fff405a6eff8d98e15","source_kmz":"caloosahatchee","orientation":"unverified"}},{"type":"Feature","geometry":{"type":"LineString","coordinates":[[-81.2008861673827,26.7932518901922],[-81.2012286801379,26.793024867611],[-81.2012751556541,26.792755565739],[-81.2016176654215,26.7925285415509],[-81.2017106132073,26.7919899364403],[-81.2007123904649,26.7907436090304],[-81.200758866363,26.7904743055805],[-81.1992615898719,26.7886047871958],[-81.1993080691393,26.7883354826965],[-81.1996040884827,26.7883777668369],[-81.19994658529471,26.7881507452034]]},"properties":{"segment_id":"d86a25cf92bf9d41e7568f6c","source_kmz":"caloosahatchee","orientation":"unverified"}},{"type":"Feature","geometry":{"type":"LineString","coordinates":[[-81.1854420079576,26.7860778758296],[-81.191954181136,26.78700880257181]]},"properties":{"segment_id":"55c59d04cf5a0adeb5fa4a43","source_kmz":"caloosahatchee","orientation":"unverified"}},{"type":"Feature","geometry":{"type":"LineString","coordinates":[[-81.1415577664489,26.7767576055959],[-81.1414644603613,26.7772961812269],[-81.1417604135716,26.7773386306561],[-81.1414178068816,26.7775654686908],[-81.1405299462979,26.777438115044],[-81.137789013471,26.7792527507872],[-81.137695681217,26.7797913190934],[-81.137991641117,26.7798337788898],[-81.1376490146539,26.7800606028949],[-81.1370570939283,26.7799756805731],[-81.1353439285683,26.7811097720415],[-81.1352505790801,26.7816483352176],[-81.13456529559481,26.7821019615449]]},"properties":{"segment_id":"6dac7b9b29f7f8a8ff88118b","source_kmz":"caloosahatchee","orientation":"unverified"}},{"type":"Feature","geometry":{"type":"LineString","coordinates":[[-81.6545649625316,26.8672073052604],[-81.6539719451214,26.86712533458912],[-81.6527149429492,26.8655731849723],[-81.6527600493904,26.8653037426484],[-81.6525086550003,26.8649933099295],[-81.6525537617822,26.8647238672373],[-81.6523023698216,26.8644134334957],[-81.6523474769443,26.8641439904351],[-81.6520960874131,26.8638335556707],[-81.6521411948765,26.8635641122417],[-81.6458570594703,26.85580295163521],[-81.6459924268238,26.8549946097207],[-81.6457410867641,26.8546841513632],[-81.6458313315026,26.8541452553198],[-81.64532865929101,26.85352433539901],[-81.6460118176013,26.8530674604475],[-81.6460569384222,26.85279801114901],[-81.6463985136824,26.85256957144241],[-81.6478807915086,26.8527746078804],[-81.6492470620441,26.8518608175461],[-81.6492921721425,26.8515913658993],[-81.6506584090311,26.8506775539549],[-81.650703514109,26.850408100765],[-81.6517281692508,26.8497227275023],[-81.6518634721334,26.8489143635901],[-81.652888100353,26.8482289759599]]},"properties":{"segment_id":"2b406ed7513d9ad979a13d5b","source_kmz":"caloosahatchee","orientation":"unverified"}},{"type":"Feature","geometry":{"type":"LineString","coordinates":[[-81.6266491751966,26.8636204601162],[-81.626694361939,26.8633510275052],[-81.6264430669364,26.8630405303636],[-81.6271264004126,26.8625837915415],[-81.6274228806327,26.8626248539576],[-81.6275132479661,26.8620859862645],[-81.6278549090016,26.8618576133533],[-81.62799045433141,26.8610493090899],[-81.6290154159283,26.8603641797928],[-81.6290605935852,26.8600947435909],[-81.6293570661803,26.86013580082251],[-81.6295377703752,26.8590580533115],[-81.6298794140792,26.8588296717612],[-81.629969762115,26.8582907959576],[-81.6303114016417,26.8580624124828],[-81.6303565740516,26.8577929739051],[-81.6313814782356,26.8571078148837],[-81.6315169831075,26.8562994948078],[-81.6352747868884,26.8537871365387],[-81.6361641494273,26.853910255116],[-81.6371889614693,26.8532250313806],[-81.639857047512,26.8535943160484],[-81.6429313357215,26.8515385000984],[-81.642976465353,26.8512690509225],[-81.643272914267,26.8513100697599],[-81.6436790601518,26.8488850158682],[-81.6434277461837,26.848574546393],[-81.6434728727183,26.8483050946628],[-81.6432215611784,26.8479946241644],[-81.6432666880532,26.8477251720654],[-81.6425127661375,26.8467937548408],[-81.64353744339002,26.8461084545938],[-81.6465017707605,26.8465185952211],[-81.6468433200144,26.8462901498582],[-81.6471397536777,26.8463311583301],[-81.64739107446042,26.8466416209234],[-81.6518376309513,26.8472566353012],[-81.6525916574486,26.8481879840148],[-81.652888100353,26.8482289759599]]},"properties":{"segment_id":"32f5e18b64ce421c53aff7b7","source_kmz":"caloosahatchee","orientation":"unverified"}},{"type":"Feature","geometry":{"type":"LineString","coordinates":[[-81.2895338353009,26.8033897037175],[-81.288784117447,26.8024556205989],[-81.2884880064005,26.8024135909354],[-81.2877383083142,26.8014794976319],[-81.2880155671898,26.7998634928282],[-81.28776567510131,26.7995521258119],[-81.2878118845182,26.7992827907238],[-81.2875619948421,26.7989714226886],[-81.2878854569828,26.7970860695737],[-81.2875893647662,26.7970440366997],[-81.2873394823632,26.7967326660822],[-81.2870433916225,26.7966906316171],[-81.2867935122076,26.7963792593701],[-81.2864974229429,26.79633722331401],[-81.286247546516,26.7960258494375],[-81.2859514587272,26.7959838117903],[-81.2857015852884,26.7956724362843],[-81.2857477990623,26.795403099036],[-81.28643239383571,26.7949484991954],[-81.2867284783124,26.7949905356075],[-81.2874130646616,26.7945359287889],[-81.2877091482021,26.79457796247272],[-81.2883937261271,26.794123348676]]},"properties":{"segment_id":"ff5d2e2cd8e8648923303a56","source_kmz":"caloosahatchee","orientation":"unverified"}},{"type":"Feature","geometry":{"type":"LineString","coordinates":[[-81.2617544956936,26.8132381823192],[-81.2627817863242,26.8125565522473],[-81.2630779196102,26.8125986535081],[-81.2654748637837,26.8110081321624],[-81.2655211487861,26.8107388160098],[-81.2662059713972,26.8102843692129],[-81.2663448175418,26.8094764173645],[-81.2666872225809,26.809249191061],[-81.2668260625639,26.8084412361155],[-81.2671684622369,26.8082140075438],[-81.2676775068933,26.80525148443831],[-81.2671778398989,26.8046286621133],[-81.2668817319218,26.8045865714855],[-81.266928009102,26.8043172496271],[-81.2672703921707,26.80409001796721],[-81.2676405897231,26.8019354320336],[-81.2673907650431,26.8016240181883],[-81.2677609490343,26.7994694162068],[-81.267261314861,26.798846583693],[-81.2673075877856,26.7985772571213],[-81.26764994712171,26.7983500203826],[-81.2676962185697,26.7980806932455],[-81.2679923046579,26.7981227823702],[-81.2680385749176,26.7978534549014],[-81.2677887606008,26.7975420382698],[-81.2679275714849,26.7967340540525],[-81.2676777608029,26.7964226361302],[-81.268047915368,26.794268000173],[-81.2677981113785,26.7939565802795],[-81.2680294516699,26.7926099245248],[-81.2677796525379,26.7922985030681],[-81.267918455088,26.7914905064],[-81.2682145187138,26.7915325957108],[-81.2685568477685,26.7913053512913]]},"properties":{"segment_id":"585f5adadc530dab25d6d8e0","source_kmz":"caloosahatchee","orientation":"unverified"}},{"type":"Feature","geometry":{"type":"LineString","coordinates":[[-81.652888100353,26.8482289759599],[-81.6529331971971,26.847959519875],[-81.6536162712744,26.8475025877894],[-81.65379664636042,26.8464247585055],[-81.6575533724939,26.8439115269061],[-81.6578498030773,26.8439525052965],[-81.6581913121738,26.8437240211438]]},"properties":{"segment_id":"c990d67fe93272c8c509c635","source_kmz":"caloosahatchee","orientation":"unverified"}},{"type":"Feature","geometry":{"type":"LineString","coordinates":[[-81.3161553467436,26.8551634302956],[-81.3061506135888,26.8427127749267],[-81.30624296368022,26.842174156524],[-81.305992883528,26.8418628717828],[-81.3062699305724,26.8402470101703],[-81.3060198559016,26.8399357237348],[-81.306158377377,26.8391277893764],[-81.3056582371207,26.838505213046],[-81.3057044115965,26.8382359008563],[-81.3045194457208,26.8380679865922],[-81.3032691534593,26.8365115147088],[-81.30340769516772,26.8357035758826],[-81.3026575469517,26.8347696809455],[-81.3023613184164,26.8347276945852],[-81.3016111899838,26.8337937894658],[-81.3016573745565,26.8335244753426],[-81.3019997820083,26.8332971493918],[-81.3020459651042,26.8330278347045],[-81.3015458897918,26.8324052275607],[-81.3015920738258,26.8321359123693],[-81.3010920069463,26.8315133014249],[-81.3004995740142,26.83142931818441],[-81.3002495456546,26.8311180098948],[-81.2999533308092,26.8310760162607],[-81.2999995190966,26.8308067007227],[-81.2994994713858,26.8301840797314],[-81.2995456606111,26.8299147636891],[-81.2985455892603,26.8286695105753],[-81.29863797175,26.82813087670681],[-81.29838795964191,26.8278195609512],[-81.2985727236172,26.8267422898728],[-81.2983227157619,26.8264309726924],[-81.2983689066487,26.826161654204],[-81.2987112935754,26.8259343341145],[-81.2988498609423,26.8251263762565],[-81.2991922425017,26.8248990539007],[-81.29933080371151,26.8240910929499],[-81.3007002976719,26.8231817868217],[-81.3012544595518,26.8199499061281],[-81.3033085608819,26.8185858849035],[-81.3035855834961,26.8169699200359],[-81.3025856037325,26.815724658256],[-81.3028164602527,26.8143780117304],[-81.3025664728782,26.8140666933995],[-81.3026588146973,26.8135280328832],[-81.3024088303493,26.8132167133979],[-81.3025011722428,26.8126780516759],[-81.30200121140041,26.8120554095134],[-81.3020473831409,26.8117860780304],[-81.3017512336806,26.8117440871081],[-81.3012512836437,26.8111214396491],[-81.3012974572222,26.8108521077584],[-81.3010474855177,26.8105407825689],[-81.3010936594211,26.8102714503087],[-81.3003437569504,26.8093374690357],[-81.3004822824474,26.8085294696304],[-81.3002323203966,26.808218140366],[-81.3003246705142,26.80767947265601],[-81.2990748933963,26.8061228117323],[-81.2991210710862,26.8058534768469],[-81.2988711216771,26.8055421418777],[-81.2985749951536,26.8055001411831],[-81.29862117406861,26.8052308060257],[-81.29812128425331,26.8046081316732],[-81.2982136436699,26.8040694601136],[-81.2974638261259,26.8031354411473],[-81.2975100072399,26.8028661046089],[-81.2966216580203,26.8027400874276],[-81.2958718692103,26.8018060533865],[-81.2959642396506,26.801267379378],[-81.2954643918955,26.8006446850587],[-81.2956491342215,26.7995673331483],[-81.29539921549392,26.7992559841199],[-81.2954454009682,26.7989866454219],[-81.29647225649471,26.79830465562],[-81.29661080049951,26.7974966351411],[-81.2961109698903,26.7968739370104],[-81.2967955218104,26.7964192712298],[-81.2969802385171,26.795341903578],[-81.2967303272111,26.7950305538646],[-81.2968226850625,26.7944918683635],[-81.2965727767812,26.7941805174947],[-81.2968498471033,26.7925644545622]]},"properties":{"segment_id":"45d97073ab8750e0e9c32a2b","source_kmz":"caloosahatchee","orientation":"unverified"}},{"type":"Feature","geometry":{"type":"LineString","coordinates":[[-81.6159807343601,26.8494599726113],[-81.6211051684551,26.8460346842458],[-81.6258479312045,26.8466918864567],[-81.6272143385707,26.8457783677724],[-81.62928930256732,26.8460657993367],[-81.6306556636367,26.8451522339993],[-81.6312485080581,26.8452343421666],[-81.6315900925671,26.8450059457778],[-81.631886514579,26.8450469976523],[-81.6322280966604,26.8448185990536],[-81.6328209402866,26.8449006983845],[-81.6331625193189,26.84467229663481],[-81.6334589409331,26.84471334409111],[-81.6338005175377,26.8444849401315],[-81.6343933603684,26.844567030626],[-81.6347349339239,26.84433862351541],[-81.6350313551403,26.8443796665536],[-81.63537292626812,26.8441512572331],[-81.6368550334674,26.8443564550382],[-81.6392459590344,26.8427575213315],[-81.64043163246,26.8429216380113],[-81.6435055271918,26.8408657408711],[-81.6461732585168,26.8412348777295],[-81.647197840797,26.8405495304395],[-81.647700450947,26.8411704649837],[-81.6479968674498,26.8412114716407],[-81.6482481764187,26.8415219368329],[-81.649433849982,26.8416859520075],[-81.6501168929633,26.8412290343831],[-81.6524882436461,26.8415570090986],[-81.6528297574527,26.8413285408562],[-81.6531261769322,26.8413695329504],[-81.6534676883105,26.84114106249841],[-81.6537641074494,26.8411820528064],[-81.6540154370583,26.8414925041606],[-81.6543118576629,26.8415334928732],[-81.65417658925101,26.8423418774408],[-81.6549305980665,26.8432732227014],[-81.6581913121738,26.8437240211438]]},"properties":{"segment_id":"33f8b68c5c1b8bb33f4055cf","source_kmz":"caloosahatchee","orientation":"unverified"}},{"type":"Feature","geometry":{"type":"LineString","coordinates":[[-81.3361130078824,26.8130241388788],[-81.336297269968,26.8119467543924],[-81.3373239570308,26.8112643891313],[-81.3373700182711,26.8109950414335],[-81.3377122425017,26.81076758347],[-81.33789647984122,26.8096901890207],[-81.3382386975197,26.8094627284609],[-81.3383308120916,26.8089240291736],[-81.3386730255934,26.8086965666793],[-81.3387651366418,26.8081578657963],[-81.3391073459672,26.8079304013674],[-81.338857246542,26.8076191639792],[-81.3389493552941,26.8070804612282],[-81.3386992588972,26.8067692226844],[-81.3387913677281,26.8062305187269],[-81.3380410930254,26.8052967969789],[-81.3381332043892,26.8047580912702],[-81.3378831176507,26.8044468486484],[-81.3380212843842,26.803638787925],[-81.3383634777758,26.8034113229109],[-81.338409531592,26.8031419685383],[-81.3387056693663,26.803183856624],[-81.3387977743368,26.8026451469833],[-81.3408508718101,26.8012803185616],[-81.3409429613831,26.8007416040151],[-81.340692876148,26.8004303644435],[-81.3414756016059,26.795851250747],[-81.3462134645795,26.796521234104]]},"properties":{"segment_id":"70baec28ad4573c24de6687f","source_kmz":"caloosahatchee","orientation":"unverified"}},{"type":"Feature","geometry":{"type":"LineString","coordinates":[[-81.7714112932096,26.8832895524704],[-81.7751661971034,26.8807723681436],[-81.7753451243537,26.8796944350164],[-81.7767104707255,26.87877905203],[-81.7773036841952,26.8788603238765],[-81.7778403606052,26.8756264843366],[-81.7787301503358,26.8757483823493],[-81.7790714650721,26.8755195248162],[-81.7802578527854,26.8756820398947],[-81.7805991632103,26.8754531773319],[-81.7803472799132,26.8751430614174],[-81.7806155545986,26.8735261204289],[-81.7809568555539,26.8732972552557],[-81.7810909855779,26.8724887806567],[-81.7817735749591,26.8720310445515],[-81.7823667468357,26.87211228928661],[-81.7830493264782,26.8716545443511],[-81.7842115113663,26.864647638314],[-81.7869415114138,26.86281654001271],[-81.7870755691347,26.8620080329441],[-81.7918527409665,26.8588034021056],[-81.792445831473,26.8588845928191],[-81.7931282531498,26.858426764382],[-81.7931729177593,26.85815725615061],[-81.7935141247016,26.8579283397053]]},"properties":{"segment_id":"b32f9a5ba5e2979b9c02157c","source_kmz":"caloosahatchee","orientation":"unverified"}},{"type":"Feature","geometry":{"type":"LineString","coordinates":[[-81.7993488585796,26.8959333987706],[-81.8048100793484,26.8922706658396],[-81.8051067455118,26.892311220903],[-81.8053299664604,26.8909637854014],[-81.7982741640452,26.8822822656576],[-81.7983188249332,26.8820127740384],[-81.7980221973455,26.88197219850551],[-81.7924793877905,26.8751504964971],[-81.7935068487963,26.8689520583398],[-81.79199541181592,26.867091500673],[-81.7916988384536,26.867050905437],[-81.7922795726046,26.8635473767477],[-81.7933032589945,26.8628606431938],[-81.7939285626176,26.8590875548014],[-81.79342479757,26.8584673565892],[-81.7935141247016,26.8579283397053]]},"properties":{"segment_id":"8cfd7ee552b138e9141d02dd","source_kmz":"caloosahatchee","orientation":"unverified"}},{"type":"Feature","geometry":{"type":"LineString","coordinates":[[-81.6732268001985,26.8717147099455],[-81.6745931021461,26.8708006391264],[-81.674683183679,26.8702617436313],[-81.6750247522763,26.8700332221011],[-81.67511483031491,26.8694943250242],[-81.6783766397564,26.86994445932841],[-81.6787181973244,26.8697159255236],[-81.6796077857502,26.8698386688428],[-81.6806324420009,26.86915305134921],[-81.6806774632044,26.8688835998183],[-81.68097399046881,26.8689245096482],[-81.68110904968181,26.8681161533782],[-81.6834998134574,26.866516319088],[-81.68354482433962,26.8662468642438],[-81.68443438388911,26.8663695677533],[-81.6864835211572,26.8649982128563],[-81.6870765547848,26.8650799996759],[-81.6871665524514,26.8645410844117],[-81.6885325933473,26.8636268123042],[-81.6888291062823,26.8636677004909],[-81.6895121146379,26.8632105549462],[-81.6895571050384,26.8629410949076],[-81.6905816004605,26.8622553660976],[-81.6908781096569,26.8622962486387],[-81.6909680807008,26.861757325712],[-81.69130957256732,26.8615287453103],[-81.6913545564836,26.8612592831718],[-81.6930619827792,26.8601163605051],[-81.6958500703724,26.8434091533292]]},"properties":{"segment_id":"9ee95902c2865f294f862d5d","source_kmz":"caloosahatchee","orientation":"unverified"}},{"type":"Feature","geometry":{"type":"LineString","coordinates":[[-81.3679875587994,26.864417935818],[-81.3674868265057,26.8637957015346],[-81.3680847416754,26.860294530067],[-81.3668329824846,26.8587389201233],[-81.3670169589301,26.8576616259822],[-81.3687285961077,26.8565239937563],[-81.3682279042402,26.85590174864],[-81.36859580565931,26.8537471338243],[-81.3689381170286,26.8535196021463],[-81.3689841022269,26.8532502739172],[-81.3684834274954,26.8526280240577],[-81.3685753994915,26.8520893663598],[-81.36832506606072,26.851778239835],[-81.368554994107,26.8504315908404],[-81.3688972924446,26.850204057086],[-81.3689892592789,26.84966539519881],[-81.3682382809988,26.8487320093191],[-81.3685141856875,26.8471160156325],[-81.36826386688982,26.8468048844271],[-81.36830985061582,26.8465355511957],[-81.3680595342361,26.8462244189719],[-81.3681515020576,26.8456857515396],[-81.3679011887106,26.8453746181617],[-81.36794717280601,26.8451052839609],[-81.3674465527509,26.8444830142849],[-81.3671502594881,26.8444412127298],[-81.3666496490218,26.8438189380266],[-81.3666956361911,26.8435496031481],[-81.3664453342772,26.8432384643364],[-81.3665373089852,26.8426997936096],[-81.3660367130253,26.8420775127948],[-81.3660827011786,26.8418081768109],[-81.3658324065178,26.8414970349433],[-81.3669360509294,26.8350328981946],[-81.36593494932131,26.8337883088701],[-81.36602691715142,26.8332496236645],[-81.36573066309882,26.8332078167089],[-81.3642290792666,26.8313409001119],[-81.3644130298405,26.8302635240347],[-81.3641627746353,26.829952367634],[-81.3643467230799,26.828874987284],[-81.3635959756522,26.8279415111527],[-81.3637799268832,26.8268641254427],[-81.363529683803,26.82655296442231],[-81.3637136329046,26.8254755744383],[-81.3629629218506,26.8245420844466],[-81.3630089102525,26.82427273596],[-81.3636933270829,26.8238176685851],[-81.3637393128225,26.8235483192044],[-81.3634890794909,26.8232371550583],[-81.3637190069611,26.8218904039766],[-81.3634687785034,26.8215792382674],[-81.3635607487135,26.8210405359302],[-81.3630602996618,26.8204182013178],[-81.3633821949681,26.818532733886],[-81.36213112537382,26.8169768771346],[-81.3622230990243,26.8164381686941],[-81.3614724825755,26.8155046432255],[-81.3611762915573,26.81546282118351],[-81.3608341104993,26.8156903528476],[-81.3584645877608,26.8153557385701],[-81.35796420832672,26.8147333691653],[-81.3581941992679,26.8133865966086],[-81.357944015324,26.8130754099005],[-81.3579900132662,26.812806054553],[-81.3572394740865,26.8118724887197],[-81.35742347035702,26.8107950633618],[-81.3571732966898,26.8104838724392],[-81.3590590191762,26.79944004155],[-81.3597432601808,26.7989849668414],[-81.3597892450184,26.7987155995462],[-81.3600853779814,26.7987574275783],[-81.3595850829587,26.7981350355728],[-81.3586966920522,26.7980095444592],[-81.35844655080372,26.797698344889],[-81.3581504222618,26.7976565120815],[-81.35740001288352,26.7967229058266],[-81.3574919944688,26.7961841694815]]},"properties":{"segment_id":"21c9612a20958fb26b8fd0ee","source_kmz":"caloosahatchee","orientation":"unverified"}},{"type":"Feature","geometry":{"type":"LineString","coordinates":[[-81.46720541981041,26.8394784617605],[-81.4679817938763,26.8348989295033],[-81.4677311524057,26.8345880254839],[-81.46807312659081,26.8343601565795],[-81.4681187925209,26.8340907697684],[-81.4684607637154,26.8338628992635],[-81.4685064281741,26.8335935118901],[-81.4682557886025,26.8332826079382],[-81.46857543616011,26.8313968888516],[-81.4692593530127,26.8309411399812],[-81.4695556492107,26.8309826537673],[-81.4698976043143,26.8307547764839],[-81.4700802359509,26.8296772132568],[-81.4704221845046,26.8294493333843],[-81.47060480684,26.8283717651131],[-81.4712886890444,26.8279159989189],[-81.47151694869382,26.8265690300442],[-81.4712663186657,26.8262581269031],[-81.4713576217671,26.82571933745],[-81.4716995512895,26.8254914507517],[-81.4717452012269,26.8252220553462],[-81.4724290524884,26.8247662774773],[-81.4726572860419,26.8234192936598],[-81.4721560378544,26.822797486213],[-81.47283986776182,26.8223417024121],[-81.4728855124802,26.8220723040177],[-81.4731817800104,26.8221138086051],[-81.4738655990973,26.8216580171779],[-81.4741618656778,26.8216995190375],[-81.4742075059357,26.8214301195578],[-81.4752332156307,26.8207464190712],[-81.47546139485861,26.8193994132339],[-81.4752107714332,26.819088513008],[-81.4754389466335,26.817741500662],[-81.4761227192185,26.8172856886145],[-81.4767152248531,26.8173686797572],[-81.4773989877567,26.81691285886],[-81.4774446153955,26.8166434541802],[-81.4777408665036,26.8166849465049],[-81.4784246185879,26.8162291179817],[-81.47872086874621,26.8162706075788],[-81.4788121148197,26.8157317958153],[-81.4791539851678,26.8155038780466],[-81.4800427300881,26.8156283383654],[-81.4807264616716,26.8151724933668],[-81.4816152054485,26.8152969404334],[-81.4819570666838,26.8150690132035],[-81.4837345582123,26.8153178788766],[-81.4840764139409,26.8150899447277],[-81.484372662907,26.8151314184414],[-81.484714516215,26.8149034820802],[-81.4864920122782,26.8151523009719],[-81.48751755027122,26.8144684673187],[-81.487813798758,26.8145099313528],[-81.4879505796182,26.8137016972727],[-81.4886342542473,26.8132457979563]]},"properties":{"segment_id":"70e5cc2d414165e8f9ed5102","source_kmz":"caloosahatchee","orientation":"unverified"}},{"type":"Feature","geometry":{"type":"LineString","coordinates":[[-81.49132250130131,26.8475426786501],[-81.49107173914952,26.8472318421286],[-81.491117340164,26.8469624554446],[-81.49086658043481,26.8466516179026],[-81.4909577828465,26.8461128435649],[-81.4907070261577,26.8458020048662],[-81.4908438294957,26.8449938412071],[-81.4900915758175,26.8440613185786],[-81.490137178215,26.8437919298189],[-81.48963568602112,26.8431702433712],[-81.4896812893698,26.8429008541066],[-81.488929066466,26.841968317392],[-81.4890202760169,26.8414295373483],[-81.4887695398933,26.8411186897352],[-81.4888151448599,26.8408492992282],[-81.4885644111585,26.8405384505943],[-81.488655621474,26.83999966861011],[-81.4884048908124,26.8396888188192],[-81.4886785186394,26.838072466465],[-81.48842779348851,26.8377616149724],[-81.4884733977486,26.83749222196271],[-81.4882226750197,26.83718136944911],[-81.48835948794681,26.8363731886151],[-81.4881087688751,26.83606233480811],[-81.4881999773065,26.8355235461493],[-81.4879492612743,26.8352126911851],[-81.4881316771952,26.8341351105293],[-81.48788096543771,26.83382425413531],[-81.4891121705721,26.8265504835956],[-81.48886147729391,26.8262396226354],[-81.4890438628959,26.8251620120165],[-81.48854248669102,26.82454028634981],[-81.4888843662218,26.8243123426457],[-81.4890211525848,26.8235041304288],[-81.4887704684719,26.8231932664706],[-81.4889528487791,26.82211564637412],[-81.4887021689398,26.82180478098501],[-81.4889301410148,26.8204577499398],[-81.4876767843078,26.81890340630561],[-81.48795035993982,26.8172869572652],[-81.48769969771321,26.8169760850638],[-81.4877908885511,26.8164372665794],[-81.4881327380089,26.8162093199106],[-81.4886342542473,26.8132457979563]]},"properties":{"segment_id":"5ddfea9c9b41dd7122f32e93","source_kmz":"caloosahatchee","orientation":"unverified"}},{"type":"Feature","geometry":{"type":"LineString","coordinates":[[-81.3251380535994,26.7849867464832],[-81.3258880126916,26.7859206166624],[-81.3261840854095,26.7859625423616],[-81.3260919196151,26.7865012673147],[-81.32634191199251,26.7868125545874],[-81.3262497462754,26.7873512783319],[-81.3274997412944,26.7889077000784],[-81.32745366107,26.7891770609175],[-81.3277036660875,26.7894883424799],[-81.3276575861889,26.78975770294871],[-81.3279075936198,26.7900689834912],[-81.3277232736063,26.7911464224824],[-81.3279732852896,26.7914577015957],[-81.3279272051814,26.7917270606225],[-81.3284272351752,26.7923496159261],[-81.3328687048188,26.7929782928968],[-81.33311874032621,26.7932895580177]]},"properties":{"segment_id":"efcaee155be817997a652672","source_kmz":"caloosahatchee","orientation":"unverified"}},{"type":"Feature","geometry":{"type":"LineString","coordinates":[[-81.7007185348906,26.8487666640115],[-81.6901563099926,26.8357319384054],[-81.689859892308,26.8356910506353]]},"properties":{"segment_id":"a3774f18018f7e9b0f75b79d","source_kmz":"caloosahatchee","orientation":"unverified"}},{"type":"Feature","geometry":{"type":"LineString","coordinates":[[-81.6879464491955,26.8362541489037],[-81.6886292454967,26.8357969724043],[-81.6889256629623,26.8358378636514],[-81.6892854789078,26.833682005952]]},"properties":{"segment_id":"4b557d01bde5c4811f38e6ae","source_kmz":"caloosahatchee","orientation":"unverified"}},{"type":"Feature","geometry":{"type":"LineString","coordinates":[[-81.22924868835291,26.7641861443916],[-81.2291559419639,26.7647248180874],[-81.2294055223421,26.765036357172],[-81.2293591493245,26.7653056935318],[-81.22960873211102,26.7656172315973],[-81.2294696131559,26.7664252388605],[-81.2291272799042,26.7666523718143],[-81.22898815478581,26.7674603759708],[-81.229986516248,26.7687065185699],[-81.2299401430718,26.7689758522742],[-81.2301897385432,26.7692873855811],[-81.2307816772825,26.7693717827231],[-81.2320296934934,26.7709294285583],[-81.2319833254887,26.7711987614055],[-81.2324825457821,26.7718218132889],[-81.2333704837025,26.7719483872962],[-81.2341193383229,26.77288295178681],[-81.2344153217713,26.7729251391959],[-81.234322598193,26.773463803607],[-81.2339802498245,26.77369094775822],[-81.233887522715,26.7742296105677],[-81.2341371475709,26.7745411296177],[-81.2340907841933,26.7748104605347],[-81.2343404114582,26.7751219785658],[-81.2341549575019,26.7761992993459],[-81.2346542223113,26.7768223316702],[-81.2345614960422,26.7773609901095],[-81.2342191328718,26.7775881324363],[-81.2341264030712,26.7781267892745],[-81.2344224044725,26.778168976012],[-81.2343296753152,26.7787076321092],[-81.2348289558665,26.77933065899562],[-81.2347362279961,26.7798693136111],[-81.2343938553531,26.7800964548327],[-81.23425475781661,26.7809044340032],[-81.23450440326542,26.7812159460515],[-81.2344580374528,26.7814852718372],[-81.234707685311,26.7817967828669],[-81.23466131982,26.7820661082822],[-81.23431893828172,26.7822932477891],[-81.2342725713137,26.782562572638],[-81.2347718737136,26.78318559272561],[-81.2350678927482,26.7832277770054],[-81.2349751621868,26.7837664256522],[-81.2346327747399,26.7839935650508],[-81.2345400406465,26.7845322120971],[-81.2357241365071,26.7847009461102],[-81.2362234617155,26.785323955337],[-81.2360380093394,26.7864012470985],[-81.2362876770847,26.7867127498439],[-81.2361485866018,26.7875207157989],[-81.2354637863393,26.7879749959945],[-81.2353710531527,26.7885136374663],[-81.234343832135,26.7891950462113],[-81.23404779302231,26.7891528606205],[-81.2330205539804,26.7898342550713],[-81.2329741789234,26.7901035733661]]},"properties":{"segment_id":"fe0a41c627542f15fb23c989","source_kmz":"caloosahatchee","orientation":"unverified"}},{"type":"Feature","geometry":{"type":"LineString","coordinates":[[-81.5491771518624,26.8048789813449],[-81.549860433623,26.8044226697228],[-81.5501566775219,26.80446395823022],[-81.5504744315108,26.80257782976941]]},"properties":{"segment_id":"b5c4fde090f41f374434d26a","source_kmz":"caloosahatchee","orientation":"unverified"}},{"type":"Feature","geometry":{"type":"LineString","coordinates":[[-81.5533974405517,26.8446242858471],[-81.5540810143717,26.8441679998619],[-81.5542172222204,26.8433597495846],[-81.5549007817043,26.8429034565479],[-81.5550823787184,26.8418257836275],[-81.5545804306902,26.8412044052816],[-81.554762028129,26.8401267275496],[-81.5554455591547,26.8396704266257],[-81.5555363514323,26.8391315850499],[-81.5552853827098,26.83882089495531],[-81.5559689006398,26.8383645888623],[-81.55656162731852,26.8384471221676],[-81.5566524113496,26.8379082776895],[-81.5569941639969,26.8376801201983],[-81.5570395544022,26.83741069728171],[-81.5582249978487,26.8375757488319],[-81.5592502339703,26.8368912564574],[-81.5593409995979,26.836352407186],[-81.5568313375095,26.8332455324069],[-81.5568767260928,26.8329761060566],[-81.554618190103,26.8301798418003],[-81.55402552199432,26.830097295474],[-81.5535236497016,26.8294758906782],[-81.5532273184429,26.8294346147492],[-81.5533181137986,26.82889575892141],[-81.5530671827831,26.8285850541725],[-81.5531125806555,26.8283156257729],[-81.5528616520638,26.8280049200016],[-81.5534972012197,26.8242328960525],[-81.5532462831008,26.8239221874815],[-81.5533824668443,26.8231138902888],[-81.5516261035358,26.8209389026173],[-81.5523094993457,26.8204825965095],[-81.55235489532382,26.8202131620309],[-81.5526511945443,26.8202544415506],[-81.5527873780739,26.8194461364293],[-81.5517837822266,26.8182032725473],[-81.5521923398153,26.8157783396795],[-81.5514396785863,26.8148461787701],[-81.5518028364951,26.8126906637606],[-81.5510502063566,26.8117584915909],[-81.5507539370279,26.811717206502],[-81.551616416878,26.80659779259941],[-81.550863841804,26.80566560239731],[-81.5511815847795,26.80377947844841],[-81.5509307343604,26.803468745649],[-81.55097612570091,26.8031992983009],[-81.5504744315108,26.80257782976941]]},"properties":{"segment_id":"f5153e7713f8191abb1c15a4","source_kmz":"caloosahatchee","orientation":"unverified"}},{"type":"Feature","geometry":{"type":"LineString","coordinates":[[-81.3875068380156,26.7891100305739],[-81.3865059720492,26.7878654703787],[-81.3865518675862,26.7875960825025],[-81.38555103289241,26.7863515076123],[-81.3855969306011,26.7860821189554],[-81.3850965252882,26.7854598259311],[-81.3851424239397,26.7851904367669],[-81.3854844202976,26.7849628051016],[-81.3855762143698,26.7844240254102],[-81.38532601568572,26.784112877772],[-81.3854178098427,26.7835740968717],[-81.385167614188,26.7832629480755],[-81.3852135114519,26.7829935571379],[-81.3847131267734,26.7823712566189],[-81.3847590249799,26.7821018651737],[-81.384508835956,26.7817907134509],[-81.3846006327397,26.7812519295853],[-81.384100262551,26.7806296229393],[-81.3843297556483,26.779282657814]]},"properties":{"segment_id":"75c04f897ea26ff361bd0e55","source_kmz":"caloosahatchee","orientation":"unverified"}},{"type":"Feature","geometry":{"type":"LineString","coordinates":[[-81.12477981963312,26.7423333730585],[-81.12101208248382,26.7448281660443],[-81.1205917752771,26.7472518945083],[-81.1195641407897,26.7479322568005],[-81.1194707288571,26.7484708585404],[-81.1191281780583,26.7486976427526],[-81.1188012188117,26.7505827391076],[-81.1177735306726,26.7512630770867],[-81.1177268174788,26.751532374626],[-81.1179759582945,26.7518441919496],[-81.1179292454171,26.7521134891177],[-81.11758667615221,26.7523402658344],[-81.1178358187897,26.7526520827492],[-81.1176489620446,26.7537292671939],[-81.1178981089072,26.7540410826822],[-81.117851394601,26.75431037807],[-81.11810054386731,26.7546221925407],[-81.1186922724664,26.754707228645],[-81.1191905811437,26.7553308519618],[-81.1190504473345,26.7561387360817],[-81.1181628396545,26.7560111842431],[-81.1174776696801,26.7564647327186],[-81.1177268238045,26.7567765460995],[-81.1176801074877,26.7570458392378],[-81.1182718522539,26.7571308771169],[-81.1185210111602,26.75744268799],[-81.1188168851686,26.75748520491882],[-81.1193152107486,26.758108822531],[-81.1192217862756,26.7586474078776],[-81.1197201214708,26.7592710214198],[-81.1196734100128,26.7595403134686],[-81.11996929176321,26.7595828268689],[-81.1198291583385,26.7603907019028],[-81.1203275079572,26.7610143093404],[-81.1202807974488,26.7612836002766],[-81.1195955968133,26.761737155598],[-81.1198447737614,26.7620489590769],[-81.1197980611911,26.7623182489757],[-81.1206857360089,26.76244578454081],[-81.12118410364512,26.7630693841115],[-81.1214799982111,26.7631118927886],[-81.1219783754124,26.7637354873439],[-81.121838254026,26.7645433551825],[-81.1220874471443,26.7648551507301],[-81.1218539087206,26.7662015917544],[-81.12214981433222,26.76624409814101],[-81.1236450361367,26.7681148443687],[-81.1239409491749,26.7681573454403],[-81.1235983321232,26.7683841311522],[-81.1234582183376,26.7691919900952],[-81.12370743069121,26.769503777505],[-81.1242992666249,26.7695887781028],[-81.1242525638526,26.7698580640092],[-81.1239099408801,26.7700848496068],[-81.1244083757877,26.77070841974861],[-81.12436167275041,26.77097770481542],[-81.1240190456281,26.7712044900228],[-81.1237855201321,26.7725509101726],[-81.1240347433457,26.7728626937155],[-81.124330672822,26.7729051930882],[-81.1241905585526,26.7737130422519],[-81.1244397865758,26.7740248237608],[-81.1243930818453,26.7742941062105],[-81.1248915444987,26.7749176663132],[-81.1248448406927,26.7751869482566],[-81.1272123514646,26.7755268989179],[-81.12796008929472,26.7764622141698],[-81.1276332175965,26.77834718387921],[-81.1278824713894,26.7786589529169],[-81.1276022879523,26.7802746312818],[-81.1287861160826,26.780444579563],[-81.1290353800785,26.7807563439237],[-81.1308111381364,26.781011236556],[-81.1310604110673,26.7813229955637],[-81.1322442603469,26.7814929041254],[-81.1324935398337,26.7818046592709],[-81.13456529559481,26.7821019615449]]},"properties":{"segment_id":"babb666c3438e5a77830e126","source_kmz":"caloosahatchee","orientation":"unverified"}},{"type":"Feature","geometry":{"type":"LineString","coordinates":[[-81.6015016032164,26.8110552260947],[-81.6052583121865,26.8085436133378],[-81.6055545966226,26.8085847442712],[-81.6057354898692,26.8075068749448]]},"properties":{"segment_id":"26c55b941bca667867746a25","source_kmz":"caloosahatchee","orientation":"unverified"}},{"type":"Feature","geometry":{"type":"LineString","coordinates":[[-81.4886342542473,26.8132457979563],[-81.49000158186722,26.8123339840731],[-81.490229508708,26.8109869127238],[-81.490913149841,26.81053099486151],[-81.491004313845,26.8099921633715],[-81.4920297549069,26.80930827506941],[-81.4922120652765,26.8082306053364],[-81.4928956741504,26.8077746708109],[-81.4929412486611,26.8075052521355],[-81.4939666448923,26.8068213398274],[-81.4945590959152,26.8069042323479],[-81.494741369678,26.8058265505883],[-81.4942400646499,26.805204816945],[-81.4942856336152,26.8049353956483],[-81.4939894148403,26.8048939487954],[-81.4932374762289,26.8039613390343],[-81.4932830476637,26.80369191719],[-81.4930324056831,26.8033810453621],[-81.4930779774511,26.8031116231477],[-81.4934197602635,26.8028836502577],[-81.493465330562,26.8026142274804],[-81.4932146910507,26.8023033551048],[-81.4932602616824,26.8020339319573],[-81.49125521542972,26.7995469199832],[-81.4917109555042,26.796852664718],[-81.4899566778765,26.7946764731661],[-81.4901845588616,26.7933293319851],[-81.49052631062942,26.79310136200201],[-81.4907997513255,26.7914847829024]]},"properties":{"segment_id":"e3b80f4123ee8c3b39169ba5","source_kmz":"caloosahatchee","orientation":"unverified"}},{"type":"Feature","geometry":{"type":"LineString","coordinates":[[-81.49752154543602,26.8109039714878],[-81.49727086729601,26.81059311641672],[-81.49749867624841,26.80924602232521],[-81.4969973315533,26.8086243081591],[-81.4972251395797,26.8072772068703],[-81.49790871446811,26.8068212382707],[-81.4979998309482,26.8062823948046],[-81.49868339388222,26.8058264198038],[-81.4987289493252,26.8055569970618],[-81.4979769538091,26.804624423228],[-81.4980225108206,26.8043549998421],[-81.4987060583927,26.8038990221097],[-81.4988427206104,26.803090748575],[-81.498341401949,26.8024690296098],[-81.4983869566885,26.8021996043579],[-81.4987287218925,26.8019716134903],[-81.4984780653156,26.8016607531541],[-81.49818185575252,26.8016193177879],[-81.4979312021639,26.8013084558178],[-81.4976349940702,26.8012670188583],[-81.497680550378,26.8009975929622],[-81.4987058319139,26.8003136210621],[-81.498455180227,26.8000027591556],[-81.4985918386306,26.7991944766897],[-81.49893359141312,26.7989664831374],[-81.4984322960162,26.7983447570688],[-81.498477848299,26.7980753285098],[-81.4982272039221,26.7977644640102],[-81.4985689520128,26.7975364706919],[-81.4986600545907,26.79699761194051],[-81.4971562301854,26.7951324083707],[-81.4968600436251,26.79509096846151],[-81.4969055990935,26.7948215380097],[-81.4966549698042,26.7945106667631],[-81.496700525606,26.7942412359407],[-81.49640434231742,26.7941997946309],[-81.4959030927513,26.79357804771],[-81.495948650405,26.7933086164763],[-81.49569802894291,26.79299774155041],[-81.494672810376,26.7936816986505],[-81.4946272485494,26.793951129032],[-81.4942855042369,26.7941791118607],[-81.4933969593352,26.7940547648336],[-81.493146344886,26.7937438844686],[-81.49136926986272,26.7934951631155],[-81.4908680605947,26.792873390748],[-81.4910503507874,26.79179567096291],[-81.4907997513255,26.7914847829024]]},"properties":{"segment_id":"b9fe94c667f8748e8d954b67","source_kmz":"caloosahatchee","orientation":"unverified"}},{"type":"Feature","geometry":{"type":"LineString","coordinates":[[-81.6581913121738,26.8437240211438],[-81.6605818252672,26.8421245965545],[-81.6607621022187,26.8410467382651],[-81.6614450802265,26.8405897457718],[-81.6616704082466,26.8392424144054],[-81.664743666573,26.8371858706427],[-81.6658699348251,26.8304490529173],[-81.6716740759353,26.8265640505966],[-81.6719442334261,26.8249471592847],[-81.6733098094261,26.8240329799467],[-81.6738950544214,26.8205296696663],[-81.674236428519,26.82030111739831],[-81.67486662272512,26.8165282731546],[-81.6758906844748,26.81584259496771]]},"properties":{"segment_id":"84d613e7c6657b79712e45e9","source_kmz":"caloosahatchee","orientation":"unverified"}},{"type":"Feature","geometry":{"type":"LineString","coordinates":[[-81.4203650858975,26.80808084677],[-81.4213910629309,26.8073976480372],[-81.42143686011532,26.8071282603272],[-81.42177884766892,26.8069005245426],[-81.4218246433813,26.8066311362691],[-81.4221666279462,26.80640339888251],[-81.4233513873526,26.8065699949169],[-81.424035346151,26.8061145087964],[-81.4242184974912,26.80503694785701],[-81.4245146832209,26.8050785924835],[-81.4251986240877,26.80462309675161],[-81.4252444079354,26.8043537051761],[-81.4249940088013,26.8040426708173],[-81.4250397929792,26.8037732788718],[-81.4257237207506,26.8033177779549],[-81.4254733228928,26.8030067437976],[-81.4255191050281,26.8027373508217],[-81.4262030220772,26.8022818453801],[-81.4262488015545,26.8020124515104],[-81.42549761906251,26.8010793465793],[-81.4255891808548,26.8005405573196],[-81.4253387915259,26.8002295203002],[-81.425430353408,26.7996907298334],[-81.4251799671122,26.7993796916561],[-81.4252257482409,26.7991102959358],[-81.4244746020114,26.7981771756865],[-81.4241784399477,26.7981355301014],[-81.42367768717641,26.7975134440167],[-81.4237692565348,26.7969746507022],[-81.4227677775373,26.7957304668242],[-81.4231340632524,26.7935752798489],[-81.4226333444111,26.792953180414],[-81.4226791300722,26.7926837807175],[-81.422178419668,26.7920616774705],[-81.4222242062746,26.7917922772668],[-81.4217235043073,26.7911701702076],[-81.4214273675731,26.79112851596531],[-81.4201756501109,26.7895732290971],[-81.4202214416405,26.7893038277986],[-81.41997110416762,26.7889927676341],[-81.419674975736,26.7889511081572],[-81.4194246412506,26.7886400463603],[-81.4191285142904,26.788598385291],[-81.4188781827924,26.7882873218617],[-81.4171014341413,26.7880373332233],[-81.4167595088837,26.7882650663322],[-81.4164633844923,26.7882233976617],[-81.4165091868744,26.7879539969206],[-81.4162588666663,26.7876429266245],[-81.4163046693781,26.7873735255128],[-81.4160543515865,26.7870624541951],[-81.4161459573841,26.786523650997],[-81.4158956426241,26.7862125785209],[-81.4159872485104,26.7856737741141],[-81.4147357078795,26.7841183970945],[-81.4138473810939,26.7839933698125],[-81.413505463258,26.7842210949805],[-81.412913245598,26.7841377373539],[-81.4126629493763,26.7838266549465],[-81.4120707352303,26.7837432924464],[-81.4118204431817,26.783432207659],[-81.411524337723,26.7833905243944],[-81.4112740486614,26.7830794379747],[-81.4109779446742,26.7830377531179],[-81.410477374326,26.782415576129],[-81.4098851719523,26.7823322008911],[-81.4095432502502,26.7825599142027],[-81.4092471488767,26.7825182243756],[-81.4089968705332,26.7822071317004],[-81.4087007706312,26.7821654402812],[-81.4084504952747,26.7818543459737],[-81.4084963192491,26.7815849436962],[-81.4082460463085,26.7812738483671],[-81.4084751649716,26.7799268327876],[-81.4082248969063,26.779615735889],[-81.4083623665224,26.7788075233244],[-81.4071110624311,26.7772520235058],[-81.4071568881396,26.7769826181647],[-81.4059056321406,26.7754270955435],[-81.4056095569456,26.7753853945286],[-81.4046085893015,26.7741409575165],[-81.4043125191355,26.7740992526666],[-81.4039706153128,26.7743269532565],[-81.4036745448177,26.774285246621],[-81.40333263857981,26.7745129449976],[-81.401852287315,26.7743043944467],[-81.4015103762031,26.7745320868448],[-81.4000300290058,26.7743235104764],[-81.3997798075407,26.774012388209],[-81.3994837401441,26.7739706696544],[-81.39898330498711,26.7733484209704],[-81.398095111627,26.7732232557548],[-81.3965938707129,26.7713564750151]]},"properties":{"segment_id":"c8e9a4d563b014e39e4a1f40","source_kmz":"caloosahatchee","orientation":"unverified"}},{"type":"Feature","geometry":{"type":"LineString","coordinates":[[-81.682323201967,26.8081838879312],[-81.68006125713441,26.8053901332784],[-81.6726536200714,26.8043668786855]]},"properties":{"segment_id":"db344ed79d8fa9fc5bd8b7b0","source_kmz":"caloosahatchee","orientation":"unverified"}},{"type":"Feature","geometry":{"type":"LineString","coordinates":[[-81.4001791438264,26.7627580224944],[-81.400087463726,26.76329684940311],[-81.4003834948744,26.7633385675585],[-81.4002918154317,26.7638773937243],[-81.39994994143342,26.7641050880102],[-81.3999041000981,26.76437450041112],[-81.4001542941258,26.7646856312173],[-81.4040027835462,26.765227896693],[-81.4052538577546,26.7667834888601],[-81.4067340884832,26.76699199581761]]},"properties":{"segment_id":"20b5751734a8d01d317b0cf1","source_kmz":"caloosahatchee","orientation":"unverified"}},{"type":"Feature","geometry":{"type":"LineString","coordinates":[[-81.3511141640161,26.7536240914598],[-81.3526141154171,26.7554916233793],[-81.3529100969189,26.755533477077],[-81.3531600963021,26.7558447285545],[-81.3531141136106,26.7561141269443],[-81.3558642323212,26.7595378333208],[-81.3561602292417,26.7595796773057],[-81.3560223023845,26.760387866833],[-81.3595228107321,26.7647451403347],[-81.3604108611273,26.7648706367157],[-81.3603648962222,26.7651400311279],[-81.3626154468261,26.767941022589],[-81.3621558372444,26.7706349414997],[-81.3624518751905,26.770676766281],[-81.3627019526898,26.7709879810157],[-81.3626100303645,26.7715267619091],[-81.3622680269399,26.7717543276794],[-81.3622220641614,26.77202371744381],[-81.3624721447288,26.7723349314938],[-81.3621301377452,26.7725624962706],[-81.3620841741076,26.772831885333],[-81.3614001523676,26.7732870104068],[-81.3613541860708,26.7735563985728],[-81.3610121713145,26.7737839588697],[-81.3609662035449,26.7740533464706],[-81.360624185802,26.7742809051638],[-81.36032813640162,26.7742390756457],[-81.3599861162451,26.7744666321248],[-81.3596900665174,26.7744248008209],[-81.3592763061455,26.7768492709906],[-81.35977647578821,26.7774717034657],[-81.35894890752661,26.7823205820281],[-81.3591990060942,26.7826317944775],[-81.3591530279719,26.782901174261],[-81.3594031289536,26.7832123856897],[-81.3591732371128,26.7845592804156],[-81.3594233429636,26.7848704902768],[-81.3593313854492,26.7854092462568],[-81.35958149432801,26.7857204549607],[-81.3594435577489,26.786528586767],[-81.3596936702694,26.786839794177],[-81.3595097532746,26.787917299432],[-81.3597598700508,26.7882285054116],[-81.3596679110618,26.7887672563631],[-81.3599180308662,26.7890784611856],[-81.36051023118321,26.7891621180469],[-81.3610104809414,26.789784522051],[-81.3609645046593,26.7900538969606],[-81.3612146328533,26.7903650975002],[-81.3615107379024,26.7904069225195],[-81.361464762848,26.790676297156],[-81.36246530083461,26.7919210869402],[-81.3642419710329,26.7921720019693]]},"properties":{"segment_id":"f658f511f341b1d963903a31","source_kmz":"caloosahatchee","orientation":"unverified"}},{"type":"Feature","geometry":{"type":"LineString","coordinates":[[-81.7935141247016,26.8579283397053],[-81.7935587878493,26.8576588309157],[-81.7938553298351,26.8576994219933],[-81.79419653316,26.8574705030143],[-81.795679244142,26.8576734410127],[-81.7970440268418,26.8567577336206],[-81.7965402530123,26.8561375461865],[-81.7968081655069,26.8545204737369],[-81.79749052958,26.8540626109792],[-81.7975351783212,26.85379309744],[-81.7978317089036,26.8538336777001],[-81.7980102974654,26.8527556208468],[-81.7977584178482,26.8524455262667],[-81.7978030649177,26.8521760113365],[-81.7984854051961,26.8517181389416],[-81.7996715024896,26.8518804451147],[-81.8010361513338,26.8509646700782],[-81.8013326738509,26.8510052407457],[-81.8022699539886,26.845345322582],[-81.802611086216,26.8451163678601],[-81.8029681035495,26.842960179042],[-81.8036503436585,26.84250226057391],[-81.8051673881189,26.8333382702152],[-81.82460590009612,26.82028483108831],[-81.8260880443626,26.8204873599654],[-81.82779288117132,26.8193421016277]]},"properties":{"segment_id":"5ec72adb4b605495d89e9b79","source_kmz":"caloosahatchee","orientation":"unverified"}},{"type":"Feature","geometry":{"type":"LineString","coordinates":[[-81.8259356031892,26.8874400963107],[-81.82764176400902,26.88629506503822],[-81.8276863353011,26.8860255640541],[-81.8279829907421,26.8860660549847],[-81.827730906315,26.8857560628387],[-81.8274342520574,26.8857155711565],[-81.8269300910007,26.8850955826964],[-81.8266334393881,26.885055088665],[-81.8263813627585,26.884745092351],[-81.825788062735,26.884664100247],[-81.8255359902824,26.8843541015416],[-81.8249426937389,26.8842731045503],[-81.8231782538212,26.8821030782185],[-81.8233565843938,26.8810250672941],[-81.8200800352907,26.876994895796],[-81.8202138047357,26.876186379836],[-81.8184496489096,26.8740162224313],[-81.8160767801384,26.8736920435996],[-81.8158247745819,26.8733820115483],[-81.8161815788564,26.8712259560904],[-81.8168639722016,26.8707679893069],[-81.8174883036843,26.8669948474715],[-81.81723631260381,26.8666848127464],[-81.8173700927026,26.865876276037],[-81.8171181053104,26.8655662400121],[-81.817430253517,26.8636796452908],[-81.8169262929284,26.8630595686559],[-81.8170154781304,26.8625205389594],[-81.8160075836732,26.8612803739296],[-81.8162305543325,26.8599327928907],[-81.815978588372,26.8596227487258],[-81.81620155520442,26.8582751612083],[-81.8154456775694,26.8573450213238],[-81.8155348661112,26.85680598387122],[-81.8175816929377,26.8554320229908],[-81.8193203702971,26.8449205309868],[-81.8196614556516,26.8446915203485],[-81.8197951789907,26.8438829284527],[-81.82047733718031,26.8434249014184],[-81.82252733952691,26.8310262008375],[-81.82559647247682,26.8289648813489],[-81.8256410205738,26.828695335987],[-81.8270050279309,26.8277791597573],[-81.8265012080223,26.8271590640237],[-81.82779288117132,26.8193421016277]]},"properties":{"segment_id":"b1d556e42e8a2e25fa4afe39","source_kmz":"caloosahatchee","orientation":"unverified"}},{"type":"Feature","geometry":{"type":"LineString","coordinates":[[-81.5504744315108,26.80257782976941],[-81.5505198238058,26.8023083819138],[-81.5500181380672,26.8016869095634],[-81.55010892428321,26.801148012604],[-81.5478514388653,26.7983513406945],[-81.5480330301735,26.79727353903692],[-81.54871625785842,26.79681722469291],[-81.5489886221155,26.7952005112576],[-81.5496718283724,26.794744187882],[-81.5497172190557,26.7944747341677],[-81.5510836051936,26.793562070858],[-81.5511289908559,26.7932926155934],[-81.5514251972202,26.7933339018553],[-81.5509235570536,26.79271241744931],[-81.5516067334341,26.7922560780798],[-81.5516521167804,26.7919866215526],[-81.55194831891981,26.7920279064899],[-81.5539902361707,26.7799021168806]]},"properties":{"segment_id":"29eb448d7ae44759f6e05042","source_kmz":"caloosahatchee","orientation":"unverified"}},{"type":"Feature","geometry":{"type":"LineString","coordinates":[[-81.5567569601507,26.7940769100961],[-81.5562552773438,26.79345545265191],[-81.5563006468307,26.79318599505631],[-81.5545234019602,26.7929383476466],[-81.5541818196738,26.7931665270453],[-81.5535894057423,26.7930839692681],[-81.553087751468,26.79246249479741],[-81.5549934191578,26.7811450995596],[-81.5539902361707,26.7799021168806]]},"properties":{"segment_id":"0e33efa917fac40f3f96b555","source_kmz":"caloosahatchee","orientation":"unverified"}},{"type":"Feature","geometry":{"type":"LineString","coordinates":[[-81.32637195484712,26.7476385311991],[-81.3268717187895,26.748261174835],[-81.3271676630866,26.7483031023998],[-81.3276674365955,26.7489257410053],[-81.3282593307949,26.7490095906149],[-81.3285092226196,26.7493209070977],[-81.3291011203387,26.7494047518371],[-81.3293510163344,26.7497160659419],[-81.3308307715826,26.7499256592837],[-81.3313305808314,26.7505482773717],[-81.3310542893733,26.7521646317255],[-81.3307122795019,26.7523921071305],[-81.3306662287355,26.7526614983706],[-81.3296401847699,26.7533439159524],[-81.3298900940855,26.7536552251485],[-81.3297058763666,26.7547327832363],[-81.329363852795,26.7549602525006],[-81.3293177964618,26.755229641105],[-81.3289757699049,26.7554571087646],[-81.3289297120986,26.755726496803],[-81.3275615831369,26.7566363533848],[-81.3275155202982,26.7569057398622],[-81.322384762547,26.7603175156576],[-81.3212008319233,26.7601497520467],[-81.3208587645649,26.7603771898157],[-81.3202667997506,26.7602933010621],[-81.31581974445972,26.7632498517227],[-81.3146357864334,26.7630820151263],[-81.3142936902147,26.7633094294217],[-81.3142475824974,26.7635788047425],[-81.3139054832929,26.7638062174331],[-81.3133135017547,26.7637222901088],[-81.3129713995266,26.763949699643],[-81.31292528734951,26.7642190738714],[-81.3122410751226,26.76467388845691],[-81.3101691296333,26.7643800957753],[-81.3098270165355,26.7646074945672],[-81.30953102485971,26.7645655198657],[-81.3091889093507,26.7647929164427],[-81.30889291735001,26.7647509399555],[-81.3088467920427,26.76502031174641],[-81.3085046729357,26.76524770577682],[-81.3084585461542,26.7655170770017],[-81.3074321744782,26.7661992504582],[-81.307155386391,26.7678154669184],[-81.3068593850326,26.7677734850412],[-81.3048065467022,26.7691377799852],[-81.303883684584,26.7745250655468]]},"properties":{"segment_id":"ea8ab13bf4620b27ca911cce","source_kmz":"caloosahatchee","orientation":"unverified"}},{"type":"Feature","geometry":{"type":"LineString","coordinates":[[-81.4570275722885,26.8118510999996],[-81.4572560117725,26.8105040987431],[-81.4560033691151,26.8089493298753],[-81.45604905924,26.8086799282412],[-81.4557528459916,26.80863837344741],[-81.4555023246707,26.8083274161347],[-81.4552061128933,26.80828585974791],[-81.4549555945611,26.8079749008022],[-81.4546593842547,26.8079333428225],[-81.4544088689113,26.8076223822439],[-81.4535202432593,26.8074977009916],[-81.4532697332769,26.8071867372838],[-81.45297352648211,26.8071451744287],[-81.4517210095382,26.8055903388774],[-81.4517667112349,26.8053209364566],[-81.451015224547,26.8043880240983],[-81.4507190284273,26.8043464545101],[-81.4507647325892,26.8040770515426],[-81.4505142424337,26.803766078102],[-81.4508798704032,26.8016108448671],[-81.4506293869802,26.8012998694479],[-81.4508121965928,26.8002222466823],[-81.450561717437,26.7999112698312],[-81.4508816276052,26.7980254200475],[-81.4506311545651,26.7977144413539],[-81.4509730279467,26.7974866037227],[-81.4511558252115,26.7964089682715],[-81.4514976920474,26.7961811280486],[-81.4515890865991,26.7956423082621],[-81.4519309492613,26.79541446610761],[-81.452022340302,26.794875644727],[-81.4527060554771,26.7944199552836],[-81.4527974406353,26.7938811316487],[-81.4531392931483,26.7936532843597],[-81.45318498411451,26.7933838718619],[-81.4535268336398,26.7931560229715],[-81.4535725231354,26.79288660991],[-81.4542562144087,26.792430907655],[-81.4543019012481,26.79216149369981],[-81.4553274210865,26.7914779297917],[-81.4556015148012,26.7898614352142],[-81.4553510484361,26.7895504603682],[-81.4554424119624,26.7890116266999],[-81.4557842382502,26.7887837674913],[-81.4558755982664,26.7882449322284],[-81.4556251355985,26.7879339565602],[-81.45567081579581,26.7876645384413],[-81.4554203555458,26.787353561751],[-81.4556030759526,26.7862758863911],[-81.455352619969,26.7859649082673],[-81.4555353382854,26.7848872286211],[-81.4558771480223,26.7846593663424],[-81.4559228257042,26.7843899455166],[-81.4572900418937,26.78347848236781],[-81.4573357145492,26.7832090599875],[-81.4583611042183,26.7825254482863],[-81.4586572292578,26.7825669988776],[-81.4587485648008,26.7820281512419],[-81.4590903547671,26.7818002765307],[-81.459181686801,26.7812614272997],[-81.4612323745428,26.7798941483726],[-81.4615284919503,26.7799356911456],[-81.4617789526812,26.7802466599805],[-81.4623711907206,26.78032974149662],[-81.462712964426,26.7801018537917],[-81.4628499254958,26.7792935708016],[-81.4625994636741,26.7789826036621],[-81.4628277295148,26.7776354599844],[-81.4631694913679,26.77740756897751],[-81.4632607933423,26.7768687092097],[-81.4630103370665,26.7765577408347],[-81.4633520941789,26.7763298485069],[-81.4634890433001,26.7755215556995],[-81.4632385901053,26.7752105866379],[-81.4633298893296,26.7746717233227],[-81.4630794391685,26.7743607531009],[-81.46312508897012,26.7740913209553],[-81.46212330880292,26.7728474306643],[-81.4621689607847,26.7725779977353],[-81.4619185208621,26.7722670228116],[-81.4619641731754,26.7719975895114],[-81.46121286606301,26.7710646590149],[-81.4600285202514,26.7708984749342],[-81.4597780928897,26.7705874933388],[-81.459185924061,26.7705043947351],[-81.4584346598926,26.7695714401475],[-81.45857164427261,26.7687631376944],[-81.4589133822785,26.7685352546581],[-81.45866296577,26.7682242682229],[-81.4593464352409,26.7677684995573],[-81.4596203786854,26.7661518815641],[-81.4593699665357,26.7658408946397],[-81.45950693626541,26.7650325820724],[-81.4592108708564,26.7649910317438],[-81.45871005802512,26.7643690529172],[-81.4588013740204,26.7638301763453],[-81.4585509715379,26.76351918532851],[-81.4582549117688,26.7634776321042],[-81.4577541145757,26.7628556459179],[-81.4577997748947,26.76258620696481]]},"properties":{"segment_id":"43e02402c58c1d67616f27c0","source_kmz":"caloosahatchee","orientation":"unverified"}},{"type":"Feature","geometry":{"type":"LineString","coordinates":[[-81.5275022953278,26.7913755672341],[-81.5285272267603,26.7906912833539],[-81.5285726812172,26.7904218356205],[-81.5294612393123,26.79054588478351],[-81.5349272176494,26.786896127224],[-81.5352233943581,26.7869374602015],[-81.5353142573041,26.7863985527221],[-81.5377054568011,26.7848016703291],[-81.5403710047503,26.7851735681117],[-81.540712591904,26.7849454285072],[-81.5413049377701,26.7850280612846],[-81.5413503494283,26.7847586035027],[-81.54203351348582,26.7843023160609],[-81.5425350409518,26.784923858536],[-81.5437197370038,26.7850891000525],[-81.548501664732,26.7818948758965],[-81.5485924396183,26.7813559488723],[-81.5492755385719,26.78089960949511],[-81.5495717015957,26.7809409025185],[-81.5498439998477,26.7793241113124],[-81.5518932071083,26.7779550451928],[-81.5519385820557,26.77768557719761],[-81.5529631578002,26.7770010260027],[-81.5535075924889,26.7737673799796],[-81.5538490999246,26.7735391897539]]},"properties":{"segment_id":"bca2a8d2d3b53d378a0777cb","source_kmz":"caloosahatchee","orientation":"unverified"}},{"type":"Feature","geometry":{"type":"LineString","coordinates":[[-81.5539902361707,26.7799021168806],[-81.5534886554929,26.779280620222],[-81.5531924962855,26.7792393381032],[-81.5532832391474,26.7787004027888],[-81.5530324539334,26.7783896521055],[-81.5538490999246,26.7735391897539]]},"properties":{"segment_id":"04b3d5add8c01fa9acff2dbe","source_kmz":"caloosahatchee","orientation":"unverified"}},{"type":"Feature","geometry":{"type":"LineString","coordinates":[[-81.6323106258845,26.782791042696],[-81.6326519608763,26.7825626009379]]},"properties":{"segment_id":"6a45c21b035f0943a2eec6fa","source_kmz":"caloosahatchee","orientation":"unverified"}},{"type":"Feature","geometry":{"type":"LineString","coordinates":[[-81.63905004101841,26.8077143933678],[-81.639275632451,26.8063669802809],[-81.6390244579337,26.806056461478],[-81.6395658561286,26.8028226446598],[-81.6380588916324,26.8009595033082],[-81.6389160933835,26.79583920904],[-81.6356513798325,26.791802259194],[-81.6353551386087,26.7917612115766],[-81.6354002606498,26.7914917183788],[-81.6348077808502,26.7914096207998],[-81.63305001365012,26.7892357997518],[-81.6333659031011,26.7873493354211],[-81.6331148050612,26.7870387850427],[-81.6332050578993,26.7864997928591],[-81.6329539629044,26.7861892413176],[-81.6330893419134,26.785380750879],[-81.632838250584,26.7850701980365],[-81.6329285030912,26.7845312029686],[-81.6324263283258,26.7839100940695],[-81.6326519608763,26.7825626009379]]},"properties":{"segment_id":"9276749994e01e4d987b273a","source_kmz":"caloosahatchee","orientation":"unverified"}},{"type":"Feature","geometry":{"type":"LineString","coordinates":[[-81.4326169147988,26.7538068699928],[-81.4343689204029,26.75598428612531],[-81.4376251850724,26.7564420801929],[-81.4381258003727,26.7570641746671],[-81.4393099146411,26.7572306139228],[-81.43956022973151,26.7575416568403],[-81.4422245141603,26.7579160890373],[-81.4425662523745,26.7576882522127],[-81.4443424511152,26.7579378300333],[-81.44468418383642,26.75770998629161],[-81.44646038913382,26.7579595280678],[-81.4474855654158,26.7572759722768],[-81.4489657350923,26.7574838864218],[-81.4492160856373,26.7577949059571],[-81.4506962683535,26.7580027952519],[-81.45144734856372,26.758935837325],[-81.4517433895152,26.7589774104068],[-81.4522441210275,26.7595994325317],[-81.4525401646333,26.7596410032731],[-81.4527905342751,26.75995201225931],[-81.4526991849242,26.7604908897355],[-81.452949557598,26.7608018975609],[-81.4528125332846,26.7616102116071],[-81.4533132877285,26.762232223776],[-81.45294788689,26.7643877154016],[-81.4531982717391,26.7646987190575],[-81.4549746451226,26.7649481108576]]},"properties":{"segment_id":"bb9ce4683c29bed4715e0b89","source_kmz":"caloosahatchee","orientation":"unverified"}},{"type":"Feature","geometry":{"type":"LineString","coordinates":[[-81.2698800882795,26.72885627941041],[-81.2697876327343,26.7293950453244],[-81.2694455518622,26.7296223352675]]},"properties":{"segment_id":"152c309c1cb8f9b9bec9d103","source_kmz":"caloosahatchee","orientation":"unverified"}},{"type":"Feature","geometry":{"type":"LineString","coordinates":[[-81.40871116190162,26.7482351502905],[-81.4083693718854,26.748462882647],[-81.4080733877931,26.7484211853017],[-81.406022606219,26.7497875470822],[-81.4059767913847,26.7500569735257],[-81.40563498697202,26.7502846957059],[-81.4055891706672,26.7505541215841],[-81.4052473632698,26.7507818421612],[-81.40520154549431,26.751051267474],[-81.404859735112,26.7512789864479],[-81.4045848153543,26.7528955314186],[-81.4042429960608,26.75312324713431],[-81.403922235059,26.7550092032904],[-81.4025549066986,26.7559200441639],[-81.4025090778151,26.75618946421101],[-81.4021672400401,26.7564171709181],[-81.40212140968572,26.75668659039991],[-81.4017795689255,26.756914295504],[-81.40086287816672,26.7623026293412],[-81.4001791438264,26.7627580224944]]},"properties":{"segment_id":"4e8d5f50317ad308d4d18e0c","source_kmz":"caloosahatchee","orientation":"unverified"}},{"type":"Feature","geometry":{"type":"LineString","coordinates":[[-81.1543179038482,26.7117951416909],[-81.1545670620952,26.7121069082778],[-81.156045748536,26.7123190021632],[-81.1567932518576,26.71325428544881],[-81.1573847355872,26.7133391126264],[-81.1586306222315,26.7148978929979],[-81.1595178678104,26.7150251162577],[-81.160514623687,26.7162721157246],[-81.16081037754252,26.7163145188093],[-81.16205636871771,26.7178732445585],[-81.1623521288002,26.7179156430729],[-81.1626944444466,26.7176886964222],[-81.1638774852427,26.7178582782768],[-81.1643759073131,26.7184817537282],[-81.1655589622446,26.7186513161225],[-81.1663066230644,26.7195865137353],[-81.1737009104529,26.7206459169921]]},"properties":{"segment_id":"e60d8cfcaa82331e2f7cc679","source_kmz":"caloosahatchee","orientation":"unverified"}},{"type":"Feature","geometry":{"type":"LineString","coordinates":[[-81.6167926461029,26.77953581767021],[-81.616290616263,26.778914622069],[-81.6166520064263,26.7767586543443]]},"properties":{"segment_id":"e0201dc468eb8826a040e0a0","source_kmz":"caloosahatchee","orientation":"unverified"}},{"type":"Feature","geometry":{"type":"LineString","coordinates":[[-81.4907997513255,26.7914847829024],[-81.4912098931962,26.7890598984937],[-81.4915516253835,26.78883192229261],[-81.4918477879561,26.7888733780151],[-81.4923490182736,26.7859096000306],[-81.4930324499357,26.7854536346769],[-81.4930780122541,26.7851841982537],[-81.4928274246642,26.7848733090085],[-81.4931691360391,26.7846453247066],[-81.4921668014282,26.7834017613134],[-81.4922123653629,26.7831323236404],[-81.4919617868322,26.7828214304406],[-81.4920073511,26.7825519923966],[-81.4915062006786,26.7819302030653],[-81.4915517658965,26.7816607645131],[-81.4910506239168,26.7810389713643],[-81.4910961900846,26.7807695323038],[-81.4905950565464,26.7801477353376],[-81.4902989244614,26.7801062749984],[-81.4904356276654,26.7792979558797],[-81.4894333943536,26.7780543466767],[-81.489478963988,26.7777849059536],[-81.4882262159718,26.77623037383371],[-81.4882717884064,26.7759609321899],[-81.4880212448251,26.7756500229712],[-81.4877251293771,26.7756085547855],[-81.4873834393601,26.7758365273439],[-81.4867912080827,26.7757535865568],[-81.4860396005159,26.77482084501891],[-81.4854473774835,26.77473789636341],[-81.4849463195195,26.7741160612495],[-81.4846502107991,26.7740745841583],[-81.4843996857042,26.7737636645245],[-81.4844452687616,26.7734942225926],[-81.484194746085,26.7731833019356],[-81.4838986409189,26.7731418225995],[-81.4826460604814,26.7715872022865],[-81.48269164785552,26.7713177593924],[-81.4819401230598,26.77038497616302],[-81.4819857119996,26.7701155326226],[-81.48173520795362,26.7698046029704],[-81.4818263862141,26.769265714913],[-81.4815758852026,26.7689547840999],[-81.4816214745233,26.7686853395829],[-81.48137097592961,26.7683744077466],[-81.4814165655828,26.7681049628581],[-81.4809155750322,26.767483096253],[-81.4809611656344,26.7672136508555],[-81.4799592086137,26.7659699064652],[-81.4800048013977,26.7657004602836],[-81.4797543172619,26.7653895218339],[-81.4797999103783,26.7651200752807],[-81.4792989487428,26.7644981954486],[-81.4793445428081,26.76422874838631],[-81.4790940653084,26.7639178070039],[-81.4787979943116,26.7638763120732],[-81.47884358960971,26.7636068647356],[-81.4783426436154,26.7629849775415],[-81.4777505090137,26.7629019823464],[-81.4775000410873,26.7625910359242],[-81.4772039753972,26.7625495363117],[-81.4746994070291,26.7594400158864],[-81.4744033534689,26.7593985079476],[-81.4741529077213,26.7590875502847],[-81.4720805490484,26.7587969658306],[-81.4718301133934,26.7584860020448],[-81.4712380158423,26.7584029688185],[-81.4709875843572,26.7580920026507],[-81.4665469067316,26.75746913456191],[-81.4662052325612,26.7576970500133],[-81.4659091890443,26.7576555177775],[-81.4656587788818,26.7573445381438],[-81.4653627368338,26.7573030043155],[-81.4651123296564,26.756992023048],[-81.4636321296042,26.7567843374994],[-81.46313133249741,26.7561623648264],[-81.4625392592053,26.7560792817036],[-81.4621975799654,26.7563071849747],[-81.461605506579,26.7562240965925],[-81.460922140234,26.7566798955574],[-81.4606717508261,26.756368903069],[-81.4609912794966,26.7544827804715]]},"properties":{"segment_id":"080743417278ce532abcc365","source_kmz":"caloosahatchee","orientation":"unverified"}},{"type":"Feature","geometry":{"type":"LineString","coordinates":[[-81.2095617443319,26.7183241520613],[-81.2140507872527,26.7239333317706],[-81.2139579893938,26.7244720559749],[-81.21420739894852,26.7247836684057],[-81.2133721771888,26.7296321414569],[-81.2163653635743,26.7333713921162],[-81.2123277748859,26.75680446252621],[-81.2119854347028,26.7570315457235],[-81.2116604678399,26.7589168856319],[-81.2113181175439,26.7591439652265],[-81.2112716913619,26.7594132982282],[-81.2117706944165,26.7600364707516],[-81.2120666229932,26.7600787230975],[-81.2125656356144,26.7607018905992],[-81.2123799413458,26.7617792184683],[-81.21362751655371,26.7633371190491],[-81.21344182985432,26.7644144404362],[-81.2136913527284,26.7647260173592],[-81.2135985088636,26.765264676373],[-81.2143470919323,26.7661994010288],[-81.2143006713957,26.7664687297748],[-81.2147997369842,26.7670918748605],[-81.2141149863579,26.767546042414],[-81.2140685643757,26.76781536998782],[-81.2148171746035,26.7687500842468],[-81.2146779124108,26.7695580643342],[-81.2143355279132,26.7697851466984],[-81.2142891054158,26.770054472593],[-81.2145386476158,26.7703660423121],[-81.2143993802185,26.7711740181806],[-81.2137145951665,26.7716281776455],[-81.2136217440362,26.7721668257231],[-81.2143703871041,26.7731015311999],[-81.214323962935,26.7733708544783],[-81.2153221813073,26.7746171155503],[-81.2152293369813,26.7751557603139],[-81.2162275890065,26.7764020061796],[-81.2161811688499,26.7766713276651],[-81.2164307369622,26.7769828867896],[-81.2157459165775,26.7774370518022],[-81.215699494365,26.7777063722526],[-81.2159490637291,26.7780179315783],[-81.215716951379,26.7793645296353],[-81.2159665255918,26.779676087398],[-81.2157808329467,26.78075336108291],[-81.2160304113985,26.7810649174187],[-81.215937564561,26.7816035525837],[-81.2152527049895,26.7820577081828],[-81.2151134254332,26.7828656571803],[-81.21477098938391,26.7830927320714],[-81.2147245610982,26.78336204760331],[-81.2157229005931,26.78460826817802],[-81.2150380160937,26.7850624183523],[-81.2149451587811,26.7856010462961],[-81.2131690591073,26.7853475875645],[-81.2117992443724,26.7862558473484],[-81.2116599257812,26.7870637817557],[-81.2113174640346,26.7872908425187],[-81.2109923688748,26.7891760122833],[-81.2154328182558,26.789809687517],[-81.215682421597,26.7901212363791]]},"properties":{"segment_id":"97fc10d82b5f8ef696e1db3a","source_kmz":"caloosahatchee","orientation":"unverified"}},{"type":"Feature","geometry":{"type":"LineString","coordinates":[[-81.3875179471722,26.7427642873864],[-81.3887684000652,26.7443201801287],[-81.3896562831742,26.7444454353405],[-81.3901564840368,26.7450677817579],[-81.3913403416632,26.7452347709088],[-81.3916821637479,26.7450070921371],[-81.3921823824318,26.7456294278157],[-81.3927743164718,26.7457129124541],[-81.3926826083125,26.7462517599541],[-81.3931828413904,26.7468740885524],[-81.3930911345448,26.7474129345644],[-81.3927493066621,26.7476406163326],[-81.3937497970371,26.7488852642478],[-81.3936122384395,26.7496935288638],[-81.3932704029165,26.7499212108057],[-81.3942709271661,26.7511658453503],[-81.3948629011064,26.7512493167825],[-81.3958634636308,26.7524939311879],[-81.39581761572092,26.7527633510203],[-81.3975686737221,26.7549413911966],[-81.3978646750598,26.7549831175208],[-81.39936565921822,26.7568499701026],[-81.399661667954,26.7568916910975],[-81.399569990848,26.757430526873],[-81.39982016358772,26.7577416648503],[-81.39917840046262,26.761513487126],[-81.4001791438264,26.7627580224944]]},"properties":{"segment_id":"fe6c1f9a8a4c8943d92c45b0","source_kmz":"caloosahatchee","orientation":"unverified"}},{"type":"Feature","geometry":{"type":"LineString","coordinates":[[-81.66559928081621,26.7976016902543],[-81.6662818899816,26.7971446078519],[-81.6663269184184,26.796875105578],[-81.6666682191111,26.7966465621457],[-81.666803299188,26.79583805294091],[-81.6674858880611,26.7953809603009],[-81.6675309118259,26.79511145611],[-81.6678722023725,26.7948829075588],[-81.6679172246736,26.7946134028067],[-81.6685997979872,26.7941563012419],[-81.6713904858625,26.7774465105527],[-81.6717316964837,26.7772179375089],[-81.6717766975575,26.7769484170801]]},"properties":{"segment_id":"9df7b72e2d582c54b476fae2","source_kmz":"caloosahatchee","orientation":"unverified"}},{"type":"Feature","geometry":{"type":"LineString","coordinates":[[-81.1611310191017,26.7039393645781],[-81.1618785050057,26.704874634628],[-81.1621742205871,26.70491703527731],[-81.1639184254901,26.70709929594601],[-81.1642141496708,26.7071416905343],[-81.16595845083242,26.7093239027304],[-81.1658653693073,26.7098626073813],[-81.16736056188752,26.711733038903],[-81.1670813322437,26.71334914226181],[-81.1700719550535,26.7170899000889],[-81.1709592399159,26.7172170252416],[-81.1737009104529,26.7206459169921]]},"properties":{"segment_id":"6bd779c97149857cef767c73","source_kmz":"caloosahatchee","orientation":"unverified"}},{"type":"Feature","geometry":{"type":"LineString","coordinates":[[-81.40330304413772,26.7372652569342],[-81.4038033016479,26.7378875511508],[-81.404099247646,26.7379292618994],[-81.4043493802846,26.7382404069323],[-81.4043035663543,26.7385098418262],[-81.4045537014061,26.7388209858359],[-81.4045078878048,26.7390904203575],[-81.4055084484602,26.7403349869922],[-81.4054168253152,26.7408738542297],[-81.4061672683837,26.7418072690836],[-81.4064632289297,26.74184897264722],[-81.40671338140261,26.7421601084137],[-81.4066217638299,26.7426989738047],[-81.4071220766308,26.7433212421311],[-81.4074180428163,26.7433629428013],[-81.4076682031007,26.743674074889],[-81.407576589872,26.7442129387094],[-81.4078267531845,26.7445240696364],[-81.4077809467565,26.7447935010573],[-81.4082812800084,26.7454157599803],[-81.4081896687541,26.7459546215681],[-81.408439839308,26.7462657494264],[-81.4087358162023,26.7463074459981],[-81.4086900116613,26.7465768763995],[-81.4089401858141,26.7468880024873],[-81.40871116190162,26.7482351502905]]},"properties":{"segment_id":"7d7e7d779988d157cfbe797b","source_kmz":"caloosahatchee","orientation":"unverified"}},{"type":"Feature","geometry":{"type":"LineString","coordinates":[[-81.508980187119,26.7915458031202],[-81.506974931913,26.78905901614201],[-81.507065973164,26.7885201366231],[-81.5045595787217,26.7854115704346],[-81.5047872077549,26.78406436068631],[-81.5054705592316,26.7836083114796],[-81.5055160818174,26.7833388681697],[-81.5058122322667,26.7833802849702],[-81.5059032747849,26.7828413974573],[-81.5051513994537,26.7819088129436],[-81.5048552543608,26.7818673940901],[-81.5049007779475,26.7815979496673],[-81.5046501582434,26.7812870855052],[-81.5043540155201,26.7812456651546],[-81.5043995403414,26.7809762204571],[-81.5038983099434,26.7803544877034],[-81.5039893612039,26.7798155970578],[-81.5043310231583,26.7795875728472],[-81.50437654717821,26.7793181268441],[-81.5047182061459,26.779090101033],[-81.5048092509652,26.7785512076662],[-81.5051509057615,26.77832317992461],[-81.5051964265609,26.7780537325609],[-81.5054925587559,26.7780951509123],[-81.50553807837072,26.7778257032187],[-81.5069046675903,26.7769135731428],[-81.5069501821829,26.7766441238962],[-81.5072463103904,26.776685537447],[-81.5081110166415,26.7715659555302],[-81.5078604144711,26.7712550898855],[-81.5079059231076,26.7709856357307],[-81.50858915478742,26.77052954855341],[-81.5088852628416,26.7705709582032],[-81.5091582890873,26.7689542238294],[-81.5089076907206,26.76864335830531],[-81.5095908986125,26.7681872614262],[-81.5096819015896,26.7676483465028],[-81.50943130512482,26.7673374810388],[-81.5104560946438,26.7666533260426],[-81.51086556758611,26.7642281871643],[-81.510113800562,26.7632955872332],[-81.5102047951339,26.76275666408331],[-81.5099087132016,26.7627152572212],[-81.5094075490295,26.7620935174545],[-81.5100907025461,26.76163740849911],[-81.5101816955174,26.7610984827346],[-81.50942996307,26.7601658692745],[-81.5096574497943,26.7588185487018],[-81.5099990138609,26.7585904918396],[-81.5100445091712,26.7583210266931],[-81.5103860702526,26.7580929682302],[-81.51043156409541,26.7578235025197],[-81.5111146784867,26.7573673811216],[-81.511160169678,26.757097914517],[-81.5117522965666,26.7571807216715],[-81.5120938486422,26.756952656855],[-81.5123899118945,26.75699405822492],[-81.5124808856554,26.7564551230771],[-81.51316397843291,26.7559989864307],[-81.5134368787064,26.7543821714104],[-81.5141199500725,26.7539260257204],[-81.5142109098277,26.7533870841878],[-81.5145524404414,26.7531590087766],[-81.5146888743974,26.7523505937321],[-81.5150303996586,26.75212251606],[-81.5153032528175,26.7505056776706],[-81.5137998778044,26.7486404582359]]},"properties":{"segment_id":"6ae10c67ee044e70991b9a05","source_kmz":"caloosahatchee","orientation":"unverified"}},{"type":"Feature","geometry":{"type":"LineString","coordinates":[[-81.5836265613373,26.8019533905305],[-81.5887494609483,26.79852921073571],[-81.5887947318086,26.7982597430654],[-81.5890909731585,26.7983009219257],[-81.5892720501698,26.7972230485302],[-81.5882681878188,26.7959804539562],[-81.5883134588446,26.7957109844745],[-81.58806249838571,26.7954003334768],[-81.5890869979658,26.7947154636723],[-81.5892228005522,26.7939070504552],[-81.5877170766668,26.7920431343834],[-81.5884000534919,26.79158655353231],[-81.5884453218057,26.7913170805104],[-81.5887415391991,26.7913582612024],[-81.588786806329,26.7910887878514],[-81.5885358575868,26.7907781337666],[-81.588581125054,26.7905086600447],[-81.5883301787348,26.7901980049355],[-81.5884207140618,26.7896590565168],[-81.588169770785,26.78934840024551],[-81.5883508405307,26.788270500058],[-81.5890337842064,26.787813909995],[-81.5899224020664,26.7879374458041],[-81.5923126351159,26.786339320838],[-81.5961632854679,26.786874469213],[-81.5999190988364,26.7843628697937],[-81.60028091998,26.7822069933341],[-81.6040364109965,26.7796952113551],[-81.604332595997,26.7797363492443],[-81.6048299174964,26.7767719538598],[-81.6068781933596,26.7754017988623],[-81.6069233956144,26.7751323049979],[-81.6095889424619,26.7755024468797],[-81.6103418879941,26.7764342966311],[-81.6115265970051,26.7765987731752],[-81.6116169735105,26.77605978309011],[-81.6126410573484,26.7753746433157],[-81.612686241629,26.775105146936],[-81.6178063996556,26.7716792717691],[-81.6181025637488,26.77172037158021],[-81.619457401833,26.76363522067111],[-81.6204812764367,26.7629499789331]]},"properties":{"segment_id":"8c63ed15f691aee65957b8d8","source_kmz":"caloosahatchee","orientation":"unverified"}},{"type":"Feature","geometry":{"type":"LineString","coordinates":[[-81.5538490999246,26.7735391897539],[-81.55589810669,26.7721700217277],[-81.555396557148,26.7715485200765],[-81.5551004235101,26.7715072424276],[-81.5551457850804,26.77123776792091],[-81.5554872782038,26.7710095706377],[-81.5549857383446,26.7703880648885],[-81.5550764607432,26.7698491139637],[-81.5540734075982,26.7686060907219],[-81.5534811620195,26.7685235263597],[-81.5535265270704,26.768254050187],[-81.5532757712754,26.7679432905242],[-81.5529342844246,26.7681714826377],[-81.5514536827579,26.7679650489821],[-81.5469405033048,26.7623711450293],[-81.54703126742771,26.7618321883598],[-81.5446625043381,26.7615017442937],[-81.543910396638,26.7605693802381],[-81.5440011777517,26.76003042333941],[-81.5422246494299,26.7597825424881],[-81.5414725829587,26.7588501561467],[-81.5415179803499,26.7585806775079],[-81.5402645753519,26.7570266818477],[-81.5396724222476,26.7569440363526],[-81.5391710775934,26.75632242888661],[-81.5388750038328,26.7562811033747],[-81.5389204079684,26.7560116238235],[-81.5386243353915,26.7559702975629],[-81.53828285716051,26.75619844981721],[-81.537394639274,26.7560744631465],[-81.5370531573883,26.756302611309],[-81.536164940195,26.7561786142154],[-81.5358234546546,26.756406758286],[-81.5349352381548,26.7562827507697],[-81.5346845838655,26.7559719355012],[-81.5347300008937,26.7557024575266],[-81.5344339313775,26.755661119346],[-81.5340924433145,26.7558892581034],[-81.5314278248444,26.7555171680066],[-81.531177185377,26.7552063436163],[-81.530881119257,26.7551649953007],[-81.5303798480934,26.754543342363],[-81.5291955959136,26.7543779346661],[-81.5289449677685,26.7540671038728],[-81.5265764864668,26.7537362419512],[-81.5263258695925,26.7534254042826],[-81.5257337544657,26.7533426788595],[-81.52548314176012,26.7530318388071],[-81.5234107560216,26.7527422679832],[-81.5231601534031,26.7524314218042],[-81.52256804810811,26.7523486781852],[-81.5223174496582,26.7520378296225],[-81.5220213986193,26.7519964557977],[-81.5215202094901,26.7513747545156],[-81.5212241611018,26.7513333783491],[-81.5207229815441,26.7507116720236],[-81.5198348451808,26.7505875339659],[-81.517830227397,26.7481006552358],[-81.5172381568435,26.7480178803321],[-81.5171926893605,26.7482873568033],[-81.516168170701,26.7489716149709],[-81.5137998778044,26.7486404582359]]},"properties":{"segment_id":"795e5653b20c5b072e7a1f51","source_kmz":"caloosahatchee","orientation":"unverified"}},{"type":"Feature","geometry":{"type":"LineString","coordinates":[[-81.6326519608763,26.7825626009379],[-81.63333462544911,26.7821057136145],[-81.633379748749,26.7818362136308],[-81.63367595503,26.7818772680492],[-81.6341271635414,26.7791822544239],[-81.63515110597132,26.7784969002515],[-81.6351962217265,26.7782273966192],[-81.6346940672817,26.7776062870942],[-81.6351001075925,26.7751807414152],[-81.6361239949287,26.7744953696272],[-81.6363946545234,26.7728783227513],[-81.6374185043387,26.7721929336234],[-81.6374636097387,26.7719234240071],[-81.6380559585504,26.7720055112333],[-81.6387385112301,26.7715485743843],[-81.6387836121801,26.7712790636863],[-81.6385325413469,26.7709685116352],[-81.6394345137266,26.7655782458701],[-81.6404582530287,26.7648928121958]]},"properties":{"segment_id":"b81632ab7293613703d354f8","source_kmz":"caloosahatchee","orientation":"unverified"}},{"type":"Feature","geometry":{"type":"LineString","coordinates":[[-81.6409408913149,26.7674415614475],[-81.6404387582399,26.7668204598065],[-81.6407994958568,26.76466433176631]]},"properties":{"segment_id":"651b8d7d4bf8e1337dee9198","source_kmz":"caloosahatchee","orientation":"unverified"}},{"type":"Feature","geometry":{"type":"LineString","coordinates":[[-81.1404145181751,26.6940654510012],[-81.1424070255894,26.6965599554912],[-81.1447724548013,26.6968995869341],[-81.1460178777296,26.698458593747],[-81.1463135636215,26.6985010401562],[-81.1478081374702,26.7003718147323],[-81.1498779966907,26.7006688846827],[-81.1502202768371,26.7004419673717],[-81.1511073618869,26.7005692675886],[-81.1514496384169,26.70034234617721],[-81.1519478701164,26.7009659133056],[-81.1537220586433,26.7012204763744],[-81.154064330894,26.7009935468224],[-81.1545625851759,26.7016171002612],[-81.1557453903908,26.7017867823765],[-81.1567419394826,26.7030338667368],[-81.1570376462592,26.7030762821759],[-81.1573799171556,26.7028493429935],[-81.1585627447295,26.7030189925489],[-81.159247276278,26.7025651028255],[-81.15954298268082,26.7026075112225],[-81.1597921333012,26.7029192738103],[-81.16038354935,26.7030040865833],[-81.1611310191017,26.7039393645781]]},"properties":{"segment_id":"4464dafd4a830daa6454a7ef","source_kmz":"caloosahatchee","orientation":"unverified"}},{"type":"Feature","geometry":{"type":"LineString","coordinates":[[-81.4954007778912,26.7499276006677],[-81.4957423444342,26.7496995844641],[-81.4954918500646,26.7493886690955],[-81.4958334142396,26.7491606522312],[-81.4958789487168,26.7488911857636],[-81.495628456197,26.748580269981],[-81.4958105937354,26.7475024012167],[-81.4955601054827,26.7471914839957],[-81.495651173783,26.7466525479325],[-81.49599272673511,26.7464245287057],[-81.4960382592759,26.7461550599925],[-81.4967213574107,26.74569901706551],[-81.4969490040209,26.7443516666829]]},"properties":{"segment_id":"b5954b9ce662be1c4021a1c9","source_kmz":"caloosahatchee","orientation":"unverified"}},{"type":"Feature","geometry":{"type":"LineString","coordinates":[[-81.4553273824274,26.7396187399367],[-81.4568072688512,26.7398265537461],[-81.4574905237549,26.7393707590427],[-81.4645940479839,26.7403679263522],[-81.4680100667598,26.7380886507951],[-81.4683060443316,26.7381301794725],[-81.4689892252571,26.7376743072243],[-81.4695811787899,26.7377573582837],[-81.4699227653213,26.7375294183715],[-81.4705147187589,26.7376124641724],[-81.4708563022587,26.7373845211077]]},"properties":{"segment_id":"92ee6375b364042e20c0b263","source_kmz":"caloosahatchee","orientation":"unverified"}},{"type":"Feature","geometry":{"type":"LineString","coordinates":[[-81.4708563022587,26.7373845211077],[-81.4713570462067,26.7380064911982],[-81.4712202299848,26.73881488376252],[-81.4714706065062,26.7391258670642],[-81.47137939550302,26.7396647939923],[-81.47313209017422,26.741841650359],[-81.4729040792522,26.7431889587468],[-81.47315447448521,26.743499933993],[-81.4730632693598,26.7440388554321],[-81.4735640676901,26.7446608027143],[-81.4738600704122,26.7447023148379],[-81.4741104734618,26.7450132864018],[-81.4744064776521,26.7450547969328],[-81.4746568836861,26.7453657668625],[-81.47554490151391,26.7454902911451]]},"properties":{"segment_id":"e80ab6de90043284c73150b9","source_kmz":"caloosahatchee","orientation":"unverified"}},{"type":"Feature","geometry":{"type":"LineString","coordinates":[[-81.2912322770672,26.7103672173108],[-81.2917315729469,26.71099009772522],[-81.2911315995947,26.7144923701137],[-81.2916309185475,26.7151152434074],[-81.29153861308932,26.7156540504658],[-81.2918344287447,26.7156960822368],[-81.2913728931977,26.7183901043965],[-81.2918722363752,26.7190129693543],[-81.2916876189997,26.7200905705345],[-81.2913917883947,26.7200485388936],[-81.2910498012179,26.7202759059216],[-81.2909574866373,26.720814704242],[-81.2899315072097,26.7214967956899],[-81.2896545352249,26.7231131790277],[-81.2899042133576,26.7234246117103],[-81.2896733985222,26.7247715906748],[-81.2901727662903,26.7253944520118],[-81.2900804407888,26.7259332414026],[-81.29037629087432,26.7259752760295],[-81.2916247537874,26.7275324087929],[-81.2909407197072,26.727987133041],[-81.2907099088361,26.7293340961321],[-81.2903678831697,26.7295614546844],[-81.290275554437,26.730100237612],[-81.2905714188643,26.7301422711682],[-81.2902482655362,26.7320280046984],[-81.2904979715296,26.7323394277548],[-81.290128641083,26.7344945365994],[-81.2903783537642,26.7348059576726],[-81.2906742343323,26.7348479903529],[-81.2903510656696,26.736733697985],[-81.29060078561392,26.7370451164662],[-81.2908966739474,26.7370871482379],[-81.2905735017691,26.73897284408712],[-81.2908232289769,26.7392842599767],[-81.2906385552813,26.74036179474861],[-81.2892702666989,26.7412711907544],[-81.2891779186347,26.741809954075],[-81.2909260690057,26.7439898518507],[-81.2904181811717,26.7469530227709],[-81.2897339871924,26.7474077130287],[-81.2896416354653,26.7479464669996],[-81.28929953340531,26.748173809554],[-81.2897990335687,26.7487966296266],[-81.289706680764,26.7493353814466],[-81.29020619056581,26.7499581974362],[-81.2899753096363,26.7513050715108],[-81.2902250702921,26.7516164774948],[-81.290178893855,26.751885851469],[-81.2894946596016,26.75234053353971],[-81.2888943088903,26.75584236523351],[-81.2893938504196,26.7564651731531],[-81.2893014869035,26.7570039124257],[-81.2895512615889,26.7573153147863],[-81.2892741678067,26.7589315261561],[-81.2895239479604,26.7592429268118],[-81.2891544783683,26.7613978610832],[-81.2899038443004,26.7623320544646],[-81.2898576611419,26.76260141978331],[-81.2901536365418,26.7626434504916],[-81.2900612711604,26.76318218062101],[-81.28971910994021,26.7634095143334],[-81.2899689046284,26.7637209098131],[-81.2899227209309,26.7639902740576],[-81.29021870111531,26.76403230440931],[-81.290126334656,26.7645710323905],[-81.2897841681122,26.7647983653853],[-81.290033967046,26.7651097594344],[-81.2899415982852,26.7656484855411],[-81.2896456127044,26.7656064546042],[-81.2893034408005,26.76583378533],[-81.2890074548956,26.7657917526072],[-81.2879809265558,26.7664737343183],[-81.2877961593922,26.7675511776305],[-81.2885455639696,26.7684853638143],[-81.288268415603,26.7701015192941],[-81.2885182243972,26.770412912102],[-81.2879177086845,26.7739145516058]]},"properties":{"segment_id":"7dfb7d22edc34eb42e639411","source_kmz":"caloosahatchee","orientation":"unverified"}},{"type":"Feature","geometry":{"type":"LineString","coordinates":[[-81.1549469043256,26.6906306648885],[-81.1576870986362,26.694060247194],[-81.1572680648825,26.6964844870472],[-81.1577663162885,26.697108033512],[-81.1577197567488,26.6973773920421],[-81.1594636974461,26.6995597758967],[-81.1597593936889,26.6996021840577],[-81.1615034306258,26.7017845194365],[-81.1611310191017,26.7039393645781]]},"properties":{"segment_id":"b4c7344dc4de1b2c4801c176","source_kmz":"caloosahatchee","orientation":"unverified"}},{"type":"Feature","geometry":{"type":"LineString","coordinates":[[-81.3394312332825,26.7155490641587],[-81.3387475451859,26.7160041177987],[-81.3386095251566,26.7168123883268],[-81.33724211317312,26.7177224763462],[-81.3369462685724,26.7176805735543],[-81.3355788253815,26.7185906374416],[-81.335532807752,26.7188600577276],[-81.3310884033546,26.7218176203735],[-81.3305820210143,26.72478118053411],[-81.3295563069711,26.7254636534806],[-81.3290958937254,26.7281577644588],[-81.329345728341,26.7284690981112],[-81.3290038076359,26.7286965838364],[-81.3289577641611,26.7289659931729],[-81.3275900586204,26.729875922015],[-81.3274979613257,26.73041473732802],[-81.3277477967085,26.7307260727288],[-81.3277017482432,26.73099547989541],[-81.3284512670153,26.7319294803781],[-81.3277673917561,26.7323844400425],[-81.3274450407263,26.7342702760991],[-81.32710309209972,26.7344977516982],[-81.32691888045922,26.7355753658101],[-81.3276684304545,26.73650935927691],[-81.327530274223,26.7373175661588],[-81.3278261814061,26.7373594932114],[-81.3283258964386,26.7379821487822],[-81.3282798459115,26.7382515504289],[-81.3285297067373,26.7385628767503],[-81.3284836565358,26.738832278025],[-81.328733519772,26.7391436033246],[-81.3280495889743,26.739598555143],[-81.3279574841918,26.7401373553861],[-81.3265895915303,26.7410472410912],[-81.3263593008359,26.7423942309563],[-81.326017317245,26.7426216975407],[-81.3256488277297,26.74477686647141],[-81.3258986979336,26.7450881930919],[-81.325530194957,26.7472433459119],[-81.3261220755737,26.747327208055],[-81.32637195484712,26.7476385311991]]},"properties":{"segment_id":"3ddee4d8852efeaa7347a23c","source_kmz":"caloosahatchee","orientation":"unverified"}},{"type":"Feature","geometry":{"type":"LineString","coordinates":[[-81.2724496117249,26.7032807089147],[-81.2703977607083,26.7046445871649],[-81.2692885672213,26.7111101845376],[-81.2722835284136,26.71484803569041],[-81.27257933195702,26.7148901221459],[-81.2723944831623,26.7159677023129],[-81.2720524622096,26.7161950098239],[-81.2719600337142,26.7167337978313],[-81.2724592276115,26.7173567587197],[-81.27227437205302,26.7184343308117],[-81.2730231837013,26.7193687638629],[-81.2733190030561,26.7194108476589],[-81.2731341538154,26.7204884147278],[-81.2724500782665,26.7209430272464],[-81.2723576471755,26.7214818080402],[-81.2726534734296,26.7215238934598],[-81.2722837447436,26.72367900801351],[-81.27278298103451,26.7243019545591],[-81.2724409281631,26.7245292577413],[-81.2722560570552,26.7256068069475],[-81.2715719364319,26.7260614068305],[-81.2714794944064,26.7266001786937],[-81.2707953618501,26.72705477215141],[-81.2707491380331,26.7273241570656],[-81.2701574480076,26.7272399760295],[-81.2691312284725,26.7279218500166],[-81.2690849990117,26.7281912335033],[-81.2695842383074,26.7288141870414],[-81.2694455518622,26.7296223352675]]},"properties":{"segment_id":"cda652cc05be9d82ba4bbbf0","source_kmz":"caloosahatchee","orientation":"unverified"}},{"type":"Feature","geometry":{"type":"LineString","coordinates":[[-81.1548515189572,26.685924201004],[-81.1545721390495,26.6875403943991],[-81.1550703195688,26.6881639702654],[-81.1549306293473,26.68897206295262],[-81.1552262872093,26.6890144852925],[-81.1549469043256,26.6906306648885]]},"properties":{"segment_id":"718ccb93af365e28ec99daf8","source_kmz":"caloosahatchee","orientation":"unverified"}},{"type":"Feature","geometry":{"type":"LineString","coordinates":[[-81.4855197523927,26.7295095951863],[-81.48517823861201,26.7297375915375],[-81.48488228165431,26.7296961096727],[-81.4838577276658,26.7303800882781],[-81.4841081251981,26.7306910490134],[-81.48406256364062,26.730960524828],[-81.4843585245301,26.7310020088622],[-81.4840170017994,26.7312300004081],[-81.4839714396744,26.7314994757538],[-81.4832883864464,26.7319554543712],[-81.48324282167032,26.7322249288211],[-81.4825597588759,26.7326809016928],[-81.4822637931063,26.7326394127639],[-81.480897643456,26.7335513394919],[-81.4808520703937,26.7338208116275],[-81.4801689824022,26.7342767667034],[-81.4800778306909,26.7348157089489],[-81.4797362816279,26.7350436839189],[-81.4796907041626,26.7353131543594],[-81.4806923022911,26.73655701384],[-81.4806467270061,26.7368264834933],[-81.4808971316541,26.7371374460095],[-81.4807604059442,26.73794585314881],[-81.4812612243366,26.7385677746932],[-81.4812156497643,26.7388372429946],[-81.4814660622767,26.7391482022993],[-81.4814204880367,26.7394176702282],[-81.48267258068,26.7409724527666],[-81.4835605649475,26.7410969104793],[-81.4840614217092,26.7417188128017],[-81.48401585419882,26.7419882798182],[-81.4842662858962,26.7422992295118],[-81.4841295835106,26.7431076287413],[-81.4844255859864,26.7431491110971],[-81.4843800188569,26.7434185771346],[-81.4836968736778,26.7438745423737],[-81.483947309689,26.7441854911009],[-81.4851313356974,26.7443514169967]]},"properties":{"segment_id":"a24f43e63138c623494d0682","source_kmz":"caloosahatchee","orientation":"unverified"}},{"type":"Feature","geometry":{"type":"LineString","coordinates":[[-81.6950500074809,26.7936733218449],[-81.69404466657022,26.7924317314736],[-81.6944041741838,26.7902755812306],[-81.69390152451192,26.7896547785076],[-81.693946462947,26.7893852584023],[-81.6904281260674,26.7850395379316],[-81.6904730729313,26.7847700156597],[-81.6902217773099,26.784459600255],[-81.6902667245155,26.7841900776118],[-81.6900154313205,26.78387966118081],[-81.6900603788679,26.7836101381662],[-81.6898090880992,26.7832997207088],[-81.6899439309259,26.7824911498513],[-81.6889387933576,26.7812494694811],[-81.6897028973632,26.7766675189051],[-81.6910675230793,26.7757529777368],[-81.6911124631232,26.7754834478195],[-81.6914086749982,26.7755243392739],[-81.6916783039665,26.7739071543002],[-81.69372513503912,26.7725352850681],[-81.6937700651276,26.7722657514524],[-81.6940662672374,26.772306635757],[-81.6945155436984,26.7696112858146],[-81.6940130133368,26.7689904458501],[-81.6941477945453,26.7681818354851],[-81.6948300205582,26.76772452696701],[-81.6948749447038,26.767454989055],[-81.6957635040097,26.7675776317713],[-81.6971279222005,26.7666629869229],[-81.696876655307,26.7663525709732],[-81.6969215723613,26.766083031091],[-81.6976037671508,26.7656257016233],[-81.6978999483311,26.7656665758545],[-81.6987532571297,26.7605452594443],[-81.6974970003938,26.7589931623701],[-81.6978562829503,26.7568367878484],[-81.698538399872,26.756379439806],[-81.7000191524738,26.7565837948302],[-81.7010423050042,26.7558977491577],[-81.7031153573417,26.7561837909696],[-81.7037974413058,26.7557264076899],[-81.7049820438218,26.75588983404752],[-81.7077102876419,26.75406022012841]]},"properties":{"segment_id":"65f45418b46533d88e0bac2e","source_kmz":"caloosahatchee","orientation":"unverified"}},{"type":"Feature","geometry":{"type":"LineString","coordinates":[[-81.7049722670483,26.7705025914502],[-81.7052416267156,26.7688853475485],[-81.70660596528911,26.7679705823931],[-81.7071445976786,26.7647360536227],[-81.7143066039089,26.7599331209393],[-81.713803987727,26.75931235851351],[-81.7138937087389,26.7587732527722],[-81.7127090498989,26.7586099289119],[-81.7109499918655,26.7564372094726],[-81.7109948599141,26.7561676556592],[-81.7098102422347,26.7560042976546],[-81.70946921595672,26.7562330093804],[-81.7076922940955,26.755987941387],[-81.7074410203002,26.7556775410885],[-81.7077102876419,26.75406022012841]]},"properties":{"segment_id":"1b17c330a3f73643c689b68b","source_kmz":"caloosahatchee","orientation":"unverified"}},{"type":"Feature","geometry":{"type":"LineString","coordinates":[[-81.1500241198373,26.6752934217691],[-81.1532617506028,26.6793468901461],[-81.1526563959757,26.6828486908274],[-81.1529054649434,26.68316048811341],[-81.152858897782,26.6834298556071],[-81.15315453570491,26.6834722845163],[-81.1527819951579,26.68562721675841],[-81.1532801517769,26.6862508047107],[-81.1529076024013,26.6884057196525],[-81.1536548653572,26.6893410916532],[-81.1539505238544,26.6893835175628],[-81.1549469043256,26.6906306648885]]},"properties":{"segment_id":"9d76c6580bd3ce6ad4c215bd","source_kmz":"caloosahatchee","orientation":"unverified"}},{"type":"Feature","geometry":{"type":"LineString","coordinates":[[-81.2156852964152,26.6827659462755],[-81.2132909883631,26.6843559270441],[-81.2132446084234,26.6846253204889],[-81.21290255605211,26.6848524551666],[-81.2127634109437,26.6856606330858],[-81.2107110376831,26.6870234083806],[-81.2106646482875,26.6872927985479],[-81.2086122033049,26.6886555259527],[-81.2084730120376,26.6894636890375],[-81.2087223009964,26.6897753468689],[-81.2080381300405,26.690229578354],[-81.2079917306104,26.6904989647727],[-81.2069654571578,26.6911803014396],[-81.20721474563251,26.6914919612883],[-81.207168342964,26.691761346333],[-81.207464035902,26.6918036202535],[-81.20737123149341,26.6923423898314],[-81.2078698198513,26.6929657045596],[-81.2077306147245,26.6937738563318],[-81.2073885117432,26.6940009667687],[-81.2072028961199,26.69507849783241],[-81.2079508031675,26.6960134622272],[-81.2072665788651,26.6964676802568],[-81.207127362476,26.69727582284],[-81.2078752876912,26.6982107816909],[-81.20773607418131,26.6990189209141],[-81.207393950487,26.6992460278404],[-81.2071155085514,26.7008622979268],[-81.2073648254476,26.7011739484787],[-81.2070399676425,26.7030595852329],[-81.2072892905952,26.7033712339376],[-81.2071036536445,26.7044487349229],[-81.2076023098061,26.7050720285812],[-81.2074166731044,26.70614952469821],[-81.2076660063135,26.7064611696519],[-81.2075267775807,26.7072692888548],[-81.2080254530381,26.7078925752867],[-81.2079326348741,26.7084313196947],[-81.2086806651795,26.7093662418925],[-81.2084950326918,26.71044372623321],[-81.2087443821536,26.7107553646492],[-81.2083731081842,26.7129103209335],[-81.2086224643131,26.7132219573663],[-81.2080655260006,26.7164543619054],[-81.2095617443319,26.7183241520613]]},"properties":{"segment_id":"74d5fbcc9bfe53fb21dd77ce","source_kmz":"caloosahatchee","orientation":"unverified"}},{"type":"Feature","geometry":{"type":"LineString","coordinates":[[-81.2520825494636,26.6860284705518],[-81.2517587224421,26.6879143309539],[-81.2537542949592,26.690406752456],[-81.2536617801176,26.6909455653829],[-81.2539112359803,26.6912571138156],[-81.2536336882051,26.6928735461137],[-81.2538831495219,26.6931850928338],[-81.253420552963,26.6958791264397],[-81.2536700221734,26.69619067089541],[-81.2536237615438,26.6964600728226],[-81.2529397734228,26.6969145897609],[-81.2521532583516,26.7014943751743],[-81.2526522218109,26.7021174589005],[-81.2521432693645,26.7050808101735],[-81.2514592053513,26.7055353058022],[-81.25113529177442,26.7074210553052],[-81.2504512039739,26.7078755411767],[-81.2502660946764,26.708953104481],[-81.2488978785467,26.709862055608],[-81.2487127456626,26.7109396098214],[-81.2476865504735,26.7116213057935],[-81.2475939751858,26.71216007949131],[-81.2472519041583,26.712387308268],[-81.2468352904251,26.7148117752678],[-81.2458090345371,26.7154934449657],[-81.2463080330287,26.7161165332164],[-81.2458913749024,26.7185409697018],[-81.2473884464267,26.7204102058199],[-81.2473421532983,26.7206795856508],[-81.2476379646349,26.7207217420803],[-81.2474064991611,26.7220686381964],[-81.24940273390371,26.7245608909725],[-81.2492638658033,26.7253690225229],[-81.2495134050613,26.7256805497317],[-81.250105064328,26.7257648481912],[-81.2521014620583,26.7282570221159],[-81.2518700459037,26.729603898128],[-81.2538665830428,26.7320960100145],[-81.254162436586,26.7321381465278],[-81.2559095092318,26.7343186928221],[-81.2565012337958,26.73440295287],[-81.2577492086087,26.7359604519707],[-81.2580450772564,26.7360025769977],[-81.2590434942033,26.7372485573907],[-81.2596352418565,26.7373327989428],[-81.2603840805585,26.7382672704836],[-81.2695564268693,26.7395725134773]]},"properties":{"segment_id":"5105c82c9a654b8ecd6d9690","source_kmz":"caloosahatchee","orientation":"unverified"}},{"type":"Feature","geometry":{"type":"LineString","coordinates":[[-81.1669808353976,26.6735855611871],[-81.1570583352013,26.6801677639973],[-81.1562669010431,26.6847470514562],[-81.1548980812611,26.6856548346126],[-81.1548515189572,26.685924201004]]},"properties":{"segment_id":"24f79a2497c6970ff83afa99","source_kmz":"caloosahatchee","orientation":"unverified"}},{"type":"Feature","geometry":{"type":"LineString","coordinates":[[-81.5056439074896,26.7215697308079],[-81.508033863042,26.7199732223938],[-81.5112891613713,26.7204287674149],[-81.513337583825,26.719060220014]]},"properties":{"segment_id":"86fc90bd55362bdae2378f73","source_kmz":"caloosahatchee","orientation":"unverified"}},{"type":"Feature","geometry":{"type":"LineString","coordinates":[[-81.5148627173461,26.7189977254127],[-81.5153636711333,26.7196195181189],[-81.51595554560251,26.7197023105995],[-81.5162060275614,26.7200132041253],[-81.5167979055288,26.720095991732],[-81.5172988795773,26.7207177731287],[-81.5175948213515,26.7207591641688],[-81.5178453122582,26.7210700527882],[-81.5193250312902,26.7212769915821],[-81.5195755299113,26.7215878755724],[-81.5210552619342,26.7217947895163],[-81.5213057682697,26.7221056688774],[-81.5218976654259,26.7221884270478],[-81.522148175927,26.7224993040249],[-81.521875538975,26.7241162940504],[-81.5221260549775,26.7244271693087],[-81.521898852819,26.7257746538547],[-81.5221493737061,26.726085527533],[-81.5220584920954,26.7266245194329],[-81.5225595417375,26.7272462635742],[-81.5228555083545,26.7272876388972]]},"properties":{"segment_id":"3ce8b0ef490a413ff2650685","source_kmz":"caloosahatchee","orientation":"unverified"}},{"type":"Feature","geometry":{"type":"LineString","coordinates":[[-81.513337583825,26.719060220014],[-81.5136335180363,26.71910162249061],[-81.5139749148633,26.7188735258693],[-81.5148627173461,26.7189977254127]]},"properties":{"segment_id":"25e89e3f2723d36a548a6b51","source_kmz":"caloosahatchee","orientation":"unverified"}},{"type":"Feature","geometry":{"type":"LineString","coordinates":[[-81.7424922106752,26.84376424975621],[-81.7389692182223,26.8394208587391],[-81.7398208214214,26.8343003178395],[-81.7415270735363,26.8331565136065],[-81.7415718860456,26.8328870074957],[-81.7419131298644,26.83265824251921],[-81.7420923723736,26.8315802144443],[-81.7424336096531,26.8313514468916],[-81.7425232268644,26.830812430806],[-81.742864459971,26.8305836613314],[-81.7444773360126,26.8208812010692],[-81.7442257414595,26.8205709485764],[-81.7446289094953,26.8181452852026],[-81.74437732236312,26.8178350305822],[-81.7446012979448,26.8164874309922],[-81.7408277545051,26.81183349474851],[-81.7410069673637,26.8107554026224],[-81.7407554147452,26.8104451325476],[-81.74232335839,26.8010116628017],[-81.7398081497652,26.7979088648961],[-81.7404903687648,26.7974512981839],[-81.7402388567156,26.7971410147307],[-81.740328452146,26.7966019463562],[-81.7398254359578,26.7959813762314],[-81.7398702345008,26.7957118414185],[-81.7393672267812,26.7950912674628],[-81.7369968220862,26.7947652191273],[-81.7357393816646,26.7932137386666],[-81.7348505022453,26.7930914453369],[-81.7333416545914,26.7912296259501],[-81.7340586817833,26.7869170251933],[-81.7330528593301,26.7856757856469],[-81.73368023433862,26.7819022032967],[-81.7319201755902,26.7797299863132],[-81.7319649903562,26.7794604419994],[-81.7314621339165,26.7788398002993],[-81.731506949649,26.7785702554755],[-81.7310041016737,26.7779496099431],[-81.7310489183726,26.7776800646091],[-81.7305460788615,26.7770594152444],[-81.7305908965268,26.7767898694003],[-81.730339480101,26.7764795432462],[-81.7303842981097,26.7762099970304],[-81.729630061528,26.7752790128193],[-81.7297197004443,26.774739918857],[-81.729468293105,26.7744295887319],[-81.72955793214922,26.7738904935594],[-81.72930652786,26.7735801622684],[-81.7293513475858,26.7733106141937],[-81.7290999457238,26.7730002818752],[-81.729144765793,26.7727307334287],[-81.7273850076397,26.7705583813395],[-81.7274298317887,26.7702888316897],[-81.7268374101608,26.7702072510074],[-81.7255805091082,26.7686555360799],[-81.72469189648541,26.7685331474639],[-81.7241891557827,26.7679124507686],[-81.7243236531596,26.7671037989291],[-81.72466468301661,26.7668750460211],[-81.7247991743339,26.7660663910966],[-81.7254812215467,26.7656088795081],[-81.7260736103963,26.7656904689894],[-81.7261184361096,26.7654209160353],[-81.7241075480077,26.7629381126138],[-81.7242420384121,26.7621294490218],[-81.723739338161,26.7615087384439],[-81.72378416898191,26.7612391831687],[-81.7232814771911,26.7606184687573],[-81.7233263089775,26.7603489129711],[-81.72257228668701,26.7594178342697],[-81.723020607855,26.7567222593999],[-81.7233616002263,26.7564935037454],[-81.723406429625,26.7562239446456],[-81.7237474190115,26.7559951873947],[-81.722742104124,26.7547537354619],[-81.7227869345516,26.7544841752447],[-81.722284289174,26.7538634436657],[-81.7223739516803,26.7533243219749],[-81.7226701024344,26.7533651274298],[-81.7230110824986,26.7531363706545],[-81.7236033836003,26.7532179771502],[-81.72394436061631,26.7529892172277],[-81.7239891863828,26.752719655091],[-81.7237378636053,26.7524092910245],[-81.7239171663672,26.7513310395858],[-81.7242581351154,26.7511022773649],[-81.7245270737909,26.749484891227],[-81.7252089917047,26.749027359041],[-81.7269858201788,26.7492721339509],[-81.7273267726965,26.7490433603184],[-81.7282151888369,26.7491657335482],[-81.7282599993137,26.7488961665369],[-81.72894189284271,26.7484386091739],[-81.7289867006783,26.7481690412723],[-81.7293276435568,26.7479402603606]]},"properties":{"segment_id":"01c39f91a514a4db23918c51","source_kmz":"caloosahatchee","orientation":"unverified"}},{"type":"Feature","geometry":{"type":"LineString","coordinates":[[-81.7560282593394,26.789662048074],[-81.7567103274054,26.789204364348],[-81.7562072366762,26.78858385960371],[-81.756386209549,26.7875056674056],[-81.7570682587084,26.7870479784379],[-81.7574261721573,26.7848915776155],[-81.75717463586881,26.7845813234735],[-81.7575772727718,26.7821553534745],[-81.756822691575,26.781224581975],[-81.7570911148498,26.7796072556604],[-81.754324497266,26.7761943492213],[-81.7540282534085,26.776153636296],[-81.7535252578556,26.7755330947922],[-81.753659492751,26.7747244233666],[-81.7534079995519,26.7744141508651],[-81.7531117622246,26.7743734351266],[-81.7532012538116,26.7738343195888],[-81.7524467923269,26.7729034936655],[-81.7525362865383,26.7723643763628],[-81.7517818450356,26.77143354160461],[-81.7514856186843,26.7713928208961],[-81.7515751173244,26.77085370201741],[-81.7513236428605,26.7705434209584],[-81.7514578905984,26.7697347404747],[-81.7509549508239,26.7691141748565],[-81.7511339488884,26.7680359298355],[-81.7508824842009,26.7677256451376],[-81.75101673168992,26.7669169585056],[-81.7492565424877,26.7647449378062],[-81.7493460481436,26.7642058102751],[-81.74909460100682,26.76389551776891],[-81.7485022027512,26.7638140584527],[-81.74774787925271,26.7628831710954],[-81.747792635959,26.7626136066136],[-81.74601547456,26.7623691954424],[-81.7453335615344,26.7628268455084],[-81.7443278574309,26.7615856264556],[-81.7440316683193,26.7615448834216],[-81.7436907107097,26.761773703167],[-81.7430983320777,26.7616922126846],[-81.7431878729609,26.76115308558081],[-81.7429364567926,26.7608427754538],[-81.74316030723172,26.7594949529145],[-81.7424060788948,26.7585640151146],[-81.7424956208546,26.7580248836311],[-81.7419928134746,26.757404253429],[-81.7420823568096,26.7568651204558],[-81.7424232993249,26.7566363026499],[-81.7419205005357,26.7560156695577],[-81.7420548136395,26.7552069665283],[-81.7418034188192,26.7548966482313],[-81.7418929607388,26.75435751143271],[-81.7416415689679,26.7540471919684],[-81.7418206519499,26.7529689150123],[-81.7415692644739,26.7526585941026],[-81.7416588055362,26.752119453945],[-81.7409046576671,26.7511884850453],[-81.7391277504619,26.7509439484088],[-81.7387868216652,26.7511727592959],[-81.7382840807238,26.7505520986886],[-81.7373956361058,26.7504298116426],[-81.73714427188311,26.7501194777538],[-81.7368033410894,26.7503482827204],[-81.7362110471894,26.7502667504185],[-81.7359596876902,26.7499564135284],[-81.7356635423398,26.7499156453597],[-81.735322608433,26.7501444456286],[-81.73507125247642,26.7498341064874],[-81.7344789637297,26.7497525642354],[-81.7339762619506,26.7491318802837],[-81.733383979044,26.7490503316506],[-81.7330430425184,26.74927912505961],[-81.7324507594835,26.7491975711676],[-81.7321098199093,26.7494263614296],[-81.7303329737705,26.749181673838],[-81.7293276435568,26.7479402603606]]},"properties":{"segment_id":"e04c0d0a71ce239e731c059b","source_kmz":"caloosahatchee","orientation":"unverified"}},{"type":"Feature","geometry":{"type":"LineString","coordinates":[[-81.8532125966843,26.8269461411448],[-81.86684816841172,26.817779822506],[-81.8671446078876,26.8178202104499],[-81.86664055806051,26.8172002901331],[-81.8666849720688,26.816930717993],[-81.8673666688894,26.81647234880951],[-81.8676631041228,26.8165127354377],[-81.8678407443215,26.8154344415679],[-81.8670846856743,26.8145045582785],[-81.8671290969119,26.8142349838152],[-81.86687708160511,26.8139250208004],[-81.8670103155358,26.8131162956015],[-81.866758303917,26.8128063312816],[-81.8684013405894,26.8028318767212],[-81.8668894479633,26.8009720413661],[-81.8669338528569,26.8007024562645],[-81.8672746375198,26.8004732605642],[-81.8673190409559,26.8002036749035],[-81.86656312113752,26.7992737462153],[-81.8686498586082,26.7866029381825],[-81.852529326364,26.76676213283171],[-81.8527959147764,26.7651444924585],[-81.8520404575827,26.7642143627]]},"properties":{"segment_id":"2ceb863e407e017dc159bb31","source_kmz":"caloosahatchee","orientation":"unverified"}},{"type":"Feature","geometry":{"type":"LineString","coordinates":[[-81.7636205738716,26.8425305623687],[-81.7643030190975,26.8420729001425],[-81.7654663264968,26.8350655953768],[-81.76580751564231,26.8348367538636],[-81.7673284388715,26.8256731073458],[-81.7690341564373,26.8245288251845],[-81.7732815239503,26.7989229390389],[-81.7743045959089,26.7982362612889],[-81.7740529602197,26.7979260599763],[-81.7742317298572,26.7968478668563],[-81.7739800984709,26.7965376641015],[-81.7746621257305,26.7960798724302],[-81.774706815704,26.7958103227752],[-81.7744551856331,26.7955001202181],[-81.7729735909847,26.7952968441914],[-81.770960662691,26.7928151616943],[-81.7710947613353,26.7920065090154],[-81.7705915510638,26.7913860786699],[-81.7712735556255,26.7909283021829],[-81.7713182535012,26.7906587498925],[-81.7716145551979,26.7906994120385],[-81.7717039483076,26.7901603065699],[-81.7712007444101,26.7895398757886],[-81.771245441795,26.7892703224281],[-81.7709938431787,26.7889601055652],[-81.77108323836052,26.7884209978686],[-81.771765216929,26.7879632141775],[-81.7720615095979,26.7880038753782],[-81.7736256305444,26.778569313583],[-81.7763531368513,26.7767380289017],[-81.7768445432933,26.7737727931119],[-81.78877557046201,26.7657598429333],[-81.7897127486224,26.7600986190675],[-81.7903944052421,26.7596406755544],[-81.7904390273525,26.7593710902433],[-81.7907352308452,26.7594117018972],[-81.7927801465683,26.7580378333451],[-81.7930763465943,26.75807843851741],[-81.7940987782225,26.7573914843177],[-81.7997265959673,26.7581627684752],[-81.8014305532866,26.7570177302289],[-81.801726753879,26.757058310984],[-81.8018159245167,26.75651912634021],[-81.8021567075821,26.7562901132954]]},"properties":{"segment_id":"d67f83f15cd40e2e19a458c9","source_kmz":"caloosahatchee","orientation":"unverified"}},{"type":"Feature","geometry":{"type":"LineString","coordinates":[[-81.7936288617215,26.8188034411965],[-81.8052235597296,26.8110186225135],[-81.805758770002,26.8077839966496],[-81.8060997447314,26.8075550053016],[-81.80618894018572,26.8070158970813],[-81.8065299107454,26.8067869038127],[-81.8066636982961,26.805978238757],[-81.8061601514181,26.8053580052742],[-81.8020110222592,26.804790054604],[-81.7979831720256,26.7998278904346],[-81.7980724101272,26.7992887768985],[-81.7955552510523,26.7961873059111],[-81.79559987593382,26.7959177474103],[-81.7953481705851,26.7956075952816],[-81.7953927958131,26.7953380364097],[-81.7951410928952,26.7950278832533],[-81.7951857184697,26.7947583240101],[-81.7944306224265,26.7938278587892],[-81.7951125199964,26.7933699299716],[-81.7961834385798,26.7869004126064],[-81.7951767246544,26.7856597714627],[-81.7954444442492,26.7840423678336],[-81.79317947727371,26.7812508657357],[-81.7960794963057,26.763728374079],[-81.7953246615681,26.7627978302892],[-81.7955477006464,26.76144990341592],[-81.7962293370204,26.76099192363681],[-81.7977103986092,26.7611948903559],[-81.8021408185051,26.7582178371992],[-81.8021854032701,26.7579482457392],[-81.8025261909878,26.7577192324538],[-81.8026599400744,26.7569104556905],[-81.8021567075821,26.7562901132954]]},"properties":{"segment_id":"61dc4e7c683320d78d130f65","source_kmz":"caloosahatchee","orientation":"unverified"}},{"type":"Feature","geometry":{"type":"LineString","coordinates":[[-81.8433894749609,26.7707520425188],[-81.8498630177402,26.7663981831293],[-81.8501592731457,26.7664386253663],[-81.8507813983686,26.7626641286232]]},"properties":{"segment_id":"16f478ac0855772f384e199a","source_kmz":"caloosahatchee","orientation":"unverified"}},{"type":"Feature","geometry":{"type":"LineString","coordinates":[[-81.7077102876419,26.75406022012841],[-81.7107794239841,26.752001807454],[-81.7108691562635,26.7514626926861],[-81.7106178842136,26.7511522958892],[-81.7107076166186,26.7506131799087],[-81.7134355729156,26.7487833878991],[-81.7135252853032,26.7482442657283],[-81.7144136737045,26.7483667566917],[-81.7147546558989,26.74813802350811],[-81.7159391751924,26.7483013292056],[-81.7164417427197,26.74892210151801],[-81.7163520478051,26.7494612251162],[-81.7166033355178,26.7497716096608],[-81.7168994713866,26.7498124319119],[-81.7172404527064,26.7495836915854],[-81.7175365882325,26.749624512052],[-81.7178775671269,26.7493957695177],[-81.7181288601231,26.7497061504504],[-81.7184249964876,26.7497469683822],[-81.7186762924681,26.7500573476755],[-81.7189724302932,26.7500981640123],[-81.7192237292582,26.7504085416663],[-81.7195198685438,26.7504493564079],[-81.7198608454452,26.750220607953],[-81.719905682502,26.7499510453677],[-81.7209285988428,26.7492647914098],[-81.7210182650317,26.7487256635678],[-81.7213143994029,26.7487664734219],[-81.721996328645,26.7483089612504],[-81.7225885957366,26.7483905746654],[-81.72565717686382,26.7463316902152],[-81.7257019938435,26.7460621220472],[-81.7262942490481,26.7461437149808],[-81.72663519106491,26.7459149414945],[-81.7278197023362,26.7460781134647],[-81.7285015759814,26.7456205551718]]},"properties":{"segment_id":"b7b390e1339ff5f50afeed6e","source_kmz":"caloosahatchee","orientation":"unverified"}},{"type":"Feature","geometry":{"type":"LineString","coordinates":[[-81.7293276435568,26.7479402603606],[-81.7288249892701,26.7473195482859],[-81.7289594112932,26.7465108413594],[-81.7284567679541,26.745890124893],[-81.7285015759814,26.7456205551718]]},"properties":{"segment_id":"bc32cead342efa0240a61e9f","source_kmz":"caloosahatchee","orientation":"unverified"}},{"type":"Feature","geometry":{"type":"LineString","coordinates":[[-81.5048006263045,26.7140033719018],[-81.5047096493383,26.7145423679429],[-81.5057113666406,26.7157860636686],[-81.50630320565732,26.715868911833],[-81.5065536418471,26.71617983205031],[-81.5071454843628,26.7162626753411],[-81.5073959247179,26.7165735931749],[-81.5103551661199,26.7169877514901],[-81.5106056201038,26.7172986609538],[-81.5138608313668,26.7177541293558],[-81.5148627173461,26.7189977254127]]},"properties":{"segment_id":"4a81c5e5164d2f6b78420edb","source_kmz":"caloosahatchee","orientation":"unverified"}},{"type":"Feature","geometry":{"type":"LineString","coordinates":[[-81.2335684738863,26.6756593046899],[-81.2328737606432,26.6797004209769],[-81.23586606309,26.6834396649346],[-81.2365500343822,26.682985241802],[-81.238324102497,26.68323837952691],[-81.2385734809655,26.68354997175251],[-81.2391648416798,26.6836343427544],[-81.2394142243142,26.6839459326041],[-81.2400055885519,26.6840302987402],[-81.2417513338463,26.68621139248941],[-81.2415661625876,26.68728900950021],[-81.2443096811407,26.6907163489323],[-81.2440319558359,26.6923327582654],[-81.2412958892849,26.6941505660977],[-81.2411569942858,26.6949587595885],[-81.2387628168996,26.6965492675457],[-81.23846709248521,26.6965070829413],[-81.2353887296671,26.69855192152171],[-81.2345015416985,26.6984253372346],[-81.2334753829578,26.6991069186855],[-81.2325881920994,26.6989803183352],[-81.2312199479974,26.6998890644667],[-81.2308956146556,26.7017747826158],[-81.2298693878193,26.7024563218371],[-81.2295736475605,26.7024141127607],[-81.2295273086163,26.7026834990287],[-81.2277528677336,26.7024302262684],[-81.2274107830793,26.7026573965379],[-81.227364437274,26.7029267816512],[-81.2270686966294,26.7028845655329],[-81.2253582374483,26.7040203913909],[-81.2241752655697,26.7038514996556],[-81.2231489612045,26.7045329685809],[-81.22287079644231,26.7061492553934],[-81.2215023370132,26.7070578547883],[-81.2206150821811,26.7069311556014],[-81.21924658671281,26.7078397233075],[-81.2174720702218,26.7075862795632],[-81.21678780440482,26.7080405444723],[-81.2167414226572,26.7083099205723],[-81.21526265627361,26.7080986843498],[-81.214236231386,26.7087800570335],[-81.2141898413012,26.7090494314096],[-81.21443920724971,26.7093610575018],[-81.2142072555396,26.7107079251637],[-81.2131807914014,26.7113892822035],[-81.2114062199043,26.7111357379595],[-81.2107218941923,26.7115899583155],[-81.2095617443319,26.7183241520613]]},"properties":{"segment_id":"f70959cacc90277c920d00f2","source_kmz":"caloosahatchee","orientation":"unverified"}},{"type":"Feature","geometry":{"type":"LineString","coordinates":[[-81.4057105107375,26.6981497383956],[-81.4064605865863,26.699083269079],[-81.4059569179279,26.7020473934182],[-81.4062069535566,26.7023585670164],[-81.40405455499382,26.7150231350476],[-81.4048047592131,26.7159566310127],[-81.4077634869102,26.7163736991617],[-81.409013922452,26.7179294706837],[-81.4089681337968,26.7181989237991],[-81.4094683218295,26.7188212259314],[-81.4097642053565,26.7188629229683],[-81.4102644029511,26.7194852200629],[-81.410172831496,26.7200241246766],[-81.41042293421901,26.7203352716189],[-81.4103313628517,26.7208741750171],[-81.4108315761494,26.7214964656919],[-81.4107857912663,26.7217659167625],[-81.4110816854959,26.7218076097008],[-81.410740006098,26.7220353675983],[-81.4109901166728,26.7223465113309],[-81.4109443318336,26.7226159617937],[-81.4112402290461,26.7226576541778],[-81.411194444821,26.7229271045025],[-81.4108527612998,26.7231548620152],[-81.4106238299758,26.724502108461],[-81.4108739472622,26.7248132502029],[-81.4111698519541,26.7248549425156],[-81.4110782804555,26.7253938393679],[-81.4113284019533,26.7257049792004],[-81.4112826163905,26.7259744271363],[-81.4109409210691,26.7262021828859],[-81.4114411695487,26.7268244608368],[-81.41139538374472,26.7270939079306],[-81.4110536842995,26.7273216632958],[-81.4110078970259,26.7275911098237],[-81.4112580246219,26.7279022478041],[-81.4115539400617,26.7279439386471],[-81.4115081540165,26.7282133848989],[-81.4111664504476,26.7284411398797],[-81.4116667134927,26.7290634126316],[-81.4116209272063,26.7293328580414],[-81.4112792195135,26.72956061263781],[-81.4112334317574,26.7298300574817],[-81.4114835666363,26.7301411928628],[-81.4117794898416,26.7301828827905],[-81.4114377792094,26.730410637334],[-81.4113462035,26.7309495255726],[-81.4115963420205,26.7312606596542],[-81.41127582235491,26.7331467601332],[-81.4115259669743,26.7334578923636],[-81.4118219015433,26.7334995817625],[-81.4116845362361,26.7343079068966],[-81.4131854598978,26.73617467471581],[-81.4128191693535,26.7383301914678],[-81.4130693345091,26.7386413152356],[-81.4130235475222,26.7389107536365],[-81.4124316404944,26.7388273821409],[-81.4117481525811,26.7392828825935],[-81.4116107774027,26.7400911938227],[-81.4118609433048,26.74040231886841],[-81.4117693596553,26.7409411915732],[-81.4120653199384,26.7409828793606],[-81.4118363603215,26.7423300575032],[-81.412132325388,26.7423717449297],[-81.4117905675424,26.7425994924284],[-81.4120407413441,26.742910614739],[-81.4118575698334,26.7439883515447],[-81.4115158048783,26.7442160970569],[-81.4114700101025,26.7444855303412],[-81.411128242163,26.74471327425042],[-81.4108992580808,26.7460604355009],[-81.4102157049536,26.7465159161925],[-81.4100783039708,26.747324208144],[-81.40871116190162,26.7482351502905]]},"properties":{"segment_id":"310dc49a2f0bda50614fb136","source_kmz":"caloosahatchee","orientation":"unverified"}},{"type":"Feature","geometry":{"type":"LineString","coordinates":[[-81.3205288086509,26.6861020709159],[-81.318478122382,26.6874669640054],[-81.3178793940807,26.6909696340222],[-81.3181290810389,26.6912810287904],[-81.3180830236205,26.6915504631588],[-81.3177412191314,26.6917779368363],[-81.3176951602416,26.6920473706368],[-81.3156249344941,26.691753623145],[-81.311523074959,26.6944831249361],[-81.3114769952784,26.69475255383101],[-81.3077167171254,26.6972544323979],[-81.3076245308348,26.6977932821655],[-81.3072826742192,26.698020717366],[-81.3060380149659,26.7052950881191],[-81.3056961245552,26.7055225130687],[-81.3056500208616,26.7057919305812],[-81.3046243352945,26.7064741967921],[-81.3045321199346,26.70701302911681],[-81.3041902187819,26.7072404479753],[-81.3041441094861,26.7075098634523],[-81.3038022053515,26.7077372807049],[-81.3037560945833,26.7080066956143],[-81.3017046249343,26.7093711703923],[-81.3016585067669,26.7096405830718],[-81.3009746668066,26.7100953971451],[-81.3009285459812,26.7103648089246],[-81.3011782279037,26.7106762263755],[-81.3014740312259,26.7107182314382],[-81.3034715607719,26.7132095332326],[-81.3034254460591,26.7134789436331],[-81.3051733830242,26.7156587853052],[-81.3060608507557,26.7157847621267],[-81.30780890066751,26.7179645447836],[-81.3072556367877,26.7211974316035],[-81.30775511046971,26.7218202153824],[-81.3071557105187,26.7253224676724],[-81.3076552072907,26.7259452443344],[-81.3076090988158,26.7262146464369],[-81.3079049583728,26.7262566313389],[-81.3076744161853,26.7276036388142],[-81.30733244193722,26.7278310541189],[-81.3072863314525,26.7281004545771],[-81.3048924530848,26.7296923237298],[-81.3047079750697,26.7307699139138],[-81.3029979843049,26.7319069184636],[-81.30290573171442,26.7324457088251],[-81.3011956841494,26.7335826782179],[-81.3010111518002,26.73466024948061],[-81.3003271107019,26.7351150256666],[-81.3002348380592,26.7356538085607],[-81.3004845904598,26.7359652043879],[-81.3004384543191,26.7362345953454],[-81.3000964269403,26.7364619811411],[-81.30005028932611,26.7367313715317],[-81.3005498008178,26.7373541612031],[-81.3004113899208,26.7381623301422],[-81.30006935485031,26.7383897145545],[-81.2992849574227,26.7429692929983],[-81.2979167184927,26.7438787953326],[-81.2978244214916,26.7444175621521],[-81.29679821629631,26.7450996735393],[-81.2964751428235,26.7469853430446],[-81.29613306252361,26.7472127086359],[-81.2960407508571,26.7477514685763],[-81.2962905230869,26.7480628633152],[-81.2961982114939,26.748601622043],[-81.2967900729411,26.7486856501416],[-81.2970398505655,26.7489970422292],[-81.298815448925,26.749249101788],[-81.2991575302274,26.749021728774],[-81.2997493974231,26.7491057399915],[-81.3007485661721,26.7503512731736],[-81.3019323229968,26.7505192735335],[-81.302182124426,26.7508306516329],[-81.3019514276389,26.75217754871352],[-81.3016093412004,26.7524049287645],[-81.3015631997943,26.7526743071453],[-81.3012211103708,26.752901685591],[-81.3010365371259,26.7539791954415],[-81.3012863453224,26.7542905725056],[-81.3011479142066,26.7550987020205],[-81.301443869418,26.7551407016563],[-81.301167004822,26.7567569549406],[-81.3014629657165,26.7567989543169],[-81.3012783871682,26.7578764522077]]},"properties":{"segment_id":"f8d9d3d5819fa18e7db4c269","source_kmz":"caloosahatchee","orientation":"unverified"}},{"type":"Feature","geometry":{"type":"LineString","coordinates":[[-81.2823822050848,26.680683026765],[-81.2823360420751,26.6809524537953],[-81.2819941855354,26.6811798174673],[-81.2819018562843,26.68171867015482],[-81.28121813307952,26.6821733923458],[-81.2803870754468,26.687023012129],[-81.2806366161633,26.68733450025911],[-81.280498099338,26.6881427623861],[-81.2793152370307,26.6879744879679],[-81.2772638569168,26.6893385630868],[-81.2752315087036,26.70119272575412],[-81.274889553578,26.70142005250411],[-81.2748433561915,26.7016894596618],[-81.2724496117249,26.7032807089147]]},"properties":{"segment_id":"c9895cd7fab720f6bead1899","source_kmz":"caloosahatchee","orientation":"unverified"}},{"type":"Feature","geometry":{"type":"LineString","coordinates":[[-81.4233711043845,26.6976033185502],[-81.4245543768891,26.6977699544199],[-81.4248044670074,26.6980810873829],[-81.4268752131353,26.6983726624294],[-81.4271253133358,26.6986837892731],[-81.4277169600156,26.6987670873384],[-81.436221517055,26.7093448218739],[-81.436813245357,26.7094280657246],[-81.4370634132214,26.7097391585595],[-81.4385427448741,26.7099472496767],[-81.4397936407624,26.7115026818659],[-81.4400895138649,26.7115442938186],[-81.4403396996213,26.71185537685],[-81.440635574192,26.7118969872109],[-81.4411359534675,26.7125191491197],[-81.44143183069,26.7125607571411],[-81.4413861458029,26.7128302287448],[-81.4426371344573,26.7143856135772],[-81.44322890339141,26.7144688198028],[-81.4437293161778,26.7150909645413],[-81.4440252034389,26.7151325648925],[-81.4447758396591,26.7160657731104],[-81.445071730756,26.7161073703741],[-81.4455721662634,26.7167295032595],[-81.4454808175863,26.7172684432107],[-81.4459812627482,26.7178905719976],[-81.4462771606632,26.7179321656188],[-81.4467776153876,26.7185542893654],[-81.4470735159546,26.7185958806469],[-81.44807445172391,26.7198401145147],[-81.4486662631814,26.7199232885627],[-81.44941699099891,26.7208564501717],[-81.4497129007057,26.720898033686],[-81.4496672372026,26.7211675022691],[-81.4499174852051,26.7214785534802],[-81.4498718220326,26.7217480216902],[-81.4501220724492,26.7220590718768],[-81.4510098157755,26.7221838134457],[-81.4515103291085,26.7228059066734],[-81.451806246487,26.7228474840123],[-81.45176058847352,26.723116951958],[-81.4530119122841,26.7246721650883],[-81.45330783676572,26.7247137379401],[-81.4536494146701,26.7244858425008],[-81.4551290382669,26.7246936893939],[-81.4556295957284,26.7253157582491],[-81.4562214518926,26.7253988881053],[-81.45758773284001,26.724487262422],[-81.4584755118345,26.7246119395883],[-81.458976092879,26.725233992543],[-81.4595679516983,26.7253171034411],[-81.4602510774973,26.7248612711271],[-81.4608429349918,26.7249443748863],[-81.4611844939617,26.7247164549412],[-81.4626641395941,26.72492419486281],[-81.4631647525538,26.7255462271519],[-81.4637566175309,26.7256293142191],[-81.4640069290772,26.7259403275384],[-81.4643028631757,26.7259818690577],[-81.4646444171275,26.7257539384882],[-81.4658281539006,26.7259200923611],[-81.4665791187963,26.72685311395241],[-81.4668750572511,26.7268946480661],[-81.4671253836655,26.72720565274262],[-81.4670797710569,26.7274751239152],[-81.4680810971706,26.7287191332052],[-81.4683770427281,26.72876066283081],[-81.4686273799388,26.7290716621896],[-81.4685817710241,26.7293411325324],[-81.46883211065,26.7296521308666],[-81.4686952840483,26.7304605400732],[-81.46987909298511,26.730626645689],[-81.4703797908003,26.7312486328849],[-81.4706757461123,26.7312901556821],[-81.47058453841811,26.7318290943902],[-81.4708348924405,26.7321400856342],[-81.4707892887831,26.7324095544983],[-81.47103964522081,26.7327205447178],[-81.4713356058839,26.7327620654634],[-81.4706524761067,26.7332179596837],[-81.4701051998355,26.73645155932561],[-81.4708563022587,26.7373845211077]]},"properties":{"segment_id":"75ec06c572223ff90d7d4984","source_kmz":"caloosahatchee","orientation":"unverified"}},{"type":"Feature","geometry":{"type":"LineString","coordinates":[[-81.2062544180863,26.66540780654641],[-81.2048864281035,26.6663162977046],[-81.2047008406831,26.6673939127816],[-81.1999125833455,26.6705734525146],[-81.19954126186101,26.6727286339544],[-81.1997904704997,26.6730403285976],[-81.1997440546228,26.6733097250774],[-81.1999932656637,26.6736214186986],[-81.1999468501062,26.6738908148041],[-81.2001960635492,26.6742025074034],[-81.2001032327843,26.6747412986301],[-81.2003524492376,26.6750529900692],[-81.2003060340302,26.6753223851904],[-81.2013029202165,26.6765691415564],[-81.2012565071533,26.676838535889],[-81.2009144540981,26.6770656364951],[-81.2005895462687,26.6789513878819],[-81.2010880087035,26.6795747597673],[-81.2013836570578,26.6796170524512],[-81.2010123334058,26.68177218131281],[-81.2015108151223,26.6823955459631],[-81.2018064733143,26.6824378370947],[-81.20111022335432,26.6864786603552],[-81.2014058952931,26.6865209521104],[-81.2008952805553,26.6894841898615],[-81.20139380583,26.6901075408204],[-81.2013473857922,26.6903769243804],[-81.2016430711593,26.6904192149746],[-81.2013181290873,26.69230489397931],[-81.2009760150899,26.6925319843746],[-81.2007903228057,26.6936095087154],[-81.2015381479084,26.6945445231515],[-81.2014917259407,26.6948139032342],[-81.2017874265323,26.6948561928633],[-81.2016481615879,26.695664331991],[-81.2013060351806,26.6958914212085],[-81.2018046003085,26.6965147583708],[-81.2016653328563,26.697322893551],[-81.2013231999395,26.6975499817092],[-81.2010910758091,26.6988968672972],[-81.200064648493,26.6995781191214],[-81.1997396376599,26.7014637420493],[-81.2000353601106,26.7015060358118],[-81.1998960681117,26.7023141566844],[-81.1992117517465,26.7027683134078],[-81.1991653181292,26.7030376858941],[-81.1979824108311,26.70286849668531],[-81.1977331228342,26.7025568252774],[-81.1960222852928,26.7036921712408],[-81.1957900622121,26.7050390205354],[-81.1954478833853,26.70526608423661],[-81.1951521503309,26.7052237779418],[-81.19490286574171,26.7049121019446],[-81.1949493136287,26.7046427328504],[-81.194607134163,26.7048697940606],[-81.1945606850893,26.7051391628214],[-81.1942185026418,26.7053662224233],[-81.1941256012538,26.7059049585717],[-81.1934412262265,26.7063590726173],[-81.1933947727255,26.70662843967151],[-81.1930525813323,26.7068554944486],[-81.192634476131,26.7092797843409],[-81.1922922722616,26.7095068348428],[-81.1905266358478,26.7197425026438],[-81.1847081285381,26.7236019507967],[-81.1846616385993,26.723871300222],[-81.1843193561141,26.7240983147763],[-81.183947416686,26.7262530990461],[-81.1825782307908,26.7271611338501],[-81.1825317323102,26.7274304794927],[-81.1821894301592,26.727657484673],[-81.1816779147052,26.7306202675577]]},"properties":{"segment_id":"ecaee0443bcdbae465e652fd","source_kmz":"caloosahatchee","orientation":"unverified"}},{"type":"Feature","geometry":{"type":"LineString","coordinates":[[-81.1911790725405,26.663250417746],[-81.1904950191186,26.6637045698905],[-81.18979839198721,26.6677455421821],[-81.1870619642805,26.6695620596877],[-81.1811498785653,26.668715208582],[-81.1784132388355,26.6705314939019],[-81.1783202764889,26.6710702715933],[-81.1772939998813,26.6717513555447],[-81.1767826471604,26.6747146049487],[-81.1764405383245,26.6749416267088],[-81.17490623102782,26.68383119258141],[-81.1728533054692,26.6851932302543],[-81.1726207715922,26.6865401017485],[-81.17286992306562,26.6868518479412],[-81.1721855871717,26.68730584817421],[-81.1717204800608,26.689999565422],[-81.1724679600048,26.6909347982129],[-81.1724214495251,26.6912041682275],[-81.1727171235747,26.6912465407102],[-81.17243806000191,26.69286275643581],[-81.172733739724,26.6929051286631],[-81.1729829099214,26.6932168687056],[-81.1732785911195,26.6932592393441],[-81.1742752946001,26.6945061877013],[-81.17413577340692,26.6953142909046],[-81.17463413956112,26.6959377589586],[-81.17458763313361,26.6962071259463],[-81.17488332533,26.696249491661],[-81.1747903134013,26.6967882251255],[-81.1741059090335,26.6972422245905],[-81.1739663818497,26.6980503210179],[-81.1752123470222,26.6996089739213],[-81.1750263188833,26.7006864297738],[-81.17468410280581,26.7009134282973],[-81.1751825051435,26.7015368833927],[-81.1749034544267,26.70315305645162],[-81.1754018712392,26.7037765063648],[-81.1762890274604,26.7039035912055],[-81.1772858968666,26.7051504714907],[-81.17700687377301,26.7067666328852],[-81.1775053265427,26.7073900660804],[-81.17780105836832,26.7074324221224],[-81.177458822897,26.7076594252137],[-81.1772728054196,26.7087368593922],[-81.1769305634053,26.70896385987441],[-81.1768840571254,26.7092332174969],[-81.1773825232149,26.7098566467277],[-81.1782697446623,26.7099837124394],[-81.1792667126277,26.7112305513605],[-81.17694134665,26.7246981059129]]},"properties":{"segment_id":"3f90f42ee7e6dde913c305e3","source_kmz":"caloosahatchee","orientation":"unverified"}},{"type":"Feature","geometry":{"type":"LineString","coordinates":[[-81.5655349467763,26.7473115792992],[-81.5662176874989,26.7468550833135],[-81.566444254728,26.7455075863445],[-81.5661935184637,26.7451968368545],[-81.5665107050554,26.7433103302983],[-81.5662599749206,26.7429995789522],[-81.5663959096517,26.7421910722156],[-81.5675800660415,26.7423560638926],[-81.56826275686551,26.7418995478542],[-81.5683080619098,26.74163004409821],[-81.567806600269,26.7410085460693],[-81.5678519062677,26.7407390418022],[-81.5676011787673,26.7404282913182],[-81.5676917911545,26.7398892818047],[-81.5671903440302,26.7392677776207],[-81.567235651037,26.7389982722357],[-81.5669849307947,26.738687518674],[-81.5666889041101,26.7386462698871],[-81.5670966681383,26.736220710498],[-81.5668459564439,26.7359099540532],[-81.5670724852274,26.734562412169],[-81.5668217784249,26.7342516541439],[-81.56709360736052,26.73263459532111],[-81.5668429060679,26.7323238355767],[-81.5687001572448,26.72127370216201],[-81.5676974714474,26.7200306315515],[-81.56792394540662,26.7186830245715],[-81.5664199892571,26.7168183878568],[-81.5666011781772,26.7157402947171],[-81.5672836642124,26.7152837491706],[-81.5674648391616,26.71420564963711],[-81.5672141899187,26.713894873852],[-81.5673047769365,26.7133558223998]]},"properties":{"segment_id":"947289275f6e708b8a7fee4b","source_kmz":"caloosahatchee","orientation":"unverified"}},{"type":"Feature","geometry":{"type":"LineString","coordinates":[[-81.4560968305313,26.6975164487435],[-81.4588491595124,26.70093803318011],[-81.4594408520913,26.7010211507732],[-81.4606919944765,26.702576373482],[-81.4612837000232,26.70265948022031],[-81.4615339362613,26.7029705206064],[-81.46182979064392,26.7030120719616],[-81.4620800298635,26.7033231107132],[-81.4623758857133,26.7033646604764],[-81.4643778736763,26.7058529325876],[-81.46467373927571,26.7058944755236],[-81.4649239970471,26.7062055047998],[-81.4648327799714,26.7067444784636],[-81.46542451798541,26.7068275606922],[-81.4659250461178,26.7074496130381],[-81.4657882274616,26.7082580715171],[-81.4660384960714,26.7085690959441],[-81.4659928899001,26.7088385814954],[-81.4656514062495,26.7090665278823],[-81.4656057986109,26.7093360128676],[-81.4649228235475,26.7097919011651],[-81.4648772132582,26.7100613852535],[-81.4645357218452,26.71028932716411],[-81.4644901100886,26.7105588106865],[-81.4641486156937,26.7107867509947],[-81.4640117751696,26.7115951991599],[-81.4642620470452,26.7119062247762],[-81.4642164335844,26.7121757068897],[-81.4682210380736,26.7171519939693],[-81.4675380151071,26.7176078888424],[-81.4674924088417,26.7178773678424],[-81.4679930157419,26.7184993899313],[-81.4677193795715,26.7201162573406],[-81.4684703144938,26.7210492813334],[-81.46876623400911,26.7210908107971],[-81.4690165504317,26.7214018162738],[-81.4693124714146,26.7214433441453],[-81.4692668686534,26.7217128208641],[-81.4695171886743,26.72202382456801],[-81.46947158624481,26.7222933009138],[-81.4697675104944,26.7223348273855],[-81.4702681595322,26.7229568303612],[-81.4708600136179,26.7230398777799],[-81.471360674587,26.7236618742179],[-81.471656604423,26.7237033951649],[-81.4721572749565,26.72432538656111],[-81.47274914021492,26.7244084229303],[-81.4732498226801,26.7250304077888],[-81.4738416938088,26.7251134377888],[-81.4748430898006,26.7263573908844],[-81.4747063245647,26.7271658158415],[-81.4749566799085,26.7274768014843],[-81.4743184169727,26.7312494214384],[-81.4736353148536,26.7317053372184],[-81.4734985298807,26.732513747816],[-81.4731569725703,26.732741702807],[-81.47306577880072,26.7332806413718],[-81.4727242173228,26.73350859443021],[-81.4726786188282,26.7337780630302],[-81.4723370543668,26.7340060144866],[-81.472017848664,26.7358922858076],[-81.4716762741155,26.736120233678],[-81.47163067098072,26.7363896997412],[-81.4712890934484,26.7366176460098],[-81.4712434888456,26.736887111508],[-81.4709019083296,26.7371150561746],[-81.4708563022587,26.7373845211077]]},"properties":{"segment_id":"b8897df2630c5ca4629fb7c2","source_kmz":"caloosahatchee","orientation":"unverified"}},{"type":"Feature","geometry":{"type":"LineString","coordinates":[[-81.5923085896926,26.7430402954021],[-81.5925347405455,26.7416927266842],[-81.5922839216331,26.74138203637081],[-81.59241961062,26.7405734919154],[-81.5931021562854,26.7401168110438],[-81.59314738301912,26.7398472950979],[-81.5937394700946,26.7399296414643],[-81.5940807378048,26.7397012969142],[-81.595264912861,26.7398659757514],[-81.595606176294,26.7396376261714],[-81.5964943086874,26.7397611236109],[-81.596835568462,26.7395327699409],[-81.5971316125376,26.7395739331248],[-81.6008853443557,26.7370619486202],[-81.6011113459983,26.7357143375353],[-81.6014525776257,26.7354859660421],[-81.6016785663172,26.7341383474554],[-81.6020197902322,26.7339099730447],[-81.6022457659734,26.7325623469555],[-81.605316646957,26.7305069052965],[-81.6054070140047,26.7299678472883],[-81.605110998859,26.7299267064065],[-81.6048601688977,26.7296160355155],[-81.6045641552155,26.72957489304],[-81.6046093407374,26.7293053637365],[-81.60385686706302,26.72837334307111],[-81.6039020541605,26.7281038131167],[-81.6034004152875,26.7274824612885],[-81.603104409598,26.7274413144134],[-81.602853594045,26.7271306364181],[-81.6016695788303,26.7269660374761],[-81.6011679625832,26.7263446728283],[-81.5996879617194,26.726138897658],[-81.5989355685857,26.7252068327893],[-81.5989807693579,26.72493730244321],[-81.5982283942884,26.7240052291655],[-81.5979324029527,26.7239640671987],[-81.5961769324248,26.7217891932258],[-81.59622214000382,26.7215196613511],[-81.5947175249188,26.7196554481922],[-81.5947627359283,26.7193859152491],[-81.5945119736682,26.7190752098087],[-81.5945571850148,26.7188056764922],[-81.594306425174,26.7184949700247],[-81.5943516368576,26.7182254363346],[-81.5938501238147,26.71760402045731],[-81.5932581893758,26.7175216692856],[-81.5922551943503,26.71627882088161]]},"properties":{"segment_id":"d64a0027c5f9f511471870e4","source_kmz":"caloosahatchee","orientation":"unverified"}},{"type":"Feature","geometry":{"type":"LineString","coordinates":[[-81.1607953744322,26.6550303412587],[-81.1567929512633,26.6781973192342],[-81.1554242405306,26.6791051269254],[-81.1546792914452,26.6834150483304],[-81.1549749302095,26.6834574720816],[-81.15460243503192,26.68561241091991],[-81.1548515189572,26.685924201004]]},"properties":{"segment_id":"f1828839fc2196c1d3ac3bc0","source_kmz":"caloosahatchee","orientation":"unverified"}},{"type":"Feature","geometry":{"type":"LineString","coordinates":[[-81.3507783032997,26.68100620363411],[-81.3412106696529,26.687378183935],[-81.3410727182535,26.6881865262334],[-81.3390223065166,26.6895518147551],[-81.33897631503821,26.6898212597227],[-81.3380890656029,26.6896955531825],[-81.3356968157065,26.6912883097863],[-81.32948605188122,26.6904080131029],[-81.3274354048377,26.6917730648672],[-81.3269751047632,26.6944674351071],[-81.3245825185571,26.6960599142983],[-81.3239839778119,26.6995625301733],[-81.324233711512,26.6998739024024],[-81.3241876685216,26.7001433326073],[-81.32443740462992,26.7004547038133],[-81.3243913619646,26.70072413364471],[-81.3246411004811,26.7010355038276],[-81.32459505814091,26.7013049332855],[-81.3242532322492,26.7015324217272],[-81.3241150999543,26.70234070769221],[-81.3206967066752,26.7046155121114],[-81.32000582874852,26.708656860331],[-81.3230028948825,26.7123932823577],[-81.3226805144915,26.714279215161],[-81.32293028596561,26.7145905769469],[-81.3227460647387,26.7156682471113],[-81.3232456179731,26.7162909669259],[-81.3235414511873,26.7163329087314],[-81.3245405839638,26.717578334758],[-81.3248364222061,26.7176202727327],[-81.3246522182655,26.7186979366043],[-81.3259011928403,26.7202546927424],[-81.3256709467625,26.721601763849],[-81.3259207501295,26.7219131117337],[-81.3256904999437,26.7232601762778],[-81.3259403081683,26.7235715225891],[-81.325894257883,26.7238409346554],[-81.3261440685171,26.7241522799443],[-81.3254602425897,26.72460723494901],[-81.3254141902586,26.7248766459786],[-81.3251183269296,26.7248347105416],[-81.324776409472,26.7250621848611],[-81.324684299781,26.7256010053571],[-81.3233166024901,26.7265108872471],[-81.3232244821674,26.7270497041472],[-81.3235203521517,26.7270916446784],[-81.3232900508199,26.7284386833048],[-81.3240394998251,26.7293727225246],[-81.3238092005039,26.7307197532157],[-81.3234672563503,26.7309472192896],[-81.3233751322427,26.7314860292584],[-81.3236710174693,26.7315279688126],[-81.3235328318534,26.7323361822966],[-81.3231908805854,26.7325636463787],[-81.323144816954,26.7328330500718],[-81.3217769891603,26.7337428923407],[-81.3215466429841,26.7350899006458],[-81.3217964704516,26.7354012459909],[-81.3216582611396,26.7362094477447],[-81.3219541616868,26.7362513915806],[-81.3214473820073,26.7392147810085],[-81.322196904465,26.7401488037243],[-81.3221047626483,26.7406875979268],[-81.3226044557263,26.7413102747666],[-81.3229003741779,26.7413522152884],[-81.324399503686,26.7432202201058],[-81.3246954295407,26.7432621553026],[-81.3244651034585,26.7446091321803],[-81.3241231061317,26.7448365910719],[-81.3240770388685,26.7451059854119],[-81.3243269043665,26.74541731549211],[-81.324050498436,26.7470336757827],[-81.3243003694063,26.7473450041548],[-81.32637195484712,26.7476385311991]]},"properties":{"segment_id":"cc9a9d39336653e8dd019f49","source_kmz":"caloosahatchee","orientation":"unverified"}},{"type":"Feature","geometry":{"type":"LineString","coordinates":[[-81.6202081300627,26.7320238145615],[-81.62054929672661,26.7317953781528],[-81.620594433615,26.7315258437012],[-81.6212767591749,26.7310689664169],[-81.6213218934184,26.7307994310721],[-81.6220042094092,26.7303425480515],[-81.6220493410078,26.73007301181361],[-81.6223904951193,26.7298445680698],[-81.6224356252549,26.72957503126822],[-81.6227767763833,26.7293465859256],[-81.622821905056,26.7290770485604],[-81.6231630532013,26.7288486016189],[-81.623208180411,26.72857906369],[-81.6249138882095,26.7274368082958],[-81.6252099042461,26.72747789331491],[-81.6272566904457,26.7261071393163],[-81.6274822527812,26.7247594275597],[-81.6291878288735,26.7236170894185],[-81.6294838338729,26.72365816277931],[-81.6298249430683,26.7234296904036],[-81.6301209477292,26.7234707619801],[-81.6304366609628,26.721583940509],[-81.6299348693844,26.7209627042671],[-81.6299799713903,26.72069315712711],[-81.6303210675891,26.7204646811267],[-81.63054656749692,26.7191169402638],[-81.63084255774922,26.7191580103173],[-81.6311836456203,26.7189295304603],[-81.63562352381942,26.7195454658241],[-81.635964600595,26.7193169706025],[-81.6401085352484,26.7198916590122]]},"properties":{"segment_id":"023d516e7c7d21acc495cc01","source_kmz":"caloosahatchee","orientation":"unverified"}},{"type":"Feature","geometry":{"type":"LineString","coordinates":[[-81.2202458370137,26.6580227671903],[-81.21716841184,26.6600673014291],[-81.2145081182702,26.6596870175683],[-81.2100626209159,26.66263994132492],[-81.2100162425633,26.6629093506914],[-81.2062544180863,26.66540780654641]]},"properties":{"segment_id":"6aa50e08cc99504ceb0acac2","source_kmz":"caloosahatchee","orientation":"unverified"}},{"type":"Feature","geometry":{"type":"LineString","coordinates":[[-81.3135993746392,26.6699397531608],[-81.31734372717601,26.6746110267095],[-81.3176394151391,26.6746529904279],[-81.31731705843391,26.6765391175299],[-81.3210618968753,26.6812101661372],[-81.3206475001383,26.6836351510163],[-81.32089717590141,26.6839465459281],[-81.3205288086509,26.6861020709159]]},"properties":{"segment_id":"fcde6789b91165bf1263be5e","source_kmz":"caloosahatchee","orientation":"unverified"}},{"type":"Feature","geometry":{"type":"LineString","coordinates":[[-81.2112046399155,26.6542458666331],[-81.2094949331967,26.6553815962184],[-81.2088456396953,26.65915338362471],[-81.2071358051804,26.6602890579691],[-81.2062544180863,26.66540780654641]]},"properties":{"segment_id":"8061ba2f66ede8e10cedf806","source_kmz":"caloosahatchee","orientation":"unverified"}},{"type":"Feature","geometry":{"type":"LineString","coordinates":[[-81.6330185386817,26.7133921422077],[-81.6337711961132,26.7143239938619],[-81.6336810220739,26.7148631013398],[-81.634684595484,26.7161055566565],[-81.63441408149622,26.7177228701218],[-81.6340730069094,26.7179513613529],[-81.6340279190805,26.7182209124473],[-81.6342788207109,26.7185315236903]]},"properties":{"segment_id":"cbb11c3d52ba5436e417d560","source_kmz":"caloosahatchee","orientation":"unverified"}},{"type":"Feature","geometry":{"type":"LineString","coordinates":[[-81.5476282570229,26.6970942630286],[-81.5481293193816,26.6977159387086],[-81.5488117607242,26.6972594896312],[-81.5493128325381,26.6978811593224],[-81.5499045908103,26.6979637645641],[-81.5502458086778,26.6977355350216],[-81.5505416876202,26.6977768354362],[-81.5512241167233,26.6973203706605],[-81.5515199947134,26.6973616683513],[-81.551861205949,26.6971334331181],[-81.5521570836041,26.6971747290249],[-81.5531807046642,26.6964900128842],[-81.5532260329,26.6962204794825],[-81.5544095353372,26.6963856430073],[-81.5547507351079,26.6961573976634],[-81.5550466108054,26.6961986854943],[-81.5553878081596,26.6959704379404],[-81.5562754350934,26.6960942935483],[-81.5566166287963,26.6958660419047],[-81.5583918865784,26.6961137246879],[-81.558642452666,26.6964245380236],[-81.5595300889113,26.6965483657722],[-81.5602124609347,26.69609184053972],[-81.5616918541444,26.6962981938384],[-81.5634459412115,26.6984738118669],[-81.5633100475773,26.6992824192878],[-81.5653148412939,26.7017687832682],[-81.5656107412074,26.7018100404511],[-81.5653842753802,26.703157709697],[-81.566136115526,26.7040900772032],[-81.5655925910085,26.70732445443882],[-81.5652513758097,26.7075527276931],[-81.5617003619492,26.70705758196],[-81.5606766833171,26.7077423602666],[-81.5594930136471,26.7075772733925],[-81.5588105472862,26.7080337783936],[-81.558514629339,26.7079925026845],[-81.5583333559148,26.7090706064937],[-81.5585839592997,26.7093814080464],[-81.55853864085572,26.7096509332729],[-81.5587892466579,26.7099617337988],[-81.5586986101585,26.7105007832698],[-81.55970105630611,26.7117439753833],[-81.559996987645,26.7117852472694],[-81.5602476048636,26.7120960423296],[-81.5608394707524,26.7121785820712],[-81.5610900921351,26.7124893747462],[-81.56138602668491,26.7125306426018],[-81.5618872772143,26.7131522237911],[-81.5617060349942,26.7142303169986],[-81.5622979168688,26.7143128479465]]},"properties":{"segment_id":"cfe1062f1fd48ed7be13af26","source_kmz":"caloosahatchee","orientation":"unverified"}},{"type":"Feature","geometry":{"type":"LineString","coordinates":[[-81.1726206803338,26.637401556935],[-81.1712527799465,26.6383096823646],[-81.1710668341836,26.6393873271865],[-81.168330909461,26.64120350612931],[-81.1682844128158,26.6414729140678],[-81.1658903762961,26.643062001347],[-81.1658438710647,26.643331406708],[-81.1651598421297,26.6437854194979],[-81.1651133342383,26.6440548239536],[-81.1630611973064,26.6454168297078],[-81.16301468201331,26.6456862319205],[-81.16233061966,26.6461402229666],[-81.1607953744322,26.6550303412587]]},"properties":{"segment_id":"d409e78ea625b38f90a163a9","source_kmz":"caloosahatchee","orientation":"unverified"}},{"type":"Feature","geometry":{"type":"LineString","coordinates":[[-81.71072511977121,26.7122847922234],[-81.7112274407537,26.7129056557097],[-81.711182595858,26.7131752440749],[-81.7114337596732,26.7134856743438],[-81.711729768943,26.7135265156372],[-81.713236796752,26.7153890740679],[-81.7131919568283,26.7156586613159],[-81.7141966805563,26.71690034858471],[-81.7141518428396,26.7171699350401],[-81.714654216758,26.7177907730574],[-81.7146093800052,26.7180603589993],[-81.71486057028892,26.718370776534],[-81.7147260602195,26.7191795325358],[-81.7169868706474,26.7219732465466],[-81.7184670780461,26.7221773606767],[-81.718718294117,26.7224877651461],[-81.71901433761491,26.7225285846879],[-81.7192655566683,26.7228389875176],[-81.7204497381743,26.723002254237],[-81.72070096375121,26.7233126531766],[-81.7227733004002,26.7235983321625]]},"properties":{"segment_id":"06e621d647c8c0c356f1d2c7","source_kmz":"caloosahatchee","orientation":"unverified"}},{"type":"Feature","geometry":{"type":"LineString","coordinates":[[-81.7638712585023,26.7551734264037],[-81.7640500667038,26.754095114931],[-81.76379859621352,26.7537848485841],[-81.7638432981906,26.753515269993],[-81.7645250398639,26.75305748648851],[-81.7647038355416,26.7519791671649],[-81.7644523688576,26.7516689004556],[-81.7635638758086,26.7515468365022],[-81.76280949720501,26.750616024281],[-81.7629436066352,26.749807281516],[-81.7624407003251,26.7491867347517],[-81.7624854041578,26.7489171530845],[-81.7628262613708,26.7486882632939],[-81.7630050691935,26.7476099329766],[-81.7636867687643,26.7471521469683],[-81.7638208646234,26.7463433948088],[-81.76356941748841,26.7460331208124],[-81.7636141161742,26.7457635361527],[-81.7633179721571,26.7457228459263],[-81.7630665286295,26.7454125701503],[-81.7627703860714,26.7453718783284],[-81.7625189455278,26.7450616009121],[-81.7622228044288,26.7450209074946],[-81.76096563466652,26.7434695033134],[-81.760669499748,26.7434288052983],[-81.7604180723866,26.7431185210421],[-81.7601219389271,26.7430778214316],[-81.7597810966643,26.7433067061833],[-81.7594849628603,26.7432660047885],[-81.75923354022041,26.7429557175302],[-81.7589374078755,26.7429150145399],[-81.7586859882194,26.7426047256414],[-81.7583898573335,26.7425640210556],[-81.7581384406613,26.7422537305168],[-81.7578423112345,26.74221302433561],[-81.7573394856612,26.7415924390876],[-81.7570433588737,26.7415517305605],[-81.7565405428748,26.7409311402524],[-81.7565852608267,26.7406615545422],[-81.755076859848,26.7387997614269],[-81.755121581259,26.738530174647],[-81.7548701880303,26.7382198725408],[-81.7549596312621,26.7376806980008],[-81.7547082410825,26.737370394726],[-81.7547529629032,26.7371008069659],[-81.7545015751497,26.736790502662],[-81.7545462973146,26.7365209145287],[-81.75404352846282,26.7359003029724],[-81.7541776970227,26.7350915363331],[-81.7539263171701,26.734781228802],[-81.754015762729,26.7342420495943],[-81.7535130109243,26.7336214313047],[-81.7536024578597,26.7330822506037],[-81.7539432761899,26.7328533791147],[-81.7542393717491,26.7328940974821],[-81.7543735338171,26.7320853234081],[-81.7553959654999,26.7313986955624],[-81.7554406820915,26.7311291027516],[-81.7551893092211,26.7308187946294],[-81.7555470369054,26.7286620426051],[-81.7550443065381,26.7280414214584],[-81.754748227205,26.7280007047906],[-81.7548376606337,26.7274615140756],[-81.7543349423288,26.7268408873098],[-81.754424377134,26.7263016951005],[-81.7551059542328,26.7258439363148],[-81.7551953832036,26.7253047418559],[-81.755536166689,26.7250758599048],[-81.7556255921855,26.7245366638529],[-81.7559663715083,26.7243077799773],[-81.75546366342941,26.7236871528625],[-81.75550837582522,26.7234175538779],[-81.7550056762023,26.7227969229235],[-81.755050389565,26.7225273234254],[-81.7553911624967,26.7222984400684],[-81.7554358744009,26.7220288400078],[-81.7564581788409,26.7213421813455],[-81.7565028869271,26.7210725800654],[-81.7568436502888,26.7208436909809],[-81.75706718064201,26.7194956794272],[-81.7608153937698,26.7169777977701],[-81.761999573346,26.7171405958319],[-81.7623403066882,26.7169116861375]]},"properties":{"segment_id":"0ba393fed10d430dfd06ad1e","source_kmz":"caloosahatchee","orientation":"unverified"}},{"type":"Feature","geometry":{"type":"LineString","coordinates":[[-81.7669097048334,26.7222274109329],[-81.7666583166961,26.7219171222707],[-81.7668816969436,26.72056909398041],[-81.7648706816583,26.71808674704331],[-81.7649153618561,26.7178171395648],[-81.7644126273059,26.7171965436482],[-81.764725389616,26.7153092827852]]},"properties":{"segment_id":"63d9607a0cdec9fed53ab464","source_kmz":"caloosahatchee","orientation":"unverified"}},{"type":"Feature","geometry":{"type":"LineString","coordinates":[[-81.3950772280354,26.6627087384398],[-81.3902962280029,26.665897057861],[-81.3891134569623,26.6657300176493],[-81.3853566830389,26.6682349094358],[-81.385173337359,26.6693128376272],[-81.3834656173462,26.6704513672582],[-81.3825945506194,26.6755714431173],[-81.38191140507381,26.676026833438],[-81.3818655542364,26.6762963080944],[-81.3815239775858,26.6765240010138],[-81.3813864198111,26.67733242257311],[-81.3793369008827,26.6786985473868],[-81.378282042603,26.6848963297525],[-81.3738408424773,26.68785601037761],[-81.3726578032391,26.6876887944083],[-81.3722907087456,26.6898444779676],[-81.3725405881147,26.6901557434818],[-81.3731321239037,26.6902393532074],[-81.3729944659841,26.6910477308229],[-81.372652807809,26.6912753847296],[-81.3721939176708,26.6939699581642],[-81.3724438085991,26.6942812201054],[-81.3723061378258,26.6950895871316],[-81.3725560323893,26.6954008477715],[-81.3720971173711,26.6980953878482],[-81.3733466477844,26.6996516708391],[-81.3732548674811,26.700190574647],[-81.3725714785354,26.7006458705621],[-81.3721584317121,26.7030709200811],[-81.3729081883226,26.7040046783339],[-81.3732040035699,26.7040464808614],[-81.3728827480913,26.70593261509102],[-81.373132676031,26.7062438643555],[-81.3724492386521,26.7066991513103],[-81.3718575910413,26.7066155417879],[-81.3715821967394,26.7082322131276],[-81.3718321266424,26.7085434633889],[-81.3717862272049,26.7088129076512],[-81.37203615951822,26.7091241568888],[-81.3723319918407,26.70916596125531],[-81.3730818031193,26.7100997014144],[-81.3726228265346,26.712794126549],[-81.3719393347513,26.71324940133851],[-81.3718934331519,26.71351884189592],[-81.3715975861631,26.7134770368244],[-81.3695470568834,26.7148428230155],[-81.3695011469914,26.7151122612503],[-81.3677923172318,26.7162503797539],[-81.3676086511106,26.7173281237077],[-81.3662415359873,26.7182385902947],[-81.3658282278351,26.720663488504],[-81.3661240966034,26.7207053090438],[-81.3660781729446,26.7209747411006],[-81.3657363784337,26.721202352189],[-81.3662362729025,26.7218248559452],[-81.3665321458385,26.7218666751845],[-81.36648622283381,26.7221361064956],[-81.3658026249866,26.7225913285094],[-81.3660525755721,26.7229025793931],[-81.3660066505246,26.7231720096679],[-81.3663025279555,26.7232138293917],[-81.366256603521,26.7234832595286],[-81.3659147995716,26.7237108695131],[-81.3661647537941,26.7240221190979],[-81.3659351244724,26.725369263912],[-81.3661850835582,26.7256805119221],[-81.3664809696523,26.7257223308299],[-81.3664350444421,26.7259917590473],[-81.3657514158674,26.7264469755369],[-81.3662513407416,26.7270694695691],[-81.3659757766112,26.7286860283087],[-81.3662257454241,26.7289972731702],[-81.3659961038492,26.7303443983086],[-81.36649605300121,26.73096688399862],[-81.3667919573222,26.73100870137131],[-81.3660570902386,26.73531945952711],[-81.36537338597701,26.73577466099381],[-81.3653274519824,26.7360440807208],[-81.3646437381562,26.736499276434],[-81.3651437131432,26.7371217572826],[-81.3647762217329,26.7392770991452],[-81.36502621683,26.7395883371412],[-81.3649802797296,26.7398577536808],[-81.3654802765462,26.7404802267431],[-81.3654343403861,26.740749642773],[-81.3650924660603,26.7409772384529],[-81.3648168359789,26.7425937277174],[-81.3668884449186,26.7428864548699],[-81.3676384896918,26.7438201410766],[-81.3685263370553,26.7439455761833],[-81.3690263830114,26.74456802474741],[-81.3693223350757,26.7446098332669],[-81.3692764086879,26.7448792477023],[-81.3697764654375,26.74550169095791],[-81.3695927619329,26.7465793452549],[-81.3689089872869,26.747034554745],[-81.368817129076,26.7475733791612],[-81.3690671626856,26.7478845998564],[-81.3696590898324,26.7479682150014],[-81.3701591671913,26.7485906507488],[-81.3701132412962,26.7488600623868],[-81.3706133270786,26.7494824943205],[-81.3705214768842,26.7500213163435],[-81.3737771784958,26.7504811096008],[-81.3742773000126,26.75110352100612],[-81.3745732769738,26.7511453138333],[-81.3755735463411,26.7523901230383],[-81.3758695283307,26.7524319120321],[-81.3758236181811,26.7527013231278],[-81.3751398279329,26.753156565203],[-81.375093915126,26.7534259754018],[-81.3755940631437,26.7540483750916],[-81.3758900508174,26.7540901638228],[-81.3758441398517,26.7543595736095],[-81.3763442986657,26.7549819679913],[-81.3762983886414,26.75525137726901],[-81.3765484713613,26.7555625729955],[-81.3768444646775,26.7556043588344],[-81.3770945503826,26.7559155529289],[-81.3770486421996,26.7561849617946],[-81.3772987303179,26.7564961548671],[-81.3775947271913,26.756537938464],[-81.3778448182948,26.7568491299045],[-81.3777989119532,26.7571185383582],[-81.3782991007866,26.7577409183107],[-81.3782531953865,26.7580103262556],[-81.3797538087601,26.7598774440578],[-81.3800498183908,26.7599192202781],[-81.3802999281044,26.760230402735],[-81.3802540276153,26.7604998095815],[-81.3805041397424,26.7608109910164],[-81.3804582395813,26.7610803974915],[-81.380708354122,26.7613915779045],[-81.3806624542889,26.7616609840082],[-81.3809125712434,26.7619721633993],[-81.3807289715072,26.7630497849233],[-81.382479857775,26.7652280120507],[-81.3827758870353,26.7652697798841],[-81.38302602203052,26.7655809509022],[-81.3833220527626,26.7656227171439],[-81.3838223305247,26.7662450550317],[-81.3847104315519,26.7663703442061],[-81.3849605766906,26.7666815095808],[-81.3852566121241,26.7667232702029],[-81.3855067602488,26.7670344339456],[-81.385802797154,26.7670761929758],[-81.3860529482647,26.7673873550866],[-81.3866450253046,26.7674708691191],[-81.3871453376698,26.7680931876971],[-81.3877374205969,26.7681766953623],[-81.3879875818515,26.7684878518295],[-81.3882836249297,26.76852960364811],[-81.3881918645968,26.7690684109421],[-81.3875080100493,26.7695237120429],[-81.3873703602904,26.7703319192428],[-81.3876205264588,26.770643074613],[-81.3879165767378,26.770684827207],[-81.3884169168472,26.7713071337989],[-81.388712969784,26.77134888405361],[-81.3892133194664,26.7719711856124],[-81.38950937506111,26.7720129335277],[-81.3897595537887,26.7723240822328],[-81.3900556108552,26.7723658285562],[-81.39105634851322,26.7736104115412],[-81.3922405986135,26.7737773764309]]},"properties":{"segment_id":"ad368d7d261930678c7e44c4","source_kmz":"caloosahatchee","orientation":"unverified"}},{"type":"Feature","geometry":{"type":"LineString","coordinates":[[-81.5741089852633,26.6872710535754],[-81.5738131309895,26.6872298187195],[-81.5734720166593,26.6874581324454],[-81.571992746429,26.6872519408051],[-81.5716516272114,26.6874802485628],[-81.56987650853,26.6872327850984],[-81.5695353838078,26.6874610859483],[-81.5680561229036,26.68725483848131],[-81.5677149932946,26.6874831333628],[-81.5668274382823,26.6873593719335],[-81.56648630502191,26.6875876627259]]},"properties":{"segment_id":"3a746d5758593f1cbe3ba4aa","source_kmz":"caloosahatchee","orientation":"unverified"}},{"type":"Feature","geometry":{"type":"LineString","coordinates":[[-81.3203118782228,26.6466049473695],[-81.3215597353247,26.648162088257],[-81.3224465353685,26.6482879509062],[-81.3236944550814,26.6498450584516],[-81.323990061586,26.6498870072485],[-81.3236679353222,26.65177329267461],[-81.3239175301083,26.6520847098055],[-81.3235493735169,26.6542404493],[-81.3232077306101,26.6544679660738],[-81.3237069341964,26.6550907966667],[-81.3240025586081,26.6551327447743],[-81.32275992008522,26.6624082401704],[-81.3237584195242,26.66365387272611],[-81.3221934015892,26.6728153441534],[-81.3229423573576,26.6737495451098],[-81.32087058341,26.6858745842778],[-81.3205288086509,26.6861020709159]]},"properties":{"segment_id":"b9fd3d40c7cc690888d4ccdf","source_kmz":"caloosahatchee","orientation":"unverified"}},{"type":"Feature","geometry":{"type":"LineString","coordinates":[[-81.4990389385463,26.6709858474059],[-81.5115551560547,26.686533710119],[-81.51146425000441,26.6870727558951],[-81.511122971958,26.6873008657796],[-81.5110775173263,26.687570387984],[-81.5113278888066,26.6878813227959],[-81.5116237154846,26.68792273479441],[-81.5115782620852,26.6881922567202],[-81.5112369799265,26.6884203662208],[-81.5117377307466,26.6890422326248],[-81.5120335615871,26.6890836433185],[-81.5119881088541,26.6893531644956],[-81.5113055357459,26.6898093833381],[-81.5112600803656,26.6900789036183],[-81.5115104597556,26.6903898356803],[-81.511806295092,26.69043124685311],[-81.511760840944,26.6907007668548],[-81.51141954937822,26.690928875257],[-81.5119203160182,26.6915507361616],[-81.5118748616374,26.6918202553189],[-81.511533565959,26.6920483633374],[-81.5120343398931,26.6926702216318],[-81.5119888852795,26.6929397399448],[-81.5113062838988,26.6933959539437],[-81.5112153690936,26.6939349885411],[-81.5098501352918,26.69484739864192],[-81.5095542858007,26.6948059824632],[-81.5091905702294,26.6969621000979],[-81.5094409620938,26.6972730307863],[-81.50930456593241,26.6980815706049],[-81.5098053587546,26.6987034284854],[-81.5096234981729,26.6997814771751],[-81.5098738997471,26.7000924042282],[-81.5096465707316,26.7014399591094],[-81.5098969771861,26.7017508845801],[-81.50985151115,26.70202039471261],[-81.5101019200195,26.702331319157],[-81.5100109883306,26.7028703384394],[-81.51026140023171,26.7031812617185],[-81.5101704686431,26.7037202797835],[-81.5106713003073,26.7043421231242],[-81.510625835321,26.7046116315265],[-81.5111266754138,26.7052334710402],[-81.5110812113771,26.7055029789298],[-81.5113316347383,26.7058138972169],[-81.5109902824545,26.7060419940044],[-81.5108084212119,26.707120021336],[-81.5113092771302,26.70774185535601],[-81.5112183472759,26.7082808670574],[-81.5114687791665,26.7085917824589],[-81.5114233144311,26.7088612878185],[-81.5116737487374,26.7091722021939],[-81.5116282843353,26.7094417071799],[-81.5118787210571,26.7097526205293],[-81.5118332569884,26.7100221251417],[-81.5120836961259,26.710333037465],[-81.51203823239051,26.7106025417038],[-81.5127895624478,26.7115352729345],[-81.5139731970277,26.7117008876787],[-81.5142236487096,26.7120117933213],[-81.5148154700636,26.71209459413132],[-81.5150659259102,26.71240549739],[-81.5153618381946,26.7124468957803],[-81.5156122970233,26.71275779740351],[-81.5159082107735,26.7127991942012],[-81.5161586725843,26.7131100941888],[-81.5164545878002,26.7131514893939],[-81.51670505259321,26.71346238774611],[-81.5178887210184,26.7136279571303],[-81.5182300850399,26.713399842895],[-81.5184805569292,26.7137107367569],[-81.5205519915319,26.7140004388556],[-81.5208024734998,26.7143113265915],[-81.5219861613721,26.7144768490803],[-81.5229881261619,26.7157203791773],[-81.52387590922982,26.715844503198],[-81.5239213388574,26.7155749979833],[-81.52421726621282,26.7156163708724],[-81.5244677660231,26.7159272483237],[-81.5247636948441,26.7159686196201],[-81.5250141976367,26.7162794954357],[-81.5253555533349,26.71605135968],[-81.5259474129573,26.7161340963628],[-81.5264484298038,26.7167558411191],[-81.5276321619049,26.7169212983654],[-81.5279735132334,26.716693154479],[-81.5289755897086,26.7179366189304],[-81.529567465684,26.7180193346196],[-81.5300685194507,26.7186410585278],[-81.530364460228,26.7186824136089]]},"properties":{"segment_id":"ccd920e6a085539c284f312d","source_kmz":"caloosahatchee","orientation":"unverified"}},{"type":"Feature","geometry":{"type":"LineString","coordinates":[[-81.4977875639725,26.6694309390864],[-81.4990389385463,26.6709858474059]]},"properties":{"segment_id":"15744d0ca6b4edbffb071b1e","source_kmz":"caloosahatchee","orientation":"unverified"}},{"type":"Feature","geometry":{"type":"LineString","coordinates":[[-81.700716488617,26.6960106844444],[-81.7014697234702,26.6969420954805],[-81.7014248564566,26.69721169239091],[-81.7008329594953,26.6971299465469],[-81.6998104999251,26.6978161093511],[-81.7003126586672,26.6984370519721],[-81.7002677872754,26.6987066471912],[-81.7005637407396,26.6987475219479],[-81.7000701468895,26.7017130549192],[-81.6983659383016,26.7028566252685],[-81.6988681159216,26.7034775655742],[-81.6984193183075,26.7061734607614],[-81.6973967327823,26.7068595815359],[-81.6971007530783,26.7068186987768],[-81.6964190191465,26.7072761044058],[-81.6958270580931,26.7071943325967],[-81.69480443996,26.7078804258913],[-81.6946248645114,26.7089587657327],[-81.6948759567032,26.7092692397253],[-81.69483106276292,26.70953882396],[-81.6941492954128,26.7099962110765],[-81.69355731790091,26.7099144270485],[-81.6887847273101,26.7131159684937],[-81.6885152336658,26.7147334362472],[-81.6878333920214,26.7151907750654],[-81.6877884730736,26.7154603515459],[-81.6882906479344,26.7160813195978],[-81.68824572994862,26.716350895565],[-81.6884968207023,26.7166613781175],[-81.6883171484449,26.7177396790854],[-81.6888193403247,26.71836064040661],[-81.6891153555881,26.718401545261],[-81.6898686604619,26.7193329783235],[-81.689778830666,26.7198721261969],[-81.6900748515529,26.7199130281468],[-81.6903259592036,26.7202235030269],[-81.6902810454078,26.7204930765676],[-81.690577068656,26.7205339770178],[-81.69082817991021,26.7208444501194],[-81.6949725512912,26.7214169572344],[-81.6952236808764,26.7217274189484],[-81.6981839915228,26.7221362437428],[-81.6984351347162,26.7224466970683],[-81.7052439824824,26.7233866562888],[-81.7054951546314,26.7236970914759]]},"properties":{"segment_id":"f4556e684130202fc1738976","source_kmz":"caloosahatchee","orientation":"unverified"}},{"type":"Feature","geometry":{"type":"LineString","coordinates":[[-81.8567479464688,26.7246065761134],[-81.8559928007022,26.7236763636332],[-81.8560371998818,26.7234067217206],[-81.8557854888592,26.72309664897101],[-81.8554893792102,26.7230562175229],[-81.8539791580244,26.7211957577995],[-81.8536830557236,26.7211553209989],[-81.8531796654484,26.7205351591244],[-81.8532240717815,26.7202655159043],[-81.8527206899711,26.719645350184],[-81.8527650972776,26.7193757064497],[-81.8512549988826,26.7175151870543],[-81.8506628222887,26.717434296269],[-81.8504111478921,26.7171242050809],[-81.8501150611888,26.7170837576696],[-81.84910838635112,26.7158433809983]]},"properties":{"segment_id":"5588c5318a196e3968f37edd","source_kmz":"caloosahatchee","orientation":"unverified"}},{"type":"Feature","geometry":{"type":"LineString","coordinates":[[-81.4124874077664,26.6546790187892],[-81.4114631696963,26.655362438433],[-81.4108718351328,26.6552790374542],[-81.4106219186464,26.654967831585],[-81.4088479288833,26.65471760391741],[-81.4081650858529,26.6551731943967],[-81.4060954355003,26.6548812105721],[-81.40268106969302,26.65715902083131],[-81.4026352934613,26.6574285197059],[-81.4016109451553,26.6581118369771],[-81.4007239298173,26.65798665144681],[-81.3996995598332,26.6586699488066],[-81.3996537735267,26.6589394451625],[-81.399062425919,26.6588559780908],[-81.3983794988003,26.6593114988774],[-81.3981505421873,26.6606589728333],[-81.3950772280354,26.6627087384398]]},"properties":{"segment_id":"0adf3ccd152487b3e4a7c5cf","source_kmz":"caloosahatchee","orientation":"unverified"}},{"type":"Feature","geometry":{"type":"LineString","coordinates":[[-81.5616748448776,26.6747783885301],[-81.56518223445491,26.6791298592059]]},"properties":{"segment_id":"cb50271c747ca81d758ce131","source_kmz":"caloosahatchee","orientation":"unverified"}},{"type":"Feature","geometry":{"type":"LineString","coordinates":[[-81.3616627909849,26.6455664180487],[-81.3609797720294,26.6460217118127],[-81.3598321846504,26.6527588774465],[-81.3489019584536,26.6600426190512]]},"properties":{"segment_id":"6f40d60fc28eb3db0fd71bba","source_kmz":"caloosahatchee","orientation":"unverified"}},{"type":"Feature","geometry":{"type":"LineString","coordinates":[[-81.8021567075821,26.7562901132954],[-81.8022012913039,26.7560205202958],[-81.8019496783889,26.7557103476239],[-81.8019942624571,26.75544075425161],[-81.8017426519709,26.7551305805503],[-81.8018318205223,26.7545913928269],[-81.8015802130892,26.754281217957],[-81.8016247975723,26.75401162360591],[-81.8013731925681,26.7537014477066],[-81.80141777739762,26.7534318529828],[-81.801166174822,26.7531216760541],[-81.80134451385811,26.752043294267],[-81.8027075697539,26.7511272285452],[-81.8028413069524,26.750318435821],[-81.8013604195466,26.7501155353699],[-81.8006056467866,26.749184992393],[-81.8006948162963,26.7486457961817],[-81.8004432302332,26.74833561313031],[-81.8007553191331,26.7464484180585],[-81.8005037392434,26.7461382331412],[-81.8005483228846,26.7458686327715],[-81.8000451697659,26.7452482599872],[-81.8000897543775,26.7449786591051],[-81.7998381811484,26.7446684712381],[-81.7998827661062,26.744398869983],[-81.8010673944167,26.7445612115413],[-81.8014081323589,26.7443321928587],[-81.80229660463681,26.7444539373369],[-81.8027997692806,26.7450743007245],[-81.8034812382305,26.7446162514773],[-81.8035258118083,26.7443466486249],[-81.8038665423973,26.7441176217731],[-81.8048916308827,26.737916684144],[-81.8059137304242,26.7372295733685],[-81.8054105890742,26.7366092106199],[-81.8056779655533,26.7349915468091],[-81.8060186536045,26.7347625066054],[-81.8063147801589,26.73480307701],[-81.8066554657823,26.7345740346003],[-81.8071010384223,26.7318779020492],[-81.8101670217169,26.7298164338402],[-81.8102561116836,26.7292771986223],[-81.8095014250264,26.7283466626979],[-81.8092053190731,26.7283061005601],[-81.80965077999281,26.7256099071852],[-81.809399228801,26.72529972461321],[-81.8100228361931,26.7215250126331],[-81.810704081462,26.7210668843633],[-81.8108822355778,26.7199883841796],[-81.8106306963123,26.7196781994203],[-81.8106752347715,26.7194085736495],[-81.81042369793312,26.7190983878594],[-81.810512775267,26.7185591353357],[-81.8108533858331,26.718330068226],[-81.8109869962154,26.7175211867012],[-81.8107354637452,26.717210999931],[-81.8104393953134,26.717170439959],[-81.8101878658252,26.7168602515472],[-81.8098917988499,26.7168196899794],[-81.8088857036429,26.7155789244198],[-81.809019328168,26.714770038832],[-81.8087678107454,26.7144598447947],[-81.8089014346447,26.7136509566799],[-81.8092420301597,26.71342189150401],[-81.8093756480245,26.7126130002979],[-81.8088726249646,26.7119926090909],[-81.8089617046492,26.7114533465559],[-81.8083696091157,26.7113722143202],[-81.8068606048345,26.709511008625],[-81.8069942389173,26.7087021111077],[-81.807334820006,26.7084730488026],[-81.8073793629664,26.7082034155003],[-81.8068763798408,26.707583006574],[-81.8069209237713,26.7073133727571],[-81.8072614995898,26.7070843097498],[-81.8073951261797,26.7062754059091]]},"properties":{"segment_id":"f0519354a7a288658bb0994f","source_kmz":"caloosahatchee","orientation":"unverified"}},{"type":"Feature","geometry":{"type":"LineString","coordinates":[[-81.3971171553321,26.6489226392458],[-81.3964342962918,26.64937816073421],[-81.3961595426968,26.6509951713647],[-81.3958181033882,26.651222928206],[-81.395497536285,26.6531094275461],[-81.3959972516543,26.6537319143357],[-81.3959514564396,26.6540014130188],[-81.3962471120322,26.6540431564006],[-81.3961555225435,26.654582153252],[-81.3971549869124,26.6558271115299],[-81.3964720736427,26.65628262392091],[-81.3963346875301,26.6570911137618],[-81.3959932246536,26.6573188670518],[-81.3950772280354,26.6627087384398]]},"properties":{"segment_id":"1cebb069447e975b11da3a76","source_kmz":"caloosahatchee","orientation":"unverified"}},{"type":"Feature","geometry":{"type":"LineString","coordinates":[[-81.81370396009311,26.768899019988],[-81.8104321096334,26.764867219299],[-81.81078860063802,26.7627104950577],[-81.8105369374662,26.7624003491997],[-81.8106260586887,26.7618611655283],[-81.8109222801811,26.7619017196179],[-81.811263060341,26.7616726804882],[-81.8118555029099,26.7617537842532],[-81.8125370553163,26.7612956984361],[-81.812833275768,26.7613362471722],[-81.8131740486393,26.7611072014241],[-81.813470268744,26.7611477483756],[-81.8144925746544,26.7604606007126],[-81.8147887931627,26.760501144001],[-81.81547032016252,26.7600430373464],[-81.8157665376991,26.760083577911],[-81.8167888127881,26.7593964056104],[-81.8170850287281,26.7594369425119],[-81.8174257828566,26.7592078816056],[-81.8177219984495,26.7592484167226],[-81.8184035000425,26.7587902892311],[-81.81958836019191,26.7589524137332],[-81.820269849567,26.7584942736606],[-81.8214547091592,26.7586563771257],[-81.8217954486401,26.7584273014323],[-81.8220916636072,26.7584678242464],[-81.8224324006584,26.75823874634691],[-81.82391347653261,26.75844134304341],[-81.8242542086543,26.758212259181],[-81.8260315051117,26.7584553416905],[-81.8263722316788,26.7582262509259],[-81.8269646648012,26.7583072697891],[-81.8310532278249,26.7555580592765],[-81.8311422141058,26.7550188472269],[-81.8308905003378,26.7547087433956],[-81.8305942941228,26.7546682450941],[-81.8300908743609,26.7540480332576],[-81.8301798650874,26.7535088196262],[-81.8296764550445,26.7528886036702],[-81.8297209512417,26.7526189962256],[-81.8294692495524,26.75230888677231],[-81.8295137460971,26.7520392789549],[-81.82926204683751,26.75172916847171],[-81.82930654372981,26.7514595602814],[-81.8287141553125,26.7513785530694],[-81.8283734619205,26.751607656104],[-81.8274848795,26.75148613613],[-81.8271441824286,26.7517152350805],[-81.8259594072521,26.7515531928599],[-81.8249526776678,26.7503127095308],[-81.82504169657982,26.7497734943368],[-81.8257230847594,26.7493153062659],[-81.8272040155577,26.7495178616188],[-81.8275447038164,26.7492887609877],[-81.8284332637495,26.7494102812405],[-81.8291146311039,26.7489520705434],[-81.8291591270272,26.7486824602064],[-81.829499806818,26.7484533526305],[-81.8295443012843,26.7481837417325],[-81.8290409267864,26.7475635129663],[-81.829352389034,26.7456762281896],[-81.8307150479686,26.7447597796317],[-81.8312488950202,26.7415243919537],[-81.8302422062933,26.7402839229104],[-81.830420156435,26.7392054506417],[-81.830168491263,26.73889533059531],[-81.8310137057261,26.7337725336092],[-81.8302587566462,26.7328421601602],[-81.8305256569289,26.7312244147514],[-81.8312068699949,26.7307661657901],[-81.8313403093191,26.7299572879636],[-81.8308370279788,26.7293370344711],[-81.83054090864272,26.72929653298401],[-81.8305853900143,26.72902690638851],[-81.8299931539773,26.7289459010672],[-81.8282317552361,26.7267749690276],[-81.8282762425065,26.7265053414068],[-81.82679570304181,26.7263027874996],[-81.8260408644807,26.7253723630048],[-81.82626332858662,26.7240242216423],[-81.8255085156244,26.7230937870297],[-81.8255530094872,26.7228241576356],[-81.8253014093978,26.7225140108428],[-81.8253459036079,26.7222443810748],[-81.8243395237819,26.7210037844339],[-81.82438402021232,26.7207341538719],[-81.8250651832236,26.7202759307873],[-81.8251096770189,26.7200062993357],[-81.8246064982054,26.7193859975529],[-81.82465099297221,26.7191163655872],[-81.8236446594817,26.7178757507692],[-81.8233485827285,26.71783522750321],[-81.8228454291602,26.7172149132461],[-81.822549355042,26.7171743876331],[-81.8226383548423,26.7166351216947],[-81.8223867831903,26.7163249621985],[-81.8225647819608,26.7152464269528],[-81.822313214609,26.7149362660051],[-81.8223577142327,26.7146666314684],[-81.82185458618672,26.7140463066195],[-81.8212624608342,26.7139652481666],[-81.8202562358084,26.7127245817684],[-81.81877595085521,26.7125219058325],[-81.8187314411758,26.7127915405524],[-81.8181393273328,26.7127104640761],[-81.81788778321102,26.7124002901327],[-81.8175917278843,26.7123597498764],[-81.8176362408921,26.7120901152982],[-81.8163785563405,26.7105392277597],[-81.8164230721914,26.7102695922466],[-81.8152388844448,26.7101074085068],[-81.8147358339219,26.7094870409666],[-81.8132556172671,26.7092842847746],[-81.812249561429,26.7080435239845],[-81.8123386160106,26.7075042522645],[-81.8120871078056,26.7071940595589],[-81.8121316353042,26.7069244232074],[-81.8118801295256,26.7066142294705],[-81.8106960003006,26.7064519924178],[-81.8104445010395,26.7061417947865],[-81.8086683225975,26.7058984093586],[-81.8083277551679,26.7061274777621],[-81.8077356966594,26.7060463406502],[-81.8073951261797,26.7062754059091]]},"properties":{"segment_id":"fd35010be45989056811ef4f","source_kmz":"caloosahatchee","orientation":"unverified"}},{"type":"Feature","geometry":{"type":"LineString","coordinates":[[-81.6221153032225,26.6826410065693],[-81.6241863400316,26.6829286776861],[-81.62520922278,26.6822432260442],[-81.6255050844479,26.6822843157229],[-81.6282326876533,26.68045638131001],[-81.62873423227322,26.681077700258],[-81.628644061495,26.6816168564705],[-81.6291456157884,26.6822381713022],[-81.6300332071855,26.6823614043088],[-81.6310560369466,26.6816758941745],[-81.6322394886441,26.6818401817584],[-81.6327410700292,26.6824614788885],[-81.633036936016,26.6825025471753],[-81.6335385269598,26.6831238392502],[-81.6350178729073,26.6833291605275],[-81.6385292936961,26.6876780530153],[-81.6388251802534,26.6877191042478],[-81.6390760107022,26.6880297320074],[-81.6405554535991,26.68823497175841],[-81.64080629175,26.6885455948822],[-81.6411021823515,26.6885866395501],[-81.6451158564398,26.6935564766147],[-81.6454117662097,26.6935975084484],[-81.6461643849432,26.6945293253089],[-81.6467562124076,26.6946113819468],[-81.6475088544258,26.6955431863086],[-81.6474638201042,26.6958127610851],[-81.6479655916899,26.6964339592677],[-81.6482615126456,26.696474982668],[-81.64851240231941,26.6967855796762],[-81.6488083247362,26.6968266014827],[-81.64956100810082,26.6977583849242],[-81.6498569343397,26.6977994036379],[-81.6501078335758,26.6981099955907],[-81.6504037612758,26.6981510127106],[-81.6509055675101,26.6987721924499],[-81.6517933593761,26.6988952342463],[-81.6530479241777,26.7004481567927],[-81.6533438612636,26.7004891652886],[-81.6535947808058,26.700799746381],[-81.6538907193526,26.700840753283],[-81.6543925661999,26.7014619113014],[-81.6555763326357,26.7016259244691],[-81.65607819613011,26.702247072935],[-81.6560331850067,26.7025166460574],[-81.6565350569433,26.7031377906875],[-81.65683100487601,26.7031787889652],[-81.6570819447258,26.703489359197],[-81.6573778941194,26.70353035588071],[-81.6583816762481,26.7047726249184],[-81.658336670985,26.70504219701891],[-81.6610972272212,26.7084583619845],[-81.6613931955058,26.7084993466755],[-81.6616441671494,26.7088099010426],[-81.6622361069209,26.70889186639201],[-81.6625770714469,26.7086632769943],[-81.6637609518721,26.7088271938009],[-81.66410191211641,26.7085985993766],[-81.6652857945443,26.7087624989131],[-81.6655367809169,26.7090730436751],[-81.6690884692674,26.7095646522147],[-81.6694294183461,26.70933604088051],[-81.6703173448761,26.7094589211951],[-81.6706582902926,26.7092303057739],[-81.6733220794241,26.7095988926577],[-81.6753302708928,26.7120830650492],[-81.675105486706,26.7134309305781],[-81.6730597583868,26.7148026742131],[-81.6729248632611,26.7156113847917],[-81.6725838986945,26.7158400033027],[-81.6725389319116,26.7161095726976],[-81.6715160238611,26.7167954196306],[-81.6714260823701,26.7173345557422],[-81.6710851070556,26.7175631681906],[-81.671040134709,26.7178327355657],[-81.6712911680325,26.7181432581522],[-81.6804674914188,26.7194124580441],[-81.6807185631492,26.7197229564999]]},"properties":{"segment_id":"e264a6c44ee77f8c4ea1afa7","source_kmz":"caloosahatchee","orientation":"unverified"}},{"type":"Feature","geometry":{"type":"LineString","coordinates":[[-81.1980730625438,26.6162019041686],[-81.1970475909452,26.6168832936471],[-81.197001196618,26.6171527338848],[-81.1966593679845,26.6173798608265],[-81.196473783054,26.6184576180703],[-81.1961319478919,26.618684742399],[-81.1957143542635,26.6211096793301],[-81.1959634006955,26.6214214309485],[-81.19587060015262,26.6219603029382],[-81.1951868972441,26.6224145416249],[-81.1950476871595,26.6232228458266],[-81.1955457891643,26.6238463474423],[-81.194520207241,26.6245276965368],[-81.194427394398,26.6250665622574],[-81.19324556075561,26.6248972801532],[-81.1929036917325,26.6251243895367],[-81.1905400334415,26.6247857773396],[-81.1891725199977,26.6256941720223],[-81.1890796726531,26.626233031108],[-81.1884887525249,26.626148361713],[-81.1883030472044,26.6272260762619],[-81.1876192630875,26.6276802581768],[-81.1855510181461,26.6273838728355],[-81.1841834114083,26.6282921950244],[-81.184136970977,26.6285616203793],[-81.1843859971743,26.6288733927476],[-81.1846814643805,26.6289157391548],[-81.1861756663027,26.6307863503219],[-81.1861292307289,26.6310557745645],[-81.1871254036123,26.6323028304333],[-81.1870789701788,26.6325722538833],[-81.1867370547149,26.6327993378494],[-81.1863655673737,26.6349547142546],[-81.1853397817935,26.6356359504777],[-81.1851540169737,26.63671362898871],[-81.184812080123,26.6369407038421],[-81.1847191936104,26.6374795410093],[-81.1836933651953,26.6381607559127],[-81.1836004704175,26.63869959012751],[-81.1838959707477,26.63874193752361],[-81.1835708361998,26.6406278505073],[-81.1838198950401,26.6409396130366],[-81.1837734466994,26.6412090280921],[-81.1830895284866,26.64166316139371],[-81.1828572705993,26.6430102297803],[-81.1787535396502,26.6457349024201],[-81.1781959205795,26.6489677942906],[-81.1723816180605,26.6528273646717],[-81.1694262036109,26.6524035440877],[-81.1690841636098,26.6526305567522],[-81.1687886231483,26.6525881691155],[-81.1685395849154,26.6522763814713],[-81.1670618928742,26.6520644269148],[-81.1663148067148,26.6511290475012],[-81.1660192727309,26.6510866518248],[-81.1659727635925,26.6513560508174],[-81.1635784115437,26.652945038321],[-81.1635318938167,26.6532144347369],[-81.1607953744322,26.6550303412587]]},"properties":{"segment_id":"5eb95c25e9bde55c66a52d0f","source_kmz":"caloosahatchee","orientation":"unverified"}},{"type":"Feature","geometry":{"type":"LineString","coordinates":[[-81.789414759325,26.6996733361184],[-81.7911177016956,26.6985282682445]]},"properties":{"segment_id":"8bd4d9957a7ba6b163525f82","source_kmz":"caloosahatchee","orientation":"unverified"}},{"type":"Feature","geometry":{"type":"LineString","coordinates":[[-81.7985776157911,26.722989486011],[-81.7989342297405,26.7208325355829],[-81.7992748798987,26.7206035078068],[-81.799408602009,26.7197946465511],[-81.7997492468265,26.7195656165235],[-81.7998829628996,26.7187567521773],[-81.7996314666382,26.7184465397777],[-81.8001217443835,26.71548068428],[-81.799870256786,26.7151704694499],[-81.7999593958316,26.7146312196727],[-81.8003000188689,26.7144021843494],[-81.8008348156684,26.71116666208251],[-81.80058333805002,26.7108564450114],[-81.8006279032688,26.71058681649381],[-81.8003764280767,26.7102765983918],[-81.8004655589287,26.7097373403738],[-81.801146762004,26.7092792585225],[-81.8006438173008,26.7086588215277],[-81.8006883811998,26.7083891912307],[-81.80043691217561,26.7080789712569],[-81.8004814764206,26.7078093405855],[-81.8002300098226,26.7074991195806],[-81.8005419561285,26.7056116973415],[-81.8012231263321,26.7051536093977],[-81.8007202050527,26.7045331651944],[-81.8007647665898,26.704263531572],[-81.8005133092772,26.7039533079937],[-81.800780676411,26.7023355004977],[-81.800529224642,26.70202527518691],[-81.8007520260705,26.7006770951289],[-81.8005005792214,26.7003668682256],[-81.801181708374,26.6999087734383],[-81.8020697243717,26.7000305358379],[-81.8024102843741,26.6998014837274],[-81.8030022951799,26.6998826525593],[-81.803342852133,26.6996535973042],[-81.8071909413218,26.7001811001462]]},"properties":{"segment_id":"dedff38f01f8622353b78ff0","source_kmz":"caloosahatchee","orientation":"unverified"}},{"type":"Feature","geometry":{"type":"LineString","coordinates":[[-81.4981051583458,26.6531966058583],[-81.49776397858851,26.6534246949607],[-81.4977185001653,26.6536942384368],[-81.49737731743001,26.65392232593671],[-81.497240876918,26.6547309539564],[-81.49689968884181,26.6549590391907],[-81.496581309471,26.6568458273345],[-81.4970817725219,26.6574678223563],[-81.497673204787,26.6575507337969],[-81.4981736797512,26.6581727222752],[-81.4984693986713,26.6582141752336],[-81.4984239199285,26.6584837151825],[-81.4986741619028,26.658794707202],[-81.49956132660111,26.6589190590576],[-81.4998115739167,26.6592300479451],[-81.5004030208269,26.65931294346681],[-81.5003120739387,26.6598520230565],[-81.5005623266451,26.6601630092805],[-81.50033495754921,26.661510703433],[-81.5010857356831,26.6624436546811],[-81.50104026286141,26.6627131923857],[-81.5012905264491,26.6630241742197],[-81.5012450539599,26.6632937115489],[-81.5005626296394,26.66374989535212],[-81.49908393836,26.6635426552124],[-81.4984015006959,26.6639988245344],[-81.4982650538723,26.6648074296956],[-81.4979238287997,26.665035511456],[-81.4978783447773,26.6653050457073],[-81.4981286045011,26.6656160327371],[-81.4984243488133,26.6656574849072],[-81.49837886602201,26.6659270188792],[-81.49862912934,26.6662380041336],[-81.4985836468811,26.6665075377304],[-81.49908418014,26.6671295052967],[-81.49903869862912,26.6673990383787],[-81.4995392403081,26.6680210021148],[-81.4990389385463,26.6709858474059]]},"properties":{"segment_id":"f1548611d9dbde17f723ec42","source_kmz":"caloosahatchee","orientation":"unverified"}},{"type":"Feature","geometry":{"type":"LineString","coordinates":[[-81.45047892133832,26.6448527810881],[-81.4512290181033,26.645786137386],[-81.45113777943482,26.646325195676],[-81.4514334353716,26.6463667835001],[-81.453933898751,26.6494779032019],[-81.4542295667896,26.6495194827061],[-81.454479624187,26.6498305890477],[-81.45443401297821,26.650100116493],[-81.4621867022393,26.6597439685927],[-81.4621411097918,26.6600134914712],[-81.4623912258982,26.6603245691365],[-81.4626869350196,26.6603661233153],[-81.4644378063428,26.6625436368924],[-81.4643922194264,26.6628131585145],[-81.46464235170231,26.6631242281936],[-81.4649380714618,26.6631657756425],[-81.466689055975,26.6653432333167],[-81.4666434745906,26.6656127536827],[-81.46789423479152,26.6671680532751],[-81.4678486561971,26.667437572708],[-81.4680988142427,26.667748629825],[-81.4680532359795,26.66801814888281],[-81.4683033964367,26.668329204973],[-81.46821224028892,26.6688682421032],[-81.4687125690534,26.6694903510638],[-81.46866699178362,26.6697598689966],[-81.4689171594762,26.6700709220066],[-81.4688260053152,26.6706099568869],[-81.4690761760345,26.6709210087306],[-81.4690305991433,26.6711905256781],[-81.4695309472028,26.671812626425],[-81.4694853712577,26.6720821428581],[-81.4697355485979,26.6723931917612],[-81.469689972984,26.67266270781951],[-81.4699401527363,26.672973755696],[-81.4698945774536,26.6732432713794],[-81.4703949435794,26.67386536419181],[-81.47030379462281,26.6744043942949],[-81.4705539816113,26.6747154390914],[-81.4704628327498,26.6752544679741],[-81.47096321457852,26.6758765543481],[-81.4709176409521,26.6761460681576],[-81.4711678351773,26.6764571098745],[-81.4710766883036,26.6769961365087],[-81.47132688555611,26.6773071770597],[-81.4712813123087,26.6775766898845],[-81.4717817134358,26.6781987680462],[-81.4717361411347,26.678468280357],[-81.4719863450094,26.6787793179678],[-81.4718040554286,26.6798573643003],[-81.4720542635609,26.6801684004668],[-81.4718719719014,26.681246442477],[-81.4836338976193,26.6958641154715],[-81.4835883529153,26.696133618847],[-81.4843392508303,26.697066594857],[-81.4846350959736,26.6971080822667],[-81.48563632310102,26.6983520348695],[-81.4859321732588,26.6983935184429],[-81.4864327999783,26.699015487926],[-81.486728652785,26.6990569691591],[-81.4882305832028,26.7009228518316],[-81.4885264433896,26.7009643277321],[-81.4887767726034,26.7012753043249],[-81.4890726342565,26.7013167786333],[-81.4895733004454,26.7019387276615],[-81.4898691647475,26.7019801996296],[-81.4903698404963,26.7026021436136],[-81.4906657074475,26.7026436132413],[-81.4911663927564,26.703265552181],[-81.4914622623566,26.7033070194684],[-81.4919629572257,26.7039289533638],[-81.492258829475,26.7039704183107],[-81.4925091807904,26.7042813831798],[-81.493100928505,26.70436430904501],[-81.4936016412632,26.7049862331295],[-81.4938975179113,26.7050276932996],[-81.496401201459,26.70813725302022],[-81.4963556900482,26.7084067521734],[-81.4971068320391,26.7093396023767],[-81.497402725247,26.7093810520724],[-81.4979034979349,26.7100029462765],[-81.49785799022081,26.710272444597],[-81.498358771337,26.7108943349757],[-81.4983132645718,26.7111638327839],[-81.4985636584446,26.711474776504],[-81.4988595596496,26.7115162218065],[-81.49910995650441,26.7118271638914],[-81.4990644515877,26.7120966612833],[-81.4993603551584,26.7121381050894],[-81.4996107556116,26.71244904540042],[-81.49951974795941,26.7129880393944],[-81.4997701514441,26.713298978541],[-81.5000660594633,26.7133404201984],[-81.5003164659301,26.7136513577097],[-81.50061237541571,26.7136927977747],[-81.5008627848647,26.7140037336509],[-81.5011586958165,26.7140451721233],[-81.502410775965,26.7155998344587],[-81.5027066931151,26.7156412683457],[-81.5025247085251,26.7167192506146],[-81.5032759891509,26.7176520334635],[-81.513337583825,26.719060220014]]},"properties":{"segment_id":"b613fc1b10e655b5c7b9d963","source_kmz":"caloosahatchee","orientation":"unverified"}},{"type":"Feature","geometry":{"type":"LineString","coordinates":[[-81.9342353329895,26.7191668775364],[-81.9319675889254,26.7163778541002],[-81.9313753448877,26.7162974210967],[-81.9291077681718,26.7135083118383],[-81.9291519343324,26.7132386307902],[-81.9288999910122,26.7129287251585],[-81.9289441575243,26.7126590437359],[-81.9286922166353,26.7123491370711],[-81.9287805500876,26.7118097732428],[-81.9298013568744,26.711121396837],[-81.93098577229061,26.711282279794],[-81.9313260351037,26.7110528147081],[-81.9319182432091,26.7111332492397],[-81.9322585029642,26.7109037810118],[-81.9361078743252,26.7114265108749],[-81.9364481241254,26.7111970291841],[-81.93680125330401,26.7090395346463]]},"properties":{"segment_id":"5e1e0b943009005d43417513","source_kmz":"caloosahatchee","orientation":"unverified"}},{"type":"Feature","geometry":{"type":"LineString","coordinates":[[-81.9491305370144,26.7206368986343],[-81.9484500286458,26.7210959306395],[-81.9472654464738,26.7209352505877],[-81.9470134158888,26.72062539575071],[-81.9467172722105,26.7205852228728],[-81.9464652446075,26.7202753663911],[-81.94587296043031,26.7201950165959],[-81.9456209369867,26.71988515771771],[-81.944436376641,26.7197244449773],[-81.94418435971131,26.7194145821986],[-81.9438882214896,26.7193744011486],[-81.9433841953988,26.7187546714095],[-81.9435606911541,26.7176759383968],[-81.9425526706645,26.716436465958],[-81.9419604163919,26.7163560930443],[-81.9417084181353,26.7160462211992],[-81.9411161673172,26.7159658434012],[-81.9406121809265,26.7153460940255],[-81.9403160582845,26.7153059023549],[-81.9400640689731,26.7149960255763],[-81.9401964664895,26.7141869713844],[-81.9394405150261,26.713257334427],[-81.939484648863,26.7129876488067],[-81.9392326692777,26.712677767895],[-81.9392768034667,26.7124080819001],[-81.9380169357402,26.710858663249],[-81.9380610727896,26.7105889763167],[-81.93680125330401,26.7090395346463]]},"properties":{"segment_id":"41300eb5d06710fc5797233f","source_kmz":"caloosahatchee","orientation":"unverified"}},{"type":"Feature","geometry":{"type":"LineString","coordinates":[[-81.2614691733092,26.6136664726747],[-81.2716903643501,26.626441399977],[-81.2715980293439,26.6269803311782],[-81.2718473655502,26.627291895896],[-81.2715703572969,26.6289086829851],[-81.2702036286899,26.6298181294799],[-81.2696495243569,26.6330516620932],[-81.2689661208869,26.63350636968771],[-81.2684581295419,26.6364704039922],[-81.2689568357837,26.6370935299698],[-81.2692523722339,26.6371356355667],[-81.2704991751399,26.638693431288],[-81.27079471779652,26.63873553231131],[-81.2712934538799,26.6393586429108],[-81.2718845447904,26.6394428394435],[-81.2728820479489,26.6406890440506],[-81.2727897051714,26.6412279534628],[-81.27378724190152,26.6424741427922],[-81.2740827990523,26.6425162340193],[-81.2735287582847,26.6457496651272],[-81.2750251681841,26.6476189080715],[-81.2741017481599,26.6530078676289],[-81.2753488667118,26.6545655318413],[-81.2746562720285,26.6586071790975],[-81.276651828186,26.6610993791511],[-81.2759682401866,26.6615540947465],[-81.2750909084939,26.6666734046002],[-81.2763382416091,26.668230993768],[-81.2752761398859,26.6744279231693],[-81.2760246033845,26.6753624564899],[-81.2748700183319,26.6820980974477],[-81.2745281376664,26.6823254358754],[-81.2750271516646,26.6829484479596],[-81.274380506067,26.6867203340137],[-81.27463002430181,26.6870318367926],[-81.2743990688428,26.6883789270711],[-81.2748981168013,26.6890019285929],[-81.2724496117249,26.7032807089147]]},"properties":{"segment_id":"8d47b36d7966c6cf19335832","source_kmz":"caloosahatchee","orientation":"unverified"}},{"type":"Feature","geometry":{"type":"LineString","coordinates":[[-81.4554845624077,26.6403138282136],[-81.45480207821912,26.6407697436056],[-81.4545064397648,26.6407281646436],[-81.4544608334313,26.6409976993941],[-81.4534370882943,26.6416815591295],[-81.4528458067571,26.6415983928446],[-81.4521632985646,26.6420542892178],[-81.4521176842437,26.6423238218801],[-81.4510939049426,26.643007655906],[-81.4510482867929,26.6432771873363],[-81.4507070222529,26.6435051291361],[-81.45047892133832,26.6448527810881]]},"properties":{"segment_id":"1cf07cbe8f66dc72b6ab7dd4","source_kmz":"caloosahatchee","orientation":"unverified"}},{"type":"Feature","geometry":{"type":"LineString","coordinates":[[-81.34812104397912,26.6237765358334],[-81.34299898141431,26.6271906707774],[-81.3428151956505,26.6282686558856]]},"properties":{"segment_id":"1608df0c3172a26e49a78505","source_kmz":"caloosahatchee","orientation":"unverified"}},{"type":"Feature","geometry":{"type":"LineString","coordinates":[[-81.5324319627935,26.6596582966005],[-81.5453929932953,26.6509858674696]]},"properties":{"segment_id":"e747895df08c9f0bbf70bc78","source_kmz":"caloosahatchee","orientation":"unverified"}},{"type":"Feature","geometry":{"type":"LineString","coordinates":[[-81.3366021042438,26.618555124576],[-81.3420925216135,26.6254060923875],[-81.3420465737284,26.6256755900512],[-81.34229615939101,26.6259869873453],[-81.3422042639857,26.6265259816838],[-81.3427034431362,26.6271487730537],[-81.3425656015514,26.6279572619495],[-81.3428151956505,26.6282686558856]]},"properties":{"segment_id":"3750dd26862e3029c58b1279","source_kmz":"caloosahatchee","orientation":"unverified"}},{"type":"Feature","geometry":{"type":"LineString","coordinates":[[-81.438614259064,26.6326966000077],[-81.44011400266851,26.6345635428455],[-81.4400683548099,26.634833076238],[-81.440318318974,26.6351442301313],[-81.4402270236321,26.63568329592781],[-81.4407269598007,26.6363056004918],[-81.440681312931,26.6365751327559],[-81.4409312843219,26.6368862835667],[-81.4408856377819,26.63715581545471],[-81.44113561158181,26.637466965238],[-81.4410899653715,26.63773649675],[-81.4413399415803,26.6380476455058],[-81.4410660620371,26.6396648287803],[-81.4413160437235,26.639975975809],[-81.4412703967527,26.6402455053887],[-81.4474786958913,26.641119276024],[-81.45047892133832,26.6448527810881]]},"properties":{"segment_id":"a368b13988ca40c6ad78cc16","source_kmz":"caloosahatchee","orientation":"unverified"}},{"type":"Feature","geometry":{"type":"LineString","coordinates":[[-81.3602801930272,26.6128025955965],[-81.3490136032854,26.6203148746638],[-81.3484625004673,26.6235489166524],[-81.34812104397912,26.6237765358334]]},"properties":{"segment_id":"f4d870e3e41183b72e470b8d","source_kmz":"caloosahatchee","orientation":"unverified"}},{"type":"Feature","geometry":{"type":"LineString","coordinates":[[-81.3319596989151,26.6085115947828],[-81.33445477961091,26.6116259286082],[-81.3338572210526,26.6151294797796],[-81.3366021042438,26.618555124576]]},"properties":{"segment_id":"eed572764078fc53f0caeaf8","source_kmz":"caloosahatchee","orientation":"unverified"}},{"type":"Feature","geometry":{"type":"LineString","coordinates":[[-81.3238441446598,26.60818766379891],[-81.32418560348002,26.6079601136038],[-81.324776531562,26.6080440180285],[-81.3271666845628,26.6064511178491]]},"properties":{"segment_id":"78bd1ff8da73128397e364fe","source_kmz":"caloosahatchee","orientation":"unverified"}},{"type":"Feature","geometry":{"type":"LineString","coordinates":[[-81.3271666845628,26.6064511178491],[-81.3276656400566,26.6070740184873],[-81.3279611026184,26.6071159613629],[-81.3282105842366,26.6074274096058],[-81.3285060482666,26.6074693508919],[-81.3287555328598,26.6077807975017],[-81.329050998358,26.6078227371982],[-81.3293004859263,26.608134182175],[-81.3319596989151,26.6085115947828]]},"properties":{"segment_id":"d1a94518be5ab00666335556","source_kmz":"caloosahatchee","orientation":"unverified"}},{"type":"Feature","geometry":{"type":"LineString","coordinates":[[-81.34119144745272,26.6076130577742],[-81.3381186676511,26.6096614673888],[-81.3366021042438,26.618555124576]]},"properties":{"segment_id":"02ba52fcce4179f4cfa79c97","source_kmz":"caloosahatchee","orientation":"unverified"}},{"type":"Feature","geometry":{"type":"LineString","coordinates":[[-81.354519484949,26.6039819568126],[-81.3550186227566,26.6046047310133],[-81.3549727260856,26.6048742510753],[-81.3546313602541,26.605101904253],[-81.3543358916642,26.6050600367622],[-81.3536531534001,26.605515337419],[-81.3530622146324,26.6054315961489],[-81.3523794667523,26.6058868879546],[-81.3517885266823,26.6058031395528],[-81.35076438774871,26.6064860620749],[-81.3504689163089,26.60644418379],[-81.3501275324675,26.6066718211448],[-81.3439226853592,26.6057921626504],[-81.34119144745272,26.6076130577742]]},"properties":{"segment_id":"17bc018f0155e8a1b8ac5e72","source_kmz":"caloosahatchee","orientation":"unverified"}},{"type":"Feature","geometry":{"type":"LineString","coordinates":[[-81.5913682975796,26.6367080811056],[-81.592871400011,26.6385728012329],[-81.59253052748761,26.6388012102763],[-81.5924401754044,26.639340402841],[-81.5920992987243,26.6395688099527],[-81.5920541210812,26.6398384055506],[-81.5917132414241,26.6400668110615],[-81.5914873430927,26.6414147838606],[-81.59114645573942,26.6416431864472],[-81.5910109098271,26.6424519663056],[-81.5912614377321,26.6427627507669],[-81.5873747649959,26.6659468597582]]},"properties":{"segment_id":"8ba215da52576a7337b117df","source_kmz":"caloosahatchee","orientation":"unverified"}},{"type":"Feature","geometry":{"type":"LineString","coordinates":[[-81.7307588718206,26.6554764502325],[-81.730077719786,26.6559341454317],[-81.7297818986914,26.6558933492236],[-81.7297371410695,26.6561629911292],[-81.7293965605534,26.6563918355585],[-81.72917276237202,26.6577400399112],[-81.7288321741642,26.6579688814248],[-81.728742650584,26.6585081608607],[-81.7289937188108,26.6588185991602],[-81.7289489572239,26.6590882383846],[-81.7292000278715,26.6593986756525],[-81.7290657433019,26.6602075914923],[-81.7283845451159,26.6606652691982],[-81.7283397806783,26.6609349066823],[-81.7279991777071,26.6611637433036],[-81.7279544118122,26.66143338022311],[-81.7272731981137,26.6618910490024],[-81.7272284295829,26.6621606850279],[-81.7266367478255,26.6620790771075],[-81.7259555220863,26.6625367364006],[-81.725731654466,26.6638849087634],[-81.7253910330035,26.6641137348605],[-81.72525670555001,26.6649226344689],[-81.7249160787516,26.6651514583095],[-81.7248713011975,26.6654210907127]]},"properties":{"segment_id":"71697c7aac6867d6152c13b8","source_kmz":"caloosahatchee","orientation":"unverified"}},{"type":"Feature","geometry":{"type":"LineString","coordinates":[[-81.6859191469434,26.663074538971],[-81.68966698588571,26.660558792936],[-81.6899628039942,26.6605997023936],[-81.6903035052096,26.6603709896579],[-81.6903483877577,26.6601013680738],[-81.6906890859948,26.6598726537398],[-81.69073396708441,26.6596030315906],[-81.69175604746351,26.6589168799875],[-81.6918009247367,26.6586472566138],[-81.6921416134191,26.6584185365458],[-81.692186489234,26.658148912607],[-81.6935492212559,26.6572340183298],[-81.6935940920757,26.6569643928366],[-81.6970007844025,26.6546770650455],[-81.6970456431545,26.654407436019],[-81.6973863013134,26.654178695933],[-81.6974760156221,26.6536394365145],[-81.6972250753701,26.65332891756],[-81.69692927866181,26.6532880278235],[-81.6956746102805,26.6517354159452],[-81.695719471637,26.6514657851327],[-81.6967414165187,26.6507795680712]]},"properties":{"segment_id":"df8272707d3ae27104589549","source_kmz":"caloosahatchee","orientation":"unverified"}},{"type":"Feature","geometry":{"type":"LineString","coordinates":[[-81.36804497606362,26.604517514784],[-81.3679991199395,26.6047870406522],[-81.3676577886636,26.60501473656941],[-81.3671991999215,26.6077099788991],[-81.348764009822,26.6200034881994],[-81.34812104397912,26.6237765358334]]},"properties":{"segment_id":"dca941d61d4591a87f923a7f","source_kmz":"caloosahatchee","orientation":"unverified"}},{"type":"Feature","geometry":{"type":"LineString","coordinates":[[-81.3429767153715,26.6006894773689],[-81.3422939518745,26.6011447095152],[-81.34119144745272,26.6076130577742]]},"properties":{"segment_id":"cbc977932207cbd3f1153f06","source_kmz":"caloosahatchee","orientation":"unverified"}},{"type":"Feature","geometry":{"type":"LineString","coordinates":[[-81.9126381569929,26.7437994897179],[-81.9116302751781,26.7425598143444],[-81.9110378708359,26.7424792721502],[-81.9102819855001,26.741549501746],[-81.9052466532293,26.7408647182506],[-81.9022235147334,26.7371454030213],[-81.90133497738242,26.737024506457],[-81.90108306444182,26.73671455547],[-81.900786887055,26.7366742541732],[-81.90053497709762,26.7363643015427],[-81.8999426255084,26.7362836949102],[-81.8949048524911,26.7300844249729],[-81.8950376952933,26.7292754642613],[-81.8947858274699,26.7289654909807],[-81.8948743892106,26.728426182391],[-81.8946225244442,26.7281162079383],[-81.8947996471189,26.7270375873936],[-81.8951400678095,26.7268082510129],[-81.896689661651,26.7173701502539],[-81.901795137066,26.7139297808273],[-81.9026834379574,26.7140506817292],[-81.9037044786974,26.7133625652217],[-81.90374872393491,26.71309289481921],[-81.9044294063866,26.7126341434974],[-81.9044736489931,26.7123644722063],[-81.9047697449065,26.7124047659379],[-81.9052734574835,26.7130246937748],[-81.9052292170315,26.7132943648783],[-81.9055253164779,26.713334656355],[-81.9062059914142,26.7128758937722],[-81.90629446552802,26.7123365498354],[-81.9076557843324,26.7114190068628],[-81.9082307779641,26.7079132314425],[-81.9044531737342,26.7032637224112],[-81.9051337751612,26.7028049531481],[-81.9048819482054,26.7024949799626],[-81.90492618422,26.7022253003865],[-81.9006454125369,26.6969556173112],[-81.9006896589184,26.6966859351076],[-81.900437865675,26.6963759455781],[-81.901322747936,26.6909822495017],[-81.90166300957172,26.6907528673695],[-81.9017072496135,26.69048317977832],[-81.9012036937211,26.6898631933455],[-81.901247934739,26.6895935052381],[-81.9006559024952,26.6895128914977],[-81.8999005911184,26.6885829002227],[-81.899944835541,26.6883132116447],[-81.9009655945238,26.6876250694915],[-81.901142555334,26.6865463089039],[-81.9014828000146,26.6863169243438],[-81.9009792699592,26.6856969291716],[-81.9012004651443,26.6843484701149],[-81.9052831768573,26.681595751647],[-81.9055791679295,26.68163604675391],[-81.9076204226883,26.68025961353751],[-81.9085083862921,26.6803804769039],[-81.9089062971774,26.6779531793857]]},"properties":{"segment_id":"cee62937d185c9f4106f147a","source_kmz":"caloosahatchee","orientation":"unverified"}},{"type":"Feature","geometry":{"type":"LineString","coordinates":[[-81.93680125330401,26.7090395346463],[-81.9342817496412,26.7059405843574],[-81.933985662116,26.7059003736034],[-81.9332298497268,26.7049706688545],[-81.9329337660079,26.7049304549998],[-81.9326818333297,26.7046205508797],[-81.928536706633,26.7040574576622],[-81.9281964639237,26.704286918403],[-81.9276043061162,26.704206461118],[-81.9272640603496,26.7044359187169],[-81.9266719023895,26.7043554561755],[-81.9263316535657,26.7045849106324],[-81.9253240322468,26.7033452237634],[-81.9241397359568,26.7031842727591],[-81.9238878398451,26.7028743458033],[-81.92393201684251,26.702604658477],[-81.92368012316112,26.7022947304879],[-81.9237243005097,26.70202504278671],[-81.9234282312834,26.7019848016061],[-81.922924452939,26.7013649411648],[-81.9226283863421,26.7013246976357],[-81.92212461756661,26.7007048321206],[-81.92216879894991,26.7004351438085],[-81.9209094117067,26.6988854636962],[-81.9209977799124,26.6983460849609],[-81.9204940401457,26.6977262061042],[-81.9205824097561,26.6971868258689],[-81.9200786797091,26.6965669428781],[-81.9201228653541,26.6962972521273],[-81.9196191437736,26.6956773652841],[-81.9196633303962,26.6954076740173],[-81.9186559113812,26.6941678890555],[-81.91835987138131,26.694127632555],[-81.9171006440716,26.6925778775096],[-81.91714483695762,26.6923081848332],[-81.916137490073,26.6910683641651],[-81.9161816851886,26.6907986706904],[-81.915426195837,26.6898687953932],[-81.915766415728,26.689639366502],[-81.9158106112701,26.6893696720424],[-81.9155587851679,26.6890597122942],[-81.9152627640743,26.68901944639502],[-81.9150109409521,26.6887094850025],[-81.9150551383728,26.6884397901198],[-81.9140478664187,26.6871999350585],[-81.9140920660686,26.68693023937711],[-81.9133366329126,26.6860003382845],[-81.91338083416561,26.6857306419455],[-81.9130848254664,26.6856903694681],[-81.9128330198232,26.6853803997591],[-81.912921424558,26.6848410062824],[-81.9116624296448,26.683291142935],[-81.9117950440725,26.682482048845],[-81.911039674392,26.6815521188533],[-81.9101516952404,26.68143127745771],[-81.9093963523746,26.6805013326669],[-81.9094405630929,26.6802316336008],[-81.90918878636882,26.6799216500771],[-81.9094098389589,26.67857315052351],[-81.9089062971774,26.6779531793857]]},"properties":{"segment_id":"4e452644b62440499796c1ed","source_kmz":"caloosahatchee","orientation":"unverified"}},{"type":"Feature","geometry":{"type":"LineString","coordinates":[[-81.4932147554806,26.6229859461037],[-81.4934421342348,26.6216381130848],[-81.495829558479,26.620041410722],[-81.4961251461633,26.6200828750313],[-81.4968072499889,26.6196266610369],[-81.496852713369,26.6193570906414],[-81.4971937614085,26.6191289814055],[-81.4986716903613,26.6193362757312],[-81.4993537749061,26.6188800440535],[-81.50053611823941,26.6190458568157],[-81.5004906664793,26.6193154290679],[-81.5009909408597,26.6199374747572],[-81.5012865306583,26.6199789244386],[-81.50162756947472,26.619750801114],[-81.5069482231219,26.6204967342183]]},"properties":{"segment_id":"771c33134806bde3861ecab3","source_kmz":"caloosahatchee","orientation":"unverified"}},{"type":"Feature","geometry":{"type":"LineString","coordinates":[[-81.9231756377879,26.6832028558856],[-81.9204055571014,26.6797933828189],[-81.9198135740378,26.6797128754735],[-81.9180509254639,26.6775431440185],[-81.9177549425807,26.67750288381711],[-81.9175031440286,26.6771929178574],[-81.9172071625971,26.6771526560596],[-81.9167035732538,26.6765327199582],[-81.9158156376697,26.6764119249862],[-81.9155638492315,26.6761019533413],[-81.9149718959047,26.6760214176329],[-81.9146317274112,26.6762508531965],[-81.91315184578161,26.6760494944514],[-81.91290006793201,26.6757395160422],[-81.9081645117956,26.675095014109],[-81.9076609991537,26.6744750305622]]},"properties":{"segment_id":"d8769cbe80331d94699a79f9","source_kmz":"caloosahatchee","orientation":"unverified"}},{"type":"Feature","geometry":{"type":"LineString","coordinates":[[-81.9089062971774,26.6779531793857],[-81.9063886964187,26.6748532701287],[-81.9065213471978,26.6740441624971]]},"properties":{"segment_id":"122dd802641b0a65b5539fe5","source_kmz":"caloosahatchee","orientation":"unverified"}},{"type":"Feature","geometry":{"type":"LineString","coordinates":[[-81.9076609991537,26.6744750305622],[-81.9071574937212,26.673855043444],[-81.9068615285096,26.6738147518865],[-81.9065213471978,26.6740441624971]]},"properties":{"segment_id":"aa9030d288eb339605c67f04","source_kmz":"caloosahatchee","orientation":"unverified"}},{"type":"Feature","geometry":{"type":"LineString","coordinates":[[-81.3766234719752,26.5985551604211],[-81.3684321590219,26.6040202908226],[-81.3683863043646,26.6042898172608],[-81.36804497606362,26.604517514784]]},"properties":{"segment_id":"427b55f5cb943f1d259b6b31","source_kmz":"caloosahatchee","orientation":"unverified"}},{"type":"Feature","geometry":{"type":"LineString","coordinates":[[-81.3698280355967,26.5975934105926],[-81.3694154030691,26.6000191920303],[-81.3696650131698,26.6003305475659],[-81.3692065116138,26.6030258363716],[-81.368182542725,26.6037089357586],[-81.36804497606362,26.604517514784]]},"properties":{"segment_id":"c7180322e444845ed41fcfc8","source_kmz":"caloosahatchee","orientation":"unverified"}},{"type":"Feature","geometry":{"type":"LineString","coordinates":[[-81.3690792325583,26.5966593348704],[-81.3698280355967,26.5975934105926]]},"properties":{"segment_id":"46f19ef4a2fb3ed3b9b6dfcf","source_kmz":"caloosahatchee","orientation":"unverified"}},{"type":"Feature","geometry":{"type":"LineString","coordinates":[[-81.6934894719178,26.6412272724446],[-81.6934446089227,26.6414969105037],[-81.69242274742201,26.6421831141826],[-81.6917497159503,26.6462276419625]]},"properties":{"segment_id":"c641ef86ad18d09e3b48bab7","source_kmz":"caloosahatchee","orientation":"unverified"}},{"type":"Feature","geometry":{"type":"LineString","coordinates":[[-81.64971467132222,26.6442672292399],[-81.6524405666675,26.6424384553521],[-81.652980441254,26.6392030042259],[-81.6587723462845,26.6353165226327]]},"properties":{"segment_id":"9c2c3f912ee635d2a0365e32","source_kmz":"caloosahatchee","orientation":"unverified"}},{"type":"Feature","geometry":{"type":"LineString","coordinates":[[-81.6387092537591,26.6322569085236],[-81.6393006488088,26.6323390226383],[-81.6395513206419,26.63264970034592],[-81.6587723462845,26.6353165226327]]},"properties":{"segment_id":"5d2b098c7383ccb2fee6517a","source_kmz":"caloosahatchee","orientation":"unverified"}},{"type":"Feature","geometry":{"type":"LineString","coordinates":[[-81.3137050252092,26.5860437888684],[-81.3274230240214,26.6031750797603],[-81.326917209505,26.6061396662002],[-81.3271666845628,26.6064511178491]]},"properties":{"segment_id":"f834d539387b21c165fbf9f6","source_kmz":"caloosahatchee","orientation":"unverified"}},{"type":"Feature","geometry":{"type":"LineString","coordinates":[[-81.8812213289415,26.7654365688792],[-81.8826844679361,26.7565390057319],[-81.8823882312471,26.7564986545922],[-81.8816325313807,26.7555687152551],[-81.8817212023602,26.7550294601913],[-81.8814693072682,26.7547194783508],[-81.8815136429697,26.7544498503294],[-81.8812617503094,26.7541398674581],[-81.8813060863608,26.7538702390639],[-81.8810541961322,26.7535602551618],[-81.8811872045067,26.7527513681602],[-81.8804315502892,26.75182140985021],[-81.88047588774,26.7515517799642],[-81.8802240072376,26.7512417919387],[-81.8804900298953,26.7496240068839],[-81.8811711230917,26.7491654567999],[-81.881259790384,26.7486261919398],[-81.8819408716441,26.7481676354837],[-81.8822370795952,26.7482079888847],[-81.88173332724561,26.747588014323],[-81.8811409163353,26.7475073036697],[-81.880889045226,26.7471973135489],[-81.880296637779,26.7471165980116],[-81.8800447708326,26.7468066054964],[-81.8797485687026,26.7467662457084],[-81.8789929822302,26.7458362605605],[-81.8790373210972,26.7455666265227],[-81.87878546317592,26.7452566295511],[-81.878874141333,26.7447173604956],[-81.876859352957,26.7422373503991],[-81.8770367259879,26.7411588050127],[-81.8767848880668,26.7408487991804],[-81.8768735741758,26.7403095248064],[-81.8772140945965,26.74008025589],[-81.8772584360576,26.7398106180256],[-81.8775989534948,26.73958134751601],[-81.8779536658047,26.7374242335747],[-81.8777018354684,26.7371142265354],[-81.8779678618495,26.7354963804297],[-81.8777160370735,26.7351863716594],[-81.8780707284472,26.7330292293164],[-81.8774784206343,26.7329484944091],[-81.87647116903261,26.7317084399217],[-81.8765155085187,26.7314387957046],[-81.8760118947959,26.7308187628319],[-81.8760562352573,26.7305491181011],[-81.8742793717048,26.7303068671681],[-81.8735983904313,26.730765397826],[-81.8734653449076,26.73157432766761],[-81.8714223365685,26.7329498833626],[-81.8705338853861,26.7328287231143],[-81.8705782439485,26.7325590823125],[-81.8703264541977,26.7322490530248],[-81.87050388818561,26.731170486921],[-81.869748537267,26.7302403920294],[-81.8702808352151,26.7270046662404],[-81.8697772919724,26.7263845951606],[-81.8699547207804,26.7253060112968],[-81.86970295436751,26.7249959738592],[-81.8697916683641,26.72445668024431],[-81.8695399050064,26.7241466416348],[-81.8696286191484,26.7236073468044],[-81.8691251003471,26.72298726635041],[-81.8685328696153,26.7229064782819],[-81.8691095243015,26.71940103787511],[-81.868857778095,26.7190909929854],[-81.8689908474958,26.7182820391655],[-81.8677321529012,26.7167317992388],[-81.8679095874079,26.7156531880651],[-81.8676578564016,26.7153431368437],[-81.8678796464427,26.7139948669111],[-81.8676279203669,26.7136848140964],[-81.8676722781712,26.7134151592676],[-81.8671688326809,26.7127950506824],[-81.86730190818771,26.7119860839499],[-81.8657916262554,26.7101257342671],[-81.8658359879566,26.7098560773792],[-81.8640740787981,26.7076856278603],[-81.8622977181548,26.7074431565516],[-81.8617943459041,26.706823011077],[-81.8618387183654,26.7065533532529],[-81.8615426624835,26.7065129370021],[-81.8605359468326,26.7052726317855],[-81.8606246977297,26.7047333144984],[-81.8598696836744,26.7038030753799],[-81.8592775928385,26.7037222302009],[-81.8594551060275,26.7026435918801],[-81.8551770820943,26.6973720501797],[-81.8553546333531,26.6962933985522],[-81.8548513756711,26.695673199107],[-81.8545553602598,26.6956327617269],[-81.85430373530062,26.6953226599154],[-81.8543481251996,26.6950529960945],[-81.8538448819385,26.6944327895148],[-81.8541112230227,26.6928147999806],[-81.8544516169032,26.6925855731223],[-81.8546291673844,26.6915069074339],[-81.854377554152,26.6911968020097],[-81.8545107159837,26.6903877998602],[-81.8548510992646,26.6901585700499],[-81.8554430932074,26.6902394435988],[-81.8568046033092,26.6893225041859],[-81.8585805767788,26.6895650820364],[-81.8589209460497,26.6893358383869],[-81.8584177032627,26.6887156433613],[-81.8585508235282,26.6879066301062],[-81.8588911863582,26.687677385427],[-81.8591574123609,26.6860593506193],[-81.8594977663234,26.6858301027054],[-81.85985270942962,26.6836727072079],[-81.8596011002549,26.6833626071832],[-81.8596898345173,26.68282325568221],[-81.8603705123807,26.6823647507146],[-81.8598672997258,26.681744549866],[-81.8599116653371,26.6814748728257],[-81.8593197271425,26.6813940225368],[-81.8590681264977,26.6810839191311],[-81.8597487939805,26.6806254158562],[-81.8597931593875,26.6803557379713],[-81.8600891250188,26.6803961623192],[-81.8602222168786,26.6795871269766],[-81.8605625425828,26.6793578711888],[-81.8606069048061,26.6790881919441],[-81.8590973405078,26.6772275640353],[-81.86162574417392,26.6618554109375]]},"properties":{"segment_id":"4028990e77e0beee28e7b48d","source_kmz":"caloosahatchee","orientation":"unverified"}},{"type":"Feature","geometry":{"type":"LineString","coordinates":[[-81.4490189839893,26.6087722027115],[-81.4497012466567,26.6083162817555],[-81.4523609872704,26.6086906208321],[-81.4527021103911,26.6084626499923],[-81.4553618684527,26.6088369122984],[-81.4557029842567,26.608608931733],[-81.4583627597611,26.6089831172681],[-81.4587038682477,26.6087551269772],[-81.4613636611895,26.6091292357408],[-81.461704762358,26.6089012357245],[-81.4643645727321,26.6092752677163],[-81.4647056665818,26.60904725797471],[-81.4673654943829,26.6094212131941],[-81.467706580913,26.6091931937275],[-81.4703664261361,26.60956707217411],[-81.4707075053459,26.60933904298251],[-81.4733673679856,26.6097128446558],[-81.4737084398743,26.6094848057393],[-81.4763683199255,26.6098585306389],[-81.4767093844925,26.6096304819978],[-81.47936928195,26.6100041301231],[-81.4797103391944,26.60977607175751],[-81.4862123937648,26.61068912555171],[-81.4868944758388,26.6102329636809],[-81.48719002579931,26.6102744545475],[-81.4875310635298,26.6100463707659]]},"properties":{"segment_id":"fa66d1d890c07184e69ceb7c","source_kmz":"caloosahatchee","orientation":"unverified"}},{"type":"Feature","geometry":{"type":"LineString","coordinates":[[-81.5651104791649,26.62007887035571],[-81.5648389663039,26.621696463974],[-81.5650893403404,26.6220073305233],[-81.5649535819587,26.6228161237227],[-81.565203959641,26.62312698896031],[-81.5650682005752,26.6239357796127],[-81.5655689650279,26.62455750657511],[-81.5655237126759,26.6248271027055],[-81.5657740982133,26.625137964712],[-81.565683593898,26.6256771559833],[-81.5664347649877,26.6266097358225],[-81.5656202087675,26.6314624071866],[-81.5658706138236,26.63177326282201],[-81.5657801031788,26.6323124435289],[-81.5660305112648,26.6326232979939],[-81.5658494890628,26.6337016560143],[-81.5660999014124,26.6340125090276],[-81.565556815173,26.6372475587579],[-81.5660576600646,26.6378692587437],[-81.5658313683304,26.639217184703],[-81.56608179655541,26.6395280326598],[-81.5658555008644,26.6408759520217],[-81.5661059339705,26.6411867983871],[-81.5658796343224,26.6425347111525]]},"properties":{"segment_id":"f7ee6083c7cc2b99a1da11e9","source_kmz":"caloosahatchee","orientation":"unverified"}},{"type":"Feature","geometry":{"type":"LineString","coordinates":[[-81.9210017910532,26.6669157745396],[-81.92011394807102,26.6667950127172],[-81.9173929485487,26.6686306462186],[-81.9170836825535,26.6705186233225],[-81.916743541269,26.6707480695203],[-81.9166109910428,26.6715571980627],[-81.9159306960086,26.6720160846947],[-81.91588650969672,26.6722857930842],[-81.9155463582997,26.6725152341739],[-81.9154579824974,26.6730546495937],[-81.9151620161604,26.6730143814973],[-81.9148218599821,26.6732438197279],[-81.9145258932944,26.6732035498489],[-81.9141857346879,26.6734329858758],[-81.9138897676495,26.673392714214],[-81.9135496066146,26.6736221480372],[-81.9132536392255,26.6735818745927],[-81.9129134757624,26.6738113062122],[-81.9128250822377,26.6743507173263],[-81.9118045739748,26.6750390026242],[-81.9076609991537,26.6744750305622]]},"properties":{"segment_id":"4d167673dc76df32b5a6785a","source_kmz":"caloosahatchee","orientation":"unverified"}},{"type":"Feature","geometry":{"type":"LineString","coordinates":[[-81.4933966340798,26.6075581204559],[-81.4936467109894,26.6078691716689],[-81.4939422561218,26.607910643674],[-81.4936239851874,26.6097976869425],[-81.4941241553556,26.6104197832358],[-81.4937149405692,26.6128459621684],[-81.4942151289803,26.6134680523743],[-81.4940787226486,26.6142767735861],[-81.4943288213906,26.6145878169342]]},"properties":{"segment_id":"069eea8bd7b67e5744ae6afb","source_kmz":"caloosahatchee","orientation":"unverified"}},{"type":"Feature","geometry":{"type":"LineString","coordinates":[[-81.3211888184319,26.5829664196857],[-81.3334109284209,26.59822823484251],[-81.3327674558406,26.6020014325325],[-81.3324260430186,26.6022290148953],[-81.3320123418556,26.6046546144628],[-81.3316709166018,26.60488219255061],[-81.331303153341,26.60703826228241],[-81.3315526467431,26.6073497025943],[-81.3314607042904,26.607888717379],[-81.3319596989151,26.6085115947828]]},"properties":{"segment_id":"de166f75345965570461069c","source_kmz":"caloosahatchee","orientation":"unverified"}},{"type":"Feature","geometry":{"type":"LineString","coordinates":[[-81.8181133928741,26.6633477397721],[-81.8187941377196,26.6628894797021],[-81.8190900245031,26.6629300224915],[-81.8194303936011,26.6627008896178],[-81.8197262800381,26.66274143062431],[-81.8238105612688,26.6599917260597],[-81.8241064405011,26.6600322549627],[-81.8254678074584,26.6591156424804],[-81.8257636844734,26.659156166786],[-81.82610402108722,26.65892700956],[-81.8263998977556,26.6589675320829],[-81.8267402319451,26.6587383726518],[-81.8270361082668,26.6587788933919],[-81.8277167699964,26.6583205688528],[-81.8280126453477,26.658361086872],[-81.8283529728878,26.658131921764],[-81.8289447231735,26.6582129533926],[-81.8296253703571,26.65775461562322],[-81.82992124466791,26.6577951282944],[-81.8306018834011,26.6573367835813],[-81.8308977567415,26.6573772935317],[-81.8319186994647,26.6566897641464],[-81.83221457121081,26.6567302704377],[-81.8342564042954,26.6553551718346],[-81.8345522725761,26.6553956716526],[-81.8355731629376,26.654708102435],[-81.8358690296239,26.6547485985941],[-81.8362093221859,26.6545194053833],[-81.8368010551407,26.65460039329181],[-81.83782191828021,26.6539128004301],[-81.8390053800239,26.6540747548558],[-81.8393456616405,26.6538455509493],[-81.840529125314,26.6540074881107],[-81.8412096781545,26.6535490689929]]},"properties":{"segment_id":"591ae4916ff6ad0b4b9bfa14","source_kmz":"caloosahatchee","orientation":"unverified"}},{"type":"Feature","geometry":{"type":"LineString","coordinates":[[-81.7852960956253,26.6458831298029],[-81.78257289895882,26.6477153573357],[-81.7814580887692,26.6544570637708],[-81.7817093341352,26.6547673788175],[-81.7811741710758,26.6580033440122],[-81.7801528102441,26.65869037372],[-81.7806553179821,26.6593110014086],[-81.779897062956,26.6638952059188],[-81.7829123876021,26.6676188684116],[-81.7828677893361,26.6678885236945],[-81.7843472272306,26.6680917359048],[-81.7853524191158,26.66933291263941],[-81.7856483122399,26.66937354954611],[-81.7854699479696,26.6704521683314],[-81.7869778118332,26.6723138988098],[-81.7875696202544,26.6723951618357],[-81.7872291287801,26.6726241841033],[-81.7871845413776,26.6728938372267],[-81.7868440469242,26.6731228578981],[-81.7867994580659,26.6733925104579],[-81.7857779603661,26.67407956388161],[-81.785599588018,26.6751581678272],[-81.7852590804701,26.6753871817851],[-81.78521448551061,26.6756568318558],[-81.7831713953334,26.6770308870161],[-81.78312679302671,26.67730053487921],[-81.78388075129031,26.67823140215601],[-81.7835402271123,26.6784604084142],[-81.7834956252178,26.6787300552917],[-81.7831550980604,26.6789590599538],[-81.7830212871752,26.6797679981918],[-81.7826807546817,26.6799970006002],[-81.7826361493194,26.6802666458814],[-81.7822956138463,26.6804956466936],[-81.7821617925573,26.6813045801427],[-81.781821251748,26.6815335787013],[-81.7817766429176,26.6818032223862],[-81.7814360991286,26.6820322193487],[-81.781391488842,26.68230186247011],[-81.7810509420733,26.6825308578364],[-81.7809617183096,26.68307014271801],[-81.7806211673828,26.6832991361594],[-81.7808724934346,26.6836094266609],[-81.7805319401508,26.6838384194448],[-81.7804427118073,26.6843777017917],[-81.7797615951219,26.6848356822425],[-81.7797169781763,26.6851053224065],[-81.7793764159531,26.6853343104021],[-81.779331797551,26.6856039500028],[-81.7789912323479,26.6858329364022],[-81.778901992353,26.6863722142423],[-81.77856142299142,26.6866011987169],[-81.7784721795277,26.6871404749612],[-81.7781316060075,26.6873694575109],[-81.77804235907482,26.6879087321594],[-81.7777017813959,26.6881377127843],[-81.777657156334,26.688407349428],[-81.776635408953,26.689094282712],[-81.7765907800771,26.6893639181351],[-81.7770934403029,26.6899845065131],[-81.7770488123946,26.6902541414207],[-81.7775514810721,26.6908747259544]]},"properties":{"segment_id":"42dbd8a5003d334e7992dfe0","source_kmz":"caloosahatchee","orientation":"unverified"}},{"type":"Feature","geometry":{"type":"LineString","coordinates":[[-81.83331998796,26.6775635959797],[-81.8646282313896,26.6564747119087],[-81.8678829957581,26.6569192138661]]},"properties":{"segment_id":"236b7df10b5177b61003a506","source_kmz":"caloosahatchee","orientation":"unverified"}},{"type":"Feature","geometry":{"type":"LineString","coordinates":[[-81.4933056954393,26.6045097969096],[-81.4938058328129,26.6051319045365],[-81.4933966340798,26.6075581204559]]},"properties":{"segment_id":"a6ebfcbc81b5fa829406ed67","source_kmz":"caloosahatchee","orientation":"unverified"}},{"type":"Feature","geometry":{"type":"LineString","coordinates":[[-81.6587723462845,26.6353165226327],[-81.6649043852965,26.631201024717],[-81.6652000914784,26.6312420080045],[-81.6655407426145,26.631013356237],[-81.6667235676621,26.6311772771924],[-81.6670642145238,26.63094862040141],[-81.6679513343885,26.6310715494401],[-81.6682919775948,26.6308428885642],[-81.6691790981187,26.6309658071911],[-81.6695197376695,26.63073714223052],[-81.6701111515118,26.6308190818845],[-81.67147368678322,26.6299044018438],[-81.6717693916466,26.6299453666504],[-81.6727912723659,26.6292593404803],[-81.674565496269,26.6295050947015]]},"properties":{"segment_id":"cb3efef0cbbd5e3db7efd006","source_kmz":"caloosahatchee","orientation":"unverified"}},{"type":"Feature","geometry":{"type":"LineString","coordinates":[[-81.6644667475311,26.6283817218045],[-81.6648073893584,26.6281530704876],[-81.6656944774033,26.628276019759],[-81.6660351155756,26.6280473643573],[-81.6743147080168,26.6291944983216],[-81.674565496269,26.6295050947015]]},"properties":{"segment_id":"77d6280341791f9eb8864b50","source_kmz":"caloosahatchee","orientation":"unverified"}},{"type":"Feature","geometry":{"type":"LineString","coordinates":[[-81.88046902626272,26.6889678250935],[-81.8801730218226,26.68892745960491],[-81.8799213246056,26.6886174134359],[-81.87962532161882,26.688577046351],[-81.8793736273818,26.6882669985384],[-81.8795065511472,26.6874579574831],[-81.8792548605886,26.6871479083555],[-81.8792991685836,26.6868782273941],[-81.878544109599,26.6859480742348],[-81.8782481163798,26.6859077029224],[-81.8782924268758,26.6856380213972],[-81.8780407459551,26.6853279676673],[-81.8780850568003,26.6850582857667],[-81.8778333783073,26.6847482310036],[-81.8780106214288,26.683669500493],[-81.8777589472389,26.6833594442736],[-81.8778032579544,26.6830897609188],[-81.8775515861922,26.6827797036662],[-81.8779060669812,26.6806222272587],[-81.8782463499292,26.6803929144749],[-81.8783792721398,26.679583855969],[-81.8787195497542,26.67935454093511],[-81.8787638554286,26.6790848539695],[-81.8785121918665,26.6787747953525],[-81.8786008036378,26.6782354204355],[-81.8789410753668,26.6780061037617],[-81.8792370419002,26.6780464740535],[-81.8809383703872,26.6768998670018],[-81.8812484471527,26.6750120329745],[-81.8807451277107,26.6743919193473],[-81.8821182010797,26.6660313645608],[-81.884159460862,26.6646553268435],[-81.8850472317176,26.6647763955547],[-81.8860678316602,26.6640883511614],[-81.8861121066438,26.6638186488576],[-81.8858604611344,26.6635085939274],[-81.8860375608119,26.6624297817991],[-81.8855342801986,26.6618096681289],[-81.885667105812,26.6610005557187],[-81.8863474746323,26.6605418515352],[-81.8863917469323,26.6602721462726],[-81.887412283122,26.6595840795172],[-81.8888918235416,26.6597858133605],[-81.88923199554301,26.6595564505535],[-81.8904156303399,26.659717818673],[-81.8907557980393,26.6594884508483],[-81.8922353446111,26.6596901373038],[-81.8929156683533,26.6592313884769],[-81.8932115772441,26.6592717213582],[-81.8938918925297,26.6588129655915]]},"properties":{"segment_id":"463ab6c16a6aaf1d534cdf3a","source_kmz":"caloosahatchee","orientation":"unverified"}},{"type":"Feature","geometry":{"type":"LineString","coordinates":[[-81.8718325301407,26.6549766871223],[-81.8723356729603,26.6555968795074]]},"properties":{"segment_id":"a6d454309e506a9430063de1","source_kmz":"caloosahatchee","orientation":"unverified"}},{"type":"Feature","geometry":{"type":"LineString","coordinates":[[-81.8412096781545,26.6535490689929],[-81.8415055435166,26.6535895492959],[-81.8418458166119,26.6533603368989],[-81.8421416816266,26.6534008154192],[-81.8431624882368,26.6527131678138],[-81.8432068909862,26.652443474644],[-81.8443903427219,26.6526053686492],[-81.8447306043181,26.6523761461666],[-81.8506479168583,26.6531853947521],[-81.8509881641739,26.6529561522419],[-81.8512840320787,26.6529966048658],[-81.8523047613486,26.6523088669216],[-81.85437583131271,26.6525919919442],[-81.8546273324026,26.6529021328973],[-81.85492320182212,26.6529425752],[-81.8548788352933,26.653212272958],[-81.8556333547709,26.65414268778491],[-81.8692438504094,26.6560020214232]]},"properties":{"segment_id":"e30c2207121ab9534757302f","source_kmz":"caloosahatchee","orientation":"unverified"}},{"type":"Feature","geometry":{"type":"LineString","coordinates":[[-81.4905550681945,26.60108814142],[-81.4933056954393,26.6045097969096]]},"properties":{"segment_id":"df06f9e82671dfaf44ffb2da","source_kmz":"caloosahatchee","orientation":"unverified"}},{"type":"Feature","geometry":{"type":"LineString","coordinates":[[-81.5850794564306,26.6038264748009],[-81.6051791932767,26.6066270449227]]},"properties":{"segment_id":"7996270e832b603e14b28dd5","source_kmz":"caloosahatchee","orientation":"unverified"}},{"type":"Feature","geometry":{"type":"LineString","coordinates":[[-81.4984881219156,26.5917146982405],[-81.4980791175413,26.5941410296354],[-81.4977381701284,26.594369158761],[-81.4973291322435,26.59679546799561],[-81.4969881724183,26.59702359286],[-81.4965791010195,26.5994498799381],[-81.4962381287812,26.5996780005413],[-81.4958290238654,26.6021042654665],[-81.4954880392131,26.602332381809],[-81.49535166227892,26.6031411315296],[-81.4933056954393,26.6045097969096]]},"properties":{"segment_id":"f9a20dadb821616598365091","source_kmz":"caloosahatchee","orientation":"unverified"}},{"type":"Feature","geometry":{"type":"LineString","coordinates":[[-81.5838275083456,26.602272289143],[-81.5850794564306,26.6038264748009]]},"properties":{"segment_id":"5bf70c48947453f7a848bff1","source_kmz":"caloosahatchee","orientation":"unverified"}},{"type":"Feature","geometry":{"type":"LineString","coordinates":[[-81.630916597189,26.6082758976866],[-81.628709278673,26.6214878585102],[-81.6294610914934,26.6224199954851],[-81.629190772471,26.6240377451228],[-81.6294413840473,26.624348454821],[-81.6289007231432,26.6275839269256],[-81.6300834319884,26.6277482653767],[-81.6303340574958,26.6280589694962],[-81.632699498074,26.6283875998985],[-81.63545660102201,26.6318052205507],[-81.6387092537591,26.6322569085236]]},"properties":{"segment_id":"b7f9c749eda81c9b8e92e6c4","source_kmz":"caloosahatchee","orientation":"unverified"}},{"type":"Feature","geometry":{"type":"LineString","coordinates":[[-81.7581447892348,26.6253241886257],[-81.7601534588513,26.6278073485421],[-81.760108810249,26.6280770259932],[-81.7603599026666,26.6283874168284],[-81.7599134075742,26.6310841769674],[-81.76694489966671,26.6397747187148],[-81.7668556321261,26.6403140599956],[-81.7671067841748,26.6406244232753],[-81.76701751676651,26.6411637633318],[-81.76726867185822,26.6414741254373],[-81.7671347705274,26.6422831333328],[-81.76738592928402,26.6425934941227],[-81.7672966615846,26.6431328312604],[-81.7675478233843,26.6434431908761],[-81.7674585558172,26.6439825267898],[-81.7677097206601,26.6442928852314],[-81.7675311846793,26.64537155367],[-81.7648076284378,26.6472033198838],[-81.7645118208206,26.6471626211633],[-81.7621899116541,26.6611848265138],[-81.762943504593,26.662115889656],[-81.7628988469921,26.6623855407977],[-81.7625583296437,26.6626144893093],[-81.7622010494011,26.6647716873495],[-81.7608389243029,26.66568745818631],[-81.7607942583083,26.6659571055674],[-81.7602025190253,26.6658756890409],[-81.7597001197671,26.665254974893],[-81.7594042528994,26.66521426386261],[-81.7591530571489,26.6649039047018],[-81.7585613266044,26.6648224786073],[-81.7583101350107,26.66451211705481],[-81.7580142713339,26.6644714019907],[-81.7577630827187,26.66416103879701],[-81.7571713585562,26.6640796046351],[-81.7569201740977,26.6637692390498],[-81.756032593475,26.6636470792232],[-81.7557814143515,26.6633367104962],[-81.75441924394832,26.66425240137241],[-81.7535316619021,26.6641302204328],[-81.7531911129355,26.6643591371666],[-81.75289525218811,26.6643184075594],[-81.7518735926219,26.6650051473383],[-81.7517395111237,26.6658140788904],[-81.7507178247507,26.6665008042962],[-81.75067312682621,26.6667704466893],[-81.75092429760201,26.6670808245573],[-81.7508349021616,26.6676201083571],[-81.7487914562575,26.6689935226685],[-81.74865733979671,26.6698024406806],[-81.7479761696886,26.6702602333332],[-81.7476802912351,26.6702194896429],[-81.7473397028588,26.6704483831288],[-81.7467479455433,26.6703668913375],[-81.7460667609027,26.670824670751],[-81.7457708814191,26.6707839217113],[-81.7454302857767,26.6710128085775],[-81.74513440594981,26.6709720577548],[-81.744883244639,26.6706616695258],[-81.7445873662692,26.6706209171085],[-81.7443362079373,26.6703105272386],[-81.7437444543903,26.6702290183704],[-81.7434038555746,26.670457898995],[-81.7431079785971,26.6704171423556],[-81.7430632549586,26.67068677835171],[-81.7424715000388,26.670605262351],[-81.7417902909194,26.6710630135058],[-81.74031090227771,26.6708591993398],[-81.7399702919095,26.6710880683217],[-81.7390826602022,26.670965766873],[-81.7388315205995,26.6706553640634],[-81.7376480202711,26.670492280643],[-81.7362855456212,26.6714077151689],[-81.7358828270692,26.6738343972036]]},"properties":{"segment_id":"bf345aa781643bcecdf54f50","source_kmz":"caloosahatchee","orientation":"unverified"}},{"type":"Feature","geometry":{"type":"LineString","coordinates":[[-81.5643176309686,26.5959625406425],[-81.5648182284591,26.5965843230445],[-81.5651137690846,26.5966255945362],[-81.56479708886222,26.5985129181922],[-81.5657983273543,26.5997564653689],[-81.5838275083456,26.602272289143]]},"properties":{"segment_id":"e43bdbd4b1f099ebc8f52f31","source_kmz":"caloosahatchee","orientation":"unverified"}},{"type":"Feature","geometry":{"type":"LineString","coordinates":[[-81.447534628989,26.5782042306008],[-81.4485339506096,26.5794489793193],[-81.4523745193109,26.5799897590299],[-81.4538736475703,26.5818567971543],[-81.4544645227042,26.5819399724156],[-81.4552141181215,26.5828734749975],[-81.4561004435674,26.5829982248382],[-81.4563503158329,26.583309388346],[-81.4566457593948,26.5833509691923],[-81.4568956346336,26.5836621310641],[-81.4675318340019,26.5851584530088],[-81.4875310635298,26.6100463707659]]},"properties":{"segment_id":"23f27bc379697058503e2628","source_kmz":"caloosahatchee","orientation":"unverified"}},{"type":"Feature","geometry":{"type":"LineString","coordinates":[[-81.8238190592129,26.632414758862],[-81.8255202248342,26.6312689007148],[-81.8256091179,26.63072949478232],[-81.8264964591932,26.63085107422332],[-81.82674779738221,26.6311613024735],[-81.8273393619805,26.6312423497112],[-81.8276795847905,26.6310131683244],[-81.83034163356692,26.6313778306593],[-81.8306818489683,26.6311486395644],[-81.8315692016693,26.6312701756646],[-81.8318205592344,26.6315803912942],[-81.8324121314373,26.6316614096378],[-81.8349258296027,26.6347635018268],[-81.8352216278832,26.6348040022244],[-81.8355618438288,26.6345747975366],[-81.8370408362617,26.6347772821696],[-81.8398061958579,26.6381894242332],[-81.8395841629433,26.6395379376288],[-81.83983557318831,26.6398481262979],[-81.8395691283093,26.6414663337593],[-81.8398205440961,26.6417765206858],[-81.839642911142,26.6428553203891],[-81.8401457531056,26.6434756904316],[-81.8400125292289,26.6442847868898],[-81.8402639547822,26.6445949701474],[-81.8401751387294,26.6451343663272],[-81.8406779977317,26.6457547295987],[-81.8405003672979,26.6468335180038],[-81.8407518019946,26.6471436977346],[-81.840574169632,26.64822248181151],[-81.8408256086241,26.6485326600838],[-81.8406923833201,26.6493417452482],[-81.8409438259841,26.6496519222036],[-81.8408550089799,26.6501913108548],[-81.8418608026317,26.6514320086202],[-81.8417719895119,26.6519713951993],[-81.841431721677,26.6522006083014],[-81.8408400007859,26.6521196460979],[-81.8407067700999,26.6529287226564],[-81.8412096781545,26.6535490689929]]},"properties":{"segment_id":"862cca37fbabca269ad83e09","source_kmz":"caloosahatchee","orientation":"unverified"}},{"type":"Feature","geometry":{"type":"LineString","coordinates":[[-81.4411722608423,26.5764799336552],[-81.4416718624701,26.5771023435214],[-81.4419672778443,26.5771439667773],[-81.44221708252752,26.5774551696303],[-81.447534628989,26.5782042306008]]},"properties":{"segment_id":"de24aa3dee13ef5b47127b5f","source_kmz":"caloosahatchee","orientation":"unverified"}},{"type":"Feature","geometry":{"type":"LineString","coordinates":[[-81.5597913272265,26.5922949687758],[-81.5602918710803,26.5929167797326],[-81.5608829232998,26.5929993484595],[-81.5613834790488,26.593621152864],[-81.5613382298285,26.593890772035],[-81.5616337596157,26.5939320537316],[-81.5621343261344,26.5945538527975],[-81.5624298585608,26.5945951321538],[-81.5634310178539,26.5958387166154],[-81.5643176309686,26.5959625406425]]},"properties":{"segment_id":"02be638524eedd8ea29e1d66","source_kmz":"caloosahatchee","orientation":"unverified"}},{"type":"Feature","geometry":{"type":"LineString","coordinates":[[-81.4648984541383,26.575680283585],[-81.4647162931668,26.5767586483978],[-81.4649661783676,26.5770697970314],[-81.4646252109822,26.577297829382],[-81.46453412766502,26.5778370094182],[-81.4635112076715,26.5785210968434],[-81.463465662049,26.5787906855079],[-81.4687136565876,26.5853246435406],[-81.4731455316263,26.5859477378656],[-81.4738953627882,26.5868810948067],[-81.4741908269281,26.5869226254392],[-81.4779402425843,26.591589278951],[-81.4782357247055,26.5916307975257],[-81.47973561105852,26.593497398455],[-81.4820995348518,26.5938294808028],[-81.4918507386833,26.605961373726],[-81.4921462764519,26.6060028510617],[-81.4933966340798,26.6075581204559]]},"properties":{"segment_id":"814b77cec5d66247f52985ed","source_kmz":"caloosahatchee","orientation":"unverified"}},{"type":"Feature","geometry":{"type":"LineString","coordinates":[[-81.5726766665835,26.5894033798505],[-81.5734275986217,26.5903360101119],[-81.5732919676202,26.5911448905336],[-81.5737926016516,26.5917666387425],[-81.5736569718173,26.5925755161863],[-81.5739525029841,26.5926167630949],[-81.5736117613101,26.5928451415278],[-81.57302069802492,26.5927626449899],[-81.5716577084478,26.5936761385098],[-81.5716124911494,26.5939457620981],[-81.5712717380887,26.5941741319708],[-81.5710908613676,26.5952526226322],[-81.5715915033337,26.5958743737998],[-81.5714106270432,26.5969528595461],[-81.5719112811207,26.5975746060234],[-81.5716851855928,26.5989227064723],[-81.5721858530152,26.5995444479771],[-81.582825982198,26.60102892459872],[-81.5838275083456,26.602272289143]]},"properties":{"segment_id":"03c57fb4847a89299ad2b81d","source_kmz":"caloosahatchee","orientation":"unverified"}},{"type":"Feature","geometry":{"type":"LineString","coordinates":[[-81.5351243987805,26.58249870905111],[-81.5358748670773,26.5834316291995],[-81.5358295438598,26.5837012454795],[-81.5361250267647,26.5837426008031],[-81.5373758521155,26.5852974454774],[-81.5376713411972,26.585338796217],[-81.5381716862556,26.5859607263633],[-81.5387626699803,26.58604342231972],[-81.5400135758178,26.58759822463641],[-81.54060457245971,26.5876809097374],[-81.5416053388618,26.5889247295931],[-81.5419008423214,26.5889660678857],[-81.543151846596,26.5905208189489],[-81.5443338868329,26.5906861487208],[-81.5446746971235,26.5904578646015],[-81.5452657177012,26.5905405225491],[-81.5457661472485,26.5911624065552],[-81.546061660318,26.59120373276731],[-81.5458804762126,26.5922821891737],[-81.5466311449186,26.59321500457011],[-81.5478132285197,26.593380293529],[-81.5498151284371,26.5958677381678],[-81.5507017223937,26.59599167807182],[-81.5514524750902,26.596924448399],[-81.5538167663314,26.5972548997353],[-81.554839194371,26.5965699639105],[-81.5551347301956,26.5966112637154],[-81.5553849969858,26.59692217682282],[-81.555680534271,26.5969634750357],[-81.5555899965893,26.5975027028089],[-81.55759221482111,26.5999899673954],[-81.5593655118116,26.6002377041806],[-81.5597063200659,26.6000093773877],[-81.5602974200826,26.60009194769],[-81.5605477154356,26.600402845166],[-81.5608885212253,26.600174514618],[-81.561479623494,26.6002570781717],[-81.5622305290875,26.6011897589504],[-81.5628216395565,26.6012723146395],[-81.5635032441986,26.6008156385791],[-81.5850794564306,26.6038264748009]]},"properties":{"segment_id":"c86f2b8ca8c834512a7f6153","source_kmz":"caloosahatchee","orientation":"unverified"}},{"type":"Feature","geometry":{"type":"LineString","coordinates":[[-81.4103240254444,26.5621913866211],[-81.41456828640361,26.5674832408521],[-81.42136185887252,26.5684421583198],[-81.4236092745059,26.5712434696254],[-81.4306986346953,26.5722434422748],[-81.4311981367496,26.572865910262],[-81.4323797221134,26.5730325191779],[-81.4326294805493,26.57334374885],[-81.4329248787796,26.57338539822401],[-81.4331746401882,26.5736966262604],[-81.4361286498947,26.5741130661549],[-81.4363784248959,26.5744242858304],[-81.4366738286068,26.57446592443531],[-81.4369236065807,26.5747771424752],[-81.4401730791001,26.5752351032609],[-81.4411722608423,26.5764799336552]]},"properties":{"segment_id":"ddc39b63f0ab0d18adaaf145","source_kmz":"caloosahatchee","orientation":"unverified"}},{"type":"Feature","geometry":{"type":"LineString","coordinates":[[-81.677670744588,26.5926921420749],[-81.6781721357569,26.5933133853647],[-81.6784677189808,26.5933543356307],[-81.6783779488116,26.5938936754785],[-81.6793807623665,26.5951361472308],[-81.6791114600131,26.5967541576981],[-81.6796128849971,26.5973753865246],[-81.6792538094607,26.5995327183147],[-81.6795045295998,26.5998433302568],[-81.6794596445203,26.6001129955258],[-81.6797552515355,26.6001539413077],[-81.6791268436778,26.6039292315954],[-81.679628310274,26.6045504470554],[-81.6793589832947,26.6061684127377],[-81.679860464508,26.60678962293341],[-81.679815576939,26.6070592827707],[-81.6810693145139,26.6086122919587],[-81.6819562256307,26.6087351099578],[-81.6864701164905,26.6143257181239],[-81.6867657752881,26.614366642279],[-81.6870165652537,26.6146772224075],[-81.6879035468551,26.6147999875609],[-81.6881543421514,26.6151105645499],[-81.6887456669706,26.6151924022669],[-81.68899646642001,26.6155029768659],[-81.6895877947114,26.6155848097081],[-81.6898385983138,26.6158953819171],[-81.690725596378,26.6160181226024],[-81.6924812966575,26.61819208737681],[-81.6924364424497,26.6184617434875],[-81.69293808851772,26.6190828679781],[-81.6926689648458,26.6207007979915],[-81.69317062554032,26.621321917221],[-81.6931257718575,26.6215915711149],[-81.693376605521,26.6219021292517],[-81.6931971904774,26.6229807419036],[-81.6936988681552,26.6236018543734],[-81.693654014936,26.623871506664],[-81.6939048570913,26.6241820614211],[-81.6936357356332,26.6257999693657],[-81.6932951791339,26.6260287165014],[-81.6930708976856,26.62737696498751],[-81.6923897675126,26.627834452151],[-81.69234490802921,26.6281041004806],[-81.6925957577448,26.6284146544758],[-81.6928914675021,26.6284555595331],[-81.6927568919333,26.6292645029672],[-81.6972725489589,26.6348543014302],[-81.6971380043529,26.6356632351183],[-81.6973888931303,26.6359737705912],[-81.6972991965707,26.6365130582564],[-81.6975500883865,26.6368235925563],[-81.6973258452028,26.638171806891],[-81.6952822459251,26.6395442924993],[-81.6949864971947,26.6395033955748],[-81.69362405922772,26.6404183568541],[-81.6934894719178,26.6412272724446]]},"properties":{"segment_id":"454bb78112ad5e2857defa32","source_kmz":"caloosahatchee","orientation":"unverified"}},{"type":"Feature","geometry":{"type":"LineString","coordinates":[[-81.71234516278871,26.59693840933531],[-81.7130976617182,26.5978700107129],[-81.71264985354271,26.6005668132187],[-81.7131515408781,26.60118787350701],[-81.71194235310742,26.6084691146764],[-81.7136984325675,26.6106427708002],[-81.7132953638969,26.613069804025],[-81.7135462451616,26.6133803214876],[-81.7130983708095,26.61607700124121],[-81.7120769646539,26.6167634495068],[-81.7116738221131,26.6191904322031],[-81.7121756102556,26.6198114627224],[-81.7119516386228,26.621159776773],[-81.7112706569934,26.6216173957969],[-81.7111362636024,26.6224263794171],[-81.7107957665577,26.6226551860361],[-81.7107509670254,26.6229248464411],[-81.71041046700512,26.6231536514616],[-81.7103656660162,26.6234233113008],[-81.7100251630202,26.6236521147227],[-81.7098011480047,26.6250004087318],[-81.7094606373217,26.6252292092349],[-81.70857351846432,26.6251066313962],[-81.7075519700458,26.6257930168493],[-81.7075071587978,26.6260626733405],[-81.7068261151731,26.6265202566401],[-81.7067364871289,26.6270595675951],[-81.7050338348221,26.6282035003447],[-81.7049441938829,26.6287428070562],[-81.7046036556713,26.6289715891405],[-81.7044691886364,26.6297805464498],[-81.7047200866533,26.6300910697102],[-81.7046304418088,26.63063037312221],[-81.7048813428642,26.6309408952091],[-81.7041193271752,26.6355249337537],[-81.6956046115598,26.641243922498],[-81.6938300876426,26.6409985350177],[-81.6934894719178,26.6412272724446]]},"properties":{"segment_id":"96f36d53c0293424b8ff8464","source_kmz":"caloosahatchee","orientation":"unverified"}},{"type":"Feature","geometry":{"type":"LineString","coordinates":[[-81.4495441492734,26.5591664987751],[-81.4488622723818,26.5596224856118],[-81.4487255278467,26.5604312773454],[-81.4483845831743,26.5606592678566],[-81.4482934163753,26.5611984604929],[-81.4479524675517,26.5614264490661],[-81.4477245396981,26.5627744248387],[-81.4479743236533,26.56308562724511],[-81.447791978721,26.5641640030261],[-81.4474510169225,26.5643919879356],[-81.4477008045545,26.5647031894931],[-81.4475640411795,26.5655119674142],[-81.4472230734831,26.5657399506585],[-81.44708630401871,26.5665487254454],[-81.446745330991,26.5667767064187],[-81.4469951229588,26.5670879074506],[-81.4469495320036,26.5673574980973],[-81.4445626583937,26.5689533312063],[-81.4444258590539,26.5697620947302],[-81.44237987624331,26.57112989608021],[-81.4418781789664,26.5740953220963],[-81.4415371625786,26.5743232808732],[-81.4411722608423,26.5764799336552]]},"properties":{"segment_id":"444bc5e37cb2d71ec76377ab","source_kmz":"caloosahatchee","orientation":"unverified"}},{"type":"Feature","geometry":{"type":"LineString","coordinates":[[-81.5956412824914,26.57687812594431],[-81.5954156098427,26.57822636114],[-81.5937124489145,26.5793686406982],[-81.5935770242859,26.5801775740004],[-81.5932363831817,26.5804060251071],[-81.592920374309,26.5822935255399],[-81.5931707352404,26.58260436112551],[-81.5930804456976,26.5831436445499],[-81.5933759539524,26.5831848375096],[-81.5932856650815,26.58372412017721],[-81.5929450092777,26.5839525679116],[-81.5928547169273,26.5844918489694],[-81.5925140569722,26.5847202947706],[-81.592333464189,26.5857988527205],[-81.5916521294677,26.5862557378603],[-81.5916069782133,26.5865253760931],[-81.59131145941461,26.5864841785251],[-81.5909707875664,26.58671261791981],[-81.5907901714374,26.5877911667791],[-81.59129091157,26.5884128370981],[-81.5908845199517,26.5908395556427],[-81.5913852783659,26.5914612198523],[-81.5912498131385,26.5922701209267],[-81.5917505824342,26.59289178072631],[-81.5920461232813,26.5929329762606],[-81.5919558159878,26.5934722420848],[-81.5922062057406,26.5937830696177],[-81.5920707445445,26.5945919661559],[-81.5917300428392,26.5948204025068],[-81.5922308303085,26.5954420552675],[-81.5921856760698,26.5957116863595],[-81.5918901256844,26.5956704915627],[-81.5915494192649,26.5958989265879],[-81.5915042626691,26.596168557017],[-81.5917546585902,26.59647938313511],[-81.5923457650282,26.596561772455],[-81.59635238167,26.6015348453363],[-81.5998992701807,26.6020289666466],[-81.60014971312731,26.60233976715171],[-81.6019231796156,26.6025867777566],[-81.6051791932767,26.6066270449227]]},"properties":{"segment_id":"74c33c339b616b7cd7a1cee1","source_kmz":"caloosahatchee","orientation":"unverified"}},{"type":"Feature","geometry":{"type":"LineString","coordinates":[[-81.6116833127368,26.5749738885374],[-81.617192682381,26.5818112227323],[-81.61710254305932,26.5823505282419],[-81.6173529908293,26.5826613056334],[-81.6172628516209,26.5832006099129],[-81.6177637550156,26.5838221614567],[-81.61771868622561,26.5840918129578],[-81.6180142094058,26.5841329358926],[-81.6182646655912,26.5844437094379],[-81.6179942560542,26.5860616131944],[-81.6182447177389,26.5863723849983],[-81.61797430181491,26.5879902793881],[-81.6184752379787,26.5886118186231],[-81.6182949600288,26.5896904090185],[-81.6185454332735,26.5900011767333],[-81.6178642036749,26.5904582275913],[-81.6178191317479,26.5907278737947],[-81.6180696062841,26.59103864169152],[-81.6180245346942,26.5913082875166],[-81.6182750116433,26.5916190543813],[-81.6181397970437,26.5924279900129],[-81.6183902776407,26.592738755562],[-81.61807477141821,26.5946262627687],[-81.618325258133,26.5949370264359],[-81.61791959264671,26.5973638031195],[-81.6168976538279,26.5980493563025],[-81.6168525749482,26.59831899598071],[-81.6154899600022,26.5992330477907],[-81.6154448761288,26.59950268590782],[-81.6151042167244,26.5997311953549],[-81.6141122746271,26.6056631668576],[-81.6107053225394,26.6079481186389],[-81.6106602192506,26.6082177476788],[-81.6103195129846,26.6084462355422],[-81.610229303208,26.6089854922512],[-81.6098885927884,26.6092139781826],[-81.6098434863005,26.6094836058517],[-81.6095027729061,26.6097120901822],[-81.6091870113822,26.6115994749347]]},"properties":{"segment_id":"ab3f94a4a637702afd82b8c7","source_kmz":"caloosahatchee","orientation":"unverified"}},{"type":"Feature","geometry":{"type":"LineString","coordinates":[[-81.6454158718672,26.5793888828119],[-81.645325910589,26.5799282166262],[-81.6446449012993,26.5803854563661],[-81.6444199814335,26.58173378344941],[-81.6427173973524,26.5828768523054],[-81.6426274156723,26.5834161781709],[-81.6428779579903,26.5837268931825],[-81.64219690596,26.5841841117286],[-81.642151912963,26.5844537735023],[-81.64126530666852,26.5843306077572],[-81.6409247749288,26.5845592119802],[-81.6404297909101,26.587525469115],[-81.6406803372266,26.5878361856013],[-81.6405903377297,26.58837550172211],[-81.6408408870777,26.588686217034],[-81.6407958875273,26.5889558745978],[-81.641046439289,26.589266588877],[-81.6410014400767,26.5895362460626],[-81.6412969928464,26.5895773022653],[-81.6409564405845,26.58980590301172],[-81.6414575519669,26.5904273283302],[-81.6417531079901,26.5904683831296],[-81.6414125534308,26.59069698475931],[-81.6419136732322,26.591318406231],[-81.6422092325088,26.5913594596269],[-81.64271036184911,26.5919808760373],[-81.642665366403,26.5922505317575],[-81.64296092921292,26.5922915829063],[-81.6434620693283,26.59291299397182],[-81.644053200499,26.5929950907422],[-81.64455435250922,26.5936164952482],[-81.64484992087,26.5936575408698],[-81.6448049312082,26.593927196165],[-81.6450555117031,26.594237896191],[-81.6448305622867,26.5955861684132],[-81.6450811476683,26.5958968668398],[-81.64490118557032,26.5969754797964],[-81.6451517752206,26.5972861767655],[-81.644926819392,26.5986344369355],[-81.6451774139293,26.5989451323055],[-81.6445025137333,26.6029898752486],[-81.6465074088865,26.6054753891526],[-81.6463724361288,26.6062843279657],[-81.6409225483694,26.6099418708152],[-81.6408775380388,26.6102115113204],[-81.6405369036049,26.6104400966282],[-81.64024128006191,26.6103990408232],[-81.6401962673745,26.6106686806667],[-81.6398556293475,26.6108972634358],[-81.6365688605555,26.6305803104045],[-81.6370701762555,26.6312016813217],[-81.6376615625503,26.6312838049949],[-81.6381628901557,26.6319051693553],[-81.6384585860813,26.6319462284277],[-81.6387092537591,26.6322569085236]]},"properties":{"segment_id":"994dc1e8de0a5bad01fe181b","source_kmz":"caloosahatchee","orientation":"unverified"}},{"type":"Feature","geometry":{"type":"LineString","coordinates":[[-81.56656720384902,26.5681300675064],[-81.56652198404352,26.568399709454],[-81.5661813179469,26.5686280800949],[-81.5661360966821,26.5688977214736],[-81.56579542761341,26.5691260905121],[-81.5657502048892,26.56939573132181],[-81.5654095328483,26.5696240987579],[-81.56491205136291,26.5725901283761],[-81.5654125182031,26.5732119513103],[-81.565231612335,26.5742904992939],[-81.5648909197013,26.5745188616932],[-81.5646195453923,26.57613667457141],[-81.5651200306017,26.5767584923227],[-81.5650748017976,26.57702812669],[-81.5653702758978,26.5770693998633],[-81.5650084425173,26.5792264670374],[-81.563304861508,26.5803682458441],[-81.5632596251773,26.580637876516],[-81.5635098749983,26.5809487849246],[-81.563147979153,26.5831058206438],[-81.5622614991643,26.5829819819103],[-81.5612392899731,26.5836670183622],[-81.5611940454989,26.5839366454809],[-81.5616945511633,26.5845584652097],[-81.56151357538,26.5856369701851],[-81.5617638333677,26.5859478781485],[-81.5617185893344,26.5862175036591],[-81.5620140931502,26.5862587852219],[-81.5619236060341,26.58679803572341],[-81.5615828555463,26.5870263787709],[-81.5614018732228,26.5881048756069],[-81.5616521379329,26.5884157815482],[-81.5615616463148,26.5889550282633],[-81.56181191405162,26.5892659330319],[-81.562698457644,26.5893897732687],[-81.5639498409319,26.5909442725387],[-81.56424536191932,26.5909855471888],[-81.5641096442393,26.5917944140825],[-81.5637688798727,26.5920227608765],[-81.5637236389045,26.5922923823695],[-81.5647247901643,26.5935359629403],[-81.5646343123126,26.5940752040853],[-81.5639527666196,26.594531896728],[-81.5639075249139,26.5948015162823],[-81.5641578179392,26.5951124099904],[-81.56445335323292,26.5951536835371],[-81.5643176309686,26.5959625406425]]},"properties":{"segment_id":"2594350a040c08be56407ac6","source_kmz":"caloosahatchee","orientation":"unverified"}},{"type":"Feature","geometry":{"type":"LineString","coordinates":[[-81.5672485283039,26.5676733217493],[-81.56656720384902,26.5681300675064]]},"properties":{"segment_id":"84481e13f3f112790b746c84","source_kmz":"caloosahatchee","orientation":"unverified"}},{"type":"Feature","geometry":{"type":"LineString","coordinates":[[-81.9133809889139,26.6247932358331],[-81.9126261050803,26.6238631579225],[-81.9141277910026,26.61469166768491]]},"properties":{"segment_id":"f518e6fe1f7a8fb9b1794627","source_kmz":"caloosahatchee","orientation":"unverified"}},{"type":"Feature","geometry":{"type":"LineString","coordinates":[[-81.9430251291998,26.6321343763872],[-81.9427733720923,26.6318244296765],[-81.9424775339034,26.63178423418],[-81.9419740274413,26.6311643365731],[-81.9421503623323,26.6300853255905],[-81.9418986143067,26.6297753748767],[-81.9420308644711,26.6289661137431],[-81.9417791201243,26.6286561617083],[-81.9420436167989,26.6270376322356],[-81.940268691861,26.6267964307246],[-81.9397652301794,26.6261765132443],[-81.9371028824471,26.6258146404442],[-81.936851164881,26.6255046735984],[-81.9356679110591,26.6253438162795],[-81.9344093737355,26.6237939536081],[-81.9341135668407,26.6237537334092],[-81.93310677409131,26.6225138241735],[-81.9332832017823,26.6214348004126],[-81.9330315105989,26.6211248202988],[-81.93066514112601,26.6208030012166],[-81.9303252309391,26.6210325256309],[-81.9279588740372,26.6207106450053],[-81.9277072040005,26.6204006513637],[-81.9274114117985,26.62036041173401],[-81.9270714947308,26.6205899258374],[-81.92681982821861,26.62027992994121],[-81.92622824573742,26.6201994447707],[-81.92588832616781,26.6204289551247],[-81.9250009526299,26.6203082182236],[-81.9244976378539,26.6196882150162],[-81.92454177054641,26.61941846080421],[-81.91862607515111,26.6186133257124],[-81.9182861416719,26.6188428123514],[-81.9179903591623,26.6188025457931],[-81.9176504232577,26.619032030229],[-81.9170588578125,26.6189514927044],[-81.9153591450349,26.6200988865226],[-81.9153149834153,26.62036863629771],[-81.9143084989493,26.6191285329705],[-81.9148826110709,26.6156217601222],[-81.9141277910026,26.61469166768491]]},"properties":{"segment_id":"541ec972571684975caff87c","source_kmz":"caloosahatchee","orientation":"unverified"}},{"type":"Feature","geometry":{"type":"LineString","coordinates":[[-81.381271568058,26.53737942313],[-81.3808137597771,26.5400752701201],[-81.3810632383264,26.54038665412],[-81.3807885433678,26.5420041500503],[-81.3810380273727,26.5423155323119],[-81.3803512543296,26.5463592325697],[-81.3800101853641,26.54658700870822],[-81.379689661109,26.5484740481892],[-81.3779842481181,26.5496128981053],[-81.3698280355967,26.5975934105926]]},"properties":{"segment_id":"b0b94e9a1c53b23017e7cf0f","source_kmz":"caloosahatchee","orientation":"unverified"}},{"type":"Feature","geometry":{"type":"LineString","coordinates":[[-81.3943335400666,26.5370193150283],[-81.3916762474342,26.5366434142198],[-81.3913352463891,26.5368712340916],[-81.39074473881992,26.53678768943],[-81.3904037347621,26.5370155061514],[-81.3886322152113,26.5367648463064],[-81.3882912056971,26.5369926561219],[-81.3826814497095,26.5361986819435],[-81.3813173473215,26.537109837123],[-81.381271568058,26.53737942313]]},"properties":{"segment_id":"1cfe10d31fb6e3166c713052","source_kmz":"caloosahatchee","orientation":"unverified"}},{"type":"Feature","geometry":{"type":"LineString","coordinates":[[-81.7241044859438,26.5825623408831],[-81.7401613373528,26.6024338027701],[-81.7416395578284,26.6026376605552],[-81.742894338766,26.6041899459107],[-81.7415535138319,26.6122805140364],[-81.7420554760345,26.6129014134224],[-81.741921383499,26.6137104577059],[-81.7415810019804,26.613939370844],[-81.7414469034103,26.6147484120149],[-81.740425737473,26.6154351408514],[-81.7402469213594,26.6165138551515],[-81.7399065244089,26.6167427609078],[-81.7396829921215,26.6180911468275],[-81.7393425874869,26.6183200496661],[-81.7398445688292,26.6189409485318],[-81.739665738249,26.6200196505703],[-81.7411442574973,26.6202235047023],[-81.7416462627718,26.62084439136891],[-81.7415121541269,26.6216534159842],[-81.7418078638631,26.6216941830608],[-81.7423098824106,26.6223150638114],[-81.7422204795383,26.6228544119981],[-81.7418800628966,26.6230833198788],[-81.74183535986582,26.6233529932888],[-81.7408140956189,26.6240397083333],[-81.7407693887778,26.624309380518],[-81.739067239846,26.6254538785821],[-81.7390225268395,26.6257235488821],[-81.7392735369071,26.6260339926878],[-81.7392288242433,26.6263036626105],[-81.7385479462591,26.6267614528573],[-81.7384137995329,26.6275704592328],[-81.73773290729,26.6280282424285],[-81.7376881888029,26.6282979100894],[-81.737096728417,26.62821635331481],[-81.7340326025257,26.63027629506711],[-81.7339878713634,26.63054595933591],[-81.7326259861625,26.6314614547134],[-81.7323302474166,26.6314206627676],[-81.7319897709992,26.6316495325033],[-81.7314877723196,26.631028619293],[-81.7308962991324,26.6309470279928],[-81.7305558207887,26.6311758933666],[-81.7278941996439,26.6308086822868],[-81.7173383057429,26.6379026180295],[-81.7152680368904,26.6376167585052],[-81.7142463940131,26.6383031840252],[-81.7124718775587,26.6380581117618],[-81.712131322613,26.6382869121007],[-81.7109483147388,26.63812350995502],[-81.7104464293459,26.6375025073728],[-81.710491237363,26.6372328587973],[-81.7101506804308,26.6374616532266],[-81.71010587123561,26.6377313014722],[-81.7097653113268,26.6379600943032],[-81.7095860670441,26.639038683611],[-81.7089049324052,26.6394962628285],[-81.7088153038775,26.6400355547497],[-81.7081341573313,26.64049312757392],[-81.7080445229748,26.6410324172336],[-81.7019138378811,26.6451503324545],[-81.7018689990735,26.6454199709932],[-81.7023708688489,26.6460410002525],[-81.7029624181931,26.646122749764],[-81.7028727458194,26.64666202594922],[-81.7008290341447,26.6480345856564],[-81.700784190468,26.64830422141671],[-81.7001029364953,26.6487617305114],[-81.6997890064415,26.6506491696254],[-81.7000399481213,26.6509596848811],[-81.6993586693354,26.6514171855016],[-81.6992689690477,26.6519564501008]]},"properties":{"segment_id":"425af5ebc144fa02a8f9921e","source_kmz":"caloosahatchee","orientation":"unverified"}},{"type":"Feature","geometry":{"type":"LineString","coordinates":[[-81.4228649453529,26.5363580596272],[-81.4201375510393,26.5381814019183],[-81.4186611926926,26.5379729433028],[-81.4159336592879,26.53979616661371],[-81.4158879861601,26.5400657656595],[-81.4152974332296,26.5399823611013],[-81.4146155271633,26.54043814978281],[-81.414569849602,26.5407077477319],[-81.4139792935693,26.5406243358552],[-81.413638335447,26.5408522260762],[-81.4130477793265,26.5407688089504],[-81.41270681818992,26.5409966960213],[-81.4124115399439,26.5409549852554],[-81.41172961107452,26.5414107537023],[-81.4114343318892,26.5413690402158],[-81.4110933641564,26.5415969215919],[-81.4107980846434,26.5415552063237],[-81.4104571145081,26.5417830854884],[-81.4101618346674,26.5417413684386],[-81.4101161425817,26.5420109633807],[-81.4097751688644,26.5422388400005],[-81.4094798878006,26.542197121073],[-81.4084569540678,26.5428807404812],[-81.4069805438355,26.5426721191181],[-81.406639559285,26.5428999850149],[-81.40486787270972,26.5426496059312],[-81.4045268826994,26.5428774649224],[-81.4030504819742,26.5426687878127],[-81.4027094871158,26.5428966408372],[-81.4024142072116,26.5428549019477],[-81.40236849046642,26.543124492589],[-81.401482649772,26.5429992705756],[-81.4012330904357,26.5426879379614],[-81.400937811952,26.5426461948577],[-81.4006882555863,26.54233486060801],[-81.4003929785663,26.5422931159146],[-81.4001434251711,26.54198178002961],[-81.3995528743427,26.5418982866203],[-81.3993033250975,26.5415869483531],[-81.3981222315688,26.5414199484331],[-81.39787268883282,26.5411086062899],[-81.3972821461326,26.54102509977911],[-81.3970326075466,26.54071375525382],[-81.3967373378023,26.5406719999873],[-81.3964878021867,26.5403606538266],[-81.39589726591,26.5402771392715],[-81.39564773444431,26.5399657907287],[-81.3947619356994,26.5398405103343],[-81.3945124095632,26.5395291586625],[-81.394217145063,26.5394873960986],[-81.3939676218971,26.5391760427915],[-81.381271568058,26.53737942313]]},"properties":{"segment_id":"432357dc4f58fdec2f649781","source_kmz":"caloosahatchee","orientation":"unverified"}},{"type":"Feature","geometry":{"type":"LineString","coordinates":[[-81.5664405284727,26.5526583197465],[-81.5671910753753,26.55359109738241],[-81.565789425755,26.56195025931901],[-81.5672906825008,26.5638157641164],[-81.56656720384902,26.5681300675064]]},"properties":{"segment_id":"1653246cfbf1a3ad2d3e2a9f","source_kmz":"caloosahatchee","orientation":"unverified"}},{"type":"Feature","geometry":{"type":"LineString","coordinates":[[-81.9538694553415,26.61016884262281],[-81.9536177232559,26.6098589018361],[-81.953837905819,26.6085100273199],[-81.9515724262226,26.6057205135591],[-81.9516164675463,26.6054507366637],[-81.9508613419592,26.60452088221322],[-81.9509053848863,26.6042511046535],[-81.950653680583,26.603941151238],[-81.9510941010361,26.6012433612531],[-81.9503390176999,26.6003134913513],[-81.9497475496525,26.6002331349221],[-81.9494958611546,26.5999231749957],[-81.9492001287161,26.599882994763]]},"properties":{"segment_id":"998e292ef72aa093820c7a46","source_kmz":"caloosahatchee","orientation":"unverified"}},{"type":"Feature","geometry":{"type":"LineString","coordinates":[[-81.8961358216041,26.5934864220707],[-81.8961800292054,26.593216658813],[-81.8965199207149,26.5929872267686],[-81.8966083327431,26.5924476988877],[-81.89728810566761,26.5919888296848],[-81.8973765118977,26.5914492995446],[-81.8977163933128,26.5912198623861]]},"properties":{"segment_id":"b9ab051e081e688e697a030c","source_kmz":"caloosahatchee","orientation":"unverified"}},{"type":"Feature","geometry":{"type":"LineString","coordinates":[[-81.8308645716981,26.6080064601619],[-81.8315448144747,26.6075480413843],[-81.8327276314425,26.6077100894243],[-81.8351084070586,26.6061055575411],[-81.8395439446498,26.6067130189461],[-81.8412443979699,26.6055668164168],[-81.843610018508,26.6058906806653],[-81.8438613455696,26.6062008907011],[-81.845044167169,26.6063627995621],[-81.8457243220536,26.60590428596401],[-81.8463157320171,26.6059852315792],[-81.8466558055147,26.6057559710049],[-81.8469515102873,26.6057964416086],[-81.8472028490333,26.6061066436705],[-81.8498642149907,26.6064708343586],[-81.8502042810082,26.6062415625335],[-81.8504999890938,26.60628202300702],[-81.8508400526891,26.6060527489777],[-81.8529100126529,26.606335942092],[-81.8532500700853,26.6061066602331],[-81.85384148845502,26.6061875630787],[-81.8573439476765,26.5848777663011]]},"properties":{"segment_id":"c0964fafb43f977fc3cfe88d","source_kmz":"caloosahatchee","orientation":"unverified"}},{"type":"Feature","geometry":{"type":"LineString","coordinates":[[-81.8598571814807,26.5879796895487],[-81.8573439476765,26.5848777663011]]},"properties":{"segment_id":"16da0491439e54da1c7ba3e5","source_kmz":"caloosahatchee","orientation":"unverified"}},{"type":"Feature","geometry":{"type":"LineString","coordinates":[[-81.8111989037157,26.576899342736],[-81.8115389559713,26.5766701769146],[-81.8118345451545,26.5767107507092],[-81.8118790064296,26.576441009826],[-81.8125591019549,26.575982671847],[-81.81344586473601,26.5761043822623],[-81.81369699755231,26.5764146926298],[-81.8145837663478,26.5765363931986],[-81.815086044423,26.5771570067512],[-81.8153816369248,26.5771975704188],[-81.8157216792965,26.5769683911438],[-81.8160172714527,26.57700895303],[-81.8159728227581,26.5772786952222],[-81.8167262639265,26.5782096020976],[-81.8182042509755,26.5784123880805],[-81.8188843285293,26.57795401149392],[-81.8191799255241,26.5779945642838],[-81.8195199609828,26.5777653731524],[-81.8198155576319,26.577805924161],[-81.8204956219129,26.5773475362218],[-81.8210868135514,26.5774286319577],[-81.8214268417515,26.57719943421271]]},"properties":{"segment_id":"4c04e4c48023591041bf2899","source_kmz":"caloosahatchee","orientation":"unverified"}},{"type":"Feature","geometry":{"type":"LineString","coordinates":[[-82.0017798845255,26.603704134035],[-82.0015279999464,26.6033943030723],[-81.9973872678737,26.6028337767783],[-81.997135401523,26.6025239343915],[-81.9971792994266,26.6022541356951],[-81.9969274355032,26.60194429227],[-81.9970152317445,26.6014046938842],[-81.9965115118066,26.60078500377581],[-81.9967749014959,26.5991662012466],[-81.9971145499267,26.598936445166],[-81.9973340279541,26.5975874349392]]},"properties":{"segment_id":"e75c6d79baf4a0a0e5250056","source_kmz":"caloosahatchee","orientation":"unverified"}},{"type":"Feature","geometry":{"type":"LineString","coordinates":[[-81.80228991504211,26.570434852637],[-81.8026299654905,26.57020571148171],[-81.8035166552674,26.5703275085474],[-81.8045209882948,26.5715688618551],[-81.8062944035221,26.5718124151945],[-81.8065454983219,26.5721227467863],[-81.8068410696699,26.5721633353057],[-81.8070921674417,26.5724736652539],[-81.8073877402415,26.57251425217901],[-81.8084078702474,26.5718267792414],[-81.8086589726511,26.5721371057236],[-81.8107279851614,26.5724211656331],[-81.8114813278312,26.5733521239623],[-81.8117769056786,26.5733926983227],[-81.8125302680471,26.5743236463612],[-81.81341701382432,26.5744453576253],[-81.8136681417333,26.5747556696003],[-81.81455489352471,26.5748773710181],[-81.81505716178471,26.5754979877857],[-81.8162395107785,26.5756602385246],[-81.8164906523046,26.5759705425668],[-81.8173774204785,26.5760922195085],[-81.8181308664161,26.577023119521],[-81.819313241953,26.5771853346229],[-81.8195643988938,26.5774956298386],[-81.82024446206911,26.5770372431147],[-81.8214268417515,26.57719943421271]]},"properties":{"segment_id":"5a5179dd03a733e9a37e7ba5","source_kmz":"caloosahatchee","orientation":"unverified"}},{"type":"Feature","geometry":{"type":"LineString","coordinates":[[-81.9973340279541,26.5975874349392],[-81.9978168555728,26.5946195917047],[-81.9973131693261,26.5939998929308],[-81.9964259670724,26.5938797548238],[-81.9956704617616,26.5929501931801],[-81.9953747317431,26.5929101431997]]},"properties":{"segment_id":"2a854d7f24d6905d9d646bd1","source_kmz":"caloosahatchee","orientation":"unverified"}},{"type":"Feature","geometry":{"type":"LineString","coordinates":[[-81.8214268417515,26.57719943421271],[-81.8224469155677,26.5765118333747],[-81.8232910034369,26.5713866270805],[-81.8260109426121,26.5695529189668]]},"properties":{"segment_id":"bd18ba62a0e8ce74293929a4","source_kmz":"caloosahatchee","orientation":"unverified"}},{"type":"Feature","geometry":{"type":"LineString","coordinates":[[-81.7921382538652,26.6117951614916],[-81.8084677228323,26.6007979050381],[-81.8088680697951,26.5983704160566],[-81.8112490304528,26.596766384774],[-81.8113379769393,26.5962269355682],[-81.8116781046325,26.5959977825141],[-81.8122694151929,26.5960789237874],[-81.8136299030078,26.5951622913978],[-81.8138522260002,26.5938136550776],[-81.8145324473636,26.5933553279838],[-81.81482809483,26.593395891261],[-81.8148725553484,26.59312616253611],[-81.8155527659243,26.5926678278392],[-81.8161440573999,26.5927489479241],[-81.8168242582949,26.5922906044083],[-81.8171199032029,26.5923311613096],[-81.8181401891941,26.5916436337195],[-81.8187314761056,26.5917247393647],[-81.8189826730803,26.5920350225145],[-81.81957396344892,26.59211612328251],[-81.8200763674941,26.5927366839008],[-81.8203720154442,26.5927772315177],[-81.8210521942098,26.5923188604321],[-81.8228260802476,26.5925621171582],[-81.824866550984,26.5911869397401],[-81.8249109791407,26.5909172049541],[-81.8266113161008,26.5897711872806],[-81.8267890024564,26.5886922391848],[-81.8274691152526,26.5882338206097],[-81.8275135337999,26.5879640823364],[-81.8281936370542,26.5875056580341],[-81.828489270963,26.5875461832444],[-81.829509410493,26.5868585344759],[-81.8298050428104,26.5868990560299],[-81.8295538219889,26.5865887942253],[-81.8292581908467,26.58654827192081],[-81.8287557569475,26.5859277441305],[-81.8284601284321,26.5858872194808],[-81.8282089153543,26.5855769534952],[-81.8279132882905,26.5855364272509],[-81.8261548553086,26.5833645350853],[-81.8268349296712,26.5829061133602],[-81.8270125991775,26.5818271427707],[-81.8265102087018,26.5812065954011],[-81.82655462663242,26.5809368518776],[-81.8268946541364,26.5807076386818],[-81.82702790274502,26.5798984057049],[-81.824767252013,26.5771058986484],[-81.8260109426121,26.5695529189668]]},"properties":{"segment_id":"2358e574fc978f51163efc35","source_kmz":"caloosahatchee","orientation":"unverified"}},{"type":"Feature","geometry":{"type":"LineString","coordinates":[[-82.0201511620325,26.6003985313958],[-82.0204907533289,26.6001686999509],[-82.02196958791191,26.6003685805427],[-82.0223091742701,26.6001387431496],[-82.0231964764104,26.6002586585607],[-82.0239523405228,26.6011880002592],[-82.0251354279378,26.6013478666241],[-82.02887072871,26.5988194796221],[-82.02891452597281,26.59854966458761],[-82.0274027535745,26.5966910305149],[-82.0244451916351,26.5962913980917],[-82.0241056260094,26.5965212450852],[-82.0226268521273,26.5963213925228],[-82.0199102372047,26.598160085481],[-82.0187272029291,26.5980001582563],[-82.0183876154519,26.5982299854388],[-82.0166130684582,26.5979900636476],[-82.0162734754162,26.59821988394521],[-82.0153862037206,26.5980999088392],[-82.015046606996,26.598329725062],[-82.012680556129,26.598009746796],[-82.01234095258552,26.5982395542602],[-82.01086217652701,26.5980395357155],[-82.01018295776632,26.5984991374824],[-82.010139102233,26.598768944677],[-82.0091202570695,26.5994583368588],[-82.0085287404842,26.5993783139774],[-82.0081891205745,26.5996081069685],[-82.0061188167356,26.5993279937261],[-82.0057791906353,26.5995577788949],[-82.0043004072348,26.59935766799],[-82.0039607761986,26.5995874472101],[-82.0018904865181,26.5993072499191],[-82.0015508492921,26.5995370213168],[-82.0003678301182,26.5993768862541],[-82.0000281885839,26.5996066526398],[-81.9985494176278,26.5994064601276],[-81.9980456983339,26.5987867737446],[-81.9980895915123,26.5985169716577],[-81.9973340279541,26.5975874349392]]},"properties":{"segment_id":"c1e9b00e6c9edb8002cea081","source_kmz":"caloosahatchee","orientation":"unverified"}},{"type":"Feature","geometry":{"type":"LineString","coordinates":[[-81.9535159236352,26.5864050949866],[-81.9534718978953,26.5866748880129],[-81.9537235621507,26.586984850585],[-81.9536355111004,26.5875244356435],[-81.9538871784063,26.5878343970343],[-81.9534028849231,26.5908020964166],[-81.953654560911,26.5911120553373],[-81.9533463612676,26.59300057544881],[-81.95359804343522,26.5933105324727],[-81.9535540144444,26.5935803199738],[-81.9538056990372,26.5938902759598],[-81.9534534622529,26.5960485663359],[-81.9537051536515,26.5963585202825],[-81.9536170929668,26.596898090233],[-81.9538687874166,26.5972080429988],[-81.9536046025406,26.5988267463348],[-81.9522455386457,26.5997451958288],[-81.9513583401508,26.5996246759509],[-81.9510185678003,26.5998542823498],[-81.9495399059952,26.5996533943148],[-81.9492001287161,26.599882994763]]},"properties":{"segment_id":"f3e9e3c7f14b5e333b4266fa","source_kmz":"caloosahatchee","orientation":"unverified"}},{"type":"Feature","geometry":{"type":"LineString","coordinates":[[-81.4531539322748,26.5163375197075],[-81.45689916699621,26.521005916219],[-81.4575806982551,26.5205498240052],[-81.4583297969417,26.5214834756578],[-81.4581932007367,26.522292372202],[-81.4584429057178,26.5226035872132],[-81.4583973736962,26.5228732187764],[-81.4586470810805,26.5231844327557],[-81.4586015493885,26.5234540639386],[-81.4588512591762,26.5237652768859],[-81.4588057278137,26.5240349076886],[-81.4598045873232,26.5252797500124],[-81.4596679988889,26.5260886392857],[-81.4599177200812,26.5263998472158],[-81.4598721906499,26.5266694763555],[-81.4601219142457,26.5269806832538],[-81.4600308557595,26.5275199405353],[-81.4602805823716,26.5278311462594],[-81.4602350533167,26.5281007744011],[-81.461733454277,26.5299679892118],[-81.4615058231385,26.5313161220869],[-81.4617555659641,26.5316273207309],[-81.4616645127538,26.5321665719322],[-81.4619142585961,26.5324777694024],[-81.4618232054795,26.5330170193684],[-81.4620729543385,26.5333282156647],[-81.4620274279686,26.533597840149],[-81.4622771792316,26.5339090354137],[-81.4618674346859,26.5363356437955],[-81.4658637867702,26.5413146266044],[-81.4657727489259,26.5418538657514],[-81.465091093395,26.5423099824994],[-81.4637253191981,26.5503984356967],[-81.4633844533789,26.5506264821691],[-81.4633389220074,26.5508960932615],[-81.46358872777171,26.5512072692607],[-81.4635431967302,26.5514768799739],[-81.4638385353279,26.5515184443707],[-81.46356534851232,26.5531361042375],[-81.4594747062739,26.5558725492662],[-81.4592925194712,26.556950968443],[-81.45979213863401,26.5575733276973],[-81.4596554992373,26.55838213873781],[-81.4590647795977,26.5582989870738],[-81.458042046875,26.5589830607237],[-81.45829185692651,26.5592942419044],[-81.4581096482319,26.5603726479743],[-81.45776872845622,26.5606006692544],[-81.457632065424,26.5614094703162],[-81.45788188099262,26.5617206502226],[-81.457745217251,26.5625294487242],[-81.4582448574435,26.5631518050207],[-81.4581537493187,26.5636910022693],[-81.4578128166165,26.5639190214312],[-81.4577672609499,26.5641886193667],[-81.4567444485499,26.5648726682228],[-81.4566077692358,26.56568145760921],[-81.455925878263,26.56613748182311],[-81.4558347525861,26.5666766722295],[-81.4552439801199,26.5665935009497],[-81.4538801623229,26.567505523941],[-81.4538345925488,26.5677751172651],[-81.4521297740713,26.5689151157228],[-81.4515389899115,26.5688319239787],[-81.4498341204887,26.5699718812505],[-81.4497885368421,26.5702414708164],[-81.4494475564,26.5704694581222],[-81.4494019712903,26.5707390471179],[-81.4473560439127,26.5721069422448],[-81.44721926564772,26.5729157018163],[-81.4477188901399,26.5735380892985],[-81.4470349789366,26.5775818509103],[-81.447534628989,26.5782042306008]]},"properties":{"segment_id":"3aab287887c6222143b186ef","source_kmz":"caloosahatchee","orientation":"unverified"}},{"type":"Feature","geometry":{"type":"LineString","coordinates":[[-81.8970277503541,26.5751294605687],[-81.8972791793167,26.5754395701607],[-81.8972349841967,26.5757093482027],[-81.8974864155815,26.5760194567571],[-81.8974422208107,26.5762892344197],[-81.8979450902231,26.5769094485591],[-81.89824072052501,26.5769497770543],[-81.8992464856244,26.57819019159662],[-81.90102030138681,26.57843212681451],[-81.9013601221423,26.5782026688495]]},"properties":{"segment_id":"efdf31e9a5f17cb2c2fc3b59","source_kmz":"caloosahatchee","orientation":"unverified"}},{"type":"Feature","geometry":{"type":"LineString","coordinates":[[-81.8867881319081,26.5822820561127],[-81.8868323628777,26.5820122878016],[-81.889891149051,26.5799475592908],[-81.89039398567081,26.5805678031135],[-81.8906896249318,26.5806081526036],[-81.8907338429104,26.5803383812873],[-81.8917534038398,26.5796501082112],[-81.8918418319264,26.5791105628956],[-81.8935410524357,26.57796341248641],[-81.8936294676804,26.5774238629349],[-81.8942207280521,26.5775045434593],[-81.8952402279904,26.5768162304221],[-81.8953728328333,26.5760069008034],[-81.8957126590275,26.5757774596046],[-81.895801058533,26.5752379046863],[-81.896140880581,26.575008461563],[-81.8970277503541,26.5751294605687]]},"properties":{"segment_id":"4a8a9248a2cec1ce72839ca7","source_kmz":"caloosahatchee","orientation":"unverified"}},{"type":"Feature","geometry":{"type":"LineString","coordinates":[[-81.9744653455092,26.6507383742575],[-81.9782042537923,26.6482121758645],[-81.978336192972,26.6474029130974],[-81.9790159640013,26.646943585889],[-81.9791478936668,26.6461343190431],[-81.9822067423779,26.6440672751473],[-81.9827985397235,26.6441474368167],[-81.9831384015383,26.6439177570734],[-81.9834342999946,26.6439578357037],[-81.98649296959441,26.6418906526583],[-81.9865808712893,26.6413511272506],[-81.9882800573646,26.6402026446797],[-81.9897595008335,26.64040295862201],[-81.9911188047138,26.6394841310524],[-81.9917338748729,26.6357073791307],[-81.989718391822,26.6332287483372],[-81.9879432075818,26.63298836324361],[-81.98760340137102,26.6332180661186],[-81.9875594579691,26.6334878358971],[-81.986879837794,26.6339472371973],[-81.98683589176972,26.6342170060855],[-81.9864960778053,26.6344467045107],[-81.9859043432936,26.6343665615208],[-81.9859922410208,26.6338270245351],[-81.9857403253308,26.63351718320551],[-81.9858282232177,26.6329776449945],[-81.9855763105835,26.6326678024855],[-81.9858400014392,26.6310491813559],[-81.9855880943692,26.6307393370973],[-81.9856759903862,26.63019979455491],[-81.9839127001142,26.62803085770132],[-81.9845922896193,26.6275714676609],[-81.98463623925801,26.6273016943836],[-81.9852279243553,26.6273818462582],[-81.9854037129688,26.6263027500572],[-81.9843961569244,26.625063345928],[-81.9844840546054,26.6245237952754],[-81.9842321713512,26.6242139417213],[-81.9856384054739,26.6155809987347],[-81.9863178882141,26.6151215804097],[-81.9864057638499,26.6145820121609],[-81.9861539026174,26.6142721540771],[-81.9843791165215,26.6140316947047],[-81.9840393751856,26.6142613989241],[-81.9828561874189,26.6141010720375],[-81.9825164417751,26.6143307712437],[-81.9789668972194,26.6138496982672],[-81.9786271422543,26.6140793849637],[-81.97566921229331,26.6136783885516],[-81.9753294492613,26.6139080646124],[-81.9750336571439,26.6138679593894],[-81.9743541244247,26.6143273058416],[-81.9725793699507,26.6140866455245],[-81.9722395971309,26.6143163112304],[-81.9704648487538,26.6140756148894],[-81.9701250703745,26.6143052737076],[-81.9686461177914,26.6141046655147],[-81.9683063344792,26.6143343183822],[-81.9665315966583,26.6140935550603],[-81.9661918077872,26.61432320104001],[-81.9644170760683,26.6140824016944],[-81.9640772816387,26.6143120407861],[-81.9634857053379,26.6142317657076],[-81.96247860306,26.612992105142],[-81.9625666249344,26.6124525535919],[-81.9623148551185,26.6121426359286],[-81.962622927433,26.6102541970867],[-81.9623711638011,26.6099442775291],[-81.9628992640542,26.6067069252397],[-81.9642583242093,26.6057883558298],[-81.9643463276914,26.605248791192],[-81.9646860858819,26.60501914502011],[-81.9647740859206,26.6044795787836],[-81.9651138399631,26.60424993069],[-81.9654218232547,26.6023614391439],[-81.9624009334606,26.59864233905561],[-81.9625769479415,26.5975631889802],[-81.9623252213288,26.5972532575845],[-81.962501233932,26.5961741031656],[-81.9622495116232,26.5958641703027],[-81.9622935147153,26.5955943809656],[-81.9620417948322,26.5952844470647],[-81.9622618093152,26.5939354961276],[-81.9632809620487,26.59324655096511],[-81.9644638289888,26.5934071101163],[-81.9648035404633,26.5931774554506],[-81.96657784533102,26.593418263226],[-81.9669175512496,26.5931886016736],[-81.9681004241323,26.5933491195564],[-81.9684401257468,26.5931194529911],[-81.9687358440258,26.5931595794141],[-81.9697549361929,26.5924705693165],[-81.9698868694177,26.5916611828941],[-81.9696351338107,26.5913512637064],[-81.9700748996985,26.58865329220662],[-81.9704145776857,26.5884236159838],[-81.9705025252324,26.5878840181973],[-81.9711818711148,26.5874246606427],[-81.9712698128733,26.5868850605995],[-81.9716094807685,26.5866553792677],[-81.9717413878342,26.5858459764488],[-81.9714896624813,26.5855360563639],[-81.9718414076259,26.58337763732141],[-81.9715896890809,26.5830677151944],[-81.97167762388321,26.582528107788],[-81.9714259083896,26.582218184479],[-81.9718655722456,26.57952013185651]]},"properties":{"segment_id":"704d04b37147876bec96814c","source_kmz":"caloosahatchee","orientation":"unverified"}},{"type":"Feature","geometry":{"type":"LineString","coordinates":[[-81.9082038660668,26.6453211910682],[-81.9073162622395,26.6452003125282],[-81.9068129294161,26.6445802698405],[-81.9056294709057,26.6444190806186],[-81.9051261546929,26.6437990283463],[-81.9048302931049,26.6437587274266],[-81.9043269864479,26.64313867007821],[-81.9166501949935,26.5678757500607]]},"properties":{"segment_id":"b65107e1de49b5e8fff002bb","source_kmz":"caloosahatchee","orientation":"unverified"}},{"type":"Feature","geometry":{"type":"LineString","coordinates":[[-81.9141277910026,26.61469166768491],[-81.9133729871339,26.6137615672024],[-81.9134613154533,26.61322205844481],[-81.9132097190137,26.61291202287771],[-81.913386374854,26.6118330019659],[-81.9128831923744,26.6112129270094],[-81.9129273568973,26.6109431709074],[-81.9126757689822,26.61063313194561],[-81.9128082627765,26.6098238617984],[-81.9115503595716,26.6082736514409],[-81.918348867213,26.5667281563914]]},"properties":{"segment_id":"3b7cc5d9ed2ccb2afcaa0af5","source_kmz":"caloosahatchee","orientation":"unverified"}},{"type":"Feature","geometry":{"type":"LineString","coordinates":[[-81.9130547981694,26.5621454283496],[-81.9138091494329,26.5630756744408],[-81.9136767363909,26.5638850587987],[-81.9139281922807,26.5641951386089],[-81.9138840546752,26.5644649327787],[-81.9147708413784,26.5645857844839],[-81.915110571505,26.5643562721566],[-81.91540616699751,26.5643965534335],[-81.9156576305526,26.5647066285928],[-81.9159532274931,26.5647469082744],[-81.9162046940196,26.5650569817878],[-81.9200474944823,26.5655805310743]]},"properties":{"segment_id":"993145129678e85bbba49a3c","source_kmz":"caloosahatchee","orientation":"unverified"}},{"type":"Feature","geometry":{"type":"LineString","coordinates":[[-81.8260109426121,26.5695529189668],[-81.8311105185758,26.56611449768201],[-81.8317016435699,26.5661955358787],[-81.8368007965434,26.56275680139551],[-81.8376874580975,26.5628783101877],[-81.8393870765727,26.5617319879536],[-81.8399781794308,26.5618129802242],[-81.8403180964902,26.56158371010221],[-81.84534250476321,26.5622719921855],[-81.8551990108991,26.5556221455746],[-81.8554945487514,26.5556625979862],[-81.8557161195784,26.5543137132756]]},"properties":{"segment_id":"44468db6d04a87cdfa449841","source_kmz":"caloosahatchee","orientation":"unverified"}},{"type":"Feature","geometry":{"type":"LineString","coordinates":[[-81.8573439476765,26.5848777663011],[-81.85457959816661,26.5814655475091],[-81.8546682593874,26.5809260367238],[-81.8541656762512,26.5803056211174],[-81.8545203200724,26.5781475662416],[-81.8552002035459,26.5776889521722],[-81.8554958165976,26.577729401912],[-81.8555844682987,26.5771898843266],[-81.8553331833805,26.5768796757194],[-81.855554810923,26.5755308769067],[-81.8553035309179,26.5752206666906],[-81.855525154682,26.573871861256],[-81.8552738795898,26.5735616494308],[-81.8555398227455,26.5719430742532],[-81.855288553189,26.5716328606756],[-81.855510168018,26.5702840408132],[-81.8552589033739,26.5699738256261],[-81.855657798303,26.567545933695],[-81.85540654106312,26.5672357163254],[-81.855672462347,26.5656171102079],[-81.855421210642,26.565306891085],[-81.8556428072452,26.5639580454359],[-81.855391560452,26.5636478247028],[-81.8556574710161,26.5620292012613],[-81.8554062297573,26.5617189787744],[-81.8555835004449,26.5606398911771],[-81.8559233716563,26.5604105693064],[-81.8559676874649,26.5601407964862],[-81.8557164505662,26.5598305729959],[-81.85624822624392,26.5565932789834],[-81.8559969986162,26.5562830528785],[-81.8561299382025,26.5554737236226],[-81.8558787142401,26.5551634961932],[-81.8559673404985,26.5546239418861],[-81.8557161195784,26.5543137132756]]},"properties":{"segment_id":"e97610699f3d9463a5a0353a","source_kmz":"caloosahatchee","orientation":"unverified"}},{"type":"Feature","geometry":{"type":"LineString","coordinates":[[-81.9968923929035,26.57243378590441],[-81.996804625227,26.5729734308517],[-81.9964650776576,26.5732032037299],[-81.995982323013,26.5761712304538],[-81.9969894765795,26.5774107032588],[-81.9968139312686,26.5784899763262],[-81.997065726665,26.578799841714],[-81.9968024042655,26.5804187433755],[-81.9970542052211,26.5807286070063],[-81.9969664301563,26.58126823871901],[-81.9972182341647,26.5815781011671],[-81.9971304592609,26.5821177316492],[-81.9973822663222,26.58242759291471],[-81.9971189388159,26.5840464778389],[-81.9973707514369,26.5843563373478],[-81.9972829746699,26.5848959634821],[-81.997534790344,26.5852058218086],[-81.9973592360394,26.5862850706733],[-81.9976110560201,26.5865949275304],[-81.9967332314771,26.59199111239741],[-81.9953747317431,26.5929101431997]]},"properties":{"segment_id":"50dc1d99c27ed8663867cad7","source_kmz":"caloosahatchee","orientation":"unverified"}},{"type":"Feature","geometry":{"type":"LineString","coordinates":[[-81.8944029763312,26.5579465385346],[-81.8952896692391,26.55806755851381],[-81.8960437945144,26.5589979446457],[-81.89591122193391,26.5598073162658],[-81.8964139848477,26.5604275683528],[-81.8961046479396,26.5623160918487],[-81.894745547481,26.5632338910887],[-81.8947013506997,26.5635036778966],[-81.8949527376445,26.5638138038807],[-81.8955439064715,26.56389448017371],[-81.8960466904491,26.5645147264541],[-81.8960024970622,26.5647845127812],[-81.89625389237132,26.5650946344362],[-81.8955743247582,26.5655535337504],[-81.8954859337124,26.5660931040916],[-81.8962401308708,26.5670234664751],[-81.8961517424689,26.5675630350107],[-81.8964031463651,26.5678731537295],[-81.8963589523758,26.5681429374994],[-81.8960191578041,26.5683723860417],[-81.8957097839634,26.5702608635104],[-81.8959611940994,26.5705709807957],[-81.8959169973606,26.5708407622028],[-81.8964198242745,26.5714609938037],[-81.89637562850882,26.5717307746879],[-81.8966270452867,26.5720408890034],[-81.8963618686626,26.5736595684882],[-81.896864715101,26.5742797927168],[-81.8967763231896,26.5748193500824],[-81.8970277503541,26.5751294605687]]},"properties":{"segment_id":"b13b305052a07165616cda2d","source_kmz":"caloosahatchee","orientation":"unverified"}},{"type":"Feature","geometry":{"type":"LineString","coordinates":[[-81.9953747317431,26.5929101431997],[-81.9938960857488,26.5927098806316],[-81.9935564531816,26.5929396304861],[-81.991782083245,26.5926992819192],[-81.9914424451176,26.5929290248881],[-81.9896680812592,26.592688640303],[-81.9893284375719,26.5929183763863],[-81.9875540797933,26.592677955783],[-81.9872144305465,26.5929076849805],[-81.9860315283216,26.5927473839438],[-81.9857797318557,26.5924375047826],[-81.9859115154358,26.591628097995],[-81.98565972264932,26.5913182175087],[-81.9859232861873,26.5896993967082],[-81.9856714989596,26.58938951446691],[-81.9859350564151,26.5877706843183],[-81.985683274746,26.5874608003215],[-81.9859468261193,26.5858419608236],[-81.9856950500085,26.5855320750711],[-81.9859146717681,26.5841830349534],[-81.985662900589,26.5838731475884],[-81.98592644143882,26.5822542908029],[-81.98567467581752,26.5819444016817],[-81.9859382105859,26.5803255355428],[-81.9856864505223,26.5800156446653],[-81.9859060584449,26.5786665823438],[-81.985402549979,26.578046796467],[-81.985666077983,26.5764279121717],[-81.9854143302068,26.57611801702871],[-81.98567785213,26.574499123376],[-81.9854261099105,26.5741892264757],[-81.9856457071293,26.57284014122291],[-81.9853939698402,26.57253024270881],[-81.9856574812422,26.5709113317535],[-81.9854057495095,26.5706014314818],[-81.985625337961,26.5692523318082],[-81.9853736111582,26.5689424299223],[-81.9855931959093,26.5675933236271],[-81.9853414740363,26.5672834201268],[-81.9855610550873,26.5659343072093],[-81.98530933814381,26.5656244020943],[-81.985441085374,26.5648149310784],[-81.9849376606399,26.5641951172987],[-81.9819814027605,26.5637942403747],[-81.9816418518606,26.5640239712192],[-81.9798681064942,26.5637833989258],[-81.9795285500396,26.564013122886],[-81.9789373025187,26.56393292349521],[-81.9775790537068,26.5648517991919],[-81.9772714683437,26.56674053816271],[-81.97752315980621,26.5670504616739],[-81.9774352770654,26.5675900989667],[-81.9776869715785,26.567900021295],[-81.9774672630719,26.5692491096759],[-81.9777189625137,26.56955903039],[-81.9774113635035,26.5714477432004],[-81.9776630691263,26.5717576620133],[-81.9772675706328,26.5741859887643],[-81.977519283689,26.5744959053891],[-81.9774313933792,26.5750355306721],[-81.9776831094866,26.5753454461144],[-81.9774633820575,26.5766945044737],[-81.9777151030944,26.5770044183027],[-81.9774953719596,26.5783534700442],[-81.9777470979263,26.5786633822602],[-81.9775713106008,26.5797426188317],[-81.9772316855737,26.5799723243468],[-81.9754576262447,26.5797316883898],[-81.9751179956617,26.5799613870193],[-81.9742309678112,26.5798410548332],[-81.9738913335507,26.5800707493875],[-81.972117281479,26.5798300566],[-81.9718655722456,26.57952013185651]]},"properties":{"segment_id":"2605c27811cc9664ba53cd48","source_kmz":"caloosahatchee","orientation":"unverified"}},{"type":"Feature","geometry":{"type":"LineString","coordinates":[[-81.9492001287161,26.599882994763],[-81.9480172017033,26.5997222653886],[-81.9476774201216,26.5999518608232],[-81.945903034073,26.5997107358091],[-81.9455632469375,26.5999403243559],[-81.9440845963091,26.5997393589397],[-81.9437448042457,26.5999689415356],[-81.9419704287877,26.5997277495509],[-81.9416306311712,26.5999573252588],[-81.9401519893708,26.5997563040338],[-81.939812186827,26.5999858737907],[-81.93803782196561,26.5997446148356],[-81.9376980138693,26.5999741777044],[-81.9356279296356,26.5996926639472],[-81.9352881153617,26.5999222189906],[-81.9335137643959,26.59968088293362],[-81.9334696696704,26.5999506568128],[-81.9328782197443,26.5998702045204],[-81.9325383974936,26.60009975047271],[-81.92958115807741,26.5996974289808],[-81.9292413277743,26.5999269642962],[-81.9277627152335,26.5997257672032],[-81.9274228800048,26.5999552965672],[-81.9265357138992,26.5998345653684],[-81.9261958749954,26.6000640906552],[-81.9259001528841,26.60002384429651],[-81.9253969494444,26.599403807951],[-81.9271174091469,26.5888825680805],[-81.9268658345045,26.5885725429898],[-81.92699816213941,26.5877632015579],[-81.9267465911711,26.5874531751434],[-81.926834809472,26.586913612723],[-81.9265832415527,26.58660358512771],[-81.9324473785822,26.550720545273]]},"properties":{"segment_id":"c4a96e3efecd76c72115ae67","source_kmz":"caloosahatchee","orientation":"unverified"}},{"type":"Feature","geometry":{"type":"LineString","coordinates":[[-81.8841425834098,26.5449605650175],[-81.8875398454307,26.54266624952171],[-81.8878353542137,26.5427066116882],[-81.8919118239997,26.5399532546923],[-81.8922073255763,26.53999360477451],[-81.8928867108078,26.5395346923398],[-81.8931822114124,26.5395750397048],[-81.8935219007097,26.5393455806513],[-81.8958859104506,26.5396683217003],[-81.8962255929632,26.5394388538872],[-81.9148427446531,26.5419784933866]]},"properties":{"segment_id":"b84193527dfb90c3bbb7b628","source_kmz":"caloosahatchee","orientation":"unverified"}},{"type":"Feature","geometry":{"type":"LineString","coordinates":[[-81.9035317586942,26.5280231875315],[-81.913334402981,26.5401178906724]]},"properties":{"segment_id":"375c793064dfd92c096649b8","source_kmz":"caloosahatchee","orientation":"unverified"}},{"type":"Feature","geometry":{"type":"LineString","coordinates":[[-81.9269136689669,26.5254185901522],[-81.9272091373075,26.5254588426125],[-81.9277119249045,26.5260790073089],[-81.9280073958637,26.526119257423],[-81.9278751716435,26.5269287493846],[-81.9284661197734,26.5270092476369],[-81.9289689253351,26.52762940337781],[-81.92926440215581,26.5276696497358],[-81.9297672172481,26.5282898003921],[-81.9297231471514,26.5285596302727],[-81.9302259706784,26.5291797770582],[-81.9305214533607,26.52922001966],[-81.93127570564272,26.5301502308681],[-81.9311875726664,26.5306898886609],[-81.9301688998959,26.5313786486093],[-81.9298604012261,26.533267436506],[-81.9301118262212,26.5335775056405],[-81.9299355377346,26.5346568072235],[-81.9301869670237,26.5349668748858],[-81.9299225298174,26.5365858192919],[-81.9301739646494,26.5368958851938],[-81.9299976701941,26.5379751761529],[-81.9293184934963,26.5384343329309],[-81.9290981075337,26.5397834380101],[-81.9293495486855,26.540093502934],[-81.9290850802304,26.5417124203536],[-81.9293365269256,26.5420224835179],[-81.9292483698296,26.5425621204763],[-81.9419563127929,26.5442918402691]]},"properties":{"segment_id":"33a1690f51f4127440d5a00c","source_kmz":"caloosahatchee","orientation":"unverified"}},{"type":"Feature","geometry":{"type":"LineString","coordinates":[[-81.9951672887264,26.5217307686596],[-81.99843855176601,26.5257596848461],[-82.0002115714061,26.5259999681357],[-82.000966542478,26.526929682977],[-82.0021485750815,26.5270898459362]]},"properties":{"segment_id":"8a8d25a49f6026bfd5042494","source_kmz":"caloosahatchee","orientation":"unverified"}},{"type":"Feature","geometry":{"type":"LineString","coordinates":[[-82.0370397537515,26.5819999504156],[-82.0371710429802,26.5811904536727],[-82.0375105139375,26.5809605535724],[-82.03786059718591,26.5788018825918],[-82.0382000569649,26.5785719786039],[-82.0382438149732,26.5783021433421],[-82.0389227267871,26.5778423309175],[-82.0389664821786,26.577572494764],[-82.0393059342136,26.5773425863272],[-82.0394371952379,26.5765330754677],[-82.0384294452935,26.5752940100536],[-82.0386044662225,26.5742146566367],[-82.0378486801924,26.57328534644],[-82.0348918683319,26.5728859827024],[-82.0343880434193,26.5722664230451],[-82.0344755765214,26.5717267453233],[-82.0342236680193,26.5714169638626],[-82.0344862645543,26.56979792417],[-82.0342343616162,26.5694881409495],[-82.03454071624121,26.5675992495621],[-82.0342888194943,26.5672894644376],[-82.03450763919392,26.5659402485024],[-82.0342557473831,26.5656304617616],[-82.0344308007507,26.5645510841882],[-82.0354490346433,26.5638613726003],[-82.0364554261091,26.5576548555942],[-82.0354479380719,26.5564156914001],[-82.0351523142676,26.5563757499948],[-82.0341448596999,26.555136568449],[-82.0344074084239,26.5535174501375],[-82.0341555530422,26.5532076516445],[-82.0343743392951,26.551858379166],[-82.0341224888479,26.5515485790551],[-82.034341271431,26.5501992999475],[-82.0330820618533,26.54865028233681],[-82.0268745976832,26.5478111749847],[-82.0265352282551,26.5480410631978],[-82.0241705065728,26.5477212978445],[-82.0239187045727,26.5474114692135],[-82.0221451817806,26.5471716052325],[-82.0191237824056,26.5434535375905],[-82.0135079587293,26.5426935963777],[-82.0131685739054,26.5429234445327],[-82.0116907387889,26.5427234046773],[-82.01101195748201,26.5431830878311],[-82.0095341229159,26.5429830175121],[-82.0091947264332,26.5432128525108],[-82.00771689555091,26.543012756409],[-82.0074651659739,26.5427028836144],[-82.0075090014828,26.5424330323359],[-82.0062503836999,26.5408836541966],[-82.0059548262704,26.5408436280246],[-82.0060425045313,26.5403039234984],[-82.0057907887928,26.5399940441409],[-82.0060538207887,26.5383749240187],[-82.0058021106057,26.5380650428983],[-82.0058897870088,26.5375253340094],[-82.0056380798761,26.5372154517037],[-82.0053425352235,26.5371754233533],[-82.0055178908582,26.5360960025271],[-82.0050144893389,26.535476232567],[-82.0050583288183,26.53520637648],[-82.0048066313813,26.5348964900108],[-82.0048504712143,26.5346266335426],[-82.0045987762012,26.5343167460326],[-82.005957695201,26.5259510736417],[-82.009011668433,26.5238825011393],[-82.0090554896271,26.5236126339921],[-82.01177000091612,26.5217738142371],[-82.0118576237491,26.52123407397031],[-82.0138934176801,26.5198549020844],[-82.0140248288081,26.519045283988]]},"properties":{"segment_id":"4e40fb9bb6359485efc19e49","source_kmz":"caloosahatchee","orientation":"unverified"}},{"type":"Feature","geometry":{"type":"LineString","coordinates":[[-82.0185127014049,26.502552687538],[-82.0187643539913,26.5028625709166],[-82.0190597880136,26.5029025652697],[-82.0193114435669,26.5032124469992],[-82.0284700695254,26.50445183009751],[-82.0287217631585,26.50476168761981],[-82.0340398160474,26.5054809437485]]},"properties":{"segment_id":"80e6d6df77637ad5da6a5836","source_kmz":"caloosahatchee","orientation":"unverified"}},{"type":"Feature","geometry":{"type":"LineString","coordinates":[[-81.4938326575653,27.2089535008367],[-81.4935808322351,27.2086429951012],[-81.4940844497655,27.2056828132636],[-81.4875378081001,27.1976093188836],[-81.4876294035926,27.1970710943522],[-81.4868741047463,27.1961394983116],[-81.4872862870828,27.1937174732064],[-81.4855240260175,27.1915437102253],[-81.4852264798408,27.1915022849824],[-81.485592886789,27.1893493519],[-81.4845859451973,27.1881071751609],[-81.4853645413622,27.1835321353369],[-81.4843576712109,27.1822899357488],[-81.4844034708947,27.1820208131985],[-81.4781112072345,27.1742567439286],[-81.47781372446012,27.1742152956452],[-81.4765554140846,27.1726624121223],[-81.47596046135581,27.17257950551812],[-81.4757088071271,27.1722689246776],[-81.475411332389,27.172227469355],[-81.4751596811744,27.1719168868859],[-81.4715900210449,27.1714193479281],[-81.4705834917723,27.17017697328731],[-81.4693936333793,27.170011087862],[-81.46905032832,27.1702387395408],[-81.46875286381722,27.1701972651211],[-81.4685012425977,27.1698866648963],[-81.4682037795778,27.1698451888797],[-81.466830538481,27.1707557728496],[-81.46632730848,27.1701345633047],[-81.4657323831094,27.1700515981705],[-81.4649775589183,27.169119772765],[-81.4646801002516,27.1690782866787],[-81.4647718084421,27.1685400381714],[-81.4645202064539,27.1682294269368],[-81.4666750476672,27.1555803190355]]},"properties":{"segment_id":"11c1af56d98f2c66d73c4d70","source_kmz":"caloosahatchee","orientation":"unverified"}},{"type":"Feature","geometry":{"type":"LineString","coordinates":[[-81.4666750476672,27.1555803190355],[-81.4670183004965,27.1553526655626],[-81.4675214489881,27.1559738980971],[-81.46820795149011,27.1555185848616],[-81.4682537874581,27.1552494487293],[-81.469970005932,27.1541111417811],[-81.4700158356355,27.1538420037942],[-81.4703590726828,27.153614338268],[-81.470404900904,27.1533451997281],[-81.4707481349386,27.153117532606],[-81.4707939616774,27.1528483935131],[-81.4711371926993,27.1526207247952],[-81.4711830179559,27.1523515851493],[-81.4715262459651,27.1521239148357],[-81.4715720697394,27.1518547746367],[-81.471915294736,27.1516271027273],[-81.4719611170281,27.1513579619753],[-81.472304339012,27.15113028847],[-81.4723501598219,27.150861147165],[-81.4730365959474,27.1504057956925],[-81.4731282319255,27.1498675110978],[-81.4738146560009,27.1494121532422],[-81.4738604711691,27.1491430099525],[-81.4745468855854,27.1486876463646],[-81.4745926980763,27.1484185021964],[-81.4749359013634,27.1481908181714],[-81.4749817123723,27.1479216734502],[-81.47532491264711,27.1476939878294],[-81.475370722174,27.147424842555],[-81.4757139194364,27.1471971553385],[-81.4757597274814,27.146928009511],[-81.4764461141646,27.1464726306161],[-81.4765377246136,27.1459343369761],[-81.4768809128393,27.1457066449723],[-81.4769267164386,27.1454374974853],[-81.477269901652,27.1452098038857],[-81.4773615056004,27.1446715075776],[-81.4780478657957,27.1442161152656],[-81.4780936649496,27.1439469661191],[-81.4784368411267,27.1437192677322],[-81.4784826387989,27.14345011803241],[-81.4788258119639,27.1432224180497],[-81.4790089950064,27.1421458156714],[-81.4793521615742,27.1419181131165],[-81.4794895422616,27.1411106579647],[-81.4789863942772,27.1404894563028],[-81.4791237761164,27.1396819983203],[-81.4788722067149,27.1393713957797],[-81.4789637944184,27.1388330890587],[-81.4787122280773,27.1385224853783],[-81.4788038158781,27.1379841774857],[-81.4785522525973,27.1376735726654],[-81.4786438404953,27.1371352636012],[-81.4778891652836,27.1362034430817],[-81.4779349606681,27.1359342878173],[-81.4769287549722,27.1346918476229],[-81.477020349855,27.1341535353687],[-81.4767688042159,27.1338429228607],[-81.4768603991957,27.1333046094344],[-81.4761057769073,27.132372765851],[-81.4758084399442,27.132331306912],[-81.4750538375883,27.13139945316381],[-81.4750996392864,27.131130295425],[-81.4743450551429,27.1301984333692],[-81.4744366614087,27.1296601164258],[-81.473933616881,27.1290388701358],[-81.47397942082702,27.1287697110616],[-81.47347638480751,27.1281484609923],[-81.4731332576142,27.1283761533405],[-81.4728359358967,27.1283346855069],[-81.4725844223793,27.1280240577844],[-81.4726302300062,27.1277548985145],[-81.4723787189265,27.127444269782],[-81.4726077558688,27.1260984693607],[-81.4716017421407,27.1248559430267],[-81.4713044333266,27.1248144704362],[-81.4710529356295,27.1245038359041],[-81.471739168324,27.1240484584728],[-81.4723337813639,27.1241314005268],[-81.4726768937442,27.1239037080161],[-81.47276850374531,27.1233653827975]]},"properties":{"segment_id":"eabb56653fe7cef17377966f","source_kmz":"caloosahatchee","orientation":"unverified"}},{"type":"Feature","geometry":{"type":"LineString","coordinates":[[-81.47276850374531,27.1233653827975],[-81.4728143083159,27.1230962198461],[-81.4725628101901,27.1227855873985],[-81.4726086150956,27.1225164240885],[-81.4721056255349,27.1218951562931],[-81.4721972369716,27.1213568284671],[-81.47194574615791,27.1210461929889],[-81.472037357691,27.1205078639894],[-81.47178586993601,27.1201972273705],[-81.471831675894,27.1199280623981],[-81.4721747728412,27.1197003687792],[-81.4722663815085,27.1191620374984],[-81.4720148968603,27.118851400227],[-81.4693393127889,27.1184781205151],[-81.46883637044101,27.1178568298457]]},"properties":{"segment_id":"bd07dfd3e6a20a4e3407386b","source_kmz":"caloosahatchee","orientation":"unverified"}},{"type":"Feature","geometry":{"type":"LineString","coordinates":[[-81.46883637044101,27.1178568298457],[-81.46901962447622,27.1167801664957],[-81.46851669436111,27.1161588712629],[-81.46869994878011,27.1150822032172],[-81.46819703089741,27.1144609034207],[-81.4686551593057,27.11176921471751],[-81.4684037092994,27.11145856219351],[-81.468449521185,27.111189391937],[-81.4681980736153,27.1108787384023],[-81.4683813207766,27.1098020545708],[-81.4676269964133,27.1088700871196],[-81.4673297447448,27.10882860136571],[-81.4670783081153,27.10851794303962],[-81.4658893090845,27.1083519885585],[-81.4643807560919,27.1064880021422],[-81.4637862726274,27.1064050108299],[-81.4632834409288,27.10578367198841],[-81.4623917250476,27.1056591741735],[-81.4603804995206,27.1031737656306],[-81.4607929823235,27.1007511989076],[-81.4605415928877,27.100440517703],[-81.4606332538209,27.0999021667674],[-81.4596277191928,27.09865943210241]]},"properties":{"segment_id":"14fa21f3ca0a9d579e5130eb","source_kmz":"caloosahatchee","orientation":"unverified"}},{"type":"Feature","geometry":{"type":"LineString","coordinates":[[-81.4596277191928,27.09865943210241],[-81.4593305066458,27.0986179224725],[-81.45907912872,27.0983072358571],[-81.4591707965289,27.0977688828944],[-81.4581653079391,27.0965261265862],[-81.456976491759,27.0963600653975],[-81.4554683419729,27.0944958865568],[-81.455171145809,27.0944543646481],[-81.4544170989955,27.0935222611006],[-81.4545546363727,27.092714726302],[-81.4540519512929,27.0920933187512],[-81.4540977977529,27.0918241397658],[-81.4538464585552,27.0915134345395],[-81.4539381518559,27.0909750756208],[-81.4529328181735,27.0897322448671],[-81.4529786668756,27.08946306454081],[-81.4514707245055,27.0875987912226]]},"properties":{"segment_id":"99d6ff9b1b010c70673fbb23","source_kmz":"caloosahatchee","orientation":"unverified"}},{"type":"Feature","geometry":{"type":"LineString","coordinates":[[-81.4514707245055,27.0875987912226],[-81.4509680915631,27.0869773597427],[-81.45101394494161,27.0867081781395],[-81.4502600109957,27.0857760239259],[-81.44966568418911,27.0856929476715],[-81.44941437889,27.08538222634211],[-81.4476314125164,27.0851329727645],[-81.4451185309309,27.082025666128],[-81.4442270874318,27.0819010054402],[-81.4371920842418,27.0732000157439],[-81.43723797335291,27.0729308294777],[-81.43698675015652,27.0726200669529],[-81.4370326396004,27.0723508803265],[-81.4365301998875,27.0717293523741]]},"properties":{"segment_id":"ec1b3317d11d699f5cdd0c7c","source_kmz":"caloosahatchee","orientation":"unverified"}},{"type":"Feature","geometry":{"type":"LineString","coordinates":[[-81.4365301998875,27.0717293523741],[-81.4352741323399,27.07017551709041],[-81.4353200258351,27.0699063293159],[-81.4345664089258,27.06897401719],[-81.4346123039932,27.0687048287925],[-81.4341099030261,27.0680832827118],[-81.4342016947788,27.0675449047041],[-81.4316898111269,27.0644371188625],[-81.4293131716313,27.06410435226841],[-81.4265504140489,27.06068562029],[-81.4274227634078,27.055570945907],[-81.42717162627221,27.0552601443107]]},"properties":{"segment_id":"45aaa69f5532f9d620304721","source_kmz":"caloosahatchee","orientation":"unverified"}},{"type":"Feature","geometry":{"type":"LineString","coordinates":[[-81.2380900715191,27.0404527552513],[-81.2360868468893,27.0379625867248],[-81.2361333456063,27.0376934616675],[-81.23286753140971,27.037229765583],[-81.2233543187723,27.0254003803965],[-81.219792197513,27.0248940727952],[-81.2190413086929,27.0239600930735],[-81.2205771204773,27.01507873458471],[-81.2190755131546,27.0132107254159],[-81.219168589844,27.0126724516255],[-81.2169163119616,27.0098703762197],[-81.2142452269134,27.0094904757772],[-81.2129940784745,27.0079337028735],[-81.2124005191656,27.0078492637833]]},"properties":{"segment_id":"c5ba50920b5b56ea85a35c93","source_kmz":"caloosahatchee","orientation":"unverified"}},{"type":"Feature","geometry":{"type":"LineString","coordinates":[[-81.2124005191656,27.0078492637833],[-81.2121502972915,27.0075379050742]]},"properties":{"segment_id":"2a6c95606027a24480580354","source_kmz":"caloosahatchee","orientation":"unverified"}},{"type":"Feature","geometry":{"type":"LineString","coordinates":[[-81.42717162627221,27.0552601443107],[-81.4274011777682,27.0539141629537],[-81.4268989151275,27.05329255580421],[-81.4269448258043,27.0530233585817],[-81.426693697822,27.0527125535549],[-81.426877340136,27.0516357618447],[-81.4258728562393,27.0503925308278],[-81.425964680628,27.0498541325432],[-81.4257135654233,27.0495433223248],[-81.42621858585261,27.0465821139088],[-81.4254652715441,27.0456496736243],[-81.4255111826277,27.04538047108741],[-81.4252600821018,27.0450696557666],[-81.4256273653927,27.042916026156],[-81.42631318815701,27.0424608387672],[-81.4267263384341,27.04003798200881],[-81.4274121324774,27.0395827836458],[-81.4274580342434,27.0393135755372],[-81.4278009273542,27.0390859741217],[-81.4289483484489,27.0323556886094],[-81.4296340695973,27.0319004656023],[-81.4291319191872,27.0312788296085],[-81.4292695942294,27.0304711829462],[-81.429612447361,27.0302435697872],[-81.4297042269033,27.0297051368759],[-81.4300470758382,27.02947752179111],[-81.4300929639866,27.0292083046636],[-81.4304358099173,27.0289806879803],[-81.4310297269161,27.0290638867894],[-81.4324010875717,27.0281533997938],[-81.432698044025,27.0281949941536],[-81.43288155903142,27.02711811562891],[-81.4352813327129,27.0255246986761]]},"properties":{"segment_id":"d0c521b25000b22cbbc5dd42","source_kmz":"caloosahatchee","orientation":"unverified"}},{"type":"Feature","geometry":{"type":"LineString","coordinates":[[-81.4352813327129,27.0255246986761],[-81.4366525921073,27.0246141467386],[-81.43669845702561,27.0243449229325]]},"properties":{"segment_id":"d677715135d9db9e7e171500","source_kmz":"caloosahatchee","orientation":"unverified"}},{"type":"Feature","geometry":{"type":"LineString","coordinates":[[-81.2121502972915,27.0075379050742],[-81.2116498589673,27.0069151850211],[-81.2117895329344,27.0061077691619],[-81.2115393183238,27.005796407423],[-81.2115858763444,27.0055272682106],[-81.2119292042845,27.0053003512278],[-81.212022317064,27.0047620714523],[-81.2107712774186,27.0032052506839],[-81.2104745149898,27.0031630246881],[-81.2097239164802,27.0022289194467],[-81.2088336416906,27.0021022296655],[-81.2063317999988,26.9989884660339],[-81.2063783706028,26.9987193238256],[-81.2061281969885,26.9984079424997],[-81.2061747679145,26.9981387999291],[-81.2059245967206,26.997827417593],[-81.2060177389262,26.9972891314961],[-81.2055174044125,26.9966663636618],[-81.2056105479063,26.9961280761151],[-81.2053603845864,26.9958166906168],[-81.2058726597497,26.9928560911621],[-81.1996193326208,26.9850711319467],[-81.2004112217821,26.9804955490522],[-81.1994108359003,26.9792498956459],[-81.1995039987051,26.9787115863309],[-81.19650302919231,26.974974538593],[-81.1972018233808,26.9709371654817]]},"properties":{"segment_id":"3eaa5f11cbd46306b2193950","source_kmz":"caloosahatchee","orientation":"unverified"}},{"type":"Feature","geometry":{"type":"LineString","coordinates":[[-81.43669845702561,27.0243449229325],[-81.4364473774482,27.0240341155041],[-81.436906017059,27.0213418634822],[-81.4372488136906,27.0211142193357],[-81.4376156952063,27.0189603985517],[-81.4386440456206,27.018277450629],[-81.4381419096004,27.017655833297],[-81.4381877661619,27.01738660341781],[-81.43955886533801,27.0164759920131],[-81.4396964189981,27.0156682970671],[-81.44003918568801,27.0154406400561],[-81.4401308843115,27.0149021749544],[-81.44081640749,27.0144468558094],[-81.441045637115,27.0131006857571],[-81.4424166379001,27.012190025666],[-81.4427135441765,27.0122315935731],[-81.4428969000273,27.0111546477634],[-81.4446105833285,27.0100162827844],[-81.4449074831741,27.0100578447375],[-81.4451824671699,27.0084424087154],[-81.4449314033262,27.0081316073022],[-81.444977233609,27.0078623670275],[-81.4447261721952,27.0075515646004],[-81.4448178331398,27.0070130830958],[-81.44456677477491,27.0067022795221],[-81.44493341205171,27.00454834324],[-81.4459615325111,27.0038652950135],[-81.4462584118187,27.00390685387981],[-81.44660111439812,27.0036791676521]]},"properties":{"segment_id":"1846195e3cf36f18ebc559f4","source_kmz":"caloosahatchee","orientation":"unverified"}},{"type":"Feature","geometry":{"type":"LineString","coordinates":[[-81.1972018233808,26.9709371654817],[-81.1954514422526,26.968757148654],[-81.1954980304911,26.9684879876716],[-81.1952013950305,26.9684457141636],[-81.1929510513064,26.96564276420691]]},"properties":{"segment_id":"6ad8d0e6aa7dc54eda8565fd","source_kmz":"caloosahatchee","orientation":"unverified"}},{"type":"Feature","geometry":{"type":"LineString","coordinates":[[-81.1929510513064,26.96564276420691],[-81.1698152200826,26.9623423022171],[-81.1690654174043,26.9614077951101],[-81.1640232886744,26.9606877430393],[-81.1637733783587,26.9603762262282]]},"properties":{"segment_id":"64ed31ba411d9a58e627943a","source_kmz":"caloosahatchee","orientation":"unverified"}},{"type":"Feature","geometry":{"type":"LineString","coordinates":[[-81.1637733783587,26.9603762262282],[-81.1468681000716,26.9579601089026]]},"properties":{"segment_id":"1d08c5cd920539b95b1847a1","source_kmz":"caloosahatchee","orientation":"unverified"}},{"type":"Feature","geometry":{"type":"LineString","coordinates":[[-81.197209289418,26.9621125944621],[-81.1965228981601,26.9625663875612],[-81.1963365690528,26.9636430504517],[-81.1932476760219,26.9656850444328],[-81.1929510513064,26.96564276420691]]},"properties":{"segment_id":"e3f817891c5eb2c143f01d06","source_kmz":"caloosahatchee","orientation":"unverified"}},{"type":"Feature","geometry":{"type":"LineString","coordinates":[[-81.21138887185872,26.9679933712377],[-81.2106385695875,26.9670591772196],[-81.210685109504,26.9667900081572],[-81.2059389513961,26.96611421548741],[-81.2045661898344,26.9670219004629],[-81.2042695549729,26.9669796524588],[-81.2037694089512,26.9663568214912],[-81.2038159699298,26.9660876549328],[-81.2005530418352,26.9656228557582],[-81.1983025978316,26.9628199978051],[-81.1980059804928,26.9627777315444],[-81.1975059040786,26.962154863061],[-81.197209289418,26.9621125944621]]},"properties":{"segment_id":"5ed3495225644d5f39afa63e","source_kmz":"caloosahatchee","orientation":"unverified"}},{"type":"Feature","geometry":{"type":"LineString","coordinates":[[-81.201339615221,26.9558059742772],[-81.2006532958876,26.9562598027676],[-81.1999547822137,26.960297371093],[-81.197209289418,26.9621125944621]]},"properties":{"segment_id":"41b6c4b1c6c5657d2bcd9f4b","source_kmz":"caloosahatchee","orientation":"unverified"}},{"type":"Feature","geometry":{"type":"LineString","coordinates":[[-81.5324720324799,26.999125389165],[-81.5319693315669,26.9985041872003],[-81.5316724296616,26.9984628705364],[-81.53142108311272,26.9981522674808],[-81.5311241826824,26.9981109492212],[-81.5308728391353,26.9978003445336],[-81.53057594018,26.9977590246784],[-81.5303245996348,26.9974484183587],[-81.5297308049589,26.9973657746108],[-81.5294794686059,26.9970551659097],[-81.5285887822981,26.9969311916929],[-81.5283374513276,26.9966205798611],[-81.5274467711533,26.9964965957801],[-81.5271954455652,26.9961859808175],[-81.52571099025411,26.9959793200111],[-81.5252083564158,26.9953580799448],[-81.5234270337236,26.9951100500597],[-81.5231757266637,26.9947994242066],[-81.5205037725618,26.9944273155162],[-81.5200011853028,26.9938060476746],[-81.5191105462047,26.9936819917171],[-81.51885925886312,26.9933713542247],[-81.5182655032695,26.9932886445235],[-81.5180142201199,26.99297800465],[-81.5153423447633,26.992605762365],[-81.5150910741386,26.9922951148655],[-81.5144973295741,26.9922123835513],[-81.5142460631412,26.9919017336709],[-81.5068243820238,26.9908672879331]]},"properties":{"segment_id":"b15028cf0bfc4dcd81440929","source_kmz":"caloosahatchee","orientation":"unverified"}},{"type":"Feature","geometry":{"type":"LineString","coordinates":[[-81.2487927230126,26.9484905198387],[-81.24790294559672,26.9483641422893],[-81.2472169305528,26.94881828574],[-81.2463271520648,26.9486918949199],[-81.2456411261176,26.949146027613],[-81.2447513465579,26.9490196235221],[-81.2444083290358,26.9492466851266],[-81.2435185502445,26.9491202705964],[-81.2431755290769,26.94934732809571],[-81.24287893611292,26.94930518728451],[-81.2425359125262,26.9495322425662],[-81.24194272624132,26.9494479565202],[-81.2398845394388,26.950810250135],[-81.2395879430525,26.950768100181],[-81.2389018651112,26.9512221859746],[-81.2386052677886,26.9511800332875],[-81.23826222549592,26.9514070733297],[-81.23737243342822,26.9512806073648],[-81.2370293874904,26.9515076433016],[-81.2251657181335,26.9498206657186],[-81.2203625421872,26.9529985064814],[-81.2200659478224,26.95295630149811],[-81.2200194446476,26.9532254855521],[-81.2176466929567,26.9528878144659],[-81.210441124567,26.9576539220465],[-81.2101445190492,26.9576116895325],[-81.2100979823984,26.9578808655349],[-81.209847913822,26.9575694561731],[-81.2089580998831,26.9574427510232],[-81.2087080366929,26.9571313385427],[-81.2075216269487,26.95696238352262],[-81.207271570338,26.9566509671769],[-81.201339615221,26.9558059742772]]},"properties":{"segment_id":"1e0d8d94ff5f9a217a536a4d","source_kmz":"caloosahatchee","orientation":"unverified"}},{"type":"Feature","geometry":{"type":"LineString","coordinates":[[-81.5068243820238,26.9908672879331],[-81.5064818895203,26.9910951795372],[-81.5038101223455,26.9907226411228],[-81.5035588987699,26.9904119642711],[-81.5028738983049,26.9908677254605],[-81.502577036661,26.99082632543722],[-81.5023258172273,26.9905156457221],[-81.50202895705911,26.9904742441036],[-81.5017777406267,26.9901635627571],[-81.5008871654047,26.99003935057731],[-81.5006359543547,26.98972866610101],[-81.50004224134702,26.9896458522523],[-81.49928862620472,26.98871378903471],[-81.4989917737002,26.9886723785938],[-81.4990374247787,26.9884030995308],[-81.49677669342252,26.9856068542904],[-81.4964798528231,26.9855654363586],[-81.49622867069351,26.9852547372822],[-81.4923697843358,26.9847162174374],[-81.4920272780628,26.9849440658516],[-81.4869811042722,26.984239615812],[-81.4829630169788,26.9792679412134]]},"properties":{"segment_id":"6e6fd623f62b09fd7acc959a","source_kmz":"caloosahatchee","orientation":"unverified"}},{"type":"Feature","geometry":{"type":"LineString","coordinates":[[-81.1468681000716,26.9579601089026],[-81.1386243184749,26.9476781580222],[-81.1389983437542,26.9455249343364],[-81.1374997148288,26.94365537959551],[-81.1372031932448,26.9436129387635],[-81.1372499496568,26.9433437840643],[-81.1369534292668,26.9433013424863],[-81.13520513194192,26.9411201439507],[-81.1349086202014,26.9410776963067],[-81.1375268539365,26.9260046222772]]},"properties":{"segment_id":"e96779749151b51f82af553f","source_kmz":"caloosahatchee","orientation":"unverified"}},{"type":"Feature","geometry":{"type":"LineString","coordinates":[[-81.1375268539365,26.9260046222772],[-81.1340310196025,26.9216419815421]]},"properties":{"segment_id":"626fedfa2195e155f623fc4e","source_kmz":"caloosahatchee","orientation":"unverified"}},{"type":"Feature","geometry":{"type":"LineString","coordinates":[[-81.4829630169788,26.9792679412134],[-81.48271190190941,26.9789572040516],[-81.4821182803047,26.9788742860365],[-81.4816160603581,26.9782528060704],[-81.4813192523648,26.978211344296],[-81.479812643108,26.9763468787294],[-81.47743824658231,26.9760151181307],[-81.47618283625931,26.9744613426068],[-81.4758860439307,26.9744198649807],[-81.4756349684861,26.9741091064802],[-81.47474459678492,26.9739846662794],[-81.4744935267213,26.9736739046501],[-81.4741967379158,26.9736324221424],[-81.4731924805207,26.9723893638071],[-81.4728956967625,26.9723478774581],[-81.472393581304,26.9717263414991],[-81.4718000194061,26.97164336326791],[-81.4715489667721,26.9713325924674],[-81.4709554083975,26.9712496093549],[-81.47070435995401,26.9709388361745],[-81.4701108051027,26.9708558481806],[-81.4698597608496,26.9705450726203],[-81.4657049255496,26.9699640514363],[-81.4654538997722,26.9696532645108],[-81.4642668190188,26.9694872250101],[-81.4640157998127,26.96917643420741],[-81.4634222635314,26.9690934078841],[-81.4591552543321,26.9638098038025]]},"properties":{"segment_id":"8477003c8b167554792e3ae6","source_kmz":"caloosahatchee","orientation":"unverified"}},{"type":"Feature","geometry":{"type":"LineString","coordinates":[[-81.4283193258599,26.9575599327399],[-81.4194119812217,26.9634785991066],[-81.4167414469993,26.9631038103741],[-81.4163988268448,26.9633314257352],[-81.40126620669771,26.9612062808066],[-81.400513908115,26.96027343053071],[-81.3916128225598,26.9590222503848]]},"properties":{"segment_id":"fd24220cfbcbb996af8d7ef9","source_kmz":"caloosahatchee","orientation":"unverified"}},{"type":"Feature","geometry":{"type":"LineString","coordinates":[[-81.44660111439812,27.0036791676521],[-81.4458479545776,27.0027467580976],[-81.4459396034036,27.0022082681152],[-81.4466249949285,27.0017528942326],[-81.4469457401196,26.9998681674596],[-81.44569053209251,26.9983141340926],[-81.4457363547839,26.9980448858262],[-81.4454853192288,26.9977340763755],[-81.4451884615549,26.99769251457541],[-81.4434312717003,26.9955168184983],[-81.4434770999617,26.9952475690364],[-81.4432260806998,26.9949367516523],[-81.4433635656227,26.9941290014867],[-81.4454195665785,26.99276288314161],[-81.4451685475481,26.992452068172],[-81.4453518306531,26.9913750563322],[-81.4445987918487,26.9904426045385],[-81.4449195392574,26.98855782215991],[-81.4446685342744,26.9882470022013],[-81.4448518146859,26.9871699780997],[-81.4446008139879,26.98685915672741],[-81.4447382731475,26.9860513858332],[-81.4444872761157,26.9857405631801],[-81.4441904602227,26.9856989971066],[-81.4439394661919,26.9853881728233],[-81.4436426517763,26.9853466051552],[-81.44314067152672,26.9847249524462],[-81.4428438597796,26.9846833824349],[-81.4393302174033,26.9803317042431],[-81.4398801944792,26.9771005746809],[-81.4402228073509,26.9768728916117],[-81.4402686357222,26.9766036289885],[-81.44198166698382,26.9754651929358],[-81.4421191325164,26.9746573987644],[-81.4431469188421,26.9739743189281],[-81.44319273654132,26.9737050527594],[-81.4445630882141,26.9727942605372],[-81.4447005253049,26.9719864567127],[-81.4439476628722,26.97105394776411],[-81.4436508977949,26.9710123783895],[-81.4431490009344,26.9703906998503],[-81.44285223852481,26.9703491281327],[-81.4393391797987,26.9659972691034],[-81.43726196763622,26.965706170039],[-81.4352547313805,26.9632192739242],[-81.4353005680084,26.9629500027957],[-81.4350038349885,26.9629084079411],[-81.4332476108909,26.9607323213654],[-81.4329508864918,26.9606907204258],[-81.4329967289691,26.96042144832681],[-81.4309897387063,26.9579344322675],[-81.4283193258599,26.9575599327399]]},"properties":{"segment_id":"2a7a3ef944a4d433503d9d1a","source_kmz":"caloosahatchee","orientation":"unverified"}},{"type":"Feature","geometry":{"type":"LineString","coordinates":[[-81.4591552543321,26.9638098038025],[-81.4584023069857,26.9628773766155],[-81.4581055630818,26.9628358472108],[-81.4571016633753,26.9615925956153],[-81.45650818594781,26.9615095282792],[-81.4562572179245,26.9611987116774],[-81.4547735353095,26.9609910247916],[-81.4545225750469,26.9606802035643],[-81.4539291063826,26.9605971213919],[-81.4521724518593,26.9584213376179]]},"properties":{"segment_id":"72a82ba9dd0de8e876223fd2","source_kmz":"caloosahatchee","orientation":"unverified"}},{"type":"Feature","geometry":{"type":"LineString","coordinates":[[-81.4317449021045,26.95528329375381],[-81.4283193258599,26.9575599327399]]},"properties":{"segment_id":"bb36543de5fa9a4bcc40ccb8","source_kmz":"caloosahatchee","orientation":"unverified"}},{"type":"Feature","geometry":{"type":"LineString","coordinates":[[-81.4521724518593,26.9584213376179],[-81.4471281560371,26.9577149134691],[-81.44575807106,26.9586257791613],[-81.44516462497882,26.9585426468235],[-81.4446627897751,26.95792095301101],[-81.4447085942128,26.95765167361891],[-81.4402578343527,26.9570280522503],[-81.4385451465536,26.9581665210972],[-81.437654993033,26.9580417598417],[-81.4371532148786,26.9574200291378],[-81.4368564999917,26.9573784388641],[-81.4369023285143,26.9571091624627],[-81.4357154754457,26.9569427932994],[-81.434711967122,26.9556993058032],[-81.4317449021045,26.95528329375381]]},"properties":{"segment_id":"139c75ec5745521585b9bac6","source_kmz":"caloosahatchee","orientation":"unverified"}},{"type":"Feature","geometry":{"type":"LineString","coordinates":[[-81.1340310196025,26.9216419815421],[-81.1254177937038,26.91089045311161]]},"properties":{"segment_id":"6d8b73eb9b7ce39b82032091","source_kmz":"caloosahatchee","orientation":"unverified"}},{"type":"Feature","geometry":{"type":"LineString","coordinates":[[-81.28649504885252,26.9306726360625],[-81.2862447834549,26.9303613845955],[-81.2853551382124,26.9302353186743],[-81.2851048781956,26.92992406408552],[-81.28391869334992,26.9297559613683],[-81.2832330158987,26.9302103653774],[-81.28318672208451,26.9304795952496],[-81.28022125888882,26.9300592594374],[-81.2798784101245,26.9302864497676],[-81.2780991423947,26.930034202047],[-81.2712417142805,26.9345776280287],[-81.2711953807028,26.9348468491709],[-81.2660518177533,26.938254079439],[-81.2655513923,26.9376314916321],[-81.2640685771581,26.9374210888723],[-81.26338273424662,26.9378753527014],[-81.2583411960154,26.9371597931691],[-81.25559766871652,26.9389766692092],[-81.2555512839561,26.9392458799752],[-81.2558014643759,26.939557196755],[-81.25561592489261,26.9406340369712],[-81.2558661095715,26.9409453523384],[-81.2557269537593,26.9417529796703],[-81.2550410324841,26.9422071831205],[-81.2548554778086,26.9432840136828],[-81.2541695397707,26.9437382093993],[-81.2538729607235,26.9436960990435],[-81.253826568043,26.9439653053471],[-81.2540767559258,26.944276621972],[-81.25398397092262,26.9448150336188],[-81.25423416183801,26.9451263490977],[-81.2541877695155,26.9453955544409],[-81.2546881579908,26.9460181824929],[-81.2545489829661,26.9468257963359],[-81.2542059999608,26.9470528914863],[-81.2541596065142,26.9473220953079],[-81.25381662051042,26.9475491888549],[-81.2535200285324,26.9475070779663],[-81.25338084016832,26.9483146867579],[-81.2518978710772,26.9481041181585],[-81.25121187913541,26.9485582881271],[-81.2491357259858,26.9482634433714],[-81.2487927230126,26.9484905198387]]},"properties":{"segment_id":"dbdd0725c4e0cda997d09873","source_kmz":"caloosahatchee","orientation":"unverified"}},{"type":"Feature","geometry":{"type":"LineString","coordinates":[[-81.3097654688122,26.9331399042418],[-81.3094226856209,26.9333671892892],[-81.3085329755416,26.9332413214639],[-81.30784740005322,26.9336958820797],[-81.28649504885252,26.9306726360625]]},"properties":{"segment_id":"3b70f6ea20e180ae7011a46f","source_kmz":"caloosahatchee","orientation":"unverified"}},{"type":"Feature","geometry":{"type":"LineString","coordinates":[[-81.3187550640434,26.9338596505741],[-81.3184584874987,26.9338177219776],[-81.3182080976795,26.9335065497988],[-81.3179115226145,26.9334646196095],[-81.3174107507772,26.9328422711143],[-81.3171141783832,26.9328003385849],[-81.3167714159015,26.9330276479204],[-81.3161782707488,26.932943778439],[-81.3159278916901,26.932632600014],[-81.3135553321431,26.9322970822954],[-81.3125270171495,26.932978972523],[-81.311044167584,26.9327692323249],[-81.3107013892341,26.9329965218048],[-81.3101082501974,26.9329126179215],[-81.3097654688122,26.9331399042418]]},"properties":{"segment_id":"59e385623d68e261b95939dc","source_kmz":"caloosahatchee","orientation":"unverified"}},{"type":"Feature","geometry":{"type":"LineString","coordinates":[[-81.3349617426278,26.9314615247536],[-81.334619032493,26.9316888934117],[-81.3340258792046,26.9316051247348],[-81.333683166033,26.9318324902338],[-81.3333865892056,26.931790603684],[-81.3330438736126,26.9320179669672],[-81.33274729645791,26.9319760786287],[-81.3324045784434,26.932203439696],[-81.3318114237678,26.9321196585965],[-81.3304405287257,26.93302908259311],[-81.3301439493594,26.9329871870022],[-81.3287730229559,26.9338965868631],[-81.32847644141731,26.9338546866537],[-81.32813370468551,26.934082032494],[-81.3278371228198,26.9340401304959],[-81.3271516427072,26.9344948164718],[-81.32566873155,26.9342852843675],[-81.325325985709,26.9345126207298],[-81.3238430786802,26.9343030627745],[-81.323500327958,26.9345303931475],[-81.3187550640434,26.9338596505741]]},"properties":{"segment_id":"7ac2a4fe1654a784edf5a81d","source_kmz":"caloosahatchee","orientation":"unverified"}},{"type":"Feature","geometry":{"type":"LineString","coordinates":[[-81.3916128225598,26.9590222503848],[-81.3888549267045,26.9556014846156],[-81.388992858165,26.9547937136707],[-81.38824074827,26.9538607578404],[-81.3884246602675,26.95278372507842],[-81.3816011986892,26.9518237463647],[-81.3773400575556,26.9465365452643],[-81.3776827140417,26.9463090465964],[-81.3771814365141,26.9456870074186],[-81.3768847909628,26.9456452457983],[-81.3766341561011,26.9453342241392],[-81.37604086824211,26.94525069686591],[-81.3757902375696,26.94493967282961],[-81.3734171071517,26.9446055239307],[-81.372731783407,26.9450604943288],[-81.3718418605425,26.9449351688809],[-81.3714991941101,26.94516264934221],[-81.3646765238971,26.9442015463956],[-81.3644259372499,26.9438904942074],[-81.3641293040547,26.9438486962285],[-81.36387872040571,26.9435376424111],[-81.3623955646969,26.9433286360947],[-81.3621449888103,26.9430175776571],[-81.3609584741825,26.9428503543934],[-81.3607079048673,26.9425392920833],[-81.3604112781201,26.9424974834058],[-81.3601607118031,26.9421864194665],[-81.3592708368602,26.9420609861178],[-81.3590202759233,26.9417499190539],[-81.3542743389961,26.9410808007138],[-81.353773260658,26.9404586400145],[-81.3534766444269,26.9404168114361],[-81.3529755756986,26.9397946457163],[-81.3522901823792,26.9402494886678],[-81.3514003388639,26.9401239877141],[-81.3511498119341,26.9398129000609],[-81.35055658674452,26.9397292270357],[-81.3470494327883,26.9353738864259],[-81.3467528373002,26.9353320381778],[-81.3465023410445,26.9350209350629],[-81.3450193738755,26.934811677403],[-81.3437669494712,26.93325612991911],[-81.3431737765284,26.9331724134611],[-81.3428310812404,26.93339980787111],[-81.3425344945853,26.9333579474307],[-81.3420335457664,26.9327357165549],[-81.3420796571487,26.9324664624783],[-81.3349617426278,26.9314615247536]]},"properties":{"segment_id":"1a7204234cf9efd833e21d68","source_kmz":"caloosahatchee","orientation":"unverified"}},{"type":"Feature","geometry":{"type":"LineString","coordinates":[[-81.1254177937038,26.91089045311161],[-81.1240448690688,26.9091763446655]]},"properties":{"segment_id":"da6eef41fdb2ef7960b2fba2","source_kmz":"caloosahatchee","orientation":"unverified"}},{"type":"Feature","geometry":{"type":"LineString","coordinates":[[-81.1240448690688,26.9091763446655],[-81.1163075864345,26.8995145089457]]},"properties":{"segment_id":"9869821f1dd96c323ece6c80","source_kmz":"caloosahatchee","orientation":"unverified"}},{"type":"Feature","geometry":{"type":"LineString","coordinates":[[-81.1163075864345,26.8995145089457],[-81.1150597998417,26.8979560692473],[-81.1154809959315,26.89553343522971],[-81.1152314495024,26.8952217434529],[-81.1156994235223,26.8925299044515],[-81.1167288093786,26.8918498689856],[-81.11738387388151,26.8880812413739],[-81.118413193425,26.8874011804954],[-81.1188810258483,26.8847092657579],[-81.1202533789768,26.8838024867921],[-81.120549686788,26.8838449830419],[-81.1211577516043,26.8803454405498]]},"properties":{"segment_id":"66a085be40f75fed37b4cbc6","source_kmz":"caloosahatchee","orientation":"unverified"}},{"type":"Feature","geometry":{"type":"LineString","coordinates":[[-81.1211577516043,26.8803454405498],[-81.1189121092343,26.877540180278],[-81.1191459946008,26.8761941859021],[-81.1188964908343,26.87588248525091]]},"properties":{"segment_id":"d7fb4c762900f11cef039255","source_kmz":"caloosahatchee","orientation":"unverified"}},{"type":"Feature","geometry":{"type":"LineString","coordinates":[[-81.1188964908343,26.87588248525091],[-81.11950456658,26.8723828708886],[-81.1192550725315,26.872071167618],[-81.1199800309453,26.8678984969722]]},"properties":{"segment_id":"b8db28b591e6d95ab43fe56f","source_kmz":"caloosahatchee","orientation":"unverified"}},{"type":"Feature","geometry":{"type":"LineString","coordinates":[[-81.1199800309453,26.8678984969722],[-81.1204710920032,26.8650718173138],[-81.1202216155878,26.8647601096807],[-81.120408680447,26.8636832720408],[-81.120159208268,26.8633715629919],[-81.1203930358262,26.86202551002801],[-81.12014356849231,26.8617137994291],[-81.1203306277263,26.8606369523261],[-81.1200811646285,26.86032524031121],[-81.120127929317,26.8600560278185],[-81.1198784686286,26.8597443147899],[-81.1200655269024,26.8586674619516],[-81.11931716294671,26.85773231597801],[-81.11936392861261,26.8574631017831],[-81.1188650295293,26.8568396664675],[-81.1189585624215,26.8563012368414],[-81.1187091167981,26.8559895175957],[-81.1187558834157,26.8557203022987],[-81.1185064402015,26.8554085820392],[-81.1227610377552,26.8309090011172]]},"properties":{"segment_id":"fc0fcd87bf8794f7ac528c55","source_kmz":"caloosahatchee","orientation":"unverified"}},{"type":"Feature","geometry":{"type":"LineString","coordinates":[[-81.5866276877499,26.9013535134518],[-81.5836126690832,26.8976267483191],[-81.5837033465116,26.8970879736808],[-81.5832008711951,26.8964668332278],[-81.5832462107267,26.8961974452904],[-81.5829949764012,26.8958868736009],[-81.5832216729188,26.894539929763],[-81.5829704435055,26.8942293565113]]},"properties":{"segment_id":"c00e3d89e2458a21e63eb8c8","source_kmz":"caloosahatchee","orientation":"unverified"}},{"type":"Feature","geometry":{"type":"LineString","coordinates":[[-81.3897268303024,26.8757552398579],[-81.3894763520622,26.8754441855302],[-81.3891799419081,26.8754024501945],[-81.389317742204,26.8745944898734],[-81.3885663274194,26.873661318135],[-81.3886122621255,26.8733919971582],[-81.3878608654287,26.8724588170691],[-81.3879068016955,26.8721894954548],[-81.387405880818,26.8715673707111],[-81.38592390445461,26.8713586538771],[-81.3839203406707,26.8688700896774],[-81.3839662873179,26.8686007669663],[-81.3843086170639,26.8683731948672],[-81.3843545622358,26.868103871594],[-81.3846968889888,26.867876297893],[-81.3849725468702,26.86626035139392],[-81.385314864687,26.8660327744424],[-81.3853608054757,26.8657634488825],[-81.3851103719424,26.8654523750061],[-81.3851563130601,26.8651830490786],[-81.3849058819465,26.8648719741841],[-81.3846095102885,26.8648302246046],[-81.3843590821676,26.8645191480794],[-81.37872809769941,26.863725731309],[-81.3780434438383,26.8641808438907],[-81.3777470778703,26.8641390747786],[-81.3772462768794,26.8635168867215],[-81.3776139857525,26.86136228822931],[-81.3771132018219,26.86074009447722]]},"properties":{"segment_id":"834558a04584127ae24a9c5c","source_kmz":"caloosahatchee","orientation":"unverified"}},{"type":"Feature","geometry":{"type":"LineString","coordinates":[[-81.3771132018219,26.86074009447722],[-81.3772970543006,26.8596627885678],[-81.3770466675021,26.8593516898264],[-81.3772764797268,26.8580050515299],[-81.37796108867342,26.8575499357408],[-81.3781449237856,26.8564726182771],[-81.3788295160096,26.8560174947598],[-81.3794221935436,26.8561010279903],[-81.3795141010188,26.8555623661537],[-81.3805409650053,26.8548796637032],[-81.381138289307,26.8513783262119],[-81.3814805582468,26.8511507518946],[-81.3816183918747,26.8503427443603],[-81.3823029172144,26.8498875899293],[-81.3823948001142,26.8493489157562],[-81.3821444248527,26.8490378198236],[-81.3823281896752,26.8479604681423],[-81.3818274494841,26.8473382725435],[-81.3825119499139,26.8468831127366],[-81.3825578892574,26.8466137733033],[-81.3818067909036,26.8456804765471],[-81.3814645444974,26.8459080555804],[-81.381214182559,26.8455969542832],[-81.3812601252649,26.8453276144048],[-81.3810097657449,26.8450165120888],[-81.3804171627258,26.8449329851445],[-81.3784143704909,26.8424441228584],[-81.3778217876273,26.8423605805726],[-81.3775714490883,26.8420494673172],[-81.3778931083057,26.8401640748793],[-81.3782353413647,26.8399365037058],[-81.3783731874532,26.8391284738914],[-81.3790576410342,26.8386733257468],[-81.3793792552488,26.8367879100716]]},"properties":{"segment_id":"4772314b5b908794bd6b9444","source_kmz":"caloosahatchee","orientation":"unverified"}},{"type":"Feature","geometry":{"type":"LineString","coordinates":[[-81.5829704435055,26.8942293565113],[-81.583015782581,26.8939599669134],[-81.5827645555963,26.89364939264121],[-81.583353945899,26.8901473050291],[-81.5836958347578,26.88991909515],[-81.583741169306,26.8896497018459],[-81.5844249392275,26.8891932776238],[-81.5844702711194,26.8889238834324],[-81.5848121521822,26.88869566908942],[-81.5851294591974,26.8868099009678],[-81.58487824541551,26.8864993252837],[-81.5849235744784,26.8862299287752],[-81.5844211535784,26.8856087744801],[-81.5844664836,26.8853393774687],[-81.5842152764819,26.8850287988577],[-81.5842606068414,26.8847594014788],[-81.5840094021514,26.884448821847],[-81.5840547328487,26.8841794241006],[-81.5833011314849,26.8832476794871],[-81.5833464637616,26.8829782811018],[-81.5830952675422,26.8826676976579],[-81.5831406001568,26.8823982989051],[-81.5826382143812,26.8817771290902],[-81.5827742142517,26.8809689306268],[-81.5807647583316,26.8784842127006],[-81.5808100960211,26.8782148116629],[-81.5805589227835,26.8779042178028],[-81.5806042608106,26.8776348163975],[-81.5803530900006,26.8773242215163],[-81.5805344417625,26.8762466130329],[-81.5800321105279,26.8756254195282],[-81.5800774490022,26.8753560165559],[-81.5804192879543,26.875127807518],[-81.5807157889979,26.8751690008389],[-81.581169137284,26.872474954119],[-81.5821946058487,26.8717903067235],[-81.5824910962793,26.8718314954138],[-81.5831747317141,26.8713750555861],[-81.582672409825,26.8707538659106],[-81.5827630649008,26.8702150497671],[-81.5825119079074,26.8699044533294],[-81.58221542408322,26.8698632644659],[-81.5819642700827,26.8695526663934],[-81.5821002570083,26.8687444399104],[-81.581849106676,26.8684338405444],[-81.5819397644533,26.867895021457],[-81.5814374716903,26.8672738195249],[-81.58114099741,26.8672326272985],[-81.5812316583445,26.8666938069309],[-81.5809805170998,26.8663832036152],[-81.5818417513428,26.8612643612369],[-81.58252530656321,26.8608079115383],[-81.5826159521168,26.8602690798376],[-81.5821136988415,26.8596478672868],[-81.5818172504167,26.859606676058],[-81.5818625749133,26.8593372596831],[-81.58156612767431,26.8592960677048],[-81.5777995032791,26.8546368361391]]},"properties":{"segment_id":"9264fc766c6e7ce96b81453d","source_kmz":"caloosahatchee","orientation":"unverified"}},{"type":"Feature","geometry":{"type":"LineString","coordinates":[[-81.0136210051053,26.77461103032641],[-81.016607105053,26.7783555042497],[-81.0169030003395,26.7783983073066],[-81.01715185486651,26.77871034033801],[-81.0177436487003,26.778795942432],[-81.0179925074053,26.77910797309501],[-81.0626765023449,26.7855610725056]]},"properties":{"segment_id":"99e60f9f2cb7a98e460b8d48","source_kmz":"caloosahatchee","orientation":"unverified"}},{"type":"Feature","geometry":{"type":"LineString","coordinates":[[-81.1033951863388,26.7886640639913],[-81.1040806853425,26.7882106509483],[-81.1082243225721,26.7888063300077],[-81.1092525320829,26.7881261612799],[-81.1098444812743,26.7882112391292],[-81.1099847530793,26.7874034437076],[-81.11067020752841,26.7869499857408],[-81.1109661786495,26.78699252121782],[-81.1114646176727,26.7876161220805],[-81.1466875420757,26.7926716405678]]},"properties":{"segment_id":"9724e5e1111f93746fd35c82","source_kmz":"caloosahatchee","orientation":"unverified"}},{"type":"Feature","geometry":{"type":"LineString","coordinates":[[-81.3793792552488,26.8367879100716],[-81.3776269971062,26.8346100892549],[-81.3776729451526,26.8343407422763],[-81.37742263038692,26.8340296213477],[-81.3774685787618,26.83376027400031],[-81.3772182664137,26.8334491520525],[-81.377264215117,26.8331798043364],[-81.3767635970586,26.8325575575191],[-81.3768095467051,26.83228820929831],[-81.3765592409948,26.8319770844288],[-81.3766051909696,26.8317077358392],[-81.3751033982516,26.8298409672558],[-81.3752872100412,26.8287635673065],[-81.3750369200228,26.828452435574],[-81.3753585839279,26.8265669757371],[-81.3751083000152,26.8262558421697],[-81.3727384323028,26.82592156192271],[-81.3719876198831,26.8249881379796],[-81.3716913912714,26.82494634690501],[-81.3714411252571,26.8246352030762],[-81.37025621842642,26.8244680273402],[-81.3700059589652,26.8241568796381],[-81.3694135096445,26.8240732852069],[-81.3689130008794,26.8234509841625],[-81.3690509078438,26.8226429275621],[-81.3685504099745,26.8220206221682],[-81.3686423489759,26.82148191605801],[-81.3689845324067,26.8212543626975],[-81.36903050029,26.8209850089621],[-81.3687802553289,26.8206738551434],[-81.3684840430576,26.8206320544487],[-81.3679835609167,26.8200097426662],[-81.3680755013124,26.819471033874],[-81.3687598534325,26.8190159269054],[-81.3688058208254,26.8187465714984],[-81.3694901633623,26.8182914587793],[-81.3695361280936,26.8180221024781],[-81.3698323319278,26.8180639005111],[-81.36958209253831,26.8177527459435],[-81.3702664231173,26.8172976268129],[-81.37056262482162,26.8173394228649],[-81.3706545462995,26.8168007075797],[-81.3709967058967,26.8165731445028],[-81.3710426650184,26.8163037861797]]},"properties":{"segment_id":"2300e1f8aa8b674f7c78455f","source_kmz":"caloosahatchee","orientation":"unverified"}},{"type":"Feature","geometry":{"type":"LineString","coordinates":[[-81.0626765023449,26.7855610725056],[-81.0770744384257,26.7760438517899],[-81.0782581091653,26.7762143748607],[-81.0806574400548,26.77462792613141]]},"properties":{"segment_id":"731a89c840f2919957ef51d4","source_kmz":"caloosahatchee","orientation":"unverified"}},{"type":"Feature","geometry":{"type":"LineString","coordinates":[[-81.0806574400548,26.77462792613141],[-81.0809533542229,26.7746705481907],[-81.08170058420941,26.7756061968792],[-81.0825883391742,26.7757340512905],[-81.0828374229999,26.7760459301909],[-81.0831333430949,26.7760885458956],[-81.0838806089227,26.7770241750789],[-81.0847683816681,26.77715201042581],[-81.0922420365442,26.7865077993518],[-81.1028967994793,26.78804042655],[-81.1033951863388,26.7886640639913]]},"properties":{"segment_id":"45d68276483e119835ab4fdb","source_kmz":"caloosahatchee","orientation":"unverified"}},{"type":"Feature","geometry":{"type":"LineString","coordinates":[[-81.7132069345069,26.8648210919078],[-81.6958500703724,26.8434091533292]]},"properties":{"segment_id":"7d572bf9e916c4d667ed64c9","source_kmz":"caloosahatchee","orientation":"unverified"}},{"type":"Feature","geometry":{"type":"LineString","coordinates":[[-81.3710426650184,26.8163037861797],[-81.3707464666315,26.8162619913611],[-81.36924506888042,26.8143950539556],[-81.3694289208528,26.8133176154516],[-81.3691786966583,26.8130064555803],[-81.3692246595495,26.8127370952347],[-81.367973568675,26.8111812819429],[-81.3673812102674,26.8110976728051],[-81.36742717774551,26.8108283117397],[-81.3669267599855,26.8102059769756],[-81.3669727284057,26.8099366154043],[-81.3667225228424,26.8096254465606],[-81.3667684915903,26.8093560846197],[-81.3655174938688,26.8078002264655],[-81.3655634654014,26.80753086361001],[-81.36506308015181,26.8069085138903],[-81.3651090526263,26.8066391505287],[-81.3643584901054,26.805705618913],[-81.3645883573923,26.8043587965586],[-81.3649304837077,26.8041312450253],[-81.3651603378954,26.8027844151794],[-81.3649101595595,26.8024732354546],[-81.3649561301517,26.80220386864851],[-81.3644557801121,26.8015815062751],[-81.364593693854,26.8007734036371],[-81.3643435233783,26.8004622207156],[-81.3644354656685,26.799923484183],[-81.3641852982222,26.799612300105],[-81.3642312695516,26.7993429313518],[-81.3634807798616,26.7984093734059],[-81.3635267527466,26.79814000401],[-81.3632765937328,26.797828816124],[-81.36332256694541,26.7975594463579],[-81.362822255549,26.7969370676618],[-81.362868229703,26.7966676973892],[-81.3626180773203,26.796356506579],[-81.3623219513566,26.7963146854305],[-81.3623679267386,26.796045314885],[-81.3621177779579,26.7957341223071],[-81.3621637536674,26.7954647513915],[-81.36191360730162,26.7951535577933],[-81.3619595833384,26.7948841865076],[-81.3617094393875,26.79457299188911],[-81.3617554157518,26.79430362023311],[-81.3615052742157,26.7939924245944],[-81.3615512509074,26.7937230525682]]},"properties":{"segment_id":"dafb65aff673b7fb4421193f","source_kmz":"caloosahatchee","orientation":"unverified"}},{"type":"Feature","geometry":{"type":"LineString","coordinates":[[-81.6958500703724,26.8434091533292],[-81.6898149170426,26.8359605323201],[-81.689859892308,26.8356910506353]]},"properties":{"segment_id":"9d63771dd400b42eaeebe435","source_kmz":"caloosahatchee","orientation":"unverified"}},{"type":"Feature","geometry":{"type":"LineString","coordinates":[[-81.689859892308,26.8356910506353],[-81.68990486729281,26.8354215687181],[-81.6896534263996,26.8351111981434],[-81.6897883515388,26.8343027505863],[-81.6892854789078,26.833682005952]]},"properties":{"segment_id":"740db1bd45f863ad00d19825","source_kmz":"caloosahatchee","orientation":"unverified"}},{"type":"Feature","geometry":{"type":"LineString","coordinates":[[-81.2879177086845,26.7739145516058],[-81.2881675272309,26.7742259417543],[-81.2864581235458,26.7841919248723],[-81.28795720844592,26.7860602169202],[-81.2879110065488,26.7863295625501],[-81.2881608609429,26.7866409413312],[-81.2876526278075,26.7896037263196],[-81.2879024907332,26.7899151027184],[-81.2878562866056,26.7901844452684],[-81.288605888018,26.7911185687582],[-81.2879213350021,26.791573187964],[-81.2877365134545,26.792650551538],[-81.2901051394398,26.7929867918986]]},"properties":{"segment_id":"e1869e9bd0bd70f782e611f9","source_kmz":"caloosahatchee","orientation":"unverified"}},{"type":"Feature","geometry":{"type":"LineString","coordinates":[[-81.303883684584,26.7745250655468],[-81.3041335623835,26.7748364169401],[-81.30390283194811,26.7761832230132],[-81.3041527146081,26.77649457284],[-81.3041065682708,26.7767639332156],[-81.3048562288845,26.7776979769859],[-81.30417186756732,26.77815272063801],[-81.3041257204047,26.7784220797067],[-81.3034413495148,26.7788768176025],[-81.3033951996902,26.779146175774],[-81.3036450890849,26.7794575240984],[-81.3035527897976,26.7799962394663],[-81.3040525764349,26.7806189329189],[-81.3039141290212,26.7814270033963],[-81.3035719320277,26.7816543702757],[-81.3034796299395,26.7821930820942],[-81.3027952258041,26.7826478107072],[-81.3026106086778,26.7837252288842],[-81.3022683991608,26.7839525899546],[-81.3021299297342,26.7847606501361],[-81.3014454981762,26.7852153664682],[-81.3013993387505,26.7854847187311],[-81.301149440023,26.7851733705588],[-81.3008533821575,26.7851313738051],[-81.3006034864173,26.78482002400281],[-81.3003074300269,26.7847780256581],[-81.2982540845886,26.7861421234786],[-81.2982079147258,26.7864114735963],[-81.2971812141468,26.7870935043216],[-81.2971350404336,26.7873628532109],[-81.29679280212,26.7875901939077],[-81.2963772150651,26.7900143204015],[-81.2966271105991,26.7903256755545],[-81.2965347559798,26.79086436748541],[-81.2967846545383,26.7911757214827],[-81.2965999442958,26.79225310199301],[-81.2974881857214,26.7923791232461]]},"properties":{"segment_id":"63f131cbe6c965fb508c40a6","source_kmz":"caloosahatchee","orientation":"unverified"}},{"type":"Feature","geometry":{"type":"LineString","coordinates":[[-81.5777995032791,26.8546368361391],[-81.5775484094347,26.8543262136167],[-81.5777297479019,26.8532485374605],[-81.578071505562,26.8530203213287],[-81.5790687601676,26.84709302880581],[-81.5794104899369,26.8468648041814],[-81.5795011402891,26.8463259531733],[-81.5812097501947,26.8451848077232],[-81.5820707595195,26.8400656455825],[-81.58106650294852,26.8388231381511],[-81.5816555880438,26.8353204980685],[-81.5826806117413,26.8346357713878],[-81.5827259204454,26.834366334922],[-81.5824748678007,26.8340557057745],[-81.5834716014387,26.828128041667],[-81.5832205642385,26.8278174086251],[-81.5840359830231,26.8229674154007],[-81.5898432986435,26.8190868735379],[-81.590024409824,26.8180090646785],[-81.5895223489096,26.8173878107322],[-81.5897940146494,26.8157710888133],[-81.5900903164998,26.8158122627209],[-81.5921397512122,26.8144425540941],[-81.593324946558,26.8146072186923],[-81.5943496321135,26.81392233594981],[-81.5943948935765,26.8136528780449],[-81.5946911903564,26.81369403916341],[-81.5950080063795,26.8118078266372],[-81.5953495545268,26.8115795262806],[-81.5954400684818,26.8110406056624],[-81.59840296440031,26.8114521523419],[-81.6042088611527,26.8075706809429],[-81.605393985251,26.8077352119794],[-81.6057354898692,26.8075068749448]]},"properties":{"segment_id":"9729059011ef045f442e7dad","source_kmz":"caloosahatchee","orientation":"unverified"}},{"type":"Feature","geometry":{"type":"LineString","coordinates":[[-81.6892854789078,26.833682005952],[-81.6894204052581,26.8328735554806],[-81.6886661154638,26.831942430639],[-81.6848128856258,26.8314107628425],[-81.6833044471411,26.8295484306858],[-81.6830080539127,26.8295075227441],[-81.68275665500411,26.8291971301954],[-81.6824602632402,26.8291562206583],[-81.6796950074715,26.8257418358039],[-81.679785010206,26.8252028647538],[-81.6795336353989,26.8248924605318],[-81.6795786369674,26.8246229745206],[-81.6780704297829,26.8227605297292],[-81.6781154348043,26.8224910426616],[-81.6778640738831,26.822180631953],[-81.677909079246,26.8219111445155],[-81.6776577207527,26.82160073278221],[-81.6777477318808,26.8210617569345],[-81.6774963764378,26.8207513440391],[-81.677541382203,26.820481855629],[-81.6772900291879,26.8201714417087],[-81.6773350352945,26.8199019529286],[-81.6770836847074,26.8195915379835],[-81.677308714141,26.8182440899064],[-81.6765546825457,26.8173128376851],[-81.6765996894567,26.8170433469594],[-81.676348349825,26.8167329276399],[-81.6763933570774,26.81646343654411],[-81.6758906844748,26.81584259496771]]},"properties":{"segment_id":"8b7262604b007121c1f28fb3","source_kmz":"caloosahatchee","orientation":"unverified"}},{"type":"Feature","geometry":{"type":"LineString","coordinates":[[-81.3012783871682,26.7578764522077],[-81.30118609616942,26.7584151997467],[-81.3014820627473,26.7584571988634],[-81.3012974808981,26.7595346915185],[-81.3009553636427,26.7597620644924],[-81.30081692067732,26.7605701805273],[-81.29979054743731,26.7612522888226],[-81.29965209120321,26.7620603997621],[-81.2989678262613,26.7625151302677],[-81.2989216712345,26.7627844994486],[-81.2999209860876,26.7640299902996],[-81.2998748332211,26.7642993586988],[-81.3003745026648,26.7649220985493],[-81.3006704911157,26.7649640991606],[-81.3006243400851,26.7652334671493],[-81.3008741793043,26.7655448348658],[-81.3008280285982,26.7658142024834],[-81.3010778702284,26.7661255691795],[-81.3019658498246,26.7662515620529],[-81.3022156968147,26.7665629256254],[-81.3025116917754,26.7666049208148],[-81.30301139352662,26.76722764381571],[-81.30287295782202,26.7680357447909],[-81.3031228132325,26.7683471045557],[-81.3025690518875,26.7715794857359],[-81.3028189164425,26.7718908429765],[-81.3026343225766,26.7729682953291],[-81.303883684584,26.7745250655468]]},"properties":{"segment_id":"819c0cb2e62a322f4b76060a","source_kmz":"caloosahatchee","orientation":"unverified"}},{"type":"Feature","geometry":{"type":"LineString","coordinates":[[-81.6758906844748,26.81584259496771],[-81.6769147299746,26.8151569053647],[-81.6777247710135,26.8103060031872],[-81.6780660946018,26.8100774315461],[-81.6783360809758,26.8084604454263],[-81.6786773956593,26.8082318705488],[-81.678767386506,26.8076928726571],[-81.67826474785862,26.8070720265026],[-81.6779684340936,26.807031101569],[-81.6780134312427,26.8067616020938],[-81.6741613895688,26.80622950228],[-81.6726536200714,26.8043668786855]]},"properties":{"segment_id":"d1c037c4a17683b344deadd4","source_kmz":"caloosahatchee","orientation":"unverified"}},{"type":"Feature","geometry":{"type":"LineString","coordinates":[[-81.1816779147052,26.7306202675577],[-81.1891580265216,26.739970400408],[-81.1891115416405,26.7402397387886],[-81.1893609071539,26.7405513960674],[-81.1893144225921,26.7408207340762],[-81.189563790511,26.7411323903357],[-81.1892848807157,26.7427484126349],[-81.190282384971,26.7439950255646],[-81.190142933473,26.7448030319021],[-81.1908910860106,26.7457379811028],[-81.1908446034259,26.7460073156687],[-81.191842167734,26.7472539017018],[-81.1917956872959,26.747523235486],[-81.1925438812212,26.7484581653352],[-81.1924974023208,26.7487274984746],[-81.1934950218148,26.7499740587062],[-81.1934485450612,26.7502433910642],[-81.1936979550363,26.7505550287794],[-81.1936050018791,26.7510936925178],[-81.194103829657,26.7517169647545],[-81.1938249705491,26.753332948697],[-81.1950720897181,26.7548911097491],[-81.1947932384666,26.7565070811456],[-81.1970381990982,26.7593117080794],[-81.1969452573325,26.7598503608773],[-81.1991903745256,26.7626549138888],[-81.1990974425709,26.7631935632924],[-81.19875504236501,26.7634205988312],[-81.1985227014729,26.7647672165728],[-81.1987721716138,26.7650788288174],[-81.1987257031766,26.7653481515258],[-81.1989751757247,26.7656597627517],[-81.19878930151961,26.7667370506951],[-81.1981044696339,26.7671911137344],[-81.1980579979824,26.7674604344689],[-81.197373156529,26.7679144917444],[-81.1973266822113,26.7681838115792],[-81.1975761578984,26.7684954235429],[-81.19752968390081,26.768764743007],[-81.19718725752172,26.7689917696771],[-81.19709430628131,26.7695304072368],[-81.1973902601712,26.7695726999927],[-81.1970478302269,26.769799725665],[-81.1969084003267,26.7706076795432],[-81.1971578814991,26.7709192902803],[-81.1970649280039,26.7714579247546],[-81.1980628755486,26.7727043577924],[-81.1979699257715,26.7732429902392],[-81.1982194183718,26.773554596021],[-81.1981729436586,26.7738239117567],[-81.1975810063041,26.7737393308964],[-81.1972385603613,26.7739663544071],[-81.1969596880832,26.7755822407268],[-81.196617233211,26.7758092609677],[-81.1963848257413,26.7771558247942],[-81.196042363128,26.7773828420981],[-81.1959958795768,26.7776521538279],[-81.1956534139766,26.7778791695246],[-81.1956069289473,26.77814848068771],[-81.1952644603602,26.7783754947772],[-81.1951249999687,26.77918342586341],[-81.1953744994569,26.7794950329891],[-81.1950955745127,26.7811108880199],[-81.1940681241292,26.781791915493],[-81.1958146843398,26.783973147772],[-81.195582242427,26.7853196774431],[-81.1960812819124,26.7859428773692],[-81.1958488388561,26.7872893998265],[-81.2109459255517,26.7894453213133]]},"properties":{"segment_id":"bc3bdb65d7623990f6f9ea35","source_kmz":"caloosahatchee","orientation":"unverified"}},{"type":"Feature","geometry":{"type":"LineString","coordinates":[[-81.2695564268693,26.7395725134773],[-81.2701482006498,26.7396566948532],[-81.27039785630602,26.7399681589711],[-81.2706937448148,26.7400102476468],[-81.2709434034552,26.7403217101347],[-81.2715351837097,26.74040588346161],[-81.2737822137252,26.7432089926578],[-81.2735973194065,26.744286484778],[-81.2738470008406,26.744597936389],[-81.2741429068619,26.7446400147128],[-81.2756410403407,26.7465087013465],[-81.27593695377041,26.7465507743477],[-81.2755209793918,26.74897511101],[-81.2757706812843,26.74928655371],[-81.2755395773884,26.750633398515],[-81.2738288106885,26.751769858473],[-81.2743282202215,26.7523927459471],[-81.2742357672235,26.75293147835781],[-81.2732092750501,26.7536133407117],[-81.2731630445584,26.7538827055689],[-81.2724787050782,26.7543372734384],[-81.27297811971201,26.7549601626524],[-81.2753456561463,26.7552967750173],[-81.2758450969653,26.7559196487546],[-81.2756139765057,26.7572664673678],[-81.2758637026689,26.757577902227],[-81.2761596540756,26.7576199732229],[-81.2759747585674,26.758697423736],[-81.2764742235532,26.7593202882167],[-81.2773620974133,26.7594464928324],[-81.2781113190641,26.7603807762101],[-81.2780651002215,26.760650137861],[-81.2783610632112,26.7606922022361],[-81.278268626461,26.7612309250297],[-81.2790178733618,26.7621651969868],[-81.2793138419993,26.7622072584736],[-81.2800631086486,26.7631415202415],[-81.2800168944094,26.76341088056361],[-81.28031286779562,26.7634529390642],[-81.2800817967783,26.7647997376474],[-81.2805813265829,26.76542257127541],[-81.2805351127388,26.7656919300156],[-81.2801929165509,26.7659192308307],[-81.2801467012317,26.7661885890047],[-81.2803964694793,26.7665000048302],[-81.2806924536218,26.7665420618719],[-81.2803227327916,26.7686969185159],[-81.2805725089175,26.7690083316182],[-81.2808685017304,26.7690503878501],[-81.2826169932916,26.7712302496105],[-81.2829129947038,26.7712722997723],[-81.2831627875957,26.77158370431591],[-81.2837547936583,26.7716678006138],[-81.2844392110049,26.771213182068],[-81.2850312157722,26.7712972712221],[-81.2853734205236,26.7710699581554],[-81.2856694227274,26.7711120005244],[-81.2860116250681,26.7708846852423],[-81.2863076269479,26.7709267258254],[-81.2868072369818,26.771549518424],[-81.2867610392556,26.7718188750552],[-81.2870108475828,26.7721302698931],[-81.2869646501806,26.77239962615341],[-81.2872144609186,26.7727110199714],[-81.2871682638403,26.772980375861],[-81.2879177086845,26.7739145516058]]},"properties":{"segment_id":"b1d4ee5140e6eb51e1788c9f","source_kmz":"caloosahatchee","orientation":"unverified"}},{"type":"Feature","geometry":{"type":"LineString","coordinates":[[-81.17694134665,26.7246981059129],[-81.1816779147052,26.7306202675577]]},"properties":{"segment_id":"c1bd8e8838f67d5a1c589574","source_kmz":"caloosahatchee","orientation":"unverified"}},{"type":"Feature","geometry":{"type":"LineString","coordinates":[[-81.1737009104529,26.7206459169921],[-81.17694134665,26.7246981059129]]},"properties":{"segment_id":"7857ca39780a43e7407f3169","source_kmz":"caloosahatchee","orientation":"unverified"}},{"type":"Feature","geometry":{"type":"LineString","coordinates":[[-81.2694455518622,26.7296223352675],[-81.269103469193,26.7298496239368],[-81.2689647765981,26.7306577690512],[-81.26862268857252,26.7308850554492],[-81.2685764559454,26.7311544363517],[-81.2682343649363,26.7313817211434],[-81.2678644840644,26.7335367572479],[-81.2696119302463,26.73571706516161],[-81.2694732329952,26.73652519694251],[-81.2691311231069,26.736752481067],[-81.26963041213381,26.7373754186272],[-81.2695841791761,26.737644794811],[-81.2698338269965,26.7379562621285],[-81.2697875943617,26.7382256379402],[-81.2700372445903,26.7385371042369],[-81.2699447796787,26.73907585488161],[-81.2696026609435,26.7393031388394],[-81.2695564268693,26.7395725134773]]},"properties":{"segment_id":"2df6534130478bd3bc887bc1","source_kmz":"caloosahatchee","orientation":"unverified"}},{"type":"Feature","geometry":{"type":"LineString","coordinates":[[-81.6057354898692,26.8075068749448],[-81.6084674618582,26.8056801329707],[-81.6079653400033,26.805058945139],[-81.6076690665058,26.8050178206152],[-81.6079855675203,26.8031315206662],[-81.6093514750289,26.8022181186718],[-81.6096227222032,26.8006012731673],[-81.6113300304773,26.799459482254],[-81.6117368289397,26.7970341834727],[-81.6124197183119,26.7965774523055],[-81.6124649143644,26.7963079728401],[-81.6127611602919,26.796349084818],[-81.6135746248221,26.7914984128488],[-81.6093072072389,26.7862181915884],[-81.6098495927071,26.7829843401971],[-81.6090965954421,26.7820525048705],[-81.6091869927953,26.7815135255447],[-81.6112353119344,26.7801433042324],[-81.6113256939602,26.7796043200258],[-81.6110746975777,26.7792937095934],[-81.6111650797166,26.7787547241773],[-81.6118478277434,26.7782979721763],[-81.6118930160237,26.7780284784602],[-81.6142624881356,26.7783573812961],[-81.6166520064263,26.7767586543443]]},"properties":{"segment_id":"ca22bac35e56b8cb985abcea","source_kmz":"caloosahatchee","orientation":"unverified"}},{"type":"Feature","geometry":{"type":"LineString","coordinates":[[-81.6726536200714,26.8043668786855],[-81.6721510446794,26.8037459970528],[-81.6718547452116,26.8037050543815],[-81.6733850800508,26.7945419414908],[-81.6731338173848,26.7942314939084],[-81.67322382822171,26.7936924786038],[-81.6729725686036,26.7933820298578],[-81.6731075846194,26.7925735047393],[-81.67285632867102,26.7922630546917],[-81.67290133407,26.7919935457148],[-81.6726500805477,26.7916830946414],[-81.6727400917473,26.7911440757124],[-81.6724888412728,26.7908336234753],[-81.6725788525933,26.7902946033379],[-81.6720763595441,26.7896736956482],[-81.6721213660266,26.7894041849539],[-81.6718701228302,26.7890937296393],[-81.67196013619672,26.7885547072754],[-81.6717088960479,26.7882442507968],[-81.6717989095351,26.7877052272243],[-81.6715476724337,26.7873947695819],[-81.6717727043493,26.7860472058801],[-81.6715214721599,26.78573674665961],[-81.6727815386681,26.7781902783124],[-81.6717766975575,26.7769484170801]]},"properties":{"segment_id":"a4d79fb77cbef568ac83778e","source_kmz":"caloosahatchee","orientation":"unverified"}},{"type":"Feature","geometry":{"type":"LineString","coordinates":[[-81.6166520064263,26.7767586543443],[-81.6190414363597,26.77515986519691],[-81.6192672546515,26.77381236626911],[-81.61901624655552,26.7735017696235],[-81.6191517360127,26.7726932670507],[-81.61890073157991,26.7723826691035],[-81.6204812764367,26.7629499789331]]},"properties":{"segment_id":"89094cb1289cfd20c452ae52","source_kmz":"caloosahatchee","orientation":"unverified"}},{"type":"Feature","geometry":{"type":"LineString","coordinates":[[-81.6404582530287,26.7648928121958],[-81.6407994958568,26.76466433176631]]},"properties":{"segment_id":"5313169acdac6fe2ebaa9342","source_kmz":"caloosahatchee","orientation":"unverified"}},{"type":"Feature","geometry":{"type":"LineString","coordinates":[[-81.5137998778044,26.7486404582359],[-81.5135493216051,26.7483295852272],[-81.5136402790309,26.7477906352917],[-81.512136987056,26.7459253769648],[-81.5118409618057,26.7458839735257],[-81.5113398812537,26.7452622121607],[-81.51143084921891,26.7447232592707]]},"properties":{"segment_id":"bf685dd955f42a2625a318f7","source_kmz":"caloosahatchee","orientation":"unverified"}},{"type":"Feature","geometry":{"type":"LineString","coordinates":[[-81.6204812764367,26.7629499789331],[-81.6218464173376,26.7620363055126],[-81.62273481715822,26.7621595715443],[-81.6229858056907,26.7624701696347],[-81.6232819407097,26.7625112558729],[-81.6237839255483,26.7631324478917],[-81.6258568951163,26.7634200174123],[-81.6261078985186,26.7637306068441],[-81.6314384762717,26.7644698677504],[-81.6334860391457,26.7630991412847],[-81.6336213770372,26.7622905951607],[-81.6346451234928,26.7616052118341],[-81.6370142321142,26.7619336143961],[-81.6392736494009,26.7647286581748],[-81.6404582530287,26.7648928121958]]},"properties":{"segment_id":"83cfe8d2f9c295f002c38f52","source_kmz":"caloosahatchee","orientation":"unverified"}},{"type":"Feature","geometry":{"type":"LineString","coordinates":[[-81.6717766975575,26.7769484170801],[-81.6712742878255,26.7763274811354],[-81.6709780827273,26.7762865326744],[-81.6714280994828,26.7735913137387],[-81.6711769047187,26.7732808423017],[-81.6713119061393,26.7724722716551],[-81.6710607150428,26.7721617989151],[-81.6714207114597,26.7700055991469],[-81.6709183446186,26.769384648789],[-81.6706221634691,26.7693436984808],[-81.6719270621902,26.7615273437847],[-81.6729504959795,26.7608415834193],[-81.6732204243028,26.759224376146],[-81.6735615582009,26.7589957848483],[-81.6736965150316,26.7581871770717],[-81.6740376435807,26.7579585835194],[-81.6741725943423,26.757149972654],[-81.6739214374753,26.7568394927712],[-81.6741013703839,26.7557613411248],[-81.6744424882961,26.7555327446142],[-81.67525210960711,26.7506810100154],[-81.67559320444461,26.7504524063189],[-81.6753420619245,26.7501419237185],[-81.6753870376628,26.7498723802194],[-81.6748847592732,26.7492514120753],[-81.6749747123932,26.7487123238207],[-81.6756568862065,26.74825511431551]]},"properties":{"segment_id":"3296ef7b433834f104bb1762","source_kmz":"caloosahatchee","orientation":"unverified"}},{"type":"Feature","geometry":{"type":"LineString","coordinates":[[-81.6407994958568,26.76466433176631],[-81.641070037266,26.763047225925],[-81.6431174138025,26.761676304859],[-81.6434135556599,26.7617173340997],[-81.643754778152,26.7614888418738],[-81.6443470614687,26.76157089594051],[-81.6450294985622,26.7611139039215],[-81.6452999497789,26.7594967701943],[-81.6450488897506,26.7591862230244],[-81.6452291874254,26.7581081286456],[-81.6447270777411,26.757487030534],[-81.6452228868223,26.7545222486639],[-81.6455640761513,26.75429374567671],[-81.6456992873646,26.7534851629074],[-81.6477463642058,26.7521141124144],[-81.6480424755216,26.752155129684],[-81.6483836480657,26.7519266158872],[-81.648975870299,26.75200864601201],[-81.6492269235933,26.7523191903143],[-81.6501152625954,26.7524422269167],[-81.6504564307961,26.7522137065402],[-81.6507074900007,26.7525242470944],[-81.6510036041245,26.752565255916],[-81.6512546663139,26.7528757948324],[-81.6515507819005,26.7529168020596],[-81.6518919481805,26.7526882773122],[-81.6524841789548,26.7527702873523],[-81.6528253421911,26.7525417594561],[-81.6537136885963,26.7526647653605],[-81.6540548481681,26.7524362333755],[-81.6540998914293,26.7521667008782],[-81.6546921207258,26.7522486985203],[-81.6574213130192,26.7504203792913],[-81.660678539597,26.7508712232062],[-81.6614318210157,26.7518027721466],[-81.66172793775202,26.7518437506391],[-81.6619790363456,26.752154264426],[-81.6623201720662,26.7519257050897],[-81.6626162896442,26.7519666810478],[-81.6636207090177,26.7532087218686],[-81.6639168316038,26.75324969398301],[-81.664051869628,26.7524410849709],[-81.6657575084745,26.7512982427051],[-81.6659375316093,26.7502200875062],[-81.6676431017516,26.7490772069455],[-81.6679392120997,26.7491181681508],[-81.6682803200993,26.7488895872927],[-81.6703530960409,26.749176285496],[-81.6710352979386,26.748719106816],[-81.671331408667,26.7487600584433],[-81.672013602112,26.748302872809],[-81.6723097118787,26.7483438217118],[-81.6733329866631,26.747658030926],[-81.6745174210807,26.7478218068114],[-81.6747685539054,26.74813229352131],[-81.6756568862065,26.74825511431551]]},"properties":{"segment_id":"6d469e2cfb220a989bc4bbc8","source_kmz":"caloosahatchee","orientation":"unverified"}},{"type":"Feature","geometry":{"type":"LineString","coordinates":[[-81.82779288117132,26.8193421016277],[-81.83017957678952,26.8177386867629],[-81.8304759989656,26.8177791787231],[-81.8308767329658,26.81535316372612],[-81.8472397197305,26.8043564610861],[-81.8469878045568,26.8040464411127],[-81.84712120934971,26.8032377178131],[-81.8468692978615,26.8029276965344],[-81.8469137661972,26.8026581214976],[-81.8466618571421,26.8023480991905],[-81.8467952623634,26.8015393722691],[-81.8471361037153,26.8013102428249],[-81.8486922722141,26.79187492927],[-81.8479366255976,26.7909448430463],[-81.85109251465352,26.7718037299481],[-81.8514332274137,26.7715745664299],[-81.8514776653981,26.7713049645739],[-81.8518183751725,26.7710757994623],[-81.8521738596338,26.7689189736066],[-81.8514183761588,26.76798884969571],[-81.8520404575827,26.7642143627]]},"properties":{"segment_id":"66de4ec2be542a169ca2c1b2","source_kmz":"caloosahatchee","orientation":"unverified"}},{"type":"Feature","geometry":{"type":"LineString","coordinates":[[-81.8520404575827,26.7642143627],[-81.8507813983686,26.7626641286232]]},"properties":{"segment_id":"00f6a201dcfccafb0fb9722f","source_kmz":"caloosahatchee","orientation":"unverified"}},{"type":"Feature","geometry":{"type":"LineString","coordinates":[[-81.6756568862065,26.74825511431551],[-81.6762491091419,26.7483369906208],[-81.6762940811156,26.7480674452952],[-81.6769762428703,26.7476102262988],[-81.6770661812505,26.7470711336311],[-81.6780894032729,26.7463852936493],[-81.6781793334428,26.7458461980735],[-81.6788614677183,26.7453889637609],[-81.6789064300199,26.74511941496471],[-81.6786552910906,26.7448089354476],[-81.6787002537332,26.7445393862786],[-81.6790413152436,26.7443107671727],[-81.6790862764245,26.7440412174411],[-81.67942733495092,26.7438125967379],[-81.6797234328567,26.7438535251554],[-81.6800644889594,26.74362490224391],[-81.68036058652422,26.743665828877],[-81.68104269207952,26.7432085773688],[-81.6811326005442,26.74266947419362],[-81.6824967805728,26.7417549533243],[-81.6833850583595,26.74187771067],[-81.6837260969967,26.7416490744622],[-81.6840221895312,26.7416899909482],[-81.6847042601557,26.7412327128478],[-81.6847492020933,26.7409631582279],[-81.6850902335204,26.7407345169461],[-81.68538632357011,26.7407754296733],[-81.6857273525735,26.7405467861834],[-81.6858172290808,26.7400076747369],[-81.6878633510735,26.7386357832132],[-81.6879082818197,26.7383662251663],[-81.688249294662,26.73813757181051],[-81.6883391529522,26.73759845435711],[-81.6907261758438,26.7359978407467],[-81.6908160164785,26.735458717754],[-81.6914980020731,26.7350013868483],[-81.6915429196084,26.7347318243433],[-81.6921350650051,26.7348136137976],[-81.6928170385429,26.7343562734022],[-81.692861951634,26.7340867098159],[-81.6932029345184,26.7338580373867],[-81.6932478461486,26.7335884732376],[-81.6935888260497,26.7333597992112],[-81.6936337362191,26.7330902344992],[-81.6949976330765,26.7321755243943],[-81.6955897642442,26.73225729486751],[-81.6962716993738,26.7317999284465],[-81.6965677641346,26.731840810537],[-81.6968189296961,26.73215125884681],[-81.6977071291999,26.7322738977997],[-81.6980480921351,26.7320452083178],[-81.6992323595708,26.7322087113369],[-81.699914275063,26.7317513210518],[-81.7002103413783,26.7317921928156],[-81.7005512957994,26.7315634948311],[-81.701439494559,26.7316861022356],[-81.7014843794019,26.7314165328135],[-81.70182532897542,26.73118783041321],[-81.70195997828381,26.7303791197565],[-81.7029828055633,26.7296930019868],[-81.7030725632861,26.729153858406],[-81.7034134997465,26.7289251492885],[-81.7036378832564,26.7275772845964],[-81.703978812011,26.7273485725666],[-81.7042031826275,26.7260007003783],[-81.7037008360286,26.72537982712401],[-81.703790584804,26.7248406760524],[-81.7040866293063,26.7248815376554],[-81.7044275462544,26.7246528223373],[-81.7127168884035,26.7257965779613],[-81.7133986820847,26.7253390909128]]},"properties":{"segment_id":"946af624baf38b8cbaa990d6","source_kmz":"caloosahatchee","orientation":"unverified"}},{"type":"Feature","geometry":{"type":"LineString","coordinates":[[-81.7285015759814,26.7456205551718],[-81.7288425100991,26.7453917741235],[-81.7294347636761,26.7454733494019],[-81.7297756947458,26.74524456520661],[-81.7300718213308,26.7452853506389],[-81.7304127499749,26.7450565642362],[-81.7318933839756,26.74526047402651],[-81.7321447152431,26.7455708250078],[-81.7330331025362,26.7456931584923],[-81.7333740249558,26.7454643626943],[-81.7336701539893,26.7455051378931],[-81.73401107398311,26.7452763398877],[-81.73430720267332,26.745317113302],[-81.7346481202413,26.74508831308921],[-81.734692908561,26.7448187400732],[-81.7350338231449,26.7445899382643],[-81.7350786100047,26.7443203646861],[-81.7354195216047,26.744091561281],[-81.7355090921254,26.7435524127669],[-81.7352577546525,26.7432420680363],[-81.7354368948347,26.7421637676462],[-81.7368004926332,26.7412485359111],[-81.7369348306716,26.7404398042234],[-81.7372757220715,26.7402109921349],[-81.7380369034499,26.7356281339046],[-81.7377855799292,26.73531778799771],[-81.7379646722014,26.7342394580344],[-81.73645678387601,26.7323773605653],[-81.736546335807,26.7318381925077],[-81.736043723277,26.7312174856763],[-81.7361332765814,26.7306783161252],[-81.73783753386742,26.729534223103],[-81.7379718440267,26.72872546209391],[-81.738312686535,26.7284966387004],[-81.7383574548499,26.7282270509008],[-81.7386982943753,26.7279982259109],[-81.73883259410562,26.72718946012281],[-81.7398550912442,26.7265029745893],[-81.7401511584415,26.7265437336867],[-81.7404919865935,26.7263149017006],[-81.7406710265075,26.7252365384056],[-81.7404197237202,26.7249261893111],[-81.7405987616615,26.7238478217129],[-81.7423028253896,26.72270363267731],[-81.7424370832163,26.7218948495926],[-81.7421857837995,26.7215845016845],[-81.7422305364731,26.7213149067151],[-81.741979239481,26.7210045577775],[-81.7421134976959,26.7201957710457],[-81.7418622043732,26.7198854207992],[-81.7419069571762,26.719615824614],[-81.7425885478243,26.7191581385317],[-81.7426332979886,26.7188885414552]]},"properties":{"segment_id":"0973af5bcce9b5fc0a58075f","source_kmz":"caloosahatchee","orientation":"unverified"}},{"type":"Feature","geometry":{"type":"LineString","coordinates":[[-81.3489019584536,26.6600426190512],[-81.3417279985155,26.6648218660711],[-81.3422273949452,26.6654445888256],[-81.34199754856,26.6667919147067],[-81.3317474490473,26.673618423116],[-81.329677616213,26.6733249384775],[-81.3289942102304,26.67377998513],[-81.328948195926,26.6740494382759],[-81.3286525045458,26.6740075065465],[-81.3259187944311,26.6758276320421],[-81.3237553115779,26.6884915344791],[-81.3230717547622,26.6889465218573],[-81.3230257139671,26.6892159602717],[-81.322342147598,26.68967094189181],[-81.3221119274778,26.6910181271069],[-81.3193775427715,26.6928379893562],[-81.3193314884101,26.6931074230329],[-81.3172612317626,26.692813708938],[-81.3128175403995,26.6957707213504],[-81.3123106849143,26.6987344212331],[-81.3112851354645,26.6994167671797],[-81.3096259650294,26.709115913642],[-81.3108745310529,26.7106728937377],[-81.3108284407346,26.7109423094312],[-81.31112424964792,26.7109842871031],[-81.3121231419964,26.71222985171901],[-81.3114393365719,26.7126847308882],[-81.3112549763244,26.7137623868343],[-81.310571154229,26.71421725825161],[-81.3101563055476,26.7166419643962],[-81.31040603878141,26.7169533539814],[-81.3097221870117,26.7174082155416],[-81.30967608951941,26.71767762535771],[-81.3111745234425,26.7195459507745],[-81.3108979544787,26.7211623997757],[-81.3113974541698,26.7217851661861],[-81.3110286892657,26.723940416159],[-81.3115282059326,26.7245631768285],[-81.31138991802801,26.7253713908657],[-81.3116396808926,26.7256827694609],[-81.31150139224,26.726490980971],[-81.31179725463,26.7265329548048],[-81.3112901840223,26.7294963799924],[-81.3117897346441,26.7301191291833],[-81.3120856095792,26.73016110174961],[-81.3120395126514,26.7304305024524],[-81.3140378014261,26.7329214567717],[-81.3137151491567,26.7348072474148],[-81.3139649476265,26.7351186117631],[-81.3139188539089,26.7353880093499],[-81.3142147478941,26.7354299752272],[-81.3139842794955,26.7367769601264],[-81.3142340846206,26.737088322019],[-81.3139575167414,26.7387046953277],[-81.3142534220883,26.7387466606843],[-81.3142073273361,26.7390160555116],[-81.3131813153894,26.7396983388162],[-81.3125894995129,26.7396144014166],[-81.3119054801106,26.7400692468213],[-81.3118593773428,26.7403386395595],[-81.3108333311955,26.7410208971211],[-81.3092655452449,26.7501800767673],[-81.3077858379357,26.7499701779311],[-81.307101711392,26.7504249779543],[-81.3070094646121,26.7509637424825],[-81.3063253261287,26.7514185360849],[-81.3068249676051,26.7520412687249],[-81.3066865918335,26.7528494109446],[-81.3049761906079,26.7539863737852],[-81.3049300588433,26.7542557523969],[-81.30321960672131,26.7553926817446],[-81.3031734687361,26.7556620584626],[-81.3028313717294,26.7558894401802],[-81.3027390925237,26.7564281922492],[-81.3020548883676,26.75688295053691],[-81.3019626032656,26.7574217003409],[-81.3012783871682,26.7578764522077]]},"properties":{"segment_id":"c71b6e6d948ce45b0d60e320","source_kmz":"caloosahatchee","orientation":"unverified"}},{"type":"Feature","geometry":{"type":"LineString","coordinates":[[-81.56648630502191,26.6875876627259],[-81.5664410225864,26.68785720878151],[-81.5669421665609,26.68847881110341],[-81.5668516033142,26.6890179019514],[-81.5671021792349,26.6893287015011],[-81.5670116160955,26.68986779113011],[-81.5672621950504,26.6901785895126],[-81.5671263500794,26.6909872217755],[-81.567376932686,26.6912980188513],[-81.5673316510827,26.6915675623295],[-81.567582236106,26.6918783583777],[-81.5675369548383,26.6921479014816],[-81.5677875422783,26.692458696502],[-81.5677422613463,26.6927282392315],[-81.567992851203,26.69303903322452],[-81.56790228972841,26.6935781176998],[-81.5681528826196,26.6938889105257],[-81.568107602077,26.6941584522716],[-81.568358197385,26.6944692440699],[-81.5681770748656,26.695547408147],[-81.5706831516136,26.6986552717076],[-81.5709790434427,26.6986965140451],[-81.5716613720176,26.6982399168326],[-81.5743244000449,26.6986110429619],[-81.5750067103013,26.698154423754],[-81.5755984949365,26.6982368831813],[-81.5763504023519,26.6991691906609],[-81.5769421952038,26.6992516422182],[-81.5771928369711,26.699562408104],[-81.5774887350014,26.6996036318674],[-81.5778298865954,26.6993753132219],[-81.5787175805232,26.6994989766271],[-81.57896822937991,26.69980973802],[-81.5810395333446,26.7000982511734],[-81.5817218199008,26.6996415900591],[-81.5820177203581,26.6996828009673],[-81.5833822694033,26.698769459741],[-81.5839740662183,26.6988518715068],[-81.5843151977445,26.6986235311461],[-81.5890496029327,26.6992826886589],[-81.5893002882514,26.6995934254257],[-81.5895961921508,26.6996346148447],[-81.5903482624492,26.7005668175681],[-81.5912359864698,26.70069037401892],[-81.5919880835988,26.7016225620068],[-81.5918524516392,26.7024311990302],[-81.5938581380165,26.704916991234],[-81.5941540622824,26.7049581670763],[-81.5944047823607,26.7052688863554],[-81.5947007080896,26.7053100606044],[-81.5962050734484,26.7071743531307],[-81.5967969399291,26.7072566901074],[-81.5971380707498,26.7070283135024],[-81.5974340037938,26.70706947978441],[-81.597935481529,26.7076908978065],[-81.5982314172175,26.7077320617462],[-81.5984821599668,26.7080427686757],[-81.5987780971184,26.7080839310219],[-81.5995303397117,26.7090160442335],[-81.5994851489655,26.7092855875108],[-81.6002374096165,26.7102176923099],[-81.6005333550389,26.7102588494128],[-81.6007841133713,26.7105695484868],[-81.6031516963347,26.7108987689183],[-81.6036532373054,26.7115201524162],[-81.6034725187601,26.7125983232701],[-81.6037232944211,26.7129090131298],[-81.6036781147001,26.7131785551177]]},"properties":{"segment_id":"e41bc814fdad5030b14e5587","source_kmz":"caloosahatchee","orientation":"unverified"}},{"type":"Feature","geometry":{"type":"LineString","coordinates":[[-81.56618441050821,26.6803731045605],[-81.566434959018,26.6806839136783],[-81.566344400766,26.6812230165437],[-81.5665949523092,26.6815338244937],[-81.5663232744921,26.6831511266096],[-81.5665738315386,26.6834619328335],[-81.56639270982541,26.6845401289839],[-81.5666432711405,26.6848509337612],[-81.5664168657432,26.6861986729625],[-81.5666674319445,26.6865094761536],[-81.56648630502191,26.6875876627259]]},"properties":{"segment_id":"58c11a84a5269b5526c05593","source_kmz":"caloosahatchee","orientation":"unverified"}},{"type":"Feature","geometry":{"type":"LineString","coordinates":[[-81.56518223445491,26.6791298592059],[-81.56618441050821,26.6803731045605]]},"properties":{"segment_id":"7926d2d3eeca862a65913f34","source_kmz":"caloosahatchee","orientation":"unverified"}},{"type":"Feature","geometry":{"type":"LineString","coordinates":[[-81.8507813983686,26.7626641286232],[-81.850529591942,26.762354079136],[-81.8512109441881,26.7618957417409],[-81.8512553778925,26.7616261322881],[-81.8515516176032,26.7616665711439],[-81.8518626394585,26.7597792977863],[-81.8566317621114,26.7565707444071],[-81.8566761761833,26.7563011284142],[-81.8570168130828,26.7560719362057],[-81.8565131957154,26.7554518543599],[-81.8566020231724,26.7549126204617],[-81.8572832846232,26.7544542333851],[-81.85759415549,26.7525669028107],[-81.8579347752521,26.7523377050826],[-81.8585271975738,26.7524185462647],[-81.8595490422757,26.7517309398487],[-81.8596822489276,26.7509220758984],[-81.85943044477922,26.75061203713871],[-81.8594748470686,26.7503424152156],[-81.8576976234232,26.7500998961732],[-81.8569422449115,26.7491697606053],[-81.8570310632434,26.7486305163471],[-81.8561424711859,26.7485092392166],[-81.85488356704181,26.746958982785],[-81.855638577349,26.74237536180062],[-81.8551350495917,26.7417552482421],[-81.8551794607222,26.7414856210972],[-81.8555200432528,26.7412564237507],[-81.85560886232521,26.7407171681055],[-81.8550165228573,26.7406363075716],[-81.8540095037203,26.7393960645208],[-81.8541427431714,26.73858717818671],[-81.85482388910151,26.7381287850689],[-81.8549127093021,26.7375895250352],[-81.8544092145997,26.7369693992113],[-81.85454244657701,26.7361605065696],[-81.8540389628441,26.7355403763422],[-81.8541721960823,26.7347314807586],[-81.8539204587983,26.7344214138887],[-81.85400928082382,26.7338821487182],[-81.8537575465947,26.7335720806773],[-81.85393518982552,26.7324935469725],[-81.8536834599017,26.7321834774808],[-81.8537278706428,26.7319138433305],[-81.8534761431484,26.7316037728077],[-81.8535649650507,26.7310645035259],[-81.8523063608927,26.7295141361445],[-81.8523951879402,26.7289748645283],[-81.8516400508448,26.72804463256511],[-81.851684465829,26.7277749959864],[-81.8514327576969,26.7274649167428],[-81.8516104173662,26.72638636753],[-81.85085531129512,26.7254561227718],[-81.8509441432199,26.7249168459223],[-81.8499373653793,26.7236765059799],[-81.8499817834269,26.7234068666442],[-81.8497300941012,26.72309677929031],[-81.8498633484582,26.7222878594597],[-81.8502038695126,26.7220586664576],[-81.8491971355328,26.7208183088924],[-81.8494192271994,26.7194701000562],[-81.8491675513386,26.7191600077359],[-81.84947847242181,26.717272504559],[-81.8489751348602,26.7166523152819],[-81.84910838635112,26.7158433809983]]},"properties":{"segment_id":"d0c8f0ffb9d3472767b23100","source_kmz":"caloosahatchee","orientation":"unverified"}},{"type":"Feature","geometry":{"type":"LineString","coordinates":[[-81.8073951261797,26.7062754059091],[-81.80714363926081,26.7059652001592],[-81.8071881815262,26.705695564937],[-81.8066852143434,26.7050751504837],[-81.8063891893191,26.7050345775634],[-81.8064337334557,26.70476494192051],[-81.8056793016072,26.7038343108846],[-81.8057683927901,26.7032950380543],[-81.8055169203594,26.7029848256464],[-81.8058287351238,26.7010973623784],[-81.8071909413218,26.7001811001462]]},"properties":{"segment_id":"df51dce7f1737943d91b1550","source_kmz":"caloosahatchee","orientation":"unverified"}},{"type":"Feature","geometry":{"type":"LineString","coordinates":[[-81.8071909413218,26.7001811001462],[-81.8116179123172,26.6972031078871]]},"properties":{"segment_id":"658e0b13c77d37279d7f539e","source_kmz":"caloosahatchee","orientation":"unverified"}},{"type":"Feature","geometry":{"type":"LineString","coordinates":[[-81.5873747649959,26.6659468597582],[-81.56622968982882,26.6801035526355],[-81.56618441050821,26.6803731045605]]},"properties":{"segment_id":"fe569996ebad1baee748b93c","source_kmz":"caloosahatchee","orientation":"unverified"}},{"type":"Feature","geometry":{"type":"LineString","coordinates":[[-81.3428151956505,26.6282686558856],[-81.3430647915434,26.62858004893542],[-81.34297289816911,26.6291190397915],[-81.343222497078,26.6294304316754],[-81.34288100365161,26.6296580297019],[-81.3425854570157,26.6296161319513],[-81.3419024635591,26.6300713223049],[-81.34185651260931,26.6303408161426],[-81.3421061110257,26.6306522095679],[-81.3418304029917,26.632269166792],[-81.3423296125398,26.63289194930771],[-81.3421458063566,26.633969914946],[-81.341804292212,26.6341975063702],[-81.34166643102482,26.6350059771182],[-81.3419160421963,26.6353173666763],[-81.3430983069438,26.63548495736841],[-81.3513366383124,26.6457602170519],[-81.3489019584536,26.6600426190512]]},"properties":{"segment_id":"db77c3d4d6acfd74bde9382b","source_kmz":"caloosahatchee","orientation":"unverified"}},{"type":"Feature","geometry":{"type":"LineString","coordinates":[[-81.7775514810721,26.6908747259544],[-81.7790312992562,26.69107799972871],[-81.7810747866058,26.6897040828942],[-81.7813707473393,26.6897447294828],[-81.7840952912706,26.6879127618873],[-81.7852791170501,26.6880753097564],[-81.7856196744431,26.6878463043491],[-81.787099459803,26.6880494654881],[-81.7894832893071,26.6864463592985],[-81.79037115077271,26.6865682261344],[-81.79062252125271,26.6868784901336],[-81.7912144326418,26.6869597289666],[-81.7914658072801,26.6872699905735],[-81.7917617645696,26.6873106079724],[-81.7927672858524,26.6885516424864],[-81.7927227074953,26.6888212852412],[-81.7934768692437,26.6897520513484],[-81.7940688029559,26.6898332732919],[-81.7943201961657,26.69014352537742],[-81.7969839222193,26.6905089755571],[-81.797235327837,26.6908192199958],[-81.7971907622277,26.6910888628477],[-81.7974421702705,26.6913991062547],[-81.79721934117622,26.6927473162948],[-81.7968787951893,26.6929763562458],[-81.7968342273592,26.6932459972219],[-81.7964936783919,26.6934750355772],[-81.7964491091056,26.6937446759904],[-81.7967005222029,26.6940549187435],[-81.796611384044,26.6945941985858],[-81.7969073687848,26.6946348005035],[-81.7971587861093,26.6949450413341],[-81.7989347074557,26.6951886305982],[-81.7991861336536,26.6954988660336],[-81.8003700914838,26.6956612389797],[-81.80087295871411,26.6962817011717],[-81.805608872155,26.6969310337798]]},"properties":{"segment_id":"5e691e20a9197d723c7f16e2","source_kmz":"caloosahatchee","orientation":"unverified"}},{"type":"Feature","geometry":{"type":"LineString","coordinates":[[-81.7358828270692,26.6738343972036],[-81.7358380791702,26.6741040273663],[-81.7360892180445,26.6744144342084],[-81.7359997226537,26.674953693548],[-81.7362508645715,26.6752640992183],[-81.73611662126,26.6760729860446],[-81.73661891422611,26.6766937938703],[-81.7364846721363,26.6775026777399],[-81.7367358231848,26.67781307989541],[-81.7365120839032,26.679161214279],[-81.73852138197681,26.6816443938444],[-81.7388172951576,26.6816851621394],[-81.7390684666987,26.6819955548275],[-81.7393643813371,26.6820363215279],[-81.73961555585791,26.6823467125752],[-81.7402073883286,26.6824282419423],[-81.7407097474885,26.6830490183648],[-81.7413015857896,26.6831305413532],[-81.7420551451091,26.6840616948069],[-81.7423510682146,26.6841024527838],[-81.74260225943512,26.6844128347371],[-81.7428981839982,26.6844535911194],[-81.7436517720019,26.68538472938542],[-81.7439477003806,26.6854254826726],[-81.7441989011626,26.6857358595633],[-81.745382622179,26.6858988612661],[-81.7456338294781,26.68620923426552],[-81.7459297616075,26.6862499818296],[-81.7464321839666,26.6868707236563],[-81.7470240537772,26.68695221325021],[-81.74727527001632,26.6872625813272],[-81.7475712065184,26.6873033241071],[-81.7478224257375,26.68761369054331],[-81.74811836369722,26.6876544317285],[-81.7483695858963,26.6879647965239],[-81.75014522657672,26.6882092213979],[-81.7503964576511,26.6885195808013],[-81.75246805936801,26.6888046994754],[-81.7528087063933,26.6885758017017],[-81.7560641012391,26.6890237513936],[-81.7563153558933,26.6893340957913],[-81.7572032002339,26.6894562439023],[-81.7579569856146,26.6903872649989],[-81.7665397126023,26.6915675729045],[-81.7675615692665,26.6908807435489],[-81.7680641735762,26.6915013726452],[-81.7686560953874,26.6915827383733],[-81.7689967105401,26.691353789622],[-81.7692926712403,26.6913944702803],[-81.7699738948961,26.6909365670974],[-81.7702698546291,26.6909772450336],[-81.7706104631323,26.6907482906021],[-81.7711130885284,26.6913689052513],[-81.7720009746012,26.6914909266731],[-81.7723415805473,26.6912619669376],[-81.7741173564645,26.6915059813438],[-81.7744579568729,26.6912770147081],[-81.7750498831575,26.691358344209],[-81.7757310760787,26.6909004033801],[-81.7769149270019,26.6910630447363],[-81.7772555182691,26.6908340686657],[-81.7775514810721,26.6908747259544]]},"properties":{"segment_id":"4d36bccddb95ed44332e6a04","source_kmz":"caloosahatchee","orientation":"unverified"}},{"type":"Feature","geometry":{"type":"LineString","coordinates":[[-81.7248713011975,26.6654210907127],[-81.7258756095566,26.6666628503651],[-81.7261714655944,26.6667036563517],[-81.72717580746722,26.6679453987541],[-81.7274716684989,26.6679862008964],[-81.7277227596458,26.6682966335204],[-81.7286103479496,26.668419032631],[-81.7288614444327,26.6687294621144],[-81.7291573089369,26.6687702593792],[-81.7301617175852,26.6700119654063],[-81.7310493269154,26.6701343431341],[-81.731300437114,26.6704447651642],[-81.732188052489,26.6705671330424],[-81.7325286813732,26.670338289126],[-81.7343039159191,26.6705829964512],[-81.7350572908147,26.6715142351178],[-81.7350125415443,26.6717838667824],[-81.7357659345063,26.6727150970113],[-81.7356316906168,26.6735239893304],[-81.7358828270692,26.6738343972036]]},"properties":{"segment_id":"983b7a49dbc8873bdc67df89","source_kmz":"caloosahatchee","orientation":"unverified"}},{"type":"Feature","geometry":{"type":"LineString","coordinates":[[-81.5658796343224,26.6425347111525],[-81.5658343735478,26.6428042929983],[-81.566084812152,26.6431151376321],[-81.5659037687045,26.6441934620965],[-81.5661542115733,26.6445043052796],[-81.5659731660867,26.645582625411],[-81.5662236132202,26.6458934671437],[-81.5659520402414,26.6475109394279],[-81.5662024928736,26.6478217794296],[-81.5659761773961,26.6491696658174],[-81.5662266349104,26.6494805042287],[-81.5656834564342,26.6527154058425],[-81.5659339231495,26.6530262416819],[-81.56584339069342,26.65356538837212],[-81.5660938604402,26.6538762230422],[-81.565686455995,26.6563023702268],[-81.5659369330927,26.6566132027465],[-81.5658916651404,26.6568827733381],[-81.5661421446528,26.65719360482892],[-81.5656894558043,26.6598892963913],[-81.5659399432852,26.6602001255923],[-81.5657135913801,26.6615479618431],[-81.5659640837443,26.6618587894552],[-81.565692455862,26.6634761843467],[-81.565942953727,26.6637870102299],[-81.5657165924948,26.6651348321325],[-81.5659670952435,26.6654456564272],[-81.5656954561683,26.6670630341033],[-81.5659459644181,26.6673738566696],[-81.5656743189006,26.6689912250337],[-81.5659248326518,26.669302045872],[-81.565698456723,26.67064984567161],[-81.5659489753587,26.6709606649219],[-81.5656773186467,26.6725780160779],[-81.5659278427842,26.6728888336006],[-81.5657014575263,26.674236619062],[-81.5659519865486,26.6745474349973],[-81.56518223445491,26.6791298592059]]},"properties":{"segment_id":"584a373e0fe63421eaf1e736","source_kmz":"caloosahatchee","orientation":"unverified"}},{"type":"Feature","geometry":{"type":"LineString","coordinates":[[-81.5453929932953,26.6509858674696],[-81.5477802684881,26.6493881146263],[-81.548075981118,26.6494294279596],[-81.5484170126263,26.6492011715322],[-81.5490084374993,26.6492837937885],[-81.54934946597751,26.649055534212],[-81.5514194576002,26.6493446789513],[-81.5517604799653,26.6491164115291],[-81.55205619356572,26.6491577136056],[-81.5626269764155,26.6420807642936],[-81.5658796343224,26.6425347111525]]},"properties":{"segment_id":"fa7701218c12a706352cf73c","source_kmz":"caloosahatchee","orientation":"unverified"}},{"type":"Feature","geometry":{"type":"LineString","coordinates":[[-81.84910838635112,26.7158433809983],[-81.8483533991587,26.7149130891352],[-81.84839781764362,26.7146434434854],[-81.8481461594777,26.7143333442746],[-81.84819057831072,26.7140636982505],[-81.8469323176554,26.7125131881243],[-81.8473765220056,26.709816707997],[-81.8471248815324,26.7095066018944],[-81.8472137203309,26.7089673027794],[-81.8469620829104,26.7086571955046],[-81.8471397596853,26.7075785939038],[-81.846888126567,26.70726848517612],[-81.8469325456936,26.7069988340502],[-81.845422788595,26.7051381621195],[-81.8454672111932,26.704868509917],[-81.8452155919451,26.7045583946678],[-81.8452600148912,26.7042887420908],[-81.844253558426,26.7030482716167],[-81.8439575227475,26.7030078050487],[-81.8437059143165,26.7026976844502],[-81.8398574910013,26.7021715324212],[-81.8368385142367,26.6984498985348],[-81.83697185112152,26.6976409361719],[-81.83596559070801,26.696400361328],[-81.8361433793343,26.6953217393149],[-81.8364838306399,26.695092572794],[-81.83677983575801,26.6951330615175],[-81.8371202846368,26.6949038927914],[-81.8371647278439,26.6946342359523],[-81.8369131680827,26.6943240912814],[-81.8369576116372,26.6940544340673],[-81.8366616101239,26.694013945719],[-81.8364100539674,26.6937037992649],[-81.8390318237233,26.6777936058866]]},"properties":{"segment_id":"d358ff6e5a2cf776898671bb","source_kmz":"caloosahatchee","orientation":"unverified"}},{"type":"Feature","geometry":{"type":"LineString","coordinates":[[-81.6992689690477,26.6519564501008],[-81.6995199126503,26.6522669654019],[-81.7001115018185,26.6523487295784],[-81.7003624495775,26.6526592424896],[-81.7009540422198,26.6527410017898],[-81.7014559478498,26.6533620219416],[-81.7020475463235,26.653443774866],[-81.7028004253339,26.6543752939163],[-81.7033920319964,26.6544570389654],[-81.7037326735915,26.654228278177],[-81.7043242801297,26.6543100179718],[-81.7053281650905,26.65555201647261],[-81.7052833315265,26.6558216481449],[-81.7057852860432,26.6564426417705],[-81.70608109770282,26.6564835059974],[-81.7063320788387,26.6567940007245],[-81.7072195190283,26.6569165860904],[-81.7074705054997,26.6572270776776],[-81.7077663206331,26.657267937028],[-81.7082683013313,26.6578889160312],[-81.7088599371503,26.65797062919991],[-81.7091109325559,26.6582811158661],[-81.7097025718485,26.6583628241581],[-81.70995357141092,26.6586733084341],[-81.7105452141772,26.6587550118494],[-81.7107962178965,26.6590654937352],[-81.7107513995351,26.65933512494451],[-81.7110472234152,26.6593759747304],[-81.7112982307333,26.659686454835],[-81.7127773602128,26.6598906873509],[-81.713279392035,26.66051163739011],[-81.714166880143,26.6606341622692],[-81.7144179022895,26.6609446337033],[-81.7150095647805,26.6610263112348],[-81.7155116191872,26.661647248432],[-81.71580745320861,26.6616880844315],[-81.7160584842901,26.6619985509443],[-81.71694599156422,26.66212105162751],[-81.7172866274998,26.66189225176471],[-81.7205408354843,26.66234134559871],[-81.7212939907064,26.6632727064701],[-81.7215898330053,26.6633135258666],[-81.7218408895241,26.6636239769591],[-81.7221367332806,26.6636647947614],[-81.7231409820684,26.6649065872256],[-81.7237326798476,26.66498821429761],[-81.7239837489015,26.6652986586872],[-81.7248713011975,26.6654210907127]]},"properties":{"segment_id":"729c7340077aa859c4dca5fe","source_kmz":"caloosahatchee","orientation":"unverified"}},{"type":"Feature","geometry":{"type":"LineString","coordinates":[[-81.6967414165187,26.6507795680712],[-81.69703720457312,26.6508204586455],[-81.6972881368854,26.6511309803667],[-81.6981755062601,26.65125364477541],[-81.6984264439075,26.651564163357],[-81.6987222354362,26.6516050490552],[-81.6989731760611,26.6519155659965],[-81.6992689690477,26.6519564501008]]},"properties":{"segment_id":"0f1622fb8b818dfe3e4e1886","source_kmz":"caloosahatchee","orientation":"unverified"}},{"type":"Feature","geometry":{"type":"LineString","coordinates":[[-81.6917497159503,26.6462276419625],[-81.6932551432733,26.648090860724],[-81.69443825386381,26.6482544588291],[-81.69644562874352,26.65073867665262],[-81.6967414165187,26.6507795680712]]},"properties":{"segment_id":"30b8fff6a1ea1a0045c26d8f","source_kmz":"caloosahatchee","orientation":"unverified"}},{"type":"Feature","geometry":{"type":"LineString","coordinates":[[-81.5069482231219,26.6204967342183],[-81.5076987171349,26.6214297516317],[-81.5079943152305,26.62147118210151],[-81.5082444846728,26.6217821853808],[-81.5085400842313,26.621823614259],[-81.509040430863,26.6224456166558],[-81.5093360330649,26.6224870431943],[-81.5113375008568,26.6249750112534],[-81.51120123619592,26.6257837271524],[-81.5126793121266,26.6259908187034],[-81.5129295114287,26.6263018065503],[-81.5147032189523,26.6265502840825],[-81.518206296898,26.6309039577997],[-81.5190932040521,26.6310281537561],[-81.5203444063324,26.6325829837973],[-81.5206400485177,26.6326243770213],[-81.5211405443632,26.6332463013215],[-81.521436189192,26.6332876922055],[-81.5221869499727,26.634220569747],[-81.5224825986254,26.6342619575429],[-81.5227328569918,26.634572914198],[-81.5230285071075,26.634614300402],[-81.5235290315898,26.6352362095504],[-81.523824684349,26.6352775934142],[-81.5243252183773,26.635899497512],[-81.5246208737798,26.6359408790357],[-81.5248711446689,26.6362518290035],[-81.5251668015344,26.6362932089354],[-81.5254170754003,26.6366041572664],[-81.5257127337287,26.6366455356063],[-81.5262132892104,26.6372674281063],[-81.5268046114366,26.637350179262],[-81.5275554652151,26.6382830068585],[-81.5278511302933,26.6383243789261],[-81.528351710822,26.6389462580511],[-81.5289430465478,26.639028996662],[-81.5296939378975,26.6399618041959],[-81.5299896097256,26.640003169991],[-81.5304902153024,26.640625035741],[-81.5307858897739,26.6406663991957],[-81.5315368151548,26.6415991889117],[-81.5318324934504,26.6416405492778],[-81.5325834385423,26.6425733287519],[-81.532879120662,26.6426146860295],[-81.5331294404665,26.6429256099955],[-81.53342512404902,26.6429669656809],[-81.5346767559247,26.6445215684409],[-81.5349724456926,26.6445629195411],[-81.535973788257,26.6458065827619],[-81.5362694830297,26.6458479300251],[-81.5367701674539,26.6464697548075],[-81.5370658648702,26.6465110997302],[-81.5375665588431,26.6471329194618],[-81.537862258903,26.6471742620439],[-81.5388636731343,26.6484178878513],[-81.539159378199,26.6484592265962],[-81.5396600984577,26.6490810326719],[-81.539955806166,26.6491223690763],[-81.540456535974,26.64974417010111],[-81.5413436678761,26.6498681697608],[-81.5415940390178,26.6501790666952],[-81.5418897513969,26.650220397479],[-81.54214012551621,26.6505312927766],[-81.5453929932953,26.6509858674696]]},"properties":{"segment_id":"e86d67782efa6d66d00294b6","source_kmz":"caloosahatchee","orientation":"unverified"}},{"type":"Feature","geometry":{"type":"LineString","coordinates":[[-81.4943288213906,26.6145878169342],[-81.4948290242597,26.6152099009647],[-81.49630688072992,26.6154172312502],[-81.49680710258261,26.6160393042478],[-81.4971026770858,26.6160807662784],[-81.4973527918851,26.6163918006965],[-81.4976483678514,26.6164332611357],[-81.4976029084796,26.616702834226],[-81.49785302686931,26.617013866867],[-81.498444183806,26.6170967839103],[-81.4986943063515,26.6174078141669],[-81.4989898864244,26.6174492706753],[-81.4992400119454,26.61776029929541],[-81.5004223397858,26.6179261139016],[-81.5006724718235,26.6182371386415],[-81.5012636398009,26.6183200393872],[-81.5015137759945,26.6186310617427],[-81.5018093615876,26.6186725101023],[-81.5017639139835,26.6189420832096],[-81.50201405376771,26.619253103788],[-81.5026052299581,26.6193359966718],[-81.5029462627736,26.6191078685947],[-81.5056065640884,26.6194808363611],[-81.5058567192171,26.619791847216],[-81.5061523108457,26.6198332831129],[-81.50640246895021,26.6201442923312],[-81.5066980620418,26.6201857266366],[-81.5069482231219,26.6204967342183]]},"properties":{"segment_id":"9c29a646ffd4d56e2ba7458e","source_kmz":"caloosahatchee","orientation":"unverified"}},{"type":"Feature","geometry":{"type":"LineString","coordinates":[[-81.4875310635298,26.6100463707659],[-81.4880311914036,26.6106684958463],[-81.4879857051456,26.6109380693696],[-81.4892360593117,26.61249336581781],[-81.4901227365266,26.6126178151223],[-81.4908729811878,26.6135509755986],[-81.4923507999089,26.6137583630182],[-81.4928509837946,26.6143804580814],[-81.4943288213906,26.6145878169342]]},"properties":{"segment_id":"60c3f42bf3c60b98f486f7c1","source_kmz":"caloosahatchee","orientation":"unverified"}},{"type":"Feature","geometry":{"type":"LineString","coordinates":[[-81.674565496269,26.6295050947015],[-81.6755686672558,26.6307474713151],[-81.6748874182004,26.6312048394933],[-81.6747975865401,26.6317441154308],[-81.67504838390211,26.6320547082921],[-81.6762312411431,26.632218520836],[-81.6764820450169,26.632529109809],[-81.6767777612044,26.6325700600854],[-81.6770285680545,26.6328806474184],[-81.6776200036249,26.63296254394031],[-81.6793757184176,26.6351366198422],[-81.679196101694,26.6362151658935],[-81.6788554661449,26.6364438587518],[-81.67840639298662,26.6391402040857],[-81.6794097306014,26.64038250811671],[-81.6793199175727,26.64092177322861],[-81.6807986512332,26.64112647079971],[-81.6818020461509,26.6423687444651],[-81.6823935510006,26.6424506115887],[-81.6840967821465,26.6413070972245],[-81.6876457975291,26.6417981727414],[-81.688900178114,26.6433509271029],[-81.6891959371047,26.643391840828],[-81.6894468197957,26.6437023882791],[-81.6897425802444,26.6437433004105],[-81.6917497159503,26.6462276419625]]},"properties":{"segment_id":"a53f5e582e6809bc214e87f3","source_kmz":"caloosahatchee","orientation":"unverified"}},{"type":"Feature","geometry":{"type":"LineString","coordinates":[[-81.9065213471978,26.6740441624971],[-81.9062695989124,26.6737341662371],[-81.905973634527,26.6736938721453],[-81.9054701457163,26.6730738754437],[-81.90339841920222,26.6727917826266],[-81.9023914961519,26.6715517574676],[-81.9015036316109,26.6714308388571],[-81.8989864854316,26.6683306909187],[-81.8990307223545,26.66806098652861],[-81.89852731599412,26.6674409459442],[-81.8986157915153,26.6669015358944],[-81.89836409228901,26.6665915139802],[-81.8984083302618,26.6663218084618],[-81.8979049384658,26.6657017616719],[-81.8979491774139,26.665432055636],[-81.8976974848441,26.66512203076031],[-81.8978302019116,26.6643129108199],[-81.8970751406418,26.6633828295626],[-81.896779215907,26.6633425081385],[-81.8968234571555,26.663072800691],[-81.8955650667499,26.66152264294],[-81.8956535546736,26.6609832259259],[-81.89476580787591,26.6608622461542],[-81.8942624738849,26.66024217172921],[-81.8943067213864,26.6599724628667],[-81.8940550577186,26.6596624241733],[-81.8937591471003,26.6596220937326],[-81.8938918925297,26.6588129655915]]},"properties":{"segment_id":"415010edc8868496d70145de","source_kmz":"caloosahatchee","orientation":"unverified"}},{"type":"Feature","geometry":{"type":"LineString","coordinates":[[-81.6091870113822,26.6115994749347],[-81.6099385284684,26.6125317801951],[-81.6105297616469,26.6126140623918],[-81.6107802732924,26.6129248275342],[-81.6110758914814,26.6129659666181],[-81.6113264061021,26.6132767301215],[-81.612007849504,26.6128197531179],[-81.6123034679173,26.6128608887318],[-81.6125539866354,26.6131716493811],[-81.612373583927,26.6142501505363],[-81.6128746316933,26.6148716680351],[-81.6123785146832,26.61783752362801],[-81.6128795832237,26.6184590344613],[-81.6131752212851,26.6185001669109],[-81.6135159595447,26.6182716765537],[-81.6149941509727,26.6184773214511],[-81.61524469557231,26.6187880704317],[-81.6149290260224,26.6206754215505],[-81.6155203194921,26.6207576734338],[-81.6160214274457,26.6213791637539],[-81.6163170769593,26.6214202869321],[-81.6168181944578,26.6220417721945],[-81.6171138466098,26.6220828930309],[-81.6176149736533,26.6227043732355],[-81.6179106284439,26.6227454917303],[-81.6184117650326,26.6233669668771],[-81.6187074224616,26.6234080830302],[-81.6189579946302,26.6237188185197],[-81.6195493126876,26.6238010467964],[-81.619799889011,26.624111779898],[-81.6200955496395,26.6241528920217],[-81.6197548056044,26.6243813998912],[-81.6197097219173,26.6246510196484],[-81.6193689749063,26.6248795259175],[-81.6192788043324,26.6254187640624],[-81.6195293843634,26.625729496318],[-81.6198250503827,26.625770609011],[-81.6197799661914,26.6260402276836],[-81.62003054981632,26.6263509581592],[-81.6198952974131,26.6271598123384],[-81.61955454102682,26.6273883175077],[-81.6176155950542,26.6389816466199],[-81.6201218088473,26.6420888437281],[-81.6204175309737,26.6421299527394],[-81.6187489822283,26.6521052106692],[-81.6149994504963,26.6546184700092],[-81.6147036883088,26.6545773471534],[-81.6143628103809,26.6548058167187],[-81.605785811192,26.6536128595093],[-81.5873747649959,26.6659468597582]]},"properties":{"segment_id":"29dbf2ebfd357789af877f31","source_kmz":"caloosahatchee","orientation":"unverified"}},{"type":"Feature","geometry":{"type":"LineString","coordinates":[[-81.6051791932767,26.6066270449227],[-81.6091870113822,26.6115994749347]]},"properties":{"segment_id":"d00d739f0d21d132a897da99","source_kmz":"caloosahatchee","orientation":"unverified"}},{"type":"Feature","geometry":{"type":"LineString","coordinates":[[-81.8938918925297,26.6588129655915],[-81.8941573759485,26.6571947029687],[-81.8939057208855,26.65688466135702],[-81.89331391904201,26.6568039981178],[-81.893062268133,26.6564939541104],[-81.9064572176824,26.5747606474433]]},"properties":{"segment_id":"cb98a1d2ae23808af50ff198","source_kmz":"caloosahatchee","orientation":"unverified"}},{"type":"Feature","geometry":{"type":"LineString","coordinates":[[-81.9148427446531,26.5419784933866],[-81.91584834170652,26.5432188772935],[-81.9167349139917,26.5433397199514],[-81.9166466771817,26.5438793441038],[-81.91812431213,26.5440807325829],[-81.9184639530938,26.5438511952329],[-81.9208281782843,26.5441733654237],[-81.9228659563667,26.5427960697818],[-81.9243435872981,26.54299737062661],[-81.9245950207727,26.5433074440517],[-81.940258392178,26.54543989608401]]},"properties":{"segment_id":"bc3bc3eabeb2efe0692ef6c4","source_kmz":"caloosahatchee","orientation":"unverified"}},{"type":"Feature","geometry":{"type":"LineString","coordinates":[[-81.913334402981,26.5401178906724],[-81.9148427446531,26.5419784933866]]},"properties":{"segment_id":"31775ea234795c4de8462d0a","source_kmz":"caloosahatchee","orientation":"unverified"}},{"type":"Feature","geometry":{"type":"LineString","coordinates":[[-81.8557161195784,26.5543137132756],[-81.8559819954757,26.5526950438149],[-81.855730780089,26.5523848134494],[-81.8559523388715,26.5510359150071],[-81.8557011283952,26.5507256830299],[-81.85596699357632,26.5491069962281],[-81.8557157886327,26.5487967624953],[-81.8559816476293,26.5471780663111],[-81.8557304482184,26.5468678308225],[-81.8558190669248,26.5463282632468],[-81.8663524818628,26.5392183679719],[-81.8675344322253,26.5393800538457],[-81.8678741885715,26.5391506783711],[-81.8681696762275,26.5391910967934],[-81.8685094301545,26.5389617191153],[-81.8693958929056,26.5390829665091],[-81.8697356431676,26.5388535847541],[-81.8700311306789,26.5388939979278],[-81.8703708785218,26.5386646139694],[-81.8706663656854,26.5387050253625],[-81.8710061111091,26.5384756392008],[-81.871301597925,26.5385160488133],[-81.8716413409294,26.5382866604483],[-81.8719368273977,26.5383270682802],[-81.8719810821376,26.53805727081661],[-81.8730002949843,26.53736909432221],[-81.8730887965987,26.5368294967054],[-81.8736797612341,26.5369103036598],[-81.8743592202989,26.5364515079311],[-81.87410798623921,26.5361413068329],[-81.8758065997157,26.53499429838101],[-81.913334402981,26.5401178906724]]},"properties":{"segment_id":"ef5ffc2d361c9620e08eb2e9","source_kmz":"caloosahatchee","orientation":"unverified"}},{"type":"Feature","geometry":{"type":"LineString","coordinates":[[-81.9718655722456,26.57952013185651],[-81.9716138648115,26.5792102062178],[-81.9716578303184,26.5789403995143],[-81.9709027206885,26.5780106167963],[-81.9713423794903,26.5753125324762],[-81.9710906861379,26.5750026016777],[-81.9711346511394,26.5747327918039],[-81.9708829602119,26.5744228599666],[-81.9712786385487,26.5719945591881],[-81.9710269550531,26.571684625163],[-81.9710709185709,26.5714148126414],[-81.9700642050802,26.570175067013],[-81.9702400664295,26.56909581226691],[-81.969988395057,26.5687858730467],[-81.970076325342,26.5682462439694],[-81.9704159234022,26.5680165537424],[-81.9705038502474,26.5674769230633],[-81.9708434441632,26.5672472309138],[-81.9709313675686,26.5667075986327],[-81.9716105453131,26.5662482092234],[-81.9716984629333,26.5657085746831],[-81.9720380467621,26.5654788774233],[-81.9720820039891,26.5652090594702],[-81.97242158484661,26.5649793606166],[-81.9725094961348,26.5644397233444],[-81.9728490728482,26.5642100225683],[-81.9728930269094,26.5639402032493],[-81.9732326006515,26.5637105008792],[-81.97349631224,26.5620915780322],[-81.9738358771476,26.561861872425],[-81.9740556234221,26.5605127619123],[-81.9738039633188,26.5602028239613],[-81.9741555481468,26.5580442337033],[-81.973903894848,26.5577342937056],[-81.9740796832034,26.5566549923294],[-81.9738280342057,26.5563450508603],[-81.9741356576824,26.5544562633452],[-81.9738840148629,26.5541463199727],[-81.9741037408448,26.5527971782222],[-81.9738521029518,26.552487233234],[-81.9740278813195,26.5514079150023],[-81.9743674030023,26.5511782003203],[-81.9744113457384,26.5509083698425],[-81.9747508644508,26.5506786535664],[-81.9751463262254,26.548250165667],[-81.9748946977961,26.5479402189814],[-81.9750265153448,26.5471307183262],[-81.9747748905902,26.5468207703124],[-81.9750385220618,26.5452017617517],[-81.9747869028586,26.5448918119771],[-81.9751384011875,26.5427331194972],[-81.9748867887865,26.5424231676731],[-81.9751504048087,26.5408041375122],[-81.9748987979585,26.5404941839269],[-81.9754260079964,26.5372560963203]]},"properties":{"segment_id":"58a4c0a9988bc39e2c5d0702","source_kmz":"caloosahatchee","orientation":"unverified"}},{"type":"Feature","geometry":{"type":"LineString","coordinates":[[-81.1227610377552,26.8309090011172],[-81.1217635044206,26.8296620623292],[-81.1218569898291,26.829123587212],[-81.1216076122109,26.8288118500451],[-81.1217478399643,26.8280041352129],[-81.1145167246347,26.8189633627662],[-81.1145634842756,26.8186941201106],[-81.1090788331656,26.8118351063065]]},"properties":{"segment_id":"f364d7d811d99df041dfe77c","source_kmz":"caloosahatchee","orientation":"unverified"}},{"type":"Feature","geometry":{"type":"LineString","coordinates":[[-81.1090788331656,26.8118351063065],[-81.10858027168712,26.8112115384707],[-81.1086270456277,26.8109422923411]]},"properties":{"segment_id":"fe16a3a051fdf56db0f237a1","source_kmz":"caloosahatchee","orientation":"unverified"}},{"type":"Feature","geometry":{"type":"LineString","coordinates":[[-81.1086270456277,26.8109422923411],[-81.1086738192769,26.81067304597761],[-81.109359465144,26.8102196276408],[-81.1094062361204,26.8099503803777],[-81.1097490551656,26.8097236689629],[-81.10979582466,26.8094544211331],[-81.1101386407161,26.8092277081097],[-81.1101854087285,26.8089584597131],[-81.1105282217955,26.8087317450811],[-81.1105749883259,26.8084624961177],[-81.1112606066835,26.808009062361],[-81.1113073705414,26.807739812498],[-81.111650175832,26.8075130933733],[-81.111696938208,26.8072438429435],[-81.11238254101292,26.8067904002011],[-81.1124293007165,26.8065211488717],[-81.1127720982309,26.80629442525411],[-81.1128188564527,26.8060251733579],[-81.1131616509782,26.8057984481318],[-81.1132084077182,26.8055291956687],[-81.1138939889933,26.80507574072371],[-81.1139407430611,26.8048064873609],[-81.11531187926951,26.8038995608313],[-81.11535862828441,26.8036303059031],[-81.1157014066503,26.8034035707487],[-81.1157949014256,26.8028650595245],[-81.1161376756125,26.8026383224287],[-81.1162311668421,26.80209980960271],[-81.1172594714714,26.8014195886641],[-81.1173062130784,26.8011503309015],[-81.1176489765015,26.8009235877044],[-81.1179449988999,26.80096610166011],[-81.1193160321783,26.8000591123442],[-81.13263723193691,26.8019711970558],[-81.144288922635,26.79425952149281]]},"properties":{"segment_id":"485f0d0bf11a25b18e03aa58","source_kmz":"caloosahatchee","orientation":"unverified"}},{"type":"Feature","geometry":{"type":"LineString","coordinates":[[-81.144288922635,26.79425952149281],[-81.1466875420757,26.7926716405678]]},"properties":{"segment_id":"ba469000a877e43428ee5945","source_kmz":"caloosahatchee","orientation":"unverified"}},{"type":"Feature","geometry":{"type":"LineString","coordinates":[[-81.1466875420757,26.7926716405678],[-81.154568099863,26.7874538775565]]},"properties":{"segment_id":"4a186c326084901db1668597","source_kmz":"caloosahatchee","orientation":"unverified"}},{"type":"Feature","geometry":{"type":"LineString","coordinates":[[-81.154568099863,26.7874538775565],[-81.1549107112327,26.7872270029923],[-81.155502699128,26.7873118223227],[-81.1561879140384,26.7868580655986],[-81.15648390720432,26.7869004721128],[-81.1568265113537,26.7866735908954]]},"properties":{"segment_id":"b3b51a3e1e45c9b311504979","source_kmz":"caloosahatchee","orientation":"unverified"}},{"type":"Feature","geometry":{"type":"LineString","coordinates":[[-81.1568265113537,26.7866735908954],[-81.1578543130133,26.7859929395924],[-81.1581503040346,26.7860353414926],[-81.1591780876854,26.7853546758856],[-81.1594740771709,26.7853970741144],[-81.1598166675163,26.7851701820859],[-81.16011265668341,26.7852125785282],[-81.1607978307624,26.784758788761],[-81.1610938190022,26.7848011824744],[-81.1614364027359,26.78457428473561],[-81.1617323906571,26.7846166766626],[-81.1620749719839,26.7843897767062],[-81.1623709595867,26.7844321668467],[-81.1627135385066,26.7842052646728],[-81.1633055133651,26.7842900405368],[-81.1636480892693,26.7840631352029],[-81.16394407652501,26.7841055209265],[-81.1642866500224,26.7838786133751],[-81.1648786241867,26.7839633804053],[-81.1652211946683,26.783736469694],[-81.1735089377732,26.7849228272386],[-81.1738514894053,26.7846958888648],[-81.1916116678624,26.7872357987624],[-81.191954181136,26.78700880257181]]},"properties":{"segment_id":"136f4fec0755b1f6c7778849","source_kmz":"caloosahatchee","orientation":"unverified"}},{"type":"Feature","geometry":{"type":"LineString","coordinates":[[-81.191954181136,26.78700880257181],[-81.19994658529471,26.7881507452034]]},"properties":{"segment_id":"5f0a529a94f8827427e50bdb","source_kmz":"caloosahatchee","orientation":"unverified"}},{"type":"Feature","geometry":{"type":"LineString","coordinates":[[-81.19994658529471,26.7881507452034],[-81.2106034524963,26.7896723781442],[-81.2109459255517,26.7894453213133]]},"properties":{"segment_id":"2712d08ce536409f76406055","source_kmz":"caloosahatchee","orientation":"unverified"}},{"type":"Feature","geometry":{"type":"LineString","coordinates":[[-81.2109459255517,26.7894453213133],[-81.215682421597,26.7901212363791]]},"properties":{"segment_id":"b760a38a8a0023a93eb7c2da","source_kmz":"caloosahatchee","orientation":"unverified"}},{"type":"Feature","geometry":{"type":"LineString","coordinates":[[-81.215682421597,26.7901212363791],[-81.2198269163815,26.790712484787],[-81.2201693693317,26.7904853984137],[-81.2213535186686,26.7906542923709],[-81.2216959673784,26.7904272009542],[-81.222584080586,26.7905538597315],[-81.2229265256656,26.7903267642138],[-81.2241106782152,26.790495626996],[-81.224453119054,26.7902685264349],[-81.2253412346705,26.7903951618309],[-81.2256836718789,26.7901680571689],[-81.226275749181,26.7902524746609],[-81.2266181833694,26.7900253668401],[-81.227506299659,26.79015198392],[-81.2278487302167,26.7899248719983],[-81.228736847276,26.7900514786538],[-81.2290792742031,26.7898243626312],[-81.2299673920318,26.7899509588624],[-81.2303098153281,26.789723838739],[-81.2317900144359,26.7899348108627],[-81.2321324328801,26.789707684754],[-81.2327245133247,26.7897920658097],[-81.2329741789234,26.7901035733661]]},"properties":{"segment_id":"0ecf787e01fc66130cce60bc","source_kmz":"caloosahatchee","orientation":"unverified"}},{"type":"Feature","geometry":{"type":"LineString","coordinates":[[-81.2685568477685,26.7913053512913],[-81.2700371671639,26.7915157804707],[-81.2703794913609,26.7912885300672],[-81.2745244154384,26.7918776062906],[-81.2747742376498,26.7921890120042],[-81.28069567948981,26.793030247472],[-81.2809455272611,26.7933416373708],[-81.2824259116656,26.7935518897349],[-81.2827682113564,26.7933246000979],[-81.2883937261271,26.794123348676]]},"properties":{"segment_id":"5b1da9eacd4e03aa8c178696","source_kmz":"caloosahatchee","orientation":"unverified"}},{"type":"Feature","geometry":{"type":"LineString","coordinates":[[-81.2329741789234,26.7901035733661],[-81.23327022076761,26.7901457618814],[-81.2337695597395,26.790768772855],[-81.2340656042496,26.7908109590337],[-81.2345649527954,26.7914339649859],[-81.2351570474365,26.7915183318257],[-81.2354067267853,26.791829831986],[-81.2371830247731,26.792082907767],[-81.2375254375565,26.7918557654166],[-81.2384135886177,26.7919822890836],[-81.2387559977694,26.7917551426325],[-81.23905204809,26.7917973145575],[-81.2393944548316,26.7915701658901],[-81.2396905048302,26.7916123360287],[-81.2407177124265,26.7909308795553],[-81.2410137608814,26.7909730460232],[-81.24238334337632,26.7900644157861],[-81.2426793896764,26.7901065776411],[-81.2440489409394,26.7891979232501],[-81.2443449850846,26.7892400804924],[-81.2450297486986,26.78878574376821],[-81.2453257919108,26.78882789828201],[-81.2460105471059,26.7883735545774],[-81.2466026319524,26.7884578573038],[-81.2469450056291,26.7882306816562],[-81.2472410478744,26.788272830811],[-81.2475834191409,26.7880456529473],[-81.2490636316418,26.7882563813472],[-81.249405998054,26.788029197499],[-81.25029412718482,26.7881556215819],[-81.2510433051022,26.7890900201132],[-81.25133935228772,26.7891321575467],[-81.2516817161879,26.7889049668254],[-81.2519314475244,26.7892164298809],[-81.2522274955757,26.7892585647817],[-81.2532264436684,26.7905044051933],[-81.2535224967612,26.7905465362643],[-81.2537722394712,26.79085799341461],[-81.2573249133484,26.7913634914585],[-81.2576672703548,26.7911362826123],[-81.2585554434814,26.7912626353013],[-81.2588977968544,26.7910354223549],[-81.260378088111,26.7912459885741],[-81.2607204366279,26.7910187696434],[-81.2622007320381,26.7912293100456],[-81.2625430756985,26.7910020851307],[-81.2643194360388,26.7912547000999],[-81.2646617742311,26.7910274682588],[-81.2661420793869,26.7912379528054],[-81.2664844127222,26.7910107149802],[-81.2685568477685,26.7913053512913]]},"properties":{"segment_id":"573babe61ee3844da11312c2","source_kmz":"caloosahatchee","orientation":"unverified"}},{"type":"Feature","geometry":{"type":"LineString","coordinates":[[-81.2883937261271,26.794123348676],[-81.2901051394398,26.7929867918986]]},"properties":{"segment_id":"aa1c3cccb80e3cc47c598d50","source_kmz":"caloosahatchee","orientation":"unverified"}},{"type":"Feature","geometry":{"type":"LineString","coordinates":[[-81.2901051394398,26.7929867918986],[-81.2904012189834,26.7930288181442],[-81.29074349563392,26.7928015020263],[-81.2916317341555,26.792927572871],[-81.2919740071695,26.7927002526538],[-81.2934544074013,26.7929103491318],[-81.2937966755545,26.7926830229313],[-81.29527707992031,26.7928930935909],[-81.2956193432122,26.7926657614073],[-81.2962115057484,26.7927497818768],[-81.2965537660159,26.79252244653591],[-81.2968498471033,26.7925644545622]]},"properties":{"segment_id":"828546552b04101245c20035","source_kmz":"caloosahatchee","orientation":"unverified"}},{"type":"Feature","geometry":{"type":"LineString","coordinates":[[-81.2968498471033,26.7925644545622],[-81.2971459284785,26.7926064617441],[-81.2974881857214,26.7923791232461]]},"properties":{"segment_id":"9d635e02a50af5e5bd3f9f25","source_kmz":"caloosahatchee","orientation":"unverified"}},{"type":"Feature","geometry":{"type":"LineString","coordinates":[[-81.33311874032621,26.7932895580177],[-81.33607976784502,26.7937085629742],[-81.3363298170258,26.7940198197408],[-81.3384025616768,26.7943130677367],[-81.3386526209692,26.79462431839],[-81.34042927755661,26.7948756363988],[-81.3406793457733,26.7951868816858],[-81.3424560198136,26.7954381648114],[-81.3427060969544,26.795749404732],[-81.34596337257821,26.7962100032859],[-81.3462134645795,26.796521234104]]},"properties":{"segment_id":"ffeaed6e65cecc19aaa3aa37","source_kmz":"caloosahatchee","orientation":"unverified"}},{"type":"Feature","geometry":{"type":"LineString","coordinates":[[-81.3462134645795,26.796521234104],[-81.3468057026145,26.7966049668231],[-81.347055798791,26.7969161952633],[-81.3488325269029,26.7971673686698],[-81.3490826320036,26.79747859174301],[-81.35322838769982,26.7980645343351],[-81.35391264851002,26.7976094959727],[-81.3545049014563,26.7976931847783],[-81.3548470279324,26.7974656618047],[-81.3551431542217,26.797507503999],[-81.3558274005435,26.7970524523504],[-81.3561235258918,26.7970942918168],[-81.3574919944688,26.7961841694815]]},"properties":{"segment_id":"1a2c744c537305272dd041bc","source_kmz":"caloosahatchee","orientation":"unverified"}},{"type":"Feature","geometry":{"type":"LineString","coordinates":[[-81.2974881857214,26.7923791232461],[-81.299199444935,26.7912424116551],[-81.2992456142886,26.7909730649284],[-81.3016412932738,26.7893816129005],[-81.3022334391667,26.78946560004651],[-81.3025756705971,26.7892382427798],[-81.30287174336272,26.7892802341444],[-81.3038984250169,26.7885981518786],[-81.3047866395274,26.7887241124296],[-81.3051288613082,26.7884967463022],[-81.3054249327745,26.788538730522],[-81.3057671521429,26.7883113621794],[-81.3093200248147,26.7888150956559],[-81.30966223503322,26.7885877147379],[-81.31055045783211,26.7887136262836],[-81.3108926644129,26.7884862412669],[-81.3123730384303,26.788696072247],[-81.3127152401482,26.7884686812479],[-81.3136034661698,26.7885945668782],[-81.3139456642496,26.7883671717805],[-81.3148338910198,26.7884930469862],[-81.3150838486202,26.788804359375],[-81.31567600361201,26.7888882704632],[-81.3159259653874,26.7891995804748],[-81.3162220445018,26.7892415340055],[-81.31647200926471,26.7895528423869],[-81.3167680898538,26.7895947943262],[-81.3170180576043,26.7899061010775],[-81.3173141396682,26.7899480514255],[-81.3175641104063,26.7902593565465],[-81.3181562777709,26.7903432532156],[-81.318406252684,26.7906545559594],[-81.3204788558222,26.7909481624748],[-81.3208210451332,26.7907207464299],[-81.3231897467676,26.7910562385354],[-81.3234397418665,26.7913675285809],[-81.3246241043268,26.7915352513803],[-81.3251241094248,26.7921578228453],[-81.33311874032621,26.7932895580177]]},"properties":{"segment_id":"66ac1d917842f3b1165d6555","source_kmz":"caloosahatchee","orientation":"unverified"}},{"type":"Feature","geometry":{"type":"LineString","coordinates":[[-81.3574919944688,26.7961841694815],[-81.3578341071108,26.7959566357162],[-81.35813022967652,26.7959984696295],[-81.3615512509074,26.7937230525682]]},"properties":{"segment_id":"a2fda0cc994c9d12633b8e81","source_kmz":"caloosahatchee","orientation":"unverified"}},{"type":"Feature","geometry":{"type":"LineString","coordinates":[[-81.3615512509074,26.7937230525682],[-81.3629196089751,26.79281285011241],[-81.3632157232329,26.7928546699976],[-81.3642419710329,26.7921720019693]]},"properties":{"segment_id":"8d258aaa9be5bb3ef62335cb","source_kmz":"caloosahatchee","orientation":"unverified"}},{"type":"Feature","geometry":{"type":"LineString","coordinates":[[-81.3642419710329,26.7921720019693],[-81.3731354397329,26.7862550659991],[-81.3734315364704,26.7862968577336],[-81.3747996519236,26.7853864797797],[-81.3750957464908,26.7854282669037],[-81.3843297556483,26.779282657814]]},"properties":{"segment_id":"c5fe13d91d19499e365b6b3e","source_kmz":"caloosahatchee","orientation":"unverified"}},{"type":"Feature","geometry":{"type":"LineString","coordinates":[[-81.3843297556483,26.779282657814],[-81.3880913830598,26.7767786252374],[-81.388137267773,26.7765092278712],[-81.3922405986135,26.7737773764309]]},"properties":{"segment_id":"17870fed32dbf3e0012fe16e","source_kmz":"caloosahatchee","orientation":"unverified"}},{"type":"Feature","geometry":{"type":"LineString","coordinates":[[-81.3922405986135,26.7737773764309],[-81.3946340885428,26.7721837118232],[-81.3949301474814,26.7722254443454],[-81.3959559000307,26.7715424233214],[-81.3962519574117,26.7715841521754],[-81.3965938707129,26.7713564750151]]},"properties":{"segment_id":"e362402910a3c120028509c8","source_kmz":"caloosahatchee","orientation":"unverified"}},{"type":"Feature","geometry":{"type":"LineString","coordinates":[[-81.3965938707129,26.7713564750151],[-81.3972776919143,26.7709011168783],[-81.3975737477376,26.770942842064],[-81.3985994641936,26.7702597924939],[-81.3988955184591,26.7703015140114],[-81.399579319199,26.7698461393883],[-81.3998753725211,26.7698878581789],[-81.4012429499388,26.7689770899025],[-81.4015390010884,26.7690188040837],[-81.4032484292805,26.7678803104103],[-81.4038405262906,26.7679637268273],[-81.404524282507,26.7675083166886],[-81.4048203302111,26.7675500217481],[-81.4051622050042,26.7673223138295],[-81.4054582523792,26.7673640171035],[-81.4058001247574,26.7671363069716],[-81.4063922191346,26.7672197091038],[-81.4067340884832,26.76699199581761]]},"properties":{"segment_id":"91448ed4c290a806c544921b","source_kmz":"caloosahatchee","orientation":"unverified"}},{"type":"Feature","geometry":{"type":"LineString","coordinates":[[-81.4067340884832,26.76699199581761],[-81.4070301354855,26.7670336946759],[-81.4073720024191,26.7668059791765],[-81.40796409605062,26.7668893724775],[-81.4083059599545,26.7666616538237],[-81.4086020065837,26.7667033482664],[-81.4089438680727,26.7664756273994],[-81.4101280549852,26.7666423929617],[-81.4104699122149,26.7664146670581],[-81.4110620061542,26.7664980428904],[-81.4114038603541,26.7662703138325],[-81.4122920015592,26.7663953684245],[-81.4126338521144,26.7661676352712],[-81.4129298991387,26.7662093175052],[-81.4132717472787,26.7659815821387],[-81.4144559357703,26.7661482988662],[-81.4147977796507,26.7659205584632],[-81.4150938268721,26.76596223459301],[-81.4154356683373,26.7657344919769],[-81.41632380986871,26.7658595124762],[-81.4166656476889,26.7656317657648],[-81.4172577422399,26.76571510666],[-81.41759957703002,26.76548735679451],[-81.4205600607514,26.7659040011944],[-81.4209018875915,26.7656762406458],[-81.42386239368432,26.7660927911925],[-81.4241126788653,26.76640386301071],[-81.4252968940286,26.7665704565944],[-81.4257974792753,26.7671925915932],[-81.4263895933094,26.7672758803274],[-81.4266398910043,26.7675869450036],[-81.4346335740736,26.7687109921223],[-81.4348839055739,26.7690220357223],[-81.4378445935109,26.7694381857656],[-81.4381863887935,26.769210371015],[-81.4393706694841,26.7693768036226],[-81.439712460504,26.769148983836],[-81.4411928146995,26.7693570008895],[-81.4415346008408,26.769129175126],[-81.4424228149297,26.769253972401],[-81.4427645974235,26.7690261425428],[-81.44306066874051,26.7690677390044],[-81.4434024488178,26.7688399069337],[-81.4436985198041,26.76888150160981],[-81.4443820733252,26.7684258317715],[-81.4446781433649,26.768467423721],[-81.44501991680862,26.7682395859535],[-81.4453159865175,26.7682811761175],[-81.4459995267712,26.76782549488591],[-81.44629559553361,26.7678670823234],[-81.4466373623435,26.7676392388593],[-81.4472294994911,26.7677224093188],[-81.4482547854221,26.7670388656515],[-81.4485508525759,26.7670804467914],[-81.4488926103356,26.7668525954183],[-81.4494847442658,26.76693575328281],[-81.4501682519199,26.7664800429582],[-81.4507603845259,26.7665631936807],[-81.4514438825137,26.7661074745064],[-81.45203601379521,26.766190618087],[-81.4527195021167,26.7657348900629],[-81.4530155669528,26.7657764587046],[-81.4536990468396,26.7653207237129],[-81.4539951107286,26.7653622896281],[-81.454336847355,26.7651344192841],[-81.4546329109128,26.7651759834139],[-81.4549746451226,26.7649481108576]]},"properties":{"segment_id":"9ce1d3c8f4f18daf07168503","source_kmz":"caloosahatchee","orientation":"unverified"}},{"type":"Feature","geometry":{"type":"LineString","coordinates":[[-81.4549746451226,26.7649481108576],[-81.4573667341687,26.7633529673644],[-81.457458057461,26.7628140903531],[-81.4577997748947,26.76258620696481]]},"properties":{"segment_id":"b67596828e731ab1b364bd2f","source_kmz":"caloosahatchee","orientation":"unverified"}},{"type":"Feature","geometry":{"type":"LineString","coordinates":[[-81.4577997748947,26.76258620696481],[-81.4581193891622,26.7607001277404],[-81.4584610965015,26.7604722407675],[-81.4586893779487,26.7591250326481],[-81.4590310775636,26.7588971427514],[-81.4592593459759,26.7575499271281],[-81.4596010378666,26.7573220343076],[-81.4597379919469,26.7565137011331],[-81.460079678483,26.7562858060497],[-81.460307923672,26.7549385777575],[-81.4609912794966,26.7544827804715]]},"properties":{"segment_id":"d3b4409656c757d1f9b452a0","source_kmz":"caloosahatchee","orientation":"unverified"}},{"type":"Feature","geometry":{"type":"LineString","coordinates":[[-81.4609912794966,26.7544827804715],[-81.4626996375508,26.753343265008],[-81.4627452774434,26.7530738163335],[-81.470603117532,26.7478316282398],[-81.4708991296827,26.7478731483703],[-81.4715823738856,26.7474172722644],[-81.4718783850884,26.7474587896691],[-81.4729032360427,26.7467749631539],[-81.47319924568151,26.7468164768922],[-81.474565685953,26.74590468664571],[-81.47486169341171,26.7459461957768],[-81.47554490151391,26.7454902911451]]},"properties":{"segment_id":"381a9e2ee19ae36ea1ce9209","source_kmz":"caloosahatchee","orientation":"unverified"}},{"type":"Feature","geometry":{"type":"LineString","coordinates":[[-81.47554490151391,26.7454902911451],[-81.4758865028646,26.7452623369224],[-81.4761825087592,26.7453038423872],[-81.4768657048278,26.7448479282471],[-81.47716170977431,26.7448894309861],[-81.4775033044921,26.7446614710687],[-81.4780953140048,26.7447444721324],[-81.4784369056902,26.7445165090625],[-81.4790289151066,26.7445995048673],[-81.47937050375951,26.744371538645],[-81.48085052918881,26.7445790086769],[-81.4811921129606,26.7443510364803],[-81.48296814914842,26.74459996700981],[-81.4833097274226,26.7443719878984],[-81.4847897623049,26.7445794020822],[-81.4851313356974,26.7443514169967]]},"properties":{"segment_id":"38f613de9c128be6d50ef84a","source_kmz":"caloosahatchee","orientation":"unverified"}},{"type":"Feature","geometry":{"type":"LineString","coordinates":[[-81.4851313356974,26.7443514169967],[-81.4863153662475,26.744517329382],[-81.4866569353745,26.744289339263],[-81.4878409680005,26.7444552343754],[-81.48818253286181,26.744227239223],[-81.4896625769478,26.7444345844113],[-81.4900041369268,26.7442065832849],[-81.4914841850249,26.74441390266],[-81.4918257401213,26.7441858955597],[-81.4933057922303,26.7443931891215],[-81.493647342444,26.7441651760474],[-81.4954234106375,26.74441389481222],[-81.4957649553516,26.7441858748237],[-81.4969490040209,26.7443516666829]]},"properties":{"segment_id":"cfedf9bbfd9f83390c5b3022","source_kmz":"caloosahatchee","orientation":"unverified"}},{"type":"Feature","geometry":{"type":"LineString","coordinates":[[-81.4969490040209,26.7443516666829],[-81.4975410300573,26.74443455754591],[-81.4978825692715,26.7442065306432],[-81.4996586504877,26.7444551773226],[-81.50000018420151,26.7442271435058],[-81.500888226788,26.744351452624],[-81.5012297568513,26.7441234147147],[-81.5074461134516,26.7449933459921],[-81.5077876287621,26.7447652870609],[-81.5086756880591,26.7448895297361],[-81.5090171997184,26.7446614667126],[-81.5104973011303,26.7448685162461],[-81.5108388079044,26.7446404472494],[-81.51143084921891,26.7447232592707]]},"properties":{"segment_id":"678d29de4fd561a00861d31d","source_kmz":"caloosahatchee","orientation":"unverified"}},{"type":"Feature","geometry":{"type":"LineString","coordinates":[[-81.51143084921891,26.7447232592707],[-81.5117723529585,26.7444951871222],[-81.5120683734238,26.7445365909256],[-81.5124098747458,26.744308516566],[-81.5127058948775,26.7443499185845],[-81.5130473937819,26.74412184201371],[-81.5133434135799,26.7441632422472],[-81.5205144616788,26.73937332098531],[-81.5205599141307,26.7391038359757],[-81.5212428273131,26.7386476231133],[-81.5212882771152,26.738378137209],[-81.5216297298223,26.7381500285417],[-81.5217206262102,26.7376110553698],[-81.5220620747502,26.7373829447714],[-81.5221075213361,26.7371134575039],[-81.5218569686688,26.7368025938549],[-81.5219933085793,26.7359941302314],[-81.5217427595637,26.7356832652805],[-81.5220154354437,26.7340663308766],[-81.5217648919309,26.7337554642085],[-81.5221738921963,26.7313300455383],[-81.5219233560371,26.7310191767373],[-81.5221505715844,26.7296717130249],[-81.5219000403104,26.7293608426445],[-81.521990925782,26.7288218552416],[-81.5223323389273,26.7285937378355],[-81.5225141017415,26.7275157588953],[-81.5228555083545,26.7272876388972]]},"properties":{"segment_id":"2f8bd0d3d55eeaa02d723d79","source_kmz":"caloosahatchee","orientation":"unverified"}},{"type":"Feature","geometry":{"type":"LineString","coordinates":[[-81.5228555083545,26.7272876388972],[-81.5235383161804,26.7268313950892],[-81.5235837526273,26.726561898777],[-81.524266550887,26.7261056492259],[-81.5243119846849,26.7258361520185],[-81.5249947733786,26.7253798967243],[-81.5250402045276,26.7251103986218],[-81.5253815949915,26.7248822687384],[-81.5254270246745,26.7246127700711],[-81.5257684121556,26.7243846385868],[-81.5259046959581,26.7235761401866],[-81.5276115886209,26.7224354587511],[-81.52765701007482,26.7221659571635],[-81.52833975217501,26.7217096750346],[-81.5284305895028,26.7211706698343],[-81.52877195548751,26.7209425262033],[-81.5289082058092,26.7201340156527],[-81.5292495664457,26.71990586976],[-81.5293403962138,26.7193668608927],[-81.530364460228,26.7186824136089]]},"properties":{"segment_id":"9d2bf8e7e8e172c101c1d0b9","source_kmz":"caloosahatchee","orientation":"unverified"}},{"type":"Feature","geometry":{"type":"LineString","coordinates":[[-81.530364460228,26.7186824136089],[-81.5306604012882,26.7187237678458],[-81.5313431003981,26.7182674614237],[-81.5316390405069,26.7183088129359],[-81.5319803867451,26.7180806568789],[-81.5322763265197,26.7181220066067],[-81.53261767034111,26.7178938483391],[-81.5335054895102,26.7180178896361],[-81.5341881680508,26.7175615636487],[-81.535075986062,26.7176855917062],[-81.5354173207812,26.7174574239864],[-81.537192960734,26.7177054516641],[-81.5375342899503,26.7174772770332],[-81.5396058784368,26.7177665976596],[-81.5399472015326,26.7175384151777],[-81.5408350275576,26.7176623942466],[-81.5411763470017,26.717434207674],[-81.5414722889579,26.7174755314016],[-81.5421549212119,26.7170191525651],[-81.5424508622161,26.7170604735682],[-81.543133486036,26.71660408777001],[-81.5434294260882,26.7166454060487],[-81.543770734681,26.7164172103039],[-81.5443626143983,26.71649984244811],[-81.5447039199566,26.7162716435529],[-81.5449998596216,26.7163129574184],[-81.5453411627627,26.7160847563128],[-81.5456371020929,26.716126068394],[-81.5459784028167,26.715897865078],[-81.5462743418121,26.7159391753747],[-81.5466156401186,26.7157109698484],[-81.5472075177219,26.7157935860288],[-81.5475488129938,26.7155653773521],[-81.5484366296651,26.7156892924701],[-81.5487779212848,26.71546107970301],[-81.5526251482072,26.715997945183],[-81.5529664299992,26.7157697189253],[-81.5538542565216,26.7158935878749],[-81.5541955346609,26.7156653575269],[-81.5550833618718,26.7157892160573],[-81.5554246363583,26.7155609816192],[-81.5563124642574,26.7156848297304],[-81.556653735091,26.7154565912021],[-81.5572456205332,26.71553915050792],[-81.55758688833161,26.7153109088293],[-81.5578828308585,26.7153521862757],[-81.5582240962392,26.715123942387],[-81.5588159809044,26.7152064928667],[-81.55915724324971,26.7149782458279],[-81.559453185388,26.71501951886121],[-81.5597944453156,26.7147912696122],[-81.5603863292035,26.7148738112659],[-81.5607275860957,26.7146455588668],[-81.5610235278452,26.7146868274872],[-81.5613647823197,26.71445857287801],[-81.5619566654298,26.7145411057058],[-81.5622979168688,26.7143128479465]]},"properties":{"segment_id":"a5f80507b6217af972bb73c3","source_kmz":"caloosahatchee","orientation":"unverified"}},{"type":"Feature","geometry":{"type":"LineString","coordinates":[[-81.5622979168688,26.7143128479465],[-81.5625938582294,26.7143541121539],[-81.5629351072506,26.7141258521845],[-81.56352698958271,26.7142083761863],[-81.5638682355683,26.713980113067],[-81.5644601177934,26.7140626318115],[-81.5648013607434,26.7138343655421],[-81.5653932428615,26.7139168790293],[-81.5657344827757,26.71368860961],[-81.5660304236401,26.7137298641471],[-81.5663716611365,26.7135015925177],[-81.5669635424758,26.7135840971791],[-81.5673047769365,26.7133558223998]]},"properties":{"segment_id":"b6a0107afedbe1b5d84025e6","source_kmz":"caloosahatchee","orientation":"unverified"}},{"type":"Feature","geometry":{"type":"LineString","coordinates":[[-81.5673047769365,26.7133558223998],[-81.5676007174114,26.713397072524],[-81.5679419494542,26.7131687955347],[-81.5685338300144,26.7132512913702],[-81.5688750590213,26.7130230112311],[-81.5700588210548,26.7131879890101],[-81.5703094784646,26.71349875861201],[-81.57090136353771,26.7135812409377],[-81.5711520251116,26.7138920081541],[-81.5714479692532,26.7139332473016],[-81.5716986338092,26.71424401288141],[-81.5719945794149,26.7142852504356],[-81.5722452469531,26.7145960143787],[-81.5725411940228,26.7146372503397],[-81.5727918645431,26.7149480126461],[-81.573087813077,26.7149892470139],[-81.5733384865794,26.7153000076835],[-81.5736344365773,26.7153412404581],[-81.57388511306202,26.715651999491],[-81.5741810645239,26.7156932306724],[-81.5744317439908,26.7160039880686],[-81.5750236501246,26.7160864464004],[-81.5752743337559,26.716397201411],[-81.5755702884278,26.7164384285615],[-81.5758209750413,26.7167491819353],[-81.5761169311773,26.7167904074925],[-81.5763676207731,26.7171011592296],[-81.57666357837302,26.7171423831935],[-81.5771649653295,26.71776388250621],[-81.5774609255756,26.717805104128],[-81.5777116229363,26.7181158517037],[-81.5780075846464,26.7181570717321],[-81.5782582849895,26.718467817671],[-81.5809219637045,26.7188387531877],[-81.5812631820627,26.718610436313],[-81.5815591471555,26.7186516462084],[-81.581900363095,26.718423327124],[-81.58219632785132,26.7184645352351],[-81.5828787530925,26.7180078913768],[-81.583174716894,26.7180490967636],[-81.5852219456988,26.7166791290728],[-81.5855179060718,26.7167203279759],[-81.585859103953,26.7164919946431],[-81.5867469849072,26.7166155834663],[-81.5870881791328,26.7163872460441],[-81.5885679832658,26.7165932058282],[-81.5889091725988,26.7163648624368],[-81.5909809058871,26.7166531640898],[-81.59132208909011,26.71642481284981],[-81.5916180514966,26.7164659944827],[-81.5919592322807,26.716237641033],[-81.5922551943503,26.71627882088161]]},"properties":{"segment_id":"f107f2b84564f886e56c15ed","source_kmz":"caloosahatchee","orientation":"unverified"}},{"type":"Feature","geometry":{"type":"LineString","coordinates":[[-81.6342788207109,26.7185315236903],[-81.637830719499,26.71902418241371],[-81.6380816371065,26.7193347837754],[-81.6398576087519,26.7195810630357],[-81.6401085352484,26.7198916590122]]},"properties":{"segment_id":"546ba72c62a72d10d4f4f020","source_kmz":"caloosahatchee","orientation":"unverified"}},{"type":"Feature","geometry":{"type":"LineString","coordinates":[[-81.5922551943503,26.71627882088161],[-81.5946434050979,26.7146803046023],[-81.5949393631191,26.71472147702771],[-81.5959628531495,26.7140363767571],[-81.5962588095964,26.7140775455186],[-81.5972822815677,26.7133924310013],[-81.5978741915942,26.71347476035231],[-81.5982153440799,26.7132463844276],[-81.599103209375,26.71336986930161],[-81.59944435820441,26.7131414892879],[-81.6012200926823,26.7133884305979],[-81.60156123599901,26.7131600436759],[-81.6030410193767,26.71336580018041],[-81.60338215779912,26.7131374072899],[-81.6036781147001,26.7131785551177]]},"properties":{"segment_id":"6ebb473f6aaa2fc077d13980","source_kmz":"caloosahatchee","orientation":"unverified"}},{"type":"Feature","geometry":{"type":"LineString","coordinates":[[-81.6036781147001,26.7131785551177],[-81.6054538620155,26.7134254243518],[-81.60579499430571,26.7131970236134],[-81.6078667079771,26.7134849927198],[-81.60820783413472,26.7132565841336],[-81.6105755188298,26.7135856334994],[-81.6109166382354,26.7133572161258],[-81.6138762632285,26.7137684424355],[-81.6141270796246,26.7140791062143],[-81.61471901036091,26.7141613398444],[-81.6149698309206,26.7144720012364],[-81.6158577326786,26.7145953431006],[-81.61610855858342,26.7149060013566],[-81.6167004968575,26.71498822354531],[-81.616951326926,26.7152988794144],[-81.6172472976663,26.7153399884928],[-81.6174981307168,26.7156506427243],[-81.6186820212157,26.7158150675964],[-81.6189328607929,26.7161257179425],[-81.6201167605158,26.716290126306],[-81.62045786539791,26.7160616795701],[-81.6228256733824,26.716390448244],[-81.6231667715094,26.71616199272111],[-81.6267185097802,26.7166550331166],[-81.6269693806371,26.7169656633715],[-81.6305211735469,26.7174585731672],[-81.6307720603813,26.7177691935417],[-81.63136403216221,26.7178513318525],[-81.6316149231603,26.7181619498398],[-81.6342788207109,26.7185315236903]]},"properties":{"segment_id":"841d97c8fef084fc52da05a7","source_kmz":"caloosahatchee","orientation":"unverified"}},{"type":"Feature","geometry":{"type":"LineString","coordinates":[[-81.7054951546314,26.7236970914759],[-81.7063832796548,26.72381965965941],[-81.7066344571476,26.7241300917071],[-81.7069305005617,26.7241709453288],[-81.7071816810371,26.724481375737],[-81.7133986820847,26.7253390909128]]},"properties":{"segment_id":"71785c38e1ddd81103fccd79","source_kmz":"caloosahatchee","orientation":"unverified"}},{"type":"Feature","geometry":{"type":"LineString","coordinates":[[-81.6807185631492,26.7197229564999],[-81.6813105956157,26.719804810992],[-81.6815616715092,26.7201153070591],[-81.68570594666,26.7206881834074],[-81.68595704088591,26.7209986680882],[-81.7054951546314,26.7236970914759]]},"properties":{"segment_id":"328d126612a667fcd6cad6c2","source_kmz":"caloosahatchee","orientation":"unverified"}},{"type":"Feature","geometry":{"type":"LineString","coordinates":[[-81.6401085352484,26.7198916590122],[-81.6407005304056,26.7199737438438],[-81.6409514610659,26.7202843374328],[-81.6459834853201,26.7209819093644],[-81.6466655936821,26.7205248518755],[-81.6475536026627,26.7206479218298],[-81.6478946522818,26.7204193883628],[-81.6481906552166,26.7204604090522],[-81.6485317024145,26.7202318733766],[-81.6488277050099,26.7202728922817],[-81.6491687497865,26.7200443543974],[-81.650056757396,26.72016740322652],[-81.6503977985113,26.7199388612544],[-81.6515818101049,26.7201029107773],[-81.6519228469386,26.7198743637777],[-81.6522188499183,26.7199153731073],[-81.6525598843306,26.7196868238992],[-81.6540399003361,26.7198918531809],[-81.6543809298466,26.7196632980057],[-81.6576369829188,26.7201142777671],[-81.6586600401756,26.7194285736214],[-81.6592520497493,26.7195105533246],[-81.6595930639917,26.71928198085912],[-81.6598890685788,26.7193229685042],[-81.6602300803997,26.7190943938302],[-81.6617101044394,26.7192993146892],[-81.6620511113573,26.7190707340486],[-81.662643121695,26.7191526946009],[-81.6629841255708,26.7189241108123],[-81.663576135789,26.7190060661072],[-81.6642581356553,26.71854889096541],[-81.6675141982468,26.7189995640288],[-81.6678551886531,26.7187709642198],[-81.6684472024356,26.7188528919179],[-81.6687881897996,26.718624288961],[-81.66967621071342,26.7187471713552],[-81.6700171944144,26.7185185643109],[-81.6741613166642,26.719091901823],[-81.6745022898756,26.7188632803568],[-81.6807185631492,26.7197229564999]]},"properties":{"segment_id":"0af22ec94cec37cb964d6c87","source_kmz":"caloosahatchee","orientation":"unverified"}},{"type":"Feature","geometry":{"type":"LineString","coordinates":[[-81.7133986820847,26.7253390909128],[-81.7142868351511,26.725461591242],[-81.7146277274232,26.7252328429973],[-81.7149237783824,26.7252736738115],[-81.7152646682305,26.7250449233593],[-81.7158567697435,26.7251265805747],[-81.7165385415461,26.7246690721083],[-81.7171306416894,26.7247507221872],[-81.7174715236438,26.724521964173],[-81.71835967408832,26.7246444301378],[-81.7190414288596,26.7241869046689],[-81.7199295780868,26.7243093573949],[-81.7206113219181,26.7238518212174],[-81.7217955198225,26.7240150721775],[-81.7221363865473,26.7237862984293],[-81.7224324360996,26.72382710811811],[-81.7227733004002,26.7235983321625]]},"properties":{"segment_id":"6a0209ad5c65575c88f01696","source_kmz":"caloosahatchee","orientation":"unverified"}},{"type":"Feature","geometry":{"type":"LineString","coordinates":[[-81.7227733004002,26.7235983321625],[-81.7231141628986,26.7233695549388],[-81.7240023094992,26.7234919733008],[-81.7243431683296,26.723263191991],[-81.7246392171329,26.72330399548292],[-81.724980073539,26.7230752119658],[-81.7267563684896,26.7233200095414],[-81.7277789156987,26.7226336344742],[-81.7283710125165,26.7227152212723],[-81.7290526991564,26.722257627797],[-81.7305329398646,26.72246157061601],[-81.7308737773708,26.72223276728],[-81.7317619232781,26.72235512001661],[-81.7321027571157,26.7221263125947],[-81.7326948545382,26.7222078749834],[-81.7330356853292,26.7219790644151],[-81.7345159306573,26.7221829509074],[-81.73485675653521,26.72195413437481],[-81.7351528058156,26.7219949081997],[-81.7371977195012,26.7206219767424],[-81.7374937653273,26.720662744087],[-81.7378345773445,26.72043391680061],[-81.7381306228273,26.7204746823613],[-81.7391530461987,26.7197881900773],[-81.7394490900935,26.7198289519755],[-81.7401306954185,26.7193712822351],[-81.7407227815557,26.7194527997404],[-81.7414043771824,26.7189951211718],[-81.7419964619457,26.7190766315413],[-81.742337255811,26.7188477884768],[-81.7426332979886,26.7188885414552]]},"properties":{"segment_id":"6a730084196fe8641a740e89","source_kmz":"caloosahatchee","orientation":"unverified"}},{"type":"Feature","geometry":{"type":"LineString","coordinates":[[-81.7426332979886,26.7188885414552],[-81.7433148790676,26.7184308496445],[-81.7436109202793,26.7184715998998],[-81.7439517074931,26.7182427511535],[-81.7445437895081,26.7183242472514],[-81.7448845736748,26.718095395359],[-81.7451806144781,26.7181361412016],[-81.7462029542975,26.7174495751002],[-81.7464989935123,26.7174903172805],[-81.7471805431357,26.717032598329],[-81.7477726199118,26.7171140763989],[-81.7481133907752,26.7168852131432],[-81.7495935844802,26.7170888888389],[-81.7499343504291,26.7168600196197],[-81.7505264286167,26.7169414821065],[-81.7515487119146,26.71625486120771],[-81.7533249419592,26.7164992114895],[-81.75357626655291,26.7168095372391],[-81.7539170208695,26.7165806548254],[-81.7545091008941,26.7166620947823],[-81.75455381263421,26.7163924906057],[-81.7552353110106,26.7159347175617],[-81.7623403066882,26.7169116861375]]},"properties":{"segment_id":"def92e427f1bfbb1ca5b0ba4","source_kmz":"caloosahatchee","orientation":"unverified"}},{"type":"Feature","geometry":{"type":"LineString","coordinates":[[-81.7623403066882,26.7169116861375],[-81.764725389616,26.7153092827852]]},"properties":{"segment_id":"1c3c16936fd0ebec458ee339","source_kmz":"caloosahatchee","orientation":"unverified"}},{"type":"Feature","geometry":{"type":"LineString","coordinates":[[-81.764725389616,26.7153092827852],[-81.7667696761177,26.7139357447638],[-81.7668143482571,26.7136661331617],[-81.7678364636376,26.71297934605422],[-81.7679258000046,26.7124401201766],[-81.7686071965288,26.7119822544536],[-81.7687411919157,26.7111734119098],[-81.7690818839361,26.7109444761616],[-81.7691265473292,26.7106748611835],[-81.769467236368,26.7104459238393],[-81.7695118983034,26.7101763082984],[-81.7701932686156,26.7097184291507],[-81.7706845055974,26.7067526355134],[-81.7754537143358,26.7035472889341],[-81.7757497197586,26.7035879498038],[-81.7760903633873,26.703358986032],[-81.7763863684652,26.7033996451181],[-81.7770676490706,26.7029417118945],[-81.7773636531807,26.7029823682582],[-81.778044925332,26.7025244280872],[-81.7786369318944,26.7026057345248],[-81.7799994495888,26.7016898314634],[-81.7805914522791,26.7017711270112],[-81.7816133178907,26.7010841807746],[-81.7819093177837,26.7011248244649],[-81.7822499354271,26.70089583891251],[-81.782545934975,26.70093648081931],[-81.7832271636098,26.7004785040348],[-81.783819161047,26.70055978155891],[-81.7841597714152,26.70033078938801],[-81.785047767786,26.7004526965223],[-81.78641018376142,26.6995367038998],[-81.7867061806149,26.69957733416661],[-81.7877279718061,26.6988903235769],[-81.7880239670679,26.6989309501825],[-81.7890457401717,26.6982439253709],[-81.7911177016956,26.6985282682445]]},"properties":{"segment_id":"329e029457280c7ad1cc6901","source_kmz":"caloosahatchee","orientation":"unverified"}},{"type":"Feature","geometry":{"type":"LineString","coordinates":[[-81.7911177016956,26.6985282682445],[-81.7937816722246,26.69889379112041],[-81.7954845414967,26.69774864932131],[-81.7966685231522,26.6979110631952],[-81.79700908910712,26.6976820272789],[-81.7973050845917,26.69772262769691],[-81.7976456481211,26.6974935895746],[-81.7985336343705,26.6976153829441],[-81.79887419422771,26.6973863407385],[-81.7994661852018,26.6974675302171],[-81.7998067420101,26.6972384848669],[-81.8042467003532,26.69784728417431],[-81.805608872155,26.6969310337798]]},"properties":{"segment_id":"8550eaf86345d093d621b7b6","source_kmz":"caloosahatchee","orientation":"unverified"}},{"type":"Feature","geometry":{"type":"LineString","coordinates":[[-81.805608872155,26.6969310337798],[-81.8059494106001,26.6967019680136],[-81.8065414035279,26.6967831175073],[-81.8068819389238,26.6965540485967],[-81.8116179123172,26.6972031078871]]},"properties":{"segment_id":"2c5fe0fb5e06acf3df3b21fe","source_kmz":"caloosahatchee","orientation":"unverified"}},{"type":"Feature","geometry":{"type":"LineString","coordinates":[[-81.8116179123172,26.6972031078871],[-81.82183283683742,26.6903300008761],[-81.8219218135053,26.6897906926875],[-81.8222622807009,26.689561568827],[-81.8223512539041,26.6890222590438],[-81.8390318237233,26.6777936058866]]},"properties":{"segment_id":"72f7adfe10fb70fa07045bb0","source_kmz":"caloosahatchee","orientation":"unverified"}},{"type":"Feature","geometry":{"type":"LineString","coordinates":[[-81.8390318237233,26.6777936058866],[-81.861152435023,26.66289376082201],[-81.8612854900556,26.6620846821025],[-81.86162574417392,26.6618554109375]]},"properties":{"segment_id":"c42200aa452ecf8d13bf7af9","source_kmz":"caloosahatchee","orientation":"unverified"}},{"type":"Feature","geometry":{"type":"LineString","coordinates":[[-81.86162574417392,26.6618554109375],[-81.8616700941222,26.661585717233],[-81.86235059460111,26.661127170447],[-81.86239494191962,26.660857475851],[-81.8630754328399,26.6603989233428],[-81.8631197775287,26.6601292278552],[-81.8678829957581,26.6569192138661]]},"properties":{"segment_id":"9e1de49d30dd08c080100d5e","source_kmz":"caloosahatchee","orientation":"unverified"}},{"type":"Feature","geometry":{"type":"LineString","coordinates":[[-81.8678829957581,26.6569192138661],[-81.8692438504094,26.6560020214232]]},"properties":{"segment_id":"5aaa47293dab42ffbd259f0b","source_kmz":"caloosahatchee","orientation":"unverified"}},{"type":"Feature","geometry":{"type":"LineString","coordinates":[[-81.8692438504094,26.6560020214232],[-81.87026447248591,26.6553141137946],[-81.8723356729603,26.6555968795074]]},"properties":{"segment_id":"875d5750c965638e9074729f","source_kmz":"caloosahatchee","orientation":"unverified"}},{"type":"Feature","geometry":{"type":"LineString","coordinates":[[-81.8723356729603,26.6555968795074],[-81.87359356153,26.657147344848],[-81.8739337636736,26.6569180301583],[-81.8753958182731,26.6480177106643],[-81.87675645355182,26.647100395902],[-81.8768893385949,26.6462912593174],[-81.8785900745309,26.6451445824479],[-81.8786786514189,26.6446051535988],[-81.8793589284831,26.6441464726737],[-81.8802003092193,26.6390218392213],[-81.8808805343911,26.6385631407507],[-81.8809248124788,26.6382934201921],[-81.8819451332045,26.6376053620041],[-81.8819894074888,26.6373356402249],[-81.8823295096204,26.6371062846346],[-81.8829050349475,26.63359987583],[-81.8835852032377,26.63314115231],[-81.8838950657378,26.63125306496361],[-81.8849152799801,26.6305649632882],[-81.8849595414222,26.6302952345977],[-81.8852996080601,26.6300658645116],[-81.8853881277663,26.6295264057675],[-81.8921890354561,26.6249387250107],[-81.8977163933128,26.5912198623861]]},"properties":{"segment_id":"86f87660ba950b5fce492f17","source_kmz":"caloosahatchee","orientation":"unverified"}},{"type":"Feature","geometry":{"type":"LineString","coordinates":[[-81.8977163933128,26.5912198623861],[-81.8978489970716,26.5904105644196],[-81.8981888731647,26.5901811250081],[-81.8982772719465,26.5896415911929],[-81.898617143892,26.5894121498575],[-81.89866134169601,26.589142382267],[-81.8990012106684,26.5889129393365],[-81.8999734669464,26.5829779854038],[-81.90065314782741,26.5825190812692],[-81.9013601221423,26.5782026688495]]},"properties":{"segment_id":"5e2fa76f9f5a60cfae490c09","source_kmz":"caloosahatchee","orientation":"unverified"}},{"type":"Feature","geometry":{"type":"LineString","coordinates":[[-81.9013601221423,26.5782026688495],[-81.9064572176824,26.5747606474433]]},"properties":{"segment_id":"56e2ce19db78da7e9542f791","source_kmz":"caloosahatchee","orientation":"unverified"}},{"type":"Feature","geometry":{"type":"LineString","coordinates":[[-81.9064572176824,26.5747606474433],[-81.9166501949935,26.5678757500607]]},"properties":{"segment_id":"35d99bc52dc5233f11f2baf4","source_kmz":"caloosahatchee","orientation":"unverified"}},{"type":"Feature","geometry":{"type":"LineString","coordinates":[[-81.9166501949935,26.5678757500607],[-81.918348867213,26.5667281563914]]},"properties":{"segment_id":"520ccc410c98dcd152f7a972","source_kmz":"caloosahatchee","orientation":"unverified"}},{"type":"Feature","geometry":{"type":"LineString","coordinates":[[-81.918348867213,26.5667281563914],[-81.9200474944823,26.5655805310743]]},"properties":{"segment_id":"960344fec8cab79ef601334f","source_kmz":"caloosahatchee","orientation":"unverified"}},{"type":"Feature","geometry":{"type":"LineString","coordinates":[[-81.9200474944823,26.5655805310743],[-81.9214063639341,26.5646624080345],[-81.9221562698518,26.5600758235205],[-81.9235150307501,26.5591576578478],[-81.9239560679057,26.5564596218812],[-81.9324473785822,26.550720545273]]},"properties":{"segment_id":"e8d4e1736325a1efa430837f","source_kmz":"caloosahatchee","orientation":"unverified"}},{"type":"Feature","geometry":{"type":"LineString","coordinates":[[-81.9324473785822,26.550720545273],[-81.940258392178,26.54543989608401]]},"properties":{"segment_id":"022989c9474ad95ceb7cc0b3","source_kmz":"caloosahatchee","orientation":"unverified"}},{"type":"Feature","geometry":{"type":"LineString","coordinates":[[-81.940258392178,26.54543989608401],[-81.9419563127929,26.5442918402691]]},"properties":{"segment_id":"e74830731ade40001c30b56c","source_kmz":"caloosahatchee","orientation":"unverified"}},{"type":"Feature","geometry":{"type":"LineString","coordinates":[[-81.9419563127929,26.5442918402691],[-81.9477289067833,26.5403882138213],[-81.9669388586301,26.5429989094792],[-81.9754260079964,26.5372560963203]]},"properties":{"segment_id":"f0b5a8f7fce3b9b7d870b07c","source_kmz":"caloosahatchee","orientation":"unverified"}},{"type":"Feature","geometry":{"type":"LineString","coordinates":[[-81.9754260079964,26.5372560963203],[-81.9808571940233,26.5335802808897],[-81.9820392800773,26.5337406690625],[-81.9823787114239,26.5335109160988],[-81.98415184494391,26.5337514674221],[-81.9844912707394,26.533521707576],[-81.9865599345568,26.5338023058329],[-81.9868993541751,26.5335725381682],[-81.9880814512884,26.5337328577173],[-81.9884208666064,26.5335030850428],[-81.9887163909414,26.5335431618839],[-81.9890558038362,26.5333133870081],[-81.9896468520736,26.5333935362861],[-81.9899862619193,26.5331637582728],[-81.9902817858217,26.5332038307097],[-81.9906211932442,26.5329740504952],[-81.9912122406161,26.5330541909647],[-81.9915516449896,26.5328244076127],[-81.9921426922015,26.5329045428341],[-81.99282149305282,26.53244496859021],[-81.9931170158164,26.5324850330626],[-81.9934564129201,26.5322552431069],[-81.9937519353307,26.5322953057992],[-81.9944307228939,26.5318357202205],[-81.9947262443256,26.5318757801965],[-81.9950656347852,26.5316459845734],[-81.9953611558639,26.5316860427693],[-81.9957005439001,26.53145624494511],[-81.9962915856242,26.5315363569327],[-81.9966309706112,26.5313065559712],[-81.9981085765658,26.5315068164902],[-81.9984155834826,26.529617816811],[-82.0021485750815,26.5270898459362]]},"properties":{"segment_id":"9eed4e749871ca73bd2bd62e","source_kmz":"caloosahatchee","orientation":"unverified"}},{"type":"Feature","geometry":{"type":"LineString","coordinates":[[-82.0021485750815,26.5270898459362],[-82.0023182513504,26.5269749345324]]},"properties":{"segment_id":"346aff830eeb9f64c67f9091","source_kmz":"caloosahatchee","orientation":"unverified"}},{"type":"Feature","geometry":{"type":"LineString","coordinates":[[-82.0023182513504,26.5269749345324],[-82.0041846606529,26.5257108882193],[-82.0043161712155,26.5249012966042],[-82.0049948450001,26.5244416319391],[-82.00529034612862,26.52448166280441],[-82.0097015423589,26.521493706986],[-82.0097453602018,26.5212238376152],[-82.0127990768229,26.5191551246361],[-82.01309456355132,26.5191951339738],[-82.01343385578632,26.518965269716],[-82.0140248288081,26.519045283988]]},"properties":{"segment_id":"996057e131f1854e7764efee","source_kmz":"caloosahatchee","orientation":"unverified"}},{"type":"Feature","geometry":{"type":"LineString","coordinates":[[-82.0140248288081,26.519045283988],[-82.0340398160474,26.5054809437485]]},"properties":{"segment_id":"7f21d485df460984ee52f2e7","source_kmz":"caloosahatchee","orientation":"unverified"}},{"type":"Feature","geometry":{"type":"LineString","coordinates":[[-82.0340398160474,26.5054809437485],[-82.0350573601506,26.5047911139195],[-82.0355383816382,26.5018222716785],[-82.0368950304637,26.50090246639701],[-82.0370699204889,26.4998228750242],[-82.038426521846,26.4989030442467],[-82.0387219514459,26.4989429832345],[-82.0390610966672,26.4987130214431],[-82.0393565259124,26.4987529586515],[-82.0396956687106,26.49852299466],[-82.0399910976011,26.498562930089],[-82.0406693765548,26.49810299644111],[-82.0412602326449,26.4981828610252],[-82.0415993681738,26.4979528904333],[-82.0421902240979,26.4980327497708],[-82.0425293565771,26.4978027760432],[-82.0431202123349,26.4978826301343],[-82.0458331974668,26.4960427798229],[-82.0460079665634,26.4949631576693]]},"properties":{"segment_id":"cf830f13951438f55bc04c48","source_kmz":"caloosahatchee","orientation":"unverified"}},{"type":"Feature","geometry":{"type":"LineString","coordinates":[[-82.048777081208,26.4983711713605],[-82.0460079665634,26.4949631576693]]},"properties":{"segment_id":"d14c20176ebc08f924f7a2c8","source_kmz":"caloosahatchee","orientation":"unverified"}}]}