{"type":"FeatureCollection","features":[{"type":"Feature","geometry":{"type":"LineString","coordinates":[[-93.0,40.307669991170286],[-92.9887088230569,40.2889795515088],[-92.9870706628917,40.2771519741755]]},"properties":{"segment_id":"d29c0d91f07e6ffb2940d1b6","source_kmz":"missouri","orientation":"unverified"}},{"type":"Feature","geometry":{"type":"LineString","coordinates":[[-92.9870706628917,40.2771519741755],[-92.9999960985191,40.2576338989157],[-93.0,40.25762098362792]]},"properties":{"segment_id":"f15f91eede5b65a094762838","source_kmz":"missouri","orientation":"unverified"}},{"type":"Feature","geometry":{"type":"LineString","coordinates":[[-92.93378531347932,40.216123060216],[-92.93052986945061,40.2090781039249],[-92.9368919204447,40.2017311816323],[-92.9376595968283,40.1921049903634],[-92.9530601041068,40.1812258289321]]},"properties":{"segment_id":"4ac5057961ebc14ef102d075","source_kmz":"missouri","orientation":"unverified"}},{"type":"Feature","geometry":{"type":"LineString","coordinates":[[-92.9392722326575,40.1294539844893],[-92.9356538016199,40.1226684891934],[-92.9369129995428,40.1098398816046],[-92.9490326088172,40.0921848675615],[-92.9504955763704,40.0828439618811]]},"properties":{"segment_id":"51a4834b67514c6d1101de7a","source_kmz":"missouri","orientation":"unverified"}},{"type":"Feature","geometry":{"type":"LineString","coordinates":[[-92.9551390998758,40.1574323768723],[-92.956431973317,40.1521055154958],[-92.96915456894861,40.1454466219052],[-92.974179727352,40.1190453215403],[-92.9696070518394,40.1095590133227],[-92.9703426761885,40.092163506475],[-92.9588677190141,40.0696517715361]]},"properties":{"segment_id":"6eed8d47996322bdd73cfcb7","source_kmz":"missouri","orientation":"unverified"}},{"type":"Feature","geometry":{"type":"LineString","coordinates":[[-92.97549393257381,40.0121887000451],[-92.98667133982032,40.0079029222147],[-92.98715459859521,39.996395626518],[-92.9928955801675,39.9863536129611]]},"properties":{"segment_id":"bf94aee4fcffa472665251ea","source_kmz":"missouri","orientation":"unverified"}},{"type":"Feature","geometry":{"type":"LineString","coordinates":[[-92.896018455637,39.9714092379644],[-92.90583059321752,39.9494168081988],[-92.9041871299818,39.9464296482631]]},"properties":{"segment_id":"c167f99f5a442c572ea05169","source_kmz":"missouri","orientation":"unverified"}},{"type":"Feature","geometry":{"type":"LineString","coordinates":[[-92.9041871299818,39.9464296482631],[-92.9181165252549,39.9191804910087],[-92.9288038915042,39.9095307957847]]},"properties":{"segment_id":"80b3d313e2096968435eddd8","source_kmz":"missouri","orientation":"unverified"}},{"type":"Feature","geometry":{"type":"LineString","coordinates":[[-92.8667508664224,39.9189816266085],[-92.88453425633081,39.9092444213341],[-92.90017013649371,39.916328125186],[-92.9193982381377,39.9058181415263],[-92.9288038915042,39.9095307957847]]},"properties":{"segment_id":"fe1fb0dbfea1cee22e9f78a1","source_kmz":"missouri","orientation":"unverified"}},{"type":"Feature","geometry":{"type":"LineString","coordinates":[[-92.9941751311753,39.8880752099428],[-92.99759400991461,39.8825318123005],[-93.0,39.8813788869498]]},"properties":{"segment_id":"7e1eac56f66e8bef3892beb7","source_kmz":"missouri","orientation":"unverified"}},{"type":"Feature","geometry":{"type":"LineString","coordinates":[[-92.8859435843914,39.8685622336841],[-92.9046885903783,39.8690257202342],[-92.91292933292951,39.8585137766767],[-92.93536797572132,39.8470094905692],[-92.95826878545421,39.8411377583881]]},"properties":{"segment_id":"088a7260f10b80bb2e64e622","source_kmz":"missouri","orientation":"unverified"}},{"type":"Feature","geometry":{"type":"LineString","coordinates":[[-92.95029260963331,39.8205866150536],[-92.95967460870082,39.8162606432959],[-92.96271673360741,39.8112449749321]]},"properties":{"segment_id":"eafeb1a790fe7b93be6e9f18","source_kmz":"missouri","orientation":"unverified"}},{"type":"Feature","geometry":{"type":"LineString","coordinates":[[-92.88874825814061,39.8364872029008],[-92.9146406079077,39.8186436126184],[-92.91955432741,39.8195679310271],[-92.92752436125191,39.8152096501544],[-92.9231831489493,39.8009065298888],[-92.925988171765,39.7932073089247]]},"properties":{"segment_id":"63278ab36501533b884775ba","source_kmz":"missouri","orientation":"unverified"}},{"type":"Feature","geometry":{"type":"LineString","coordinates":[[-92.925988171765,39.7932073089247],[-92.9283936312102,39.7865697205077],[-92.93563016892601,39.7827288394713]]},"properties":{"segment_id":"9920a6a264b45c76887ca0a3","source_kmz":"missouri","orientation":"unverified"}},{"type":"Feature","geometry":{"type":"LineString","coordinates":[[-92.93506050693331,39.7628934208671],[-92.9326333173602,39.7783698353586],[-92.93563016892601,39.7827288394713]]},"properties":{"segment_id":"17c52e45a3ed46d1be0e0d80","source_kmz":"missouri","orientation":"unverified"}},{"type":"Feature","geometry":{"type":"LineString","coordinates":[[-92.9913010687393,39.7875587727658],[-92.9819364403997,39.7747446179322],[-92.9828057120229,39.7624442818141]]},"properties":{"segment_id":"38ddfc82acce5244bbff8516","source_kmz":"missouri","orientation":"unverified"}},{"type":"Feature","geometry":{"type":"LineString","coordinates":[[-92.9829854220857,39.7412883371034],[-92.988987517713,39.7414326547157],[-92.99931186484801,39.7481086086547]]},"properties":{"segment_id":"c1419c0d6cc30297b1c5b5af","source_kmz":"missouri","orientation":"unverified"}},{"type":"Feature","geometry":{"type":"LineString","coordinates":[[-92.9989929032573,39.696406512257],[-93.0,39.69612859601572]]},"properties":{"segment_id":"ac088c9122c9a153615fd18f","source_kmz":"missouri","orientation":"unverified"}},{"type":"Feature","geometry":{"type":"LineString","coordinates":[[-92.991407389544,39.6750649054539],[-92.9958229563525,39.6623144973689],[-93.0,39.6609759957728]]},"properties":{"segment_id":"b507b84d4eaea3060b86d4d3","source_kmz":"missouri","orientation":"unverified"}},{"type":"Feature","geometry":{"type":"LineString","coordinates":[[-92.9149367784781,40.05920664712811],[-92.91840444569621,40.0528621237778],[-92.9119554079514,40.0460067358053],[-92.9122461979578,40.0310119045397],[-92.9241890612201,40.00076512835531],[-92.9279174800152,39.9799612472184],[-92.924765043824,39.9707761765763],[-92.9335629822823,39.9557218507431],[-92.9293715776094,39.9459758835594],[-92.9334955449174,39.9158065080469],[-92.9302079925627,39.9098329862484]]},"properties":{"segment_id":"7e2353b0f3a93c3ca3a2232d","source_kmz":"missouri","orientation":"unverified"}},{"type":"Feature","geometry":{"type":"LineString","coordinates":[[-92.92566844589692,40.8853201574604],[-92.9150480659172,40.873537693001],[-92.9146685115809,40.8657555319662]]},"properties":{"segment_id":"a504147aa259704e9e289726","source_kmz":"missouri","orientation":"unverified"}},{"type":"Feature","geometry":{"type":"LineString","coordinates":[[-93.0,40.900053642864144],[-92.9976509156129,40.89856365962041],[-92.97812087885671,40.8932769965054],[-92.9673989830332,40.8836409009746],[-92.9404577143501,40.8754912444486],[-92.9246760100827,40.86680187042991],[-92.9146685115809,40.8657555319662]]},"properties":{"segment_id":"5c0ef94ba63295a7a0c47c70","source_kmz":"missouri","orientation":"unverified"}},{"type":"Feature","geometry":{"type":"LineString","coordinates":[[-92.86091889970612,40.863368820226],[-92.87312433518511,40.8634012952851],[-92.8789162828106,40.8541622936289]]},"properties":{"segment_id":"24abf38f5953c26a54c8bec3","source_kmz":"missouri","orientation":"unverified"}},{"type":"Feature","geometry":{"type":"LineString","coordinates":[[-92.9511291742281,40.8360793466961],[-92.94446849286311,40.8407439570381],[-92.9197300868647,40.8401473486394]]},"properties":{"segment_id":"4d18e8afd032ba2b1e50447d","source_kmz":"missouri","orientation":"unverified"}},{"type":"Feature","geometry":{"type":"LineString","coordinates":[[-92.9146685115809,40.8657555319662],[-92.90951040335482,40.8605377535411],[-92.910000326291,40.8492923713602],[-92.88364322667982,40.8282792394735],[-92.8882265559879,40.8219588232457]]},"properties":{"segment_id":"0eb98826ca1bb2d851057162","source_kmz":"missouri","orientation":"unverified"}},{"type":"Feature","geometry":{"type":"LineString","coordinates":[[-92.8372005842843,40.847771406534],[-92.8431280831174,40.8436300736859],[-92.8536584863367,40.8489835998867],[-92.8633599509772,40.8406461079274],[-92.85460824069091,40.827564508926],[-92.85642162183711,40.8190324147213]]},"properties":{"segment_id":"97e999c3da003507c1ed8294","source_kmz":"missouri","orientation":"unverified"}},{"type":"Feature","geometry":{"type":"LineString","coordinates":[[-92.8378565003466,40.8250048742495],[-92.8475581476597,40.8247096571078],[-92.85642162183711,40.8190324147213]]},"properties":{"segment_id":"218a48e188fcf335a5999ece","source_kmz":"missouri","orientation":"unverified"}},{"type":"Feature","geometry":{"type":"LineString","coordinates":[[-92.8789162828106,40.8541622936289],[-92.8792814533995,40.8458622494043],[-92.8706012335287,40.8392162660675],[-92.86822951932452,40.82790063964081],[-92.87622859866921,40.8173762704733]]},"properties":{"segment_id":"66a6ad84a3a3672644cadbd9","source_kmz":"missouri","orientation":"unverified"}},{"type":"Feature","geometry":{"type":"LineString","coordinates":[[-92.85642162183711,40.8190324147213],[-92.856596885597,40.8069755380691],[-92.86931630851062,40.8032689842884],[-92.87103289463782,40.7968786898477]]},"properties":{"segment_id":"189a0f07b53d9f8305373cc1","source_kmz":"missouri","orientation":"unverified"}},{"type":"Feature","geometry":{"type":"LineString","coordinates":[[-92.84233445169652,40.80501398518911],[-92.8492361681924,40.7950002507119],[-92.8472053501107,40.7922696652457]]},"properties":{"segment_id":"14a5568f8032af95adda4bff","source_kmz":"missouri","orientation":"unverified"}},{"type":"Feature","geometry":{"type":"LineString","coordinates":[[-92.9841748082291,40.7931805524138],[-92.97959048629731,40.799772027082],[-92.96269188483171,40.8007095319374],[-92.9610866271058,40.8046914021461],[-92.95097052317242,40.7980168441718],[-92.93469619801202,40.7928012238379],[-92.92994584119062,40.7948307261554],[-92.9275536423586,40.7920927723322],[-92.9244553998355,40.7973781943321],[-92.9187457059559,40.7967039086356],[-92.91821305014372,40.8007112724124],[-92.9102483363698,40.802394104736],[-92.91248881242102,40.8086129947769],[-92.9060382659452,40.808456203534],[-92.90260268854732,40.8131969610823],[-92.89047625481452,40.8115608936618],[-92.8956223579545,40.8087383802623],[-92.88600532181302,40.8071631106909],[-92.8808182804984,40.8027476057237]]},"properties":{"segment_id":"bf6bf5f9c8c6d5e098fcc079","source_kmz":"missouri","orientation":"unverified"}},{"type":"Feature","geometry":{"type":"LineString","coordinates":[[-92.80968999962242,40.8050031650143],[-92.8084882185221,40.791839611106],[-92.8168004105285,40.7904398621882],[-92.8201102121326,40.7806057813013]]},"properties":{"segment_id":"e35a2014d5e979557bcd70c1","source_kmz":"missouri","orientation":"unverified"}},{"type":"Feature","geometry":{"type":"LineString","coordinates":[[-92.83911874881342,40.7725032264515],[-92.83220598187171,40.774743304185],[-92.8225123276523,40.7669967213471]]},"properties":{"segment_id":"71f91e5f5b83b9114bdaaf76","source_kmz":"missouri","orientation":"unverified"}},{"type":"Feature","geometry":{"type":"LineString","coordinates":[[-93.0,40.77630035087414],[-92.9822868062831,40.7869715040057],[-92.9841748082291,40.7931805524138]]},"properties":{"segment_id":"439f5ae404bc4a1d56ebe202","source_kmz":"missouri","orientation":"unverified"}},{"type":"Feature","geometry":{"type":"LineString","coordinates":[[-92.9089385700673,40.7500994127614],[-92.89565497712212,40.750579583817],[-92.87923610011322,40.7571457003708],[-92.8635743327957,40.75461596549581]]},"properties":{"segment_id":"8acb7639e008a1da8a6c7a38","source_kmz":"missouri","orientation":"unverified"}},{"type":"Feature","geometry":{"type":"LineString","coordinates":[[-92.8519690274781,40.7414642823906],[-92.84163507485292,40.7481761697861],[-92.8347963345698,40.74881002988801]]},"properties":{"segment_id":"fa3767a118604de6904ca665","source_kmz":"missouri","orientation":"unverified"}},{"type":"Feature","geometry":{"type":"LineString","coordinates":[[-92.7492024191341,40.7549575455088],[-92.75596568032012,40.74816177280781],[-92.756418006281,40.7382564905002]]},"properties":{"segment_id":"ab8c3844c65ad5b4e66e2ab6","source_kmz":"missouri","orientation":"unverified"}},{"type":"Feature","geometry":{"type":"LineString","coordinates":[[-92.768304513962,40.7763508392238],[-92.7735083558419,40.7644218717294],[-92.7837662397246,40.7595894571461],[-92.77937199734741,40.74580903127981],[-92.7822056593049,40.7386442987125],[-92.7862768341725,40.735799154384],[-92.7955964610279,40.7357665730053],[-92.7975432589285,40.7323314498318]]},"properties":{"segment_id":"8a4765726c66f2ef88ef8844","source_kmz":"missouri","orientation":"unverified"}},{"type":"Feature","geometry":{"type":"LineString","coordinates":[[-92.96097952395452,40.7317905745951],[-92.9515704920578,40.7422852427028],[-92.9567804544242,40.7461622038717],[-92.96051578806541,40.7593838802584]]},"properties":{"segment_id":"507b778c865d398c22331d5d","source_kmz":"missouri","orientation":"unverified"}},{"type":"Feature","geometry":{"type":"LineString","coordinates":[[-93.0,40.7525893430232],[-92.99089327173121,40.75313875538121]]},"properties":{"segment_id":"d1ca0aa9362c670e134905ff","source_kmz":"missouri","orientation":"unverified"}},{"type":"Feature","geometry":{"type":"LineString","coordinates":[[-92.756418006281,40.7382564905002],[-92.7697976064504,40.735649193119],[-92.7716553139008,40.7263157677577],[-92.7870880278814,40.7178625804371]]},"properties":{"segment_id":"dc7994f790de899beb142c82","source_kmz":"missouri","orientation":"unverified"}},{"type":"Feature","geometry":{"type":"LineString","coordinates":[[-92.89759610118661,40.7061379544057],[-92.89383043805591,40.7103339396606],[-92.8833349320233,40.7127568266168],[-92.88724859393822,40.72973718368271],[-92.89349296008321,40.7344461777071]]},"properties":{"segment_id":"67b0eac261a43be0380a3aee","source_kmz":"missouri","orientation":"unverified"}},{"type":"Feature","geometry":{"type":"LineString","coordinates":[[-92.83573771772612,40.7035395182388],[-92.8191356839928,40.6983005568353],[-92.81060606807571,40.7047868085858],[-92.80848952932931,40.7200102827674],[-92.8007843869674,40.7160642367101],[-92.79271475601972,40.70433615456021],[-92.77502357516651,40.7073722320133]]},"properties":{"segment_id":"12d404c132033b878837e1d9","source_kmz":"missouri","orientation":"unverified"}},{"type":"Feature","geometry":{"type":"LineString","coordinates":[[-93.0,40.69976553180553],[-92.9964709713597,40.6975274012505],[-92.9917060819236,40.700094516528]]},"properties":{"segment_id":"b79b1b6ff57bafe588215650","source_kmz":"missouri","orientation":"unverified"}},{"type":"Feature","geometry":{"type":"LineString","coordinates":[[-92.9917060819236,40.700094516528],[-92.98233440853971,40.7014800946737],[-92.97824529050723,40.69655897016261],[-92.9565477290539,40.7014006291708],[-92.9119133900378,40.7311432281548],[-92.89349296008321,40.7344461777071]]},"properties":{"segment_id":"94333a139d4bac981971ebff","source_kmz":"missouri","orientation":"unverified"}},{"type":"Feature","geometry":{"type":"LineString","coordinates":[[-92.7392788203278,40.7134278259961],[-92.74728661432171,40.7106849993167],[-92.7581283693576,40.7007776743472],[-92.75795858432721,40.6809404379221]]},"properties":{"segment_id":"19cbf63b3c6fe043ce1f1ba8","source_kmz":"missouri","orientation":"unverified"}},{"type":"Feature","geometry":{"type":"LineString","coordinates":[[-92.83607110396471,40.688003495707],[-92.80914418342782,40.6894735969366],[-92.8010725366117,40.6857863665532],[-92.7943042139055,40.6770394080803]]},"properties":{"segment_id":"248a45a46ef75d74086c2945","source_kmz":"missouri","orientation":"unverified"}},{"type":"Feature","geometry":{"type":"LineString","coordinates":[[-92.739616023256,40.67484238421581],[-92.7504929458485,40.6719052044563],[-92.7525379812725,40.6663293667518]]},"properties":{"segment_id":"6b7babcc65f50d695210439b","source_kmz":"missouri","orientation":"unverified"}},{"type":"Feature","geometry":{"type":"LineString","coordinates":[[-92.81989331917302,40.665354974979],[-92.80477665283252,40.6671193059577],[-92.8001115536866,40.6753099057721],[-92.7943042139055,40.6770394080803]]},"properties":{"segment_id":"fbabec3b0fbee5faa69946f9","source_kmz":"missouri","orientation":"unverified"}},{"type":"Feature","geometry":{"type":"LineString","coordinates":[[-92.9416888529657,40.6637925279657],[-92.94219692479952,40.6686285952509],[-92.9370743381627,40.6711849904306]]},"properties":{"segment_id":"b208bf2d3a7c618b62744d59","source_kmz":"missouri","orientation":"unverified"}},{"type":"Feature","geometry":{"type":"LineString","coordinates":[[-92.7943042139055,40.6770394080803],[-92.77683899833731,40.659444722766],[-92.76897190491212,40.6592446593791],[-92.7570528540279,40.6693929027075]]},"properties":{"segment_id":"6b01b0d70ef3d1bb82067f13","source_kmz":"missouri","orientation":"unverified"}},{"type":"Feature","geometry":{"type":"LineString","coordinates":[[-92.8109216280285,40.6498538008011],[-92.8023524344782,40.649370134511],[-92.79164544502851,40.6566038984003],[-92.78251785248172,40.6526207505944],[-92.7607188969057,40.6517981166223],[-92.7493043654012,40.6587423681007]]},"properties":{"segment_id":"885a8359aa8919d34b360a14","source_kmz":"missouri","orientation":"unverified"}},{"type":"Feature","geometry":{"type":"LineString","coordinates":[[-92.8770498699664,40.6764222024272],[-92.8685162511303,40.6587921349524],[-92.8752071997442,40.6450213938034]]},"properties":{"segment_id":"1000b4fb023a2c9deb66f8ad","source_kmz":"missouri","orientation":"unverified"}},{"type":"Feature","geometry":{"type":"LineString","coordinates":[[-92.9211926983022,40.6410538227124],[-92.91166471104214,40.6461820248184],[-92.88514790525892,40.6468737772154]]},"properties":{"segment_id":"26f108f44ae29b33f168646e","source_kmz":"missouri","orientation":"unverified"}},{"type":"Feature","geometry":{"type":"LineString","coordinates":[[-92.6871931293198,40.6394473242636],[-92.70092657347513,40.6365891120275],[-92.70629258804422,40.6211842259355]]},"properties":{"segment_id":"77e5b5dfcb6578a6c39c63f7","source_kmz":"missouri","orientation":"unverified"}},{"type":"Feature","geometry":{"type":"LineString","coordinates":[[-92.8184609473755,40.6173476007219],[-92.7765677628253,40.6259376716866],[-92.7671090541329,40.6372209499705],[-92.7536591362341,40.6339294592398],[-92.7507807520655,40.6499359832892],[-92.74742818897461,40.6527981488794],[-92.7389204465549,40.6509717396097]]},"properties":{"segment_id":"62b22ead2ead535da358feb3","source_kmz":"missouri","orientation":"unverified"}},{"type":"Feature","geometry":{"type":"LineString","coordinates":[[-92.7540312861095,40.610087016815],[-92.73628821464271,40.614723610636],[-92.73286204436761,40.6114193934278]]},"properties":{"segment_id":"e8c41880211f94cc65562a7f","source_kmz":"missouri","orientation":"unverified"}},{"type":"Feature","geometry":{"type":"LineString","coordinates":[[-92.6729663450462,40.6069140917593],[-92.6773416647193,40.6051527821187],[-92.6854600943522,40.6075092766329],[-92.7002665466265,40.6199555741161],[-92.70629258804422,40.6211842259355]]},"properties":{"segment_id":"b2ff2ea91e82d51b666a5b65","source_kmz":"missouri","orientation":"unverified"}},{"type":"Feature","geometry":{"type":"LineString","coordinates":[[-93.0,40.61995504334076],[-92.9916744104247,40.6162146743663],[-92.970842472327,40.6181306561561],[-92.9615010102381,40.6106717841142],[-92.9493273903358,40.61091549270681]]},"properties":{"segment_id":"0167f849fe5a075ee611af43","source_kmz":"missouri","orientation":"unverified"}},{"type":"Feature","geometry":{"type":"LineString","coordinates":[[-92.6438053821697,40.6031975576994],[-92.64995503612921,40.6017521426138],[-92.66341252806761,40.6122911972839],[-92.6729663450462,40.6069140917593]]},"properties":{"segment_id":"977ec4b3675e0f18e02318db","source_kmz":"missouri","orientation":"unverified"}},{"type":"Feature","geometry":{"type":"LineString","coordinates":[[-92.70629258804422,40.6211842259355],[-92.7136136027452,40.6176220906431],[-92.7194067787304,40.6006200348323]]},"properties":{"segment_id":"0fde8466f3a6ff305f0ad919","source_kmz":"missouri","orientation":"unverified"}},{"type":"Feature","geometry":{"type":"LineString","coordinates":[[-92.9493273903358,40.61091549270681],[-92.9336837701636,40.6086623598375],[-92.9346637004979,40.6025225172935],[-92.9305258376925,40.59893869566551]]},"properties":{"segment_id":"174633d4f69f11ae2f64d873","source_kmz":"missouri","orientation":"unverified"}},{"type":"Feature","geometry":{"type":"LineString","coordinates":[[-93.0,40.60096989066675],[-92.99553534168922,40.6010316319399],[-92.98567753307832,40.5973140242884],[-92.9657289028693,40.6038056022327],[-92.95566380311212,40.596596973042],[-92.94156802323391,40.6000094455624],[-92.9363119698699,40.5974707589972],[-92.9305258376925,40.59893869566551]]},"properties":{"segment_id":"2caf230f4737d995aa76a6f7","source_kmz":"missouri","orientation":"unverified"}},{"type":"Feature","geometry":{"type":"LineString","coordinates":[[-92.9027763210622,40.6119310299865],[-92.8975324419287,40.6091230172968],[-92.8970861856715,40.6029484859974],[-92.88787149094442,40.5928073178339],[-92.87908047890951,40.5893754467554],[-92.8667923940694,40.592288163668],[-92.8551207966883,40.5893193527226]]},"properties":{"segment_id":"ff1e45b5f8ee49f1f81bb765","source_kmz":"missouri","orientation":"unverified"}},{"type":"Feature","geometry":{"type":"LineString","coordinates":[[-92.7819340411699,40.586410813304],[-92.75741454752671,40.5986497399395],[-92.7496397998367,40.59657470645]]},"properties":{"segment_id":"57ca26099d8e9b0e32027354","source_kmz":"missouri","orientation":"unverified"}},{"type":"Feature","geometry":{"type":"LineString","coordinates":[[-92.6527234878187,40.5809209513915],[-92.6629304964617,40.5996822525556],[-92.6729663450462,40.6069140917593]]},"properties":{"segment_id":"ec8f8ad0c5cf4903aeb6ecbd","source_kmz":"missouri","orientation":"unverified"}},{"type":"Feature","geometry":{"type":"LineString","coordinates":[[-92.6880689327692,40.5898893242519],[-92.69702468917131,40.5895869663425],[-92.70311471920752,40.5739336491082]]},"properties":{"segment_id":"f5def47bf5604c6570332fea","source_kmz":"missouri","orientation":"unverified"}},{"type":"Feature","geometry":{"type":"LineString","coordinates":[[-92.9305258376925,40.59893869566551],[-92.91016513462502,40.5818294845468],[-92.9101099996312,40.5748607401091],[-92.9005824859763,40.5719483704925]]},"properties":{"segment_id":"1ef3306dac2b79705713ee9c","source_kmz":"missouri","orientation":"unverified"}},{"type":"Feature","geometry":{"type":"LineString","coordinates":[[-92.736401732566,40.5576436479639],[-92.7305409902068,40.5607084641054],[-92.71454592824051,40.5586868519785]]},"properties":{"segment_id":"ea059251fac35d10fbed64c7","source_kmz":"missouri","orientation":"unverified"}},{"type":"Feature","geometry":{"type":"LineString","coordinates":[[-92.99347283946891,40.57364970233381],[-92.9870147271916,40.5657252789482],[-92.95987145170652,40.565077125665],[-92.9384425542611,40.5562542079108]]},"properties":{"segment_id":"c79a224ac483fff803b1f8db","source_kmz":"missouri","orientation":"unverified"}},{"type":"Feature","geometry":{"type":"LineString","coordinates":[[-92.7990446764356,40.5637971292191],[-92.79183464721582,40.55718318924931],[-92.7906958317143,40.55072274491991],[-92.7643184936887,40.5412084425922],[-92.7527968773299,40.5430575557596],[-92.736401732566,40.5576436479639]]},"properties":{"segment_id":"0a7f4581e975ec366f6fd6d0","source_kmz":"missouri","orientation":"unverified"}},{"type":"Feature","geometry":{"type":"LineString","coordinates":[[-92.88736620790941,40.53893157753421],[-92.8805010632933,40.5406385426484],[-92.8727246301465,40.53053184968901]]},"properties":{"segment_id":"23b3eb6e0118d8f3da76aaf4","source_kmz":"missouri","orientation":"unverified"}},{"type":"Feature","geometry":{"type":"LineString","coordinates":[[-92.662476563441,40.5407105004086],[-92.677582407254,40.5386956023756],[-92.6860295287555,40.53382501726],[-92.6850625953083,40.5238841078228]]},"properties":{"segment_id":"c9bd0049564382542aac546a","source_kmz":"missouri","orientation":"unverified"}},{"type":"Feature","geometry":{"type":"LineString","coordinates":[[-92.6611445680825,40.5157521719198],[-92.6820499150927,40.51951741207341],[-92.6847100072105,40.5161032287313]]},"properties":{"segment_id":"73aa544d92b73b35900ab11c","source_kmz":"missouri","orientation":"unverified"}},{"type":"Feature","geometry":{"type":"LineString","coordinates":[[-92.6076803647267,40.5279992096188],[-92.60039029077251,40.5160119123932],[-92.6018821140076,40.5072081205656]]},"properties":{"segment_id":"111d7d792497dd4886495831","source_kmz":"missouri","orientation":"unverified"}},{"type":"Feature","geometry":{"type":"LineString","coordinates":[[-92.8727246301465,40.53053184968901],[-92.8529574015295,40.5169116872399],[-92.8467687962625,40.503359237747]]},"properties":{"segment_id":"38a571f7e5061b99d852fa32","source_kmz":"missouri","orientation":"unverified"}},{"type":"Feature","geometry":{"type":"LineString","coordinates":[[-92.77153316011551,40.5239736724204],[-92.7525465027767,40.5015139638258],[-92.7472433678105,40.5003059395151]]},"properties":{"segment_id":"c7e50ffff95e66fd0710b57e","source_kmz":"missouri","orientation":"unverified"}},{"type":"Feature","geometry":{"type":"LineString","coordinates":[[-92.86085309467892,40.5079966469124],[-92.85360752266052,40.5021894915748],[-92.8467687962625,40.503359237747]]},"properties":{"segment_id":"b0dc98716f25b9dafbb302e1","source_kmz":"missouri","orientation":"unverified"}},{"type":"Feature","geometry":{"type":"LineString","coordinates":[[-92.81928340534552,40.4949007022387],[-92.8147748085115,40.49987882459961],[-92.80830446081042,40.500787795691]]},"properties":{"segment_id":"af7efcea2178637ac319e521","source_kmz":"missouri","orientation":"unverified"}},{"type":"Feature","geometry":{"type":"LineString","coordinates":[[-92.8467687962625,40.503359237747],[-92.82836960237942,40.491377046529],[-92.8257053934257,40.4950618582318],[-92.81928340534552,40.4949007022387]]},"properties":{"segment_id":"2edd9349f1889869d980d373","source_kmz":"missouri","orientation":"unverified"}},{"type":"Feature","geometry":{"type":"LineString","coordinates":[[-92.9834495642975,40.4895394815998],[-92.9789464936994,40.5030978839667],[-92.9649957200862,40.5035681891198]]},"properties":{"segment_id":"cd6bba300435e7496c21b99e","source_kmz":"missouri","orientation":"unverified"}},{"type":"Feature","geometry":{"type":"LineString","coordinates":[[-92.8504869559527,40.483890138586],[-92.8317947901654,40.4786003469753],[-92.82551641545051,40.4832664828764],[-92.8262886385782,40.4899850568353],[-92.81928340534552,40.4949007022387]]},"properties":{"segment_id":"c9f8af459dff5afa4da930ba","source_kmz":"missouri","orientation":"unverified"}},{"type":"Feature","geometry":{"type":"LineString","coordinates":[[-92.7472433678105,40.5003059395151],[-92.7333377745408,40.4763659411656],[-92.7291313944955,40.4746494680204],[-92.7265364299232,40.4767261986577],[-92.71144649654052,40.4709755385162]]},"properties":{"segment_id":"80a76eee8e862b484979b15b","source_kmz":"missouri","orientation":"unverified"}},{"type":"Feature","geometry":{"type":"LineString","coordinates":[[-92.7865365592211,40.4686165834047],[-92.7775658863136,40.477499528687],[-92.76359452217861,40.4784829736889]]},"properties":{"segment_id":"3c85512e195994bbf088423a","source_kmz":"missouri","orientation":"unverified"}},{"type":"Feature","geometry":{"type":"LineString","coordinates":[[-92.6018821140076,40.5072081205656],[-92.6102667142043,40.4961771601509],[-92.63881016965702,40.4741592305649],[-92.64974867938732,40.4693575354255],[-92.65302891412331,40.4603329436255]]},"properties":{"segment_id":"33bd36524ca233b44203c6c7","source_kmz":"missouri","orientation":"unverified"}},{"type":"Feature","geometry":{"type":"LineString","coordinates":[[-92.7433062004991,40.4535771311626],[-92.7423363057464,40.4591795662141],[-92.731947061273,40.4677548441658]]},"properties":{"segment_id":"a6ceca6edab2691274f3247f","source_kmz":"missouri","orientation":"unverified"}},{"type":"Feature","geometry":{"type":"LineString","coordinates":[[-92.9054260529983,40.4522860634131],[-92.89275272890363,40.4482241423061],[-92.86200713900472,40.4493411686956]]},"properties":{"segment_id":"8ee6ac251d12494cb5978b73","source_kmz":"missouri","orientation":"unverified"}},{"type":"Feature","geometry":{"type":"LineString","coordinates":[[-92.7127793556457,40.442068939246],[-92.7059688148885,40.4426957355994],[-92.7009184544795,40.4361328151925],[-92.6924129118162,40.4348388488149]]},"properties":{"segment_id":"091b7a1b505d8f0714503695","source_kmz":"missouri","orientation":"unverified"}},{"type":"Feature","geometry":{"type":"LineString","coordinates":[[-92.98460461980561,40.4622358758014],[-92.9833084127236,40.4506831844607],[-92.9763197055518,40.4387267042934]]},"properties":{"segment_id":"662a2c35d1876f6abd337708","source_kmz":"missouri","orientation":"unverified"}},{"type":"Feature","geometry":{"type":"LineString","coordinates":[[-93.0,40.44141647278456],[-92.9763197055518,40.4387267042934]]},"properties":{"segment_id":"3bb0cdb361b8310d50e7cfb2","source_kmz":"missouri","orientation":"unverified"}},{"type":"Feature","geometry":{"type":"LineString","coordinates":[[-92.6040905827432,40.4233875679889],[-92.6097292511759,40.4248787150963],[-92.6142749737404,40.4418832117194],[-92.61971234652492,40.4476562055905],[-92.62726245615332,40.446517768675],[-92.640318136762,40.4573163358139],[-92.65302891412331,40.4603329436255]]},"properties":{"segment_id":"627d57a0074eb374afa3edce","source_kmz":"missouri","orientation":"unverified"}},{"type":"Feature","geometry":{"type":"LineString","coordinates":[[-92.80676933739181,40.439384527267],[-92.8026028375238,40.4288287956769],[-92.8080932242834,40.4257519181549]]},"properties":{"segment_id":"84dc3cb7b32985933646d4eb","source_kmz":"missouri","orientation":"unverified"}},{"type":"Feature","geometry":{"type":"LineString","coordinates":[[-92.94277498535111,40.45533745211611],[-92.94328073723663,40.4518662915624],[-92.933929403502,40.4452092268284],[-92.9204421603733,40.4269289854638],[-92.91224385637862,40.4267291523594],[-92.89723104350371,40.4191271573018]]},"properties":{"segment_id":"c9906a1121c207fa1d99b212","source_kmz":"missouri","orientation":"unverified"}},{"type":"Feature","geometry":{"type":"LineString","coordinates":[[-92.9763197055518,40.4387267042934],[-92.9703044470335,40.43751102819611],[-92.96947374785921,40.4318642581053],[-92.957099777844,40.429155735571],[-92.9609153016242,40.4233526390156],[-92.94832410183642,40.4174226609609],[-92.93248125700401,40.4207907195467],[-92.9024764134427,40.413360820583],[-92.89723104350371,40.4191271573018]]},"properties":{"segment_id":"0ac6029a17f887ad4448bd83","source_kmz":"missouri","orientation":"unverified"}},{"type":"Feature","geometry":{"type":"LineString","coordinates":[[-92.64707619855912,40.427481989451],[-92.6579515287523,40.4162468945276],[-92.6644536583131,40.4145427265185],[-92.665798121676,40.3934085392342]]},"properties":{"segment_id":"0d1bc11f607efa2cda3c4cc7","source_kmz":"missouri","orientation":"unverified"}},{"type":"Feature","geometry":{"type":"LineString","coordinates":[[-92.59780623032081,40.3980287698235],[-92.60767983262161,40.3929345453053],[-92.6204791628762,40.3938132342492],[-92.64461207543611,40.3888285611773],[-92.66690436992701,40.392633800269]]},"properties":{"segment_id":"b99e2c9cd51b8abcf2b90e7c","source_kmz":"missouri","orientation":"unverified"}},{"type":"Feature","geometry":{"type":"LineString","coordinates":[[-92.7098981672976,40.4039424700156],[-92.69746461385232,40.4028144855203],[-92.688068132032,40.3977453379299],[-92.6847043387227,40.393369723123],[-92.687450569502,40.3803114056836],[-92.68121343468101,40.37639632565]]},"properties":{"segment_id":"3673bf4d08b8efe7d4172356","source_kmz":"missouri","orientation":"unverified"}},{"type":"Feature","geometry":{"type":"LineString","coordinates":[[-92.6313333735211,40.36033876192851],[-92.6390252483566,40.3559881317735],[-92.6508300315737,40.3627326588803],[-92.67233990560021,40.3678561693573],[-92.67817988450132,40.3572912931182]]},"properties":{"segment_id":"a0262ac21e6bc684e8d816d9","source_kmz":"missouri","orientation":"unverified"}},{"type":"Feature","geometry":{"type":"LineString","coordinates":[[-92.7601462822871,40.4207815415831],[-92.74501211400872,40.4005637171089],[-92.7429456085273,40.3911318683277],[-92.72776163143942,40.3800213943192],[-92.7237208179032,40.3670546902788],[-92.71458475082672,40.3641379678325],[-92.70668862966942,40.3652722766024],[-92.7023434784915,40.3589959175541],[-92.68804212072762,40.35219092358191],[-92.68729680289482,40.3452044557113]]},"properties":{"segment_id":"257bedfc61a4d359b84ba327","source_kmz":"missouri","orientation":"unverified"}},{"type":"Feature","geometry":{"type":"LineString","coordinates":[[-92.63899341528162,40.3415172423101],[-92.64876449586292,40.3535671234033],[-92.65747781366672,40.3578173254366],[-92.67817988450132,40.3572912931182]]},"properties":{"segment_id":"592379b72da7fe37afc62501","source_kmz":"missouri","orientation":"unverified"}},{"type":"Feature","geometry":{"type":"LineString","coordinates":[[-92.67002047193802,40.3334960808452],[-92.6797182801284,40.33187560766491],[-92.683534260333,40.334119489433]]},"properties":{"segment_id":"9a976aeaeb70c8700e609006","source_kmz":"missouri","orientation":"unverified"}},{"type":"Feature","geometry":{"type":"LineString","coordinates":[[-92.5979162778942,40.3358624997448],[-92.6057603406952,40.32079953152681],[-92.61576304045751,40.3202640231965],[-92.6250772679314,40.3116705379224]]},"properties":{"segment_id":"f0dbfa026c5f43bd9270821c","source_kmz":"missouri","orientation":"unverified"}},{"type":"Feature","geometry":{"type":"LineString","coordinates":[[-92.7568353413409,40.3287876406789],[-92.7373796526486,40.3178366540821],[-92.73342725001221,40.3107678342726]]},"properties":{"segment_id":"c36bb60ae4b932c4f4b04284","source_kmz":"missouri","orientation":"unverified"}},{"type":"Feature","geometry":{"type":"LineString","coordinates":[[-92.60036143261652,40.29198252822921],[-92.61780633683692,40.2996858486281],[-92.6250772679314,40.3116705379224]]},"properties":{"segment_id":"3bdc676e138cd03f9a94aaaa","source_kmz":"missouri","orientation":"unverified"}},{"type":"Feature","geometry":{"type":"LineString","coordinates":[[-92.61987507800691,40.2860754369135],[-92.63060171509642,40.3002958446571],[-92.63327414704601,40.3116213360416]]},"properties":{"segment_id":"0313e1e3da816fc57e2ef079","source_kmz":"missouri","orientation":"unverified"}},{"type":"Feature","geometry":{"type":"LineString","coordinates":[[-92.63526558170001,40.2693375190498],[-92.63318494191351,40.2757129003112],[-92.61987507800691,40.2860754369135]]},"properties":{"segment_id":"a5215145489f929fcb68544a","source_kmz":"missouri","orientation":"unverified"}},{"type":"Feature","geometry":{"type":"LineString","coordinates":[[-92.63327414704601,40.3116213360416],[-92.6432162447244,40.3199246979675],[-92.6504719005968,40.3171697621417],[-92.6604876302073,40.3010896752835],[-92.66976311280271,40.300798703572],[-92.6768093815917,40.2948214216652],[-92.67746377533501,40.2884078186807],[-92.6868740169923,40.2851717421941],[-92.6870309828896,40.2664195319596]]},"properties":{"segment_id":"28c4d9cd0b77440d05bb0831","source_kmz":"missouri","orientation":"unverified"}},{"type":"Feature","geometry":{"type":"LineString","coordinates":[[-92.66404672747042,40.2706372821515],[-92.67266925508432,40.2689892099606],[-92.6849139552469,40.2583255809596]]},"properties":{"segment_id":"4536101bfe50c0256dab933a","source_kmz":"missouri","orientation":"unverified"}},{"type":"Feature","geometry":{"type":"LineString","coordinates":[[-92.6380409704401,40.225467977988],[-92.66436597066141,40.2409036302822],[-92.6726294246446,40.2392461909024],[-92.68247124400081,40.241916810367],[-92.68545166918382,40.2390477649746]]},"properties":{"segment_id":"39800d742d5b2d0e3b972def","source_kmz":"missouri","orientation":"unverified"}},{"type":"Feature","geometry":{"type":"LineString","coordinates":[[-92.8752323482789,40.3837522028287],[-92.8650428405217,40.3802845963009],[-92.85380704606641,40.3682158188723],[-92.83245032010402,40.3593760919215],[-92.8252944399183,40.3439236243413],[-92.81612139367562,40.3418172168096],[-92.80645230775141,40.3348745753942],[-92.7954411209763,40.33405989093701],[-92.79253786443492,40.3272875751814],[-92.7728836819717,40.3206242871242],[-92.757107670269,40.3070909006053],[-92.74649371317601,40.3054782004021],[-92.73342725001221,40.3107678342726]]},"properties":{"segment_id":"742b3bf1b1fefe8e84d03c55","source_kmz":"missouri","orientation":"unverified"}},{"type":"Feature","geometry":{"type":"LineString","coordinates":[[-92.9856445701247,40.3869685550419],[-92.9633420788512,40.366339598276],[-92.964452684915,40.3569885501723]]},"properties":{"segment_id":"ce003fbff1a9b1b0f976cda0","source_kmz":"missouri","orientation":"unverified"}},{"type":"Feature","geometry":{"type":"LineString","coordinates":[[-93.0,40.37252915034003],[-92.9952834378285,40.3697822040941],[-92.9907934297881,40.3578863543493],[-92.9802119570632,40.3552225927747],[-92.9718628099447,40.3587739024466],[-92.964452684915,40.3569885501723]]},"properties":{"segment_id":"7ad8081abce1f43e440d32b7","source_kmz":"missouri","orientation":"unverified"}},{"type":"Feature","geometry":{"type":"LineString","coordinates":[[-92.9489068153221,40.3370550506999],[-92.9346782074966,40.3364427453665],[-92.9261238169722,40.3281969211215],[-92.9179368241819,40.3279974684074],[-92.9138850714394,40.3228078214955]]},"properties":{"segment_id":"14933b7cafb8acb8df910783","source_kmz":"missouri","orientation":"unverified"}},{"type":"Feature","geometry":{"type":"LineString","coordinates":[[-92.9478931035389,40.3190791878502],[-92.9515112207574,40.3261327273862],[-92.9489068153221,40.3370550506999]]},"properties":{"segment_id":"984fe36a26497efab18b81b7","source_kmz":"missouri","orientation":"unverified"}},{"type":"Feature","geometry":{"type":"LineString","coordinates":[[-92.907407045333,40.2996072475588],[-92.9061392074042,40.3124369026233],[-92.89867316563212,40.3202918256617],[-92.8918875171669,40.3206609272965]]},"properties":{"segment_id":"829efc7eeb3830bb61725d73","source_kmz":"missouri","orientation":"unverified"}},{"type":"Feature","geometry":{"type":"LineString","coordinates":[[-92.8485086080585,40.2944001313333],[-92.8424613898875,40.302287156456],[-92.8363414011576,40.3037416262518],[-92.83572456929042,40.3015826743404]]},"properties":{"segment_id":"01ff4eb22c65100a76d1b95b","source_kmz":"missouri","orientation":"unverified"}},{"type":"Feature","geometry":{"type":"LineString","coordinates":[[-92.8520718973781,40.2701071268439],[-92.8400985967849,40.27516664289061],[-92.83224974972023,40.2835438426109],[-92.8248152473926,40.28255329844261],[-92.81455699792662,40.2889933307807]]},"properties":{"segment_id":"409f09465bd838d3666046d1","source_kmz":"missouri","orientation":"unverified"}},{"type":"Feature","geometry":{"type":"LineString","coordinates":[[-92.79704583407562,40.2585414700808],[-92.7935499045896,40.257113037122],[-92.7887469786022,40.2610099591605],[-92.7799774431253,40.273915475692],[-92.7724600808364,40.27479527078451]]},"properties":{"segment_id":"1ceb245e533f28a81b396c0c","source_kmz":"missouri","orientation":"unverified"}},{"type":"Feature","geometry":{"type":"LineString","coordinates":[[-92.93699644116082,40.2657660123047],[-92.92872536676352,40.2594028322834],[-92.8957232518091,40.2569879694622]]},"properties":{"segment_id":"40400c6da57e60dde6411057","source_kmz":"missouri","orientation":"unverified"}},{"type":"Feature","geometry":{"type":"LineString","coordinates":[[-92.7257327853842,40.2687690414944],[-92.71484441376722,40.2577684364086],[-92.7119928114396,40.2268810812217]]},"properties":{"segment_id":"f31b19b968fcf3a62936cd74","source_kmz":"missouri","orientation":"unverified"}},{"type":"Feature","geometry":{"type":"LineString","coordinates":[[-92.8957232518091,40.2569879694622],[-92.89532582956701,40.2497442386892],[-92.8852943205402,40.2430668896796],[-92.88183862149901,40.2325325470588],[-92.8808252243971,40.22313023704631],[-92.8865584015048,40.2058570956136]]},"properties":{"segment_id":"0ece2bd0f6cf1e912bda909e","source_kmz":"missouri","orientation":"unverified"}},{"type":"Feature","geometry":{"type":"LineString","coordinates":[[-92.66528977214891,40.2058276740332],[-92.6683690722212,40.200818218931],[-92.6908923769946,40.1906937825386]]},"properties":{"segment_id":"22daa89fca645ab565ca05c9","source_kmz":"missouri","orientation":"unverified"}},{"type":"Feature","geometry":{"type":"LineString","coordinates":[[-92.65140155440182,40.1757185614616],[-92.6612282098141,40.170888412677],[-92.673963638503,40.1722967843674],[-92.6796260776789,40.1652118707671]]},"properties":{"segment_id":"63d223e873445433eab2c0df","source_kmz":"missouri","orientation":"unverified"}},{"type":"Feature","geometry":{"type":"LineString","coordinates":[[-92.6350708674693,40.16001136953391],[-92.63842391803841,40.171890021802],[-92.6428901842867,40.1752242736767],[-92.65140155440182,40.1757185614616]]},"properties":{"segment_id":"27daddc1836468a7e8624612","source_kmz":"missouri","orientation":"unverified"}},{"type":"Feature","geometry":{"type":"LineString","coordinates":[[-92.8865584015048,40.2058570956136],[-92.88883011488801,40.2026981382572],[-92.8843739989498,40.1988372980249],[-92.8824348625925,40.1861973081969],[-92.8909013724806,40.171403173816],[-92.8884671441069,40.1619661967244],[-92.8930770976855,40.1540425855543]]},"properties":{"segment_id":"880b734895aae9cffe6ed89b","source_kmz":"missouri","orientation":"unverified"}},{"type":"Feature","geometry":{"type":"LineString","coordinates":[[-92.90162985445082,40.1864024845312],[-92.8983875296442,40.1627464911866],[-92.8930770976855,40.1540425855543]]},"properties":{"segment_id":"ec7737eed7f7d8cdb44ebf41","source_kmz":"missouri","orientation":"unverified"}},{"type":"Feature","geometry":{"type":"LineString","coordinates":[[-92.66495500597611,40.1366918033294],[-92.6783720191501,40.1539257242208],[-92.68579113704081,40.1549248159629]]},"properties":{"segment_id":"e5901fb6fa980ae92b556dfd","source_kmz":"missouri","orientation":"unverified"}},{"type":"Feature","geometry":{"type":"LineString","coordinates":[[-92.8102341350045,40.1624221248196],[-92.80309077304942,40.1472377367077],[-92.78166766414391,40.13356449968791]]},"properties":{"segment_id":"68cec3c280844662687d4bbe","source_kmz":"missouri","orientation":"unverified"}},{"type":"Feature","geometry":{"type":"LineString","coordinates":[[-92.7973384505579,40.1248546411647],[-92.7916715497283,40.1244425510571],[-92.77963409908,40.1313692050904]]},"properties":{"segment_id":"d43c6d760d97c05cec163165","source_kmz":"missouri","orientation":"unverified"}},{"type":"Feature","geometry":{"type":"LineString","coordinates":[[-92.7398214662814,40.1472244937291],[-92.731287683545,40.1395015887289],[-92.73089532238441,40.1325254212648],[-92.72230302190542,40.1261399892129],[-92.7208959303164,40.11806572567021],[-92.7091232108579,40.1190983586776]]},"properties":{"segment_id":"d1e35e85cd67c023e1865799","source_kmz":"missouri","orientation":"unverified"}},{"type":"Feature","geometry":{"type":"LineString","coordinates":[[-92.6229662803666,40.1302148458788],[-92.6278051091408,40.1180196101427],[-92.62260656814041,40.1076990033071]]},"properties":{"segment_id":"4579380266f4b7f0e9856ee4","source_kmz":"missouri","orientation":"unverified"}},{"type":"Feature","geometry":{"type":"LineString","coordinates":[[-92.6634742234392,40.1074485250638],[-92.6668793289688,40.1029839562021],[-92.67900481203812,40.1019646336319],[-92.68524694087202,40.09757438991551]]},"properties":{"segment_id":"b3b5b6cd37c70145d7cd5d62","source_kmz":"missouri","orientation":"unverified"}},{"type":"Feature","geometry":{"type":"LineString","coordinates":[[-92.62260656814041,40.1076990033071],[-92.6174221571031,40.0971106479873],[-92.6206010930645,40.0899619417068]]},"properties":{"segment_id":"f278be8d60860ba0798af415","source_kmz":"missouri","orientation":"unverified"}},{"type":"Feature","geometry":{"type":"LineString","coordinates":[[-92.6206010930645,40.0899619417068],[-92.63020415632701,40.0896834255439],[-92.6314318942819,40.0862332375737],[-92.6437092396645,40.0895082367252],[-92.6530823998403,40.0865426168883],[-92.6582659899805,40.0896274371432],[-92.6635562884633,40.0828017290588],[-92.66962360776431,40.0821585826006],[-92.6859153148151,40.0831242601204],[-92.6921024882632,40.0875736581386]]},"properties":{"segment_id":"bccfb655009d9bd2dd48ee05","source_kmz":"missouri","orientation":"unverified"}},{"type":"Feature","geometry":{"type":"LineString","coordinates":[[-92.79316471047791,40.0990288009978],[-92.7864767431999,40.0897493488106],[-92.7719869250788,40.0802697771814],[-92.77196970511332,40.0727678422971]]},"properties":{"segment_id":"9a292c5c16b415419eb46eba","source_kmz":"missouri","orientation":"unverified"}},{"type":"Feature","geometry":{"type":"LineString","coordinates":[[-92.6766266729485,40.053676319213],[-92.6792697485376,40.0502631664546],[-92.6899309076465,40.0500081610143]]},"properties":{"segment_id":"222ca849039addab3eb8d62a","source_kmz":"missouri","orientation":"unverified"}},{"type":"Feature","geometry":{"type":"LineString","coordinates":[[-92.77963409908,40.1313692050904],[-92.7701779541477,40.120410476928],[-92.7632007828881,40.1175522428997],[-92.7576279447692,40.1072281005845],[-92.7447299948123,40.1018050171849],[-92.73511871650362,40.0554749859096],[-92.7281244203555,40.0453806633468]]},"properties":{"segment_id":"e35c07c2050cb885f0022d44","source_kmz":"missouri","orientation":"unverified"}},{"type":"Feature","geometry":{"type":"LineString","coordinates":[[-92.77196970511332,40.0727678422971],[-92.7589967519678,40.0534129637532],[-92.74030185319161,40.0507869292919],[-92.7334545589979,40.045251205558],[-92.7281244203555,40.0453806633468]]},"properties":{"segment_id":"1b4c8143ab6c31082cd9ff10","source_kmz":"missouri","orientation":"unverified"}},{"type":"Feature","geometry":{"type":"LineString","coordinates":[[-92.8768315527651,40.0456758667674],[-92.86919140949331,40.0580772564326],[-92.8595114760511,40.0602472360072]]},"properties":{"segment_id":"78db7eebda3bf0a0700dc70b","source_kmz":"missouri","orientation":"unverified"}},{"type":"Feature","geometry":{"type":"LineString","coordinates":[[-92.6692987022097,40.0433017900026],[-92.6832732460264,40.0404558764527],[-92.6906312966351,40.0425249778319]]},"properties":{"segment_id":"e4c3d32e727b008aeeaddc63","source_kmz":"missouri","orientation":"unverified"}},{"type":"Feature","geometry":{"type":"LineString","coordinates":[[-92.6421734077217,40.03132843756121],[-92.64880358276412,40.0261468667781],[-92.6491786422504,40.0181193992295]]},"properties":{"segment_id":"84934cc2c563ae6b77ed1b99","source_kmz":"missouri","orientation":"unverified"}},{"type":"Feature","geometry":{"type":"LineString","coordinates":[[-92.7776271014072,40.04960477660301],[-92.7643791307386,40.0364053894782],[-92.7587845042083,40.0188475810337],[-92.7527717978277,40.0184246333961]]},"properties":{"segment_id":"28bca40ec019f06b1ae64ab0","source_kmz":"missouri","orientation":"unverified"}},{"type":"Feature","geometry":{"type":"LineString","coordinates":[[-92.7527717978277,40.0184246333961],[-92.736163843286,40.0169232606986],[-92.73238746392,40.0141461732255],[-92.7192022042222,40.0154104566404]]},"properties":{"segment_id":"f2dd07c53d79da82781dd374","source_kmz":"missouri","orientation":"unverified"}},{"type":"Feature","geometry":{"type":"LineString","coordinates":[[-92.782950408558,40.0258974707617],[-92.7657956729058,40.0128662375206],[-92.7583780375381,40.0121395174369]]},"properties":{"segment_id":"58f2025a9769170376001f9d","source_kmz":"missouri","orientation":"unverified"}},{"type":"Feature","geometry":{"type":"LineString","coordinates":[[-92.7747939423427,40.0021133013559],[-92.76547303905362,40.00428507615601],[-92.7583780375381,40.0121395174369]]},"properties":{"segment_id":"e09e2eecfefefab33589fd89","source_kmz":"missouri","orientation":"unverified"}},{"type":"Feature","geometry":{"type":"LineString","coordinates":[[-92.6688867460964,39.9910479260747],[-92.673504449997,39.99090224132571],[-92.67434397274802,39.995746805845],[-92.6806266649832,39.9902866996922]]},"properties":{"segment_id":"7c09337c11bb8e95596395fa","source_kmz":"missouri","orientation":"unverified"}},{"type":"Feature","geometry":{"type":"LineString","coordinates":[[-92.65217140085853,40.0072146119231],[-92.6610558446889,39.991643995051],[-92.6688867460964,39.9910479260747]]},"properties":{"segment_id":"4ad91ec4cd075cdf384c334c","source_kmz":"missouri","orientation":"unverified"}},{"type":"Feature","geometry":{"type":"LineString","coordinates":[[-92.6629706483865,39.9809784481969],[-92.665170473289,39.97942935778281],[-92.67057691384852,39.9851986909016],[-92.6688867460964,39.9910479260747]]},"properties":{"segment_id":"5324a4048a166a5d2831fc0a","source_kmz":"missouri","orientation":"unverified"}},{"type":"Feature","geometry":{"type":"LineString","coordinates":[[-92.6157967918411,39.9585526717099],[-92.6250300579935,39.965766561283],[-92.6292921021544,39.9656129939781]]},"properties":{"segment_id":"15941c7c4d2e836b9b9cc621","source_kmz":"missouri","orientation":"unverified"}},{"type":"Feature","geometry":{"type":"LineString","coordinates":[[-92.8805940274148,40.0163008141431],[-92.88166346932601,40.0080226857336],[-92.87523362518931,40.0008979662686],[-92.85749119944421,39.9929549890303],[-92.847722435873,39.9811911966249],[-92.8486507385735,39.9600512051228]]},"properties":{"segment_id":"49b9c89f78a69a9f9ed55cd4","source_kmz":"missouri","orientation":"unverified"}},{"type":"Feature","geometry":{"type":"LineString","coordinates":[[-92.6292921021544,39.9656129939781],[-92.6414450026546,39.9635270621596],[-92.65580168165421,39.9673925777054],[-92.6614373115053,39.9605767863985],[-92.6664195992292,39.9601731915701],[-92.66886704980601,39.9532725411773]]},"properties":{"segment_id":"2d51c20347db66372df2bf9f","source_kmz":"missouri","orientation":"unverified"}},{"type":"Feature","geometry":{"type":"LineString","coordinates":[[-92.8108807565431,39.9882991102265],[-92.8148173917017,39.9715215702097],[-92.8228461789172,39.96636687042991],[-92.8289500089859,39.95660903547021],[-92.8423696979164,39.9497138596053]]},"properties":{"segment_id":"6e54a692af7f60f2dd1cee3e","source_kmz":"missouri","orientation":"unverified"}},{"type":"Feature","geometry":{"type":"LineString","coordinates":[[-92.63790365593931,39.9331589234653],[-92.6438373157516,39.94269421075671],[-92.6553402315463,39.9392501935128]]},"properties":{"segment_id":"15a157579fa1f0260366b03b","source_kmz":"missouri","orientation":"unverified"}},{"type":"Feature","geometry":{"type":"LineString","coordinates":[[-92.72547022344581,39.9636004774297],[-92.7034599619952,39.941057387312],[-92.7036486912762,39.9215057609443]]},"properties":{"segment_id":"a32c4c2ea9db7eb5615b99a8","source_kmz":"missouri","orientation":"unverified"}},{"type":"Feature","geometry":{"type":"LineString","coordinates":[[-92.7036486912762,39.9215057609443],[-92.6957118229693,39.9014729344011],[-92.6890633430806,39.8996904926144],[-92.6878578335759,39.8951044834932]]},"properties":{"segment_id":"05b88fb891fbe675bc487be6","source_kmz":"missouri","orientation":"unverified"}},{"type":"Feature","geometry":{"type":"LineString","coordinates":[[-92.72243152958322,39.8903856960463],[-92.7075140302018,39.8835660972163],[-92.7018076906207,39.8767190538091],[-92.6887210725408,39.876374645578]]},"properties":{"segment_id":"d8ec2cfb1ad6e21bf374887d","source_kmz":"missouri","orientation":"unverified"}},{"type":"Feature","geometry":{"type":"LineString","coordinates":[[-92.6337105738067,39.90920321603681],[-92.64682377054211,39.9015168933546],[-92.66930646211341,39.9055977242219],[-92.66715240657551,39.8985752359905],[-92.6789390835977,39.8964763569935],[-92.6762573231559,39.8931906620913],[-92.6802353615212,39.8914205991631],[-92.67840965493741,39.8849428350801],[-92.6819593299947,39.8847687750963],[-92.67767011648782,39.8779580070509],[-92.68049206911721,39.8705316125209]]},"properties":{"segment_id":"a49951ca474df4f8f731bb1d","source_kmz":"missouri","orientation":"unverified"}},{"type":"Feature","geometry":{"type":"LineString","coordinates":[[-92.68049206911721,39.8705316125209],[-92.68571061956432,39.8725447193204],[-92.6883712634177,39.8685965315697]]},"properties":{"segment_id":"f9e11b51fa8c8296959ef44c","source_kmz":"missouri","orientation":"unverified"}},{"type":"Feature","geometry":{"type":"LineString","coordinates":[[-92.7590121017524,39.9588438054794],[-92.7629392901326,39.9503723360403],[-92.7736040362394,39.9418060462828],[-92.7710074653946,39.9286126427104],[-92.7772660320451,39.891804675243],[-92.7739097595374,39.8718949829185],[-92.7806234123848,39.8484936452662]]},"properties":{"segment_id":"d29db9b9b1c9c82d5d5f4bb9","source_kmz":"missouri","orientation":"unverified"}},{"type":"Feature","geometry":{"type":"LineString","coordinates":[[-92.79522013838351,39.9260178040501],[-92.78886002277721,39.8701351367156],[-92.7806234123848,39.8484936452662]]},"properties":{"segment_id":"3d035edeca3bacfcb7bcafc5","source_kmz":"missouri","orientation":"unverified"}},{"type":"Feature","geometry":{"type":"LineString","coordinates":[[-92.8547711107751,39.8608204884898],[-92.8508440110301,39.8534894118858],[-92.84359468752561,39.8492892191041]]},"properties":{"segment_id":"171efaecb25417a453719a7b","source_kmz":"missouri","orientation":"unverified"}},{"type":"Feature","geometry":{"type":"LineString","coordinates":[[-92.7023871221459,39.8563745813783],[-92.7113249330703,39.85446593263351],[-92.7013410979759,39.8483104270564],[-92.70926628549861,39.8453037911868]]},"properties":{"segment_id":"306a440d7101067c0a2b993e","source_kmz":"missouri","orientation":"unverified"}},{"type":"Feature","geometry":{"type":"LineString","coordinates":[[-92.73246727389412,39.8566253415107],[-92.7322717982106,39.8531377305159],[-92.72200575699893,39.85313796331231],[-92.70926628549861,39.8453037911868]]},"properties":{"segment_id":"178f6bc23eb1ca74589fae38","source_kmz":"missouri","orientation":"unverified"}},{"type":"Feature","geometry":{"type":"LineString","coordinates":[[-92.6602368967944,39.8415977631798],[-92.6843792191639,39.8323259524517],[-92.6856739588877,39.8272702799443]]},"properties":{"segment_id":"b1cdedbc093d6fae1965cd02","source_kmz":"missouri","orientation":"unverified"}},{"type":"Feature","geometry":{"type":"LineString","coordinates":[[-92.70926628549861,39.8453037911868],[-92.7058534815387,39.84253539430811],[-92.6864343250812,39.8414884504686],[-92.68603973813883,39.8270120524986]]},"properties":{"segment_id":"813a2ade1ee10d2e24c87430","source_kmz":"missouri","orientation":"unverified"}},{"type":"Feature","geometry":{"type":"LineString","coordinates":[[-92.82251274130822,39.8297381541972],[-92.8314324782774,39.8200523603555],[-92.8429067849135,39.816591375974]]},"properties":{"segment_id":"73a01e3651764a03b98d0f93","source_kmz":"missouri","orientation":"unverified"}},{"type":"Feature","geometry":{"type":"LineString","coordinates":[[-92.7502208176748,39.8241365648343],[-92.742958110996,39.8282343782488],[-92.7432287925296,39.8378851844549],[-92.73719487844781,39.8382642340407],[-92.70701769782563,39.8171167775802],[-92.6985483639746,39.8166263288768],[-92.6927620695107,39.811652002226],[-92.6847905678052,39.8157277959094]]},"properties":{"segment_id":"c538e7bb92521d29b6c779ce","source_kmz":"missouri","orientation":"unverified"}},{"type":"Feature","geometry":{"type":"LineString","coordinates":[[-92.7155256969707,39.8012668118517],[-92.7128458141388,39.7979820329447],[-92.71618524199371,39.7868185024677]]},"properties":{"segment_id":"4f941d463e19e7a0a6cced6f","source_kmz":"missouri","orientation":"unverified"}},{"type":"Feature","geometry":{"type":"LineString","coordinates":[[-92.7362844672733,39.7881467717377],[-92.7308518010159,39.7909519571697],[-92.7246146482433,39.7881104394967],[-92.71776843200972,39.7908781490199],[-92.71618524199371,39.7868185024677]]},"properties":{"segment_id":"933ea5120e4e2b48ade39da1","source_kmz":"missouri","orientation":"unverified"}},{"type":"Feature","geometry":{"type":"LineString","coordinates":[[-92.6579955742189,39.7603681744971],[-92.6664022999812,39.754430699981],[-92.6817039520392,39.7599263836995],[-92.6891686748187,39.7590522119135],[-92.69187412104552,39.75403392076151]]},"properties":{"segment_id":"af3654127cbef57757be36d4","source_kmz":"missouri","orientation":"unverified"}},{"type":"Feature","geometry":{"type":"LineString","coordinates":[[-92.7806234123848,39.8484936452662],[-92.78423637543,39.8389425712136],[-92.783019474593,39.8265889547184],[-92.7888301366877,39.8232553711873],[-92.7854990332811,39.8186161678654],[-92.7921011844065,39.7895867707282],[-92.7976504445421,39.7841032536917],[-92.796205852404,39.7768338203494],[-92.80373697485021,39.758542982189],[-92.8111314296168,39.7512309805629]]},"properties":{"segment_id":"bf78eb110e698ff641ca8694","source_kmz":"missouri","orientation":"unverified"}},{"type":"Feature","geometry":{"type":"LineString","coordinates":[[-92.8142199497248,39.7772927377868],[-92.8153546850933,39.75964222339491],[-92.8111314296168,39.7512309805629]]},"properties":{"segment_id":"db5bf3c525f18dde9d12b409","source_kmz":"missouri","orientation":"unverified"}},{"type":"Feature","geometry":{"type":"LineString","coordinates":[[-92.7816753960381,39.7459244522948],[-92.77134756588832,39.7397657255906],[-92.76655680093542,39.7283917038451]]},"properties":{"segment_id":"c6fe0b7b6bb159120e9d8ec9","source_kmz":"missouri","orientation":"unverified"}},{"type":"Feature","geometry":{"type":"LineString","coordinates":[[-92.7657379313366,39.785963103555],[-92.7671222909593,39.7787661745235],[-92.75939585614921,39.7697268934288],[-92.7589998561649,39.7314109392536],[-92.75470043369153,39.7248707970599]]},"properties":{"segment_id":"04b21f1dd64bd3fec3bc8d04","source_kmz":"missouri","orientation":"unverified"}},{"type":"Feature","geometry":{"type":"LineString","coordinates":[[-92.71618524199371,39.7868185024677],[-92.71504296508311,39.7653582555521],[-92.7183073518935,39.7558001588277],[-92.7125380665795,39.7427909333665],[-92.7165679172278,39.7396820566614],[-92.7095702016219,39.7303907884478],[-92.7151700003904,39.7238408390797],[-92.7088431223397,39.7153707476856],[-92.7058852895706,39.7182396323139],[-92.7010547689711,39.71570168151451],[-92.702919580635,39.7058394490364],[-92.6913737164667,39.7033920715483],[-92.69784754080922,39.7008841485511],[-92.69765416285233,39.6973967056657],[-92.6927393495291,39.6967312981165],[-92.69216886816321,39.6937696336725],[-92.68570779447641,39.6960097086002],[-92.68314404706823,39.6903165062641]]},"properties":{"segment_id":"5ba85a4198b03ac9ef08b032","source_kmz":"missouri","orientation":"unverified"}},{"type":"Feature","geometry":{"type":"LineString","coordinates":[[-92.755181406152,39.6828280341954],[-92.74348025872142,39.6838636706957],[-92.738991349739,39.6816039388219]]},"properties":{"segment_id":"7f607256fb35330c86f72017","source_kmz":"missouri","orientation":"unverified"}},{"type":"Feature","geometry":{"type":"LineString","coordinates":[[-92.70617259916101,39.688781227257],[-92.70371765296632,39.6806805253178],[-92.7062537649617,39.6561033216749]]},"properties":{"segment_id":"c5ce8eb5152d57ea90e1adac","source_kmz":"missouri","orientation":"unverified"}},{"type":"Feature","geometry":{"type":"LineString","coordinates":[[-92.8768408987534,39.7684211890381],[-92.8760785474758,39.7534019149282],[-92.88173451995651,39.7452390480475],[-92.87845904573702,39.7392646062917],[-92.8825394554502,39.7348125526768],[-92.8803349515955,39.72859695139751],[-92.8870473445913,39.7204602804194],[-92.88756770694451,39.7084196754261],[-92.8961684789487,39.69738315504951],[-92.8953336798878,39.6839698155592],[-92.88774000372213,39.67172799648911],[-92.8891446374114,39.6637273569426],[-92.88265826274451,39.6504413511473]]},"properties":{"segment_id":"9059c54b655dd2f29ee90daa","source_kmz":"missouri","orientation":"unverified"}},{"type":"Feature","geometry":{"type":"LineString","coordinates":[[-92.9145131524349,39.7473894256647],[-92.9204864655967,39.7234293176559],[-92.9137786107357,39.69031838020981],[-92.9205408389092,39.6808421957886],[-92.9182660552789,39.6762327993712],[-92.92709689195232,39.6678786405796],[-92.9307839396944,39.6559159505143],[-92.93936047633402,39.6451442504011]]},"properties":{"segment_id":"713d3603f05d6d3e29075b9c","source_kmz":"missouri","orientation":"unverified"}},{"type":"Feature","geometry":{"type":"LineString","coordinates":[[-92.9344799953261,39.72671878692351],[-92.9312356826474,39.7116396350658],[-92.9376561238309,39.7018862344281],[-92.9395904893598,39.6896124228894],[-92.934310070765,39.6726088431445],[-92.9422500540439,39.6519109770611],[-92.93936047633402,39.6451442504011]]},"properties":{"segment_id":"f6f5bc1193b4dd3d6eaf437d","source_kmz":"missouri","orientation":"unverified"}},{"type":"Feature","geometry":{"type":"LineString","coordinates":[[-92.7062537649617,39.6561033216749],[-92.70368981429002,39.6504106248765],[-92.7103171787997,39.6444240265732],[-92.70622097981631,39.6413697835777],[-92.71125419599423,39.6393591999472],[-92.7061618129778,39.6349394474732],[-92.709444294088,39.6326150017114],[-92.7117897676493,39.635355292835],[-92.718511862765,39.6349959808004],[-92.7269232841064,39.62851964545321],[-92.7299973152578,39.6152069060033]]},"properties":{"segment_id":"9f2e31b0cde6c2fe1671bc79","source_kmz":"missouri","orientation":"unverified"}},{"type":"Feature","geometry":{"type":"LineString","coordinates":[[-92.81191843416052,39.67758858443941],[-92.8066660929869,39.6367403554168],[-92.8144023770096,39.6214019224004],[-92.805993897301,39.6120805569575],[-92.8089907448864,39.6081392202439],[-92.8073501218299,39.5973832610673],[-92.81100361585553,39.594530076915]]},"properties":{"segment_id":"b6db69747f1f51532d601770","source_kmz":"missouri","orientation":"unverified"}},{"type":"Feature","geometry":{"type":"LineString","coordinates":[[-92.83336467205152,39.6154547370666],[-92.82877184126241,39.6075707339643],[-92.81100361585553,39.594530076915]]},"properties":{"segment_id":"d807a5e77d9fa81f6b1e9a47","source_kmz":"missouri","orientation":"unverified"}},{"type":"Feature","geometry":{"type":"LineString","coordinates":[[-92.7896559184606,39.685859332658],[-92.7928115457978,39.6784400444341],[-92.78796511369882,39.6445654560152],[-92.792133680944,39.6302080457568],[-92.7849025631129,39.6024333217204],[-92.8023378322384,39.5910946418252],[-92.8072256913105,39.5842553585991]]},"properties":{"segment_id":"089e327256c4a975e696db30","source_kmz":"missouri","orientation":"unverified"}},{"type":"Feature","geometry":{"type":"LineString","coordinates":[[-92.70078172597871,39.5828322244543],[-92.7075966532414,39.5803331989534],[-92.7302022577727,39.5951227390319]]},"properties":{"segment_id":"bf373863189368feb389e866","source_kmz":"missouri","orientation":"unverified"}},{"type":"Feature","geometry":{"type":"LineString","coordinates":[[-92.9982522453294,39.6039840612458],[-92.97813370207982,39.5874296009658],[-92.9756629071382,39.5790669933848]]},"properties":{"segment_id":"d7934398cdf59a1511394090","source_kmz":"missouri","orientation":"unverified"}},{"type":"Feature","geometry":{"type":"LineString","coordinates":[[-92.7649884474325,39.6453130904226],[-92.763229236624,39.6294638643742],[-92.7669774702037,39.6167035386632],[-92.7574583833155,39.608689344018],[-92.76130663678073,39.6015568666373],[-92.7517992632492,39.5855068171999],[-92.7573238715047,39.5802930500994],[-92.7544665337248,39.5732546990058]]},"properties":{"segment_id":"cf105faa3d21891b9fcb95f3","source_kmz":"missouri","orientation":"unverified"}},{"type":"Feature","geometry":{"type":"LineString","coordinates":[[-92.95838568012853,39.67105312683711],[-92.9648236256723,39.6104092398],[-92.97282660101071,39.5878369545815],[-92.9697192845969,39.5778517942677],[-92.97404742614322,39.5755460667571]]},"properties":{"segment_id":"9fdbdd892b58f9b9c4b78d9f","source_kmz":"missouri","orientation":"unverified"}},{"type":"Feature","geometry":{"type":"LineString","coordinates":[[-92.6761241764548,39.5821793742788],[-92.6880715977677,39.5677639216767],[-92.6992339252364,39.5627018642269]]},"properties":{"segment_id":"b6e0223fa5936b97e77be83b","source_kmz":"missouri","orientation":"unverified"}},{"type":"Feature","geometry":{"type":"LineString","coordinates":[[-92.6992339252364,39.5627018642269],[-92.7103824933087,39.5579063565659],[-92.7256824049867,39.5703615216892],[-92.74859945908881,39.5704237463029]]},"properties":{"segment_id":"5eb092669ec28c42747e2b22","source_kmz":"missouri","orientation":"unverified"}},{"type":"Feature","geometry":{"type":"LineString","coordinates":[[-92.97404742614322,39.5755460667571],[-92.9775314925604,39.5681309560858],[-92.9773809904845,39.563306314307],[-92.9708914768092,39.5583282792411],[-92.9739556064964,39.55251014474201]]},"properties":{"segment_id":"45597fea4f8f18f316240ca6","source_kmz":"missouri","orientation":"unverified"}},{"type":"Feature","geometry":{"type":"LineString","coordinates":[[-92.99506871128091,39.5618577738505],[-92.9781413900049,39.5619855256858],[-92.9739556064964,39.55251014474201]]},"properties":{"segment_id":"149937ad23fac4659394b6f9","source_kmz":"missouri","orientation":"unverified"}},{"type":"Feature","geometry":{"type":"LineString","coordinates":[[-92.7243707501632,39.5448808063131],[-92.73510467624071,39.5569472145396],[-92.7451838262251,39.5601563985363],[-92.7761732775514,39.56095922524911]]},"properties":{"segment_id":"355fa52ce4cd0996e84d4fbe","source_kmz":"missouri","orientation":"unverified"}},{"type":"Feature","geometry":{"type":"LineString","coordinates":[[-92.93936047633402,39.6451442504011],[-92.94107735979232,39.6379544259615],[-92.93493622598751,39.6246798694756],[-92.93414055474342,39.6101968965107],[-92.9443823136508,39.6016086884771],[-92.9455492596926,39.5740498199021],[-92.94163988149622,39.5664548404027],[-92.9439457162281,39.5619579914766],[-92.9517615467929,39.560541747107],[-92.95517946003851,39.5547326529305],[-92.949078295981,39.5489593977199]]},"properties":{"segment_id":"0ab08bf2934540eedd7e0a42","source_kmz":"missouri","orientation":"unverified"}},{"type":"Feature","geometry":{"type":"LineString","coordinates":[[-92.7688067599981,39.5286269583027],[-92.77327513782,39.5311530408887],[-92.7723797562747,39.53541551737441],[-92.7848027472452,39.5413605080032],[-92.79049522792782,39.5401675459303]]},"properties":{"segment_id":"4985ba378e80db5a3ae2fbd6","source_kmz":"missouri","orientation":"unverified"}},{"type":"Feature","geometry":{"type":"LineString","coordinates":[[-92.8301486638918,39.5521610029181],[-92.82978519475441,39.5443842661069],[-92.8201744016684,39.5385154141739],[-92.81535389621871,39.5279467202703]]},"properties":{"segment_id":"0b87726ff15a00ad74f00399","source_kmz":"missouri","orientation":"unverified"}},{"type":"Feature","geometry":{"type":"LineString","coordinates":[[-92.73193220363721,39.5257932360152],[-92.7320662321638,39.5306180966547],[-92.7463440795145,39.5422403924814],[-92.7553173384593,39.5464914069716],[-92.7760904245142,39.5470288285913],[-92.7818851086437,39.5514637293142]]},"properties":{"segment_id":"a8187d3f1b7ab3f8f3ad93ab","source_kmz":"missouri","orientation":"unverified"}},{"type":"Feature","geometry":{"type":"LineString","coordinates":[[-92.98000499145913,39.5258733102805],[-92.9712567536372,39.5160197398189],[-92.9649214604475,39.5158660383394]]},"properties":{"segment_id":"0b144096f1698f4b4d213cc5","source_kmz":"missouri","orientation":"unverified"}},{"type":"Feature","geometry":{"type":"LineString","coordinates":[[-92.86067673131852,39.6121251771404],[-92.8475491956346,39.5815282748139],[-92.8477579976242,39.5686769147915],[-92.8557837709254,39.55441536686411],[-92.8498350548311,39.5130179034394],[-92.8416929128569,39.5058485151754]]},"properties":{"segment_id":"0b9027ebea02812ba27bd85a","source_kmz":"missouri","orientation":"unverified"}},{"type":"Feature","geometry":{"type":"LineString","coordinates":[[-93.0,39.50928011432639],[-92.99527251028802,39.5061542092837],[-92.991746885641,39.4977667534579],[-92.9833466029724,39.49649290373361],[-92.977732777944,39.5043920632669],[-92.961173746378,39.512828827912]]},"properties":{"segment_id":"939d297480ce50fee3a444b5","source_kmz":"missouri","orientation":"unverified"}},{"type":"Feature","geometry":{"type":"LineString","coordinates":[[-92.8891908347945,39.5563223585434],[-92.9094985128497,39.5348632373984],[-92.9093441757647,39.5220032737495],[-92.9171263130016,39.5047862436999],[-92.9271730569974,39.5004805684605],[-92.9374568067564,39.4905554836572],[-92.9445048086725,39.4904602352422]]},"properties":{"segment_id":"53575c0b404512522585220f","source_kmz":"missouri","orientation":"unverified"}},{"type":"Feature","geometry":{"type":"LineString","coordinates":[[-92.7920664227461,39.4810139475541],[-92.8011058443497,39.4836563609457],[-92.8077514266078,39.4926651738563],[-92.835897661426,39.485346026057]]},"properties":{"segment_id":"affddee2395a12b4b692d3a4","source_kmz":"missouri","orientation":"unverified"}},{"type":"Feature","geometry":{"type":"LineString","coordinates":[[-92.985133247957,39.4536840300801],[-92.97538757281771,39.4510379240084],[-92.9697124553274,39.44366907037691]]},"properties":{"segment_id":"861a46343f633679b57ed03d","source_kmz":"missouri","orientation":"unverified"}},{"type":"Feature","geometry":{"type":"LineString","coordinates":[[-92.9130713237188,39.4760280201349],[-92.90331750513852,39.4653411233168],[-92.9018801281169,39.45780619285131],[-92.89292076965201,39.4532982738908],[-92.90541519015011,39.4410205532335],[-92.9097858867571,39.4293443607284],[-92.8873916464007,39.4263774641249],[-92.8833003253779,39.4233292374925]]},"properties":{"segment_id":"c54c33437806b22094864f19","source_kmz":"missouri","orientation":"unverified"}},{"type":"Feature","geometry":{"type":"LineString","coordinates":[[-92.8403626102418,39.4557290392364],[-92.8493638708357,39.4511354454777],[-92.8551272502033,39.4400316977311],[-92.8705694588684,39.4329204496951],[-92.87302587366851,39.4249470643174],[-92.8833003253779,39.4233292374925]]},"properties":{"segment_id":"280af7f44e9230708944faf6","source_kmz":"missouri","orientation":"unverified"}},{"type":"Feature","geometry":{"type":"LineString","coordinates":[[-92.80112737128151,39.4354455899882],[-92.8212625952625,39.4177470913604],[-92.8398195097449,39.4117903637258],[-92.84968132423342,39.4034690900256],[-92.8633511574723,39.4046169630377],[-92.86639790626371,39.4073718168414],[-92.8866478303074,39.4027899543009]]},"properties":{"segment_id":"3fa7ce1ceff55adc8379664d","source_kmz":"missouri","orientation":"unverified"}},{"type":"Feature","geometry":{"type":"LineString","coordinates":[[-92.9941025136518,39.4072994880283],[-92.9869787469497,39.4009678452162],[-92.9866660538873,39.3915866439917],[-92.9557130843066,39.3916386539785],[-92.9509614999924,39.3792028547186]]},"properties":{"segment_id":"c2a7939c5169d2c356b206fe","source_kmz":"missouri","orientation":"unverified"}},{"type":"Feature","geometry":{"type":"LineString","coordinates":[[-92.9163136524851,39.35880005231701],[-92.9225356756434,39.3447592401786],[-92.9166919477769,39.341668831479]]},"properties":{"segment_id":"11344fdb71024e4e6df5cfa9","source_kmz":"missouri","orientation":"unverified"}},{"type":"Feature","geometry":{"type":"LineString","coordinates":[[-92.88812756345432,39.2375806500596],[-92.86978094634121,39.2397988962623],[-92.8659972668898,39.2461313620361],[-92.8663284220566,39.2547099155749],[-92.88130414513071,39.2574962399992]]},"properties":{"segment_id":"a0dd1b5a3657ba60002379ed","source_kmz":"missouri","orientation":"unverified"}},{"type":"Feature","geometry":{"type":"LineString","coordinates":[[-93.0,40.41363265358181],[-92.9871328215284,40.4108505943144],[-92.98283947702501,40.4027100341132],[-92.95176431853491,40.3786540162126],[-92.929403737691,40.3762373308153],[-92.9126678768551,40.3592174228246],[-92.9074254987153,40.340333588798],[-92.898366726621,40.3355566295169],[-92.8981894213032,40.3232272296189],[-92.8932646221992,40.321766541083]]},"properties":{"segment_id":"70cfbd3dbcce0196c1dee2cb","source_kmz":"missouri","orientation":"unverified"}},{"type":"Feature","geometry":{"type":"LineString","coordinates":[[-92.84278722294181,40.2546032254178],[-92.8298447814659,40.2414181937968],[-92.8127229153307,40.234288662093],[-92.8025611874582,40.2227785428157],[-92.79045302569831,40.2230069478573],[-92.781682223115,40.2281421268302],[-92.7804170610655,40.2246267454615],[-92.77821219444931,40.2261780461262],[-92.77520636486851,40.2218143542464],[-92.76673704939931,40.2202579230845],[-92.75364483063862,40.2108120121672],[-92.7430086797809,40.2100019624017],[-92.7408382314949,40.2029796717258],[-92.7272504555327,40.1967333124359],[-92.72268104314621,40.1877729091953],[-92.710689254709,40.1855851471083],[-92.7040901551148,40.1744276355105],[-92.6944545365041,40.1674770892502],[-92.687389120746,40.1664878328362],[-92.6823847409805,40.1593900175259]]},"properties":{"segment_id":"0ef6b25c14e3bbfceee93e67","source_kmz":"missouri","orientation":"unverified"}},{"type":"Feature","geometry":{"type":"LineString","coordinates":[[-92.8421184426148,40.2133258410065],[-92.8338737635588,40.2147267216094],[-92.8212479313824,40.2026205207792],[-92.79867917621851,40.1902610100929],[-92.7889311997454,40.1934961959158],[-92.78333750008231,40.1992480214625],[-92.7662107169573,40.2004176123975],[-92.7626898578856,40.19175358385821],[-92.7509756307639,40.18341447746911],[-92.7502380803885,40.176161440068],[-92.7445430474372,40.1762824465575],[-92.73057973916632,40.1627926858337],[-92.7229757187662,40.1502706255784],[-92.7253875021081,40.14417104039201],[-92.71413860090051,40.1336971095169],[-92.7091232108579,40.1190983586776]]},"properties":{"segment_id":"40fbed4ea8ba7d0c2e7163d9","source_kmz":"missouri","orientation":"unverified"}},{"type":"Feature","geometry":{"type":"LineString","coordinates":[[-92.84439798238562,40.1697119524161],[-92.8477711943558,40.1657775982982],[-92.84726839418491,40.1368303392033],[-92.8508164123079,40.1288817305502],[-92.84072252647351,40.1160372666185],[-92.84092231058571,40.1034505767206],[-92.8328914103559,40.0922646928897],[-92.8348071296845,40.08909797670951],[-92.8302429740179,40.0798743757422],[-92.8361310324834,40.0752001755648],[-92.83824682733892,40.0674841213376],[-92.8317924931302,40.0528551253223],[-92.84088103843831,40.0479934442342],[-92.8451461790016,40.0397955486735]]},"properties":{"segment_id":"3637f9ab56830fc783a40456","source_kmz":"missouri","orientation":"unverified"}},{"type":"Feature","geometry":{"type":"LineString","coordinates":[[-92.5600898790302,40.1148490765216],[-92.5549840104556,40.0954181619286],[-92.5644045998831,40.08415439746381]]},"properties":{"segment_id":"d1e0be96381567e46be16166","source_kmz":"missouri","orientation":"unverified"}},{"type":"Feature","geometry":{"type":"LineString","coordinates":[[-92.523485002048,40.0857106353026],[-92.5038002121325,40.0669458887128],[-92.49961797601303,40.0435193409578],[-92.50238656260092,40.0377018005634]]},"properties":{"segment_id":"d72bf19f1877be6dec350e99","source_kmz":"missouri","orientation":"unverified"}},{"type":"Feature","geometry":{"type":"LineString","coordinates":[[-92.5617175182991,40.0069180401105],[-92.5562207917063,39.9957828754013],[-92.55811277725391,39.985921614549]]},"properties":{"segment_id":"9e74675e3953438bd2d829c3","source_kmz":"missouri","orientation":"unverified"}},{"type":"Feature","geometry":{"type":"LineString","coordinates":[[-92.6006641121132,40.0460213061048],[-92.59222252810932,40.0294497151021],[-92.5926166469937,40.021154828096],[-92.5813299030733,40.0122751606772],[-92.5707366375487,39.9889456862552],[-92.55811277725391,39.985921614549]]},"properties":{"segment_id":"de0390f507637cbb93b6bb30","source_kmz":"missouri","orientation":"unverified"}},{"type":"Feature","geometry":{"type":"LineString","coordinates":[[-92.5644045998831,40.08415439746381],[-92.56214467027752,40.07203580156391],[-92.55340017908271,40.0618832738587],[-92.5548754654191,40.0533499167268],[-92.5479711663704,40.0419077379645],[-92.5445683799792,40.0241311563377],[-92.5336802622025,40.0144542241164],[-92.5327543546273,40.0042475456681],[-92.5416316616565,39.9967221635888],[-92.5423856699659,39.988437307426],[-92.5382382672958,39.9861798321454],[-92.5395460724632,39.98112532214741],[-92.52891102523701,39.9663644539252],[-92.52916980046871,39.9610132013149],[-92.53357390040951,39.9579196947739]]},"properties":{"segment_id":"77f92a6c4d7ea8aa7cfe4065","source_kmz":"missouri","orientation":"unverified"}},{"type":"Feature","geometry":{"type":"LineString","coordinates":[[-92.55811277725391,39.985921614549],[-92.5406414066825,39.9731178496072],[-92.54133081552831,39.9661709129265],[-92.53357390040951,39.9579196947739]]},"properties":{"segment_id":"1c9860dd05b2856b0a160324","source_kmz":"missouri","orientation":"unverified"}},{"type":"Feature","geometry":{"type":"LineString","coordinates":[[-92.5637022922114,39.9062360610345],[-92.549947889411,39.8975538382679],[-92.5473939718703,39.8843561169312],[-92.5369834490224,39.8725493936596],[-92.52664549589872,39.8666377579441]]},"properties":{"segment_id":"b209f24654e5cc5463c81c73","source_kmz":"missouri","orientation":"unverified"}},{"type":"Feature","geometry":{"type":"LineString","coordinates":[[-92.6026747941911,39.8912218386825],[-92.6030168109915,39.8764964484203],[-92.5982562356653,39.8648478070303],[-92.6093315613032,39.8402328641228]]},"properties":{"segment_id":"a0d25c02e87eee67787c892c","source_kmz":"missouri","orientation":"unverified"}},{"type":"Feature","geometry":{"type":"LineString","coordinates":[[-92.6193340492926,39.8608628639875],[-92.6111755291451,39.8536775381137],[-92.6093315613032,39.8402328641228]]},"properties":{"segment_id":"7aee5fd167b632c47a73249b","source_kmz":"missouri","orientation":"unverified"}},{"type":"Feature","geometry":{"type":"LineString","coordinates":[[-92.58493037904951,39.9515559130224],[-92.5811842446358,39.9260024905663],[-92.5878492747543,39.91252033332541],[-92.56971235571041,39.8916653971387],[-92.5671422374417,39.8787356685012],[-92.5583692984906,39.8696546309464],[-92.5689690438932,39.8404754425656],[-92.56293864134831,39.8333450114901]]},"properties":{"segment_id":"f696ca9758dcb3e33d275b2c","source_kmz":"missouri","orientation":"unverified"}},{"type":"Feature","geometry":{"type":"LineString","coordinates":[[-92.56293864134831,39.8333450114901],[-92.5646554122281,39.8122279684283],[-92.5694787886461,39.8075377969709],[-92.57034241036202,39.7968455511738]]},"properties":{"segment_id":"972c6a9c1ee04b6aed75ab6e","source_kmz":"missouri","orientation":"unverified"}},{"type":"Feature","geometry":{"type":"LineString","coordinates":[[-92.55253589717621,39.7845699404148],[-92.5564800573854,39.7908399148538],[-92.57034241036202,39.7968455511738]]},"properties":{"segment_id":"6e36486625b8770efa4be7e3","source_kmz":"missouri","orientation":"unverified"}},{"type":"Feature","geometry":{"type":"LineString","coordinates":[[-92.5879138489668,39.8142021575669],[-92.5954789620504,39.7814567752084],[-92.591847086078,39.7760002916565]]},"properties":{"segment_id":"face7903dcb6516342cb8d25","source_kmz":"missouri","orientation":"unverified"}},{"type":"Feature","geometry":{"type":"LineString","coordinates":[[-92.6093315613032,39.8402328641228],[-92.6058854289353,39.8157612009317],[-92.60931814282951,39.8104961408107],[-92.6088381912434,39.7906591308833],[-92.5964511512035,39.7758574483401],[-92.5911787389172,39.7751784508267]]},"properties":{"segment_id":"0a297603a9cfb120195f3d6e","source_kmz":"missouri","orientation":"unverified"}},{"type":"Feature","geometry":{"type":"LineString","coordinates":[[-92.56070992332921,39.7467535005473],[-92.58101109446142,39.7435584278291],[-92.59471451551191,39.7527717744739],[-92.59999795798,39.7531830719023]]},"properties":{"segment_id":"5a8330e7230147e97ef123f0","source_kmz":"missouri","orientation":"unverified"}},{"type":"Feature","geometry":{"type":"LineString","coordinates":[[-92.48526938373571,39.8003844230299],[-92.4937459835206,39.786154868884],[-92.4954908412958,39.7430717304871],[-92.50024906295312,39.7397220187493],[-92.5006001755354,39.7324986180134],[-92.5049136141331,39.7310116158734]]},"properties":{"segment_id":"1000f53c797fd3664f8077e4","source_kmz":"missouri","orientation":"unverified"}},{"type":"Feature","geometry":{"type":"LineString","coordinates":[[-92.55430055426041,39.7181810790813],[-92.5601051839628,39.7076250538381],[-92.5661163252099,39.707522072388],[-92.5763394073494,39.7005689578148],[-92.5812026121196,39.7023090831791],[-92.58849982687882,39.6974182265478],[-92.58784695410621,39.688828186833],[-92.5911483610555,39.6862392606433],[-92.5863620557568,39.6828943114424]]},"properties":{"segment_id":"75869370aecead1bb13de58f","source_kmz":"missouri","orientation":"unverified"}},{"type":"Feature","geometry":{"type":"LineString","coordinates":[[-92.637874612632,39.8051031918549],[-92.6393187947828,39.7893364392641],[-92.6339643506634,39.7752626844587],[-92.6366211921449,39.7638148665838],[-92.62956881093073,39.7558567933059],[-92.6365185000781,39.7281835826992],[-92.6322653397773,39.7133358794525],[-92.6391757604983,39.6939662665819],[-92.6488212454558,39.68404538056981]]},"properties":{"segment_id":"220b3078300af411a28ad3b8","source_kmz":"missouri","orientation":"unverified"}},{"type":"Feature","geometry":{"type":"LineString","coordinates":[[-92.5605286487976,39.6765619362825],[-92.5676844874412,39.6746152030519],[-92.5795586362299,39.6848517513571],[-92.5863620557568,39.6828943114424]]},"properties":{"segment_id":"85752b1f3a39be3db9c22ad9","source_kmz":"missouri","orientation":"unverified"}},{"type":"Feature","geometry":{"type":"LineString","coordinates":[[-92.5863620557568,39.6828943114424],[-92.588744427048,39.6773337097355],[-92.5861002802791,39.67351131611],[-92.5927537007146,39.6597627715513],[-92.6069843930414,39.6499698988565]]},"properties":{"segment_id":"b899b0c038a0cb6986181281","source_kmz":"missouri","orientation":"unverified"}},{"type":"Feature","geometry":{"type":"LineString","coordinates":[[-92.5695146268394,39.6435910985089],[-92.578201001461,39.6465076460413],[-92.5934239035983,39.6455834519234],[-92.6069843930414,39.6499698988565]]},"properties":{"segment_id":"6d104268bbe05b49426ee9f0","source_kmz":"missouri","orientation":"unverified"}},{"type":"Feature","geometry":{"type":"LineString","coordinates":[[-92.59687687445681,39.6247830157472],[-92.6010186089539,39.6192702087013],[-92.6070852670993,39.6178276065301],[-92.6123719824335,39.6254713014059],[-92.6227199882,39.6305727064453]]},"properties":{"segment_id":"922e04e45d1193cf0573a328","source_kmz":"missouri","orientation":"unverified"}},{"type":"Feature","geometry":{"type":"LineString","coordinates":[[-92.49335085420581,39.6055838398127],[-92.5006591023425,39.6076636548316],[-92.5044030196866,39.6032143050172],[-92.5146981173143,39.6018942528968]]},"properties":{"segment_id":"dadeaeb4edccc9f4b898eacd","source_kmz":"missouri","orientation":"unverified"}},{"type":"Feature","geometry":{"type":"LineString","coordinates":[[-92.59444176774701,39.5866786923805],[-92.6057142707774,39.5794847290116],[-92.6123688819884,39.580468765644]]},"properties":{"segment_id":"acc4990c4b3ce96808bd2770","source_kmz":"missouri","orientation":"unverified"}},{"type":"Feature","geometry":{"type":"LineString","coordinates":[[-92.6162461846061,39.6030748320261],[-92.62293907807592,39.5957553054625],[-92.6310671489018,39.5954387286396],[-92.6317916750756,39.5799218742929]]},"properties":{"segment_id":"2efc75836e8fdeaaf86c700e","source_kmz":"missouri","orientation":"unverified"}},{"type":"Feature","geometry":{"type":"LineString","coordinates":[[-92.6488212454558,39.68404538056981],[-92.6534049611284,39.6613986178687],[-92.6429234302499,39.6287054241338],[-92.652676147751,39.6238771240502],[-92.6539521144242,39.6115892741397],[-92.63981252597691,39.5970132873987],[-92.64029165165202,39.5715787726781]]},"properties":{"segment_id":"c94e18fef085b388b82da0a6","source_kmz":"missouri","orientation":"unverified"}},{"type":"Feature","geometry":{"type":"LineString","coordinates":[[-92.5389215187458,39.57497534180311],[-92.53912682614612,39.57069500176281],[-92.52625945038962,39.5596231411112]]},"properties":{"segment_id":"3ce276d8149a57bcaf20bfba","source_kmz":"missouri","orientation":"unverified"}},{"type":"Feature","geometry":{"type":"LineString","coordinates":[[-92.490488780838,39.5701430570459],[-92.5060205321318,39.5625416209101],[-92.5053786907752,39.5539515706612],[-92.5109186584321,39.5487487566448]]},"properties":{"segment_id":"6430fb35f2f39539faa45bca","source_kmz":"missouri","orientation":"unverified"}},{"type":"Feature","geometry":{"type":"LineString","coordinates":[[-92.46201310211272,39.5323728515702],[-92.47929917867461,39.532057349528],[-92.4994044415177,39.5462838370134],[-92.5109186584321,39.5487487566448]]},"properties":{"segment_id":"d225ec5f7b99e972de3320c2","source_kmz":"missouri","orientation":"unverified"}},{"type":"Feature","geometry":{"type":"LineString","coordinates":[[-92.5109186584321,39.5487487566448],[-92.5137416959425,39.5340943271104],[-92.52021555630301,39.5240955070819],[-92.5271212438655,39.5197337621275],[-92.53595785689001,39.5191754137984],[-92.53796116330041,39.5141413724726]]},"properties":{"segment_id":"3971aa2c77036f21e365accf","source_kmz":"missouri","orientation":"unverified"}},{"type":"Feature","geometry":{"type":"LineString","coordinates":[[-92.49939390454911,39.5028876029326],[-92.50373032177481,39.4933655891278],[-92.5124058414967,39.4887864078103],[-92.52175400889813,39.4775286422572],[-92.5523651752364,39.463376904502]]},"properties":{"segment_id":"69af322d6541d78e992f4ee1","source_kmz":"missouri","orientation":"unverified"}},{"type":"Feature","geometry":{"type":"LineString","coordinates":[[-92.4748459640888,39.47889216495331],[-92.4812160427884,39.4710355861812],[-92.5058314770166,39.4644942472073],[-92.51067422019202,39.4590044028206],[-92.5166647610093,39.45890380122971],[-92.5214419293266,39.4547510922892]]},"properties":{"segment_id":"a80707eb5fabeaf51da57d7b","source_kmz":"missouri","orientation":"unverified"}},{"type":"Feature","geometry":{"type":"LineString","coordinates":[[-92.5214419293266,39.4547510922892],[-92.5356398678717,39.4596995897538],[-92.55603469580531,39.4602637861469]]},"properties":{"segment_id":"eb4308e23517b4f7779685cf","source_kmz":"missouri","orientation":"unverified"}},{"type":"Feature","geometry":{"type":"LineString","coordinates":[[-92.489953661281,39.4506553585303],[-92.5124938325594,39.4504834351142],[-92.5214419293266,39.4547510922892]]},"properties":{"segment_id":"288ad4d05882de1037884aed","source_kmz":"missouri","orientation":"unverified"}},{"type":"Feature","geometry":{"type":"LineString","coordinates":[[-92.59359741852641,39.4626334796018],[-92.5886888376574,39.4547314960006],[-92.59892436316191,39.4467070795586]]},"properties":{"segment_id":"4b6feb000b66d76b0a421362","source_kmz":"missouri","orientation":"unverified"}},{"type":"Feature","geometry":{"type":"LineString","coordinates":[[-92.74387486545561,39.4797669372708],[-92.7610272653329,39.4585174400381],[-92.7594773489389,39.4381211024979]]},"properties":{"segment_id":"f6804f440ba75644c5bef8ee","source_kmz":"missouri","orientation":"unverified"}},{"type":"Feature","geometry":{"type":"LineString","coordinates":[[-92.5152191109809,39.4304694737365],[-92.52261323348391,39.4304078342674],[-92.52717805448393,39.4233025716977],[-92.5434795608494,39.41357634006],[-92.5545389879242,39.410399999289],[-92.5692215191773,39.412411712425]]},"properties":{"segment_id":"eb40bcba28c93ee9fe4ae96c","source_kmz":"missouri","orientation":"unverified"}},{"type":"Feature","geometry":{"type":"LineString","coordinates":[[-92.4624355247239,39.4158588493664],[-92.4579744304457,39.4063568117587],[-92.4715100315568,39.395757705886]]},"properties":{"segment_id":"943fb13a71e5911b9529e7f6","source_kmz":"missouri","orientation":"unverified"}},{"type":"Feature","geometry":{"type":"LineString","coordinates":[[-92.4715100315568,39.395757705886],[-92.4796813889739,39.3941134836641],[-92.5034410962119,39.3974603469265],[-92.5088944585636,39.4010953140216],[-92.5172845512044,39.3949010691303],[-92.528303756026,39.3925295813295]]},"properties":{"segment_id":"9ee3e815aa13b820c76dc41c","source_kmz":"missouri","orientation":"unverified"}},{"type":"Feature","geometry":{"type":"LineString","coordinates":[[-92.7685462467334,39.400590670679],[-92.77955804291682,39.3981970035318],[-92.7807848999657,39.4022462337304],[-92.7843106478461,39.4020693128784]]},"properties":{"segment_id":"3a58023279387af40bcebbcb","source_kmz":"missouri","orientation":"unverified"}},{"type":"Feature","geometry":{"type":"LineString","coordinates":[[-92.59194349668311,39.385713001986],[-92.5895205199292,39.3923431755128],[-92.5959562709251,39.3976082111234]]},"properties":{"segment_id":"e1b858f40914c847a273e2ad","source_kmz":"missouri","orientation":"unverified"}},{"type":"Feature","geometry":{"type":"LineString","coordinates":[[-92.51024692419671,39.3657751606714],[-92.51646501840392,39.36809191001651],[-92.5168618292071,39.3817639681499],[-92.528303756026,39.3925295813295]]},"properties":{"segment_id":"f17e6a0e0e0d9ddc569b1dda","source_kmz":"missouri","orientation":"unverified"}},{"type":"Feature","geometry":{"type":"LineString","coordinates":[[-92.5412212687565,39.35779877127621],[-92.5493807463,39.3636498546889],[-92.5667742420839,39.3676120742745],[-92.57751240712591,39.3636215499235],[-92.5900411735929,39.3663754645843],[-92.598947469928,39.3564402705962]]},"properties":{"segment_id":"2e996ba9c7a4d581ee30d2e9","source_kmz":"missouri","orientation":"unverified"}},{"type":"Feature","geometry":{"type":"LineString","coordinates":[[-92.7382951489827,39.3537349903488],[-92.7470040691714,39.3633368309441],[-92.751884738737,39.3642675632823]]},"properties":{"segment_id":"380d65bf0a927706290b07be","source_kmz":"missouri","orientation":"unverified"}},{"type":"Feature","geometry":{"type":"LineString","coordinates":[[-92.85664732901732,39.3565068261864],[-92.8550309771232,39.3532521407816],[-92.842986685703,39.3553582349715],[-92.83427779969621,39.3535304632874]]},"properties":{"segment_id":"320e92bbe0d2e27f6b1e8737","source_kmz":"missouri","orientation":"unverified"}},{"type":"Feature","geometry":{"type":"LineString","coordinates":[[-92.59215303099052,39.3439335336004],[-92.5934425855857,39.3538793200477],[-92.598947469928,39.3564402705962]]},"properties":{"segment_id":"1e14d91fc1e1d1e8a49c78a2","source_kmz":"missouri","orientation":"unverified"}},{"type":"Feature","geometry":{"type":"LineString","coordinates":[[-92.62411222420322,39.33703542765171],[-92.6343825248917,39.3429379397955],[-92.6373030059871,39.3406061205323],[-92.6433617262153,39.3463941908515]]},"properties":{"segment_id":"03aede5b14afaf8cba7337b5","source_kmz":"missouri","orientation":"unverified"}},{"type":"Feature","geometry":{"type":"LineString","coordinates":[[-92.6701618793984,39.3369347691794],[-92.6688565660213,39.3500242794542],[-92.6852814784158,39.3598365588421],[-92.6850854104146,39.364116855885]]},"properties":{"segment_id":"b00a0d3c48baf335d03aa393","source_kmz":"missouri","orientation":"unverified"}},{"type":"Feature","geometry":{"type":"LineString","coordinates":[[-92.7190683720345,39.3358209757238],[-92.7396016692397,39.3481445582036],[-92.7382951489827,39.3537349903488]]},"properties":{"segment_id":"70926d8289f5693b4d32c347","source_kmz":"missouri","orientation":"unverified"}},{"type":"Feature","geometry":{"type":"LineString","coordinates":[[-92.7825569367349,39.3307799356524],[-92.7957898943041,39.333531277082],[-92.80225903518522,39.3382505223923]]},"properties":{"segment_id":"9b050aa90016c9fcfbb6fad8","source_kmz":"missouri","orientation":"unverified"}},{"type":"Feature","geometry":{"type":"LineString","coordinates":[[-92.5358686013017,39.33006080310751],[-92.55264608587702,39.324633145768],[-92.5728094867903,39.3367069182708],[-92.5781256793664,39.3357815518911],[-92.58414139262531,39.3423750096087],[-92.58906897376282,39.3422420764568]]},"properties":{"segment_id":"296ac3c2e3abfdd86cb26aae","source_kmz":"missouri","orientation":"unverified"}},{"type":"Feature","geometry":{"type":"LineString","coordinates":[[-92.6509361785475,39.3270451408588],[-92.6483429280566,39.3299217352214],[-92.65672305596442,39.3387178333736],[-92.6566910941597,39.347020194019]]},"properties":{"segment_id":"9b1a0b7984c6966105356f60","source_kmz":"missouri","orientation":"unverified"}},{"type":"Feature","geometry":{"type":"LineString","coordinates":[[-92.8735339156009,39.3480931098332],[-92.87762720746811,39.3428391878722],[-92.87546969753572,39.3358216994697],[-92.8568344494321,39.3198193608224]]},"properties":{"segment_id":"74069f5b49c06dacd3b085a9","source_kmz":"missouri","orientation":"unverified"}},{"type":"Feature","geometry":{"type":"LineString","coordinates":[[-92.663382367087,39.3086299097575],[-92.6596318288812,39.3213859145059],[-92.6509361785475,39.3270451408588]]},"properties":{"segment_id":"99faa1c88b393e5b57437a09","source_kmz":"missouri","orientation":"unverified"}},{"type":"Feature","geometry":{"type":"LineString","coordinates":[[-92.71686816723721,39.30683651213351],[-92.7266212444534,39.3087001163486],[-92.7339293154899,39.3024638196003],[-92.7525388741321,39.3026823859087],[-92.7622643179168,39.2973109924827]]},"properties":{"segment_id":"19d37f814b539e66e0c9af2d","source_kmz":"missouri","orientation":"unverified"}},{"type":"Feature","geometry":{"type":"LineString","coordinates":[[-92.80412514839144,39.29598129478291],[-92.80900201377281,39.296909775851],[-92.81371642294891,39.2935486729482]]},"properties":{"segment_id":"7dd84fc4de93f5caf068608b","source_kmz":"missouri","orientation":"unverified"}},{"type":"Feature","geometry":{"type":"LineString","coordinates":[[-92.7752109717708,39.2984502454668],[-92.7858139450608,39.2890823454604],[-92.81371642294891,39.2935486729482]]},"properties":{"segment_id":"666d155124aee2c419246380","source_kmz":"missouri","orientation":"unverified"}},{"type":"Feature","geometry":{"type":"LineString","coordinates":[[-92.7281445691056,39.2827600842978],[-92.7400115914048,39.2844103773621],[-92.7622643179168,39.2973109924827]]},"properties":{"segment_id":"b755a023e41ddb151404a88e","source_kmz":"missouri","orientation":"unverified"}},{"type":"Feature","geometry":{"type":"LineString","coordinates":[[-92.7940221883293,39.2702780551378],[-92.8206543066264,39.2795311334604],[-92.82595140189821,39.2788627450642],[-92.8350254628569,39.2881996603537]]},"properties":{"segment_id":"3ca4c3f244793b752e3c779d","source_kmz":"missouri","orientation":"unverified"}},{"type":"Feature","geometry":{"type":"LineString","coordinates":[[-92.7770674469412,39.2725187664136],[-92.7840049295666,39.2665380352333],[-92.7940221883293,39.2702780551378]]},"properties":{"segment_id":"1748d09e234e07995385c9d1","source_kmz":"missouri","orientation":"unverified"}},{"type":"Feature","geometry":{"type":"LineString","coordinates":[[-92.7910597314743,39.2578817093405],[-92.7944600995764,39.2603797255172],[-92.79116166061891,39.2635087042216],[-92.7940221883293,39.2702780551378]]},"properties":{"segment_id":"d54684677015b00d69c397c9","source_kmz":"missouri","orientation":"unverified"}},{"type":"Feature","geometry":{"type":"LineString","coordinates":[[-92.7466217297922,39.2623531154968],[-92.7513967454605,39.2576568121165],[-92.76168605780032,39.2552465120414]]},"properties":{"segment_id":"adf9d7988665028eb842aae9","source_kmz":"missouri","orientation":"unverified"}},{"type":"Feature","geometry":{"type":"LineString","coordinates":[[-92.76168605780032,39.2552465120414],[-92.7687471877236,39.2543586251713],[-92.7835528514976,39.2609019730358],[-92.7910597314743,39.2578817093405]]},"properties":{"segment_id":"e18b41660b7cbf63f1b375a6","source_kmz":"missouri","orientation":"unverified"}},{"type":"Feature","geometry":{"type":"LineString","coordinates":[[-92.74939797162952,39.2474270925928],[-92.7580560714359,39.2500632944715],[-92.76168605780032,39.2552465120414]]},"properties":{"segment_id":"284a11326a72421f5664a954","source_kmz":"missouri","orientation":"unverified"}},{"type":"Feature","geometry":{"type":"LineString","coordinates":[[-92.72894080845082,39.2495696531604],[-92.7360981641725,39.2465434980145],[-92.74939797162952,39.2474270925928]]},"properties":{"segment_id":"8dbefdc664b1fe0090e3e321","source_kmz":"missouri","orientation":"unverified"}},{"type":"Feature","geometry":{"type":"LineString","coordinates":[[-92.73318274557052,39.2333433038886],[-92.7408126767069,39.2431851949794],[-92.74939797162952,39.2474270925928]]},"properties":{"segment_id":"0667027840ce911f02a9bcff","source_kmz":"missouri","orientation":"unverified"}},{"type":"Feature","geometry":{"type":"LineString","coordinates":[[-92.50238656260092,40.0377018005634],[-92.5134243215697,39.9712943505174],[-92.4972862570592,39.945928986887],[-92.4984199067978,39.9154178170472],[-92.4904355063367,39.8902787996256],[-92.49234679872542,39.8801514613931],[-92.4888347162835,39.8650501824843],[-92.4975023068179,39.85430795949361],[-92.5010730823491,39.8391367476714],[-92.50552166829311,39.7913057674722],[-92.5173307650891,39.7811861282523],[-92.51784866728052,39.7704845521429]]},"properties":{"segment_id":"ef37812e05389cc82762061b","source_kmz":"missouri","orientation":"unverified"}},{"type":"Feature","geometry":{"type":"LineString","coordinates":[[-92.5672755440308,39.5720066184789],[-92.565705617722,39.5679454128704],[-92.5731554475321,39.55957788852091],[-92.5688275203757,39.5393688532654],[-92.57231330723842,39.5327677472341],[-92.5806245676312,39.5284416401392],[-92.58362004440991,39.5172731294449],[-92.5898679845209,39.5118186030596],[-92.591430395362,39.4936464249134],[-92.6029524010679,39.4883351632536],[-92.6158537986137,39.47609590418],[-92.618678932379,39.4684044972329],[-92.62356503927421,39.4693402775898],[-92.63078598126522,39.46551743389],[-92.6386191277934,39.4560856944801],[-92.629950854217,39.4456734785411],[-92.6288689446035,39.4386800106747]]},"properties":{"segment_id":"aee3ab9d1e84889f7916b9aa","source_kmz":"missouri","orientation":"unverified"}},{"type":"Feature","geometry":{"type":"LineString","coordinates":[[-92.610782262255,39.5466743806935],[-92.63039101790342,39.5268468023948],[-92.6326598019499,39.5084254751449],[-92.6476334534624,39.4970423120099],[-92.6550367674928,39.4817050292804],[-92.6596714367422,39.4804897811583],[-92.6592277159599,39.4748529389943],[-92.6676258135715,39.4683809352446],[-92.6700130246107,39.4547840833522],[-92.6870340823576,39.4367551856995],[-92.7140565370832,39.4230057174712],[-92.7396301746753,39.4255513148468],[-92.74964038452961,39.4220626066053],[-92.760184741464,39.4223367725394]]},"properties":{"segment_id":"8a351cf40551fbe18b0e413a","source_kmz":"missouri","orientation":"unverified"}},{"type":"Feature","geometry":{"type":"LineString","coordinates":[[-92.95314721579962,37.3316384282412],[-92.9770366333957,37.307594764966],[-92.985748060793,37.3035261617106],[-92.9986713011086,37.3051859435487],[-93.0,37.306306151608055]]},"properties":{"segment_id":"b9fd00dbea5442e5539b2f7e","source_kmz":"missouri","orientation":"unverified"}},{"type":"Feature","geometry":{"type":"LineString","coordinates":[[-92.82825769096371,38.4160482798027],[-92.819546178445,38.4088607366043],[-92.81617470459682,38.3985971710722]]},"properties":{"segment_id":"c01fc6af25c5e76bf8aa13fc","source_kmz":"missouri","orientation":"unverified"}},{"type":"Feature","geometry":{"type":"LineString","coordinates":[[-92.7984059055422,38.4241130408471],[-92.7960532593656,38.4144109661535],[-92.8043994699649,38.4060582525725],[-92.7989391703876,38.3960077054318],[-92.7996126539062,38.3885267645201]]},"properties":{"segment_id":"267cbe3ac8f08d169ceaa671","source_kmz":"missouri","orientation":"unverified"}},{"type":"Feature","geometry":{"type":"LineString","coordinates":[[-92.962558301911,38.3910494994921],[-92.9530121646383,38.39536592264291],[-92.94611395552563,38.3943915912994],[-92.93039603949653,38.3803433023449]]},"properties":{"segment_id":"8df0143d4c09f0b548aefeee","source_kmz":"missouri","orientation":"unverified"}},{"type":"Feature","geometry":{"type":"LineString","coordinates":[[-92.7996126539062,38.3885267645201],[-92.80646470941521,38.3825453344526],[-92.807806955638,38.3756173270348]]},"properties":{"segment_id":"4c73a7ab9d19fec704b05e7a","source_kmz":"missouri","orientation":"unverified"}},{"type":"Feature","geometry":{"type":"LineString","coordinates":[[-92.9243009404573,38.401614339278],[-92.9184349497267,38.38432900566691],[-92.9044116227651,38.3713908082103]]},"properties":{"segment_id":"b38e0d1e13cfc9493e5b39f7","source_kmz":"missouri","orientation":"unverified"}},{"type":"Feature","geometry":{"type":"LineString","coordinates":[[-92.7361022842085,38.3812347383227],[-92.7214311312403,38.3602233650456],[-92.7193782869489,38.3363335335212]]},"properties":{"segment_id":"d911ecaf12d5608dd5abdb5f","source_kmz":"missouri","orientation":"unverified"}},{"type":"Feature","geometry":{"type":"LineString","coordinates":[[-92.91090416957002,38.3407579109834],[-92.90383106187663,38.3440613566847],[-92.87718632590521,38.3428521314337]]},"properties":{"segment_id":"3ca62740b1b723d7cd1fcb1f","source_kmz":"missouri","orientation":"unverified"}},{"type":"Feature","geometry":{"type":"LineString","coordinates":[[-92.93901212535332,38.340121737921],[-92.92052256872512,38.3428736598591],[-92.91090416957002,38.3407579109834]]},"properties":{"segment_id":"536bb76e9a925479f765f84a","source_kmz":"missouri","orientation":"unverified"}},{"type":"Feature","geometry":{"type":"LineString","coordinates":[[-92.8616713431606,38.3732538086288],[-92.8527622885029,38.35454823732461],[-92.8507606003064,38.3365545650709]]},"properties":{"segment_id":"00f8bd276d6be9955ebf6a86","source_kmz":"missouri","orientation":"unverified"}},{"type":"Feature","geometry":{"type":"LineString","coordinates":[[-92.779032708397,38.3515684788122],[-92.78143941149321,38.3441329615562],[-92.79692678362971,38.3308793368828],[-92.7983273293738,38.3226139230605]]},"properties":{"segment_id":"f8b6ced5dcbf5357b210b5ac","source_kmz":"missouri","orientation":"unverified"}},{"type":"Feature","geometry":{"type":"LineString","coordinates":[[-92.7193782869489,38.3363335335212],[-92.7227814746131,38.3299968342503],[-92.7194988810439,38.3181256438364]]},"properties":{"segment_id":"8672eef06ddd69e752baf321","source_kmz":"missouri","orientation":"unverified"}},{"type":"Feature","geometry":{"type":"LineString","coordinates":[[-92.7010547804231,38.319774613476],[-92.70931551566972,38.3210672371795],[-92.7194988810439,38.3181256438364]]},"properties":{"segment_id":"4da2bd61d8bf99d792a07a9a","source_kmz":"missouri","orientation":"unverified"}},{"type":"Feature","geometry":{"type":"LineString","coordinates":[[-92.9847105071957,38.3332170411228],[-92.9806819580635,38.321603400874],[-92.9865732126016,38.3131787851561]]},"properties":{"segment_id":"6ddf6bdcc2fa94fe1d75369c","source_kmz":"missouri","orientation":"unverified"}},{"type":"Feature","geometry":{"type":"LineString","coordinates":[[-92.901335655186,38.3046329077261],[-92.8880293141898,38.3160797319675],[-92.8722110075942,38.321302038149]]},"properties":{"segment_id":"200d310bcae05f94d24b6f99","source_kmz":"missouri","orientation":"unverified"}},{"type":"Feature","geometry":{"type":"LineString","coordinates":[[-92.878546922088,38.30271736701441],[-92.8735073629476,38.3071418240856],[-92.8722110075942,38.321302038149]]},"properties":{"segment_id":"d1ec0c9a82ad8c071811ec04","source_kmz":"missouri","orientation":"unverified"}},{"type":"Feature","geometry":{"type":"LineString","coordinates":[[-92.9865732126016,38.3131787851561],[-92.9907699285755,38.2953399547732],[-92.998432037153,38.2858870450777],[-93.0,38.28479474144078]]},"properties":{"segment_id":"cbbb57f69c4eb4ac29a906ff","source_kmz":"missouri","orientation":"unverified"}},{"type":"Feature","geometry":{"type":"LineString","coordinates":[[-92.8484054763124,38.2783819814352],[-92.8389593940736,38.2805495461038],[-92.8170688825298,38.2740928466328],[-92.7742250009943,38.2716364921336]]},"properties":{"segment_id":"802b79c84460d9f32afb7779","source_kmz":"missouri","orientation":"unverified"}},{"type":"Feature","geometry":{"type":"LineString","coordinates":[[-92.74606121175071,38.2818739953388],[-92.7550427433653,38.27461287982911],[-92.7558580194689,38.25615566468]]},"properties":{"segment_id":"93b3d70a1f3c6a64b5d40420","source_kmz":"missouri","orientation":"unverified"}},{"type":"Feature","geometry":{"type":"LineString","coordinates":[[-92.7948722401182,38.2429861615224],[-92.7731715692444,38.2483096811851],[-92.7571235485798,38.2588671589326]]},"properties":{"segment_id":"d1620f4aa868b24d53a53834","source_kmz":"missouri","orientation":"unverified"}},{"type":"Feature","geometry":{"type":"LineString","coordinates":[[-92.8659469508633,38.2488373044533],[-92.862522412871,38.2479464851145],[-92.8542924008228,38.2541631594483],[-92.8316472532383,38.2573303807154],[-92.7948722401182,38.2429861615224]]},"properties":{"segment_id":"c164fbc3cded449a334969f0","source_kmz":"missouri","orientation":"unverified"}},{"type":"Feature","geometry":{"type":"LineString","coordinates":[[-92.9429057647329,38.2882674041282],[-92.9475910542768,38.2672284698172],[-92.94262247663211,38.2451461027783],[-92.94648266911092,38.2439031760782]]},"properties":{"segment_id":"a7f575cec642aab8667ce101","source_kmz":"missouri","orientation":"unverified"}},{"type":"Feature","geometry":{"type":"LineString","coordinates":[[-92.92181421428391,38.2459653493312],[-92.92956879359102,38.242678144403],[-92.9461701557939,38.2430920348382]]},"properties":{"segment_id":"a82f17ed5cbde6deab0e1292","source_kmz":"missouri","orientation":"unverified"}},{"type":"Feature","geometry":{"type":"LineString","coordinates":[[-92.810254609439,38.2316032752539],[-92.7997140787378,38.2431124194368],[-92.7948722401182,38.2429861615224]]},"properties":{"segment_id":"ee66ef9c86e3d9385120d104","source_kmz":"missouri","orientation":"unverified"}},{"type":"Feature","geometry":{"type":"LineString","coordinates":[[-92.9461701557939,38.2430920348382],[-92.95504957109411,38.237688900436],[-92.9506979753951,38.2340996609485],[-92.9559628793696,38.232355744277]]},"properties":{"segment_id":"8e84cce97a03f15dc2a7078c","source_kmz":"missouri","orientation":"unverified"}},{"type":"Feature","geometry":{"type":"LineString","coordinates":[[-92.7044995449741,38.25077136783631],[-92.71423392908952,38.2344277865009],[-92.7145568334171,38.227205486478],[-92.7070699712719,38.2243268021169]]},"properties":{"segment_id":"b5ddfdb5fac11d34577f9f49","source_kmz":"missouri","orientation":"unverified"}},{"type":"Feature","geometry":{"type":"LineString","coordinates":[[-92.6859876235857,38.2312584241136],[-92.68627710677814,38.2248386667553],[-92.6802349316925,38.2206582112708]]},"properties":{"segment_id":"c4e511b60e52ef142f973bbf","source_kmz":"missouri","orientation":"unverified"}},{"type":"Feature","geometry":{"type":"LineString","coordinates":[[-92.6906945984828,38.2112992310681],[-92.6874870221076,38.2133552482447],[-92.6383996093596,38.2120209301968]]},"properties":{"segment_id":"6cacec2044a330565fbe3995","source_kmz":"missouri","orientation":"unverified"}},{"type":"Feature","geometry":{"type":"LineString","coordinates":[[-92.8056202870449,38.2028277706621],[-92.796505002754,38.2055360835327],[-92.7924225320654,38.2118568119397],[-92.7806394565545,38.2043176046406],[-92.7709609699631,38.204063394043]]},"properties":{"segment_id":"0eb8e9b82021659087ea9bc5","source_kmz":"missouri","orientation":"unverified"}},{"type":"Feature","geometry":{"type":"LineString","coordinates":[[-92.8850783912379,38.2059409252362],[-92.8806639898207,38.2039542528398],[-92.8785736673658,38.1961349855358],[-92.8673501212758,38.1915642691061]]},"properties":{"segment_id":"c7848677b306ce1a9e47b0ca","source_kmz":"missouri","orientation":"unverified"}},{"type":"Feature","geometry":{"type":"LineString","coordinates":[[-92.94169199107071,38.1926358098748],[-92.9342556829596,38.1801318189962],[-92.9200875341547,38.1797770509875]]},"properties":{"segment_id":"62e8cbcba3dfe49236aea509","source_kmz":"missouri","orientation":"unverified"}},{"type":"Feature","geometry":{"type":"LineString","coordinates":[[-92.8673501212758,38.1915642691061],[-92.8717023294265,38.1868549012695],[-92.8918937032485,38.1838865519051],[-92.89617614557362,38.1807813768393],[-92.8964245124303,38.174896133378]]},"properties":{"segment_id":"859566c1f46471a86d23ea7c","source_kmz":"missouri","orientation":"unverified"}},{"type":"Feature","geometry":{"type":"LineString","coordinates":[[-92.84064470732851,38.1769540562398],[-92.82902373917462,38.1656743813178],[-92.80843402409262,38.1619268418608]]},"properties":{"segment_id":"bf9d21fbcc5fe36fb3e9a418","source_kmz":"missouri","orientation":"unverified"}},{"type":"Feature","geometry":{"type":"LineString","coordinates":[[-92.9370863374079,38.1453893761519],[-92.9225220561432,38.1546654466635],[-92.8925654763578,38.1598018241607]]},"properties":{"segment_id":"d3da89a49aa34e4d08aa78f2","source_kmz":"missouri","orientation":"unverified"}},{"type":"Feature","geometry":{"type":"LineString","coordinates":[[-92.98614540237962,38.1463368029567],[-92.98652424489012,38.1624134533767],[-92.9899463004805,38.1633008227485],[-92.9797842293276,38.1665323513715],[-92.97819339043451,38.1715811804726]]},"properties":{"segment_id":"212492e4a088f5a0c41d7ccf","source_kmz":"missouri","orientation":"unverified"}},{"type":"Feature","geometry":{"type":"LineString","coordinates":[[-92.63698069125121,38.1219939473913],[-92.6422119159174,38.12856505669241],[-92.64318550790912,38.152695681586]]},"properties":{"segment_id":"719580159fbd0b184e8d6fb2","source_kmz":"missouri","orientation":"unverified"}},{"type":"Feature","geometry":{"type":"LineString","coordinates":[[-92.6225812764114,38.1344537169407],[-92.63005107564642,38.122339331882],[-92.63698069125121,38.1219939473913]]},"properties":{"segment_id":"719fbc8b44b6d89c1ff61c39","source_kmz":"missouri","orientation":"unverified"}},{"type":"Feature","geometry":{"type":"LineString","coordinates":[[-92.97600934867421,38.1321622362952],[-92.9582283837847,38.12743783027561],[-92.95218066830321,38.1315723565009]]},"properties":{"segment_id":"424667e83076365ef0f7fcbf","source_kmz":"missouri","orientation":"unverified"}},{"type":"Feature","geometry":{"type":"LineString","coordinates":[[-92.8785016882988,38.11632909950241],[-92.87117576472912,38.1260509897681],[-92.8578372340165,38.1307981560812],[-92.8368192652965,38.1452548005004]]},"properties":{"segment_id":"ae10779fc70ac5d09351978c","source_kmz":"missouri","orientation":"unverified"}},{"type":"Feature","geometry":{"type":"LineString","coordinates":[[-92.83808382425,38.115829039418],[-92.8332963249711,38.1146342642401],[-92.8328359754204,38.1173004158647],[-92.8265751878769,38.1182097508699],[-92.82749503003832,38.1289457359871],[-92.8207145189876,38.1338584252216],[-92.8144869138559,38.1339646258428],[-92.8045218437678,38.12459995445131]]},"properties":{"segment_id":"351d0c66461adb5a73fe4d5c","source_kmz":"missouri","orientation":"unverified"}},{"type":"Feature","geometry":{"type":"LineString","coordinates":[[-92.581037826596,38.1207145756261],[-92.5746931792451,38.10848515889451],[-92.5747214007501,38.1004510516107],[-92.5819596951914,38.0934217160696],[-92.5935699246235,38.096423236116]]},"properties":{"segment_id":"7e866b0bc4ab1dff7b857c97","source_kmz":"missouri","orientation":"unverified"}},{"type":"Feature","geometry":{"type":"LineString","coordinates":[[-92.48846281997652,38.0974744899244],[-92.488474928721,38.0899753425065],[-92.494966649565,38.0842687278333]]},"properties":{"segment_id":"232a23889b6489b38f62f8d8","source_kmz":"missouri","orientation":"unverified"}},{"type":"Feature","geometry":{"type":"LineString","coordinates":[[-92.531208293762,38.0997630220709],[-92.5315058759867,38.086111876009],[-92.5357474586866,38.0840891764781]]},"properties":{"segment_id":"623969a2e72e8253929be192","source_kmz":"missouri","orientation":"unverified"}},{"type":"Feature","geometry":{"type":"LineString","coordinates":[[-92.9437323270983,38.0936031305054],[-92.9496333312279,38.09294674270681],[-92.9465478430701,38.0840326939521]]},"properties":{"segment_id":"f01c86595ec7da39fba25d32","source_kmz":"missouri","orientation":"unverified"}},{"type":"Feature","geometry":{"type":"LineString","coordinates":[[-92.9987666690611,38.0912139372837],[-92.98245669164122,38.0929558185553],[-92.96005163764461,38.0832972151068],[-92.9465478430701,38.0840326939521]]},"properties":{"segment_id":"82db56daef27c564e656a023","source_kmz":"missouri","orientation":"unverified"}},{"type":"Feature","geometry":{"type":"LineString","coordinates":[[-92.58629357288912,38.0670273845428],[-92.5832730483304,38.0725676197557],[-92.59071318020482,38.0834880291577]]},"properties":{"segment_id":"bbad7c102f5229db27d2f28e","source_kmz":"missouri","orientation":"unverified"}},{"type":"Feature","geometry":{"type":"LineString","coordinates":[[-92.6156674448677,38.0667709892077],[-92.6059951410128,38.074270435216],[-92.6049351401471,38.0822758994504],[-92.6199475365975,38.0939395782925]]},"properties":{"segment_id":"c272b711da4e0dda938f6a7c","source_kmz":"missouri","orientation":"unverified"}},{"type":"Feature","geometry":{"type":"LineString","coordinates":[[-92.9102099949476,38.0855321398872],[-92.90342372381373,38.07438111115771],[-92.8812551124697,38.0676594734793]]},"properties":{"segment_id":"f1567f91a90ab1ab797d48a3","source_kmz":"missouri","orientation":"unverified"}},{"type":"Feature","geometry":{"type":"LineString","coordinates":[[-92.6718479557905,38.0618822434686],[-92.67046236430102,38.0696114200503],[-92.659281588741,38.0800199726289],[-92.65811803101771,38.0904333090057]]},"properties":{"segment_id":"ddabd0c36e97bb9eb7f32757","source_kmz":"missouri","orientation":"unverified"}},{"type":"Feature","geometry":{"type":"LineString","coordinates":[[-92.5553374621245,38.0567867733228],[-92.55626704015111,38.0664549037804],[-92.57165454615,38.0698325988841]]},"properties":{"segment_id":"4b5d93699605ac677cdcbfcd","source_kmz":"missouri","orientation":"unverified"}},{"type":"Feature","geometry":{"type":"LineString","coordinates":[[-92.766253782004,38.0593219845708],[-92.7740816793389,38.077739530938],[-92.7636944494052,38.0782690813221],[-92.7576280869903,38.0826615334599]]},"properties":{"segment_id":"c7aa25581f402f80cf2d841a","source_kmz":"missouri","orientation":"unverified"}},{"type":"Feature","geometry":{"type":"LineString","coordinates":[[-92.4632268807088,38.0616615424288],[-92.4750576841277,38.059859797224],[-92.48311901920681,38.0501813762372]]},"properties":{"segment_id":"279e8ae72294b76717aa92f1","source_kmz":"missouri","orientation":"unverified"}},{"type":"Feature","geometry":{"type":"LineString","coordinates":[[-92.79572862176101,38.0566149144717],[-92.8048139121267,38.0541741214079],[-92.818543068878,38.0561382874954],[-92.823510013365,38.0610877032876]]},"properties":{"segment_id":"048486eabb4306794de3fa8c","source_kmz":"missouri","orientation":"unverified"}},{"type":"Feature","geometry":{"type":"LineString","coordinates":[[-92.7570114583732,38.0339031792494],[-92.7469941290294,38.0574730244011],[-92.7450963756943,38.0769730556432]]},"properties":{"segment_id":"93556c9f3c4fdfce76808db8","source_kmz":"missouri","orientation":"unverified"}},{"type":"Feature","geometry":{"type":"LineString","coordinates":[[-92.43939458290842,38.025883346399],[-92.46087393082442,38.0243633092464],[-92.4941268031782,38.0293375508026]]},"properties":{"segment_id":"fe26ec904823ef036d368b7b","source_kmz":"missouri","orientation":"unverified"}},{"type":"Feature","geometry":{"type":"LineString","coordinates":[[-92.9307315084117,38.0324883612393],[-92.9264033453279,38.0369323874218],[-92.92865996480181,38.0573416232251],[-92.9218033579834,38.0644000794825],[-92.9100502111772,38.0646398341648]]},"properties":{"segment_id":"c05df098980155f58aa42cc5","source_kmz":"missouri","orientation":"unverified"}},{"type":"Feature","geometry":{"type":"LineString","coordinates":[[-92.6815781352076,38.0222408093217],[-92.682965003758,38.0297773971553],[-92.7101576535586,38.0393489599655]]},"properties":{"segment_id":"2bfd860da6023507ce3a193b","source_kmz":"missouri","orientation":"unverified"}},{"type":"Feature","geometry":{"type":"LineString","coordinates":[[-92.6738893141494,38.0166757326801],[-92.67801448471151,38.0170555504088],[-92.6815781352076,38.0222408093217]]},"properties":{"segment_id":"b8d1179d1b4d39d1a10f6f67","source_kmz":"missouri","orientation":"unverified"}},{"type":"Feature","geometry":{"type":"LineString","coordinates":[[-92.7108874719938,38.01526485163],[-92.7153914105366,38.03038361209101],[-92.7101576535586,38.0393489599655]]},"properties":{"segment_id":"9dbe97ffb35520c788cb77d0","source_kmz":"missouri","orientation":"unverified"}},{"type":"Feature","geometry":{"type":"LineString","coordinates":[[-92.83367573139222,38.0174305366572],[-92.831043404191,38.03048501025461],[-92.82747971788082,38.0330708185931]]},"properties":{"segment_id":"1a70d424d5e3aff9ab03f193","source_kmz":"missouri","orientation":"unverified"}},{"type":"Feature","geometry":{"type":"LineString","coordinates":[[-92.8769113731805,38.0153273095726],[-92.8767186685872,38.0198750552785],[-92.8834451738177,38.0240634860554],[-92.8843042575743,38.0364042583092]]},"properties":{"segment_id":"d894702cbf4bc0aa0ffa8107","source_kmz":"missouri","orientation":"unverified"}},{"type":"Feature","geometry":{"type":"LineString","coordinates":[[-92.4398639026112,38.0090226373127],[-92.4485201421802,38.00847053468111],[-92.463765822455,38.0000730044481]]},"properties":{"segment_id":"657822427bcbb0aa999bb75b","source_kmz":"missouri","orientation":"unverified"}},{"type":"Feature","geometry":{"type":"LineString","coordinates":[[-92.5723766357804,38.00235901633321],[-92.5730998295462,38.0090751038082],[-92.5683694159566,38.0142992704815]]},"properties":{"segment_id":"d0962cc49745c3c0a92ee8bd","source_kmz":"missouri","orientation":"unverified"}},{"type":"Feature","geometry":{"type":"LineString","coordinates":[[-92.68206429906492,38.0037742399089],[-92.6851065405483,38.0051957711813],[-92.6821682182865,38.0091335090109],[-92.6881330728021,38.0146514546233],[-92.68648946751641,38.0204990621811],[-92.6815781352076,38.0222408093217]]},"properties":{"segment_id":"ce85103ecffa95854a69778c","source_kmz":"missouri","orientation":"unverified"}},{"type":"Feature","geometry":{"type":"LineString","coordinates":[[-92.5924552673618,38.0010447734943],[-92.5860010218492,38.0137208768364],[-92.5789075231947,38.017808185385]]},"properties":{"segment_id":"6979e5ca36205cefbac32d20","source_kmz":"missouri","orientation":"unverified"}},{"type":"Feature","geometry":{"type":"LineString","coordinates":[[-92.8628630467431,38.0047915723764],[-92.8707011540763,38.00713461455811],[-92.8769113731805,38.0153273095726]]},"properties":{"segment_id":"5613c937895c1d90cf8f957d","source_kmz":"missouri","orientation":"unverified"}},{"type":"Feature","geometry":{"type":"LineString","coordinates":[[-92.8851976090365,37.9989345869545],[-92.8851015176068,38.009376472706],[-92.8824958652039,38.0138628073169],[-92.8769113731805,38.0153273095726]]},"properties":{"segment_id":"e1eb35d2db94a1f58be2ef4a","source_kmz":"missouri","orientation":"unverified"}},{"type":"Feature","geometry":{"type":"LineString","coordinates":[[-92.71905748077343,37.9790606222778],[-92.7385710867766,37.9902949567404],[-92.753011257001,37.9914823396869],[-92.75594509339851,37.9875428928215],[-92.7603901939863,37.9884640808516],[-92.76231312003661,37.9839620980491],[-92.7698997277817,37.9919291982012],[-92.78274576462282,37.9901250250646]]},"properties":{"segment_id":"42a8ad7e4517082c79d475eb","source_kmz":"missouri","orientation":"unverified"}},{"type":"Feature","geometry":{"type":"LineString","coordinates":[[-92.9183053335624,37.9829010803138],[-92.9096079575697,37.9928582377732],[-92.9067205433758,38.0123348074756],[-92.8945924565431,38.0216686663841],[-92.8843042575743,38.0364042583092]]},"properties":{"segment_id":"b9006519daba92de1751d027","source_kmz":"missouri","orientation":"unverified"}},{"type":"Feature","geometry":{"type":"LineString","coordinates":[[-92.3763155673463,37.9605511943908],[-92.38717204914191,37.9713186281007],[-92.42026619123662,37.9789876253276],[-92.42962111928512,37.9781895429468],[-92.44241752249091,37.984722756427]]},"properties":{"segment_id":"1b3e8d2435dade9fa7916daa","source_kmz":"missouri","orientation":"unverified"}},{"type":"Feature","geometry":{"type":"LineString","coordinates":[[-92.61438816824611,37.9593361581706],[-92.6151761453471,37.9647145849749],[-92.609836249322,37.9683163767874],[-92.61067316573111,37.972624862814],[-92.60594775046651,37.97785050941781],[-92.61406958943542,37.9737902180891],[-92.6147471781579,37.9815760507365],[-92.6236332358395,37.9834285175305],[-92.6282620300826,37.9878413968874],[-92.63423061248352,37.9855952315902],[-92.63466346402063,37.9912315244934],[-92.63967465047843,37.9948509667391]]},"properties":{"segment_id":"592dfcdce6decc0ea302140b","source_kmz":"missouri","orientation":"unverified"}},{"type":"Feature","geometry":{"type":"LineString","coordinates":[[-92.52858704449152,37.9574672054035],[-92.512472799236,37.9554018180612],[-92.50302021030892,37.9583460766625]]},"properties":{"segment_id":"f8897a77855fbf84b5102a0e","source_kmz":"missouri","orientation":"unverified"}},{"type":"Feature","geometry":{"type":"LineString","coordinates":[[-92.8475855969921,37.9746724969946],[-92.8329060602411,37.96304544577821],[-92.8350880716274,37.960423810611]]},"properties":{"segment_id":"031df34583c90c402f08f7f0","source_kmz":"missouri","orientation":"unverified"}},{"type":"Feature","geometry":{"type":"LineString","coordinates":[[-92.4584985590655,37.9444764285358],[-92.46514476266212,37.9425259130745],[-92.49499308244721,37.9457955336641]]},"properties":{"segment_id":"585abca15682c4a850835bd0","source_kmz":"missouri","orientation":"unverified"}},{"type":"Feature","geometry":{"type":"LineString","coordinates":[[-92.8665084259029,37.9596257226225],[-92.86330206231202,37.9539196054146],[-92.85852465856551,37.9527257877273]]},"properties":{"segment_id":"bf1a56953543c355a541eddc","source_kmz":"missouri","orientation":"unverified"}},{"type":"Feature","geometry":{"type":"LineString","coordinates":[[-92.78669068552702,37.9471105920917],[-92.7904634115305,37.955511888116],[-92.7866805138875,37.9631792039474],[-92.7887079044608,37.9720702924452],[-92.7847893078361,37.9749133458505]]},"properties":{"segment_id":"70becd9fcd6c80d83a1f53c7","source_kmz":"missouri","orientation":"unverified"}},{"type":"Feature","geometry":{"type":"LineString","coordinates":[[-92.7430889547087,37.9505103528009],[-92.74566544205702,37.946829459368],[-92.7536466967335,37.9457024476042]]},"properties":{"segment_id":"5379ab6967f36f3000de3093","source_kmz":"missouri","orientation":"unverified"}},{"type":"Feature","geometry":{"type":"LineString","coordinates":[[-92.7536466967335,37.9457024476042],[-92.76688089776381,37.9506058519295],[-92.77480269899732,37.9666160895542],[-92.7847893078361,37.9749133458505]]},"properties":{"segment_id":"bab37d0fd71c180471b450a9","source_kmz":"missouri","orientation":"unverified"}},{"type":"Feature","geometry":{"type":"LineString","coordinates":[[-92.6803657170673,37.9418607989908],[-92.6767648872504,37.945244751558],[-92.6727764399853,37.9419224089536]]},"properties":{"segment_id":"4fe02844d025b00e9afe2c53","source_kmz":"missouri","orientation":"unverified"}},{"type":"Feature","geometry":{"type":"LineString","coordinates":[[-92.8251792531823,37.9422237340539],[-92.8307014917303,37.9501334596345],[-92.8410129286255,37.950935792103]]},"properties":{"segment_id":"99de8860fdd8557036023d41","source_kmz":"missouri","orientation":"unverified"}},{"type":"Feature","geometry":{"type":"LineString","coordinates":[[-92.56868275600222,37.9334217771647],[-92.5611191922866,37.93294148552611],[-92.5584216990003,37.9390258766283],[-92.5493424660684,37.94144843772401],[-92.5433187192847,37.937528587292],[-92.53838443496271,37.9397995841531],[-92.5334070907087,37.9356409979244],[-92.52465923584792,37.9383389741468],[-92.5175408383274,37.9357259068107]]},"properties":{"segment_id":"65ed551db800aa8eed19f8a4","source_kmz":"missouri","orientation":"unverified"}},{"type":"Feature","geometry":{"type":"LineString","coordinates":[[-92.771531428957,37.9231435343503],[-92.77290733644232,37.9389810588801],[-92.78381214605352,37.9419464489505],[-92.78669068552702,37.9471105920917]]},"properties":{"segment_id":"a05975f5baf2397d6cfa3250","source_kmz":"missouri","orientation":"unverified"}},{"type":"Feature","geometry":{"type":"LineString","coordinates":[[-92.41897008134781,37.9275221548411],[-92.4274280032597,37.9237517767803],[-92.4330321347521,37.9148084274039],[-92.44413874921341,37.9132570097863]]},"properties":{"segment_id":"3d446eeddb19e4a6a2c73625","source_kmz":"missouri","orientation":"unverified"}},{"type":"Feature","geometry":{"type":"LineString","coordinates":[[-92.61847854395013,37.9152570231306],[-92.61718821117731,37.9208458203063],[-92.62472819089153,37.92935697453701],[-92.6354154142638,37.9293836537935],[-92.6434974664802,37.933623196611],[-92.65010135987063,37.9324651221282],[-92.65463151340022,37.9390170093866],[-92.66118729548751,37.9389283235549],[-92.6608241073488,37.94695323111]]},"properties":{"segment_id":"10550c875c4bfda5209fbbbc","source_kmz":"missouri","orientation":"unverified"}},{"type":"Feature","geometry":{"type":"LineString","coordinates":[[-92.718231169917,37.9123508675235],[-92.7249863602949,37.9154780505303],[-92.7236565841456,37.922137983698],[-92.7339274253966,37.9237518542783],[-92.73202802973151,37.9277184263775],[-92.7375259785767,37.9281330472393],[-92.7536466967335,37.9457024476042]]},"properties":{"segment_id":"56b2e0db793727e2c33567fe","source_kmz":"missouri","orientation":"unverified"}},{"type":"Feature","geometry":{"type":"LineString","coordinates":[[-92.41444898509361,37.8928364676728],[-92.4173906300075,37.8961369869469],[-92.4262873369736,37.897468851652],[-92.42977578025632,37.9037314176822],[-92.44413874921341,37.9132570097863]]},"properties":{"segment_id":"012a019a103d0df408a8e36c","source_kmz":"missouri","orientation":"unverified"}},{"type":"Feature","geometry":{"type":"LineString","coordinates":[[-92.5904978211606,37.8941243822621],[-92.58919338090622,37.8999803968575],[-92.5773631279295,37.9098275507811],[-92.5694079403525,37.9104080912898],[-92.5640572871246,37.9142754075811],[-92.55627625093561,37.9111102534302],[-92.5518327204512,37.9176809988833],[-92.5443585515605,37.9153272595201],[-92.5329772887601,37.9227724479729]]},"properties":{"segment_id":"23f8d9ab59cac7ccb479c852","source_kmz":"missouri","orientation":"unverified"}},{"type":"Feature","geometry":{"type":"LineString","coordinates":[[-92.5518927641179,37.8868810587814],[-92.543564173551,37.8954845710432],[-92.5362484391922,37.8971523696188],[-92.537349184267,37.9030760786156],[-92.53151488229712,37.90987457132151],[-92.5329772887601,37.9227724479729]]},"properties":{"segment_id":"691fc2a0cc839a621f8f4b4c","source_kmz":"missouri","orientation":"unverified"}},{"type":"Feature","geometry":{"type":"LineString","coordinates":[[-92.6428844462479,37.88646816044681],[-92.65262247934682,37.8920918764601],[-92.6527726194474,37.8963812763527],[-92.6637267534786,37.8980198971283]]},"properties":{"segment_id":"e7f29d2fd57dc4fd160bf481","source_kmz":"missouri","orientation":"unverified"}},{"type":"Feature","geometry":{"type":"LineString","coordinates":[[-92.52090349028451,37.8790388486092],[-92.5157199786205,37.8866586657857],[-92.5144760787964,37.8984083589441],[-92.5006866561666,37.9130137106941],[-92.4865851938881,37.91957328032351]]},"properties":{"segment_id":"922786edc5b9836f21528e61","source_kmz":"missouri","orientation":"unverified"}},{"type":"Feature","geometry":{"type":"LineString","coordinates":[[-92.7381704703697,37.8823527440831],[-92.7545753559733,37.8932344971845],[-92.7669666936772,37.8935628761809],[-92.7688938020262,37.920395689075]]},"properties":{"segment_id":"16d208c328dc54707ba452a6","source_kmz":"missouri","orientation":"unverified"}},{"type":"Feature","geometry":{"type":"LineString","coordinates":[[-92.463656806092,37.8728421102615],[-92.4724109842246,37.8771129049532],[-92.47786502249981,37.8855735499733]]},"properties":{"segment_id":"9bb4b6a32beb441d8f856e78","source_kmz":"missouri","orientation":"unverified"}},{"type":"Feature","geometry":{"type":"LineString","coordinates":[[-92.56327554916781,37.8644352394662],[-92.55647682585101,37.8698684816592],[-92.5586110745381,37.8758211148051],[-92.5529681963177,37.8786083206002],[-92.5518927641179,37.8868810587814]]},"properties":{"segment_id":"f7e63ca0e40832a94bdf4c6d","source_kmz":"missouri","orientation":"unverified"}},{"type":"Feature","geometry":{"type":"LineString","coordinates":[[-92.5793961501851,37.8659589869976],[-92.5692237120702,37.8624596865316],[-92.56327554916781,37.8644352394662]]},"properties":{"segment_id":"fd1544e15167366c9411a37d","source_kmz":"missouri","orientation":"unverified"}},{"type":"Feature","geometry":{"type":"LineString","coordinates":[[-92.45437233986232,37.8581090268633],[-92.46033361304592,37.8631032325047],[-92.463656806092,37.8728421102615]]},"properties":{"segment_id":"6b526c56e339f1bdea0e9dca","source_kmz":"missouri","orientation":"unverified"}},{"type":"Feature","geometry":{"type":"LineString","coordinates":[[-92.54738069462431,37.8580945553976],[-92.5499578735788,37.8619171598251],[-92.54107481603431,37.8750581409781],[-92.5382343186524,37.8768526036293],[-92.5331733204901,37.8745663759179],[-92.52090349028451,37.8790388486092]]},"properties":{"segment_id":"503b764082afdef3bc2e3f89","source_kmz":"missouri","orientation":"unverified"}},{"type":"Feature","geometry":{"type":"LineString","coordinates":[[-92.574561270188,37.8513601634685],[-92.56603210091082,37.857013201627],[-92.56327554916781,37.8644352394662]]},"properties":{"segment_id":"e47bcdd19a96b8f545c5ced4","source_kmz":"missouri","orientation":"unverified"}},{"type":"Feature","geometry":{"type":"LineString","coordinates":[[-92.5551289485587,37.8470639047513],[-92.55597377354032,37.8511053662059],[-92.54738069462431,37.8580945553976]]},"properties":{"segment_id":"1c98efbd598167fe64a79128","source_kmz":"missouri","orientation":"unverified"}},{"type":"Feature","geometry":{"type":"LineString","coordinates":[[-92.4708993647292,37.8438557630235],[-92.47752301468422,37.8494039818305],[-92.4767703049518,37.8651854415956],[-92.4873342161323,37.8748643181872],[-92.4871433466568,37.8788765545091],[-92.47786502249981,37.8855735499733]]},"properties":{"segment_id":"188b0397e88afca288e41dcc","source_kmz":"missouri","orientation":"unverified"}},{"type":"Feature","geometry":{"type":"LineString","coordinates":[[-92.7029236186602,37.8460537434097],[-92.6988171413886,37.8531741950782],[-92.7010698995993,37.8567168107223],[-92.6838885036604,37.8634830365925],[-92.68142753886062,37.8722545747422]]},"properties":{"segment_id":"789a04711dc96841db1019a2","source_kmz":"missouri","orientation":"unverified"}},{"type":"Feature","geometry":{"type":"LineString","coordinates":[[-92.7260530124873,37.8370341191654],[-92.7220914615816,37.8487122207062],[-92.7160176867568,37.8536377897011],[-92.7083898197925,37.8547716357383],[-92.7120311306515,37.8580836112567],[-92.69787522760411,37.8665401277378],[-92.695571432036,37.8718343952242],[-92.68882147747681,37.8687055629571],[-92.68408421572641,37.8744693240054]]},"properties":{"segment_id":"9ca507ae4e2c086096ef6179","source_kmz":"missouri","orientation":"unverified"}},{"type":"Feature","geometry":{"type":"LineString","coordinates":[[-92.6702257664728,37.79213590459861],[-92.67079917612371,37.8023292319608],[-92.6627717511737,37.8047883909967],[-92.66149877696812,37.8101102697426],[-92.6523660590762,37.8141455529773],[-92.6553030783718,37.8177078913866],[-92.6480339644274,37.8185798937399],[-92.64033905016342,37.8288139910824],[-92.6371983902755,37.8372982739768],[-92.6403335701221,37.8440804186446]]},"properties":{"segment_id":"10939e6201819714556f7720","source_kmz":"missouri","orientation":"unverified"}},{"type":"Feature","geometry":{"type":"LineString","coordinates":[[-92.6425768834452,37.7568274067176],[-92.63316702487542,37.7595143222688],[-92.6273650502186,37.766050075928]]},"properties":{"segment_id":"7eda49f0b2b57cd7d3019f48","source_kmz":"missouri","orientation":"unverified"}},{"type":"Feature","geometry":{"type":"LineString","coordinates":[[-92.6241926311345,37.7375711834651],[-92.6219730822884,37.7409916778811],[-92.62510278681711,37.7477743523909],[-92.62039274906681,37.7530007818264],[-92.6273650502186,37.766050075928]]},"properties":{"segment_id":"195cca6a034f548dd2f373c8","source_kmz":"missouri","orientation":"unverified"}},{"type":"Feature","geometry":{"type":"LineString","coordinates":[[-92.73186355806013,37.71345265401721],[-92.73220775228981,37.7212290251946],[-92.7241911523463,37.73145941448501],[-92.71826952528012,37.7331750477197],[-92.71558035971681,37.7395306517819],[-92.7009752375126,37.7431540085568]]},"properties":{"segment_id":"0e317d12190e24ea34deadbf","source_kmz":"missouri","orientation":"unverified"}},{"type":"Feature","geometry":{"type":"LineString","coordinates":[[-92.72189520356652,37.6823840478839],[-92.71751567778621,37.6881585683045],[-92.70031778520202,37.6884977149021]]},"properties":{"segment_id":"e9e377bd316382e54d91ef78","source_kmz":"missouri","orientation":"unverified"}},{"type":"Feature","geometry":{"type":"LineString","coordinates":[[-92.65196510853022,37.6786081463054],[-92.65471543882211,37.6861832629983],[-92.6515022406214,37.7040404397206],[-92.6241926311345,37.7375711834651]]},"properties":{"segment_id":"c92dcdff20ebcf3ae4f6137a","source_kmz":"missouri","orientation":"unverified"}},{"type":"Feature","geometry":{"type":"LineString","coordinates":[[-92.6749042903414,37.6728079979312],[-92.6812206855055,37.6775334705346],[-92.68101684479952,37.6820812000866],[-92.6908982919908,37.6839569295187],[-92.68657611940482,37.6883927668636],[-92.6925752266701,37.6925732754182]]},"properties":{"segment_id":"57aa529b10ff207b44ace0d4","source_kmz":"missouri","orientation":"unverified"}},{"type":"Feature","geometry":{"type":"LineString","coordinates":[[-92.7158851649912,37.6629379761279],[-92.706737864479,37.6677800128349],[-92.7099792057896,37.6721529782458],[-92.7076347429037,37.6785177644296]]},"properties":{"segment_id":"f5ddfa32d8153fb25bf24116","source_kmz":"missouri","orientation":"unverified"}},{"type":"Feature","geometry":{"type":"LineString","coordinates":[[-92.7106104336026,37.6502072704137],[-92.70050409901322,37.6611832348726],[-92.7000988500065,37.6702787898172],[-92.69342355252572,37.6735797491084]]},"properties":{"segment_id":"e2568aa99f5cb0c8972f0b03","source_kmz":"missouri","orientation":"unverified"}},{"type":"Feature","geometry":{"type":"LineString","coordinates":[[-92.6767100915475,37.6249134391418],[-92.69461452975591,37.6545954360001],[-92.69072106691831,37.6571681463402],[-92.6962434987233,37.664281857951],[-92.6904904142872,37.6700182107422],[-92.69342355252572,37.6735797491084]]},"properties":{"segment_id":"24eca7ed8674068e02f45dda","source_kmz":"missouri","orientation":"unverified"}},{"type":"Feature","geometry":{"type":"LineString","coordinates":[[-92.7056982631233,37.613916016026],[-92.7130617478052,37.6336673876187],[-92.7106104336026,37.6502072704137]]},"properties":{"segment_id":"5d4829bbd114ae381f2f3d48","source_kmz":"missouri","orientation":"unverified"}},{"type":"Feature","geometry":{"type":"LineString","coordinates":[[-93.0,38.06509339985928],[-92.9867127037425,38.0649424280542],[-92.9698133607618,38.0559562622002]]},"properties":{"segment_id":"df6ad9268e2392cf94b5f052","source_kmz":"missouri","orientation":"unverified"}},{"type":"Feature","geometry":{"type":"LineString","coordinates":[[-92.9626415654727,38.0121280579337],[-92.9618667631598,38.0225528718825],[-92.98215145562162,38.032962822254],[-92.98419339033411,38.0421180844897]]},"properties":{"segment_id":"a80343c85d5bf47065c1b265","source_kmz":"missouri","orientation":"unverified"}},{"type":"Feature","geometry":{"type":"LineString","coordinates":[[-92.9707056637999,37.967070293605],[-92.98023324675022,37.970251553668],[-92.9988520312051,37.9704418137754],[-93.0,37.97015137348758]]},"properties":{"segment_id":"8a4ae8381f1924b59c060a30","source_kmz":"missouri","orientation":"unverified"}},{"type":"Feature","geometry":{"type":"LineString","coordinates":[[-92.8999477809156,37.9189678496175],[-92.8837241929362,37.927660903186],[-92.8771971036172,37.9352608140593]]},"properties":{"segment_id":"51b093eb1cc65d4d7876b5a5","source_kmz":"missouri","orientation":"unverified"}},{"type":"Feature","geometry":{"type":"LineString","coordinates":[[-92.9246103579571,37.89789849512211],[-92.91070909343861,37.8924596673271],[-92.8862756050345,37.8998739437136]]},"properties":{"segment_id":"e6d20f90b22b36298dc9829b","source_kmz":"missouri","orientation":"unverified"}},{"type":"Feature","geometry":{"type":"LineString","coordinates":[[-92.83126591029371,37.8888191192034],[-92.8548808859669,37.9006771178656],[-92.8593589568159,37.9088265492856]]},"properties":{"segment_id":"eae2d4bb6e4fb0eb8e88d357","source_kmz":"missouri","orientation":"unverified"}},{"type":"Feature","geometry":{"type":"LineString","coordinates":[[-92.8070801917656,37.89033222955411],[-92.8159716134156,37.8919032471611],[-92.83126591029371,37.8888191192034]]},"properties":{"segment_id":"7bbb2fd4ddb37fba6fff3e95","source_kmz":"missouri","orientation":"unverified"}},{"type":"Feature","geometry":{"type":"LineString","coordinates":[[-92.8651797518918,37.8610378473357],[-92.87319520824441,37.8588329390834],[-92.8754338621339,37.8629073731761]]},"properties":{"segment_id":"982d6fa212bdfa3bd3e912d3","source_kmz":"missouri","orientation":"unverified"}},{"type":"Feature","geometry":{"type":"LineString","coordinates":[[-92.7624133322434,37.8559474466897],[-92.7695023327016,37.8671157562822],[-92.7796440604379,37.8636339948339],[-92.820542623903,37.8657763602531],[-92.8218486306201,37.8754516886399],[-92.83126591029371,37.8888191192034]]},"properties":{"segment_id":"b6e5689ae3030a0fa6132d24","source_kmz":"missouri","orientation":"unverified"}},{"type":"Feature","geometry":{"type":"LineString","coordinates":[[-92.99489162957221,37.8559951253731],[-93.0,37.85557068108128]]},"properties":{"segment_id":"695cdf03c5ccc4b72d0afd40","source_kmz":"missouri","orientation":"unverified"}},{"type":"Feature","geometry":{"type":"LineString","coordinates":[[-92.84208083811,37.8534798377013],[-92.85336325802551,37.8473434350392],[-92.8588672780392,37.8474850882702]]},"properties":{"segment_id":"171d5d81b1bf1d47ff7ebd20","source_kmz":"missouri","orientation":"unverified"}},{"type":"Feature","geometry":{"type":"LineString","coordinates":[[-92.83031607434252,37.8306786157912],[-92.8387424361769,37.8349142548676],[-92.84060018836901,37.8397830003157]]},"properties":{"segment_id":"dcc1e8fb3e83b14eb6ce2493","source_kmz":"missouri","orientation":"unverified"}},{"type":"Feature","geometry":{"type":"LineString","coordinates":[[-92.8243544745095,37.8332019159561],[-92.82876818231402,37.8346556823769],[-92.83031607434252,37.8306786157912]]},"properties":{"segment_id":"f33248ae9f3b06228daa59a7","source_kmz":"missouri","orientation":"unverified"}},{"type":"Feature","geometry":{"type":"LineString","coordinates":[[-92.80161232880161,37.8256451579934],[-92.81399254432802,37.8259687751764],[-92.81857837373211,37.82341014855],[-92.83031607434252,37.8306786157912]]},"properties":{"segment_id":"ab27ceba0b6f8231f86321f3","source_kmz":"missouri","orientation":"unverified"}},{"type":"Feature","geometry":{"type":"LineString","coordinates":[[-92.7690971643718,37.8055059515679],[-92.7752568070729,37.79843757502811],[-92.777843678834,37.8022554093755],[-92.78410159083542,37.8008134838585],[-92.7856343557015,37.8051390100227],[-92.7944570717502,37.8080491971815]]},"properties":{"segment_id":"924a72676bdf6c4c09a813f2","source_kmz":"missouri","orientation":"unverified"}},{"type":"Feature","geometry":{"type":"LineString","coordinates":[[-92.7944570717502,37.8080491971815],[-92.8005877810612,37.8095491117128],[-92.8036622443924,37.8021306648122],[-92.814275559354,37.7954447666546]]},"properties":{"segment_id":"d0957734422ca810cef351d2","source_kmz":"missouri","orientation":"unverified"}},{"type":"Feature","geometry":{"type":"LineString","coordinates":[[-93.0,37.812477857666515],[-92.9989955118455,37.8143190511746],[-92.9913434032302,37.8162731663876],[-92.9836635460578,37.8273314271775],[-93.0,37.841299154223904]]},"properties":{"segment_id":"7d86d15b73e25249fb742884","source_kmz":"missouri","orientation":"unverified"}},{"type":"Feature","geometry":{"type":"LineString","coordinates":[[-92.8984459267551,37.790649227151],[-92.89460399690691,37.8001927989057],[-92.87092506934422,37.8148535698029],[-92.86830274052603,37.8198748026996],[-92.8730151213749,37.822405884452]]},"properties":{"segment_id":"17c77b2e09c90ac4caf7c053","source_kmz":"missouri","orientation":"unverified"}},{"type":"Feature","geometry":{"type":"LineString","coordinates":[[-92.950396068661,37.7908869409308],[-92.93242096573812,37.80114890064251],[-92.91343544294682,37.8354856162457]]},"properties":{"segment_id":"e1c535c12f8f063b33a4dbe7","source_kmz":"missouri","orientation":"unverified"}},{"type":"Feature","geometry":{"type":"LineString","coordinates":[[-92.7885736714829,37.7770949732314],[-92.79452774828292,37.782607966394],[-92.8071289089338,37.7856164883499],[-92.8161210645132,37.7925468962449],[-92.814275559354,37.7954447666546]]},"properties":{"segment_id":"7ed79eee76454f2f749e343c","source_kmz":"missouri","orientation":"unverified"}},{"type":"Feature","geometry":{"type":"LineString","coordinates":[[-92.7668220734346,37.786698001776],[-92.76869260076701,37.78326581230211],[-92.77381297839611,37.7842047447342],[-92.77570644817142,37.780237413471],[-92.7885736714829,37.7770949732314]]},"properties":{"segment_id":"3c52a1f4856ff654a5f75dbe","source_kmz":"missouri","orientation":"unverified"}},{"type":"Feature","geometry":{"type":"LineString","coordinates":[[-92.7693938900048,37.7672148463998],[-92.7732488611049,37.7734768342469],[-92.77750086633512,37.7706431174861],[-92.7885736714829,37.7770949732314]]},"properties":{"segment_id":"72112ba1e7219c004a9e1718","source_kmz":"missouri","orientation":"unverified"}},{"type":"Feature","geometry":{"type":"LineString","coordinates":[[-92.98068573042241,37.7653949515091],[-92.976244937838,37.7730513827123],[-92.9796865988848,37.7814385929056],[-92.97534323708902,37.7866871506647],[-92.9672179398236,37.7918416592463],[-92.950396068661,37.7908869409308]]},"properties":{"segment_id":"b6c871d6ebc64ed05a4d6e41","source_kmz":"missouri","orientation":"unverified"}},{"type":"Feature","geometry":{"type":"LineString","coordinates":[[-92.81628198177592,37.7408615308784],[-92.8487896301371,37.7446516861976],[-92.8512645474588,37.7511432605545]]},"properties":{"segment_id":"c285949b69da3f278f2556b6","source_kmz":"missouri","orientation":"unverified"}},{"type":"Feature","geometry":{"type":"LineString","coordinates":[[-92.776926481402,37.7127773558199],[-92.79112756003022,37.7182406314137],[-92.80425742571421,37.7167106605729],[-92.80973753989332,37.7251567348295],[-92.81920559708702,37.720851045469],[-92.8232001849307,37.7239012343818],[-92.83522005293081,37.7242137599554],[-92.84322265328171,37.7300454252499],[-92.8460387066562,37.7285113561878],[-92.8576303434933,37.7470222967198]]},"properties":{"segment_id":"3dc451d5f19e499dcf41ec7b","source_kmz":"missouri","orientation":"unverified"}},{"type":"Feature","geometry":{"type":"LineString","coordinates":[[-92.8039319865639,37.7003647263623],[-92.812662303668,37.7051463327561],[-92.8161992194223,37.702828319256],[-92.8166442691489,37.7084642719751],[-92.82946290522091,37.7061200449197],[-92.8327704085018,37.7091520718792],[-92.8384240956464,37.7055492818414],[-92.8443647241105,37.7113274600498]]},"properties":{"segment_id":"7fcb666c5b61b1e3a88371fb","source_kmz":"missouri","orientation":"unverified"}},{"type":"Feature","geometry":{"type":"LineString","coordinates":[[-92.97239590829102,37.7242148474537],[-92.97037515145432,37.714791305449],[-92.9475000368114,37.7110070585739],[-92.94150717345622,37.7063040521333],[-92.9380954590572,37.6973805488516]]},"properties":{"segment_id":"3b10762df4765ab032ba6103","source_kmz":"missouri","orientation":"unverified"}},{"type":"Feature","geometry":{"type":"LineString","coordinates":[[-92.76897998343513,37.6900693109568],[-92.7813257629881,37.69066376863],[-92.7955692450814,37.6950564670904],[-92.7997428577042,37.7018617921058],[-92.8039319865639,37.7003647263623]]},"properties":{"segment_id":"e6e5a9d64c1fde505196681f","source_kmz":"missouri","orientation":"unverified"}},{"type":"Feature","geometry":{"type":"LineString","coordinates":[[-92.8100039447444,37.6790976065486],[-92.8100936147158,37.6849921572458],[-92.81576956985552,37.680855344634],[-92.8179536961459,37.6860010941816],[-92.83039080928711,37.6844503742109]]},"properties":{"segment_id":"75d10c2c85bb0f6c188afc52","source_kmz":"missouri","orientation":"unverified"}},{"type":"Feature","geometry":{"type":"LineString","coordinates":[[-92.7712796159641,37.6767386943143],[-92.7875277472468,37.6902917209736],[-92.7944856905115,37.6883322713443],[-92.79773311087611,37.6927028795066],[-92.8008572752792,37.6919814294566],[-92.79964242604402,37.6962347819487],[-92.8050658384026,37.6979840057894],[-92.8039319865639,37.7003647263623]]},"properties":{"segment_id":"532923c39c2e540c06001164","source_kmz":"missouri","orientation":"unverified"}},{"type":"Feature","geometry":{"type":"LineString","coordinates":[[-92.9852822058264,37.6610629591968],[-92.98255844957863,37.6773320963822],[-92.9872823542288,37.6878935933331]]},"properties":{"segment_id":"653bfb934f335e572cee0189","source_kmz":"missouri","orientation":"unverified"}},{"type":"Feature","geometry":{"type":"LineString","coordinates":[[-92.9425419533048,37.6396438760965],[-92.93614584773772,37.6448395352342],[-92.9368542667104,37.6526240701006]]},"properties":{"segment_id":"906c756846201e992b9c96ac","source_kmz":"missouri","orientation":"unverified"}},{"type":"Feature","geometry":{"type":"LineString","coordinates":[[-92.7835858888644,37.6307291958714],[-92.78681349081532,37.64340252745591],[-92.8003043026825,37.6491142535376],[-92.8018348754683,37.6534397289917],[-92.8090859698085,37.6525585423976],[-92.81377417870321,37.6553595335158]]},"properties":{"segment_id":"5ecaa4595db9ccfae467fb6f","source_kmz":"missouri","orientation":"unverified"}},{"type":"Feature","geometry":{"type":"LineString","coordinates":[[-92.84897106198981,37.6273496501872],[-92.8493043899813,37.6356609166708],[-92.85741462094032,37.6468512911483],[-92.8520866845272,37.6509989430214],[-92.853849797359,37.6580079417005],[-92.84511225254592,37.6615315660164],[-92.8914876928494,37.6696868435228],[-92.8978400347196,37.6738660168783],[-92.89318763265632,37.6783004417285],[-92.8956754403247,37.6845236831717],[-92.8881127287334,37.6845986521191]]},"properties":{"segment_id":"ebf2dc00cac9b596cbd6f50e","source_kmz":"missouri","orientation":"unverified"}},{"type":"Feature","geometry":{"type":"LineString","coordinates":[[-92.8256830520306,37.6259414003921],[-92.81274934364102,37.6392629559157],[-92.8165208478604,37.6473964670041],[-92.81377417870321,37.6553595335158]]},"properties":{"segment_id":"b4a0dc56e6b13c15d02a9a6d","source_kmz":"missouri","orientation":"unverified"}},{"type":"Feature","geometry":{"type":"LineString","coordinates":[[-92.8822351297184,37.6201709999823],[-92.8907140920566,37.6308329104896],[-92.8993674881509,37.6291787543699],[-92.9074734001163,37.6406333515606],[-92.92254534437582,37.6415506977723],[-92.9321615825562,37.649827813755]]},"properties":{"segment_id":"33c921e1d4d78c557fc1a366","source_kmz":"missouri","orientation":"unverified"}},{"type":"Feature","geometry":{"type":"LineString","coordinates":[[-92.7653364066685,37.6082833228222],[-92.7669502559546,37.6185039655323],[-92.7745179856694,37.6181689841061],[-92.7835858888644,37.6307291958714]]},"properties":{"segment_id":"1a4da016e118941054fcb0f3","source_kmz":"missouri","orientation":"unverified"}},{"type":"Feature","geometry":{"type":"LineString","coordinates":[[-92.7860653418734,37.5973153513527],[-92.7878441240597,37.6037903440987],[-92.7948360350301,37.6087956299958],[-92.78993134955381,37.6110769264386],[-92.79399555722591,37.6202903467473],[-92.7866430366411,37.6235783917936],[-92.7835858888644,37.6307291958714]]},"properties":{"segment_id":"c5ee83167abf00690ca05b91","source_kmz":"missouri","orientation":"unverified"}},{"type":"Feature","geometry":{"type":"LineString","coordinates":[[-92.90137360399001,37.5976266203817],[-92.9203286938975,37.6039997032664],[-92.9323177489141,37.6211750861483],[-92.92939670530042,37.6253865952089],[-92.9333574642086,37.6292358686875],[-92.9287321675304,37.6331366189216],[-92.93391044346382,37.6407660138724],[-92.9321615825562,37.649827813755]]},"properties":{"segment_id":"d322427c92074ad2c53edef5","source_kmz":"missouri","orientation":"unverified"}},{"type":"Feature","geometry":{"type":"LineString","coordinates":[[-92.802574240707,37.5806086617854],[-92.8162271671908,37.5823057413082],[-92.83126302661321,37.5918044119689],[-92.8584588491192,37.5898310158975]]},"properties":{"segment_id":"7a95438375ed50cc9eda2d12","source_kmz":"missouri","orientation":"unverified"}},{"type":"Feature","geometry":{"type":"LineString","coordinates":[[-92.8584588491192,37.5898310158975],[-92.8780327649936,37.5895311265953],[-92.8885356174221,37.5764086934774]]},"properties":{"segment_id":"2823f5b46e062a24a1c0f01d","source_kmz":"missouri","orientation":"unverified"}},{"type":"Feature","geometry":{"type":"LineString","coordinates":[[-92.81989872651631,37.5607071500255],[-92.83280590922381,37.5637221413051],[-92.8355476090155,37.5718284656767],[-92.83246302344801,37.5797832013409],[-92.84072341696961,37.5791944072771],[-92.84533988816901,37.5835994521016],[-92.8495441517732,37.58156570168371],[-92.8584588491192,37.5898310158975]]},"properties":{"segment_id":"fafdd2a92e005a773bc68bbb","source_kmz":"missouri","orientation":"unverified"}},{"type":"Feature","geometry":{"type":"LineString","coordinates":[[-92.85835733950451,37.5598313870196],[-92.85849603745413,37.5646559326799],[-92.8738651874766,37.5744257729925],[-92.8809501614518,37.5772858413809],[-92.8885356174221,37.5764086934774]]},"properties":{"segment_id":"972f1f2556006c2cdf8ce404","source_kmz":"missouri","orientation":"unverified"}},{"type":"Feature","geometry":{"type":"LineString","coordinates":[[-92.91052463903522,37.5509897062628],[-92.90919575553632,37.5581872895627],[-92.9179141557784,37.5712640766864]]},"properties":{"segment_id":"4014f6cf2e25882933dca31e","source_kmz":"missouri","orientation":"unverified"}},{"type":"Feature","geometry":{"type":"LineString","coordinates":[[-92.98681372056511,37.5389763329431],[-92.99425309821952,37.5415707678334],[-92.99913237626672,37.54811890586371]]},"properties":{"segment_id":"9a28bfbd125bea76aba2b8a3","source_kmz":"missouri","orientation":"unverified"}},{"type":"Feature","geometry":{"type":"LineString","coordinates":[[-92.8496455018631,37.5226450710169],[-92.8631644378795,37.527279862961],[-92.8727662618602,37.5272592990559],[-92.8794478998518,37.5314483980505]]},"properties":{"segment_id":"408c120f2d74647d2b6fc482","source_kmz":"missouri","orientation":"unverified"}},{"type":"Feature","geometry":{"type":"LineString","coordinates":[[-92.8794478998518,37.5314483980505],[-92.8909871673822,37.5261194561879],[-92.89758871634861,37.5158426281255]]},"properties":{"segment_id":"3f9f84515f4317a250ad56a5","source_kmz":"missouri","orientation":"unverified"}},{"type":"Feature","geometry":{"type":"LineString","coordinates":[[-92.89758871634861,37.5158426281255],[-92.9282903147142,37.5112654494011],[-92.92953903720472,37.5059404079645]]},"properties":{"segment_id":"c87abbe6431ef0543c98c641","source_kmz":"missouri","orientation":"unverified"}},{"type":"Feature","geometry":{"type":"LineString","coordinates":[[-93.0,37.52622032098191],[-92.9995796964458,37.5285790537987]]},"properties":{"segment_id":"9fa8a0f1e4c1200ea3a2f08e","source_kmz":"missouri","orientation":"unverified"}},{"type":"Feature","geometry":{"type":"LineString","coordinates":[[-92.9027367556073,37.4910654972339],[-92.90357412473911,37.4956399835289],[-92.8974741863788,37.50218027981991],[-92.8994168737489,37.5049081598508],[-92.91038547678431,37.50491954775221],[-92.912284190543,37.5087174111216],[-92.92953903720472,37.5059404079645]]},"properties":{"segment_id":"b842a928d21ccbf9af0b8734","source_kmz":"missouri","orientation":"unverified"}},{"type":"Feature","geometry":{"type":"LineString","coordinates":[[-92.8701117761106,37.4926403847051],[-92.87443855262902,37.4956978960191],[-92.8887734860703,37.49713693851451],[-92.88962640054642,37.4931412572159],[-92.9027367556073,37.4910654972339]]},"properties":{"segment_id":"370ec3d64abca2dcfb94a579","source_kmz":"missouri","orientation":"unverified"}},{"type":"Feature","geometry":{"type":"LineString","coordinates":[[-93.0,37.49261413549709],[-92.99442606252302,37.4949739480244],[-92.98117037262192,37.5091080485896]]},"properties":{"segment_id":"99408ac69050cf314dcf7475","source_kmz":"missouri","orientation":"unverified"}},{"type":"Feature","geometry":{"type":"LineString","coordinates":[[-92.854447180074,37.4659879051969],[-92.876321258923,37.4753907704949],[-92.8964041409392,37.478583622384],[-92.9021004311049,37.48167511761231],[-92.9027367556073,37.4910654972339]]},"properties":{"segment_id":"c9c9a4d36ed966b13daacc8d","source_kmz":"missouri","orientation":"unverified"}},{"type":"Feature","geometry":{"type":"LineString","coordinates":[[-92.9995692680312,37.4525167379119],[-92.9903301746581,37.4522882274416],[-92.972252979649,37.4588026552145],[-92.958427118219,37.4785445803319]]},"properties":{"segment_id":"060fabeaa4ce16bd41b9bc47","source_kmz":"missouri","orientation":"unverified"}},{"type":"Feature","geometry":{"type":"LineString","coordinates":[[-92.9825037149865,37.434149522175],[-92.9679389172269,37.4386077993041],[-92.96167424268522,37.4494323571875],[-92.9432530324532,37.45593392002681],[-92.9422271903455,37.46421089369811]]},"properties":{"segment_id":"c96d23fdf4154ff72504ef94","source_kmz":"missouri","orientation":"unverified"}},{"type":"Feature","geometry":{"type":"LineString","coordinates":[[-92.86388902134581,37.4290021771779],[-92.8728658429691,37.4353939650772],[-92.8840765154176,37.4375569342084],[-92.89970589125952,37.4323322490865]]},"properties":{"segment_id":"65e9598d40313181ede86f80","source_kmz":"missouri","orientation":"unverified"}},{"type":"Feature","geometry":{"type":"LineString","coordinates":[[-93.0,37.41294699023636],[-92.9871297340103,37.42140848886531],[-92.9825037149865,37.434149522175]]},"properties":{"segment_id":"43168b60a7bc88d10f43f8c3","source_kmz":"missouri","orientation":"unverified"}},{"type":"Feature","geometry":{"type":"LineString","coordinates":[[-92.9366506438187,37.3751489646465],[-92.9400919641166,37.3913060934072],[-92.93646347156542,37.396303501949]]},"properties":{"segment_id":"a7364e79bd802d924f9bf763","source_kmz":"missouri","orientation":"unverified"}},{"type":"Feature","geometry":{"type":"LineString","coordinates":[[-92.9671463757711,37.365737020883],[-92.96430930409412,37.3849503605196],[-92.9584233868141,37.3949808020766]]},"properties":{"segment_id":"3ca63f102096da98c4f2ca3d","source_kmz":"missouri","orientation":"unverified"}},{"type":"Feature","geometry":{"type":"LineString","coordinates":[[-92.9130364876394,37.3587479277331],[-92.91781703271002,37.3754756646124],[-92.9300890761448,37.3848932475454],[-92.93646347156542,37.396303501949]]},"properties":{"segment_id":"45b754c93b208629b3561454","source_kmz":"missouri","orientation":"unverified"}},{"type":"Feature","geometry":{"type":"LineString","coordinates":[[-92.8766112591813,37.3462983420965],[-92.86503802362891,37.3693025973235],[-92.87277973415551,37.3804840063261],[-92.87376462829882,37.3896160932525]]},"properties":{"segment_id":"e9add8d5f7641fb9d622c527","source_kmz":"missouri","orientation":"unverified"}},{"type":"Feature","geometry":{"type":"LineString","coordinates":[[-91.981321459938,38.517216351785],[-91.99743106987091,38.515061673766],[-92.01090382738951,38.5229992621187]]},"properties":{"segment_id":"bac1d60aa05769561f2ac4d2","source_kmz":"missouri","orientation":"unverified"}},{"type":"Feature","geometry":{"type":"LineString","coordinates":[[-92.0533448894378,38.5096319716624],[-92.0226074193798,38.5059649749677],[-92.0170098534276,38.5130170837108]]},"properties":{"segment_id":"51c9baf2f51b1d463fa57c0a","source_kmz":"missouri","orientation":"unverified"}},{"type":"Feature","geometry":{"type":"LineString","coordinates":[[-92.035490452583,38.4927180697467],[-92.029563833143,38.4930630013663],[-92.0266302287236,38.4894859452949],[-92.010541674037,38.4913770237143]]},"properties":{"segment_id":"9bfc7e9941d32da78671931b","source_kmz":"missouri","orientation":"unverified"}},{"type":"Feature","geometry":{"type":"LineString","coordinates":[[-91.9258850907666,38.4701219521621],[-91.95935516254892,38.4806006749577],[-91.97114813536894,38.480986914151],[-91.9737672658601,38.4775899698254]]},"properties":{"segment_id":"8a1b7f4dfd839222ed70a971","source_kmz":"missouri","orientation":"unverified"}},{"type":"Feature","geometry":{"type":"LineString","coordinates":[[-92.19297832677451,38.4647370552085],[-92.1703827006158,38.458411383574],[-92.16724465996602,38.4652783258956]]},"properties":{"segment_id":"9755f0342f7c1f7436cbe178","source_kmz":"missouri","orientation":"unverified"}},{"type":"Feature","geometry":{"type":"LineString","coordinates":[[-91.9160850412772,38.4464903630546],[-91.9266240747298,38.4505899982188],[-91.9531658803253,38.4479825067535],[-91.96796429159672,38.4567725753247]]},"properties":{"segment_id":"4cf0a5472cb471cc746f2237","source_kmz":"missouri","orientation":"unverified"}},{"type":"Feature","geometry":{"type":"LineString","coordinates":[[-92.0476872996039,38.4470343071186],[-92.05024534574011,38.457563748508],[-92.04120071874071,38.4642382805829],[-92.0433826296071,38.4688623835573]]},"properties":{"segment_id":"950d5b585b17567e55780687","source_kmz":"missouri","orientation":"unverified"}},{"type":"Feature","geometry":{"type":"LineString","coordinates":[[-92.0836950888168,38.4361302745215],[-92.0762206812418,38.4525007407438],[-92.0679587106784,38.45759479967281],[-92.06940549841971,38.46299855998421],[-92.0647536352754,38.4655288110787],[-92.06602590397851,38.4677124869361]]},"properties":{"segment_id":"6c9d036ca9cabb0f7b3dec9e","source_kmz":"missouri","orientation":"unverified"}},{"type":"Feature","geometry":{"type":"LineString","coordinates":[[-92.17550979670192,38.4333912299098],[-92.16327875214691,38.4348857635627],[-92.164052737824,38.4399993725974],[-92.159878458446,38.4401371269732],[-92.1596962324409,38.4436137343078]]},"properties":{"segment_id":"d22dbd8b77844ced4cb03ef0","source_kmz":"missouri","orientation":"unverified"}},{"type":"Feature","geometry":{"type":"LineString","coordinates":[[-91.9482860800041,38.4231758538011],[-91.9614194916121,38.4305726284848],[-91.9667673305115,38.4406599191582],[-91.96687181948941,38.4513789827204]]},"properties":{"segment_id":"16fef69e466fab0484874341","source_kmz":"missouri","orientation":"unverified"}},{"type":"Feature","geometry":{"type":"LineString","coordinates":[[-91.940560795782,38.4122055568115],[-91.9456107390099,38.4150509535155],[-91.9482860800041,38.4231758538011]]},"properties":{"segment_id":"100d1cb2786cb981a22bc964","source_kmz":"missouri","orientation":"unverified"}},{"type":"Feature","geometry":{"type":"LineString","coordinates":[[-92.2431476038493,38.4279735852638],[-92.2408409045449,38.4187959523954],[-92.2331057618407,38.4207023756601]]},"properties":{"segment_id":"b1641d6502528ae3bc470ee9","source_kmz":"missouri","orientation":"unverified"}},{"type":"Feature","geometry":{"type":"LineString","coordinates":[[-91.96332684347703,38.389647763695],[-91.9750083694024,38.3854763191619],[-91.98379516040201,38.389781803952]]},"properties":{"segment_id":"521ee354675590e04a669df3","source_kmz":"missouri","orientation":"unverified"}},{"type":"Feature","geometry":{"type":"LineString","coordinates":[[-92.20386521431722,38.3954285334526],[-92.1964229568052,38.3917164846987],[-92.1905460229911,38.3979634512465]]},"properties":{"segment_id":"7c268c13606f2d55c8c2b84f","source_kmz":"missouri","orientation":"unverified"}},{"type":"Feature","geometry":{"type":"LineString","coordinates":[[-92.2741831295909,38.4048097041969],[-92.27067775534621,38.39184643457521],[-92.2557333349176,38.3854997344732]]},"properties":{"segment_id":"2dd1bf8dcc49800f49eab15f","source_kmz":"missouri","orientation":"unverified"}},{"type":"Feature","geometry":{"type":"LineString","coordinates":[[-92.31401815388891,38.3856524343243],[-92.3090062559683,38.3887164192419],[-92.3105871376048,38.3986743512833]]},"properties":{"segment_id":"398b13c9ef7d36cba4925ae1","source_kmz":"missouri","orientation":"unverified"}},{"type":"Feature","geometry":{"type":"LineString","coordinates":[[-92.3327401882561,38.38594400327501],[-92.3259296869226,38.390294289145],[-92.31401815388891,38.3856524343243]]},"properties":{"segment_id":"d883f7c1fbf723b742b26d57","source_kmz":"missouri","orientation":"unverified"}},{"type":"Feature","geometry":{"type":"LineString","coordinates":[[-92.0906616747952,38.3771509322012],[-92.0777690671985,38.3976350681907],[-92.0607088232575,38.4115556421114],[-92.0425445299738,38.4200809241269],[-92.0339669746369,38.4181975557086],[-92.04043598668402,38.4269780585333],[-92.0383415055145,38.4336077385444],[-92.02475007954011,38.4345090571428],[-92.009183341193,38.42704040616]]},"properties":{"segment_id":"972781fb0aa7fb3af1cd9a67","source_kmz":"missouri","orientation":"unverified"}},{"type":"Feature","geometry":{"type":"LineString","coordinates":[[-92.1810149925969,38.3810603223013],[-92.1801967842063,38.3834457211312],[-92.1707204047776,38.378865267398]]},"properties":{"segment_id":"a2dbbf3f425ba75e81f39b77","source_kmz":"missouri","orientation":"unverified"}},{"type":"Feature","geometry":{"type":"LineString","coordinates":[[-91.9631191075368,38.3682095949137],[-91.9780402828102,38.36816261076031],[-91.9853812465755,38.3734923229484]]},"properties":{"segment_id":"aa7592612b9189846b486cdc","source_kmz":"missouri","orientation":"unverified"}},{"type":"Feature","geometry":{"type":"LineString","coordinates":[[-92.0387348830921,38.3685248841534],[-92.04613827702201,38.3792104806418],[-92.0442622400448,38.38825816897581],[-92.0260568685416,38.4040124543954]]},"properties":{"segment_id":"8b66c0dc07e27d14f1e1ac5e","source_kmz":"missouri","orientation":"unverified"}},{"type":"Feature","geometry":{"type":"LineString","coordinates":[[-91.9952438248362,38.3644377137957],[-91.98671299352111,38.3681779949402],[-91.9857422332999,38.373236214259]]},"properties":{"segment_id":"559869a7c5aabb95a7193057","source_kmz":"missouri","orientation":"unverified"}},{"type":"Feature","geometry":{"type":"LineString","coordinates":[[-92.3024689409839,38.4013770875487],[-92.2926986091552,38.4024224282138],[-92.2839523975147,38.39010518575621],[-92.2871710891532,38.3813631442515],[-92.278917517418,38.3730781340852],[-92.2702170025482,38.3736182287505],[-92.2631199745256,38.3699207112009],[-92.258030382225,38.3812838885054]]},"properties":{"segment_id":"e6e26116d252949fba7cd11c","source_kmz":"missouri","orientation":"unverified"}},{"type":"Feature","geometry":{"type":"LineString","coordinates":[[-92.1156310912941,38.364280277619],[-92.1004406492966,38.3694250192439],[-92.0906616747952,38.3771509322012]]},"properties":{"segment_id":"dae9da0f4a81c883161db16b","source_kmz":"missouri","orientation":"unverified"}},{"type":"Feature","geometry":{"type":"LineString","coordinates":[[-92.3719651630597,38.3715717655515],[-92.34340103110283,38.3739402461593],[-92.3327401882561,38.38594400327501]]},"properties":{"segment_id":"0e33c78f8ee04d170535a40a","source_kmz":"missouri","orientation":"unverified"}},{"type":"Feature","geometry":{"type":"LineString","coordinates":[[-92.17919323425551,38.3560921459458],[-92.18271021837232,38.3618265509302],[-92.1810149925969,38.3810603223013]]},"properties":{"segment_id":"0d5b5591c195e3dfbccab023","source_kmz":"missouri","orientation":"unverified"}},{"type":"Feature","geometry":{"type":"LineString","coordinates":[[-92.07188965979941,38.3519080827654],[-92.0908897731015,38.37287215021281],[-92.0906616747952,38.3771509322012]]},"properties":{"segment_id":"0822442a0c5370c455c7f96d","source_kmz":"missouri","orientation":"unverified"}},{"type":"Feature","geometry":{"type":"LineString","coordinates":[[-92.1920903054111,38.3481882958838],[-92.1975054223123,38.3574632589587],[-92.19674312038131,38.3654756363291],[-92.1810149925969,38.3810603223013]]},"properties":{"segment_id":"0f61a72a0bd58e7e99bfbb71","source_kmz":"missouri","orientation":"unverified"}},{"type":"Feature","geometry":{"type":"LineString","coordinates":[[-92.2905673200088,38.3485194908462],[-92.27923523572301,38.3463021715405],[-92.2723708837366,38.351719282122],[-92.26401914192641,38.3522694343302],[-92.2585383650396,38.3577278410853],[-92.2582245852105,38.3638790304633]]},"properties":{"segment_id":"030992739e7904de0afedf22","source_kmz":"missouri","orientation":"unverified"}},{"type":"Feature","geometry":{"type":"LineString","coordinates":[[-91.9371916011382,38.3352084898889],[-91.94664137324202,38.3336451359176],[-91.9554202962952,38.3379526544488]]},"properties":{"segment_id":"e2ec6cce5f421f9f8f7adf1b","source_kmz":"missouri","orientation":"unverified"}},{"type":"Feature","geometry":{"type":"LineString","coordinates":[[-92.4194668297166,38.35073267089111],[-92.43701595923102,38.3464212177183],[-92.44353435804771,38.3407174523153]]},"properties":{"segment_id":"b9d2d3e6095b5449b4141afb","source_kmz":"missouri","orientation":"unverified"}},{"type":"Feature","geometry":{"type":"LineString","coordinates":[[-92.3665496902112,38.3478414744417],[-92.3547620717185,38.3407964588409],[-92.31999019939491,38.3427071470314],[-92.3165305429735,38.3356394179041],[-92.3084366199306,38.3311110398354]]},"properties":{"segment_id":"5c52ebff8a48ef88d10cc928","source_kmz":"missouri","orientation":"unverified"}},{"type":"Feature","geometry":{"type":"LineString","coordinates":[[-92.4202759793125,38.334150104607],[-92.43231103334361,38.3433385862686],[-92.44353435804771,38.3407174523153]]},"properties":{"segment_id":"4f1811503734b624d972bafd","source_kmz":"missouri","orientation":"unverified"}},{"type":"Feature","geometry":{"type":"LineString","coordinates":[[-92.47347935162271,38.3453295168779],[-92.4698761196871,38.3409407744223],[-92.4538990989824,38.3343208407613]]},"properties":{"segment_id":"50e1147775b5aef528d6883c","source_kmz":"missouri","orientation":"unverified"}},{"type":"Feature","geometry":{"type":"LineString","coordinates":[[-92.0111060806712,38.3215555288814],[-92.0019797673391,38.31724072502471],[-91.99527283264422,38.3194333926111],[-91.9939717873147,38.3242129986412]]},"properties":{"segment_id":"1b62cf3bf6788a1d573b3096","source_kmz":"missouri","orientation":"unverified"}},{"type":"Feature","geometry":{"type":"LineString","coordinates":[[-92.3309157990952,38.3183913766028],[-92.323553119958,38.3200463653114],[-92.3147279492598,38.3163000440951],[-92.30277107556621,38.31969095581271],[-92.3084366199306,38.3311110398354]]},"properties":{"segment_id":"991ab4a944c57b67316d6767","source_kmz":"missouri","orientation":"unverified"}},{"type":"Feature","geometry":{"type":"LineString","coordinates":[[-92.5255033266478,38.3304726708076],[-92.51873115417511,38.3270671534897],[-92.5132523225554,38.31834130700861]]},"properties":{"segment_id":"24c0e1f8ab764a96983e5dc6","source_kmz":"missouri","orientation":"unverified"}},{"type":"Feature","geometry":{"type":"LineString","coordinates":[[-92.576601838921,38.3201216599303],[-92.55829202322342,38.318806968779],[-92.5457228875421,38.32809625282951],[-92.5255033266478,38.3304726708076]]},"properties":{"segment_id":"12b2696633cbe6899f8976df","source_kmz":"missouri","orientation":"unverified"}},{"type":"Feature","geometry":{"type":"LineString","coordinates":[[-92.4928554636885,38.3244569504602],[-92.4898277381196,38.3080326908715],[-92.4863666220868,38.3079338042919]]},"properties":{"segment_id":"dc65f468e104de30c532b54a","source_kmz":"missouri","orientation":"unverified"}},{"type":"Feature","geometry":{"type":"LineString","coordinates":[[-92.5132523225554,38.31834130700861],[-92.5008906223139,38.3086159430197],[-92.4863666220868,38.3079338042919]]},"properties":{"segment_id":"185b567ec78fbbfb4d13b4cf","source_kmz":"missouri","orientation":"unverified"}},{"type":"Feature","geometry":{"type":"LineString","coordinates":[[-92.1055806492165,38.3052977068895],[-92.1167466740379,38.2973468977085],[-92.1483321263024,38.2964658162687]]},"properties":{"segment_id":"282b8fdc1b358361678164bc","source_kmz":"missouri","orientation":"unverified"}},{"type":"Feature","geometry":{"type":"LineString","coordinates":[[-92.05430967884402,38.3047338807547],[-92.0483402244498,38.2997201960186],[-92.0369797090258,38.2982828257413],[-92.0224350216683,38.2916515337784],[-91.9931989585924,38.2939163338328]]},"properties":{"segment_id":"d51a7c7820216b4332da3098","source_kmz":"missouri","orientation":"unverified"}},{"type":"Feature","geometry":{"type":"LineString","coordinates":[[-92.2986984803403,38.2973365019449],[-92.29258628933032,38.3017058018987],[-92.2917808943523,38.3107885755406]]},"properties":{"segment_id":"ee936cec6128256268bea8b7","source_kmz":"missouri","orientation":"unverified"}},{"type":"Feature","geometry":{"type":"LineString","coordinates":[[-92.4538990989824,38.3343208407613],[-92.4542738955556,38.326564369913],[-92.4489418665231,38.3221250790188],[-92.44710131756041,38.3100191855425],[-92.4499639347774,38.3009953998886]]},"properties":{"segment_id":"6911bbeef4b425a2747a017c","source_kmz":"missouri","orientation":"unverified"}},{"type":"Feature","geometry":{"type":"LineString","coordinates":[[-92.26065151175371,38.2822560642372],[-92.25205757083151,38.3012801141743],[-92.2577086085682,38.3060059167656]]},"properties":{"segment_id":"7576ae387285d1cfb345903e","source_kmz":"missouri","orientation":"unverified"}},{"type":"Feature","geometry":{"type":"LineString","coordinates":[[-92.08549520440602,38.2789432649984],[-92.094304173241,38.2827060324945],[-92.1150542085403,38.2769348849236]]},"properties":{"segment_id":"1caaec1dc7c2ce627c97461c","source_kmz":"missouri","orientation":"unverified"}},{"type":"Feature","geometry":{"type":"LineString","coordinates":[[-92.42790120921713,38.3057129630775],[-92.4399797232202,38.2996352528586],[-92.4404895528414,38.2819726287097]]},"properties":{"segment_id":"945e273b37f211892b615977","source_kmz":"missouri","orientation":"unverified"}},{"type":"Feature","geometry":{"type":"LineString","coordinates":[[-92.5325165945469,38.292103222455],[-92.52363349086751,38.2894417873575],[-92.5173887999036,38.282301361311]]},"properties":{"segment_id":"b2cf7e89b18fca42eb452ec7","source_kmz":"missouri","orientation":"unverified"}},{"type":"Feature","geometry":{"type":"LineString","coordinates":[[-92.6127274665121,38.3034460782319],[-92.62636932516291,38.2856094921352],[-92.63269590631371,38.2836404573417]]},"properties":{"segment_id":"7a3cc94dad2644a70b0be908","source_kmz":"missouri","orientation":"unverified"}},{"type":"Feature","geometry":{"type":"LineString","coordinates":[[-92.3883683035352,38.3061647604348],[-92.38538153203301,38.2964345439257],[-92.40942996876142,38.2794618820557],[-92.40789638526851,38.2753994128891],[-92.3888562823811,38.2751091068602]]},"properties":{"segment_id":"c89daa79dc5414af0bba7af6","source_kmz":"missouri","orientation":"unverified"}},{"type":"Feature","geometry":{"type":"LineString","coordinates":[[-92.45845958350601,38.26856432342521],[-92.453949692847,38.2687020693849],[-92.4463100510107,38.2762486483227],[-92.43089809218182,38.2725878243634],[-92.4285233128193,38.27867915066801]]},"properties":{"segment_id":"fe02c7e8a314cbe1fe4465f8","source_kmz":"missouri","orientation":"unverified"}},{"type":"Feature","geometry":{"type":"LineString","coordinates":[[-92.5173887999036,38.282301361311],[-92.5140304375089,38.2800634782264],[-92.4945661301487,38.2813845595461],[-92.4855061316765,38.27523339294],[-92.4733720065132,38.2754213723842],[-92.45845958350601,38.26856432342521]]},"properties":{"segment_id":"1b80fdfc26436669b35eb146","source_kmz":"missouri","orientation":"unverified"}},{"type":"Feature","geometry":{"type":"LineString","coordinates":[[-92.3371641763769,38.2834893380217],[-92.3260319734808,38.2636037995482],[-92.3191143876913,38.2633967088507],[-92.3132581528363,38.2696495670412],[-92.3042511472741,38.2696467880208]]},"properties":{"segment_id":"5366bc7ddca24ff17f8c5c13","source_kmz":"missouri","orientation":"unverified"}},{"type":"Feature","geometry":{"type":"LineString","coordinates":[[-92.48784990521841,38.262444349198],[-92.47921532777,38.2619293421601],[-92.45845958350601,38.26856432342521]]},"properties":{"segment_id":"f267c2d9f2492fcb30b463b5","source_kmz":"missouri","orientation":"unverified"}},{"type":"Feature","geometry":{"type":"LineString","coordinates":[[-92.63269590631371,38.2836404573417],[-92.638446237437,38.2639792732995],[-92.6492266705479,38.2554357766962]]},"properties":{"segment_id":"aeb3e29cf42c83fe8f6cc286","source_kmz":"missouri","orientation":"unverified"}},{"type":"Feature","geometry":{"type":"LineString","coordinates":[[-91.9675534470553,38.237087773811],[-91.9737468007338,38.2378268057058],[-91.9794830089845,38.2342642792093]]},"properties":{"segment_id":"1e6f319d1b523654daee3318","source_kmz":"missouri","orientation":"unverified"}},{"type":"Feature","geometry":{"type":"LineString","coordinates":[[-92.59533787342721,38.2898422943498],[-92.58817440010061,38.2725028801252],[-92.59232743781732,38.2651190663629],[-92.5928748434614,38.2458509109236]]},"properties":{"segment_id":"abc9d00290eee114714b18d3","source_kmz":"missouri","orientation":"unverified"}},{"type":"Feature","geometry":{"type":"LineString","coordinates":[[-92.3640198543577,38.2379492624223],[-92.3531823323774,38.2470026219973],[-92.33183602816061,38.24449194036071]]},"properties":{"segment_id":"607aba8338eb849e37ccc3d0","source_kmz":"missouri","orientation":"unverified"}},{"type":"Feature","geometry":{"type":"LineString","coordinates":[[-92.5928748434614,38.2458509109236],[-92.5985691658996,38.242527036319],[-92.6071899415869,38.2433011399284]]},"properties":{"segment_id":"04d0d9c7c911a3d06d238a09","source_kmz":"missouri","orientation":"unverified"}},{"type":"Feature","geometry":{"type":"LineString","coordinates":[[-92.1496831672685,38.2244506445037],[-92.1621413446983,38.2245728597875],[-92.170850163592,38.2302021962012]]},"properties":{"segment_id":"f0267684d868946fbbdce50e","source_kmz":"missouri","orientation":"unverified"}},{"type":"Feature","geometry":{"type":"LineString","coordinates":[[-92.6071899415869,38.2433011399284],[-92.6170823803379,38.2390210498787],[-92.6204652757935,38.2332221112687]]},"properties":{"segment_id":"269864e388042af8b1241f6d","source_kmz":"missouri","orientation":"unverified"}},{"type":"Feature","geometry":{"type":"LineString","coordinates":[[-92.04342298631721,38.21089230816831],[-92.0378490537179,38.2308039218276],[-92.039605783838,38.2431833116802]]},"properties":{"segment_id":"3351ef0abadce6922483c6d5","source_kmz":"missouri","orientation":"unverified"}},{"type":"Feature","geometry":{"type":"LineString","coordinates":[[-92.5461504280233,38.2306186938866],[-92.5521914228049,38.2273066899266],[-92.54865208314251,38.2215828398276]]},"properties":{"segment_id":"22bbb02dc4dbc8826dd47043","source_kmz":"missouri","orientation":"unverified"}},{"type":"Feature","geometry":{"type":"LineString","coordinates":[[-92.5005770787567,38.2352206910142],[-92.4880386922815,38.2222744709049],[-92.4765796013854,38.2157859029514],[-92.4719831101846,38.2177965934583]]},"properties":{"segment_id":"7f6a5d4e589c9299090c3025","source_kmz":"missouri","orientation":"unverified"}},{"type":"Feature","geometry":{"type":"LineString","coordinates":[[-92.0906192859267,38.2022251549805],[-92.09214247562392,38.219150069874],[-92.0966120836486,38.2262571190213]]},"properties":{"segment_id":"1671f5a8c9878d8281152cde","source_kmz":"missouri","orientation":"unverified"}},{"type":"Feature","geometry":{"type":"LineString","coordinates":[[-92.39218061168931,38.207441902769],[-92.4036733184163,38.2342957668324],[-92.41525279932263,38.2453480709728],[-92.41838544616762,38.26633116304681]]},"properties":{"segment_id":"71fb8b8ec371523ed9427740","source_kmz":"missouri","orientation":"unverified"}},{"type":"Feature","geometry":{"type":"LineString","coordinates":[[-92.223733079077,38.19835701984901],[-92.22029303076981,38.2046798831635],[-92.22568512668931,38.2075244578884],[-92.2241790718166,38.2098889174364]]},"properties":{"segment_id":"60c4496673ff993e0c3edb29","source_kmz":"missouri","orientation":"unverified"}},{"type":"Feature","geometry":{"type":"LineString","coordinates":[[-92.339248481852,38.1999819301745],[-92.3247566761198,38.21294149590511],[-92.322609081139,38.2351089945296],[-92.3174871621753,38.2405804180397],[-92.3214623375256,38.2441816480107]]},"properties":{"segment_id":"3172520340beba17a0b26e18","source_kmz":"missouri","orientation":"unverified"}},{"type":"Feature","geometry":{"type":"LineString","coordinates":[[-91.9636356717275,38.1697174532912],[-91.9679806918864,38.1851303549876],[-91.95703599685521,38.201647636152],[-91.9604475948984,38.2151547311626]]},"properties":{"segment_id":"cc7c51dd9d0c68451f0ba4ac","source_kmz":"missouri","orientation":"unverified"}},{"type":"Feature","geometry":{"type":"LineString","coordinates":[[-92.24917346872591,38.1677972852702],[-92.2522596782203,38.1751238872799],[-92.26838629260452,38.1914191877611],[-92.2690021412051,38.1997415655935],[-92.2612065670274,38.2169152533585]]},"properties":{"segment_id":"01e45186997a45ccd8f3a197","source_kmz":"missouri","orientation":"unverified"}},{"type":"Feature","geometry":{"type":"LineString","coordinates":[[-92.55909064426122,38.1760771046232],[-92.5588027715045,38.1822291060337],[-92.5446359171754,38.1965616815107],[-92.5311451683492,38.1964489620487],[-92.5247348650666,38.20028510327281]]},"properties":{"segment_id":"ad70fa4861824a67465048d9","source_kmz":"missouri","orientation":"unverified"}},{"type":"Feature","geometry":{"type":"LineString","coordinates":[[-92.21782327691932,38.1652275394435],[-92.2262548468709,38.176201816086],[-92.2256623002596,38.181005158967]]},"properties":{"segment_id":"afce773b26dd28feb040e2ec","source_kmz":"missouri","orientation":"unverified"}},{"type":"Feature","geometry":{"type":"LineString","coordinates":[[-92.5254342302606,38.17084331782461],[-92.51977119545342,38.1808604811398],[-92.5210558860392,38.1902710674048],[-92.5161293086837,38.192006143771]]},"properties":{"segment_id":"32737a2a8a6d60d4c0dc8e24","source_kmz":"missouri","orientation":"unverified"}},{"type":"Feature","geometry":{"type":"LineString","coordinates":[[-92.37411607266401,38.173696410598],[-92.3753633887692,38.1694476862278],[-92.37011350845302,38.1636676289879],[-92.36026852895661,38.1598938630268]]},"properties":{"segment_id":"cc38d4d4d9e28003987a57fc","source_kmz":"missouri","orientation":"unverified"}},{"type":"Feature","geometry":{"type":"LineString","coordinates":[[-91.98073667720402,38.148043766492],[-91.97215697224182,38.1531201717401],[-91.9636356717275,38.1697174532912]]},"properties":{"segment_id":"cfefdd357f94d03ded40c8c8","source_kmz":"missouri","orientation":"unverified"}},{"type":"Feature","geometry":{"type":"LineString","coordinates":[[-92.0130372019019,38.1456155611056],[-92.01406806243851,38.1585077962344],[-92.0204105671578,38.1691614205866],[-92.0198750310972,38.1790559317031],[-92.0167516068013,38.1792224530493]]},"properties":{"segment_id":"12b3208244e9b8c7032f1d7c","source_kmz":"missouri","orientation":"unverified"}},{"type":"Feature","geometry":{"type":"LineString","coordinates":[[-92.57987620790992,38.160588586435],[-92.5664877163911,38.1658389972304],[-92.55909064426122,38.1760771046232]]},"properties":{"segment_id":"86fd5370ef8addd32110b48b","source_kmz":"missouri","orientation":"unverified"}},{"type":"Feature","geometry":{"type":"LineString","coordinates":[[-92.2000561174284,38.1408381501399],[-92.20283259588751,38.15404970641701],[-92.21782327691932,38.1652275394435]]},"properties":{"segment_id":"24ec48e8e6ca0b864976eef5","source_kmz":"missouri","orientation":"unverified"}},{"type":"Feature","geometry":{"type":"LineString","coordinates":[[-92.5575411587737,38.150054143132],[-92.55417676466521,38.1628155320888],[-92.55909064426122,38.1760771046232]]},"properties":{"segment_id":"fbaa59c6f49ccdea0824e854","source_kmz":"missouri","orientation":"unverified"}},{"type":"Feature","geometry":{"type":"LineString","coordinates":[[-92.4721210743471,38.1428058390272],[-92.4826094889135,38.1910500129936],[-92.475557258827,38.1937938980078],[-92.4608202725561,38.212386360683],[-92.4401286749965,38.21794840160201]]},"properties":{"segment_id":"dccdf9b69bdf5ca6f1c36688","source_kmz":"missouri","orientation":"unverified"}},{"type":"Feature","geometry":{"type":"LineString","coordinates":[[-92.5300956992259,38.1380317895059],[-92.53798062616211,38.1468252740112],[-92.53903490851081,38.1538186638175],[-92.5254342302606,38.17084331782461]]},"properties":{"segment_id":"5d2f010952ad8c331585e6c2","source_kmz":"missouri","orientation":"unverified"}},{"type":"Feature","geometry":{"type":"LineString","coordinates":[[-92.4047774754083,38.1338861061591],[-92.39241728940763,38.1391478999592],[-92.381199835971,38.1492635002128]]},"properties":{"segment_id":"2527aa8d8192bf8720ec7d0d","source_kmz":"missouri","orientation":"unverified"}},{"type":"Feature","geometry":{"type":"LineString","coordinates":[[-92.50442582911751,38.1324817310119],[-92.5212945032327,38.13403276665081],[-92.5300956992259,38.1380317895059]]},"properties":{"segment_id":"ee5da6b0659da6e3d3879486","source_kmz":"missouri","orientation":"unverified"}},{"type":"Feature","geometry":{"type":"LineString","coordinates":[[-92.15400698820612,38.1219907063557],[-92.15262185526382,38.1286441141403],[-92.15951880917602,38.1422540274917]]},"properties":{"segment_id":"65305c52fbc8817f69f11858","source_kmz":"missouri","orientation":"unverified"}},{"type":"Feature","geometry":{"type":"LineString","coordinates":[[-92.19090317635181,38.110552697742],[-92.18341788049361,38.121570468976],[-92.1739586682783,38.1239543497761],[-92.1663750510562,38.1301464042646],[-92.15951880917602,38.1422540274917]]},"properties":{"segment_id":"a067753a840eb3e5b56a3178","source_kmz":"missouri","orientation":"unverified"}},{"type":"Feature","geometry":{"type":"LineString","coordinates":[[-92.2296967202286,38.109073381144],[-92.24275752870571,38.1105458766675],[-92.25040986382501,38.116405337796]]},"properties":{"segment_id":"9c646334f3bcfcfbd123a41c","source_kmz":"missouri","orientation":"unverified"}},{"type":"Feature","geometry":{"type":"LineString","coordinates":[[-92.4419806550556,38.1081868996512],[-92.43356235240512,38.1178525012327],[-92.4161001185854,38.1285927942647]]},"properties":{"segment_id":"962b2c1c0759d53e630a87e3","source_kmz":"missouri","orientation":"unverified"}},{"type":"Feature","geometry":{"type":"LineString","coordinates":[[-92.3295031125946,38.097102636942],[-92.33023175395151,38.1032851383397],[-92.34540395556552,38.1179347016392],[-92.34804623035582,38.1273882979478]]},"properties":{"segment_id":"c80161b20edc5574f41cf05f","source_kmz":"missouri","orientation":"unverified"}},{"type":"Feature","geometry":{"type":"LineString","coordinates":[[-92.3071695444681,38.0875924087027],[-92.2901922295371,38.109044156234],[-92.27742875232622,38.1153537368123]]},"properties":{"segment_id":"6a7bfc3e57d18243bd03c265","source_kmz":"missouri","orientation":"unverified"}},{"type":"Feature","geometry":{"type":"LineString","coordinates":[[-92.20764672998983,38.0808026071568],[-92.2301297213889,38.087121617108],[-92.23682873178302,38.098042175474],[-92.2468951287491,38.1039760127065],[-92.2532121399489,38.1156874261866]]},"properties":{"segment_id":"3cd63b0590a8a5e686aca8ab","source_kmz":"missouri","orientation":"unverified"}},{"type":"Feature","geometry":{"type":"LineString","coordinates":[[-92.18482983588443,38.0409847866382],[-92.20189158995942,38.05169426722021],[-92.209133839908,38.0519186354616]]},"properties":{"segment_id":"619936a4f9d29d1170e371ae","source_kmz":"missouri","orientation":"unverified"}},{"type":"Feature","geometry":{"type":"LineString","coordinates":[[-92.071947167513,38.0269682518705],[-92.0624856778196,38.0424697376274],[-92.0574346100468,38.0723106794225]]},"properties":{"segment_id":"131d1befaff535da07686995","source_kmz":"missouri","orientation":"unverified"}},{"type":"Feature","geometry":{"type":"LineString","coordinates":[[-92.2422812893069,38.02508185360931],[-92.24304281525191,38.0304625810677],[-92.2329955672636,38.0446187979627]]},"properties":{"segment_id":"8b02c176a607d5f559270051","source_kmz":"missouri","orientation":"unverified"}},{"type":"Feature","geometry":{"type":"LineString","coordinates":[[-92.28268509912571,38.0249758926552],[-92.28844614090241,38.0339901390729],[-92.2881576564906,38.0465709283283]]},"properties":{"segment_id":"4112cc4b3394a8aec009c751","source_kmz":"missouri","orientation":"unverified"}},{"type":"Feature","geometry":{"type":"LineString","coordinates":[[-92.1002197330638,38.01474571641311],[-92.0918623419513,38.0160865000584],[-92.071947167513,38.0269682518705]]},"properties":{"segment_id":"bb2c8ecf4e0a49d1a09efa68","source_kmz":"missouri","orientation":"unverified"}},{"type":"Feature","geometry":{"type":"LineString","coordinates":[[-92.20730949046721,38.0135565027618],[-92.2045812810283,38.046420217178],[-92.209133839908,38.0519186354616]]},"properties":{"segment_id":"3a5b7a844e481fd33bdcae7f","source_kmz":"missouri","orientation":"unverified"}},{"type":"Feature","geometry":{"type":"LineString","coordinates":[[-92.14404207449991,38.0086332800351],[-92.1372437780613,38.026366910635],[-92.1377115384872,38.0437938360103]]},"properties":{"segment_id":"1a5a16e12c4e252d05b3fbd2","source_kmz":"missouri","orientation":"unverified"}},{"type":"Feature","geometry":{"type":"LineString","coordinates":[[-92.36287895151732,38.0091701738471],[-92.3472486135407,38.0111154836276],[-92.31124316521752,38.0338754101591]]},"properties":{"segment_id":"4d011a2cbd3bfa57cc8ea11c","source_kmz":"missouri","orientation":"unverified"}},{"type":"Feature","geometry":{"type":"LineString","coordinates":[[-92.2921839046215,38.0008883812702],[-92.2980651293879,38.0074951060445],[-92.31264539781951,38.0127566734696]]},"properties":{"segment_id":"e34e35f08cda750085b08f8c","source_kmz":"missouri","orientation":"unverified"}},{"type":"Feature","geometry":{"type":"LineString","coordinates":[[-92.22958093796211,37.9898682795733],[-92.2219511024276,38.0107948013808],[-92.2201644272078,38.0321693003532],[-92.2329955672636,38.0446187979627]]},"properties":{"segment_id":"e1559a389f266e733f342922","source_kmz":"missouri","orientation":"unverified"}},{"type":"Feature","geometry":{"type":"LineString","coordinates":[[-92.30537085503592,37.95816121367611],[-92.3127550841855,37.9760629509964],[-92.310828330222,37.9869872246618]]},"properties":{"segment_id":"48e1d0fba99c467997d47e4e","source_kmz":"missouri","orientation":"unverified"}},{"type":"Feature","geometry":{"type":"LineString","coordinates":[[-92.34918148514923,37.9302798617705],[-92.3296601361444,37.9345169928107],[-92.32282220039392,37.947168976989]]},"properties":{"segment_id":"13af0aabed0079aebbff87b6","source_kmz":"missouri","orientation":"unverified"}},{"type":"Feature","geometry":{"type":"LineString","coordinates":[[-92.1377115384872,38.0437938360103],[-92.14383801418622,38.0587202016732],[-92.14257394397332,38.0696633942926],[-92.1365216847239,38.0796520487812],[-92.13653225214401,38.0992074567304],[-92.1270817734936,38.1080170407735],[-92.12166512321672,38.125525755675],[-92.1059582211617,38.1413685502315],[-92.1064703502437,38.1512963513771],[-92.1117127589185,38.1568202406],[-92.1140579078771,38.1713599790041],[-92.1185831973609,38.1773965388226],[-92.1155935988219,38.1815879617167],[-92.11894199002022,38.1902659851118],[-92.11535058290691,38.2123861328271],[-92.1011290777816,38.2194358201998],[-92.0966120836486,38.2262571190213]]},"properties":{"segment_id":"e980b9e4bdfa79b06b2a799d","source_kmz":"missouri","orientation":"unverified"}},{"type":"Feature","geometry":{"type":"LineString","coordinates":[[-92.084584122003,37.9711167489834],[-92.1067662822086,37.9627165388168],[-92.10974751469581,37.958525212368]]},"properties":{"segment_id":"987e40e21bd489e4ca3ffa48","source_kmz":"missouri","orientation":"unverified"}},{"type":"Feature","geometry":{"type":"LineString","coordinates":[[-92.1184763906576,37.97621500103911],[-92.1171557970798,37.9619752182222],[-92.10974751469581,37.958525212368]]},"properties":{"segment_id":"22184f50b389f41098f4f5b2","source_kmz":"missouri","orientation":"unverified"}},{"type":"Feature","geometry":{"type":"LineString","coordinates":[[-92.18018933098081,37.9639597259056],[-92.1907872899293,37.9458066921923],[-92.19894214575041,37.9415065137353]]},"properties":{"segment_id":"7ba9417603793e798014311a","source_kmz":"missouri","orientation":"unverified"}},{"type":"Feature","geometry":{"type":"LineString","coordinates":[[-92.2165497294682,37.9613394331891],[-92.2157496818439,37.9567608324922],[-92.19894214575041,37.9415065137353]]},"properties":{"segment_id":"bf059271dbb1150c4a4e02e7","source_kmz":"missouri","orientation":"unverified"}},{"type":"Feature","geometry":{"type":"LineString","coordinates":[[-92.24384502018911,37.9402151666636],[-92.21880345935571,37.93756834631661],[-92.20767473491,37.9393667405755],[-92.1946178777894,37.9317284572169]]},"properties":{"segment_id":"66e573bf73554e8c327545f2","source_kmz":"missouri","orientation":"unverified"}},{"type":"Feature","geometry":{"type":"LineString","coordinates":[[-92.14903987804762,37.9592327699402],[-92.1472763989542,37.9401576229249],[-92.15636270027761,37.9246385273702],[-92.1557479112776,37.9165827303613]]},"properties":{"segment_id":"e379b36d413e58e1e364ca18","source_kmz":"missouri","orientation":"unverified"}},{"type":"Feature","geometry":{"type":"LineString","coordinates":[[-92.1946178777894,37.9317284572169],[-92.1914509334829,37.9262723018313],[-92.17214880876492,37.9128112701641],[-92.17166585463181,37.9154749542759]]},"properties":{"segment_id":"d91061e40dfe6fc5f7df91d7","source_kmz":"missouri","orientation":"unverified"}},{"type":"Feature","geometry":{"type":"LineString","coordinates":[[-92.10974751469581,37.958525212368],[-92.1205380606681,37.9304720832892],[-92.1278028534599,37.9234694625911],[-92.12615125119831,37.9089513056747],[-92.1147726626437,37.9024287571592]]},"properties":{"segment_id":"ea15d41b5b97b97177871edf","source_kmz":"missouri","orientation":"unverified"}},{"type":"Feature","geometry":{"type":"LineString","coordinates":[[-92.21483095647211,37.9074433941774],[-92.2092955774817,37.9011106917419],[-92.2139755198884,37.8972375930529],[-92.194704447632,37.88324514554],[-92.18571693589973,37.8837685787218],[-92.18074942022761,37.8798630825202],[-92.16475592910041,37.8825767308243],[-92.1628965653839,37.8851971903873]]},"properties":{"segment_id":"dc1719582151267ce258a224","source_kmz":"missouri","orientation":"unverified"}},{"type":"Feature","geometry":{"type":"LineString","coordinates":[[-92.3080423927704,37.8910077389218],[-92.298625802043,37.8794724534101],[-92.28548363820141,37.8804130047052],[-92.284816561933,37.8868215950278]]},"properties":{"segment_id":"269300aec051e041fd4bbd49","source_kmz":"missouri","orientation":"unverified"}},{"type":"Feature","geometry":{"type":"LineString","coordinates":[[-92.3541695657041,37.8851602020523],[-92.3498944673389,37.8810146478583],[-92.3403262103927,37.8793891467935]]},"properties":{"segment_id":"43f6f417850b8de47bb9150e","source_kmz":"missouri","orientation":"unverified"}},{"type":"Feature","geometry":{"type":"LineString","coordinates":[[-92.2307351431322,37.8795400783804],[-92.22727838753121,37.8730043660815],[-92.2176453759106,37.8727065353617]]},"properties":{"segment_id":"ae5a304cf1c84ce8eb6b68ea","source_kmz":"missouri","orientation":"unverified"}},{"type":"Feature","geometry":{"type":"LineString","coordinates":[[-92.2372724615298,37.879741560368],[-92.22870917817701,37.871977032403],[-92.2197643552608,37.8717006051254]]},"properties":{"segment_id":"53a4cf47488e5542c14bcdc5","source_kmz":"missouri","orientation":"unverified"}},{"type":"Feature","geometry":{"type":"LineString","coordinates":[[-92.12456979734502,37.8537162986776],[-92.1292306850791,37.8568108647154],[-92.12647237867871,37.8634206419044],[-92.1297860195111,37.8659366587278],[-92.1243735219175,37.8705870620315]]},"properties":{"segment_id":"5fb7f40bd100b0d0b0d9d42a","source_kmz":"missouri","orientation":"unverified"}},{"type":"Feature","geometry":{"type":"LineString","coordinates":[[-92.1046023664895,37.8469196245389],[-92.11372329737961,37.8699808562827],[-92.1095247683776,37.87118667914341]]},"properties":{"segment_id":"ed65aaba46f9f6c80a8683d5","source_kmz":"missouri","orientation":"unverified"}},{"type":"Feature","geometry":{"type":"LineString","coordinates":[[-92.1634832679564,37.8407468290921],[-92.16493560908911,37.8525793814597],[-92.17113761215421,37.859203161979],[-92.16131201014521,37.8626451751999]]},"properties":{"segment_id":"90441ebaa1e8614842d4a718","source_kmz":"missouri","orientation":"unverified"}},{"type":"Feature","geometry":{"type":"LineString","coordinates":[[-92.2935886597132,37.83565696695991],[-92.2847842788263,37.8463721750786],[-92.2682761474801,37.8458689095678]]},"properties":{"segment_id":"c2ccadc187b4104ece9cf2f4","source_kmz":"missouri","orientation":"unverified"}},{"type":"Feature","geometry":{"type":"LineString","coordinates":[[-92.41919949951561,37.8375295528275],[-92.4039737118066,37.8177962891798],[-92.3941078052493,37.8153624200443],[-92.38750115661682,37.8237386919234]]},"properties":{"segment_id":"850c1d7817ebfd0232d5b3de","source_kmz":"missouri","orientation":"unverified"}},{"type":"Feature","geometry":{"type":"LineString","coordinates":[[-92.2601983217889,37.8081192971178],[-92.2433336856088,37.8418897573333],[-92.2333910091922,37.8477446947629],[-92.2223445592911,37.8482071697551]]},"properties":{"segment_id":"1fb85dbba4d08e282bb8084a","source_kmz":"missouri","orientation":"unverified"}},{"type":"Feature","geometry":{"type":"LineString","coordinates":[[-92.2268512338153,37.7936990949209],[-92.2191006962064,37.8039066128086],[-92.22322732215082,37.8107313747975],[-92.2041846379848,37.8262136665908]]},"properties":{"segment_id":"56b524bd36c58f69c8c14266","source_kmz":"missouri","orientation":"unverified"}},{"type":"Feature","geometry":{"type":"LineString","coordinates":[[-92.2915535477763,37.780145502538],[-92.29667627874892,37.7878015378523],[-92.29137693357931,37.8042487726188],[-92.29525550045,37.8161529296577],[-92.2935886597132,37.83565696695991]]},"properties":{"segment_id":"3c2f667fec32aded6e6731e8","source_kmz":"missouri","orientation":"unverified"}},{"type":"Feature","geometry":{"type":"LineString","coordinates":[[-92.367969802333,37.7797651686157],[-92.3648262993917,37.7877075530239],[-92.3537771239041,37.7954139486742]]},"properties":{"segment_id":"2c028aed31264a68790a5c6d","source_kmz":"missouri","orientation":"unverified"}},{"type":"Feature","geometry":{"type":"LineString","coordinates":[[-92.40822639860642,37.7798852473443],[-92.4093151446142,37.78581024120821],[-92.403782981843,37.7934153378379],[-92.4066811895711,37.7975186131294]]},"properties":{"segment_id":"298e2327e75a590b9f34158f","source_kmz":"missouri","orientation":"unverified"}},{"type":"Feature","geometry":{"type":"LineString","coordinates":[[-92.3311377143372,37.773038062759],[-92.3406258282187,37.77600168035431],[-92.3592858586462,37.7744169160043]]},"properties":{"segment_id":"127a4668abbfa69f1847ba0e","source_kmz":"missouri","orientation":"unverified"}},{"type":"Feature","geometry":{"type":"LineString","coordinates":[[-92.53147769224232,37.7786292821652],[-92.518964542367,37.7739873722804],[-92.506404814852,37.7776462041273]]},"properties":{"segment_id":"226408c2d6f2b5293e175959","source_kmz":"missouri","orientation":"unverified"}},{"type":"Feature","geometry":{"type":"LineString","coordinates":[[-92.1469798427616,37.7609319684423],[-92.1629581535988,37.7646502669208],[-92.1581032815031,37.7719983968554],[-92.16839327619171,37.7792870792535]]},"properties":{"segment_id":"ef8fa70b922f5aa6b8d14760","source_kmz":"missouri","orientation":"unverified"}},{"type":"Feature","geometry":{"type":"LineString","coordinates":[[-92.2525265230237,37.7693095549486],[-92.2466682982768,37.7627003529186],[-92.2378454710242,37.7602855390656],[-92.2360294110799,37.755407645341]]},"properties":{"segment_id":"436ec14dd90564df0ea51a83","source_kmz":"missouri","orientation":"unverified"}},{"type":"Feature","geometry":{"type":"LineString","coordinates":[[-92.49183956264874,37.7365144823843],[-92.4724795441331,37.7386346329873],[-92.4647720183016,37.7343935898328],[-92.45716542769783,37.73524429201781]]},"properties":{"segment_id":"1adfc9f134de2c018fe392b3","source_kmz":"missouri","orientation":"unverified"}},{"type":"Feature","geometry":{"type":"LineString","coordinates":[[-92.368760723144,37.7286260031977],[-92.3792617646708,37.731884797079],[-92.3861372687767,37.7460178034252]]},"properties":{"segment_id":"b0b5b7918d52c7a301062ce6","source_kmz":"missouri","orientation":"unverified"}},{"type":"Feature","geometry":{"type":"LineString","coordinates":[[-92.56403042534382,37.7297306224714],[-92.56349620306932,37.7412330452973],[-92.5470848656055,37.7538941644818]]},"properties":{"segment_id":"ed783505b4a5b645a266c8d8","source_kmz":"missouri","orientation":"unverified"}},{"type":"Feature","geometry":{"type":"LineString","coordinates":[[-92.35444327792023,37.7190912020082],[-92.3612969487087,37.7195638006711],[-92.36216918554071,37.7228042712107]]},"properties":{"segment_id":"3350c2c288ae6a19943fb85c","source_kmz":"missouri","orientation":"unverified"}},{"type":"Feature","geometry":{"type":"LineString","coordinates":[[-92.4413410617124,37.7138903609311],[-92.43805372003331,37.7250445813397],[-92.444544946773,37.7402342251455]]},"properties":{"segment_id":"f9a06c1505c25e3c1d1aec83","source_kmz":"missouri","orientation":"unverified"}},{"type":"Feature","geometry":{"type":"LineString","coordinates":[[-92.4120486240074,37.7082102591709],[-92.4133758237592,37.7304821008834],[-92.42417079737672,37.7348170577469],[-92.4324387665827,37.7345234758508],[-92.4333869297663,37.7433906406907],[-92.428449304728,37.745924773761],[-92.4286119834453,37.7496795986297],[-92.4343997911593,37.7509203612466]]},"properties":{"segment_id":"7bdf079b8f9c8046d4e7ac06","source_kmz":"missouri","orientation":"unverified"}},{"type":"Feature","geometry":{"type":"LineString","coordinates":[[-92.31745626677392,37.7161045572037],[-92.3206126565734,37.7148604772689],[-92.3166659418093,37.7112589206151],[-92.3196783640022,37.7059923833441],[-92.3154421707516,37.7013105172004]]},"properties":{"segment_id":"34bd18de859d1f8b8df262f7","source_kmz":"missouri","orientation":"unverified"}},{"type":"Feature","geometry":{"type":"LineString","coordinates":[[-92.15584037978681,37.69638146105],[-92.1561616421856,37.7100542026445],[-92.1623127802791,37.7107837870974],[-92.1721268498931,37.7204685521168],[-92.17830663853131,37.7206624142875],[-92.1723430867854,37.7295836374926],[-92.17479725681602,37.7419835952241],[-92.1818037474724,37.7395242587283],[-92.1847289149132,37.7428304690833],[-92.1813481346326,37.7483503268274],[-92.1865274953735,37.7479765962082],[-92.1887800576017,37.7509937680883],[-92.1843672594567,37.763178642848],[-92.18597317796021,37.7720691294602]]},"properties":{"segment_id":"44877d4f8d1fc0db8ba30a96","source_kmz":"missouri","orientation":"unverified"}},{"type":"Feature","geometry":{"type":"LineString","coordinates":[[-92.6014787821038,37.6930136909876],[-92.60209054266241,37.7096372299356],[-92.59817867704741,37.7124744516735],[-92.5981900398022,37.7197066096601],[-92.58814389931462,37.728800550544],[-92.58363762371141,37.7444773167326],[-92.5677959895456,37.7523358475791],[-92.5470848656055,37.7538941644818]]},"properties":{"segment_id":"31813432265b6b264846db6a","source_kmz":"missouri","orientation":"unverified"}},{"type":"Feature","geometry":{"type":"LineString","coordinates":[[-92.2040817103459,37.68074847099151],[-92.21782265072962,37.6876050551296],[-92.2148310888886,37.6923341698019],[-92.2204469390472,37.6967946536898],[-92.2195692571789,37.7005178583046],[-92.2340698878596,37.7060565510176]]},"properties":{"segment_id":"7a3107bc46a550ea8d490c87","source_kmz":"missouri","orientation":"unverified"}},{"type":"Feature","geometry":{"type":"LineString","coordinates":[[-92.4124641187319,37.6854538383419],[-92.4094461575274,37.69099017591451],[-92.4143805477647,37.7026536880886],[-92.4120486240074,37.7082102591709]]},"properties":{"segment_id":"610bd64f0d35fbe3351b788a","source_kmz":"missouri","orientation":"unverified"}},{"type":"Feature","geometry":{"type":"LineString","coordinates":[[-92.5429338243391,37.68815303411891],[-92.52385988059181,37.6991282858835],[-92.51235257579062,37.6953174654733],[-92.5003008934782,37.6957756110716],[-92.4896735750521,37.7024343352296],[-92.4817908417211,37.701939230215]]},"properties":{"segment_id":"fa3fa4c6f30d217f6b8ad153","source_kmz":"missouri","orientation":"unverified"}},{"type":"Feature","geometry":{"type":"LineString","coordinates":[[-92.5491302082707,37.6805608951553],[-92.54783873165061,37.686149235555],[-92.5429338243391,37.68815303411891]]},"properties":{"segment_id":"6030e18a2ee83d446d49fa65","source_kmz":"missouri","orientation":"unverified"}},{"type":"Feature","geometry":{"type":"LineString","coordinates":[[-92.5776769343466,37.6800266301078],[-92.5665212651774,37.6834627639502],[-92.56244795617981,37.689776376836],[-92.5429338243391,37.68815303411891]]},"properties":{"segment_id":"5b4e26170377f4611cd922b6","source_kmz":"missouri","orientation":"unverified"}},{"type":"Feature","geometry":{"type":"LineString","coordinates":[[-92.3861319164566,37.6616389608181],[-92.3975555352066,37.6951930658822],[-92.4120486240074,37.7082102591709]]},"properties":{"segment_id":"cf3718ec5c9f1236ec62476d","source_kmz":"missouri","orientation":"unverified"}},{"type":"Feature","geometry":{"type":"LineString","coordinates":[[-92.28410009601961,37.6545513381913],[-92.294048045417,37.6548543837283],[-92.30248624080662,37.6647545072612]]},"properties":{"segment_id":"7d8cd7bef4af6ccef0b67761","source_kmz":"missouri","orientation":"unverified"}},{"type":"Feature","geometry":{"type":"LineString","coordinates":[[-92.6184503913862,37.6450053992767],[-92.6158650032129,37.6414515629188],[-92.60967849709202,37.6415473745253]]},"properties":{"segment_id":"2f37eca897043b798baa6a7c","source_kmz":"missouri","orientation":"unverified"}},{"type":"Feature","geometry":{"type":"LineString","coordinates":[[-92.4066293514564,37.6357260864208],[-92.41592816047861,37.6351964800685],[-92.4504107359883,37.6466531422748]]},"properties":{"segment_id":"04407288e1cba9a1c687f89d","source_kmz":"missouri","orientation":"unverified"}},{"type":"Feature","geometry":{"type":"LineString","coordinates":[[-92.2368447606342,37.624436492307],[-92.22972847689141,37.6293062854236],[-92.2222585870462,37.64782715695161],[-92.2184037539203,37.649314883075],[-92.21906410243132,37.6565684265038]]},"properties":{"segment_id":"0f4caaafc56628cb143c22dc","source_kmz":"missouri","orientation":"unverified"}},{"type":"Feature","geometry":{"type":"LineString","coordinates":[[-92.6302085805443,37.6356887254517],[-92.6230911470621,37.6336166533399],[-92.6170406385771,37.638270030731],[-92.613095846062,37.634410504583],[-92.60967849709202,37.6415473745253]]},"properties":{"segment_id":"6c0e90ca1470a5a6cb0f9c5d","source_kmz":"missouri","orientation":"unverified"}},{"type":"Feature","geometry":{"type":"LineString","coordinates":[[-92.3087497727086,37.621815557048],[-92.3134436850287,37.6241008200548],[-92.3255511710088,37.6223237317049],[-92.3294538297296,37.6267275232583]]},"properties":{"segment_id":"1e59e4da0dcd2211c89ba46b","source_kmz":"missouri","orientation":"unverified"}},{"type":"Feature","geometry":{"type":"LineString","coordinates":[[-92.2845469949435,37.6250977144612],[-92.29471838804132,37.6208536144643],[-92.3004404717321,37.6231706768241],[-92.3087497727086,37.621815557048]]},"properties":{"segment_id":"e00f2967bd6dfa3c6cc021bf","source_kmz":"missouri","orientation":"unverified"}},{"type":"Feature","geometry":{"type":"LineString","coordinates":[[-92.1692734585785,37.61616772498141],[-92.1730673095695,37.6291461314091],[-92.1830924767159,37.6345508076837]]},"properties":{"segment_id":"7367abb349a651bbc26bdd7c","source_kmz":"missouri","orientation":"unverified"}},{"type":"Feature","geometry":{"type":"LineString","coordinates":[[-92.60967849709202,37.6415473745253],[-92.5984090883604,37.6326619416567],[-92.5887689436021,37.6331958677262],[-92.58111510629954,37.6278920359383]]},"properties":{"segment_id":"dab55bc36c6400cf89125b1c","source_kmz":"missouri","orientation":"unverified"}},{"type":"Feature","geometry":{"type":"LineString","coordinates":[[-92.55494831782381,37.65152945924611],[-92.53828328261173,37.6406106217732],[-92.5236096192329,37.6385855440778],[-92.517967391357,37.6344064789576],[-92.5153336018583,37.6246881822236],[-92.4992398183809,37.6164585664002]]},"properties":{"segment_id":"cf2186b7d307b6bff5db0b6e","source_kmz":"missouri","orientation":"unverified"}},{"type":"Feature","geometry":{"type":"LineString","coordinates":[[-92.1403609998828,37.6042705717158],[-92.1482028960454,37.6251473557936],[-92.169347923386,37.6346550329364],[-92.1830924767159,37.6345508076837]]},"properties":{"segment_id":"8b8f1a031dcbf1213e710fec","source_kmz":"missouri","orientation":"unverified"}},{"type":"Feature","geometry":{"type":"LineString","coordinates":[[-92.5970392953737,37.6176239547196],[-92.5975163030647,37.6221907768654],[-92.5889924864081,37.6208808981877],[-92.58111510629954,37.6278920359383]]},"properties":{"segment_id":"95c87fdeb50bbfc0ef0f4a6c","source_kmz":"missouri","orientation":"unverified"}},{"type":"Feature","geometry":{"type":"LineString","coordinates":[[-92.36566615508862,37.6095980494398],[-92.3538124277238,37.6132617891198],[-92.3401381319133,37.61204785863811],[-92.3354827872406,37.6159260301469]]},"properties":{"segment_id":"d495dc147e31fe6f76c501ae","source_kmz":"missouri","orientation":"unverified"}},{"type":"Feature","geometry":{"type":"LineString","coordinates":[[-92.6234186940366,37.6188940162639],[-92.61298408800631,37.6143186011131],[-92.5970392953737,37.6176239547196]]},"properties":{"segment_id":"b4f420bc2fc0750770f5d9f7","source_kmz":"missouri","orientation":"unverified"}},{"type":"Feature","geometry":{"type":"LineString","coordinates":[[-92.5658605125206,37.5939807784263],[-92.5610118295533,37.5949153204605],[-92.5551293483775,37.6033204514264]]},"properties":{"segment_id":"4c2a91982405535d619d13f9","source_kmz":"missouri","orientation":"unverified"}},{"type":"Feature","geometry":{"type":"LineString","coordinates":[[-92.3023492653693,37.5849211427739],[-92.3140649578475,37.5909021136854],[-92.3291191694043,37.5918928522455],[-92.33131983499152,37.5959774386902],[-92.3383205441219,37.5932415443391],[-92.3380290209207,37.6060910680785]]},"properties":{"segment_id":"30c320f4798935c84b8d8c9c","source_kmz":"missouri","orientation":"unverified"}},{"type":"Feature","geometry":{"type":"LineString","coordinates":[[-92.6539046467197,37.6052718005882],[-92.640287605102,37.6027539882362],[-92.6273916337713,37.5919512181422]]},"properties":{"segment_id":"153584823baa881f018f5043","source_kmz":"missouri","orientation":"unverified"}},{"type":"Feature","geometry":{"type":"LineString","coordinates":[[-92.6273916337713,37.5919512181422],[-92.61841816301522,37.5930415177544],[-92.60806113976112,37.6093602227534],[-92.5970392953737,37.6176239547196]]},"properties":{"segment_id":"d622b27bc39dbb69bba80e93","source_kmz":"missouri","orientation":"unverified"}},{"type":"Feature","geometry":{"type":"LineString","coordinates":[[-92.4208875594946,37.5823037553913],[-92.4289993922059,37.599150112182],[-92.4542176381126,37.6245311281021],[-92.4537951722962,37.6333584256579]]},"properties":{"segment_id":"688841d822a8adef864fe9e4","source_kmz":"missouri","orientation":"unverified"}},{"type":"Feature","geometry":{"type":"LineString","coordinates":[[-92.55601184956481,37.5843274617803],[-92.5553335269741,37.5915404602413],[-92.54876504042612,37.5999258884635]]},"properties":{"segment_id":"71c92b7bfd0382a988a6934d","source_kmz":"missouri","orientation":"unverified"}},{"type":"Feature","geometry":{"type":"LineString","coordinates":[[-92.16504354098,37.5718309285239],[-92.1949062190802,37.5917892507449],[-92.1925338633475,37.5978767032553],[-92.19576968112543,37.595031011081],[-92.2018979621555,37.59602608837031],[-92.2022134390447,37.603269128743],[-92.2083151193657,37.6047988173076],[-92.2060260904605,37.6159790851997]]},"properties":{"segment_id":"e77c2f5084f3e11525d530bd","source_kmz":"missouri","orientation":"unverified"}},{"type":"Feature","geometry":{"type":"LineString","coordinates":[[-92.31977140916891,37.5589286034047],[-92.3430010528209,37.5818633587562],[-92.346863092921,37.5940339979]]},"properties":{"segment_id":"88d3e1092a671b09f4cfefdf","source_kmz":"missouri","orientation":"unverified"}},{"type":"Feature","geometry":{"type":"LineString","coordinates":[[-92.19027957846292,37.5415472226077],[-92.1964445156337,37.5417401745859],[-92.21074841787251,37.550491530039],[-92.2240572939484,37.5653718166542],[-92.2293732740745,37.562054039399],[-92.23044453677372,37.5679809386699],[-92.2377346493009,37.5663313188194],[-92.2412593921146,37.5712623547515]]},"properties":{"segment_id":"4cc74baf28e588ffd422a5a2","source_kmz":"missouri","orientation":"unverified"}},{"type":"Feature","geometry":{"type":"LineString","coordinates":[[-92.5949919211294,37.5575671812606],[-92.5862437693967,37.5538398735067],[-92.5862705293645,37.5458048609254]]},"properties":{"segment_id":"db7c8db2e6b35db0df72d20a","source_kmz":"missouri","orientation":"unverified"}},{"type":"Feature","geometry":{"type":"LineString","coordinates":[[-92.6983257491832,37.5636293650911],[-92.6852368456319,37.5571129901774],[-92.67862377055371,37.5515756541595],[-92.6778236008866,37.5464646616879]]},"properties":{"segment_id":"6399419781f0fdcc430dfc28","source_kmz":"missouri","orientation":"unverified"}},{"type":"Feature","geometry":{"type":"LineString","coordinates":[[-92.4518395658916,37.5379397425674],[-92.4594982360375,37.5499493049767],[-92.4580617608573,37.5584793820753],[-92.46562314139611,37.5653960388887]]},"properties":{"segment_id":"966e3a619fc89728efa60fca","source_kmz":"missouri","orientation":"unverified"}},{"type":"Feature","geometry":{"type":"LineString","coordinates":[[-92.76237048742041,37.5425838154304],[-92.7501901262855,37.5387770539914],[-92.7356262026322,37.5424047436492]]},"properties":{"segment_id":"ddd28938ed4009d6807fd860","source_kmz":"missouri","orientation":"unverified"}},{"type":"Feature","geometry":{"type":"LineString","coordinates":[[-92.7146474988913,37.5359473219072],[-92.693949003431,37.5463682746059],[-92.6778236008866,37.5464646616879]]},"properties":{"segment_id":"19bfeacd83d7c468bb302d82","source_kmz":"missouri","orientation":"unverified"}},{"type":"Feature","geometry":{"type":"LineString","coordinates":[[-92.2673868082176,37.5158091145905],[-92.2423362934778,37.5364692575649],[-92.24123119538821,37.5447398904539],[-92.2454808469542,37.548889571706],[-92.2377686686249,37.5521339266252],[-92.2409637223528,37.5567869201795]]},"properties":{"segment_id":"8267d634528328f5c4d4dff3","source_kmz":"missouri","orientation":"unverified"}},{"type":"Feature","geometry":{"type":"LineString","coordinates":[[-92.6578662399334,37.5250254792899],[-92.6505654384906,37.5272353063592],[-92.6446984652756,37.53564491948951]]},"properties":{"segment_id":"98fab03e965e115ff4935a12","source_kmz":"missouri","orientation":"unverified"}},{"type":"Feature","geometry":{"type":"LineString","coordinates":[[-92.3538950590896,37.5138800005176],[-92.36755541574482,37.5290224959061],[-92.368717862065,37.5403082853781]]},"properties":{"segment_id":"4fbdc86cce54e49dad95937e","source_kmz":"missouri","orientation":"unverified"}},{"type":"Feature","geometry":{"type":"LineString","coordinates":[[-92.31880177569843,37.5093399583117],[-92.3194839555533,37.5163257457704],[-92.3301349105433,37.5297741915829],[-92.34549294298111,37.5382732438184],[-92.3567824399792,37.5388798244729],[-92.35488589518141,37.54257337176221],[-92.3626983826342,37.544146662204],[-92.3638193748526,37.5492699421709]]},"properties":{"segment_id":"cca7229e1ab01dc18e5c4ebc","source_kmz":"missouri","orientation":"unverified"}},{"type":"Feature","geometry":{"type":"LineString","coordinates":[[-92.1634055703243,37.5039992738678],[-92.1730545045128,37.5163592036009],[-92.17027965046242,37.5369005369893],[-92.1748283314314,37.5351683629427],[-92.1814298029594,37.5401980803429]]},"properties":{"segment_id":"6aed940e2bea91475b5de5b4","source_kmz":"missouri","orientation":"unverified"}},{"type":"Feature","geometry":{"type":"LineString","coordinates":[[-92.5336781314483,37.5041376329128],[-92.5329858745998,37.5116181831308],[-92.54102812039741,37.5303299700598]]},"properties":{"segment_id":"17bd1cd082ba74213ae34385","source_kmz":"missouri","orientation":"unverified"}},{"type":"Feature","geometry":{"type":"LineString","coordinates":[[-92.2143141667647,37.4940755166626],[-92.22325431358061,37.4935499330648],[-92.22689701837102,37.496074180287]]},"properties":{"segment_id":"d74bb1ae90403e4a1954cd55","source_kmz":"missouri","orientation":"unverified"}},{"type":"Feature","geometry":{"type":"LineString","coordinates":[[-92.2662030563378,37.4779993059845],[-92.25869832224981,37.4908955238848],[-92.2468041724039,37.4956189020009],[-92.2371962092355,37.5025551453738],[-92.2366640029059,37.5062892641603],[-92.2298851704934,37.5047397214919]]},"properties":{"segment_id":"7810a0732fc94ef694b9e0c0","source_kmz":"missouri","orientation":"unverified"}},{"type":"Feature","geometry":{"type":"LineString","coordinates":[[-92.67887987268861,37.4998873248877],[-92.67428371734961,37.4877082295895],[-92.6708845864237,37.4870794679115]]},"properties":{"segment_id":"58321bb4c14ff9e2dcca0ce8","source_kmz":"missouri","orientation":"unverified"}},{"type":"Feature","geometry":{"type":"LineString","coordinates":[[-92.5024517429186,37.4756524463642],[-92.50016232072741,37.4951412415874],[-92.4916567168219,37.5082896656772],[-92.4947027750591,37.5236461628067],[-92.4866363348242,37.52743143956881],[-92.485444544076,37.5381118210289],[-92.47460892637532,37.55681703582451],[-92.477120600556,37.5689438980897],[-92.4693400684206,37.5738079008552]]},"properties":{"segment_id":"b37d38245536c65f1d7199c0","source_kmz":"missouri","orientation":"unverified"}},{"type":"Feature","geometry":{"type":"LineString","coordinates":[[-92.81098159248872,37.4728902904046],[-92.7871921254183,37.47628137741351],[-92.7654977918866,37.4944551724281]]},"properties":{"segment_id":"e46eef4e83f1b2dd3db26f0e","source_kmz":"missouri","orientation":"unverified"}},{"type":"Feature","geometry":{"type":"LineString","coordinates":[[-92.235764080757,37.4564317144616],[-92.2268308442603,37.4636559040256],[-92.22041540988072,37.4752442823461]]},"properties":{"segment_id":"9d281d2452f200db0a951b4c","source_kmz":"missouri","orientation":"unverified"}},{"type":"Feature","geometry":{"type":"LineString","coordinates":[[-92.2773343903646,37.4542299777715],[-92.27039111739882,37.4628576954536],[-92.2701958550473,37.473567652908],[-92.2662030563378,37.4779993059845]]},"properties":{"segment_id":"52e6dfa19fff9287a0d0e6e6","source_kmz":"missouri","orientation":"unverified"}},{"type":"Feature","geometry":{"type":"LineString","coordinates":[[-92.3378869317754,37.4700007938897],[-92.35142944452,37.4663898402387],[-92.36479701406013,37.4523244948976],[-92.3692836686473,37.4516550030265]]},"properties":{"segment_id":"cf3aa12a0c93ca2c63bd8fe9","source_kmz":"missouri","orientation":"unverified"}},{"type":"Feature","geometry":{"type":"LineString","coordinates":[[-92.2502903772204,37.446968562504],[-92.24799474961581,37.45171992597601],[-92.235764080757,37.4564317144616]]},"properties":{"segment_id":"b3d80d7064fee48da80c56e6","source_kmz":"missouri","orientation":"unverified"}},{"type":"Feature","geometry":{"type":"LineString","coordinates":[[-92.1329623365687,37.4631155825473],[-92.13481219267541,37.4604953032166],[-92.14027212574481,37.4609368060169],[-92.1434674681637,37.4521971187855],[-92.1510070482932,37.4521683375289],[-92.15953507517021,37.4462762612486],[-92.17043941850461,37.4474242814459],[-92.1768718620285,37.4422686875743]]},"properties":{"segment_id":"f28a11ed986a72fc19ed4eff","source_kmz":"missouri","orientation":"unverified"}},{"type":"Feature","geometry":{"type":"LineString","coordinates":[[-92.33470498984221,37.4511523883637],[-92.3515468176362,37.4500520308648],[-92.3617690367775,37.4441971338827]]},"properties":{"segment_id":"997ed1eee4aa38a4271bf129","source_kmz":"missouri","orientation":"unverified"}},{"type":"Feature","geometry":{"type":"LineString","coordinates":[[-92.66403386049961,37.4488558684755],[-92.66087588490231,37.4581441758456],[-92.6623278097368,37.4715769672212],[-92.6567124693057,37.4821369097836]]},"properties":{"segment_id":"550845a6e4f888511d155125","source_kmz":"missouri","orientation":"unverified"}},{"type":"Feature","geometry":{"type":"LineString","coordinates":[[-92.29563202400422,37.4239809913787],[-92.3038126915462,37.4247660716346],[-92.30850372246611,37.4337493965853],[-92.3245785648712,37.4342369368017],[-92.32900005490411,37.4279411727426]]},"properties":{"segment_id":"6c0c66ffd79d2340928b2eaa","source_kmz":"missouri","orientation":"unverified"}},{"type":"Feature","geometry":{"type":"LineString","coordinates":[[-92.59322941903791,37.4316224765818],[-92.5945117602258,37.4335335117519],[-92.57789317612432,37.4448526266936],[-92.55703460282132,37.4662285055698]]},"properties":{"segment_id":"a5debbf971f52448eb43ed36","source_kmz":"missouri","orientation":"unverified"}},{"type":"Feature","geometry":{"type":"LineString","coordinates":[[-92.80284967268622,37.4389281482386],[-92.7794302567825,37.4340239009388],[-92.76972413644762,37.436712505906]]},"properties":{"segment_id":"fbfb561915543375f591b6ff","source_kmz":"missouri","orientation":"unverified"}},{"type":"Feature","geometry":{"type":"LineString","coordinates":[[-92.51863725275152,37.4228103122756],[-92.4977521213407,37.4299782327147],[-92.4955107031381,37.4339317400794]]},"properties":{"segment_id":"27c6f637402cc8a7e3ad0113","source_kmz":"missouri","orientation":"unverified"}},{"type":"Feature","geometry":{"type":"LineString","coordinates":[[-92.6902495089181,37.4217157201848],[-92.69432671236183,37.4301303737269],[-92.7123938154939,37.44749564684581],[-92.71509442324441,37.4561400244582],[-92.7234009132582,37.4619892211349]]},"properties":{"segment_id":"10c118bae619bc486dc8599b","source_kmz":"missouri","orientation":"unverified"}},{"type":"Feature","geometry":{"type":"LineString","coordinates":[[-92.4300689228766,37.4130059235318],[-92.41548829514701,37.4171304317591],[-92.4114296769808,37.4231719637664],[-92.4029060767046,37.4223840002468],[-92.39938261340721,37.424422684192],[-92.4016210493456,37.4277036911111]]},"properties":{"segment_id":"8b3f947fb47a779cf9014d5a","source_kmz":"missouri","orientation":"unverified"}},{"type":"Feature","geometry":{"type":"LineString","coordinates":[[-92.2198771516639,37.4050359634736],[-92.21200050907291,37.4050583505855],[-92.1978465573442,37.42069056701201],[-92.184108113131,37.4481223647]]},"properties":{"segment_id":"5e4eec5d393701a1d88e6dd8","source_kmz":"missouri","orientation":"unverified"}},{"type":"Feature","geometry":{"type":"LineString","coordinates":[[-92.6523139193476,37.4048719357143],[-92.63736899357811,37.4098162401784],[-92.6364216483185,37.42318323239441],[-92.61976182678411,37.4280779653758]]},"properties":{"segment_id":"cac0c727a5b4914445fe7c56","source_kmz":"missouri","orientation":"unverified"}},{"type":"Feature","geometry":{"type":"LineString","coordinates":[[-92.8224905902488,37.4121232383634],[-92.8066818752455,37.4055480037593],[-92.8001157136047,37.4069822293111]]},"properties":{"segment_id":"94bd0b5865baa372c6d5bfef","source_kmz":"missouri","orientation":"unverified"}},{"type":"Feature","geometry":{"type":"LineString","coordinates":[[-92.5089754942164,37.3952093575717],[-92.50925720959651,37.4037895892067],[-92.5014475951027,37.41695873359]]},"properties":{"segment_id":"4cb210075c29e93207ec5d90","source_kmz":"missouri","orientation":"unverified"}},{"type":"Feature","geometry":{"type":"LineString","coordinates":[[-92.0933362827602,37.382542674803],[-92.1012998164612,37.3873535018871],[-92.1029578093508,37.3949086341316],[-92.11725040557252,37.40313642336951]]},"properties":{"segment_id":"443bc6b5bcaf21d2f1e202e3","source_kmz":"missouri","orientation":"unverified"}},{"type":"Feature","geometry":{"type":"LineString","coordinates":[[-92.8036075398868,37.3974316169943],[-92.79870554264632,37.3999809576258],[-92.8001157136047,37.4069822293111]]},"properties":{"segment_id":"91d4ea5ff11d4b27083f46c1","source_kmz":"missouri","orientation":"unverified"}},{"type":"Feature","geometry":{"type":"LineString","coordinates":[[-92.5745940150182,37.3901139970044],[-92.56247962178011,37.4152194928509],[-92.5573501609031,37.4150741700543],[-92.5590427133372,37.4228904406801],[-92.5686395335131,37.4301266237637],[-92.5692826971672,37.4384487596499],[-92.5537157821932,37.4417582704882],[-92.5475959147479,37.4555137705201]]},"properties":{"segment_id":"e107e422515ceb208fe7994b","source_kmz":"missouri","orientation":"unverified"}},{"type":"Feature","geometry":{"type":"LineString","coordinates":[[-92.4431160832799,37.3836534821207],[-92.42901483008781,37.3993126948691],[-92.4300689228766,37.4130059235318]]},"properties":{"segment_id":"4e219c99ec2fe4e44b6aefbb","source_kmz":"missouri","orientation":"unverified"}},{"type":"Feature","geometry":{"type":"LineString","coordinates":[[-92.7651581581882,37.3921275220102],[-92.7656673253574,37.3961588985199],[-92.7607291351199,37.3995093373893]]},"properties":{"segment_id":"a1eeea9e09f3d5090cab62cc","source_kmz":"missouri","orientation":"unverified"}},{"type":"Feature","geometry":{"type":"LineString","coordinates":[[-92.28104577037281,37.3937979485067],[-92.2943553677803,37.38777534207551],[-92.3039657697136,37.3872646763744],[-92.31296193478511,37.3784296499349]]},"properties":{"segment_id":"4375f5f9c507e663d417f302","source_kmz":"missouri","orientation":"unverified"}},{"type":"Feature","geometry":{"type":"LineString","coordinates":[[-92.56588312720872,37.37861713117611],[-92.56858889813222,37.3867298976821],[-92.5745940150182,37.3901139970044]]},"properties":{"segment_id":"46b06ba5e4202eba843ba004","source_kmz":"missouri","orientation":"unverified"}},{"type":"Feature","geometry":{"type":"LineString","coordinates":[[-92.5112093207903,37.3767898546557],[-92.5071732494995,37.3825671429945],[-92.5089754942164,37.3952093575717]]},"properties":{"segment_id":"14381d6549c402579847f08b","source_kmz":"missouri","orientation":"unverified"}},{"type":"Feature","geometry":{"type":"LineString","coordinates":[[-92.6343048257627,37.3791945256416],[-92.6291192545362,37.3878902642121],[-92.6291986318097,37.4087860915771],[-92.6222260277132,37.4115388478327]]},"properties":{"segment_id":"5c4aa70f9ec530ff51c57fe6","source_kmz":"missouri","orientation":"unverified"}},{"type":"Feature","geometry":{"type":"LineString","coordinates":[[-92.6166161278866,37.3768276078966],[-92.6215378379318,37.3890188263816],[-92.6222260277132,37.4115388478327]]},"properties":{"segment_id":"705d8f329be17b0ffea200e3","source_kmz":"missouri","orientation":"unverified"}},{"type":"Feature","geometry":{"type":"LineString","coordinates":[[-92.10591166005212,37.3515994877622],[-92.0994821400488,37.3567514785479],[-92.0956912488874,37.3702938436188]]},"properties":{"segment_id":"73680c286c893fe2e970f1bc","source_kmz":"missouri","orientation":"unverified"}},{"type":"Feature","geometry":{"type":"LineString","coordinates":[[-92.62543848476821,37.3634118767585],[-92.6190440175499,37.3685912907977],[-92.6166161278866,37.3768276078966]]},"properties":{"segment_id":"706c9cb181506ac02a281f3e","source_kmz":"missouri","orientation":"unverified"}},{"type":"Feature","geometry":{"type":"LineString","coordinates":[[-92.69479171688512,37.3580884590662],[-92.7014481289475,37.362287550105],[-92.7111547217436,37.3826406150837]]},"properties":{"segment_id":"992814b8c5dd73991123ad59","source_kmz":"missouri","orientation":"unverified"}},{"type":"Feature","geometry":{"type":"LineString","coordinates":[[-92.4618487707305,37.3496436076296],[-92.4343841995085,37.3587514364198],[-92.4172225782984,37.3598532178615],[-92.40641044831871,37.3640876410946],[-92.40245230731601,37.3610235173767],[-92.39388845429491,37.3682703286292]]},"properties":{"segment_id":"ab12cf152fb16830c5b1d296","source_kmz":"missouri","orientation":"unverified"}},{"type":"Feature","geometry":{"type":"LineString","coordinates":[[-92.21114371356221,37.3412681659265],[-92.2109402424291,37.3519784529323],[-92.1990105821502,37.3577673243467],[-92.1872000760411,37.3745433993094],[-92.1820741937301,37.3743822292224]]},"properties":{"segment_id":"cf2a1c13086a05ed00c37bb2","source_kmz":"missouri","orientation":"unverified"}},{"type":"Feature","geometry":{"type":"LineString","coordinates":[[-92.5865100680087,37.3467862283791],[-92.58714223386481,37.3553760296282],[-92.5745940150182,37.3901139970044]]},"properties":{"segment_id":"c8fb949be55b4a035ac9913d","source_kmz":"missouri","orientation":"unverified"}},{"type":"Feature","geometry":{"type":"LineString","coordinates":[[-92.6109748961918,37.3429183032063],[-92.6072534514525,37.3570115742464],[-92.6166161278866,37.3768276078966]]},"properties":{"segment_id":"fad7a67948d9d2616f1e61ca","source_kmz":"missouri","orientation":"unverified"}},{"type":"Feature","geometry":{"type":"LineString","coordinates":[[-92.5216186881308,37.3371742920762],[-92.516685968297,37.340247339517],[-92.5130095132274,37.3530001136496],[-92.50058531930482,37.3625540752228],[-92.48728537677842,37.3833325775624],[-92.4859695228709,37.3966886031307],[-92.5014475951027,37.41695873359]]},"properties":{"segment_id":"e28f311655d6be86de627f94","source_kmz":"missouri","orientation":"unverified"}},{"type":"Feature","geometry":{"type":"LineString","coordinates":[[-92.6392554813421,37.3378119346618],[-92.6525952784921,37.3454132829023],[-92.6659918564626,37.3441749925946]]},"properties":{"segment_id":"a2a0b735204ed9c722cd84dc","source_kmz":"missouri","orientation":"unverified"}},{"type":"Feature","geometry":{"type":"LineString","coordinates":[[-92.17379584561762,37.3224128936343],[-92.185074402239,37.3425943587495],[-92.1861651019328,37.3546850001196],[-92.19042823216671,37.3583018780722],[-92.1848506000143,37.3669678822446]]},"properties":{"segment_id":"6c66c802836011058b7a3c45","source_kmz":"missouri","orientation":"unverified"}},{"type":"Feature","geometry":{"type":"LineString","coordinates":[[-92.47743936253642,37.3310772852001],[-92.4655211155248,37.3371598891337],[-92.4618487707305,37.3496436076296]]},"properties":{"segment_id":"d5c3b9309d63f2825d5fe6d3","source_kmz":"missouri","orientation":"unverified"}},{"type":"Feature","geometry":{"type":"LineString","coordinates":[[-92.4164486155715,37.33330889375311],[-92.4069880810141,37.3308858263311],[-92.4034561283098,37.3331922042366],[-92.4012204537971,37.3299111269005],[-92.3937582154125,37.328617871697],[-92.3919337339506,37.330974684992]]},"properties":{"segment_id":"4104271205421b38a54ad000","source_kmz":"missouri","orientation":"unverified"}},{"type":"Feature","geometry":{"type":"LineString","coordinates":[[-92.79076265287641,37.3381648739965],[-92.79933451729262,37.3456234493299],[-92.80398834928342,37.356728163554]]},"properties":{"segment_id":"a4c600d3a0320d46ccb4594f","source_kmz":"missouri","orientation":"unverified"}},{"type":"Feature","geometry":{"type":"LineString","coordinates":[[-92.2084908073788,37.3194839173479],[-92.207727316992,37.3344634646947],[-92.21114371356221,37.3412681659265]]},"properties":{"segment_id":"b52c57270bb5e14547a0e57a","source_kmz":"missouri","orientation":"unverified"}},{"type":"Feature","geometry":{"type":"LineString","coordinates":[[-92.6906694221605,37.3277072473734],[-92.7070025012152,37.3450272998613],[-92.69322586565882,37.3548314212889],[-92.69479171688512,37.3580884590662]]},"properties":{"segment_id":"029ad3b5f7b47471a72badc8","source_kmz":"missouri","orientation":"unverified"}},{"type":"Feature","geometry":{"type":"LineString","coordinates":[[-92.664110482467,37.3251045516679],[-92.658746758297,37.3303143061047],[-92.6588480577894,37.3356744959235],[-92.6659918564626,37.3441749925946]]},"properties":{"segment_id":"0e477bb03fa2d398bdb535bf","source_kmz":"missouri","orientation":"unverified"}},{"type":"Feature","geometry":{"type":"LineString","coordinates":[[-92.3439599714094,37.3118562918266],[-92.34784722406233,37.30232887758291],[-92.35333613098683,37.3019583025993]]},"properties":{"segment_id":"7f6c4a12c51fdd34da1a5454","source_kmz":"missouri","orientation":"unverified"}},{"type":"Feature","geometry":{"type":"LineString","coordinates":[[-92.33588550931181,37.295270257666],[-92.3413734593263,37.3018657699148],[-92.35333613098683,37.3019583025993]]},"properties":{"segment_id":"866a74820eff5f651863b768","source_kmz":"missouri","orientation":"unverified"}},{"type":"Feature","geometry":{"type":"LineString","coordinates":[[-92.7507686763064,37.306296036819],[-92.7378053194954,37.3134481527102],[-92.7273718488474,37.3252209209111]]},"properties":{"segment_id":"1ca75199a1f90154b7aeaffc","source_kmz":"missouri","orientation":"unverified"}},{"type":"Feature","geometry":{"type":"LineString","coordinates":[[-92.7330701187028,37.3044811276275],[-92.72673527267082,37.3085961230696],[-92.72182445161842,37.31917807609]]},"properties":{"segment_id":"16be64dbab2696eda1d6c745","source_kmz":"missouri","orientation":"unverified"}},{"type":"Feature","geometry":{"type":"LineString","coordinates":[[-92.45094680838052,37.3056588002355],[-92.44922998175932,37.298643278288],[-92.4410144464586,37.291704966187]]},"properties":{"segment_id":"edd5aa0faf24f2b1581abbd8","source_kmz":"missouri","orientation":"unverified"}},{"type":"Feature","geometry":{"type":"LineString","coordinates":[[-92.48864535209552,37.3038097005128],[-92.46828586150082,37.3005393938817],[-92.449284194652,37.29034011948811],[-92.4410528181113,37.2909024041165]]},"properties":{"segment_id":"5d1911c2efe5b15e6bf05a39","source_kmz":"missouri","orientation":"unverified"}},{"type":"Feature","geometry":{"type":"LineString","coordinates":[[-92.701552557633,37.2905021962634],[-92.7012087402523,37.2982610548504],[-92.70568111763092,37.3053472424671],[-92.72182445161842,37.31917807609]]},"properties":{"segment_id":"51e5502ab2738156904bbb3b","source_kmz":"missouri","orientation":"unverified"}},{"type":"Feature","geometry":{"type":"LineString","coordinates":[[-92.2225184265044,37.27223205439711],[-92.2362636410139,37.2707843205521],[-92.2504887608499,37.27336867803291]]},"properties":{"segment_id":"37940e0f52ffbff467083729","source_kmz":"missouri","orientation":"unverified"}},{"type":"Feature","geometry":{"type":"LineString","coordinates":[[-92.5758886511367,37.3025547231309],[-92.57101343475321,37.2970592946634],[-92.5845054853819,37.2786884527787]]},"properties":{"segment_id":"f2e55a090319b3903f2c9081","source_kmz":"missouri","orientation":"unverified"}},{"type":"Feature","geometry":{"type":"LineString","coordinates":[[-92.5241100760732,37.31313612404271],[-92.51880533788172,37.302268478394],[-92.5006677418177,37.2880839348098],[-92.498617878828,37.2807916845641],[-92.4853180144709,37.2729057192716]]},"properties":{"segment_id":"25edcbd248256d66e83bd8d6","source_kmz":"missouri","orientation":"unverified"}},{"type":"Feature","geometry":{"type":"LineString","coordinates":[[-92.5300760209769,37.287857824153],[-92.5209426345645,37.2784878009169],[-92.4853180144709,37.2729057192716]]},"properties":{"segment_id":"71b75c533f8bbf4e394725bd","source_kmz":"missouri","orientation":"unverified"}},{"type":"Feature","geometry":{"type":"LineString","coordinates":[[-92.4853180144709,37.2729057192716],[-92.4748897082375,37.26938808438461],[-92.4611748591613,37.2703278190635],[-92.45968251529293,37.2729631906179]]},"properties":{"segment_id":"25bd848325118965471c8586","source_kmz":"missouri","orientation":"unverified"}},{"type":"Feature","geometry":{"type":"LineString","coordinates":[[-92.82254484858711,37.2747159566048],[-92.8341963736829,37.2739494303645],[-92.838190330464,37.2764644151256],[-92.8354485071079,37.29273216754201],[-92.8277767015077,37.3043173634156],[-92.8291877943029,37.3113185269803],[-92.8249174172138,37.3232602779208]]},"properties":{"segment_id":"b9f05d8d8325d01c44eb62c2","source_kmz":"missouri","orientation":"unverified"}},{"type":"Feature","geometry":{"type":"LineString","coordinates":[[-92.6346593367346,37.2806272072027],[-92.6295367762829,37.2729842721848],[-92.6154689359541,37.2666988364964]]},"properties":{"segment_id":"9360de7b978171642f2101a8","source_kmz":"missouri","orientation":"unverified"}},{"type":"Feature","geometry":{"type":"LineString","coordinates":[[-92.77221119260912,37.2691000433896],[-92.7676275742909,37.280228200909],[-92.77247481529712,37.2945541242244],[-92.80101435337082,37.30656066136],[-92.8105049982061,37.3164535462149],[-92.8249174172138,37.3232602779208]]},"properties":{"segment_id":"a2cf8eb9804d400fac723a29","source_kmz":"missouri","orientation":"unverified"}},{"type":"Feature","geometry":{"type":"LineString","coordinates":[[-92.5845054853819,37.2786884527787],[-92.59001771211652,37.2702714298799],[-92.5889834024835,37.2630094705448]]},"properties":{"segment_id":"8e4fafb94b4c9249fcb597b7","source_kmz":"missouri","orientation":"unverified"}},{"type":"Feature","geometry":{"type":"LineString","coordinates":[[-92.7290987175956,37.2548184380924],[-92.7210144187724,37.2599573463219],[-92.70264789091152,37.28892477700481]]},"properties":{"segment_id":"45f00e48cb4c96ac9b7cfd0f","source_kmz":"missouri","orientation":"unverified"}},{"type":"Feature","geometry":{"type":"LineString","coordinates":[[-92.65344694299893,37.2428409503161],[-92.6428220073316,37.2436184841679],[-92.6332713933575,37.2508540933534]]},"properties":{"segment_id":"e7e003adcac4379c71e56325","source_kmz":"missouri","orientation":"unverified"}},{"type":"Feature","geometry":{"type":"LineString","coordinates":[[-92.5520760185414,37.24830257981441],[-92.5511943486844,37.2378297909398],[-92.5439125024561,37.2328002003071]]},"properties":{"segment_id":"87d5a4f4a226ee515675f818","source_kmz":"missouri","orientation":"unverified"}},{"type":"Feature","geometry":{"type":"LineString","coordinates":[[-92.31439548841901,37.2252293013387],[-92.3279518419769,37.2551115972724],[-92.34417165206861,37.2657826961729],[-92.34726920238292,37.2723059169174],[-92.3448667747867,37.2864325839891],[-92.33588550931181,37.295270257666]]},"properties":{"segment_id":"53c01b71a53f72fd214128d4","source_kmz":"missouri","orientation":"unverified"}},{"type":"Feature","geometry":{"type":"LineString","coordinates":[[-92.706215284804,37.2391975822445],[-92.69461537373292,37.2388816121624],[-92.6832061554176,37.2342837190828],[-92.66438887948982,37.2426069765049]]},"properties":{"segment_id":"26e6a6e8b22779f6c701401b","source_kmz":"missouri","orientation":"unverified"}},{"type":"Feature","geometry":{"type":"LineString","coordinates":[[-92.6126021290687,37.2320618646566],[-92.6045366610763,37.2366579571481],[-92.59935753518522,37.2453528650846],[-92.56703119688571,37.2425658776619]]},"properties":{"segment_id":"9e5b148ab53b8e79e60c4c80","source_kmz":"missouri","orientation":"unverified"}},{"type":"Feature","geometry":{"type":"LineString","coordinates":[[-92.221712187026,37.2207654049211],[-92.23603537370431,37.2212114763244],[-92.2557041854687,37.2376286841729]]},"properties":{"segment_id":"bb84955b5855354bdad2a3ca","source_kmz":"missouri","orientation":"unverified"}},{"type":"Feature","geometry":{"type":"LineString","coordinates":[[-92.47347877554711,37.2270192926111],[-92.47677532107951,37.2367595809641],[-92.47218573027591,37.2615404253918]]},"properties":{"segment_id":"a61ef20f5646886a4b89a1d0","source_kmz":"missouri","orientation":"unverified"}},{"type":"Feature","geometry":{"type":"LineString","coordinates":[[-92.3453275830541,37.2143785480948],[-92.3578133774614,37.2104681581688],[-92.3731844311829,37.2103937456459]]},"properties":{"segment_id":"13b717abf7bdba40f57d5458","source_kmz":"missouri","orientation":"unverified"}},{"type":"Feature","geometry":{"type":"LineString","coordinates":[[-92.2054639415557,37.1910528956107],[-92.2291690541793,37.20840528228851],[-92.2485415066743,37.2170448564084]]},"properties":{"segment_id":"71e5ee1d6da70c97407a47be","source_kmz":"missouri","orientation":"unverified"}},{"type":"Feature","geometry":{"type":"LineString","coordinates":[[-92.4721561880489,37.1972437742618],[-92.490960015236,37.2039519904486],[-92.5011789612879,37.2117488928234]]},"properties":{"segment_id":"549f5635c5193f49d77fc056","source_kmz":"missouri","orientation":"unverified"}},{"type":"Feature","geometry":{"type":"LineString","coordinates":[[-92.620711122303,37.20389256349581],[-92.610079227117,37.2049347858176],[-92.5922751370029,37.1985414133442],[-92.58339755648,37.1985590899374],[-92.5721982259717,37.18966994939451]]},"properties":{"segment_id":"e82e7efe14457a5347759489","source_kmz":"missouri","orientation":"unverified"}},{"type":"Feature","geometry":{"type":"LineString","coordinates":[[-92.23710311807251,37.1730176428591],[-92.245138377731,37.1829126818626],[-92.2510945161256,37.2002446456336],[-92.2485415066743,37.2170448564084]]},"properties":{"segment_id":"18650099171fb90ec9fa3bc1","source_kmz":"missouri","orientation":"unverified"}},{"type":"Feature","geometry":{"type":"LineString","coordinates":[[-92.3090886358777,37.18755901880861],[-92.3162236808093,37.1813462950995],[-92.33379181801462,37.1781288870132],[-92.3373974360691,37.17421927608811]]},"properties":{"segment_id":"1cefaa7bf02fec03a5b262fa","source_kmz":"missouri","orientation":"unverified"}},{"type":"Feature","geometry":{"type":"LineString","coordinates":[[-92.69605411090942,37.1987392366537],[-92.6925525546546,37.1930181429737],[-92.6706586661653,37.1787559330099]]},"properties":{"segment_id":"d5231a157ae94b930646fb46","source_kmz":"missouri","orientation":"unverified"}},{"type":"Feature","geometry":{"type":"LineString","coordinates":[[-92.2668775368747,37.1441997573031],[-92.2714866259016,37.1475570681019],[-92.2994375133716,37.1481474137177],[-92.3110182195757,37.1554671567588],[-92.31869418827111,37.1658820294933]]},"properties":{"segment_id":"86a8d221856ffca73ed300be","source_kmz":"missouri","orientation":"unverified"}},{"type":"Feature","geometry":{"type":"LineString","coordinates":[[-92.4997113165381,37.1484817512159],[-92.51467869723923,37.1494496876944],[-92.528213250016,37.1592153890608]]},"properties":{"segment_id":"2dea63ba3bdc5f91a0b18d49","source_kmz":"missouri","orientation":"unverified"}},{"type":"Feature","geometry":{"type":"LineString","coordinates":[[-92.6689533419871,37.1481700099443],[-92.64640750955671,37.156387491726],[-92.6357252435925,37.166270742377]]},"properties":{"segment_id":"f0a36c980c9dcd2071a2c7db","source_kmz":"missouri","orientation":"unverified"}},{"type":"Feature","geometry":{"type":"LineString","coordinates":[[-92.4500827912402,37.137390840417],[-92.44868818103112,37.1523528889459],[-92.44180559808271,37.1607237792854],[-92.43908382360351,37.174842885954]]},"properties":{"segment_id":"d37a4b18da7a9c6405319ff5","source_kmz":"missouri","orientation":"unverified"}},{"type":"Feature","geometry":{"type":"LineString","coordinates":[[-92.72232370964952,37.1448057995995],[-92.7077999026185,37.1492333403981],[-92.6796477863597,37.1455172376939],[-92.6689533419871,37.1481700099443]]},"properties":{"segment_id":"040c9a64b8d3285220deeb99","source_kmz":"missouri","orientation":"unverified"}},{"type":"Feature","geometry":{"type":"LineString","coordinates":[[-92.4061509220574,37.1216260022778],[-92.4029876076651,37.1306411420838],[-92.39786510568581,37.1307566020702],[-92.3875331834283,37.1398255707744],[-92.38471111908181,37.155816273798],[-92.3610324242123,37.1725210413669]]},"properties":{"segment_id":"e7caabf76b7e4a247c544e6c","source_kmz":"missouri","orientation":"unverified"}},{"type":"Feature","geometry":{"type":"LineString","coordinates":[[-92.3715664360375,37.1173781844153],[-92.34982248107131,37.1226180855257],[-92.34445139975091,37.1278143183972]]},"properties":{"segment_id":"bfc45a6408ea141e105f1d1f","source_kmz":"missouri","orientation":"unverified"}},{"type":"Feature","geometry":{"type":"LineString","coordinates":[[-92.28329407710362,37.1160367863779],[-92.3084196728871,37.11144789935591],[-92.3280526157832,37.114457073209],[-92.3400371084127,37.12044685010981]]},"properties":{"segment_id":"8666b9e1b988efc1263618e9","source_kmz":"missouri","orientation":"unverified"}},{"type":"Feature","geometry":{"type":"LineString","coordinates":[[-92.648844335611,37.1173429454649],[-92.6339674285805,37.1522915850983],[-92.6206667210315,37.159689665956]]},"properties":{"segment_id":"68ca67f5ca68c9beae612075","source_kmz":"missouri","orientation":"unverified"}},{"type":"Feature","geometry":{"type":"LineString","coordinates":[[-92.6107450340364,37.1152095505206],[-92.60675514778761,37.1204556000053],[-92.5908911329352,37.1242958053035],[-92.5735311223102,37.1235373035494],[-92.55375699279261,37.1307445771664]]},"properties":{"segment_id":"93a669480d90aeb63c46b3ec","source_kmz":"missouri","orientation":"unverified"}},{"type":"Feature","geometry":{"type":"LineString","coordinates":[[-92.3228850357468,37.0947412595829],[-92.3250707070212,37.0988266613687],[-92.3318015084471,37.1006386528733],[-92.3314727474009,37.1073268651139],[-92.3400371084127,37.12044685010981]]},"properties":{"segment_id":"3a59ee11f0c48b7ee0d2c5b1","source_kmz":"missouri","orientation":"unverified"}},{"type":"Feature","geometry":{"type":"LineString","coordinates":[[-92.0374719982478,37.85252910188],[-92.0581940376576,37.8580217564927],[-92.0627953830288,37.8621885960021],[-92.06219643623632,37.8734209079729]]},"properties":{"segment_id":"22862fabc25b3f26ebc9ef4b","source_kmz":"missouri","orientation":"unverified"}},{"type":"Feature","geometry":{"type":"LineString","coordinates":[[-92.1094209570991,37.7881367894294],[-92.1097961879449,37.8071692194504],[-92.0982560055841,37.8105514163697],[-92.0975874561178,37.8166916177567],[-92.08905019362442,37.8153468390697],[-92.0894404775262,37.8209851392174],[-92.08279534067032,37.822915276653],[-92.0830115240894,37.8253332724019]]},"properties":{"segment_id":"f578eff4b7143bddb36e5ba7","source_kmz":"missouri","orientation":"unverified"}},{"type":"Feature","geometry":{"type":"LineString","coordinates":[[-92.00257631005171,37.7779858825362],[-92.0134957296645,37.7861124112514],[-92.01983896940371,37.7833725156604],[-92.0205712498859,37.7761629543192],[-92.0250806298327,37.7755062302308]]},"properties":{"segment_id":"ff035158ee7740d7a643a575","source_kmz":"missouri","orientation":"unverified"}},{"type":"Feature","geometry":{"type":"LineString","coordinates":[[-92.1092570079684,37.7650925763575],[-92.1001330965514,37.77498132260721],[-92.1055596835129,37.77649412967741],[-92.1094209570991,37.7881367894294]]},"properties":{"segment_id":"d01ff1f3440529b54a4ced89","source_kmz":"missouri","orientation":"unverified"}},{"type":"Feature","geometry":{"type":"LineString","coordinates":[[-92.07829509923342,37.7584752923699],[-92.0652123852118,37.7521601522756],[-92.0576150067983,37.7591481923386]]},"properties":{"segment_id":"62a3ae5e253ef0bcd1dfeaaa","source_kmz":"missouri","orientation":"unverified"}},{"type":"Feature","geometry":{"type":"LineString","coordinates":[[-91.96963284224852,37.7383226916038],[-91.9708814633063,37.73434524469131],[-91.9773470564408,37.7356303614924],[-91.9857619227595,37.7326927159931],[-92.0138135680589,37.7419181243534],[-92.0195094123722,37.7383534560068]]},"properties":{"segment_id":"6e377209592b8eec5676f4c0","source_kmz":"missouri","orientation":"unverified"}},{"type":"Feature","geometry":{"type":"LineString","coordinates":[[-92.1200066608193,37.7110519943296],[-92.1136671531659,37.7073673717786],[-92.1057020302599,37.7084526696222],[-92.10278175038391,37.7051445394566],[-92.09639185386952,37.708958588427],[-92.0998434892052,37.71523077476961],[-92.0940076456427,37.7150439367749],[-92.08947022016041,37.7098083483486],[-92.08405245114703,37.7147245687361],[-92.08559908534271,37.7179890581363],[-92.0752860522439,37.7179253992511],[-92.0708540900674,37.7236765111063]]},"properties":{"segment_id":"f69b77bf6623f23816d7d043","source_kmz":"missouri","orientation":"unverified"}},{"type":"Feature","geometry":{"type":"LineString","coordinates":[[-91.99178474193661,37.69136434296961],[-91.9991570290785,37.7012514609079],[-91.9992689244404,37.7055417346817],[-91.9943190181991,37.7080582978484],[-91.9958285544392,37.7182885628508],[-92.0027196963793,37.724408744933]]},"properties":{"segment_id":"478031b171336d6c9789fb9d","source_kmz":"missouri","orientation":"unverified"}},{"type":"Feature","geometry":{"type":"LineString","coordinates":[[-92.0276630064855,37.6761965378182],[-92.0381554728001,37.685647078398],[-92.044331999664,37.68584772891111],[-92.0433884145747,37.6906394458692],[-92.0523820125461,37.6895915650649],[-92.0523400715132,37.6968236942343],[-92.0630395726922,37.7089576016857]]},"properties":{"segment_id":"f7d5bc3925a2e3731ff98e76","source_kmz":"missouri","orientation":"unverified"}},{"type":"Feature","geometry":{"type":"LineString","coordinates":[[-91.91659450745031,37.6709171776169],[-91.9314390954835,37.6759685001286],[-91.93606060489482,37.6731755945114],[-91.9415115848609,37.6803232458399],[-91.9420424646353,37.68945022763841]]},"properties":{"segment_id":"4ba8943964d0cc94fa7e9227","source_kmz":"missouri","orientation":"unverified"}},{"type":"Feature","geometry":{"type":"LineString","coordinates":[[-91.8960708345568,37.66915584415411],[-91.90097706153682,37.6674455315844],[-91.90895871347742,37.6722685621309],[-91.91659450745031,37.6709171776169]]},"properties":{"segment_id":"5c904fa73772f2f916586b9a","source_kmz":"missouri","orientation":"unverified"}},{"type":"Feature","geometry":{"type":"LineString","coordinates":[[-92.1277521420839,37.6681666214703],[-92.11567319742392,37.6822487590157],[-92.1073395395146,37.6838581377723],[-92.10635785298112,37.6894526980437],[-92.0889129778759,37.6878224803793],[-92.0747187763593,37.6962069569061],[-92.0722428839343,37.6910370048027],[-92.065511437622,37.70126817478871]]},"properties":{"segment_id":"d587e30109ff37efe2ffbb43","source_kmz":"missouri","orientation":"unverified"}},{"type":"Feature","geometry":{"type":"LineString","coordinates":[[-92.11625094040161,37.6450288668369],[-92.1106371489551,37.6472608566565],[-92.10041842525821,37.6455945920567]]},"properties":{"segment_id":"7d3c9d54ded42b9c81878d4a","source_kmz":"missouri","orientation":"unverified"}},{"type":"Feature","geometry":{"type":"LineString","coordinates":[[-92.01593746755891,37.6450036546818],[-92.0283971569634,37.6496972045266],[-92.0322423855852,37.6420530657055],[-92.03934369389542,37.6505894750141],[-92.05047590534402,37.6480039432405]]},"properties":{"segment_id":"c830f16f518f673b3cace88d","source_kmz":"missouri","orientation":"unverified"}},{"type":"Feature","geometry":{"type":"LineString","coordinates":[[-91.9542015925418,37.636806233913],[-91.9480147701837,37.6368684517853],[-91.9403888496056,37.644384255308]]},"properties":{"segment_id":"4be43dd32cf82e076b7f9438","source_kmz":"missouri","orientation":"unverified"}},{"type":"Feature","geometry":{"type":"LineString","coordinates":[[-91.88532285715971,37.6213696674818],[-91.89311876492381,37.623240479786],[-91.90666646247651,37.6204815642013]]},"properties":{"segment_id":"ecb220feccec8e3f415c72db","source_kmz":"missouri","orientation":"unverified"}},{"type":"Feature","geometry":{"type":"LineString","coordinates":[[-92.1191708961973,37.62208226595661],[-92.1130117001195,37.6347451995082],[-92.10266801373432,37.6354862214865],[-92.10041842525821,37.6455945920567]]},"properties":{"segment_id":"d3f23461369584d1f22690ce","source_kmz":"missouri","orientation":"unverified"}},{"type":"Feature","geometry":{"type":"LineString","coordinates":[[-91.99828631323962,37.6028976650425],[-92.0049971729537,37.6057972942279],[-92.0110545248915,37.6017092571293],[-92.01759331256882,37.607817545426],[-92.0240789837484,37.6021353938686],[-92.0249064051237,37.6059132465706],[-92.03971700764811,37.6050564261968]]},"properties":{"segment_id":"ddb43a9f04d19e7fa846f90e","source_kmz":"missouri","orientation":"unverified"}},{"type":"Feature","geometry":{"type":"LineString","coordinates":[[-92.0903729157535,37.6016036611656],[-92.0934947713162,37.61402766152321],[-92.0804635384815,37.6331661253334],[-92.0915211462929,37.6319140945967],[-92.098290203836,37.6468659568144]]},"properties":{"segment_id":"360119940359ab3a1fbf95f0","source_kmz":"missouri","orientation":"unverified"}},{"type":"Feature","geometry":{"type":"LineString","coordinates":[[-92.07083095465842,37.5881146530283],[-92.0646766942386,37.5876478863356],[-92.06072233923152,37.59100282088231],[-92.05605255563731,37.5884403558617],[-92.0551679042423,37.5921624755601],[-92.0458291798984,37.5934669056185]]},"properties":{"segment_id":"2c074676ae55d0be4806abf7","source_kmz":"missouri","orientation":"unverified"}},{"type":"Feature","geometry":{"type":"LineString","coordinates":[[-92.1145298158518,37.5796050873385],[-92.1102834402737,37.5885782892574],[-92.0903729157535,37.6016036611656]]},"properties":{"segment_id":"c6cbf87b3cf3ab3cbf6cbbb6","source_kmz":"missouri","orientation":"unverified"}},{"type":"Feature","geometry":{"type":"LineString","coordinates":[[-91.8375316872561,37.5672288790476],[-91.84664403912981,37.5761144056234],[-91.8548366423472,37.5769296716741],[-91.85821686848801,37.584011174403],[-91.8707308068788,37.5873837681824],[-91.8669015976939,37.5944880512187],[-91.8723103351335,37.6021737984338],[-91.880908290527,37.6019292081206],[-91.8810866557332,37.5987200381381],[-91.88904478092232,37.6038118889848],[-91.89388757605171,37.6031715591829],[-91.90666646247651,37.6204815642013]]},"properties":{"segment_id":"f98ef07f8f0f3bface79c1fd","source_kmz":"missouri","orientation":"unverified"}},{"type":"Feature","geometry":{"type":"LineString","coordinates":[[-92.1007098955441,37.5617488794312],[-92.0931635463468,37.5682045488481],[-92.0940312077453,37.5843070225123],[-92.0880967162235,37.5926895190561],[-92.0903729157535,37.6016036611656]]},"properties":{"segment_id":"b87db0b0e615b6b0c4b7d0f2","source_kmz":"missouri","orientation":"unverified"}},{"type":"Feature","geometry":{"type":"LineString","coordinates":[[-91.9565091758186,37.5567733079231],[-91.96508703725341,37.5567902148681],[-91.96610800888051,37.5632543136724],[-91.9856243680895,37.5767602132729],[-91.98230882171012,37.5809375515105],[-91.9905179050598,37.5814762411167],[-91.9946111086236,37.5883090748835],[-92.00470423161241,37.5921238076504],[-92.00919966847451,37.5978975973646],[-92.0141848642754,37.5945780180624],[-92.0219811988041,37.5964405957654],[-92.0243244687307,37.5911588192149],[-92.0283926578169,37.5985253952288],[-92.04240202928871,37.5997854655331]]},"properties":{"segment_id":"b15663a581aaddb0ea26fbaa","source_kmz":"missouri","orientation":"unverified"}},{"type":"Feature","geometry":{"type":"LineString","coordinates":[[-91.8549777582763,37.5437099173085],[-91.8651615374763,37.55182683380211],[-91.88285259359682,37.5545704522606],[-91.88949682780141,37.5647087921835],[-91.8859983357774,37.5720927282629],[-91.8982724930792,37.5735788843789],[-91.90049570904021,37.5830314725975],[-91.9068287513769,37.5864598491272],[-91.8975939908064,37.5920433933159],[-91.90922221460583,37.6052954842944],[-91.9146619644836,37.6062819686527],[-91.92167693906902,37.6223249526442]]},"properties":{"segment_id":"95704405c109e537029b4f20","source_kmz":"missouri","orientation":"unverified"}},{"type":"Feature","geometry":{"type":"LineString","coordinates":[[-91.9957398156455,37.54199560455241],[-91.99682099759272,37.5473896784634],[-92.0023874077696,37.5459652214703],[-92.005354567623,37.5482060935846],[-92.0020702434553,37.5518491046616],[-92.0066638511459,37.5557509121945],[-92.017368635077,37.5544943392861],[-92.0219470762229,37.5650930331258]]},"properties":{"segment_id":"9626a5ea56688a231fa3bb90","source_kmz":"missouri","orientation":"unverified"}},{"type":"Feature","geometry":{"type":"LineString","coordinates":[[-92.0995118776763,37.52581025588181],[-92.0890462678719,37.5356548346154],[-92.08585128847041,37.5376953570149],[-92.08182651042661,37.5359582648127],[-92.07769182891882,37.5427907682728],[-92.0716996216028,37.54581235549381],[-92.0676889143684,37.5438073419824],[-92.05902869532652,37.5518324435741]]},"properties":{"segment_id":"a06761bd140a7d4e85ad7199","source_kmz":"missouri","orientation":"unverified"}},{"type":"Feature","geometry":{"type":"LineString","coordinates":[[-91.8696442964692,37.5144675022623],[-91.8790808306379,37.5174671537315],[-91.8922727877733,37.5331860727573],[-91.91211814095712,37.5341227743742],[-91.9190668780945,37.5512359824918],[-91.9253245903328,37.5560006213572],[-91.9239001159388,37.5631870505887],[-91.9303549316761,37.5706372756665],[-91.926096894594,37.573174074482],[-91.9313730672443,37.5771016402709],[-91.9293662688299,37.58239310889891],[-91.9401170282724,37.5929335226499]]},"properties":{"segment_id":"ee3280bbdfefa287b8a1c4e9","source_kmz":"missouri","orientation":"unverified"}},{"type":"Feature","geometry":{"type":"LineString","coordinates":[[-91.8550888697201,37.5110247145468],[-91.86064034788322,37.5098741620694],[-91.8696442964692,37.5144675022623]]},"properties":{"segment_id":"03bb40ac644b8e46f6dd26cb","source_kmz":"missouri","orientation":"unverified"}},{"type":"Feature","geometry":{"type":"LineString","coordinates":[[-92.07195856550172,37.5150103423875],[-92.0640437061186,37.5219881502797],[-92.0663857582895,37.5295656284069],[-92.0566996869706,37.53755736202321],[-92.0541479925133,37.5532817132612]]},"properties":{"segment_id":"85c4457ba2e7b36649b7ad77","source_kmz":"missouri","orientation":"unverified"}},{"type":"Feature","geometry":{"type":"LineString","coordinates":[[-91.9527442567973,37.5188699898731],[-91.9608589028162,37.5210153618378],[-91.9621480033508,37.516235437043],[-91.96985393913852,37.5132759755447],[-91.9690594082314,37.5089627535818],[-91.97806103794821,37.507385405566]]},"properties":{"segment_id":"e6ac13e13f90572e6c37505c","source_kmz":"missouri","orientation":"unverified"}},{"type":"Feature","geometry":{"type":"LineString","coordinates":[[-91.8556266116102,37.5013970597664],[-91.8644061767154,37.5038396489248],[-91.8696442964692,37.5144675022623]]},"properties":{"segment_id":"90e6c60123a31e5d10e65789","source_kmz":"missouri","orientation":"unverified"}},{"type":"Feature","geometry":{"type":"LineString","coordinates":[[-92.067801226533,37.4963895556539],[-92.0747653706989,37.5073313887449],[-92.0676638647275,37.511924407293],[-92.07195856550172,37.5150103423875]]},"properties":{"segment_id":"98b4403be7b8ca9fe4d20abf","source_kmz":"missouri","orientation":"unverified"}},{"type":"Feature","geometry":{"type":"LineString","coordinates":[[-92.0233500638156,37.4941395467421],[-92.0147076220466,37.4954640207535],[-92.0132785923679,37.502919073963],[-92.0037919324616,37.5071623059941],[-92.0018498297794,37.5113852647731]]},"properties":{"segment_id":"2eb8ae13300f9874a4527a96","source_kmz":"missouri","orientation":"unverified"}},{"type":"Feature","geometry":{"type":"LineString","coordinates":[[-91.9286918090607,37.500919073297],[-91.93931683704682,37.50100656653221],[-91.9570279047043,37.4906117291415]]},"properties":{"segment_id":"27c805b5bab34f7da444131b","source_kmz":"missouri","orientation":"unverified"}},{"type":"Feature","geometry":{"type":"LineString","coordinates":[[-91.88910476629181,37.4851177857338],[-91.9070345365275,37.4894741600148],[-91.91331219059522,37.4875419173034],[-91.91351832788752,37.4837977070225],[-91.9164803216041,37.4860407861759],[-91.9204502976178,37.4824229931379]]},"properties":{"segment_id":"4c16453ce9554b37ed6a97ea","source_kmz":"missouri","orientation":"unverified"}},{"type":"Feature","geometry":{"type":"LineString","coordinates":[[-92.0950332943689,37.4870866734156],[-92.0821060362579,37.498191088766],[-92.067801226533,37.4963895556539]]},"properties":{"segment_id":"6bf881f24b7104e83c3e521e","source_kmz":"missouri","orientation":"unverified"}},{"type":"Feature","geometry":{"type":"LineString","coordinates":[[-91.9204502976178,37.4824229931379],[-91.9243802889331,37.4857701182954],[-91.9342109309432,37.4815445037675],[-91.9437043465764,37.4834693860735]]},"properties":{"segment_id":"780dfb7f4b68ac02da028dae","source_kmz":"missouri","orientation":"unverified"}},{"type":"Feature","geometry":{"type":"LineString","coordinates":[[-91.9324216354313,37.47666175642281],[-91.93853659983252,37.4776701171361],[-91.9437043465764,37.4834693860735]]},"properties":{"segment_id":"f7133114f4cfb91ce286e014","source_kmz":"missouri","orientation":"unverified"}},{"type":"Feature","geometry":{"type":"LineString","coordinates":[[-91.9982514877324,37.4700059310232],[-91.98815612584771,37.4728881726317],[-91.98658511659852,37.4765873216125]]},"properties":{"segment_id":"27d7c517c0f9421def5848ed","source_kmz":"missouri","orientation":"unverified"}},{"type":"Feature","geometry":{"type":"LineString","coordinates":[[-92.0779974826408,37.465640327753],[-92.0605521367442,37.4779361815046],[-92.0680965684178,37.4843427123537],[-92.0648323259172,37.48772002314241],[-92.067801226533,37.4963895556539]]},"properties":{"segment_id":"a4b3bb84a09a0cc892b33d9d","source_kmz":"missouri","orientation":"unverified"}},{"type":"Feature","geometry":{"type":"LineString","coordinates":[[-92.0119540815465,37.4637582641939],[-92.00505432971931,37.46460328958331],[-91.9982514877324,37.4700059310232]]},"properties":{"segment_id":"d5602cd0b0e417035d4a788a","source_kmz":"missouri","orientation":"unverified"}},{"type":"Feature","geometry":{"type":"LineString","coordinates":[[-91.8510391576091,37.4607805926165],[-91.8581033497549,37.46316523871311],[-91.8676522359911,37.4578635569357],[-91.8764419043038,37.4600378694993],[-91.87653149680561,37.4645959785196],[-91.8926266305624,37.471035956334],[-91.8979063011639,37.4685349105228],[-91.9066833716384,37.4709744719372],[-91.9150048243741,37.4817041765224],[-91.9204502976178,37.4824229931379]]},"properties":{"segment_id":"ad5ee74ccc54c5a7556c656f","source_kmz":"missouri","orientation":"unverified"}},{"type":"Feature","geometry":{"type":"LineString","coordinates":[[-91.9647572682511,37.4493388707848],[-91.97209963347932,37.4466352954783],[-91.9733372310493,37.449087743592]]},"properties":{"segment_id":"1771ac3e7db3e819c4b4126f","source_kmz":"missouri","orientation":"unverified"}},{"type":"Feature","geometry":{"type":"LineString","coordinates":[[-92.04897268643191,37.4507677887667],[-92.0432574907028,37.4487062693936],[-92.03288186072241,37.450511253313]]},"properties":{"segment_id":"49730e75c606592b952ce5f3","source_kmz":"missouri","orientation":"unverified"}},{"type":"Feature","geometry":{"type":"LineString","coordinates":[[-91.9932808392768,37.4414413580862],[-91.9769314680249,37.4459916340361],[-91.9745314182302,37.4523425384016]]},"properties":{"segment_id":"a650c2eb13907a31b2810e2d","source_kmz":"missouri","orientation":"unverified"}},{"type":"Feature","geometry":{"type":"LineString","coordinates":[[-92.03288186072241,37.450511253313],[-92.03010255000332,37.4512242315826],[-92.0237053849419,37.4427091934356],[-92.02245016795202,37.4469549574112],[-92.0154803494064,37.4491378774866],[-91.9932808392768,37.4414413580862]]},"properties":{"segment_id":"452c95d276cfae98b99b0d20","source_kmz":"missouri","orientation":"unverified"}},{"type":"Feature","geometry":{"type":"LineString","coordinates":[[-92.0048037841484,37.4246733015346],[-92.0004234093944,37.4360502097809],[-91.9932808392768,37.4414413580862]]},"properties":{"segment_id":"77255bdeeb8822d3162bed98","source_kmz":"missouri","orientation":"unverified"}},{"type":"Feature","geometry":{"type":"LineString","coordinates":[[-92.0571912097354,37.4250460557088],[-92.0506673456788,37.4382303873831],[-92.03288186072241,37.450511253313]]},"properties":{"segment_id":"52134c94e184d01878bfecfb","source_kmz":"missouri","orientation":"unverified"}},{"type":"Feature","geometry":{"type":"LineString","coordinates":[[-91.8671785611361,37.4109564231987],[-91.8760364504381,37.40563071602],[-91.8744309718941,37.3975376415023],[-91.8772097649865,37.39682821178181]]},"properties":{"segment_id":"1c139e29d7d60211932f48bc","source_kmz":"missouri","orientation":"unverified"}},{"type":"Feature","geometry":{"type":"LineString","coordinates":[[-91.8282769191994,37.42061193820281],[-91.83186725468312,37.4054618247515],[-91.8446063688519,37.3981279222998],[-91.8437605077687,37.3948835013975]]},"properties":{"segment_id":"72414b5f58aac9490edbd144","source_kmz":"missouri","orientation":"unverified"}},{"type":"Feature","geometry":{"type":"LineString","coordinates":[[-92.0255087191924,37.4090089951914],[-92.02173573957542,37.4027229615706],[-92.0150425546193,37.3998240788974]]},"properties":{"segment_id":"971d54e99d927eb92e3afc07","source_kmz":"missouri","orientation":"unverified"}},{"type":"Feature","geometry":{"type":"LineString","coordinates":[[-92.0498224951276,37.3961381747483],[-92.03018368343172,37.3920143130591],[-92.0150425546193,37.3998240788974]]},"properties":{"segment_id":"8679511e092cd78e4b666343","source_kmz":"missouri","orientation":"unverified"}},{"type":"Feature","geometry":{"type":"LineString","coordinates":[[-91.8565711824171,37.3862111005782],[-91.8610583600527,37.385560365492],[-91.86416313342431,37.3912932345894],[-91.87434158892631,37.3929794326828],[-91.8772097649865,37.39682821178181]]},"properties":{"segment_id":"8adbe1a4a236ea1bb6c7ceff","source_kmz":"missouri","orientation":"unverified"}},{"type":"Feature","geometry":{"type":"LineString","coordinates":[[-92.0150425546193,37.3998240788974],[-92.0108689754657,37.4010266591929],[-92.00842171563562,37.3955875118263],[-92.00149946958102,37.3969672787986],[-92.00178724341002,37.391618040103],[-91.99224636441122,37.3907674819357],[-91.9917647502465,37.3870004505522],[-91.9871631175965,37.3897957004803],[-91.968366107963,37.3891727230348]]},"properties":{"segment_id":"4e534e814e405802f01acbc2","source_kmz":"missouri","orientation":"unverified"}},{"type":"Feature","geometry":{"type":"LineString","coordinates":[[-91.8355697624499,37.3699506719357],[-91.8416399015531,37.3838246757068],[-91.8486516710395,37.3870122599801],[-91.8539417732916,37.3842456117819],[-91.8565711824171,37.3862111005782]]},"properties":{"segment_id":"5085614e1c4ba88ba0fae969","source_kmz":"missouri","orientation":"unverified"}},{"type":"Feature","geometry":{"type":"LineString","coordinates":[[-91.8802365993282,37.3607574763686],[-91.8832074992013,37.3627340048511],[-91.8816345025298,37.3725948686074],[-91.8875035017086,37.3778850159482],[-91.89301498964322,37.3772678366405]]},"properties":{"segment_id":"58daecb47c06505cf2f37556","source_kmz":"missouri","orientation":"unverified"}},{"type":"Feature","geometry":{"type":"LineString","coordinates":[[-91.8992321923695,37.35764976319501],[-91.8971699947456,37.3640108695152],[-91.899770331571,37.3665103399068],[-91.8931165635572,37.3692327479522],[-91.89301498964322,37.3772678366405]]},"properties":{"segment_id":"431bdd5a357c705cf9df8a96","source_kmz":"missouri","orientation":"unverified"}},{"type":"Feature","geometry":{"type":"LineString","coordinates":[[-91.9583460627802,37.3593657201009],[-91.9691620460453,37.361869128686],[-91.96971484269143,37.3642989776711]]},"properties":{"segment_id":"34d72a1fa8881a030841618e","source_kmz":"missouri","orientation":"unverified"}},{"type":"Feature","geometry":{"type":"LineString","coordinates":[[-91.8518395731756,37.354430618858],[-91.85847761803191,37.3581408796992],[-91.86781979762101,37.3563158289865],[-91.8707010757178,37.35989736040941],[-91.8802365993282,37.3607574763686]]},"properties":{"segment_id":"99425883d85d4c61a98435c4","source_kmz":"missouri","orientation":"unverified"}},{"type":"Feature","geometry":{"type":"LineString","coordinates":[[-92.0400822708349,37.3604536509434],[-92.01894579740463,37.35252757313781],[-92.0076987472628,37.3580525821373],[-91.9903625918157,37.3558731682791],[-91.98325588675002,37.3607289426836]]},"properties":{"segment_id":"22684b54c39910d4ddf6f68d","source_kmz":"missouri","orientation":"unverified"}},{"type":"Feature","geometry":{"type":"LineString","coordinates":[[-91.89119286389432,37.34210438920201],[-91.889040185455,37.3439071192338],[-91.89405995060041,37.3459528366352],[-91.8934968791576,37.3499530709046],[-91.8802365993282,37.3607574763686]]},"properties":{"segment_id":"00d00c3288c8e5b55c6ba44a","source_kmz":"missouri","orientation":"unverified"}},{"type":"Feature","geometry":{"type":"LineString","coordinates":[[-91.8635457053414,37.32240749515291],[-91.8717551805287,37.3285823662874],[-91.8852808312639,37.3314536995653],[-91.89119286389432,37.34210438920201]]},"properties":{"segment_id":"067610fd91907559cfa2496c","source_kmz":"missouri","orientation":"unverified"}},{"type":"Feature","geometry":{"type":"LineString","coordinates":[[-92.0482223566526,37.3296386307588],[-92.0422034531151,37.3270309021229],[-92.02100285722621,37.3268729595409],[-92.01610980391392,37.3224252500823],[-92.01329211572481,37.3239402846878]]},"properties":{"segment_id":"5df4c94d0700db571534bd0b","source_kmz":"missouri","orientation":"unverified"}},{"type":"Feature","geometry":{"type":"LineString","coordinates":[[-91.9009913735152,37.3009029729948],[-91.9165797612014,37.3097357047122],[-91.931084046842,37.3134388226044],[-91.95321668296812,37.3278449966931],[-91.95602826469111,37.3327618457307],[-91.96012627264521,37.3328984356127],[-91.9622844918221,37.3372574515135],[-91.9818761885991,37.3419272994424],[-91.97881122965532,37.3479884103989],[-91.98097098104361,37.3523470710577]]},"properties":{"segment_id":"77d527a08df40b8c6a9a517b","source_kmz":"missouri","orientation":"unverified"}},{"type":"Feature","geometry":{"type":"LineString","coordinates":[[-92.07039870802421,37.3113359239653],[-92.0665279197721,37.3069234191092],[-92.0539529913874,37.3054429941248],[-92.0443797503793,37.2989683842559]]},"properties":{"segment_id":"ff51744b0305e574733f88d5","source_kmz":"missouri","orientation":"unverified"}},{"type":"Feature","geometry":{"type":"LineString","coordinates":[[-91.9641043898487,37.284800202074],[-91.9683237478912,37.2889598946706],[-91.9796011870671,37.2890665789158],[-91.9896241578137,37.2934178602655],[-91.99619167426681,37.2984580125322],[-91.99769316284572,37.3086895023331]]},"properties":{"segment_id":"b43d128eb3e9367ac28fde3f","source_kmz":"missouri","orientation":"unverified"}},{"type":"Feature","geometry":{"type":"LineString","coordinates":[[-92.0910442766765,37.2959273197718],[-92.0794774700649,37.288319462761],[-92.06723259930581,37.2871189260412]]},"properties":{"segment_id":"086d1cabdddaa42b20520245","source_kmz":"missouri","orientation":"unverified"}},{"type":"Feature","geometry":{"type":"LineString","coordinates":[[-91.9122533355206,37.2702003066954],[-91.93282386295023,37.2816107777989],[-91.9571844659687,37.28001437021571]]},"properties":{"segment_id":"7bb2d2b9d05d391e259ee107","source_kmz":"missouri","orientation":"unverified"}},{"type":"Feature","geometry":{"type":"LineString","coordinates":[[-91.9551821868252,37.24136216577221],[-91.9658505434068,37.2462732092448],[-91.97755253059172,37.2573804829],[-91.978200397685,37.2643687268788],[-92.00025205137361,37.2865345156717],[-92.0029899407306,37.2992182693443]]},"properties":{"segment_id":"a2d97aadbbd06a3beedda4ca","source_kmz":"missouri","orientation":"unverified"}},{"type":"Feature","geometry":{"type":"LineString","coordinates":[[-92.1152316984375,37.2321326264406],[-92.117465781432,37.2351515850166],[-92.11351071493182,37.24547428993481],[-92.084368092566,37.2603441353953],[-92.078805803109,37.2815993069923],[-92.0756355434284,37.2833722492425]]},"properties":{"segment_id":"a2b9788c637cd8ef576e47f5","source_kmz":"missouri","orientation":"unverified"}},{"type":"Feature","geometry":{"type":"LineString","coordinates":[[-92.08228975618532,37.2283920033028],[-92.0767092756629,37.2370534382113],[-92.0682410080869,37.242137675104]]},"properties":{"segment_id":"ac02df4a1abf9a52eb21532a","source_kmz":"missouri","orientation":"unverified"}},{"type":"Feature","geometry":{"type":"LineString","coordinates":[[-92.1685241533178,37.225524478384],[-92.1694894552024,37.2333250496044],[-92.1520401273012,37.2536706414868]]},"properties":{"segment_id":"9180829f6bfa5d6df7a14186","source_kmz":"missouri","orientation":"unverified"}},{"type":"Feature","geometry":{"type":"LineString","coordinates":[[-92.1563277311686,37.20370314858],[-92.14110489737932,37.2075058601201],[-92.13601252938452,37.213506006759],[-92.1520401273012,37.2536706414868]]},"properties":{"segment_id":"70c464945acd5e4619b44558","source_kmz":"missouri","orientation":"unverified"}},{"type":"Feature","geometry":{"type":"LineString","coordinates":[[-91.9342905766838,37.1921616920073],[-91.94362215418411,37.2026573521195],[-91.94811496561792,37.2330872178754]]},"properties":{"segment_id":"dce34e3a98fb6e57ad937519","source_kmz":"missouri","orientation":"unverified"}},{"type":"Feature","geometry":{"type":"LineString","coordinates":[[-92.15627470806112,37.1782473888397],[-92.11389249873402,37.198865104993],[-92.0942320112169,37.1960887762662],[-92.0809826978914,37.2012873824524],[-92.06939853021352,37.2202038767214],[-92.0682410080869,37.242137675104]]},"properties":{"segment_id":"7d9888caf6a7a91d2a936521","source_kmz":"missouri","orientation":"unverified"}},{"type":"Feature","geometry":{"type":"LineString","coordinates":[[-92.01440358124061,37.1691025897806],[-92.0217950335333,37.1905142375097],[-92.0196907721528,37.197947742423]]},"properties":{"segment_id":"da436f2e350c530ca6034116","source_kmz":"missouri","orientation":"unverified"}},{"type":"Feature","geometry":{"type":"LineString","coordinates":[[-91.9851130358443,37.1678662408723],[-91.991011969364,37.1787801913429],[-91.98920262551633,37.1870269327895]]},"properties":{"segment_id":"39dcd25cf15a30bb459fff1d","source_kmz":"missouri","orientation":"unverified"}},{"type":"Feature","geometry":{"type":"LineString","coordinates":[[-92.1179509275031,37.1668421808822],[-92.10628116807142,37.1680748755895],[-92.0853429597407,37.150786410303]]},"properties":{"segment_id":"2ce5a98b8ecd5fbebc0082c4","source_kmz":"missouri","orientation":"unverified"}},{"type":"Feature","geometry":{"type":"LineString","coordinates":[[-91.9705435623108,37.1405855737357],[-91.9682122794064,37.1584614729724],[-91.9706426278651,37.1703327796085]]},"properties":{"segment_id":"c3b45668ec76677b8e85adb6","source_kmz":"missouri","orientation":"unverified"}},{"type":"Feature","geometry":{"type":"LineString","coordinates":[[-92.1649384197935,37.1359197577114],[-92.1540149034991,37.129410172488],[-92.13454547292942,37.1298612140233]]},"properties":{"segment_id":"4a7f448c880526a08c32b7d3","source_kmz":"missouri","orientation":"unverified"}},{"type":"Feature","geometry":{"type":"LineString","coordinates":[[-92.1016845412725,37.1188922000994],[-92.0920092472021,37.121259404919],[-92.0811323040901,37.1335011771064]]},"properties":{"segment_id":"26b310b247ae2485f0ba2d2e","source_kmz":"missouri","orientation":"unverified"}},{"type":"Feature","geometry":{"type":"LineString","coordinates":[[-92.0480924681073,37.1131330925482],[-92.07014837302502,37.1347524770999],[-92.0772650049731,37.1486490686546]]},"properties":{"segment_id":"78eded2f789bd92766ce31a0","source_kmz":"missouri","orientation":"unverified"}},{"type":"Feature","geometry":{"type":"LineString","coordinates":[[-92.1173228442113,37.1068016944615],[-92.11429247,37.1125992599073],[-92.1016845412725,37.1188922000994]]},"properties":{"segment_id":"2d9eced79c131b04229c7e41","source_kmz":"missouri","orientation":"unverified"}},{"type":"Feature","geometry":{"type":"LineString","coordinates":[[-92.07175433306601,37.1042577708656],[-92.0700989774533,37.1162620032348],[-92.0811323040901,37.1335011771064]]},"properties":{"segment_id":"3b69aa54cf1ee8648d7cc85e","source_kmz":"missouri","orientation":"unverified"}},{"type":"Feature","geometry":{"type":"LineString","coordinates":[[-92.0190210325598,37.0698409561552],[-92.0258798500916,37.0882883575734],[-92.0353392151212,37.0963699358088]]},"properties":{"segment_id":"f9481aae88f0030c55285ca9","source_kmz":"missouri","orientation":"unverified"}},{"type":"Feature","geometry":{"type":"LineString","coordinates":[[-91.4735843488638,38.6201915816641],[-91.4935518696407,38.612615842019],[-91.49921233363942,38.6224686631116],[-91.5067389194803,38.6189916254741],[-91.5119366073874,38.6250756457514],[-91.5208559409058,38.6272753093072],[-91.5218361919506,38.63400957878331]]},"properties":{"segment_id":"1bacffc45653091eda7d5ba7","source_kmz":"missouri","orientation":"unverified"}},{"type":"Feature","geometry":{"type":"LineString","coordinates":[[-91.64792342618482,38.6103866224916],[-91.6486154636644,38.6163055128547],[-91.6394667614282,38.6237526276885]]},"properties":{"segment_id":"aff4608694a32b953f274596","source_kmz":"missouri","orientation":"unverified"}},{"type":"Feature","geometry":{"type":"LineString","coordinates":[[-91.5882911424223,38.6120201626354],[-91.5927752778386,38.6127162732018],[-91.59481856590271,38.60769840825071],[-91.5990516968086,38.6067777116562],[-91.6059611442579,38.61345443594391],[-91.60109345450581,38.6306969441189],[-91.60524113957104,38.6370072434236],[-91.5983319426692,38.6418518892596]]},"properties":{"segment_id":"36af1005b9e997c98c7a8e75","source_kmz":"missouri","orientation":"unverified"}},{"type":"Feature","geometry":{"type":"LineString","coordinates":[[-91.5402648341746,38.5888581450114],[-91.543954715058,38.591135046442],[-91.53713195487443,38.6002665012817],[-91.5430745076349,38.6055722678854],[-91.5429979879878,38.61253607149611],[-91.5285619573432,38.6208560559066],[-91.5218361919506,38.63400957878331]]},"properties":{"segment_id":"5a7ddad58c61afa9d404146b","source_kmz":"missouri","orientation":"unverified"}},{"type":"Feature","geometry":{"type":"LineString","coordinates":[[-91.66165253027161,38.5902395027815],[-91.6436588577549,38.5826391856375],[-91.6251570315418,38.5835919761226],[-91.618964833172,38.5881950312011],[-91.6192108489955,38.5957059412726],[-91.61396866374072,38.5960555573049],[-91.6134448376713,38.5989842247217]]},"properties":{"segment_id":"fdf5ba39c825c77a6059d619","source_kmz":"missouri","orientation":"unverified"}},{"type":"Feature","geometry":{"type":"LineString","coordinates":[[-91.495065446832,38.5767656533803],[-91.5005423408071,38.5895592453836],[-91.5306019569667,38.5818097654781],[-91.5402648341746,38.5888581450114]]},"properties":{"segment_id":"333c4319d0c14a8d37b872ed","source_kmz":"missouri","orientation":"unverified"}},{"type":"Feature","geometry":{"type":"LineString","coordinates":[[-91.5000810400841,38.5405075174244],[-91.51344972693991,38.5380473578048],[-91.5152206142798,38.5432028124016]]},"properties":{"segment_id":"1675d767740dab520e8a05d7","source_kmz":"missouri","orientation":"unverified"}},{"type":"Feature","geometry":{"type":"LineString","coordinates":[[-91.5152206142798,38.5432028124016],[-91.5288670778952,38.5361960005419],[-91.5320189786187,38.5301475292072],[-91.5425222609745,38.5232933117708]]},"properties":{"segment_id":"4989779b7d1b81fa4ca6363b","source_kmz":"missouri","orientation":"unverified"}},{"type":"Feature","geometry":{"type":"LineString","coordinates":[[-91.4831071507562,38.5224698378355],[-91.50152961840791,38.522607741743],[-91.50445324856932,38.5203028749357]]},"properties":{"segment_id":"685b0e87c9714faf19b0e971","source_kmz":"missouri","orientation":"unverified"}},{"type":"Feature","geometry":{"type":"LineString","coordinates":[[-91.50445324856932,38.5203028749357],[-91.51605348679871,38.5239408529833],[-91.5381092920743,38.5215259588345],[-91.5425222609745,38.5232933117708]]},"properties":{"segment_id":"38d63b7d86bbd68fb4ca5cde","source_kmz":"missouri","orientation":"unverified"}},{"type":"Feature","geometry":{"type":"LineString","coordinates":[[-91.6309474880121,38.5216367527439],[-91.62058579741472,38.5204651990802],[-91.61464951073852,38.5266845552071]]},"properties":{"segment_id":"d3193b7fc13dfdb681696176","source_kmz":"missouri","orientation":"unverified"}},{"type":"Feature","geometry":{"type":"LineString","coordinates":[[-91.6005894988792,38.5176095284572],[-91.5973978024279,38.535983219907],[-91.5884474152692,38.5402181858039]]},"properties":{"segment_id":"6e9702cac23754d4dd1b1d4a","source_kmz":"missouri","orientation":"unverified"}},{"type":"Feature","geometry":{"type":"LineString","coordinates":[[-91.6710727539169,38.5251960295119],[-91.6579497245176,38.52366271042791],[-91.649627038739,38.5115802907064]]},"properties":{"segment_id":"c6d210bfa1a2f0876ffd7877","source_kmz":"missouri","orientation":"unverified"}},{"type":"Feature","geometry":{"type":"LineString","coordinates":[[-91.7436131134304,38.5036096792769],[-91.7307925663924,38.5028982382154],[-91.72758869601181,38.4982325450294],[-91.71568211882841,38.4938002767428]]},"properties":{"segment_id":"410bedf9cd0827dbb5dc47cb","source_kmz":"missouri","orientation":"unverified"}},{"type":"Feature","geometry":{"type":"LineString","coordinates":[[-91.5009730371837,38.4864141826215],[-91.5167296071222,38.4902040210063],[-91.52219363261091,38.4861155975793]]},"properties":{"segment_id":"749cf13adac0912ddcb4d834","source_kmz":"missouri","orientation":"unverified"}},{"type":"Feature","geometry":{"type":"LineString","coordinates":[[-91.73426503965192,38.4850678874594],[-91.7234975747175,38.4849624903821],[-91.71568211882841,38.4938002767428]]},"properties":{"segment_id":"8f4955e5e8bac011b12593ad","source_kmz":"missouri","orientation":"unverified"}},{"type":"Feature","geometry":{"type":"LineString","coordinates":[[-91.71568211882841,38.4938002767428],[-91.71282883748061,38.4950406351378],[-91.70546418384842,38.4902294543817],[-91.7060619644902,38.485963520163],[-91.69887144610551,38.4782108031675]]},"properties":{"segment_id":"ae874fb0bfe6bf58f6f5b7f8","source_kmz":"missouri","orientation":"unverified"}},{"type":"Feature","geometry":{"type":"LineString","coordinates":[[-91.69887144610551,38.4782108031675],[-91.6816264759063,38.4701054947166],[-91.662034089336,38.4723641974282],[-91.6573517502137,38.4751464182348],[-91.65818395324901,38.4845532822319],[-91.6703849522856,38.4898054086777]]},"properties":{"segment_id":"c505a2d73c2ed4cba0b26b0f","source_kmz":"missouri","orientation":"unverified"}},{"type":"Feature","geometry":{"type":"LineString","coordinates":[[-91.5358643750582,38.4614249161996],[-91.52683788300311,38.4669921827112],[-91.52104846671432,38.4764278633593],[-91.52954186597832,38.4853107053199]]},"properties":{"segment_id":"6570a59b98c6869970e677cc","source_kmz":"missouri","orientation":"unverified"}},{"type":"Feature","geometry":{"type":"LineString","coordinates":[[-91.58131409512602,38.4625282454599],[-91.5854831796587,38.479825848787],[-91.61052204066,38.4737543420875],[-91.6182200531836,38.4670621492119],[-91.62481453278151,38.47881774425041],[-91.62998444646631,38.4795371356658],[-91.63412606193121,38.4858464452364],[-91.6324038076697,38.4914119805683],[-91.624517474673,38.4954190793499]]},"properties":{"segment_id":"17e65be759579dd6c09bbbf4","source_kmz":"missouri","orientation":"unverified"}},{"type":"Feature","geometry":{"type":"LineString","coordinates":[[-91.4772425658368,38.442940631279],[-91.47702796099111,38.44641613907],[-91.49224816038091,38.4587642003812],[-91.4943129861134,38.4647346904387],[-91.52219363261091,38.4861155975793]]},"properties":{"segment_id":"30682c0e8faeb04db58d7365","source_kmz":"missouri","orientation":"unverified"}},{"type":"Feature","geometry":{"type":"LineString","coordinates":[[-91.7278756742852,38.4516243442302],[-91.72599844271582,38.448076230444],[-91.7091532431747,38.4450790412641]]},"properties":{"segment_id":"d5a38a2879dd0a90297b7af2","source_kmz":"missouri","orientation":"unverified"}},{"type":"Feature","geometry":{"type":"LineString","coordinates":[[-91.4579014114686,38.435529661825],[-91.4730507972675,38.4376954419531],[-91.4772425658368,38.442940631279]]},"properties":{"segment_id":"b3c007809424301291c0baaa","source_kmz":"missouri","orientation":"unverified"}},{"type":"Feature","geometry":{"type":"LineString","coordinates":[[-91.77221201220542,38.4598524497033],[-91.77447013558852,38.4508208559256],[-91.76895582451301,38.4380394819473]]},"properties":{"segment_id":"35f7f9ed357ddf9ef359e571","source_kmz":"missouri","orientation":"unverified"}},{"type":"Feature","geometry":{"type":"LineString","coordinates":[[-91.7902945983152,38.4535061739692],[-91.7812647984266,38.4414089406784],[-91.76895582451301,38.4380394819473]]},"properties":{"segment_id":"01a66a58e33e3431d8f38bab","source_kmz":"missouri","orientation":"unverified"}},{"type":"Feature","geometry":{"type":"LineString","coordinates":[[-91.7293292190452,38.43265242399121],[-91.73313011629952,38.43894638264211],[-91.73024809742671,38.4407219048544]]},"properties":{"segment_id":"bd6becac46661b0c14f8b21b","source_kmz":"missouri","orientation":"unverified"}},{"type":"Feature","geometry":{"type":"LineString","coordinates":[[-91.76895582451301,38.4380394819473],[-91.74658642814913,38.4225331699858],[-91.7418949430524,38.4255859850379]]},"properties":{"segment_id":"9c75ac7b26fae581675a52fa","source_kmz":"missouri","orientation":"unverified"}},{"type":"Feature","geometry":{"type":"LineString","coordinates":[[-91.531870904336,38.4186766769084],[-91.54466362748761,38.4253031726082],[-91.55381341714231,38.4175957407886],[-91.5669246331766,38.4132457664295]]},"properties":{"segment_id":"313d77c404d39bc51f8291a3","source_kmz":"missouri","orientation":"unverified"}},{"type":"Feature","geometry":{"type":"LineString","coordinates":[[-91.8804801560804,38.4249437848751],[-91.8759592052686,38.41889855571181],[-91.8676572259513,38.4183522082813]]},"properties":{"segment_id":"52684a934cd3fff4336c8a59","source_kmz":"missouri","orientation":"unverified"}},{"type":"Feature","geometry":{"type":"LineString","coordinates":[[-91.5754174671823,38.410604063528],[-91.5850456658905,38.4063949017669],[-91.6003051293954,38.4066735034601]]},"properties":{"segment_id":"25e1d1198e5469aa92665340","source_kmz":"missouri","orientation":"unverified"}},{"type":"Feature","geometry":{"type":"LineString","coordinates":[[-91.8676572259513,38.4183522082813],[-91.86336289138542,38.4206190907957],[-91.8572156822202,38.4188049186701],[-91.8451798884274,38.4106299521941]]},"properties":{"segment_id":"c742d5f51442d68d810f3779","source_kmz":"missouri","orientation":"unverified"}},{"type":"Feature","geometry":{"type":"LineString","coordinates":[[-91.52210337227002,38.3909910361054],[-91.52840302070871,38.3901483853257],[-91.5509379868181,38.3963242812163],[-91.5558155375671,38.407486224751],[-91.5676753739487,38.4065742735696],[-91.5754174671823,38.410604063528]]},"properties":{"segment_id":"6e9485875f1833069b9b0574","source_kmz":"missouri","orientation":"unverified"}},{"type":"Feature","geometry":{"type":"LineString","coordinates":[[-91.8198837448594,38.4341530737166],[-91.8039873231348,38.4145906025141],[-91.7781993677467,38.4102258128805],[-91.7670587222981,38.4047527278004],[-91.76190188304831,38.3978773223152],[-91.751121632033,38.4042034846172],[-91.7519030606513,38.4146792512776],[-91.73991987798341,38.4177479923082]]},"properties":{"segment_id":"4e08c24d69c3342eb109cb0a","source_kmz":"missouri","orientation":"unverified"}},{"type":"Feature","geometry":{"type":"LineString","coordinates":[[-91.5805989754929,38.3880153758242],[-91.5876232973273,38.398181253508],[-91.6003051293954,38.4066735034601]]},"properties":{"segment_id":"f1e66eab542157fbfb9dae2e","source_kmz":"missouri","orientation":"unverified"}},{"type":"Feature","geometry":{"type":"LineString","coordinates":[[-91.87567119297202,38.3931702861413],[-91.87431589806262,38.3987508024361],[-91.8809602896533,38.4102252664835],[-91.8676572259513,38.4183522082813]]},"properties":{"segment_id":"f84e779ec56645b9c0abd50d","source_kmz":"missouri","orientation":"unverified"}},{"type":"Feature","geometry":{"type":"LineString","coordinates":[[-91.892378214559,38.404713076153],[-91.8881739830857,38.3992146571927],[-91.87567119297202,38.3931702861413]]},"properties":{"segment_id":"43f49d9c7df2893326df53f1","source_kmz":"missouri","orientation":"unverified"}},{"type":"Feature","geometry":{"type":"LineString","coordinates":[[-91.5040234866147,38.380149521306],[-91.5158988032892,38.3846022287468],[-91.52210337227002,38.3909910361054]]},"properties":{"segment_id":"23bbd92c86a7ca4dd346f6bd","source_kmz":"missouri","orientation":"unverified"}},{"type":"Feature","geometry":{"type":"LineString","coordinates":[[-91.8610619141173,38.3875895363456],[-91.8441947865634,38.3851456011677],[-91.82883243179812,38.3867689697869],[-91.82525058538351,38.3826288489018],[-91.822357773353,38.3846739194777]]},"properties":{"segment_id":"c35bcd08e7caf865d144353e","source_kmz":"missouri","orientation":"unverified"}},{"type":"Feature","geometry":{"type":"LineString","coordinates":[[-91.55444325791862,38.3728719740341],[-91.56058543368772,38.3803282738316],[-91.5586981020341,38.388566369899],[-91.57475944270391,38.3870016365659]]},"properties":{"segment_id":"23ff2cf4214ece8c6d941b46","source_kmz":"missouri","orientation":"unverified"}},{"type":"Feature","geometry":{"type":"LineString","coordinates":[[-91.52380126666421,38.3631862910116],[-91.5284201759707,38.3671055827434],[-91.5378826787441,38.3655736445096]]},"properties":{"segment_id":"9fb201f7f4fddbe1bfd189fc","source_kmz":"missouri","orientation":"unverified"}},{"type":"Feature","geometry":{"type":"LineString","coordinates":[[-91.86229870370542,38.3718247931166],[-91.86430068726531,38.3793934303856],[-91.8610619141173,38.3875895363456]]},"properties":{"segment_id":"ffdedbfedbb0138aee1c7a30","source_kmz":"missouri","orientation":"unverified"}},{"type":"Feature","geometry":{"type":"LineString","coordinates":[[-91.8808491345815,38.36896467179321],[-91.8702640748673,38.3782542505939],[-91.867010944243,38.3867179108672],[-91.8610619141173,38.3875895363456]]},"properties":{"segment_id":"ca7fde30cd4dbeedf063002f","source_kmz":"missouri","orientation":"unverified"}},{"type":"Feature","geometry":{"type":"LineString","coordinates":[[-91.7790386659969,38.3655128973957],[-91.77779189750862,38.3751150327305],[-91.76170661101331,38.3772410201784]]},"properties":{"segment_id":"57109cf5542951a05cf59dad","source_kmz":"missouri","orientation":"unverified"}},{"type":"Feature","geometry":{"type":"LineString","coordinates":[[-91.7455178153596,38.3512298807287],[-91.7270671110562,38.3642541030044],[-91.7110720911705,38.3945084982919],[-91.6968550371742,38.4001743546431],[-91.6870141031316,38.414029878379],[-91.6787925682613,38.4180283082314],[-91.673451285144,38.4320408176947]]},"properties":{"segment_id":"6960c88acc5f428813c1b600","source_kmz":"missouri","orientation":"unverified"}},{"type":"Feature","geometry":{"type":"LineString","coordinates":[[-91.5463825495162,38.3398911113603],[-91.55445223395841,38.3498291536634],[-91.5481454928976,38.35656752392741],[-91.537185666755,38.3599214910335],[-91.5378826787441,38.3655736445096]]},"properties":{"segment_id":"521a740366f5d98012b516d9","source_kmz":"missouri","orientation":"unverified"}},{"type":"Feature","geometry":{"type":"LineString","coordinates":[[-91.6225473521915,38.3423586577316],[-91.62543476727662,38.352107067582],[-91.63367568905072,38.3593662361962]]},"properties":{"segment_id":"86dfc39636db5cf857e1dbf9","source_kmz":"missouri","orientation":"unverified"}},{"type":"Feature","geometry":{"type":"LineString","coordinates":[[-91.71509397119281,38.337581097994],[-91.7034523244034,38.3409257404394],[-91.67440414444131,38.3688433955976],[-91.67418332178471,38.3725866191592],[-91.6639036772522,38.3762435957498],[-91.6617432621469,38.3892959567867],[-91.66534782162792,38.39290608466691],[-91.6592692450296,38.3959069306951],[-91.6666688188513,38.3999187617386],[-91.6668255620091,38.4031394240998],[-91.6605544022179,38.4152431740747]]},"properties":{"segment_id":"aed3965c4d3932998bb3ab4c","source_kmz":"missouri","orientation":"unverified"}},{"type":"Feature","geometry":{"type":"LineString","coordinates":[[-91.7827001600445,38.3380433289959],[-91.7840855781097,38.3501469838939],[-91.7948819335579,38.3615010861139],[-91.7986174346507,38.3750243601273],[-91.79791866926101,38.3811624703759],[-91.78683537705331,38.3807833848788]]},"properties":{"segment_id":"9e827df4e0bdf77c1952be39","source_kmz":"missouri","orientation":"unverified"}},{"type":"Feature","geometry":{"type":"LineString","coordinates":[[-91.6720496512705,38.3264278811552],[-91.6654110469426,38.3272656804522],[-91.6337433411311,38.3524023742003],[-91.63367568905072,38.3593662361962]]},"properties":{"segment_id":"e94e5c534b7371d10b935d65","source_kmz":"missouri","orientation":"unverified"}},{"type":"Feature","geometry":{"type":"LineString","coordinates":[[-91.5919880338986,38.3198316765875],[-91.6050091948531,38.3224414812436],[-91.621588719128,38.3409848473862]]},"properties":{"segment_id":"d1ccb4900adcfe3ea76ac62d","source_kmz":"missouri","orientation":"unverified"}},{"type":"Feature","geometry":{"type":"LineString","coordinates":[[-91.87389126259141,38.3322966524141],[-91.863326308965,38.3351564684043],[-91.8577739435233,38.3290756075673],[-91.8475569004987,38.3257839469389]]},"properties":{"segment_id":"bdce1178ad1df821f2878bd2","source_kmz":"missouri","orientation":"unverified"}},{"type":"Feature","geometry":{"type":"LineString","coordinates":[[-91.8188199850974,38.3189158295777],[-91.8288219852129,38.3259533820431],[-91.83189998724332,38.338917390745]]},"properties":{"segment_id":"e34daedcad3b146e62e2673c","source_kmz":"missouri","orientation":"unverified"}},{"type":"Feature","geometry":{"type":"LineString","coordinates":[[-91.6236735182029,38.3118541706892],[-91.6290415600018,38.3265136629599],[-91.6225473521915,38.3423586577316]]},"properties":{"segment_id":"83bc11411e671ff19ecb5182","source_kmz":"missouri","orientation":"unverified"}},{"type":"Feature","geometry":{"type":"LineString","coordinates":[[-91.8915241429512,38.3146698996184],[-91.88072057511432,38.3094860477944],[-91.8728970660263,38.3006506568605]]},"properties":{"segment_id":"b3eacd2950705f7df16e88e5","source_kmz":"missouri","orientation":"unverified"}},{"type":"Feature","geometry":{"type":"LineString","coordinates":[[-91.7515088770863,38.2957099511986],[-91.7826522859239,38.30267694435381],[-91.80009268418611,38.3129191007926]]},"properties":{"segment_id":"8cb18eac060ad6a564da41df","source_kmz":"missouri","orientation":"unverified"}},{"type":"Feature","geometry":{"type":"LineString","coordinates":[[-91.8728970660263,38.3006506568605],[-91.8692567462513,38.2975813959895],[-91.86605264778191,38.2990810737225]]},"properties":{"segment_id":"8c5204e22a765352a527601a","source_kmz":"missouri","orientation":"unverified"}},{"type":"Feature","geometry":{"type":"LineString","coordinates":[[-91.78081449778601,38.2924330782406],[-91.7898173565483,38.2986360084994],[-91.8109774088075,38.3044494988966],[-91.8188199850974,38.3189158295777]]},"properties":{"segment_id":"0759af28d1ee4344f585f957","source_kmz":"missouri","orientation":"unverified"}},{"type":"Feature","geometry":{"type":"LineString","coordinates":[[-91.9068339003535,38.27017352609721],[-91.8991081668634,38.27822077748],[-91.8833185454234,38.2817112220916],[-91.86788862513,38.2787820722833]]},"properties":{"segment_id":"c1ab74bd8d435641055fc122","source_kmz":"missouri","orientation":"unverified"}},{"type":"Feature","geometry":{"type":"LineString","coordinates":[[-91.7931539818722,38.2585631748041],[-91.7985487412563,38.2611590731428],[-91.8145313579059,38.260365221911]]},"properties":{"segment_id":"70f5f42dc1c48a678dd3f77a","source_kmz":"missouri","orientation":"unverified"}},{"type":"Feature","geometry":{"type":"LineString","coordinates":[[-91.7913071697404,38.2424250102974],[-91.79886671676411,38.24348763681031],[-91.7998978984051,38.2496849321242]]},"properties":{"segment_id":"7af617354baa494147273e43","source_kmz":"missouri","orientation":"unverified"}},{"type":"Feature","geometry":{"type":"LineString","coordinates":[[-91.8003836315773,38.2290721733763],[-91.80722012855261,38.2306454193944],[-91.8107020678222,38.2363904550884]]},"properties":{"segment_id":"953d97c5ad6c775a1cb8def6","source_kmz":"missouri","orientation":"unverified"}},{"type":"Feature","geometry":{"type":"LineString","coordinates":[[-91.9061303257976,38.2455032306531],[-91.90184205929812,38.2354478365136],[-91.87678745726883,38.2313941259328]]},"properties":{"segment_id":"ac5d0c2c97291ae9853f8b93","source_kmz":"missouri","orientation":"unverified"}},{"type":"Feature","geometry":{"type":"LineString","coordinates":[[-91.86221095292892,38.2196516313977],[-91.8581530898635,38.2240691981607],[-91.8385862878727,38.2271581771968]]},"properties":{"segment_id":"10842020469e3ba855e3feaa","source_kmz":"missouri","orientation":"unverified"}},{"type":"Feature","geometry":{"type":"LineString","coordinates":[[-91.8342931707803,38.2173678092175],[-91.8357180536841,38.2227743575092],[-91.825004053898,38.2224104281411]]},"properties":{"segment_id":"1297b55e111507bb13925e92","source_kmz":"missouri","orientation":"unverified"}},{"type":"Feature","geometry":{"type":"LineString","coordinates":[[-91.80523475921562,38.1986958489909],[-91.8188417605643,38.2029110055526],[-91.8342931707803,38.2173678092175]]},"properties":{"segment_id":"ec3da34263802d70765560b5","source_kmz":"missouri","orientation":"unverified"}},{"type":"Feature","geometry":{"type":"LineString","coordinates":[[-91.92170504838322,38.183332990598],[-91.9097220200985,38.1872205097709],[-91.90840287112691,38.19226666029961]]},"properties":{"segment_id":"5d84fb11fddf73405429dc72","source_kmz":"missouri","orientation":"unverified"}},{"type":"Feature","geometry":{"type":"LineString","coordinates":[[-91.9061810983093,38.1637949084479],[-91.899472795656,38.1724116400557],[-91.88508750854501,38.1759485137316],[-91.8982897757071,38.18121289912941]]},"properties":{"segment_id":"c524cdedb2056c1f8bdc110e","source_kmz":"missouri","orientation":"unverified"}},{"type":"Feature","geometry":{"type":"LineString","coordinates":[[-91.7994396708524,38.1486653140907],[-91.7989296623929,38.1636511453513],[-91.8067655738788,38.1657946914601],[-91.8171607994563,38.1594517862076],[-91.8255242647848,38.1583971706554],[-91.83611362594881,38.148576502532],[-91.85501302151391,38.1508242285416],[-91.86178248761081,38.1596259148213]]},"properties":{"segment_id":"b9e1d51ae3ca0bed56383f6a","source_kmz":"missouri","orientation":"unverified"}},{"type":"Feature","geometry":{"type":"LineString","coordinates":[[-91.91960373286051,38.1401310409757],[-91.904865581195,38.1439261625682],[-91.88458430922502,38.135477894606]]},"properties":{"segment_id":"310352f05741f6d07a11d950","source_kmz":"missouri","orientation":"unverified"}},{"type":"Feature","geometry":{"type":"LineString","coordinates":[[-91.8333305956056,38.1305318477228],[-91.8394557611212,38.1261853635167],[-91.85414853040393,38.1232002944326]]},"properties":{"segment_id":"d3ac5e3489401808496869a6","source_kmz":"missouri","orientation":"unverified"}},{"type":"Feature","geometry":{"type":"LineString","coordinates":[[-91.9164401014878,38.0974291837158],[-91.9096285007801,38.095594587903],[-91.89774853269371,38.0978765251054],[-91.8934122345088,38.0950522275053],[-91.8923342025366,38.1019816603745]]},"properties":{"segment_id":"d70c2ccfea27cba6f93a2e08","source_kmz":"missouri","orientation":"unverified"}},{"type":"Feature","geometry":{"type":"LineString","coordinates":[[-91.7810245394405,38.0957888511271],[-91.7961807782203,38.09068345183561],[-91.8108479934931,38.0941328612914],[-91.8177741119911,38.0999956737192]]},"properties":{"segment_id":"c43a5260181b7be35e09cf9b","source_kmz":"missouri","orientation":"unverified"}},{"type":"Feature","geometry":{"type":"LineString","coordinates":[[-91.8677611297584,38.0840093526937],[-91.8843070730375,38.0971579240583],[-91.88945271100641,38.0978664466566]]},"properties":{"segment_id":"b184ff1d47e1dd1649d0b4a0","source_kmz":"missouri","orientation":"unverified"}},{"type":"Feature","geometry":{"type":"LineString","coordinates":[[-91.9852221336393,38.0785380782672],[-91.9713945020889,38.0786199711469],[-91.9569869311181,38.0829675542419],[-91.945449203388,38.079103582895]]},"properties":{"segment_id":"960a8df0386fd6a5c2e44a56","source_kmz":"missouri","orientation":"unverified"}},{"type":"Feature","geometry":{"type":"LineString","coordinates":[[-92.01604218552332,38.0709715845344],[-91.99840341048652,38.0776298348153],[-91.9852221336393,38.0785380782672]]},"properties":{"segment_id":"015c5a2527944a4516078ca7","source_kmz":"missouri","orientation":"unverified"}},{"type":"Feature","geometry":{"type":"LineString","coordinates":[[-91.8141287958126,38.0607553961478],[-91.8205747579387,38.0628509359971],[-91.8259978853418,38.0708054143375]]},"properties":{"segment_id":"2a9be0123acd74035148229a","source_kmz":"missouri","orientation":"unverified"}},{"type":"Feature","geometry":{"type":"LineString","coordinates":[[-91.868452016799,38.0532229731171],[-91.8850646857732,38.0588725371983],[-91.89130362858232,38.06470804704531],[-91.8909007480925,38.0719280354166]]},"properties":{"segment_id":"3a0a90d40d46086eca1be63c","source_kmz":"missouri","orientation":"unverified"}},{"type":"Feature","geometry":{"type":"LineString","coordinates":[[-91.9872674859485,38.0536907598697],[-91.97930687488041,38.0539654771424],[-91.9547490471501,38.0670876145428],[-91.9365726305739,38.0646107016347],[-91.9315669143332,38.0676593762054]]},"properties":{"segment_id":"f654ee572bb1216c09abebfb","source_kmz":"missouri","orientation":"unverified"}},{"type":"Feature","geometry":{"type":"LineString","coordinates":[[-91.97610378625113,38.0367148071285],[-91.9620201490494,38.0416091711345],[-91.95065700505121,38.0409660367226]]},"properties":{"segment_id":"3020abbfefea5d72ad4f3018","source_kmz":"missouri","orientation":"unverified"}},{"type":"Feature","geometry":{"type":"LineString","coordinates":[[-91.869142194782,38.02859842770651],[-91.88018949235811,38.0410266240037],[-91.8960958159809,38.0469189069541],[-91.8958276155764,38.0517322553131]]},"properties":{"segment_id":"74c371156a223fb6a9dd966a","source_kmz":"missouri","orientation":"unverified"}},{"type":"Feature","geometry":{"type":"LineString","coordinates":[[-91.7736158322478,38.0261416699042],[-91.7802414017791,38.0250306126798],[-91.7832436984404,38.0208473041175]]},"properties":{"segment_id":"86f620eea3f3772e4a0b53ce","source_kmz":"missouri","orientation":"unverified"}},{"type":"Feature","geometry":{"type":"LineString","coordinates":[[-92.02038086614111,38.0290534622294],[-91.9942830740394,38.0263271179206],[-91.97610378625113,38.0367148071285]]},"properties":{"segment_id":"208844b6a5aedaa70bdde3af","source_kmz":"missouri","orientation":"unverified"}},{"type":"Feature","geometry":{"type":"LineString","coordinates":[[-91.83147343512312,38.01071080754721],[-91.83537925021301,38.021024584486],[-91.8336074442912,38.0279301139193],[-91.8272211075329,38.0309276095596]]},"properties":{"segment_id":"927f481f499c553ccec4b722","source_kmz":"missouri","orientation":"unverified"}},{"type":"Feature","geometry":{"type":"LineString","coordinates":[[-91.890088619144,38.0059952553258],[-91.89485354936811,38.0072268056748],[-91.90206858017413,38.0264900586867],[-91.917154549437,38.0409251812897]]},"properties":{"segment_id":"a2710decb067946360fd3c0c","source_kmz":"missouri","orientation":"unverified"}},{"type":"Feature","geometry":{"type":"LineString","coordinates":[[-91.77845692821462,38.0019276728691],[-91.78299022338712,38.0071745066072],[-91.78814388875772,38.0076198926594]]},"properties":{"segment_id":"fc68546bd1910c3a773ee9c1","source_kmz":"missouri","orientation":"unverified"}},{"type":"Feature","geometry":{"type":"LineString","coordinates":[[-91.7537657575817,37.9930356323611],[-91.7620190133805,37.9935896788483],[-91.7715041748464,38.002759337617],[-91.77845692821462,38.0019276728691]]},"properties":{"segment_id":"d8714f74efbd6c78cadc2c84","source_kmz":"missouri","orientation":"unverified"}},{"type":"Feature","geometry":{"type":"LineString","coordinates":[[-91.785975220443,37.9912019354574],[-91.7842148002609,37.9978393833357],[-91.78814388875772,38.0076198926594]]},"properties":{"segment_id":"77baea3e4e24977bbd4e65e3","source_kmz":"missouri","orientation":"unverified"}},{"type":"Feature","geometry":{"type":"LineString","coordinates":[[-92.03174655530891,38.0039725708875],[-92.0134120813751,37.9982867410476],[-91.99984252484892,38.0002550371331]]},"properties":{"segment_id":"0b344297638832b2a6f12e50","source_kmz":"missouri","orientation":"unverified"}},{"type":"Feature","geometry":{"type":"LineString","coordinates":[[-91.8112623481623,37.9896588870547],[-91.81268114353821,37.99506584810981],[-91.8007054169381,38.0174287524934]]},"properties":{"segment_id":"8a8b716df20c348539af99b6","source_kmz":"missouri","orientation":"unverified"}},{"type":"Feature","geometry":{"type":"LineString","coordinates":[[-91.8554969174079,37.9887538913688],[-91.8599447651772,37.9956023176525],[-91.8736074868026,38.0043690587294],[-91.890088619144,38.0059952553258]]},"properties":{"segment_id":"cd4e04fdc647c962354f4aff","source_kmz":"missouri","orientation":"unverified"}},{"type":"Feature","geometry":{"type":"LineString","coordinates":[[-91.99984252484892,38.0002550371331],[-91.99465904384292,38.0003534041103],[-91.97900288928231,37.9899277325511]]},"properties":{"segment_id":"db12349f7add270dbb644d21","source_kmz":"missouri","orientation":"unverified"}},{"type":"Feature","geometry":{"type":"LineString","coordinates":[[-91.97900288928231,37.9899277325511],[-91.97052917043621,37.9933996046152],[-91.96943062316302,38.0008646470375]]},"properties":{"segment_id":"9e4c99a04102eb9e23051eb4","source_kmz":"missouri","orientation":"unverified"}},{"type":"Feature","geometry":{"type":"LineString","coordinates":[[-91.7743615762264,37.9830315979734],[-91.7774541234389,37.9893006353482],[-91.77456738011071,37.9975066486176],[-91.77845692821462,38.0019276728691]]},"properties":{"segment_id":"a658728dbd584680fc914296","source_kmz":"missouri","orientation":"unverified"}},{"type":"Feature","geometry":{"type":"LineString","coordinates":[[-91.98955754642012,37.9862556201718],[-91.9840887767404,37.9852725597092],[-91.97900288928231,37.9899277325511]]},"properties":{"segment_id":"56429de35b8f9751ae589903","source_kmz":"missouri","orientation":"unverified"}},{"type":"Feature","geometry":{"type":"LineString","coordinates":[[-91.9197639689785,37.9751072172236],[-91.92986678889481,37.9858920806438],[-91.9328893349862,37.9999236583802],[-91.92724771412341,38.0083090185103],[-91.9285029031055,38.0230855473536],[-91.9245042092319,38.0267031639877],[-91.9243607680573,38.0355392472737]]},"properties":{"segment_id":"f4c198ea890fbf0a300c80a0","source_kmz":"missouri","orientation":"unverified"}},{"type":"Feature","geometry":{"type":"LineString","coordinates":[[-92.0464778617329,37.9803390412345],[-92.0275613253715,37.9663316027014],[-92.00275066306722,37.9593617429584]]},"properties":{"segment_id":"4bab8ffed69c3463fd7526d3","source_kmz":"missouri","orientation":"unverified"}},{"type":"Feature","geometry":{"type":"LineString","coordinates":[[-91.8721532568053,37.9563635592516],[-91.8966039854226,37.9571863105084],[-91.91270455881761,37.9654947690687]]},"properties":{"segment_id":"64531d944686eb2f1de702e5","source_kmz":"missouri","orientation":"unverified"}},{"type":"Feature","geometry":{"type":"LineString","coordinates":[[-92.02838355101261,37.9446587671112],[-92.01961829100271,37.9408911297863],[-92.0121615109018,37.9320754442992],[-92.0059934256684,37.9313383214779],[-91.99518612404562,37.9398255291803],[-91.99436260310713,37.9486392560445]]},"properties":{"segment_id":"962db26e11a21c90c9d27275","source_kmz":"missouri","orientation":"unverified"}},{"type":"Feature","geometry":{"type":"LineString","coordinates":[[-91.83428205575582,37.9365931040713],[-91.8394035518112,37.9314090954693],[-91.8399916317136,37.9209802445218]]},"properties":{"segment_id":"9499ae6d774516ff322ae9fe","source_kmz":"missouri","orientation":"unverified"}},{"type":"Feature","geometry":{"type":"LineString","coordinates":[[-91.81072980833402,37.9261432037312],[-91.8269422640084,37.9199996404213],[-91.8399916317136,37.9209802445218]]},"properties":{"segment_id":"7be129228c9be2749d64c52e","source_kmz":"missouri","orientation":"unverified"}},{"type":"Feature","geometry":{"type":"LineString","coordinates":[[-92.05070519431631,37.9143059368798],[-92.0484532942693,37.9112863189937],[-92.0400205705187,37.9142281798135]]},"properties":{"segment_id":"661f6cf2ec3210ae789281cf","source_kmz":"missouri","orientation":"unverified"}},{"type":"Feature","geometry":{"type":"LineString","coordinates":[[-91.8399916317136,37.9209802445218],[-91.8444104219957,37.9098779151057],[-91.85198178004562,37.9101350940274],[-91.855050436588,37.9046129045177]]},"properties":{"segment_id":"984a32282a4f72bc80877e60","source_kmz":"missouri","orientation":"unverified"}},{"type":"Feature","geometry":{"type":"LineString","coordinates":[[-91.984494047681,37.9081303491994],[-91.9760591383151,37.9110678012838],[-91.97322672200413,37.9187437388107]]},"properties":{"segment_id":"715728ca0123d45d5a51f5d1","source_kmz":"missouri","orientation":"unverified"}},{"type":"Feature","geometry":{"type":"LineString","coordinates":[[-91.80362444127381,37.9055372551263],[-91.8222567946525,37.8992095705861],[-91.8391780399977,37.898715162781]]},"properties":{"segment_id":"b0b830f6b0c353632407908a","source_kmz":"missouri","orientation":"unverified"}},{"type":"Feature","geometry":{"type":"LineString","coordinates":[[-92.0766321755941,37.9389831021087],[-92.08268100461191,37.9289971968958],[-92.0790645099842,37.9256665870705],[-92.0820174183432,37.9220107807434],[-92.0853747397298,37.9237256677531],[-92.08564430386672,37.9186443823995],[-92.0822730087792,37.9171969371584],[-92.0840047052596,37.9105551489425],[-92.0721858065153,37.9058896700331],[-92.05520734640962,37.9074860501299],[-92.04581413446911,37.9026283149583],[-92.04013558744481,37.9056592281775]]},"properties":{"segment_id":"fd11a17bb2f1a10d7cf977e6","source_kmz":"missouri","orientation":"unverified"}},{"type":"Feature","geometry":{"type":"LineString","coordinates":[[-91.97848512439491,37.8918585600898],[-91.9850614532712,37.8977007701506],[-91.984494047681,37.9081303491994]]},"properties":{"segment_id":"4eea42615f762fa6137fd145","source_kmz":"missouri","orientation":"unverified"}},{"type":"Feature","geometry":{"type":"LineString","coordinates":[[-91.7951227719448,37.8792561655672],[-91.8051085666105,37.8854938045472],[-91.826809345415,37.8918632808863]]},"properties":{"segment_id":"38c0aada06def265b5e7bbfc","source_kmz":"missouri","orientation":"unverified"}},{"type":"Feature","geometry":{"type":"LineString","coordinates":[[-91.8517808170567,37.8769062394199],[-91.85749267147423,37.8856734671882],[-91.8567133669807,37.8934167016521]]},"properties":{"segment_id":"3de7ee8cda8274d694e065ee","source_kmz":"missouri","orientation":"unverified"}},{"type":"Feature","geometry":{"type":"LineString","coordinates":[[-92.0020207971228,37.8773603984447],[-92.00280673524152,37.8819404483573],[-91.99554869035931,37.8886682648975],[-91.9984530839611,37.8986757766146],[-91.984494047681,37.9081303491994]]},"properties":{"segment_id":"cdd3012ce926f839bbdefb18","source_kmz":"missouri","orientation":"unverified"}},{"type":"Feature","geometry":{"type":"LineString","coordinates":[[-91.8230556797398,37.8668181100188],[-91.8195362424397,37.8741996105647],[-91.826809345415,37.8918632808863]]},"properties":{"segment_id":"ada2f3d495cceaf63d1285c9","source_kmz":"missouri","orientation":"unverified"}},{"type":"Feature","geometry":{"type":"LineString","coordinates":[[-91.9041866909429,37.8392908223676],[-91.9226339161909,37.8608053944929],[-91.92745848179281,37.8732902824502]]},"properties":{"segment_id":"87f81690da5d1b5dcf8c13a6","source_kmz":"missouri","orientation":"unverified"}},{"type":"Feature","geometry":{"type":"LineString","coordinates":[[-91.76560267998121,37.8230425027425],[-91.7785270715798,37.8379584291919],[-91.78429633428281,37.8515542730989],[-91.783999865304,37.8748539114639],[-91.7951227719448,37.8792561655672]]},"properties":{"segment_id":"752fb0f4c989982a4093b628","source_kmz":"missouri","orientation":"unverified"}},{"type":"Feature","geometry":{"type":"LineString","coordinates":[[-91.81605258544131,37.8322838829878],[-91.8474747596648,37.8247830248896],[-91.85841503773361,37.8262263342561]]},"properties":{"segment_id":"e6e659e8e27a7d10e4d9f446","source_kmz":"missouri","orientation":"unverified"}},{"type":"Feature","geometry":{"type":"LineString","coordinates":[[-91.9868789921655,37.826229866766],[-91.99213293029491,37.830956847492],[-91.98912113643051,37.8356802610682],[-91.9802543910112,37.8340491614153],[-91.979039230333,37.83106217166431],[-91.976384988537,37.8355291647156],[-91.96828728454712,37.8387448771043],[-91.96143975592801,37.8379827888539],[-91.9605694690813,37.847598727199]]},"properties":{"segment_id":"d593552f7609c0c0c8d471d1","source_kmz":"missouri","orientation":"unverified"}},{"type":"Feature","geometry":{"type":"LineString","coordinates":[[-91.8370198838033,37.8086193717988],[-91.8425187615147,37.8088067940641],[-91.8468533466515,37.8052034109467]]},"properties":{"segment_id":"8343000a25de232e19ae340e","source_kmz":"missouri","orientation":"unverified"}},{"type":"Feature","geometry":{"type":"LineString","coordinates":[[-91.9424196840385,37.8017199093705],[-91.9381984717617,37.8096169138526],[-91.93824130472521,37.8401603809493],[-91.94457492153101,37.8502835815446]]},"properties":{"segment_id":"677f69d2de4b362bcfc6f5ee","source_kmz":"missouri","orientation":"unverified"}},{"type":"Feature","geometry":{"type":"LineString","coordinates":[[-91.7913400059889,37.7944600184937],[-91.7973546931322,37.7855576193245],[-91.80152305226821,37.78489732224251]]},"properties":{"segment_id":"979baa7168db06669ff3ce4b","source_kmz":"missouri","orientation":"unverified"}},{"type":"Feature","geometry":{"type":"LineString","coordinates":[[-91.75930236183311,37.788795970362],[-91.7682353348324,37.7891060930101],[-91.7744277673065,37.78315818418321],[-91.7858107344505,37.7827480642077]]},"properties":{"segment_id":"a1c568ccec234c11c64880fa","source_kmz":"missouri","orientation":"unverified"}},{"type":"Feature","geometry":{"type":"LineString","coordinates":[[-91.7858107344505,37.7827480642077],[-91.79826982555461,37.7815701534708],[-91.80152305226821,37.78489732224251]]},"properties":{"segment_id":"a6d85a9ce2814efc59043ec4","source_kmz":"missouri","orientation":"unverified"}},{"type":"Feature","geometry":{"type":"LineString","coordinates":[[-91.80152305226821,37.78489732224251],[-91.8031345926849,37.7868282823679],[-91.80648464938571,37.7823886323025],[-91.8107841416458,37.7854835624377],[-91.81543218255301,37.7824278926561]]},"properties":{"segment_id":"248300ab9c624c22d40f4ebb","source_kmz":"missouri","orientation":"unverified"}},{"type":"Feature","geometry":{"type":"LineString","coordinates":[[-91.7668037705464,37.7660139056279],[-91.7755965216646,37.768730142587],[-91.7722452300158,37.77316895809051],[-91.7849630542119,37.7795035762447],[-91.7858107344505,37.7827480642077]]},"properties":{"segment_id":"c017d50779766b18cc6a0aad","source_kmz":"missouri","orientation":"unverified"}},{"type":"Feature","geometry":{"type":"LineString","coordinates":[[-91.9440927572294,37.7712333123671],[-91.9470525258472,37.7737429050474],[-91.9454144066379,37.7785109378853],[-91.95047986889371,37.7802866447683],[-91.94683895705491,37.7839165499539],[-91.9474656049129,37.7976009490046],[-91.9424196840385,37.8017199093705]]},"properties":{"segment_id":"bd64cb0364180433ed001447","source_kmz":"missouri","orientation":"unverified"}},{"type":"Feature","geometry":{"type":"LineString","coordinates":[[-91.8748377568598,37.7664998931226],[-91.8773620200554,37.7706040750703],[-91.87223938649892,37.7760572531927],[-91.8804701269168,37.78276557468401],[-91.8898356516526,37.78147388645171],[-91.8866407732569,37.7894038566162],[-91.889554705108,37.79271709028621],[-91.883952663089,37.7944037160879],[-91.8847601869472,37.7984497602729],[-91.8792917921856,37.7977294036799],[-91.8713583912123,37.8041593295162]]},"properties":{"segment_id":"863824bc0527c0dbf637f834","source_kmz":"missouri","orientation":"unverified"}},{"type":"Feature","geometry":{"type":"LineString","coordinates":[[-91.83506904057111,37.7638089412287],[-91.8393836962655,37.766635462418],[-91.8326917244766,37.7693542543819],[-91.8327488500825,37.7744468478504],[-91.82774340115871,37.7777588475543],[-91.82806473772301,37.7903624706829]]},"properties":{"segment_id":"852d38def3e66773e795e04a","source_kmz":"missouri","orientation":"unverified"}},{"type":"Feature","geometry":{"type":"LineString","coordinates":[[-91.9233799983845,37.75366411584691],[-91.92530236956331,37.7687317513477],[-91.9292183410317,37.7726133187305],[-91.92554728755772,37.7767774452951],[-91.9307299124751,37.7764145747808],[-91.9328699137919,37.781308416005],[-91.92963547910061,37.7900417851565],[-91.9409011469726,37.791756602304],[-91.9424196840385,37.8017199093705]]},"properties":{"segment_id":"b0e3a0d35f5400b2ba9d9e93","source_kmz":"missouri","orientation":"unverified"}},{"type":"Feature","geometry":{"type":"LineString","coordinates":[[-91.86562466947913,37.7466294433111],[-91.8711936956294,37.7516407613707],[-91.8684459619192,37.7638722615549],[-91.8748377568598,37.7664998931226]]},"properties":{"segment_id":"d8771db4a8a1b14bffe708d9","source_kmz":"missouri","orientation":"unverified"}},{"type":"Feature","geometry":{"type":"LineString","coordinates":[[-91.8922131907946,37.7386864433858],[-91.8841373096659,37.7416292211577],[-91.8940081070425,37.749731722733],[-91.8860811308278,37.7561626719239],[-91.8917414032801,37.7595685161152],[-91.88042218715151,37.7589188331902],[-91.8771670927594,37.7617560154736],[-91.8731798086203,37.7592098668126],[-91.8748377568598,37.7664998931226]]},"properties":{"segment_id":"1301444a98ca893143c80817","source_kmz":"missouri","orientation":"unverified"}},{"type":"Feature","geometry":{"type":"LineString","coordinates":[[-91.77292810272901,37.7311264860268],[-91.78067171285063,37.7340740762029],[-91.78094655442142,37.7413178864342],[-91.7883398097657,37.7383582239544],[-91.7925903507938,37.7422560548092],[-91.79608479013791,37.7413048310088]]},"properties":{"segment_id":"eaf134a01c20be4c98acd492","source_kmz":"missouri","orientation":"unverified"}},{"type":"Feature","geometry":{"type":"LineString","coordinates":[[-91.76355413016212,37.720619419809],[-91.7668643214038,37.722877925454],[-91.766214991974,37.7282141699681],[-91.77292810272901,37.7311264860268]]},"properties":{"segment_id":"ba8ac6582fe17d10da25738e","source_kmz":"missouri","orientation":"unverified"}},{"type":"Feature","geometry":{"type":"LineString","coordinates":[[-91.744347196186,37.7196824989275],[-91.7494911591588,37.7319193391334],[-91.76414635573794,37.7343049273923],[-91.77292810272901,37.7311264860268]]},"properties":{"segment_id":"92cf0407de31fd83d83a7019","source_kmz":"missouri","orientation":"unverified"}},{"type":"Feature","geometry":{"type":"LineString","coordinates":[[-91.83688422070561,37.7132321281857],[-91.8249501245117,37.7297037190649],[-91.8139642386357,37.7293270389826],[-91.81433311265951,37.7349663003571]]},"properties":{"segment_id":"7e010b1e52ac19e918e657cb","source_kmz":"missouri","orientation":"unverified"}},{"type":"Feature","geometry":{"type":"LineString","coordinates":[[-91.88606962817681,37.700701888525],[-91.8980241808467,37.7083387795307],[-91.8987894049415,37.719349411417],[-91.9032843044046,37.7251269212681],[-91.90215332916752,37.7331265918908],[-91.8922131907946,37.7386864433858]]},"properties":{"segment_id":"c36c23073316f9c7ab789f16","source_kmz":"missouri","orientation":"unverified"}},{"type":"Feature","geometry":{"type":"LineString","coordinates":[[-91.77449488833031,37.6856310481905],[-91.77364793096281,37.6944437267262],[-91.7819368735384,37.6998217588227],[-91.778245895307,37.704248931948],[-91.78108317949501,37.7147967893622],[-91.78791744667441,37.715569004767],[-91.7861637551459,37.7222068351804],[-91.7969903876495,37.7314224481266],[-91.7950002044295,37.736176667097],[-91.799433209263,37.736865329478],[-91.79608479013791,37.7413048310088]]},"properties":{"segment_id":"a976d27138e15a1c9559b59f","source_kmz":"missouri","orientation":"unverified"}},{"type":"Feature","geometry":{"type":"LineString","coordinates":[[-91.80732220879831,37.6765833729482],[-91.81165607109051,37.6850384754739],[-91.8173421479057,37.6817506209191],[-91.81463814680421,37.6870164936733],[-91.8175901607964,37.6895292718115]]},"properties":{"segment_id":"626a8f363052ae938c405ebb","source_kmz":"missouri","orientation":"unverified"}},{"type":"Feature","geometry":{"type":"LineString","coordinates":[[-91.85736992567661,37.6544493578589],[-91.8506587765148,37.657704054723],[-91.848822119632,37.6659474136175]]},"properties":{"segment_id":"a80befff0dac17817b4bc864","source_kmz":"missouri","orientation":"unverified"}},{"type":"Feature","geometry":{"type":"LineString","coordinates":[[-91.78481554367102,37.6492805819966],[-91.7884372452435,37.6641426496256],[-91.800381679466,37.6656267793874],[-91.8031504572247,37.6713489130252],[-91.8089064069933,37.6728867525219],[-91.80732220879831,37.6765833729482]]},"properties":{"segment_id":"1335b38da1bd635adb3f6d3f","source_kmz":"missouri","orientation":"unverified"}},{"type":"Feature","geometry":{"type":"LineString","coordinates":[[-91.8009263458242,37.625722414603],[-91.8023828816215,37.6303276472075],[-91.8091641950852,37.6319009449674],[-91.8146301190584,37.6385194990132],[-91.81968948178312,37.6523581340186],[-91.82765272912312,37.65129150439]]},"properties":{"segment_id":"09b5269516e47542191e5f04","source_kmz":"missouri","orientation":"unverified"}},{"type":"Feature","geometry":{"type":"LineString","coordinates":[[-91.82153159005142,37.59535023051231],[-91.8279036383573,37.60414293385661],[-91.8354136626026,37.6049360030968],[-91.83673670471681,37.611947670432],[-91.84147542268391,37.6131813979425],[-91.83442150649961,37.622586001126],[-91.83881539108471,37.6299705622496],[-91.8317326826143,37.63374736637721],[-91.8407348709322,37.6386101103854],[-91.82765272912312,37.65129150439]]},"properties":{"segment_id":"5fcaa782c74a8ff1bd77423f","source_kmz":"missouri","orientation":"unverified"}},{"type":"Feature","geometry":{"type":"LineString","coordinates":[[-92.9920282183064,39.3641309194916],[-93.0,39.35872330885956]]},"properties":{"segment_id":"152c8bb8a76d97d64259f086","source_kmz":"missouri","orientation":"unverified"}},{"type":"Feature","geometry":{"type":"LineString","coordinates":[[-92.96475746353023,39.33534939960461],[-92.9598844556225,39.325857094614],[-92.96422820842112,39.3144469143143]]},"properties":{"segment_id":"82af9c08edb9767e9693decd","source_kmz":"missouri","orientation":"unverified"}},{"type":"Feature","geometry":{"type":"LineString","coordinates":[[-92.946540070924,39.2923217504747],[-92.9534562602307,39.29490138615561],[-92.95500600957433,39.2914576878124]]},"properties":{"segment_id":"9e366c98ded308695c700acb","source_kmz":"missouri","orientation":"unverified"}},{"type":"Feature","geometry":{"type":"LineString","coordinates":[[-93.0,39.301963147505],[-92.99981446520451,39.3035249608054],[-92.989275403229,39.3035385852027],[-92.9857161771946,39.3130937823963]]},"properties":{"segment_id":"bea15e5ffdb07b1ba7227b0b","source_kmz":"missouri","orientation":"unverified"}},{"type":"Feature","geometry":{"type":"LineString","coordinates":[[-93.0,39.256927536694754],[-92.9978616529273,39.25741472555161],[-92.99521811870382,39.2619037090699],[-92.9815783996508,39.269072552742],[-92.9773740407047,39.2772727238811],[-92.9749854440744,39.275607874946],[-92.964972713343,39.27991712002221],[-92.95990135680232,39.2752406461641],[-92.95219523000722,39.2747845178999]]},"properties":{"segment_id":"ad21b517bb66413ac89d414f","source_kmz":"missouri","orientation":"unverified"}},{"type":"Feature","geometry":{"type":"LineString","coordinates":[[-92.96259932032221,39.2276361775403],[-92.9456034235807,39.2312374736474],[-92.9140087899039,39.2232273013612],[-92.9024412159866,39.2229399767352]]},"properties":{"segment_id":"e4257abeb23c961c212f9b63","source_kmz":"missouri","orientation":"unverified"}},{"type":"Feature","geometry":{"type":"LineString","coordinates":[[-92.4220561539393,39.3287206800511],[-92.41392415350491,39.3225938412835],[-92.4076336153471,39.3218769345751],[-92.404754053885,39.3161686270485],[-92.4187958550611,39.28094662648551],[-92.4188808266325,39.2579126680348],[-92.42443077455782,39.2521791609829]]},"properties":{"segment_id":"8d1bd2289d2e9bc4a9df6c42","source_kmz":"missouri","orientation":"unverified"}},{"type":"Feature","geometry":{"type":"LineString","coordinates":[[-92.4451999958352,39.294024709317],[-92.4414987346517,39.2907046696598],[-92.44321718299852,39.284325016009],[-92.4394418553922,39.2753776574277],[-92.42773370225571,39.2635242339166],[-92.42443077455782,39.2521791609829]]},"properties":{"segment_id":"e540ec6f0be7750cff157958","source_kmz":"missouri","orientation":"unverified"}},{"type":"Feature","geometry":{"type":"LineString","coordinates":[[-92.64868878305552,39.27689796635681],[-92.6494187234555,39.2611149614449],[-92.6552642850347,39.2561831405784]]},"properties":{"segment_id":"787f66ae137dd9f37131211f","source_kmz":"missouri","orientation":"unverified"}},{"type":"Feature","geometry":{"type":"LineString","coordinates":[[-92.6722200854777,39.2692258477195],[-92.6666453979109,39.2682732502831],[-92.6552642850347,39.2561831405784]]},"properties":{"segment_id":"f4f98d0e40eae39990980fca","source_kmz":"missouri","orientation":"unverified"}},{"type":"Feature","geometry":{"type":"LineString","coordinates":[[-92.5413084570489,39.2897657548065],[-92.54039073265571,39.2795618408976],[-92.550721485066,39.2691342809172],[-92.54967532842622,39.2616054679313],[-92.56818057341522,39.2489922332539],[-92.5686831679541,39.2457919078489]]},"properties":{"segment_id":"96d0a54d14fecd864c2e058e","source_kmz":"missouri","orientation":"unverified"}},{"type":"Feature","geometry":{"type":"LineString","coordinates":[[-92.6552642850347,39.2561831405784],[-92.65517291327,39.2505560501695],[-92.64659276489802,39.2463076569556]]},"properties":{"segment_id":"42d4305bc73e0d4cdcdacdc0","source_kmz":"missouri","orientation":"unverified"}},{"type":"Feature","geometry":{"type":"LineString","coordinates":[[-92.6703666361046,39.2407854385015],[-92.6626537120303,39.2405789184758],[-92.65719753411011,39.24471795838021],[-92.64659276489802,39.2463076569556]]},"properties":{"segment_id":"eb715d3c302ff3869e0a99c1","source_kmz":"missouri","orientation":"unverified"}},{"type":"Feature","geometry":{"type":"LineString","coordinates":[[-92.5164844401437,39.2727348691866],[-92.5222203934605,39.2629845644662],[-92.5459645449495,39.2510564073147],[-92.55059217203481,39.24234564854601],[-92.5587952458994,39.2396263251376],[-92.5724168776822,39.2410734992573],[-92.57681331272592,39.2371767629857]]},"properties":{"segment_id":"7e321378a285e3a4cd528d16","source_kmz":"missouri","orientation":"unverified"}},{"type":"Feature","geometry":{"type":"LineString","coordinates":[[-92.5686831679541,39.2457919078489],[-92.5768606854648,39.2436063900953],[-92.57681331272592,39.2371767629857]]},"properties":{"segment_id":"7e369369b6513d55931a73c5","source_kmz":"missouri","orientation":"unverified"}},{"type":"Feature","geometry":{"type":"LineString","coordinates":[[-92.4689044893704,39.3410391653051],[-92.47798006555,39.33513504569261],[-92.48238718441411,39.31677699477131],[-92.487066102688,39.3144982288115],[-92.4884042689753,39.3086430105898],[-92.4811396772386,39.2918307107409],[-92.4838810328866,39.2860152035472],[-92.4790350994422,39.284539024973],[-92.4816334646788,39.2744337947456],[-92.4782952473307,39.270857279799],[-92.4815815289195,39.2682715785623],[-92.47801032433871,39.2550455723184],[-92.4827503097797,39.2514295530369],[-92.4760502005892,39.244811515123],[-92.4786735473107,39.2341714659201]]},"properties":{"segment_id":"5e46fb5bc57e7df96cc0adbc","source_kmz":"missouri","orientation":"unverified"}},{"type":"Feature","geometry":{"type":"LineString","coordinates":[[-92.60053506305391,39.2777357941625],[-92.6032035960359,39.2732552068333],[-92.6087653103856,39.2744781486662],[-92.6086650044298,39.2691185044347],[-92.6216276675292,39.2622390194731],[-92.6220641284577,39.2528763408754],[-92.6358852495104,39.2425368653931],[-92.6353827493903,39.2382378308076]]},"properties":{"segment_id":"1c1b947040e8e9f7290db925","source_kmz":"missouri","orientation":"unverified"}},{"type":"Feature","geometry":{"type":"LineString","coordinates":[[-92.3769236417861,39.2824143781949],[-92.3840383036628,39.2665489715802],[-92.39094096729352,39.261927590235],[-92.3921839605484,39.2440165262947],[-92.405579499962,39.2358323380727],[-92.4105602547771,39.2274044247664],[-92.4067919182685,39.2184561988776]]},"properties":{"segment_id":"a757922c7d5c7b05cabde4ea","source_kmz":"missouri","orientation":"unverified"}},{"type":"Feature","geometry":{"type":"LineString","coordinates":[[-92.39381673786171,39.2253132425989],[-92.4011582542026,39.2188291400765],[-92.4067919182685,39.2184561988776]]},"properties":{"segment_id":"219fb4cd241915b7f1d886a6","source_kmz":"missouri","orientation":"unverified"}},{"type":"Feature","geometry":{"type":"LineString","coordinates":[[-92.8294966150739,39.23797606536451],[-92.8479603267836,39.2330884994532],[-92.8488458227535,39.2207912204109]]},"properties":{"segment_id":"ff78cc96a35599adec9f964c","source_kmz":"missouri","orientation":"unverified"}},{"type":"Feature","geometry":{"type":"LineString","coordinates":[[-92.77107453560981,39.225761435341],[-92.7831175610915,39.2311619443247],[-92.79470962183122,39.2309253137206],[-92.8095743543729,39.2280932918962],[-92.8196478257537,39.2224589814922],[-92.8265879628317,39.2242430443168],[-92.8404684779626,39.2197753893942],[-92.8488458227535,39.2207912204109]]},"properties":{"segment_id":"8581672ac058fc912f8fce5e","source_kmz":"missouri","orientation":"unverified"}},{"type":"Feature","geometry":{"type":"LineString","coordinates":[[-92.523880010491,39.2357099119004],[-92.5316382467695,39.2276229345346],[-92.53610733213921,39.2148905935264],[-92.5340250330273,39.2070649844849]]},"properties":{"segment_id":"8372244c0a269399ab366741","source_kmz":"missouri","orientation":"unverified"}},{"type":"Feature","geometry":{"type":"LineString","coordinates":[[-92.6909889392257,39.2196406446826],[-92.67480520269392,39.2205484980504],[-92.67025461097361,39.2126595944633],[-92.66149332656083,39.2124248693672],[-92.65471882457031,39.2071540430624]]},"properties":{"segment_id":"9a03cafe3c2323c5ab3bb3ee","source_kmz":"missouri","orientation":"unverified"}},{"type":"Feature","geometry":{"type":"LineString","coordinates":[[-92.42443077455782,39.2521791609829],[-92.42530916555262,39.2414898633945],[-92.41939554948671,39.2332840242392],[-92.4201687890558,39.2247346669227],[-92.4245196407265,39.2219132546549],[-92.4183963018997,39.2179871195681],[-92.4238096878049,39.20073184133071]]},"properties":{"segment_id":"23866617e360b6effc3e662b","source_kmz":"missouri","orientation":"unverified"}},{"type":"Feature","geometry":{"type":"LineString","coordinates":[[-92.4067919182685,39.2184561988776],[-92.41296124230591,39.2143483714007],[-92.41142795575381,39.2027860952187],[-92.4238096878049,39.20073184133071]]},"properties":{"segment_id":"b3b5ae1adcbf041082edd3c4","source_kmz":"missouri","orientation":"unverified"}},{"type":"Feature","geometry":{"type":"LineString","coordinates":[[-92.7730667819622,39.2046548498617],[-92.79224573153401,39.2072933048487],[-92.7972700772213,39.2047444838299],[-92.8193825624077,39.2045081673976],[-92.8438082266663,39.2075404420426]]},"properties":{"segment_id":"c2ced3c35c80aad366220bcb","source_kmz":"missouri","orientation":"unverified"}},{"type":"Feature","geometry":{"type":"LineString","coordinates":[[-92.16216318630221,39.1854347518497],[-92.16965684937472,39.1896840484082],[-92.1882214113732,39.19025430094341],[-92.2039137099767,39.1853764864819]]},"properties":{"segment_id":"36c6d310051b407cd2ebcd14","source_kmz":"missouri","orientation":"unverified"}},{"type":"Feature","geometry":{"type":"LineString","coordinates":[[-92.54908594150541,39.200251691039],[-92.5476014774802,39.1945857190631],[-92.5420214118385,39.19389505653911]]},"properties":{"segment_id":"7096414127668331257bac2f","source_kmz":"missouri","orientation":"unverified"}},{"type":"Feature","geometry":{"type":"LineString","coordinates":[[-92.57681331272592,39.2371767629857],[-92.5914772607811,39.2239190470684],[-92.6057226323511,39.2194871733321],[-92.61061648258202,39.212388811586],[-92.6236061889804,39.2047067093617],[-92.6394085234915,39.19683150165561],[-92.6541859338222,39.1958905746384]]},"properties":{"segment_id":"8fb9a047b54b1d8f76a9b22a","source_kmz":"missouri","orientation":"unverified"}},{"type":"Feature","geometry":{"type":"LineString","coordinates":[[-92.2207540027685,39.1853535154432],[-92.2284736256098,39.1853199372486],[-92.24110703130332,39.1784696099761]]},"properties":{"segment_id":"880bd63fcf7b8c7fd0c2ab76","source_kmz":"missouri","orientation":"unverified"}},{"type":"Feature","geometry":{"type":"LineString","coordinates":[[-92.442397380233,39.2151933666501],[-92.43751329515372,39.2003213862554],[-92.4396149681873,39.1789529054461]]},"properties":{"segment_id":"d771bed2edbb8523000e59d9","source_kmz":"missouri","orientation":"unverified"}},{"type":"Feature","geometry":{"type":"LineString","coordinates":[[-93.0,39.19280409908278],[-92.9957133034764,39.1906792437809],[-92.9919875602839,39.1959453134923],[-92.97586219158903,39.2041242461587]]},"properties":{"segment_id":"1d59b6496f801c011b32a76d","source_kmz":"missouri","orientation":"unverified"}},{"type":"Feature","geometry":{"type":"LineString","coordinates":[[-92.28559469234551,39.1865029814258],[-92.3004471389677,39.1773021807768],[-92.30454900015103,39.1656377758747]]},"properties":{"segment_id":"e4d763d1562571148847c689","source_kmz":"missouri","orientation":"unverified"}},{"type":"Feature","geometry":{"type":"LineString","coordinates":[[-92.3736929715479,39.1925846022059],[-92.3777705657139,39.18118522311211],[-92.3907617582372,39.1668304303161]]},"properties":{"segment_id":"e90d73b1c7225dd9ad14afa6","source_kmz":"missouri","orientation":"unverified"}},{"type":"Feature","geometry":{"type":"LineString","coordinates":[[-92.34092015803282,39.2580569097753],[-92.34948320080501,39.2483970068723],[-92.3528263073591,39.2377801662399],[-92.3499813367805,39.23153576201861],[-92.35790308631431,39.1996236159609],[-92.3581695294233,39.1803450120213],[-92.3619135490606,39.1756329949653],[-92.36637278919551,39.1776384054705],[-92.3735782306218,39.17383073168],[-92.3780109724036,39.1763706731125],[-92.3862092494249,39.1666982245408],[-92.3907617582372,39.1668304303161]]},"properties":{"segment_id":"d8a7f9edab48db028e068906","source_kmz":"missouri","orientation":"unverified"}},{"type":"Feature","geometry":{"type":"LineString","coordinates":[[-92.88252527136302,39.1964646821075],[-92.8812387029899,39.1937542956519],[-92.89393765790231,39.1838950601391],[-92.91067723463173,39.1778844031596]]},"properties":{"segment_id":"e13a88c0de6c614e1ac30825","source_kmz":"missouri","orientation":"unverified"}},{"type":"Feature","geometry":{"type":"LineString","coordinates":[[-92.9088481327861,39.2043523310998],[-92.9005787397606,39.1926306858851],[-92.9105946424555,39.1880591753386],[-92.91067723463173,39.1778844031596]]},"properties":{"segment_id":"83f5dee117eaa66e5362fd12","source_kmz":"missouri","orientation":"unverified"}},{"type":"Feature","geometry":{"type":"LineString","coordinates":[[-92.7032871806601,39.1961299335997],[-92.6936994432476,39.1832874160926],[-92.68082357913822,39.1810697039175],[-92.6679668169188,39.170816137846]]},"properties":{"segment_id":"26c5fddaeb11c76df688a3a4","source_kmz":"missouri","orientation":"unverified"}},{"type":"Feature","geometry":{"type":"LineString","coordinates":[[-92.2400315934955,39.1586140985469],[-92.2399556743683,39.1736129887661],[-92.2440335046011,39.1761471118642]]},"properties":{"segment_id":"1e7c554805be24b795fddf71","source_kmz":"missouri","orientation":"unverified"}},{"type":"Feature","geometry":{"type":"LineString","coordinates":[[-92.4396149681873,39.1789529054461],[-92.44144902124701,39.1701661113],[-92.4334120382132,39.1624358878158],[-92.4254502050405,39.1603322796454]]},"properties":{"segment_id":"a35354a12754f8573ecc806e","source_kmz":"missouri","orientation":"unverified"}},{"type":"Feature","geometry":{"type":"LineString","coordinates":[[-92.2146675460476,39.1540942063731],[-92.22674534945492,39.171337737306],[-92.24110703130332,39.1784696099761]]},"properties":{"segment_id":"9b4d498a2f824d027f06db4c","source_kmz":"missouri","orientation":"unverified"}},{"type":"Feature","geometry":{"type":"LineString","coordinates":[[-92.1937595227875,39.1515807292219],[-92.19566329893641,39.1620864247671],[-92.2083670529045,39.16729630807951],[-92.2120244603905,39.1778551587664],[-92.2207540027685,39.1853535154432]]},"properties":{"segment_id":"8fc07174f54dc3568b796183","source_kmz":"missouri","orientation":"unverified"}},{"type":"Feature","geometry":{"type":"LineString","coordinates":[[-92.91067723463173,39.1778844031596],[-92.916204880906,39.1715941116274],[-92.924035927016,39.1688421105665]]},"properties":{"segment_id":"f6547f04843e672771ea210b","source_kmz":"missouri","orientation":"unverified"}},{"type":"Feature","geometry":{"type":"LineString","coordinates":[[-92.97586219158903,39.2041242461587],[-92.9544063147636,39.205475646939],[-92.9470931981995,39.2125273074867],[-92.94499137174732,39.2207778424472],[-92.937132910225,39.22406625986221],[-92.9214543513961,39.1966304955925],[-92.924035927016,39.1688421105665]]},"properties":{"segment_id":"dd3102156ebd8e15943d04b1","source_kmz":"missouri","orientation":"unverified"}},{"type":"Feature","geometry":{"type":"LineString","coordinates":[[-92.714802215148,39.1897387482055],[-92.7125813968345,39.1768242511871],[-92.7056505966285,39.1672668411329],[-92.70733076347952,39.1611512591477]]},"properties":{"segment_id":"988de66ab1eeae72e61c6222","source_kmz":"missouri","orientation":"unverified"}},{"type":"Feature","geometry":{"type":"LineString","coordinates":[[-92.73604942709702,39.169675270157],[-92.72247439702683,39.1596764882187],[-92.7045312117275,39.1533100595362]]},"properties":{"segment_id":"fb7aaeec9bbf86031602d8a9","source_kmz":"missouri","orientation":"unverified"}},{"type":"Feature","geometry":{"type":"LineString","coordinates":[[-92.5415443705735,39.1818286694489],[-92.54905848025751,39.15659203812141],[-92.5589823260055,39.1469568375996]]},"properties":{"segment_id":"b103794bbf49a27753f61d14","source_kmz":"missouri","orientation":"unverified"}},{"type":"Feature","geometry":{"type":"LineString","coordinates":[[-92.5858619480458,39.1643039692096],[-92.5737941941234,39.1599544537745],[-92.5589823260055,39.1469568375996]]},"properties":{"segment_id":"0c374ba33cf34cc0b4471d4a","source_kmz":"missouri","orientation":"unverified"}},{"type":"Feature","geometry":{"type":"LineString","coordinates":[[-92.79602673963302,39.16935996357171],[-92.8046568373321,39.1644933896433],[-92.8247365939164,39.1703640170233],[-92.8363771307278,39.1687859132192],[-92.8375911549223,39.1650673483111],[-92.8670044976622,39.1497429236116]]},"properties":{"segment_id":"e5ce276282a6b5d98bfe8407","source_kmz":"missouri","orientation":"unverified"}},{"type":"Feature","geometry":{"type":"LineString","coordinates":[[-92.2784769197753,39.133786990582],[-92.2901998817312,39.1376197349365],[-92.3063153703151,39.1378317545581],[-92.3081843351976,39.1424410522039],[-92.312656905378,39.1372164139094],[-92.31722100245281,39.1370838439605],[-92.3155794269766,39.1348922538243],[-92.3215841550623,39.1339986173277]]},"properties":{"segment_id":"e02f90b4986700bb682917f0","source_kmz":"missouri","orientation":"unverified"}},{"type":"Feature","geometry":{"type":"LineString","coordinates":[[-92.8715682916871,39.1495900127581],[-92.8810000075964,39.1503625668991],[-92.88431803659691,39.1547307360488],[-92.89440517133892,39.1565899179492],[-92.9049720406262,39.147212191982]]},"properties":{"segment_id":"1f43ae77376f9344012fdf48","source_kmz":"missouri","orientation":"unverified"}},{"type":"Feature","geometry":{"type":"LineString","coordinates":[[-92.3188982901279,39.1869572286437],[-92.32045370763731,39.1701274279555],[-92.3350022695114,39.1598423031583],[-92.34402590150302,39.1477860879693],[-92.339892217405,39.146325134277],[-92.3434739584702,39.1448233324593],[-92.3418323451712,39.1287031108203]]},"properties":{"segment_id":"2863a7634a94c5b180221129","source_kmz":"missouri","orientation":"unverified"}},{"type":"Feature","geometry":{"type":"LineString","coordinates":[[-92.9609465485335,39.1582337839245],[-92.9548894703267,39.1521939011689],[-92.94829201114821,39.1506931431418],[-92.9463934954671,39.14582603113311],[-92.9317092950393,39.1449289387598]]},"properties":{"segment_id":"360b9368cd88002df7dec328","source_kmz":"missouri","orientation":"unverified"}},{"type":"Feature","geometry":{"type":"LineString","coordinates":[[-92.82991034564,39.1402326577934],[-92.839714524271,39.1485167145254],[-92.8670044976622,39.1497429236116]]},"properties":{"segment_id":"31594bf9633aa5fc99b585f1","source_kmz":"missouri","orientation":"unverified"}},{"type":"Feature","geometry":{"type":"LineString","coordinates":[[-92.25482272556901,39.1234330647674],[-92.26361898398822,39.12959103474],[-92.2784769197753,39.133786990582]]},"properties":{"segment_id":"0bcbbeab862117f8f072c1b0","source_kmz":"missouri","orientation":"unverified"}},{"type":"Feature","geometry":{"type":"LineString","coordinates":[[-92.3907617582372,39.1668304303161],[-92.3955441028531,39.1482188718353],[-92.3999576687018,39.1440609898109],[-92.3985921693612,39.1362535148378],[-92.4102964261383,39.1264134469806]]},"properties":{"segment_id":"465b55217212b0c328a8c3a4","source_kmz":"missouri","orientation":"unverified"}},{"type":"Feature","geometry":{"type":"LineString","coordinates":[[-92.99144976788351,39.1581720194525],[-92.9968401214229,39.14651902956911],[-92.9961549807187,39.1376650439917]]},"properties":{"segment_id":"9f5a4cdb9e5f3ca6ea488b8a","source_kmz":"missouri","orientation":"unverified"}},{"type":"Feature","geometry":{"type":"LineString","coordinates":[[-92.15476949899112,39.1131448011201],[-92.1490527504275,39.1416316209692],[-92.1542763017026,39.16215275366041],[-92.1677732826485,39.1722133606937],[-92.184679387658,39.1775550932445],[-92.19420541255371,39.17650752958711],[-92.2039137099767,39.1853764864819]]},"properties":{"segment_id":"b052c0e85476f0fb97ff1fbd","source_kmz":"missouri","orientation":"unverified"}},{"type":"Feature","geometry":{"type":"LineString","coordinates":[[-92.65131415451451,39.1441211293212],[-92.6569551231759,39.1282029673172],[-92.6715277452465,39.1237730690486]]},"properties":{"segment_id":"6d5e44a30eb88af43c767def","source_kmz":"missouri","orientation":"unverified"}},{"type":"Feature","geometry":{"type":"LineString","coordinates":[[-92.91853216046451,39.1250531149038],[-92.9218626335073,39.1291527339376],[-92.9330200534843,39.1304997222927]]},"properties":{"segment_id":"5dfb2d02025768a3507fc4fd","source_kmz":"missouri","orientation":"unverified"}},{"type":"Feature","geometry":{"type":"LineString","coordinates":[[-92.7045312117275,39.1533100595362],[-92.69744834805401,39.1394628571435],[-92.6820117518928,39.13208826028101],[-92.6835508070027,39.1214161453851],[-92.6772556000758,39.113480955457]]},"properties":{"segment_id":"2ec25ab7b290dde30cf494d6","source_kmz":"missouri","orientation":"unverified"}},{"type":"Feature","geometry":{"type":"LineString","coordinates":[[-92.6226653442548,39.13450761885351],[-92.6345869377609,39.119296526311],[-92.6493196173305,39.1113917645598],[-92.66644326486583,39.1123879188582],[-92.6725398431034,39.109337339541]]},"properties":{"segment_id":"93bd1a27aac160d055e58539","source_kmz":"missouri","orientation":"unverified"}},{"type":"Feature","geometry":{"type":"LineString","coordinates":[[-92.4817117028877,39.1281875392133],[-92.48273575470763,39.1215202743442],[-92.4918732513781,39.113743064216],[-92.4939846722307,39.1063029071928],[-92.50078777653782,39.1032805018998]]},"properties":{"segment_id":"27e0eb01038be5c72fb1b0da","source_kmz":"missouri","orientation":"unverified"}},{"type":"Feature","geometry":{"type":"LineString","coordinates":[[-92.4980853172442,39.1302569993214],[-92.50238677250101,39.1210034310354],[-92.50078777653782,39.1032805018998]]},"properties":{"segment_id":"7578a4e45f9cbda5773080ed","source_kmz":"missouri","orientation":"unverified"}},{"type":"Feature","geometry":{"type":"LineString","coordinates":[[-92.975144834075,39.111982270921],[-92.9720436000754,39.1191374058448],[-92.9584508223554,39.1257684295084],[-92.956114866082,39.13133513630831],[-92.9462221982158,39.1332349679938],[-92.9461421985358,39.1268056841469]]},"properties":{"segment_id":"2b79f1afa6e2eda63d36e041","source_kmz":"missouri","orientation":"unverified"}},{"type":"Feature","geometry":{"type":"LineString","coordinates":[[-92.9961549807187,39.1376650439917],[-92.9861953622175,39.124301753128],[-92.9900398451259,39.1160930859541],[-92.975144834075,39.111982270921]]},"properties":{"segment_id":"afe86073de084fa659c84230","source_kmz":"missouri","orientation":"unverified"}},{"type":"Feature","geometry":{"type":"LineString","coordinates":[[-92.745368257055,39.11046247216171],[-92.75074664863541,39.0998903289206],[-92.7564767840873,39.0970940001844]]},"properties":{"segment_id":"a32c64f0f1028e44b34bdaf0","source_kmz":"missouri","orientation":"unverified"}},{"type":"Feature","geometry":{"type":"LineString","coordinates":[[-92.7513652274826,39.140883368022],[-92.74874142502262,39.1290305411706],[-92.7577725074332,39.1073050174719],[-92.7564767840873,39.0970940001844]]},"properties":{"segment_id":"8929e4b2998d3d21f505dc85","source_kmz":"missouri","orientation":"unverified"}},{"type":"Feature","geometry":{"type":"LineString","coordinates":[[-92.37620553153002,39.14229948159541],[-92.3806966107577,39.1295729697193],[-92.3901694180301,39.1223483616109],[-92.3923138760472,39.0862497518068],[-92.4013293359835,39.0881183818181],[-92.40046547540943,39.0843433631291]]},"properties":{"segment_id":"fbf088571dbee27d9be062d2","source_kmz":"missouri","orientation":"unverified"}},{"type":"Feature","geometry":{"type":"LineString","coordinates":[[-92.9462960263906,39.0981544336618],[-92.94265028467322,39.101546236321],[-92.9360012450643,39.10138247468141]]},"properties":{"segment_id":"bb1d328fda835acd2b44e3dd","source_kmz":"missouri","orientation":"unverified"}},{"type":"Feature","geometry":{"type":"LineString","coordinates":[[-92.8831769357698,39.10783525386371],[-92.8934063129398,39.106216718312],[-92.8956319132764,39.1033264422248],[-92.9092004516686,39.1055392991683],[-92.91102135101241,39.0956757279425]]},"properties":{"segment_id":"90ea3812d1bcc459210709e4","source_kmz":"missouri","orientation":"unverified"}},{"type":"Feature","geometry":{"type":"LineString","coordinates":[[-92.6018401232643,39.0851938003261],[-92.59749181919913,39.0882888164876],[-92.59159470872352,39.0870558236279]]},"properties":{"segment_id":"60b3a58e8bb52381e00a0779","source_kmz":"missouri","orientation":"unverified"}},{"type":"Feature","geometry":{"type":"LineString","coordinates":[[-92.3025260451913,39.0814667511228],[-92.30520573086982,39.0769927564406],[-92.3108696412063,39.0758217810977]]},"properties":{"segment_id":"5a782339fff15c65ff02ec73","source_kmz":"missouri","orientation":"unverified"}},{"type":"Feature","geometry":{"type":"LineString","coordinates":[[-92.28044965921661,39.0816112550052],[-92.2897759042676,39.0773364128539],[-92.3108696412063,39.0758217810977]]},"properties":{"segment_id":"e467820c82f7432bf67a981c","source_kmz":"missouri","orientation":"unverified"}},{"type":"Feature","geometry":{"type":"LineString","coordinates":[[-92.19101941332642,39.116940027918],[-92.1969127963821,39.1047980350441],[-92.2082761874722,39.1019307824371],[-92.21426431286064,39.0946128093865],[-92.21690363912542,39.0708522010283]]},"properties":{"segment_id":"96d6a0532de1132f3cd79fd2","source_kmz":"missouri","orientation":"unverified"}},{"type":"Feature","geometry":{"type":"LineString","coordinates":[[-92.32101842299201,39.0967484155515],[-92.3204999273878,39.0793218185313],[-92.3257889590021,39.0717103219754]]},"properties":{"segment_id":"cabb94998c31a0daed928c0d","source_kmz":"missouri","orientation":"unverified"}},{"type":"Feature","geometry":{"type":"LineString","coordinates":[[-92.7564767840873,39.0970940001844],[-92.7597295698323,39.0870016917767],[-92.7651323243531,39.0836608283173]]},"properties":{"segment_id":"0a3effb48015b984eba7ddc7","source_kmz":"missouri","orientation":"unverified"}},{"type":"Feature","geometry":{"type":"LineString","coordinates":[[-92.3108696412063,39.0758217810977],[-92.3149610643097,39.0711216623494],[-92.3211477122695,39.07344798416],[-92.3257889590021,39.0717103219754]]},"properties":{"segment_id":"53ab0727eb701eaaef6608c4","source_kmz":"missouri","orientation":"unverified"}},{"type":"Feature","geometry":{"type":"LineString","coordinates":[[-92.04251513562251,39.0764011260244],[-92.0270696266295,39.0769795948582],[-92.0196252389902,39.0721869564676],[-91.9991708859317,39.068314880175],[-91.97498524645101,39.0686049391032],[-91.9587075984289,39.0589674888581]]},"properties":{"segment_id":"24f75641b40e867e4856d700","source_kmz":"missouri","orientation":"unverified"}},{"type":"Feature","geometry":{"type":"LineString","coordinates":[[-92.777410416785,39.1463819563947],[-92.7891832077952,39.1338311549227],[-92.790219596017,39.0786873685916]]},"properties":{"segment_id":"1cb16ec98855ce278a4a66c1","source_kmz":"missouri","orientation":"unverified"}},{"type":"Feature","geometry":{"type":"LineString","coordinates":[[-92.81465418756751,39.1044909279933],[-92.8113308968569,39.1003884601457],[-92.8004949321414,39.09984211386491],[-92.7989731462888,39.0866799037503],[-92.790219596017,39.0786873685916]]},"properties":{"segment_id":"b3413b03218a6b9bb8e6fa97","source_kmz":"missouri","orientation":"unverified"}},{"type":"Feature","geometry":{"type":"LineString","coordinates":[[-92.7651323243531,39.0836608283173],[-92.776238670672,39.0780575215633],[-92.77975463281962,39.06984636967781]]},"properties":{"segment_id":"663f302cf87c883c497ba4c2","source_kmz":"missouri","orientation":"unverified"}},{"type":"Feature","geometry":{"type":"LineString","coordinates":[[-92.1053923920523,39.0797281483936],[-92.1109247955857,39.0745437336173],[-92.11515137205862,39.0610137572676],[-92.1300994400178,39.0499614538748]]},"properties":{"segment_id":"086a0bf1a0959d0607125313","source_kmz":"missouri","orientation":"unverified"}},{"type":"Feature","geometry":{"type":"LineString","coordinates":[[-92.1205304875155,39.091453172614],[-92.120059528338,39.0871522590598],[-92.13289168241103,39.0698719385067],[-92.1300994400178,39.0499614538748]]},"properties":{"segment_id":"b5d0daef4ec26551088ac107","source_kmz":"missouri","orientation":"unverified"}},{"type":"Feature","geometry":{"type":"LineString","coordinates":[[-92.86815892936092,39.07424925343331],[-92.8779421427286,39.07476332801621],[-92.89393546219482,39.0692725043916]]},"properties":{"segment_id":"391c15d6b6251a211d3142fa","source_kmz":"missouri","orientation":"unverified"}},{"type":"Feature","geometry":{"type":"LineString","coordinates":[[-92.64401043968202,39.06705630038431],[-92.6615593650691,39.06619009152351],[-92.6695358072739,39.0602441966802]]},"properties":{"segment_id":"f1fdeeed4e61b38c5815a4c6","source_kmz":"missouri","orientation":"unverified"}},{"type":"Feature","geometry":{"type":"LineString","coordinates":[[-92.62576243846753,39.1206642810177],[-92.632169068699,39.1034288356651],[-92.6633073440543,39.0815033101495],[-92.6695358072739,39.0602441966802]]},"properties":{"segment_id":"0ce286a5c5979cce268b844f","source_kmz":"missouri","orientation":"unverified"}},{"type":"Feature","geometry":{"type":"LineString","coordinates":[[-92.50078777653782,39.1032805018998],[-92.5075954933694,39.0782945467435],[-92.5150916419448,39.0680591659996],[-92.52001356391821,39.0676614852728],[-92.522679347095,39.0631828240876],[-92.5196472567825,39.0606873044278],[-92.5280099280479,39.0542253408798]]},"properties":{"segment_id":"f41576b955d58a503c267e10","source_kmz":"missouri","orientation":"unverified"}},{"type":"Feature","geometry":{"type":"LineString","coordinates":[[-92.8142849956759,39.0889481699857],[-92.8069758609556,39.0799226323637],[-92.8066789773803,39.0627748490209],[-92.7989176617174,39.056147493388],[-92.79184072232871,39.05783958586011],[-92.7849409958739,39.0555186276953]]},"properties":{"segment_id":"6ee3ac1bda6cfccf3665d2be","source_kmz":"missouri","orientation":"unverified"}},{"type":"Feature","geometry":{"type":"LineString","coordinates":[[-92.2117546696476,39.0621232112542],[-92.2145646390513,39.0552441354935],[-92.22428267824512,39.050182536662],[-92.2232178790713,39.0437211743035],[-92.23764753981692,39.0422841960666],[-92.2403851161129,39.0367418217941]]},"properties":{"segment_id":"719274d337a55c15e8735b76","source_kmz":"missouri","orientation":"unverified"}},{"type":"Feature","geometry":{"type":"LineString","coordinates":[[-92.3257889590021,39.0717103219754],[-92.3283604665134,39.0624111496507],[-92.3237356073251,39.0569170541658],[-92.32678975779712,39.0519180399554],[-92.3230791646062,39.0491295826752],[-92.3233633515767,39.04351287632441],[-92.32887744348102,39.0383188051453]]},"properties":{"segment_id":"5e0734e515d3a9bd7140e1c8","source_kmz":"missouri","orientation":"unverified"}},{"type":"Feature","geometry":{"type":"LineString","coordinates":[[-92.5280099280479,39.0542253408798],[-92.532905317436,39.0543621189736],[-92.5435802118985,39.0434104364707]]},"properties":{"segment_id":"43038fea0d06733cdcca0c39","source_kmz":"missouri","orientation":"unverified"}},{"type":"Feature","geometry":{"type":"LineString","coordinates":[[-92.28904384365282,39.0505277891505],[-92.2956915067879,39.043761777762],[-92.30233368560181,39.0439597815195],[-92.3164151385001,39.0355388796728],[-92.32887744348102,39.0383188051453]]},"properties":{"segment_id":"a16e9a247999159367d1ff98","source_kmz":"missouri","orientation":"unverified"}},{"type":"Feature","geometry":{"type":"LineString","coordinates":[[-92.52653842898762,39.0410599577661],[-92.5323030763203,39.0449708691811],[-92.53419152768821,39.0420773517903],[-92.53754747809931,39.0451172282798],[-92.5435802118985,39.0434104364707]]},"properties":{"segment_id":"b967712cae306420e1187635","source_kmz":"missouri","orientation":"unverified"}},{"type":"Feature","geometry":{"type":"LineString","coordinates":[[-92.1300994400178,39.0499614538748],[-92.131803148146,39.0376918690045],[-92.1403537981793,39.0283142388796]]},"properties":{"segment_id":"d97eec5cc6c68e845b3a7c55","source_kmz":"missouri","orientation":"unverified"}},{"type":"Feature","geometry":{"type":"LineString","coordinates":[[-92.15745506011481,39.0690270752125],[-92.15813007103542,39.0628866657057],[-92.1434461000028,39.04260813409831],[-92.14443419519742,39.030584112831],[-92.1403537981793,39.0283142388796]]},"properties":{"segment_id":"2fa4e37e087a2762f9ce69a6","source_kmz":"missouri","orientation":"unverified"}},{"type":"Feature","geometry":{"type":"LineString","coordinates":[[-91.8259827156449,39.03421447747781],[-91.83037924036901,39.0247171458758],[-91.82871241220582,39.0171593891892]]},"properties":{"segment_id":"4c279e9b110d7d3af22683c7","source_kmz":"missouri","orientation":"unverified"}},{"type":"Feature","geometry":{"type":"LineString","coordinates":[[-92.5540904099457,39.0653975343413],[-92.5567264373614,39.046721931319],[-92.56758199395102,39.0392552203005]]},"properties":{"segment_id":"6c8687f28f27ba3c1e87102d","source_kmz":"missouri","orientation":"unverified"}},{"type":"Feature","geometry":{"type":"LineString","coordinates":[[-92.1945120562009,39.0302543699874],[-92.22226448807432,39.0351202053249],[-92.2296879984992,39.0337386621807],[-92.23340507211941,39.02956555038831]]},"properties":{"segment_id":"da944e0ad1f912e0e5c31a58","source_kmz":"missouri","orientation":"unverified"}},{"type":"Feature","geometry":{"type":"LineString","coordinates":[[-92.0944087963581,39.0233944680533],[-92.10110593381842,39.0225334890505],[-92.1138214286905,39.0269505750821],[-92.1201549111992,39.0263450631629],[-92.12215913381142,39.0215857775581],[-92.13169409365281,39.0200081525338]]},"properties":{"segment_id":"06808f5d19ca7d7e3e6acb0a","source_kmz":"missouri","orientation":"unverified"}},{"type":"Feature","geometry":{"type":"LineString","coordinates":[[-92.9762829285018,39.06782293736701],[-92.97237527048871,39.0607649716875],[-92.94966043239991,39.0430699334901],[-92.9347713831402,39.0392218604472],[-92.9368919900824,39.0470404358977],[-92.9315676292545,39.048783599693]]},"properties":{"segment_id":"32d861e629594e2286e54536","source_kmz":"missouri","orientation":"unverified"}},{"type":"Feature","geometry":{"type":"LineString","coordinates":[[-92.01721800228741,39.0394262005651],[-92.0283494273628,39.0151364515909],[-92.02639915163661,39.012395065554]]},"properties":{"segment_id":"e5d47f7a8ca342e551f8b7a2","source_kmz":"missouri","orientation":"unverified"}},{"type":"Feature","geometry":{"type":"LineString","coordinates":[[-92.35642922094571,39.0613628295073],[-92.3750743776559,39.0386048731057],[-92.3728517839079,39.0270221063879],[-92.3789135211528,39.0247883864794],[-92.37592797127532,39.0214869774096],[-92.3875542923677,39.0199509222427]]},"properties":{"segment_id":"94359a504187c1ea0b2754e8","source_kmz":"missouri","orientation":"unverified"}},{"type":"Feature","geometry":{"type":"LineString","coordinates":[[-92.5988714217138,39.0438659890748],[-92.59229118733542,39.0423463915992],[-92.58193364044952,39.0243845639546]]},"properties":{"segment_id":"baeb9a7dec4719331abaea42","source_kmz":"missouri","orientation":"unverified"}},{"type":"Feature","geometry":{"type":"LineString","coordinates":[[-92.0679626452198,39.0528311454491],[-92.0582395769112,39.0190362862374],[-92.04800379540592,39.0141565742551],[-92.04165621341491,39.0150258340432],[-92.0343776731138,39.0072924149077]]},"properties":{"segment_id":"17d8eac439385811ee5c4a9f","source_kmz":"missouri","orientation":"unverified"}},{"type":"Feature","geometry":{"type":"LineString","coordinates":[[-92.6695358072739,39.0602441966802],[-92.6746032554823,39.0566304088239],[-92.67591450190902,39.0432741887339],[-92.6718903586184,39.0394168186553],[-92.6722332895267,39.0319268768942],[-92.66611259473903,39.0280130847666],[-92.6653093301353,39.0226349808646],[-92.6689150092023,39.02032136138491]]},"properties":{"segment_id":"43b8a4e08ab51107e4554d6d","source_kmz":"missouri","orientation":"unverified"}},{"type":"Feature","geometry":{"type":"LineString","coordinates":[[-92.6429021397836,39.0228344736615],[-92.65459684593802,39.0196684552659],[-92.65587188509141,39.0223810856653],[-92.6689150092023,39.02032136138491]]},"properties":{"segment_id":"aadef4f3b854480528673bf5","source_kmz":"missouri","orientation":"unverified"}},{"type":"Feature","geometry":{"type":"LineString","coordinates":[[-92.42166674041931,39.0308495913123],[-92.4356839583949,39.0162532702308],[-92.43601176720111,39.0095664505223]]},"properties":{"segment_id":"0171d8eed64cc59f9fd47065","source_kmz":"missouri","orientation":"unverified"}},{"type":"Feature","geometry":{"type":"LineString","coordinates":[[-92.4531729405453,39.1096982026371],[-92.45914154034591,39.0879046334497],[-92.4456402391538,39.0631446234563],[-92.4496110178919,39.0463836671469],[-92.44335711620722,39.0454011293578],[-92.4466117996514,39.0361195877768],[-92.4416170428737,39.0308873781285],[-92.44312379071542,39.0215558391482],[-92.43601176720111,39.0095664505223]]},"properties":{"segment_id":"3eda2bfd0fbc5a390df01b55","source_kmz":"missouri","orientation":"unverified"}},{"type":"Feature","geometry":{"type":"LineString","coordinates":[[-92.1269721360749,39.0035199953707],[-92.1347009392571,39.0029573573954],[-92.1369818691495,38.9995459291659]]},"properties":{"segment_id":"aa81e2b539433e0ccc51ca15","source_kmz":"missouri","orientation":"unverified"}},{"type":"Feature","geometry":{"type":"LineString","coordinates":[[-92.23114424715291,39.0056563314937],[-92.2401281053342,39.0011072085125],[-92.2607001093445,39.0025324842272]]},"properties":{"segment_id":"9b661e5df6aa8ac4f480870c","source_kmz":"missouri","orientation":"unverified"}},{"type":"Feature","geometry":{"type":"LineString","coordinates":[[-92.8723610538253,39.0173121230995],[-92.8749963758223,39.0211277832247],[-92.9124280862687,39.0378648495572],[-92.9184400301446,39.03640738813101],[-92.9188822755405,39.0259740639016]]},"properties":{"segment_id":"3d1a59ce433d5b83df267572","source_kmz":"missouri","orientation":"unverified"}},{"type":"Feature","geometry":{"type":"LineString","coordinates":[[-92.8994531109046,39.046646880512],[-92.9006732772311,39.0426602682498],[-92.8912782073542,39.0413541838029],[-92.8746283751492,39.02968832219031],[-92.86971850316512,39.0217982211321],[-92.8723610538253,39.0173121230995]]},"properties":{"segment_id":"4429747711968783025d2a06","source_kmz":"missouri","orientation":"unverified"}},{"type":"Feature","geometry":{"type":"LineString","coordinates":[[-92.488132736835,39.02444454151051],[-92.48072794846291,39.0328058686327],[-92.4765721263141,39.0318844464673],[-92.4646109463389,39.0259195851786],[-92.46106567805302,39.0196580743038],[-92.4565222545594,39.0195284446773],[-92.44739002681521,39.0058749799801]]},"properties":{"segment_id":"0103ebd4afdadbb2c2cae555","source_kmz":"missouri","orientation":"unverified"}},{"type":"Feature","geometry":{"type":"LineString","coordinates":[[-92.07367872772932,38.9988982175738],[-92.064043939764,39.002343399149],[-92.04909389579,38.9940993776083]]},"properties":{"segment_id":"fd4612cff617b9866dee25a7","source_kmz":"missouri","orientation":"unverified"}},{"type":"Feature","geometry":{"type":"LineString","coordinates":[[-91.82871241220582,39.0171593891892],[-91.8332423167997,39.0114173704897],[-91.8324887500799,39.0001394950765],[-91.8381750369811,38.9863986929863]]},"properties":{"segment_id":"1cc34cc08817d93e3cea2995","source_kmz":"missouri","orientation":"unverified"}},{"type":"Feature","geometry":{"type":"LineString","coordinates":[[-91.8605241755367,39.00563264003111],[-91.8479347340457,38.9993178149707],[-91.8433831119747,38.98710916003991],[-91.8381750369811,38.9863986929863]]},"properties":{"segment_id":"b3eb73b3e8d9c815620b7462","source_kmz":"missouri","orientation":"unverified"}},{"type":"Feature","geometry":{"type":"LineString","coordinates":[[-92.032778471679,38.9917034523575],[-92.0314960808444,39.00237819039],[-92.0262982632273,39.0078376190774],[-92.02246977896631,39.0074470579588]]},"properties":{"segment_id":"f96d5570ec8c453324f8c76c","source_kmz":"missouri","orientation":"unverified"}},{"type":"Feature","geometry":{"type":"LineString","coordinates":[[-92.7529621029772,39.0268334768868],[-92.7550323451263,39.0196565356718],[-92.7504736667809,39.0120383812259],[-92.7569674444681,39.0076553453844]]},"properties":{"segment_id":"bd40dc56b715142adc6bda49","source_kmz":"missouri","orientation":"unverified"}},{"type":"Feature","geometry":{"type":"LineString","coordinates":[[-92.8323042888671,39.0452198626757],[-92.835416117533,39.0380683177574],[-92.8267359519118,39.0124047437855],[-92.83888674618201,39.0065551993783]]},"properties":{"segment_id":"d9a11867d8dbce52eb67fc67","source_kmz":"missouri","orientation":"unverified"}},{"type":"Feature","geometry":{"type":"LineString","coordinates":[[-92.85312727304321,39.0251280424198],[-92.8460300068738,39.0193239384079],[-92.8390275331183,39.0194136241566],[-92.83888674618201,39.0065551993783]]},"properties":{"segment_id":"29f95ead7d47150c87368865","source_kmz":"missouri","orientation":"unverified"}},{"type":"Feature","geometry":{"type":"LineString","coordinates":[[-92.3351088578294,38.9980559992628],[-92.34415225930242,38.9991263631984],[-92.35072299225423,38.9936947758529],[-92.3625609729537,38.9948459715677],[-92.37289261734242,38.9911306068843]]},"properties":{"segment_id":"31cf2bb8104d6609bff322af","source_kmz":"missouri","orientation":"unverified"}},{"type":"Feature","geometry":{"type":"LineString","coordinates":[[-91.9587075984289,39.0589674888581],[-91.9427539618557,39.0498741847709],[-91.93655536246841,39.0354723760085],[-91.9382074322279,39.0309720364102],[-91.9306987515159,39.0275111970322],[-91.9268902017973,39.01425880387751],[-91.9148569820607,39.01038042942],[-91.90869736419191,38.9954424991563],[-91.9036236453411,38.992328067966],[-91.9090885482965,38.988489783656],[-91.9053039593825,38.9811313843676],[-91.91296838812231,38.9754902133593]]},"properties":{"segment_id":"c91feeda476d542f289e2b50","source_kmz":"missouri","orientation":"unverified"}},{"type":"Feature","geometry":{"type":"LineString","coordinates":[[-92.0078262789881,38.9745613154464],[-92.0059007542121,38.9841435827758],[-91.9969485384866,38.9878734620051],[-91.99161648919122,38.9957382309636]]},"properties":{"segment_id":"d2ea2e317d5edcd02b421a70","source_kmz":"missouri","orientation":"unverified"}},{"type":"Feature","geometry":{"type":"LineString","coordinates":[[-91.89539397208092,38.9955388674326],[-91.8951764048829,38.9807966276785],[-91.8870205241878,38.9703458480459]]},"properties":{"segment_id":"e8eaa1767ff064384329391e","source_kmz":"missouri","orientation":"unverified"}},{"type":"Feature","geometry":{"type":"LineString","coordinates":[[-92.9305558112696,38.9981441758802],[-92.9188312846512,39.0024062391651],[-92.91711586044,39.0098620823005],[-92.8995494065668,39.011566929474]]},"properties":{"segment_id":"6803948d85ce6e8484c92f80","source_kmz":"missouri","orientation":"unverified"}},{"type":"Feature","geometry":{"type":"LineString","coordinates":[[-92.52441539586572,38.997610399414],[-92.5289065003667,38.9988074718798],[-92.5363150301041,38.99017583731131],[-92.549628973924,38.98974330083441],[-92.5529507328009,38.9860859288341]]},"properties":{"segment_id":"564387cebee692abf1144b2c","source_kmz":"missouri","orientation":"unverified"}},{"type":"Feature","geometry":{"type":"LineString","coordinates":[[-92.28703731763882,39.0212703589825],[-92.30264992955243,39.0102182928563],[-92.29861119349201,39.0001869341721],[-92.3036153936084,38.9912287756213],[-92.32373272207461,38.9808442497749],[-92.32181282306492,38.977305154108],[-92.32647493758301,38.9750325760191],[-92.3331378929249,38.9746940112753],[-92.3510719263519,38.9867407444896],[-92.3689275035907,38.9864610788416],[-92.37289261734242,38.9911306068843]]},"properties":{"segment_id":"1424e1da552148a98d17ef58","source_kmz":"missouri","orientation":"unverified"}},{"type":"Feature","geometry":{"type":"LineString","coordinates":[[-91.82421331704381,38.9736052149103],[-91.82901687835391,38.9630501767014],[-91.82602816458042,38.9602704359933],[-91.8322082654479,38.9561916579306],[-91.82997918640761,38.9523658775258],[-91.8383264876971,38.9531821822073]]},"properties":{"segment_id":"83baf8a1854a305d4e0f0fb1","source_kmz":"missouri","orientation":"unverified"}},{"type":"Feature","geometry":{"type":"LineString","coordinates":[[-92.7700309370522,38.9892489664004],[-92.76547259346331,38.9816313994908],[-92.7498594137573,38.9788130050303]]},"properties":{"segment_id":"8bca57132b5b87417a355543","source_kmz":"missouri","orientation":"unverified"}},{"type":"Feature","geometry":{"type":"LineString","coordinates":[[-92.17314102379751,39.0172749080719],[-92.16934521829883,39.0029602426169],[-92.17244994215372,38.9971627456677],[-92.1680664956984,38.987383835093],[-92.18478265174112,38.9621830359479]]},"properties":{"segment_id":"5fba7a55b0da2df0eef2c561","source_kmz":"missouri","orientation":"unverified"}},{"type":"Feature","geometry":{"type":"LineString","coordinates":[[-92.8177207677943,39.002532732517],[-92.82616698050352,38.9933756915522],[-92.8239557527536,38.9799286406708]]},"properties":{"segment_id":"4f10ce671a9dccff2a19c3ec","source_kmz":"missouri","orientation":"unverified"}},{"type":"Feature","geometry":{"type":"LineString","coordinates":[[-92.09667793191201,38.9615841685309],[-92.1070183873005,38.9578909667763],[-92.1284882949738,38.9684747525017]]},"properties":{"segment_id":"e8c229a3474a1156a570cdd2","source_kmz":"missouri","orientation":"unverified"}},{"type":"Feature","geometry":{"type":"LineString","coordinates":[[-92.6179328450472,39.0028728491325],[-92.61882836310932,38.9836135163341],[-92.6124275687265,38.9783501368903],[-92.61241459473483,38.9711183847422]]},"properties":{"segment_id":"a9a657a85509ee33dd520cfd","source_kmz":"missouri","orientation":"unverified"}},{"type":"Feature","geometry":{"type":"LineString","coordinates":[[-92.3863424932363,38.9668805920147],[-92.39670023442382,38.96959261101],[-92.4018674984674,38.9641177490082],[-92.41119091684942,38.966530690799]]},"properties":{"segment_id":"ca57fb34d756c73b9d363480","source_kmz":"missouri","orientation":"unverified"}},{"type":"Feature","geometry":{"type":"LineString","coordinates":[[-92.8971887951977,38.9766935569018],[-92.8905118328833,38.9856316814353],[-92.8752584483233,38.9906045581194],[-92.8630522748903,38.9897609546208]]},"properties":{"segment_id":"610979f937fe59378f16676a","source_kmz":"missouri","orientation":"unverified"}},{"type":"Feature","geometry":{"type":"LineString","coordinates":[[-92.5070897818939,38.9649830216406],[-92.5169197191892,38.9641881131425],[-92.5317201803642,38.96915611577261],[-92.5365570527298,38.9850936757303],[-92.5457542275055,38.9829395636579],[-92.5529507328009,38.9860859288341]]},"properties":{"segment_id":"95838f890aa3608be2d4ff32","source_kmz":"missouri","orientation":"unverified"}},{"type":"Feature","geometry":{"type":"LineString","coordinates":[[-92.8176007170212,38.9653040733376],[-92.8123005949956,38.9745413196275],[-92.7899440499917,38.9739648150997]]},"properties":{"segment_id":"f49bca3bb2a435997c037358","source_kmz":"missouri","orientation":"unverified"}},{"type":"Feature","geometry":{"type":"LineString","coordinates":[[-92.4796939449572,38.9746543233266],[-92.4639651655136,38.9672429797932],[-92.4527633404725,38.9674588019175],[-92.4484157365661,38.9705485378083],[-92.4446205314335,38.95517256514601],[-92.43382212699102,38.9543268022186],[-92.4233658088477,38.9465259086548]]},"properties":{"segment_id":"bc0a220471bd986f23925836","source_kmz":"missouri","orientation":"unverified"}},{"type":"Feature","geometry":{"type":"LineString","coordinates":[[-92.2240943486076,38.9864231134649],[-92.2297802421649,38.9847209549062],[-92.24378560140833,38.9709487788301],[-92.25723531739601,38.9678731069883],[-92.2765242996612,38.9531854342755],[-92.2817615562609,38.9533425895882],[-92.2851770255017,38.9480876969592],[-92.3030547226002,38.9403183436205],[-92.3063420199779,38.9444342318273]]},"properties":{"segment_id":"d4ae2d6d303c0876d746d7e6","source_kmz":"missouri","orientation":"unverified"}},{"type":"Feature","geometry":{"type":"LineString","coordinates":[[-92.1436295496963,38.9335864606747],[-92.1466767267305,38.9288594170161],[-92.1541473631462,38.9264126611543]]},"properties":{"segment_id":"8692dc64537eaf58ff4954fe","source_kmz":"missouri","orientation":"unverified"}},{"type":"Feature","geometry":{"type":"LineString","coordinates":[[-92.56571721333822,38.9379620672887],[-92.5651534913137,38.9424996119056],[-92.551162677899,38.9426469081564],[-92.5395579002871,38.9514299908692],[-92.53397106727742,38.9512739596346]]},"properties":{"segment_id":"6c93c979e8eb0741251baf39","source_kmz":"missouri","orientation":"unverified"}},{"type":"Feature","geometry":{"type":"LineString","coordinates":[[-92.2261553740029,38.9669312705989],[-92.2317981359359,38.9660313686559],[-92.2487581132061,38.9491341392233],[-92.2752851382557,38.94323724705011],[-92.292456126807,38.9287516555802]]},"properties":{"segment_id":"40a4486e02e155c7248dd4f8","source_kmz":"missouri","orientation":"unverified"}},{"type":"Feature","geometry":{"type":"LineString","coordinates":[[-91.91045374051541,38.9579933587043],[-91.8967304614207,38.9532534438459],[-91.8868322388255,38.9427449159081],[-91.8848880337559,38.933839391671],[-91.890482093811,38.9152714274512]]},"properties":{"segment_id":"7953748e6d08a5c6829d1807","source_kmz":"missouri","orientation":"unverified"}},{"type":"Feature","geometry":{"type":"LineString","coordinates":[[-91.94347387090342,38.9491656180953],[-91.9258206622931,38.9459077138605],[-91.9219123701119,38.9345272158585],[-91.90746472809951,38.930300359745],[-91.890482093811,38.9152714274512]]},"properties":{"segment_id":"7569881268b16a07b8263dac","source_kmz":"missouri","orientation":"unverified"}},{"type":"Feature","geometry":{"type":"LineString","coordinates":[[-92.02379776439861,38.9383730188918],[-92.0222425965793,38.9348405233375],[-91.98988156464323,38.9193314561994],[-91.9654557125821,38.9185386812223]]},"properties":{"segment_id":"f1a8646371c5eb28b7630f47","source_kmz":"missouri","orientation":"unverified"}},{"type":"Feature","geometry":{"type":"LineString","coordinates":[[-92.7941885548804,38.9411338128845],[-92.7958048152129,38.9441215038325],[-92.7889531389818,38.9567992077705],[-92.79218150865542,38.9708089514182],[-92.7655038795444,38.9730621473841]]},"properties":{"segment_id":"75668e9f9bed23a059fb8ff9","source_kmz":"missouri","orientation":"unverified"}},{"type":"Feature","geometry":{"type":"LineString","coordinates":[[-92.37468456637372,38.9341301198626],[-92.37844147490642,38.928882883722],[-92.3843885851124,38.9287886357035]]},"properties":{"segment_id":"4e6813ca044dc67fba6aa1e5","source_kmz":"missouri","orientation":"unverified"}},{"type":"Feature","geometry":{"type":"LineString","coordinates":[[-92.23642151679361,38.9375098255965],[-92.2741354054649,38.9247201072733],[-92.292456126807,38.9287516555802]]},"properties":{"segment_id":"18f2716d63b034f8f5f64e7c","source_kmz":"missouri","orientation":"unverified"}},{"type":"Feature","geometry":{"type":"LineString","coordinates":[[-92.3360438325805,38.9447798029413],[-92.35104216347251,38.93852572410091],[-92.3494577101698,38.935264812794],[-92.3536332067275,38.9356555521993],[-92.35655877479151,38.9260988031496]]},"properties":{"segment_id":"e5c9a72916b3f33345ae967a","source_kmz":"missouri","orientation":"unverified"}},{"type":"Feature","geometry":{"type":"LineString","coordinates":[[-92.292456126807,38.9287516555802],[-92.30291781602712,38.9223676136009],[-92.3114261415752,38.926906853098],[-92.3115887805142,38.923697381808],[-92.31785750701461,38.9241516212385],[-92.32187001608152,38.9277529091837]]},"properties":{"segment_id":"fb9ccd7e5d9c466c501d2319","source_kmz":"missouri","orientation":"unverified"}},{"type":"Feature","geometry":{"type":"LineString","coordinates":[[-91.7927431894496,38.900738888676],[-91.8041157464528,38.9035358244766],[-91.8098511003753,38.9010507519836]]},"properties":{"segment_id":"5774c4c2c713cf4753496166","source_kmz":"missouri","orientation":"unverified"}},{"type":"Feature","geometry":{"type":"LineString","coordinates":[[-92.4024466738655,38.9311889699644],[-92.4012355731613,38.927403921576],[-92.4079539575615,38.91875977702081]]},"properties":{"segment_id":"d17514e4e11e5c8a505bd10b","source_kmz":"missouri","orientation":"unverified"}},{"type":"Feature","geometry":{"type":"LineString","coordinates":[[-91.890482093811,38.9152714274512],[-91.89057099638102,38.9075050592636],[-91.8984872753891,38.9034808498935],[-91.8969087890735,38.9004816171106]]},"properties":{"segment_id":"2e9c8961a6169f3ebf7e89e4","source_kmz":"missouri","orientation":"unverified"}},{"type":"Feature","geometry":{"type":"LineString","coordinates":[[-91.9266196295756,38.9191435834148],[-91.91106453309,38.9097904609721],[-91.9083003271864,38.9030015869656],[-91.8969087890735,38.9004816171106]]},"properties":{"segment_id":"447af545968bccf59f937f58","source_kmz":"missouri","orientation":"unverified"}},{"type":"Feature","geometry":{"type":"LineString","coordinates":[[-92.48309562454021,38.9404670248489],[-92.4871812282598,38.9354938707159],[-92.4821645739593,38.9235666127888],[-92.48901560152781,38.9192075713488],[-92.48929938347781,38.9133231309074]]},"properties":{"segment_id":"d97628acfe7fd1353469ed46","source_kmz":"missouri","orientation":"unverified"}},{"type":"Feature","geometry":{"type":"LineString","coordinates":[[-92.18478265174112,38.9621830359479],[-92.1841013750893,38.9485004719332],[-92.176366919885,38.9426368147027],[-92.1765518196221,38.9324632770211],[-92.18068595593651,38.9269653681158],[-92.1648246999112,38.9029025951946]]},"properties":{"segment_id":"c7a1d32dae2a8a7edd03a1a2","source_kmz":"missouri","orientation":"unverified"}},{"type":"Feature","geometry":{"type":"LineString","coordinates":[[-92.51521440212301,38.91217962810131],[-92.5202190889009,38.9171413052362],[-92.51777958195382,38.9243043947718],[-92.5043361193796,38.9276757530595]]},"properties":{"segment_id":"69b1deb0bf92e573061a6f69","source_kmz":"missouri","orientation":"unverified"}},{"type":"Feature","geometry":{"type":"LineString","coordinates":[[-92.74973554790041,38.9346202315498],[-92.74984032596302,38.9244460355779],[-92.7550851112514,38.9165490301488]]},"properties":{"segment_id":"6f151c6652f3077837c9d0db","source_kmz":"missouri","orientation":"unverified"}},{"type":"Feature","geometry":{"type":"LineString","coordinates":[[-92.22003962456121,38.9230821925857],[-92.23550625489922,38.9214099679481],[-92.2480380869886,38.9156290388058],[-92.2568121067501,38.9081262707669],[-92.25781240720461,38.9022634637056]]},"properties":{"segment_id":"161f78110246eb1637d518dc","source_kmz":"missouri","orientation":"unverified"}},{"type":"Feature","geometry":{"type":"LineString","coordinates":[[-92.1193330960456,38.9237202695943],[-92.12524432586412,38.91774396884961],[-92.12074419342571,38.8972443085949]]},"properties":{"segment_id":"b34819f9156e64e5a46bbff8","source_kmz":"missouri","orientation":"unverified"}},{"type":"Feature","geometry":{"type":"LineString","coordinates":[[-91.8969087890735,38.9004816171106],[-91.89214574923871,38.8981805321309],[-91.8944779748999,38.8878094910649]]},"properties":{"segment_id":"fd494a6e5e6fed5a28f97227","source_kmz":"missouri","orientation":"unverified"}},{"type":"Feature","geometry":{"type":"LineString","coordinates":[[-92.81407386447361,38.918079219822],[-92.81935641910601,38.9171436502149],[-92.8202297691206,38.91314895119451]]},"properties":{"segment_id":"ef7aade6dfa76a053c58942f","source_kmz":"missouri","orientation":"unverified"}},{"type":"Feature","geometry":{"type":"LineString","coordinates":[[-91.9654557125821,38.9185386812223],[-91.9593603514063,38.9086957232232],[-91.9502379224227,38.90303991382891],[-91.92948591717061,38.8991450617395],[-91.9068205796555,38.8858067973132],[-91.8944779748999,38.8878094910649]]},"properties":{"segment_id":"e7446e77f1c68fa75909f89d","source_kmz":"missouri","orientation":"unverified"}},{"type":"Feature","geometry":{"type":"LineString","coordinates":[[-92.3633475537669,38.9091555460193],[-92.38550057102032,38.8993574726589],[-92.4033400135359,38.9060370779791],[-92.4042734638714,38.9154388708936]]},"properties":{"segment_id":"ea0538f4cfd7b720bf7e072a","source_kmz":"missouri","orientation":"unverified"}},{"type":"Feature","geometry":{"type":"LineString","coordinates":[[-92.8202297691206,38.91314895119451],[-92.81841613477881,38.9066750420015],[-92.806259884693,38.9050233427016]]},"properties":{"segment_id":"ad20611deff52eab2537778b","source_kmz":"missouri","orientation":"unverified"}},{"type":"Feature","geometry":{"type":"LineString","coordinates":[[-92.3023955423568,38.8982446598706],[-92.32370722570631,38.8913788090552],[-92.3228249900009,38.8811740746522],[-92.32925188814652,38.8784182679107]]},"properties":{"segment_id":"7d4e5e52e27a11b316f82246","source_kmz":"missouri","orientation":"unverified"}},{"type":"Feature","geometry":{"type":"LineString","coordinates":[[-92.5354344930784,38.8838203789372],[-92.53677176344732,38.8924284581538],[-92.531568766469,38.8989787923461]]},"properties":{"segment_id":"5c4b0cd0393910961538e772","source_kmz":"missouri","orientation":"unverified"}},{"type":"Feature","geometry":{"type":"LineString","coordinates":[[-91.7578683616971,38.8754365752534],[-91.7694236345788,38.8629716206772],[-91.78684866718922,38.8697278471961],[-91.8002739556541,38.8610746761351]]},"properties":{"segment_id":"2e882a72954353d35ccabcf4","source_kmz":"missouri","orientation":"unverified"}},{"type":"Feature","geometry":{"type":"LineString","coordinates":[[-92.6048705999561,38.88547481771671],[-92.60114473096331,38.8904613832624],[-92.5892573412842,38.8906703808733]]},"properties":{"segment_id":"e5393ddf0aca30560aa81889","source_kmz":"missouri","orientation":"unverified"}},{"type":"Feature","geometry":{"type":"LineString","coordinates":[[-91.85968816195411,38.9096918965512],[-91.85556509744241,38.8961584878958],[-91.85673563873162,38.8817304552569],[-91.8650305585597,38.8710233584487],[-91.8622721110913,38.8642334913468],[-91.8687755172301,38.8604319941528]]},"properties":{"segment_id":"fff078b7f628ecc85103c403","source_kmz":"missouri","orientation":"unverified"}},{"type":"Feature","geometry":{"type":"LineString","coordinates":[[-92.4227466759201,38.8808855677522],[-92.4389845789652,38.8845675216664],[-92.4379162461423,38.8778407057698]]},"properties":{"segment_id":"e61115877bf9a4fec1c540d9","source_kmz":"missouri","orientation":"unverified"}},{"type":"Feature","geometry":{"type":"LineString","coordinates":[[-92.0419045816532,38.9204680635599],[-92.0275841219406,38.91384838608641],[-92.0241127517295,38.9006103880259],[-92.00077611891491,38.8864646515732],[-91.9817713096633,38.8636143342443]]},"properties":{"segment_id":"cb40cef2c289d2d8ae005213","source_kmz":"missouri","orientation":"unverified"}},{"type":"Feature","geometry":{"type":"LineString","coordinates":[[-92.25781240720461,38.9022634637056],[-92.2745941240143,38.8952689907153],[-92.2881568567657,38.8828187383731],[-92.29305387828101,38.8826975114806],[-92.2932036158247,38.8797555348898],[-92.3004605162224,38.8813117687845],[-92.3010130787566,38.8773103870784],[-92.30552022012581,38.8779806112297],[-92.3058457854853,38.8715617251529],[-92.32925188814652,38.8784182679107]]},"properties":{"segment_id":"6ddb95b0acdfc5b917a3faad","source_kmz":"missouri","orientation":"unverified"}},{"type":"Feature","geometry":{"type":"LineString","coordinates":[[-92.47210930788681,38.9074781771986],[-92.47637447838622,38.9059924755259],[-92.4781724521038,38.87604547881931]]},"properties":{"segment_id":"478321d96d8685956654d6a6","source_kmz":"missouri","orientation":"unverified"}},{"type":"Feature","geometry":{"type":"LineString","coordinates":[[-92.7409351489192,38.8813619642459],[-92.7441607826316,38.8873386662814],[-92.7523792801903,38.8910359182309],[-92.7517320964934,38.8977142757425]]},"properties":{"segment_id":"0f3ae9f145450dd00788c048","source_kmz":"missouri","orientation":"unverified"}},{"type":"Feature","geometry":{"type":"LineString","coordinates":[[-92.71167883550291,38.8795176332444],[-92.70860831779791,38.8933625685355],[-92.7158986075692,38.9021261278261],[-92.7147420813043,38.9122725158777],[-92.7075924926134,38.915832251535]]},"properties":{"segment_id":"7f8f55ac5b17a4ecec1ea4e6","source_kmz":"missouri","orientation":"unverified"}},{"type":"Feature","geometry":{"type":"LineString","coordinates":[[-92.32925188814652,38.8784182679107],[-92.3318551217401,38.8752811171264],[-92.3412857695636,38.8752921730936],[-92.35001852686831,38.8683177648383]]},"properties":{"segment_id":"e3ac4a376b89ae91dbc2fc39","source_kmz":"missouri","orientation":"unverified"}},{"type":"Feature","geometry":{"type":"LineString","coordinates":[[-92.12074419342571,38.8972443085949],[-92.1506941203979,38.8727301991446],[-92.14989287349621,38.8614545300023]]},"properties":{"segment_id":"7cf0a08616a55992e5ca18b5","source_kmz":"missouri","orientation":"unverified"}},{"type":"Feature","geometry":{"type":"LineString","coordinates":[[-92.3553995395535,38.8864223612414],[-92.36046913335352,38.8758572997039],[-92.3701397789916,38.8710518887921],[-92.37319627361792,38.8657844099768]]},"properties":{"segment_id":"06a820721b119f6880418070","source_kmz":"missouri","orientation":"unverified"}},{"type":"Feature","geometry":{"type":"LineString","coordinates":[[-92.8680439452088,38.8819622953069],[-92.8609363793327,38.8766941828001],[-92.8546569007348,38.8765349146047]]},"properties":{"segment_id":"0f5be0272f991e10258a92e0","source_kmz":"missouri","orientation":"unverified"}},{"type":"Feature","geometry":{"type":"LineString","coordinates":[[-91.91322276264611,38.8651217092665],[-91.8985912943181,38.8582082702363],[-91.8901151370013,38.8474789081357],[-91.88071850213942,38.8468987133026]]},"properties":{"segment_id":"666729e12124bdaa33d54a3a","source_kmz":"missouri","orientation":"unverified"}},{"type":"Feature","geometry":{"type":"LineString","coordinates":[[-92.38241318616001,38.8700717071774],[-92.3766704225985,38.86615394394671],[-92.3759701298622,38.8591693512364]]},"properties":{"segment_id":"908b98a604f09558a87ff6dc","source_kmz":"missouri","orientation":"unverified"}},{"type":"Feature","geometry":{"type":"LineString","coordinates":[[-92.6161436479599,38.8608754481762],[-92.613129798293,38.8656139282131],[-92.61615877501431,38.88310537604741]]},"properties":{"segment_id":"b63d40c3e9e210fa7bc580e3","source_kmz":"missouri","orientation":"unverified"}},{"type":"Feature","geometry":{"type":"LineString","coordinates":[[-92.5708567426369,38.8585585352071],[-92.568474570163,38.8646526436573],[-92.5892573412842,38.8906703808733]]},"properties":{"segment_id":"171da1a7737f0ca49d6ec930","source_kmz":"missouri","orientation":"unverified"}},{"type":"Feature","geometry":{"type":"LineString","coordinates":[[-92.7599450448586,38.862310340934],[-92.7567142270838,38.8721348101164],[-92.7682302155824,38.8802022887742],[-92.7641949332878,38.8924162848923],[-92.7701196766789,38.9006051957083]]},"properties":{"segment_id":"58e4ca642541dc571891079c","source_kmz":"missouri","orientation":"unverified"}},{"type":"Feature","geometry":{"type":"LineString","coordinates":[[-91.95298610905311,38.8787508798151],[-91.9486177828318,38.86306992667041],[-91.9249696006717,38.8424692883956],[-91.92855986949421,38.8407121104621],[-91.9281167972151,38.8361432281218]]},"properties":{"segment_id":"28427835a03e392e80dd2cb4","source_kmz":"missouri","orientation":"unverified"}},{"type":"Feature","geometry":{"type":"LineString","coordinates":[[-91.9817713096633,38.8636143342443],[-91.9575498024902,38.8531817134615],[-91.9573274119237,38.8446017370498],[-91.95009640192771,38.8427580174232],[-91.9439920645614,38.8457729610661],[-91.9411080533489,38.8411241586108],[-91.9281167972151,38.8361432281218]]},"properties":{"segment_id":"2b50db9a91f672d55e11927f","source_kmz":"missouri","orientation":"unverified"}},{"type":"Feature","geometry":{"type":"LineString","coordinates":[[-92.07965355577761,38.9270255873638],[-92.0801144634181,38.9184678356439],[-92.0859853476361,38.9132956993004],[-92.08922830748394,38.8919674004015],[-92.08658140815382,38.8892049839044],[-92.09132703203232,38.8789073804471],[-92.1054724381959,38.8691734680367],[-92.11420641677582,38.8560538349883],[-92.1204395999181,38.8570529116922],[-92.1257760436247,38.8486478978913],[-92.1358437169569,38.8497661327725],[-92.13619827583982,38.8430802897744],[-92.1402540094645,38.84561767629741],[-92.14180423948173,38.8427193620271]]},"properties":{"segment_id":"c96b061f0dc8874bbf4cfe02","source_kmz":"missouri","orientation":"unverified"}},{"type":"Feature","geometry":{"type":"LineString","coordinates":[[-92.1798724621161,38.8425604488795],[-92.1718405052092,38.8425802334978],[-92.1692034363813,38.84624888188651],[-92.1569876282951,38.8461381975853],[-92.1525967976048,38.8433230907217],[-92.1472404626848,38.8455673998777]]},"properties":{"segment_id":"420c285ee984de3f2936faec","source_kmz":"missouri","orientation":"unverified"}},{"type":"Feature","geometry":{"type":"LineString","coordinates":[[-92.70695761837682,38.8526106001006],[-92.6883825001983,38.8695234503335],[-92.68319819345672,38.8913459068856]]},"properties":{"segment_id":"3887d2abafe4823c7df17142","source_kmz":"missouri","orientation":"unverified"}},{"type":"Feature","geometry":{"type":"LineString","coordinates":[[-92.6596542871378,38.8486655257231],[-92.6598735172785,38.8591164407668],[-92.67596689618722,38.8737438345114],[-92.6765618261555,38.8836691251347],[-92.68319819345672,38.8913459068856]]},"properties":{"segment_id":"1d468c94f2abcd4bb3c01822","source_kmz":"missouri","orientation":"unverified"}},{"type":"Feature","geometry":{"type":"LineString","coordinates":[[-91.7275626346469,38.8202738197372],[-91.7360188191596,38.8189579236738],[-91.7505802047474,38.8266926819238]]},"properties":{"segment_id":"49a4267b63f238cec1df0328","source_kmz":"missouri","orientation":"unverified"}},{"type":"Feature","geometry":{"type":"LineString","coordinates":[[-92.217013250417,38.8737020038439],[-92.22312247404321,38.8704061653225],[-92.2499944672829,38.8776514145542],[-92.2626879912263,38.87535641156531],[-92.2726934653324,38.8641398405678],[-92.2711004452274,38.8611454097157],[-92.27879936859763,38.8608412614765],[-92.27685747668562,38.8578364274295],[-92.2802824789317,38.8523142840109],[-92.2844664912345,38.852439897504],[-92.2864006794697,38.8487478847494],[-92.2898327193834,38.8499222045257],[-92.291875453593,38.844090499757],[-92.2966883126101,38.8455738366595],[-92.2992283925304,38.8368104734985],[-92.30629521744221,38.8351465167706]]},"properties":{"segment_id":"279a0f181fa5641355fda298","source_kmz":"missouri","orientation":"unverified"}},{"type":"Feature","geometry":{"type":"LineString","coordinates":[[-92.5175706768709,38.841001566202],[-92.5008119712646,38.8482963386715],[-92.4755262370321,38.8513289716951],[-92.47139274056381,38.8573715723657],[-92.4674804648231,38.851635396243],[-92.4581958808052,38.8486917824571],[-92.4500591119015,38.8508693596823]]},"properties":{"segment_id":"422935e5cbaa269a226385b7","source_kmz":"missouri","orientation":"unverified"}},{"type":"Feature","geometry":{"type":"LineString","coordinates":[[-92.23180489355612,38.8511164083567],[-92.2445673227544,38.8541827723379],[-92.2599775847718,38.8533098474463],[-92.26159182938241,38.8490727950163],[-92.2723452622326,38.8504684347251],[-92.2729128142966,38.8461997437097],[-92.2810270397759,38.844568705826],[-92.2798373361282,38.840515065395],[-92.2860714506677,38.84150580621171],[-92.2869594714518,38.837782412639],[-92.29177181404822,38.8392659395235],[-92.2916817972956,38.8341739308871]]},"properties":{"segment_id":"70a23b48a0b0cd7b4ef8a5c3","source_kmz":"missouri","orientation":"unverified"}},{"type":"Feature","geometry":{"type":"LineString","coordinates":[[-92.8858141632605,38.8502743088194],[-92.8752603177373,38.8521508700989],[-92.87009064662323,38.8587153386936]]},"properties":{"segment_id":"390a8f12cb5c09b559a009e7","source_kmz":"missouri","orientation":"unverified"}},{"type":"Feature","geometry":{"type":"LineString","coordinates":[[-92.9266395586207,38.8507585722209],[-92.90914570773052,38.8516621917669],[-92.9051958881885,38.8542415242174]]},"properties":{"segment_id":"a3a8dd1bad9d9a8f935f7aa5","source_kmz":"missouri","orientation":"unverified"}},{"type":"Feature","geometry":{"type":"LineString","coordinates":[[-91.7505802047474,38.8266926819238],[-91.7610652560591,38.8265163906102],[-91.76937489563382,38.8217102365236],[-91.77790010073922,38.8252163953187],[-91.7789532370456,38.8190901924721],[-91.79481790411232,38.8164152908632]]},"properties":{"segment_id":"bf6fde7561b3457fdb62e801","source_kmz":"missouri","orientation":"unverified"}},{"type":"Feature","geometry":{"type":"LineString","coordinates":[[-91.79481790411232,38.8164152908632],[-91.7986043030606,38.8173476462491],[-91.79553924458152,38.822066043394],[-91.8007505750543,38.82251089160921],[-91.7983978020738,38.82698561292621],[-91.80151865201692,38.8273594334156]]},"properties":{"segment_id":"e494c8b3b2c522532d3dd336","source_kmz":"missouri","orientation":"unverified"}},{"type":"Feature","geometry":{"type":"LineString","coordinates":[[-92.37220687948891,38.8365597607414],[-92.3760149378475,38.8372069860248],[-92.3793783122343,38.8327519583071]]},"properties":{"segment_id":"1c37596ea4492ec1f91f355b","source_kmz":"missouri","orientation":"unverified"}},{"type":"Feature","geometry":{"type":"LineString","coordinates":[[-92.2916817972956,38.8341739308871],[-92.3034021146008,38.8302387359741],[-92.30629521744221,38.8351465167706]]},"properties":{"segment_id":"7e00c1f9462ca51fa9bc2d8b","source_kmz":"missouri","orientation":"unverified"}},{"type":"Feature","geometry":{"type":"LineString","coordinates":[[-91.83404625702941,38.8630192257907],[-91.8211672188288,38.8317751714089],[-91.82153936303462,38.8191958116498],[-91.82698399705,38.80946676747971]]},"properties":{"segment_id":"f4fd1eeb8871065c39a62abf","source_kmz":"missouri","orientation":"unverified"}},{"type":"Feature","geometry":{"type":"LineString","coordinates":[[-92.26825983967453,38.8211485180501],[-92.279214838843,38.832192701937],[-92.28314460278742,38.8304357372304],[-92.286090868875,38.8342741903015],[-92.2890157137562,38.8316833124673],[-92.2916817972956,38.8341739308871]]},"properties":{"segment_id":"c96d5195748de8015b9cf2b8","source_kmz":"missouri","orientation":"unverified"}},{"type":"Feature","geometry":{"type":"LineString","coordinates":[[-92.7228552152235,38.8329462483103],[-92.71368220728202,38.8351134389357],[-92.7083179748807,38.8456835582593],[-92.7029665628345,38.8482193523342]]},"properties":{"segment_id":"28bbc96aea7540ea28be0068","source_kmz":"missouri","orientation":"unverified"}},{"type":"Feature","geometry":{"type":"LineString","coordinates":[[-92.2532324867022,38.8214981283844],[-92.2561493416927,38.8258721825655],[-92.25844650735232,38.8219237114004],[-92.26254645667291,38.8236547457435],[-92.2644946972084,38.8196956392499],[-92.26825983967453,38.8211485180501]]},"properties":{"segment_id":"d9aa08191bf41d0cc32a29d8","source_kmz":"missouri","orientation":"unverified"}},{"type":"Feature","geometry":{"type":"LineString","coordinates":[[-92.5636269916816,38.8267542174848],[-92.55599607995741,38.8257386679417],[-92.5523654792011,38.8360830065394],[-92.523314912259,38.8376811509028],[-92.5175706768709,38.841001566202]]},"properties":{"segment_id":"aebca2295ea2592dd57f1cf5","source_kmz":"missouri","orientation":"unverified"}},{"type":"Feature","geometry":{"type":"LineString","coordinates":[[-92.0884408054584,38.8415806405055],[-92.094667803882,38.836151725712],[-92.1136472184282,38.8338023411703],[-92.1168346626221,38.8264017818336],[-92.12448788956472,38.8269095159719],[-92.13602943263692,38.8133408065634]]},"properties":{"segment_id":"fca3182d614d5e5ced025334","source_kmz":"missouri","orientation":"unverified"}},{"type":"Feature","geometry":{"type":"LineString","coordinates":[[-91.7771728223066,38.8016147583061],[-91.79068994754951,38.8093091138871],[-91.79413649199371,38.8161242174565]]},"properties":{"segment_id":"87ee1bb623347b1c262b2ae7","source_kmz":"missouri","orientation":"unverified"}},{"type":"Feature","geometry":{"type":"LineString","coordinates":[[-91.92325997521353,38.8043710967121],[-91.9240060992636,38.8097536813311],[-91.9162662007365,38.8108380015924]]},"properties":{"segment_id":"111d5cfd3ecf4e8e413189a4","source_kmz":"missouri","orientation":"unverified"}},{"type":"Feature","geometry":{"type":"LineString","coordinates":[[-91.9658994088504,38.8285396922735],[-91.9486543132447,38.8121704860677],[-91.9344232392082,38.8044704917264],[-91.92325997521353,38.8043710967121]]},"properties":{"segment_id":"889d0be02a204f905e6c5f5d","source_kmz":"missouri","orientation":"unverified"}},{"type":"Feature","geometry":{"type":"LineString","coordinates":[[-91.83875756921651,38.835582718365],[-91.832123678594,38.8294654629581],[-91.83323664100202,38.8161073482798],[-91.8387073088574,38.8120048531514],[-91.8413012101771,38.8032510126232],[-91.839470455776,38.7986349891133]]},"properties":{"segment_id":"b8f1dde209626de96f8848ff","source_kmz":"missouri","orientation":"unverified"}},{"type":"Feature","geometry":{"type":"LineString","coordinates":[[-92.63045552464222,38.8232347523038],[-92.6436768453704,38.8241295662938],[-92.6596542871378,38.8486655257231]]},"properties":{"segment_id":"ab62cfe8b007d4046a439125","source_kmz":"missouri","orientation":"unverified"}},{"type":"Feature","geometry":{"type":"LineString","coordinates":[[-92.0416287571726,38.8869731152047],[-92.03247441790491,38.8754289060843],[-92.03240426793941,38.8574780977643],[-92.026987605927,38.8479283022465],[-92.0296038881609,38.8383682386889],[-92.0204449028253,38.8206613488304],[-92.02320524865192,38.814856523472],[-92.0206823671087,38.8035241018532]]},"properties":{"segment_id":"844ff9c290bfad74ebcddeb6","source_kmz":"missouri","orientation":"unverified"}},{"type":"Feature","geometry":{"type":"LineString","coordinates":[[-92.04957426594112,38.8435611777481],[-92.04692947401311,38.8215100859416],[-92.04187654108732,38.8117046854307],[-92.0338341735844,38.8055536767511],[-92.0206823671087,38.8035241018532]]},"properties":{"segment_id":"6f084255931561759e9c88fb","source_kmz":"missouri","orientation":"unverified"}},{"type":"Feature","geometry":{"type":"LineString","coordinates":[[-92.32323671045962,38.810740330637],[-92.32265888792391,38.815276689364],[-92.3277246599476,38.8186413463041],[-92.3381666549423,38.8192185641495]]},"properties":{"segment_id":"8a5c365cfd9e921c38c8963a","source_kmz":"missouri","orientation":"unverified"}},{"type":"Feature","geometry":{"type":"LineString","coordinates":[[-92.4840873072169,38.8113966671078],[-92.46472370198562,38.8220943296998],[-92.4565200569173,38.8400729251899],[-92.4462793028282,38.842457836953]]},"properties":{"segment_id":"b0ba7ae84208c1ea84a259c1","source_kmz":"missouri","orientation":"unverified"}},{"type":"Feature","geometry":{"type":"LineString","coordinates":[[-92.7613046077896,38.8160147281187],[-92.7701726501689,38.8127649231485],[-92.7746327225673,38.8144880721376]]},"properties":{"segment_id":"5156cceb3125e24b64104980","source_kmz":"missouri","orientation":"unverified"}},{"type":"Feature","geometry":{"type":"LineString","coordinates":[[-91.7408625206757,38.7958154313052],[-91.75424852153841,38.7877020833823],[-91.7517894680552,38.7819913180738]]},"properties":{"segment_id":"467cabc83f535748f4194448","source_kmz":"missouri","orientation":"unverified"}},{"type":"Feature","geometry":{"type":"LineString","coordinates":[[-92.6803243600682,38.8087808651971],[-92.67437524421112,38.8091567923048],[-92.67067674849,38.82137700529591],[-92.6634971905554,38.8257366302316],[-92.66198594360671,38.8358730381145],[-92.66615120725982,38.8440198492662],[-92.6596542871378,38.8486655257231]]},"properties":{"segment_id":"7e4e6cb7a315b4c4d4cffa4e","source_kmz":"missouri","orientation":"unverified"}},{"type":"Feature","geometry":{"type":"LineString","coordinates":[[-91.8373860284635,38.7862409971277],[-91.8386292692299,38.78279999551771],[-91.8476233607071,38.7841738822463]]},"properties":{"segment_id":"d57cfc66ab51f19c6bde41f1","source_kmz":"missouri","orientation":"unverified"}},{"type":"Feature","geometry":{"type":"LineString","coordinates":[[-92.8128125718112,38.8111921551871],[-92.80460856066681,38.8152655188923],[-92.8064421333913,38.8212045552606],[-92.80204785183291,38.8259116214101]]},"properties":{"segment_id":"db00cd0b23157fce87c096ba","source_kmz":"missouri","orientation":"unverified"}},{"type":"Feature","geometry":{"type":"LineString","coordinates":[[-92.2598188667494,38.7951790578333],[-92.2520537398905,38.8104800847952],[-92.2532324867022,38.8214981283844]]},"properties":{"segment_id":"025d83ab04d8d2315fc85bf4","source_kmz":"missouri","orientation":"unverified"}},{"type":"Feature","geometry":{"type":"LineString","coordinates":[[-92.89310476341721,38.8102877872105],[-92.89195154004501,38.8209707257747],[-92.8763706188609,38.84253809293501],[-92.8713740018081,38.8450899521867],[-92.8637484350741,38.8438258585291]]},"properties":{"segment_id":"a53b80666018b8e5e597cb8b","source_kmz":"missouri","orientation":"unverified"}},{"type":"Feature","geometry":{"type":"LineString","coordinates":[[-91.9742668876815,38.8097916085806],[-91.9396257658746,38.7799947099686],[-91.92550080620401,38.78301293083591],[-91.9231121060614,38.7882922224298],[-91.9270378726743,38.7929758263958],[-91.9265896834488,38.8009980593953],[-91.92325997521353,38.8043710967121]]},"properties":{"segment_id":"8e049dbe81d169ff04fd3a92","source_kmz":"missouri","orientation":"unverified"}},{"type":"Feature","geometry":{"type":"LineString","coordinates":[[-92.70754669345422,38.8009379504475],[-92.6979682000715,38.8044321640273],[-92.69205250372272,38.8117730385187],[-92.6803243600682,38.8087808651971]]},"properties":{"segment_id":"7d79d05732a3e636e44d3d8f","source_kmz":"missouri","orientation":"unverified"}},{"type":"Feature","geometry":{"type":"LineString","coordinates":[[-91.7517894680552,38.7819913180738],[-91.7530522449652,38.7782837930072],[-91.7413326459197,38.7698431626569]]},"properties":{"segment_id":"e58868cc40b6d574b820ad8c","source_kmz":"missouri","orientation":"unverified"}},{"type":"Feature","geometry":{"type":"LineString","coordinates":[[-92.3272121140437,38.7803230659597],[-92.348246146011,38.7852313659533],[-92.3559777149249,38.79108418956581],[-92.3702615914516,38.791504049388]]},"properties":{"segment_id":"ba2d2a97ff14bb106017eae1","source_kmz":"missouri","orientation":"unverified"}},{"type":"Feature","geometry":{"type":"LineString","coordinates":[[-91.8326693153781,38.771079189928],[-91.8408306894401,38.7686748275547],[-91.8410441629845,38.7649312756094]]},"properties":{"segment_id":"9416651fa348af311dc6202a","source_kmz":"missouri","orientation":"unverified"}},{"type":"Feature","geometry":{"type":"LineString","coordinates":[[-92.80558138814982,38.7930628098124],[-92.8041609081076,38.8015958926787],[-92.8128125718112,38.8111921551871]]},"properties":{"segment_id":"59be7bd675894bb20feb224d","source_kmz":"missouri","orientation":"unverified"}},{"type":"Feature","geometry":{"type":"LineString","coordinates":[[-92.69024787482151,38.7900316927074],[-92.67929579438432,38.800718755359],[-92.6803243600682,38.8087808651971]]},"properties":{"segment_id":"6b8da89e8bf2125394a2af16","source_kmz":"missouri","orientation":"unverified"}},{"type":"Feature","geometry":{"type":"LineString","coordinates":[[-92.83962527347721,38.7883131093587],[-92.8442267756013,38.8028918131581],[-92.8597944170298,38.80596578278761],[-92.8654893151373,38.8114661304819]]},"properties":{"segment_id":"3dcdda1a22fde11aae5539ed","source_kmz":"missouri","orientation":"unverified"}},{"type":"Feature","geometry":{"type":"LineString","coordinates":[[-91.7018648326034,38.7824099485674],[-91.70199091700171,38.7802709126221],[-91.694377174196,38.7792023211113],[-91.6840567686186,38.753121428448]]},"properties":{"segment_id":"02e1e525574a73e5645f8805","source_kmz":"missouri","orientation":"unverified"}},{"type":"Feature","geometry":{"type":"LineString","coordinates":[[-92.1248709371682,38.7803110107803],[-92.13108999656102,38.7748802979129],[-92.1447152211124,38.7745020986917],[-92.154763070348,38.7691895460037],[-92.1560474231317,38.7646756455232],[-92.16684261162462,38.7650106941192]]},"properties":{"segment_id":"d0de4e86cebd60c52e9b6c58","source_kmz":"missouri","orientation":"unverified"}},{"type":"Feature","geometry":{"type":"LineString","coordinates":[[-91.886306246615,38.7541215897589],[-91.8806915863133,38.7609001786988],[-91.8715332611873,38.7624701000158],[-91.8574111292921,38.7531568901571],[-91.8455900243197,38.7524923668763]]},"properties":{"segment_id":"2d8bc465f988a8550df62f3d","source_kmz":"missouri","orientation":"unverified"}},{"type":"Feature","geometry":{"type":"LineString","coordinates":[[-92.4724094203858,38.7858875914135],[-92.46820164933433,38.7935348595795],[-92.4603678191361,38.7967929206663],[-92.4575568278257,38.7900164914232],[-92.44420427461061,38.7848123448226],[-92.43864775019391,38.7771529678417],[-92.4211717555205,38.7707560788882],[-92.41720238976991,38.7663556803408],[-92.41239858023592,38.771841156731],[-92.40690482338331,38.77007463293]]},"properties":{"segment_id":"d3bb94623327c9d1a2170583","source_kmz":"missouri","orientation":"unverified"}},{"type":"Feature","geometry":{"type":"LineString","coordinates":[[-92.18817942836571,38.7838851992585],[-92.18903195825432,38.7675714919212],[-92.18461664165622,38.7652924168587],[-92.18168024334122,38.7547549103862]]},"properties":{"segment_id":"7e447149486889471986a8ef","source_kmz":"missouri","orientation":"unverified"}},{"type":"Feature","geometry":{"type":"LineString","coordinates":[[-91.97982500162881,38.7786287992629],[-91.9679231080704,38.7667219572192],[-91.9626696200066,38.754495319082],[-91.9559289587208,38.7502566228313],[-91.9549071142361,38.7435258207329]]},"properties":{"segment_id":"e1d40e7cb89db45202436dc0","source_kmz":"missouri","orientation":"unverified"}},{"type":"Feature","geometry":{"type":"LineString","coordinates":[[-92.0542105244505,38.7708443787629],[-92.0503646742303,38.7645602911121],[-92.0489122017581,38.7462977784024]]},"properties":{"segment_id":"216bafe07d7d6a87cea4535a","source_kmz":"missouri","orientation":"unverified"}},{"type":"Feature","geometry":{"type":"LineString","coordinates":[[-92.0714602054599,38.800324749341],[-92.0803612262869,38.7775692518004],[-92.0781933639281,38.7659816537838],[-92.0709789978466,38.7574483425684],[-92.0489122017581,38.7462977784024]]},"properties":{"segment_id":"fa4b57e9931fac833b6030f6","source_kmz":"missouri","orientation":"unverified"}},{"type":"Feature","geometry":{"type":"LineString","coordinates":[[-91.92668633376041,38.7492967155341],[-91.9374334921557,38.7504539956024],[-91.93951646178232,38.7443607883549],[-91.94767132458223,38.7419493865625]]},"properties":{"segment_id":"c4ddc1d7d1ac43f26b5397c3","source_kmz":"missouri","orientation":"unverified"}},{"type":"Feature","geometry":{"type":"LineString","coordinates":[[-92.8925916866822,38.7650172999912],[-92.88632174789,38.7648596377668],[-92.87950899924012,38.7692405177729]]},"properties":{"segment_id":"b722b4cb3f6c9b80e058d407","source_kmz":"missouri","orientation":"unverified"}},{"type":"Feature","geometry":{"type":"LineString","coordinates":[[-92.1262130854924,38.7484758858107],[-92.1374105261408,38.7477546874727],[-92.143018009772,38.7538229380628],[-92.1487300266207,38.75132224280041],[-92.15665333042152,38.7531759928578],[-92.1600402868847,38.7484595343923],[-92.1673374849658,38.748953804286],[-92.1819898743506,38.7421746466856]]},"properties":{"segment_id":"deecd4e7402ff27565923fc7","source_kmz":"missouri","orientation":"unverified"}},{"type":"Feature","geometry":{"type":"LineString","coordinates":[[-92.222636567814,38.7854778268],[-92.2188708390471,38.7706302099079],[-92.2211821373851,38.7664150098548],[-92.2166950653942,38.7587776165969],[-92.2217362458084,38.7557173625643],[-92.21988264121161,38.7511070208801],[-92.2231685101674,38.7482609209043],[-92.2326517730233,38.7469430371866],[-92.2310905811341,38.7434132421052]]},"properties":{"segment_id":"c5aab369114484368031d0ab","source_kmz":"missouri","orientation":"unverified"}},{"type":"Feature","geometry":{"type":"LineString","coordinates":[[-92.242038272662,38.74749652888661],[-92.2384291154611,38.74310099283691],[-92.2351578734039,38.7456800545518],[-92.2310905811341,38.7434132421052]]},"properties":{"segment_id":"2924b3b1a05b8142ed08cfe0","source_kmz":"missouri","orientation":"unverified"}},{"type":"Feature","geometry":{"type":"LineString","coordinates":[[-92.6215245910779,38.7975481344128],[-92.6315407647672,38.7921969264951],[-92.6237481758333,38.7796647226326],[-92.6231225140025,38.7630426817719],[-92.6279964323179,38.7556766543741],[-92.63506020068851,38.7537264790019]]},"properties":{"segment_id":"08d3675aa4bd4d8f755a9921","source_kmz":"missouri","orientation":"unverified"}},{"type":"Feature","geometry":{"type":"LineString","coordinates":[[-91.6454464673136,38.7279215136804],[-91.6537843398757,38.7225884183913],[-91.6593515594148,38.7227840760333]]},"properties":{"segment_id":"23a08b8368c71379cd5fc515","source_kmz":"missouri","orientation":"unverified"}},{"type":"Feature","geometry":{"type":"LineString","coordinates":[[-92.66896879867632,38.7594651176122],[-92.6606714049758,38.7579022868264],[-92.6529557689958,38.7512660810583],[-92.63506020068851,38.7537264790019]]},"properties":{"segment_id":"1e6cec0e1cfbd791117f2a31","source_kmz":"missouri","orientation":"unverified"}},{"type":"Feature","geometry":{"type":"LineString","coordinates":[[-92.5828369620214,38.7892545319859],[-92.573063511014,38.7745215533222],[-92.5742626702258,38.7638416907401],[-92.58749960957252,38.7567084851815],[-92.5793325630525,38.7449663542056]]},"properties":{"segment_id":"179b78bc381fb1f4b3fe0da1","source_kmz":"missouri","orientation":"unverified"}},{"type":"Feature","geometry":{"type":"LineString","coordinates":[[-92.85480629841261,38.7517435689201],[-92.8701528908246,38.7515972929912],[-92.8755762213334,38.7552157838677]]},"properties":{"segment_id":"15fd8ee132bdfcec5f38d078","source_kmz":"missouri","orientation":"unverified"}},{"type":"Feature","geometry":{"type":"LineString","coordinates":[[-92.709536788995,38.7645682105355],[-92.7088780187509,38.7559806595289],[-92.71945881577952,38.745549278436]]},"properties":{"segment_id":"96aee7f5494f7498f89954c3","source_kmz":"missouri","orientation":"unverified"}},{"type":"Feature","geometry":{"type":"LineString","coordinates":[[-92.3488878210717,38.7375729354257],[-92.3563053839966,38.7356489658107],[-92.3604281731428,38.729877733789]]},"properties":{"segment_id":"b2fa8f8b6db127bdbd16b1f2","source_kmz":"missouri","orientation":"unverified"}},{"type":"Feature","geometry":{"type":"LineString","coordinates":[[-92.767764366026,38.7647643800385],[-92.7555938825447,38.7561436903447],[-92.7491409485305,38.7444584556329],[-92.7427039764591,38.74027192692751]]},"properties":{"segment_id":"8c203dd2a9a432a73449f28c","source_kmz":"missouri","orientation":"unverified"}},{"type":"Feature","geometry":{"type":"LineString","coordinates":[[-92.71945881577952,38.745549278436],[-92.71589328127143,38.7395627714718],[-92.7023261244252,38.7389338808439]]},"properties":{"segment_id":"b6de301ed9cb54d12466f5c8","source_kmz":"missouri","orientation":"unverified"}},{"type":"Feature","geometry":{"type":"LineString","coordinates":[[-91.6840567686186,38.753121428448],[-91.6800698394293,38.7438725975148],[-91.6844676638619,38.7225919300891],[-91.6912834215381,38.7134522871843],[-91.68683928036772,38.7060632053994]]},"properties":{"segment_id":"b17133e2845e03dac9f46b14","source_kmz":"missouri","orientation":"unverified"}},{"type":"Feature","geometry":{"type":"LineString","coordinates":[[-91.72478427674751,38.7247968994367],[-91.7189756787775,38.71682605113001],[-91.7192080294479,38.7069209307625],[-91.7129460905086,38.7067038298766]]},"properties":{"segment_id":"4170834c08c0339910932746","source_kmz":"missouri","orientation":"unverified"}},{"type":"Feature","geometry":{"type":"LineString","coordinates":[[-91.6593515594148,38.7227840760333],[-91.66164766091072,38.7134871142641],[-91.6735558577595,38.7125649627043],[-91.6851157022303,38.70573510028881]]},"properties":{"segment_id":"11a6e7a4f0eb4722a96d0543","source_kmz":"missouri","orientation":"unverified"}},{"type":"Feature","geometry":{"type":"LineString","coordinates":[[-92.03007207384171,38.7336394183361],[-92.034872993518,38.7287036818854],[-92.032335839516,38.7240682186344],[-92.0351496965696,38.7171935009383]]},"properties":{"segment_id":"1e09762159f203a3997aa08e","source_kmz":"missouri","orientation":"unverified"}},{"type":"Feature","geometry":{"type":"LineString","coordinates":[[-91.7413326459197,38.7698431626569],[-91.7362817607034,38.7667219812084],[-91.74318393818693,38.750080713498],[-91.7587928998808,38.7275761054579],[-91.77991986828042,38.7119563705466],[-91.7805151147834,38.7076900453686]]},"properties":{"segment_id":"bb3b2f574a865a63578058aa","source_kmz":"missouri","orientation":"unverified"}},{"type":"Feature","geometry":{"type":"LineString","coordinates":[[-91.8011966754819,38.7359896055649],[-91.8059517322792,38.7321323319644],[-91.8006260711505,38.7156087962576],[-91.7923129604839,38.70862817350751],[-91.7805151147834,38.7076900453686]]},"properties":{"segment_id":"ae9ce0ab98e718c86188258e","source_kmz":"missouri","orientation":"unverified"}},{"type":"Feature","geometry":{"type":"LineString","coordinates":[[-92.043168102444,38.7428994727792],[-92.0420222771107,38.7383087588342],[-92.0483168323191,38.7379743514386],[-92.0428779798924,38.735389422877],[-92.0479682704805,38.7315339991626],[-92.0445308563847,38.7177619752488],[-92.0351496965696,38.7171935009383]]},"properties":{"segment_id":"f2818f54f6352e90dc434a05","source_kmz":"missouri","orientation":"unverified"}},{"type":"Feature","geometry":{"type":"LineString","coordinates":[[-92.2028792672539,38.79639128574241],[-92.1993955060196,38.7895876345256],[-92.20397952492182,38.7819602253519],[-92.20212624449562,38.7706529311738],[-92.2070431127936,38.7633035534104],[-92.2060391681387,38.7490758596198],[-92.209283801856,38.7470324463147],[-92.20528594033892,38.7300342763576],[-92.2103108458118,38.7205452838198]]},"properties":{"segment_id":"a6a0982c91fe504b7cc1a895","source_kmz":"missouri","orientation":"unverified"}},{"type":"Feature","geometry":{"type":"LineString","coordinates":[[-91.611099899952,38.7192043666145],[-91.624850181561,38.7108500586654],[-91.6263745085455,38.7028659617395],[-91.62304028820901,38.7003364682105]]},"properties":{"segment_id":"962a6c23cbdb46ee9bc61a74","source_kmz":"missouri","orientation":"unverified"}},{"type":"Feature","geometry":{"type":"LineString","coordinates":[[-92.63506020068851,38.7537264790019],[-92.6158794559721,38.7312417046364],[-92.6113537096854,38.7311177442709]]},"properties":{"segment_id":"22c9fbeab198bef927d8d395","source_kmz":"missouri","orientation":"unverified"}},{"type":"Feature","geometry":{"type":"LineString","coordinates":[[-92.8197153062636,38.7409375095441],[-92.8150135084865,38.7448335381567],[-92.7903297877824,38.7353577754131]]},"properties":{"segment_id":"27fb95282d11b7bf823d9ec9","source_kmz":"missouri","orientation":"unverified"}},{"type":"Feature","geometry":{"type":"LineString","coordinates":[[-92.5415919242323,38.7982861345385],[-92.53600410861802,38.7983976738328],[-92.5259968176442,38.7887430024743],[-92.5345819390647,38.7769313438532],[-92.5334122841944,38.7648461734724],[-92.54064538223541,38.7446935990557],[-92.5318926338153,38.7307890673674],[-92.5236524007944,38.7281471579566]]},"properties":{"segment_id":"2d0bd1a6fad532f573e15a35","source_kmz":"missouri","orientation":"unverified"}},{"type":"Feature","geometry":{"type":"LineString","coordinates":[[-92.7903297877824,38.7353577754131],[-92.76359160624611,38.7330539609789],[-92.7537003208754,38.7360083571505],[-92.7471326952996,38.7347645173482],[-92.7427039764591,38.74027192692751]]},"properties":{"segment_id":"58f94b1f805982dd7a852c09","source_kmz":"missouri","orientation":"unverified"}},{"type":"Feature","geometry":{"type":"LineString","coordinates":[[-92.0176636769398,38.8012838747237],[-92.0060155732546,38.78456714227711],[-92.00884018696001,38.7648345021127],[-91.9990795458395,38.7583576464945],[-91.9863295153445,38.7555334486856],[-91.9832896382147,38.7473979886071],[-91.9751265309823,38.74364992186901],[-91.9773920698861,38.7405089473506],[-91.9692300356808,38.7367604935088],[-91.9719912808715,38.7309568535033],[-91.96720737887601,38.72919351535111],[-91.9706497451687,38.7236800267727],[-91.9628083413958,38.7204773209372],[-91.9620377715156,38.7092006184978]]},"properties":{"segment_id":"c607c74b4979fe1454673acf","source_kmz":"missouri","orientation":"unverified"}},{"type":"Feature","geometry":{"type":"LineString","coordinates":[[-92.2310905811341,38.7434132421052],[-92.2298085725402,38.7412312525984],[-92.2351409141664,38.7392508385045],[-92.22406601391522,38.7241806071954],[-92.21728528325882,38.7204910573985],[-92.21791047214592,38.7151529101178]]},"properties":{"segment_id":"54d44aecee3186c65f56761e","source_kmz":"missouri","orientation":"unverified"}},{"type":"Feature","geometry":{"type":"LineString","coordinates":[[-91.6877242318257,38.696984564447],[-91.6761982636058,38.69738550454691],[-91.6689719359093,38.7016871931559]]},"properties":{"segment_id":"d149b1bcf92868452c039396","source_kmz":"missouri","orientation":"unverified"}},{"type":"Feature","geometry":{"type":"LineString","coordinates":[[-91.8773576652324,38.7211392340197],[-91.875995522043,38.7143961891608],[-91.8628803543414,38.7059206650938],[-91.8390123493025,38.7027080598856]]},"properties":{"segment_id":"87d4717d5e7cc9fa5fa6b27e","source_kmz":"missouri","orientation":"unverified"}},{"type":"Feature","geometry":{"type":"LineString","coordinates":[[-91.9549071142361,38.7435258207329],[-91.9491906810755,38.7334265203748],[-91.9423932724176,38.7302567293352],[-91.9445644105197,38.7225589983995],[-91.9410190224816,38.7173525907068],[-91.9446918995794,38.7139905186436],[-91.9392585040815,38.7114010399269],[-91.94902403347211,38.7050241669801]]},"properties":{"segment_id":"5d9ec561bfb72aa9311c4a00","source_kmz":"missouri","orientation":"unverified"}},{"type":"Feature","geometry":{"type":"LineString","coordinates":[[-92.4436400771001,38.7534587982624],[-92.442703628226,38.744057462431],[-92.4301091686351,38.7378019868383],[-92.4271723215545,38.7336995344989],[-92.4294573356991,38.7297479298856],[-92.4221924418051,38.7215026418307],[-92.4116129303782,38.7169104948757]]},"properties":{"segment_id":"8b25f4b584223d39ddfe37ee","source_kmz":"missouri","orientation":"unverified"}},{"type":"Feature","geometry":{"type":"LineString","coordinates":[[-92.4614074151375,38.7250419668227],[-92.4651861914221,38.7189898203087],[-92.462866444364,38.7165129260967]]},"properties":{"segment_id":"417cb2397ef5d1df790c5489","source_kmz":"missouri","orientation":"unverified"}},{"type":"Feature","geometry":{"type":"LineString","coordinates":[[-91.66818346482721,38.691478221191],[-91.6581766884823,38.6897872684451],[-91.6596276344371,38.70055548963811]]},"properties":{"segment_id":"4c0763b66c447b9b44a48c80","source_kmz":"missouri","orientation":"unverified"}},{"type":"Feature","geometry":{"type":"LineString","coordinates":[[-92.80379811426252,38.7223164785836],[-92.80286756535641,38.7276484869352],[-92.7936631601101,38.7308915814164],[-92.7903297877824,38.7353577754131]]},"properties":{"segment_id":"6d55ee9434677a23af699188","source_kmz":"missouri","orientation":"unverified"}},{"type":"Feature","geometry":{"type":"LineString","coordinates":[[-92.2847947378761,38.7501278447448],[-92.3165151366158,38.7296485128518],[-92.3149397843579,38.7194231379526],[-92.3204974125305,38.712892388292],[-92.31486483532792,38.7070996607782]]},"properties":{"segment_id":"328dded3d4e3683654880528","source_kmz":"missouri","orientation":"unverified"}},{"type":"Feature","geometry":{"type":"LineString","coordinates":[[-92.13757526300101,38.7182937663186],[-92.1512130734508,38.7042541379455],[-92.14840611990311,38.6980056379295]]},"properties":{"segment_id":"8ee8e8ffb23b1513bca158e7","source_kmz":"missouri","orientation":"unverified"}},{"type":"Feature","geometry":{"type":"LineString","coordinates":[[-92.1225401777183,38.7060365199777],[-92.14150444751732,38.6967188254432],[-92.14840611990311,38.6980056379295]]},"properties":{"segment_id":"fa1bf98ce255606dd5639da7","source_kmz":"missouri","orientation":"unverified"}},{"type":"Feature","geometry":{"type":"LineString","coordinates":[[-92.6120356562413,38.701408193856],[-92.6105943497975,38.7099389752013],[-92.6165986356595,38.7157277317615],[-92.61906223649451,38.7302574954925]]},"properties":{"segment_id":"d51b256bfe3047927e08cc3a","source_kmz":"missouri","orientation":"unverified"}},{"type":"Feature","geometry":{"type":"LineString","coordinates":[[-92.2341333600677,38.6979693851254],[-92.2272001151026,38.6905256042318],[-92.2212998856286,38.6900774333949]]},"properties":{"segment_id":"907c6a4e6941dd01cdc885d8","source_kmz":"missouri","orientation":"unverified"}},{"type":"Feature","geometry":{"type":"LineString","coordinates":[[-92.4845347446373,38.6935616206983],[-92.4816867913848,38.7020512846497],[-92.4739150452734,38.7042403060729],[-92.472522172284,38.7114321330827]]},"properties":{"segment_id":"5ea71cacf9826abe527de43d","source_kmz":"missouri","orientation":"unverified"}},{"type":"Feature","geometry":{"type":"LineString","coordinates":[[-91.8777624959581,38.6831104334001],[-91.8636246155862,38.67433278236121],[-91.84625015986201,38.6796436556948],[-91.826427034643,38.6789754578009]]},"properties":{"segment_id":"c4760d30cdc3cd255ff1dd53","source_kmz":"missouri","orientation":"unverified"}},{"type":"Feature","geometry":{"type":"LineString","coordinates":[[-92.0817554663206,38.7256446699971],[-92.0760774526509,38.7080523446183],[-92.0706974226273,38.7043989509394],[-92.0624642728481,38.7084229859738],[-92.0633764923282,38.7044338269354],[-92.0418632080929,38.6898166465599],[-92.03509553859982,38.679687919454]]},"properties":{"segment_id":"a9655ccf1950d15f63d2ec7c","source_kmz":"missouri","orientation":"unverified"}},{"type":"Feature","geometry":{"type":"LineString","coordinates":[[-92.14840611990311,38.6980056379295],[-92.15196980948842,38.6965094431264],[-92.14797838290052,38.6929027467313],[-92.1526418396269,38.6903693396514],[-92.1499198971799,38.682516287859]]},"properties":{"segment_id":"ea6e75583713409e53c54831","source_kmz":"missouri","orientation":"unverified"}},{"type":"Feature","geometry":{"type":"LineString","coordinates":[[-92.7421891248439,38.6971410830228],[-92.73810131557,38.7184580054009],[-92.74524424889962,38.72239560377341],[-92.7346226210262,38.7338991480639],[-92.7300725430837,38.7343145200199]]},"properties":{"segment_id":"47b9dab29992f2409e49250e","source_kmz":"missouri","orientation":"unverified"}},{"type":"Feature","geometry":{"type":"LineString","coordinates":[[-91.77447191733782,38.6675640393828],[-91.76982629281841,38.6816045748008],[-91.77218330585661,38.6830248522378]]},"properties":{"segment_id":"73d872369747c7a4fc38da80","source_kmz":"missouri","orientation":"unverified"}},{"type":"Feature","geometry":{"type":"LineString","coordinates":[[-92.0508192731218,38.6788521856839],[-92.04435584097881,38.6759665500911],[-92.03509553859982,38.679687919454]]},"properties":{"segment_id":"55a78ddb32510f5789f9d670","source_kmz":"missouri","orientation":"unverified"}},{"type":"Feature","geometry":{"type":"LineString","coordinates":[[-92.1499198971799,38.682516287859],[-92.15074244295631,38.6801310816582],[-92.1587987484867,38.6793103681453],[-92.1670061851716,38.68224399113441],[-92.17143263725602,38.67755961643571]]},"properties":{"segment_id":"c35e92dcd0d6b6e431c4363c","source_kmz":"missouri","orientation":"unverified"}},{"type":"Feature","geometry":{"type":"LineString","coordinates":[[-92.17143263725602,38.67755961643571],[-92.1770537264492,38.6766622302893],[-92.1812536870867,38.6829530880954],[-92.19070224456742,38.6754766662148]]},"properties":{"segment_id":"962d4fa5e1c044aa5ad85c7c","source_kmz":"missouri","orientation":"unverified"}},{"type":"Feature","geometry":{"type":"LineString","coordinates":[[-92.83647369153351,38.6920921363836],[-92.8459152933374,38.6912622823407],[-92.8512060652565,38.6978243699989],[-92.8614967977458,38.7015675007194],[-92.86045570081932,38.709574990741],[-92.8640660886711,38.7147547926863],[-92.8616670853949,38.7219244522191],[-92.8726508892722,38.7339858605633],[-92.8755762213334,38.7552157838677]]},"properties":{"segment_id":"06909695cb612b1122dcaf89","source_kmz":"missouri","orientation":"unverified"}},{"type":"Feature","geometry":{"type":"LineString","coordinates":[[-92.2784022828482,38.6977034443414],[-92.2868184234531,38.6829567081466],[-92.2952891979442,38.6808003186995],[-92.2939435381926,38.6729921692152]]},"properties":{"segment_id":"73f7ff97c460c69ea50d2427","source_kmz":"missouri","orientation":"unverified"}},{"type":"Feature","geometry":{"type":"LineString","coordinates":[[-92.6268574853715,38.6822627634799],[-92.61880620787822,38.6831139752042],[-92.6160982155355,38.6889319016184]]},"properties":{"segment_id":"7f716bb85804f0a54d4cfe4c","source_kmz":"missouri","orientation":"unverified"}},{"type":"Feature","geometry":{"type":"LineString","coordinates":[[-92.6842827363765,38.6910481458905],[-92.6741921594325,38.6907769759606],[-92.6596097000124,38.6820813163834]]},"properties":{"segment_id":"84859a8fdb923c270d772ed7","source_kmz":"missouri","orientation":"unverified"}},{"type":"Feature","geometry":{"type":"LineString","coordinates":[[-92.31486483532792,38.7070996607782],[-92.3178914782974,38.70236852655281],[-92.31432048992333,38.6971728683898],[-92.3192859174957,38.6954459058264],[-92.3174681508958,38.6900346966337],[-92.32718428508811,38.6838954656603],[-92.325341340774,38.6720552046414]]},"properties":{"segment_id":"aad05c45fc84583f1c6c270b","source_kmz":"missouri","orientation":"unverified"}},{"type":"Feature","geometry":{"type":"LineString","coordinates":[[-92.15114163734222,38.6659463708198],[-92.1632149345077,38.6681970945341],[-92.1646167587025,38.6746694921069],[-92.17143263725602,38.67755961643571]]},"properties":{"segment_id":"b6de5647670dfff4b56a1336","source_kmz":"missouri","orientation":"unverified"}},{"type":"Feature","geometry":{"type":"LineString","coordinates":[[-92.5470192504305,38.6763076552025],[-92.54615909617391,38.6797653749748],[-92.5569456885155,38.6947969379561],[-92.53647274677773,38.7003848829167],[-92.5263858497846,38.7073331945133],[-92.5173631616967,38.7065436158584],[-92.5167088875648,38.7129531352519],[-92.50692556052512,38.7134805358662],[-92.4998384010131,38.7231898837243]]},"properties":{"segment_id":"612b59bfed4cfb5af21ea53c","source_kmz":"missouri","orientation":"unverified"}},{"type":"Feature","geometry":{"type":"LineString","coordinates":[[-92.810123780464,38.6812382897231],[-92.7988106794122,38.6929968454488],[-92.7926674017267,38.7059599504259],[-92.80379811426252,38.7223164785836]]},"properties":{"segment_id":"8867faf287da0923b876a419","source_kmz":"missouri","orientation":"unverified"}},{"type":"Feature","geometry":{"type":"LineString","coordinates":[[-91.90804583959572,38.7023344594425],[-91.8935882267223,38.6619375369325],[-91.88185599057822,38.65377769169831]]},"properties":{"segment_id":"d7892fdbac9839d739800b2d","source_kmz":"missouri","orientation":"unverified"}},{"type":"Feature","geometry":{"type":"LineString","coordinates":[[-92.46031537479021,38.6684970470238],[-92.443021237407,38.68032083945],[-92.4356376851297,38.6817150753405]]},"properties":{"segment_id":"290b454219c1d3844aa752ca","source_kmz":"missouri","orientation":"unverified"}},{"type":"Feature","geometry":{"type":"LineString","coordinates":[[-92.485023368087,38.6689347576678],[-92.4800378875042,38.6712033065922],[-92.46031537479021,38.6684970470238]]},"properties":{"segment_id":"63195547dbfe42abb8dadef2","source_kmz":"missouri","orientation":"unverified"}},{"type":"Feature","geometry":{"type":"LineString","coordinates":[[-91.7260182499622,38.6441950011627],[-91.7143019026646,38.6598642266907],[-91.71236658263511,38.6809630137606],[-91.7174418832161,38.683550392942],[-91.7165137234861,38.693431377175],[-91.6877242318257,38.696984564447]]},"properties":{"segment_id":"f70c795044426bd25cba5968","source_kmz":"missouri","orientation":"unverified"}},{"type":"Feature","geometry":{"type":"LineString","coordinates":[[-92.7227624145472,38.6719888719863],[-92.7295041850142,38.6769881067995],[-92.7331165787424,38.6896707237805],[-92.7421891248439,38.6971410830228]]},"properties":{"segment_id":"e58704ac452e85634ee4c230","source_kmz":"missouri","orientation":"unverified"}},{"type":"Feature","geometry":{"type":"LineString","coordinates":[[-92.0857723556473,38.6767501280524],[-92.0770743337158,38.6700451006789],[-92.069265157265,38.6727435092565],[-92.0628141722875,38.6631622210576],[-92.05155588987742,38.6587845684234],[-92.04777403415333,38.6514307689182],[-92.02587074896681,38.6507277753842]]},"properties":{"segment_id":"03e944a45583eb844a7f52d4","source_kmz":"missouri","orientation":"unverified"}},{"type":"Feature","geometry":{"type":"LineString","coordinates":[[-92.62094036818752,38.6671031368172],[-92.6299739565216,38.67511667949881],[-92.6268574853715,38.6822627634799]]},"properties":{"segment_id":"865d9c7f4d8e8fd4cc747ab6","source_kmz":"missouri","orientation":"unverified"}},{"type":"Feature","geometry":{"type":"LineString","coordinates":[[-91.7649113665441,38.6401769575821],[-91.76540504608451,38.6436768079523],[-91.7708736784091,38.6454717542742],[-91.7646079062071,38.6514190495011],[-91.7648225892782,38.6597318352097],[-91.77447191733782,38.6675640393828]]},"properties":{"segment_id":"ef9036fe452ec2f977225f43","source_kmz":"missouri","orientation":"unverified"}},{"type":"Feature","geometry":{"type":"LineString","coordinates":[[-91.9736298929488,38.6696629855127],[-91.9694633340813,38.6630976824593],[-91.9601933082701,38.6606516521983],[-91.95903919121932,38.6563276046407],[-91.9392659654969,38.6548752780891],[-91.9361760135352,38.6478083399966],[-91.926635960661,38.6440113220893]]},"properties":{"segment_id":"ca6cddcce7a18740941277e8","source_kmz":"missouri","orientation":"unverified"}},{"type":"Feature","geometry":{"type":"LineString","coordinates":[[-91.8692348351374,38.6367460899014],[-91.86717902837101,38.64846505763],[-91.8702623751024,38.64937193597761]]},"properties":{"segment_id":"241af68bf853b6f274ab1c8b","source_kmz":"missouri","orientation":"unverified"}},{"type":"Feature","geometry":{"type":"LineString","coordinates":[[-92.43435640139572,38.6508765629777],[-92.43728591389602,38.66221035085231],[-92.4477940866952,38.6681376063054],[-92.4353942469745,38.6795653351614]]},"properties":{"segment_id":"6cc518b57b8ecfc7c1d96d61","source_kmz":"missouri","orientation":"unverified"}},{"type":"Feature","geometry":{"type":"LineString","coordinates":[[-92.57311987357312,38.654537099383],[-92.5570242596401,38.6709625262318],[-92.5470192504305,38.6763076552025]]},"properties":{"segment_id":"bede067d1024c8f77c250ddb","source_kmz":"missouri","orientation":"unverified"}},{"type":"Feature","geometry":{"type":"LineString","coordinates":[[-92.2603786482423,38.6618019688809],[-92.25286046430841,38.652199033478],[-92.25344132906011,38.6476630566108],[-92.2208836837496,38.6442601719506]]},"properties":{"segment_id":"681157385ead0d2ec1e00ef5","source_kmz":"missouri","orientation":"unverified"}},{"type":"Feature","geometry":{"type":"LineString","coordinates":[[-92.2210533978882,38.6544441406441],[-92.2172008465242,38.6548619169254],[-92.21391652177,38.6443146012662],[-92.21621026331061,38.6403669674916]]},"properties":{"segment_id":"f41833059c125c8b98422a55","source_kmz":"missouri","orientation":"unverified"}},{"type":"Feature","geometry":{"type":"LineString","coordinates":[[-92.52119828966822,38.6479967285227],[-92.51340794742804,38.650723168109],[-92.49671663696522,38.6502508050789],[-92.4856671597409,38.6627928913144]]},"properties":{"segment_id":"40a5e6aaa611e81b79963be9","source_kmz":"missouri","orientation":"unverified"}},{"type":"Feature","geometry":{"type":"LineString","coordinates":[[-91.82494838595821,38.6256115389219],[-91.83214500794111,38.6459478685726],[-91.8408481164188,38.6521353146428],[-91.83644776895991,38.65600563324111],[-91.8380337303535,38.65873817548881],[-91.8580789173775,38.65539356159321],[-91.8702623751024,38.64937193597761]]},"properties":{"segment_id":"1d259186fdf3bd258789fb52","source_kmz":"missouri","orientation":"unverified"}},{"type":"Feature","geometry":{"type":"LineString","coordinates":[[-92.30117451458212,38.6402628951338],[-92.29500667606241,38.6451672022372],[-92.2967809955259,38.6513810709172],[-92.2734982222593,38.6504128153702],[-92.2704917695778,38.6479113404663],[-92.2651670490272,38.6498932670607]]},"properties":{"segment_id":"02cc77199531b21b319eeee2","source_kmz":"missouri","orientation":"unverified"}},{"type":"Feature","geometry":{"type":"LineString","coordinates":[[-92.35257512703572,38.6358993092445],[-92.3474275139589,38.6553000730831],[-92.3427462772311,38.6583757233997],[-92.3340391165136,38.6583854262502],[-92.32535682822372,38.6648236825019],[-92.3261042321435,38.6707386407855],[-92.3180912087529,38.6707679070794]]},"properties":{"segment_id":"7758588227bb6b9037b6daee","source_kmz":"missouri","orientation":"unverified"}},{"type":"Feature","geometry":{"type":"LineString","coordinates":[[-92.4822921568869,38.63885957202561],[-92.48061805629321,38.6447042214847],[-92.4856671597409,38.6627928913144]]},"properties":{"segment_id":"8c74b0647ea3d44fd0a5343e","source_kmz":"missouri","orientation":"unverified"}},{"type":"Feature","geometry":{"type":"LineString","coordinates":[[-92.0206780123953,38.624575656584],[-92.0151003457401,38.6310928668055],[-92.0012524182351,38.6360028262484]]},"properties":{"segment_id":"e71a1f0f88a3e3617371d1e2","source_kmz":"missouri","orientation":"unverified"}},{"type":"Feature","geometry":{"type":"LineString","coordinates":[[-92.39893142969682,38.6348494464962],[-92.3987782304263,38.645023008666],[-92.3942495353963,38.6521226271354],[-92.37797569238312,38.6572711497117],[-92.3815757517351,38.6619300421969],[-92.3807907000695,38.6707459318281],[-92.37479821283492,38.6721772871944],[-92.3676536029102,38.6687532468224],[-92.36155443971792,38.6723236043218],[-92.35676501571261,38.6705753548991],[-92.3550934971643,38.676150853332],[-92.35160177044601,38.6763156284598]]},"properties":{"segment_id":"59d8506a9076d3171a4be108","source_kmz":"missouri","orientation":"unverified"}},{"type":"Feature","geometry":{"type":"LineString","coordinates":[[-91.7931200687019,38.6039015412681],[-91.79094323759021,38.6054347843336],[-91.7967046967639,38.6142043683729],[-91.8044813688497,38.6182197516884]]},"properties":{"segment_id":"53307f9d707aafa99df9eeb9","source_kmz":"missouri","orientation":"unverified"}},{"type":"Feature","geometry":{"type":"LineString","coordinates":[[-91.950537205644,38.6086319081374],[-91.93976611836962,38.6082779948464],[-91.9413994490007,38.6102069849023],[-91.91174477491711,38.63628587336201]]},"properties":{"segment_id":"94aafc5c16d786ca239e717e","source_kmz":"missouri","orientation":"unverified"}},{"type":"Feature","geometry":{"type":"LineString","coordinates":[[-92.67363822435522,38.6417519169018],[-92.6620058151936,38.6296541326035],[-92.6479236936682,38.6255231688737]]},"properties":{"segment_id":"81b7453939ec8cf6a49db10b","source_kmz":"missouri","orientation":"unverified"}},{"type":"Feature","geometry":{"type":"LineString","coordinates":[[-91.8277735351302,38.6005236706252],[-91.8273614320798,38.6077432630337],[-91.8187586774845,38.6181684544314],[-91.82494838595821,38.6256115389219]]},"properties":{"segment_id":"202b51716fe8b56adc9bab9a","source_kmz":"missouri","orientation":"unverified"}},{"type":"Feature","geometry":{"type":"LineString","coordinates":[[-92.0917149470859,38.6568474786719],[-92.0870619301134,38.65268196519],[-92.0886960812898,38.6481798169476],[-92.08321232408412,38.6335405727251],[-92.0756628859105,38.6249965769139],[-92.08490675304861,38.6084138163845]]},"properties":{"segment_id":"492c733c3174d376001694a9","source_kmz":"missouri","orientation":"unverified"}},{"type":"Feature","geometry":{"type":"LineString","coordinates":[[-92.0978685221818,38.6329331895234],[-92.0948024520402,38.6186387785661],[-92.08490675304861,38.6084138163845]]},"properties":{"segment_id":"dbb780d91127c195ab9e16d7","source_kmz":"missouri","orientation":"unverified"}},{"type":"Feature","geometry":{"type":"LineString","coordinates":[[-92.7810631811929,38.6451344102328],[-92.7742328657649,38.63424399242381],[-92.7633910337037,38.6275329396761]]},"properties":{"segment_id":"ef62fb44577c65931e15a1de","source_kmz":"missouri","orientation":"unverified"}},{"type":"Feature","geometry":{"type":"LineString","coordinates":[[-92.1585240484012,38.6249242964992],[-92.15662149205032,38.6213827716953],[-92.16083786967171,38.6140136536763],[-92.17322492995103,38.6101124583038]]},"properties":{"segment_id":"4d071714e2c678f6068120f4","source_kmz":"missouri","orientation":"unverified"}},{"type":"Feature","geometry":{"type":"LineString","coordinates":[[-92.8214501346017,38.6370752720746],[-92.8160499003354,38.633186935964],[-92.7930436383675,38.6339305677802],[-92.78362608331942,38.6264549102692],[-92.7633910337037,38.6275329396761]]},"properties":{"segment_id":"424526652eb139fcccbdd705","source_kmz":"missouri","orientation":"unverified"}},{"type":"Feature","geometry":{"type":"LineString","coordinates":[[-92.14682955852601,38.60902332150091],[-92.1532250906189,38.6065441356856],[-92.17322492995103,38.6101124583038]]},"properties":{"segment_id":"b3a48d79764d641e999bdc7c","source_kmz":"missouri","orientation":"unverified"}},{"type":"Feature","geometry":{"type":"LineString","coordinates":[[-92.7174631891507,38.6426568260601],[-92.70720018843961,38.6386342339227],[-92.69389062758812,38.6404211024049],[-92.6729104537428,38.619503696942],[-92.65329745754362,38.6221873424582],[-92.6479236936682,38.6255231688737]]},"properties":{"segment_id":"83ca23061124dad3e43beb0f","source_kmz":"missouri","orientation":"unverified"}},{"type":"Feature","geometry":{"type":"LineString","coordinates":[[-92.2736351843688,38.6204170246671],[-92.2661451600872,38.6239406869143],[-92.26468065354192,38.6185392348624],[-92.2486522689811,38.6188567252809],[-92.2487165021806,38.6108229074941],[-92.2367221875129,38.6139399496895],[-92.2324662859911,38.6087207582317],[-92.23228709057511,38.61219747804231],[-92.2265035968923,38.6096100372774],[-92.2259765970854,38.6130761227117],[-92.21824819180561,38.6144467376752],[-92.2058479741431,38.6052266693688],[-92.202678996432,38.6059327929541]]},"properties":{"segment_id":"587b6324cd97d5d234562887","source_kmz":"missouri","orientation":"unverified"}},{"type":"Feature","geometry":{"type":"LineString","coordinates":[[-91.7198917481606,38.5882549697589],[-91.7221822029864,38.5907457093522],[-91.7178760333187,38.5989019013323]]},"properties":{"segment_id":"8085877148828da38c09e4c4","source_kmz":"missouri","orientation":"unverified"}},{"type":"Feature","geometry":{"type":"LineString","coordinates":[[-92.3404361730858,38.6141121835815],[-92.3340475404282,38.6096370082474],[-92.3191986299466,38.60732010351661],[-92.3040531952315,38.6108852672996],[-92.3003343602443,38.6155952082405],[-92.286902593918,38.6127811845185]]},"properties":{"segment_id":"400b42b3db5df810b950f770","source_kmz":"missouri","orientation":"unverified"}},{"type":"Feature","geometry":{"type":"LineString","coordinates":[[-91.7583461070852,38.5852964606754],[-91.75277355514511,38.5853726437895],[-91.74049762349702,38.5929869523596],[-91.7289837578976,38.6113433432596],[-91.7196001677047,38.6051239322597],[-91.7178760333187,38.5989019013323]]},"properties":{"segment_id":"1c953ac582831133689144e5","source_kmz":"missouri","orientation":"unverified"}},{"type":"Feature","geometry":{"type":"LineString","coordinates":[[-91.8914209182945,38.5889964333602],[-91.8976282887301,38.5900066966278],[-91.90180184424021,38.60246876806581]]},"properties":{"segment_id":"4b50100b714ceacda65e404f","source_kmz":"missouri","orientation":"unverified"}},{"type":"Feature","geometry":{"type":"LineString","coordinates":[[-92.7633910337037,38.6275329396761],[-92.7506941552161,38.6234501435021],[-92.74557259684872,38.6134063688921],[-92.73700225233091,38.6105020391848]]},"properties":{"segment_id":"771808cec0fc9ad15b2f7c34","source_kmz":"missouri","orientation":"unverified"}},{"type":"Feature","geometry":{"type":"LineString","coordinates":[[-92.73700225233091,38.6105020391848],[-92.71578828136781,38.6102072378529],[-92.7025467381114,38.6028911131024],[-92.69005974730342,38.6020212420137]]},"properties":{"segment_id":"021c8ec49322e99ed1083dae","source_kmz":"missouri","orientation":"unverified"}},{"type":"Feature","geometry":{"type":"LineString","coordinates":[[-92.62350866510911,38.5964689992207],[-92.62437827197991,38.6002422564315],[-92.62041964136792,38.603079932594]]},"properties":{"segment_id":"6c0a67539856bd04095ad9f9","source_kmz":"missouri","orientation":"unverified"}},{"type":"Feature","geometry":{"type":"LineString","coordinates":[[-92.0068296521936,38.6040369265617],[-91.99397433457591,38.6036202662566],[-91.99506477987752,38.5964226840639],[-91.99085647899692,38.5906603603258],[-92.005496754278,38.5774730011765]]},"properties":{"segment_id":"2c69a44ce5db9c13db989dc3","source_kmz":"missouri","orientation":"unverified"}},{"type":"Feature","geometry":{"type":"LineString","coordinates":[[-92.5996031953831,38.6242017243369],[-92.5962028527995,38.61500206625901],[-92.5983514896984,38.6062231742485],[-92.5917374286076,38.5988095038001],[-92.5985390655881,38.5947120090351]]},"properties":{"segment_id":"dbd511150b1ad8d6a617d4ec","source_kmz":"missouri","orientation":"unverified"}},{"type":"Feature","geometry":{"type":"LineString","coordinates":[[-92.0189673201426,38.585677131854],[-92.0094193945922,38.5757247577298],[-92.005496754278,38.5774730011765]]},"properties":{"segment_id":"268fcfdf7526c83c9a087108","source_kmz":"missouri","orientation":"unverified"}},{"type":"Feature","geometry":{"type":"LineString","coordinates":[[-92.2833758875531,38.5794610196989],[-92.30300022074432,38.5835327420347],[-92.3062985032431,38.5871136119399],[-92.3057580387346,38.5978115305181],[-92.286902593918,38.6127811845185]]},"properties":{"segment_id":"5ad6550c8cf5321c8b785146","source_kmz":"missouri","orientation":"unverified"}},{"type":"Feature","geometry":{"type":"LineString","coordinates":[[-92.3597749526452,38.5962026156312],[-92.3586237456142,38.5843833948144],[-92.3467453437829,38.57840744255591]]},"properties":{"segment_id":"500e6f71baaf7513cd0dd533","source_kmz":"missouri","orientation":"unverified"}},{"type":"Feature","geometry":{"type":"LineString","coordinates":[[-92.4315341593742,38.615975928988],[-92.41047246542101,38.591259531014],[-92.41019776083681,38.5826806224657],[-92.4138291590783,38.5795721382557]]},"properties":{"segment_id":"062552fa239c3b03abcc8ed8","source_kmz":"missouri","orientation":"unverified"}},{"type":"Feature","geometry":{"type":"LineString","coordinates":[[-92.5673833322149,38.6061692574633],[-92.57101294187211,38.5955571681684],[-92.56044712721382,38.5834788081585]]},"properties":{"segment_id":"1dc150889f5d7fe753da50b2","source_kmz":"missouri","orientation":"unverified"}},{"type":"Feature","geometry":{"type":"LineString","coordinates":[[-92.08490675304861,38.6084138163845],[-92.0749535447021,38.5928285756802],[-92.0629098071311,38.5903018176373],[-92.06423796479892,38.5785574825183],[-92.0460898444374,38.5731552622442],[-92.0425589434955,38.5676843870134]]},"properties":{"segment_id":"e242ef478da886763f92fa97","source_kmz":"missouri","orientation":"unverified"}},{"type":"Feature","geometry":{"type":"LineString","coordinates":[[-92.5381275382189,38.606691270206],[-92.5336045160597,38.5993329561032],[-92.5359322494529,38.5795790422966]]},"properties":{"segment_id":"9a478434514f3a32b4022354","source_kmz":"missouri","orientation":"unverified"}},{"type":"Feature","geometry":{"type":"LineString","coordinates":[[-92.12203071534742,38.5975316402978],[-92.11733057016231,38.5877403846685],[-92.08889057382702,38.56648345679471],[-92.0743767909891,38.5646829796282],[-92.0686049301604,38.5685173224322],[-92.0425589434955,38.5676843870134]]},"properties":{"segment_id":"76ee9e954c3d745f3b5b8224","source_kmz":"missouri","orientation":"unverified"}},{"type":"Feature","geometry":{"type":"LineString","coordinates":[[-91.8026324204365,38.5594842892127],[-91.8112255664169,38.5552220003173],[-91.8195994726372,38.5608643495247]]},"properties":{"segment_id":"9eed539318e40a335452dcf6","source_kmz":"missouri","orientation":"unverified"}},{"type":"Feature","geometry":{"type":"LineString","coordinates":[[-92.14023781661442,38.56247565988181],[-92.1392609754146,38.5678025051842],[-92.1267585674297,38.5674105399551]]},"properties":{"segment_id":"c5d57466eb3e92346d20f598","source_kmz":"missouri","orientation":"unverified"}},{"type":"Feature","geometry":{"type":"LineString","coordinates":[[-92.2484388420731,38.5687606355019],[-92.2320739799532,38.5690654095078],[-92.224640241907,38.564820190351],[-92.2129177787706,38.5762467786478],[-92.2019835628813,38.57912498997241],[-92.1854641372524,38.5756687814837],[-92.1804198769463,38.5789949616981]]},"properties":{"segment_id":"1160fcdad091f5da8920ca5e","source_kmz":"missouri","orientation":"unverified"}},{"type":"Feature","geometry":{"type":"LineString","coordinates":[[-91.70948873022,38.5460976142842],[-91.7072981106167,38.5537911335051],[-91.6943432153191,38.5552149176411],[-91.69527647892481,38.5689116637875],[-91.7045574045318,38.5708427968362],[-91.7114260356251,38.5783157385789],[-91.71109668603492,38.5839306669853],[-91.7198917481606,38.5882549697589]]},"properties":{"segment_id":"9a02760399b47069d22d4eda","source_kmz":"missouri","orientation":"unverified"}},{"type":"Feature","geometry":{"type":"LineString","coordinates":[[-92.1740629717805,38.5608508874559],[-92.1672797672739,38.570819254672],[-92.17550334558693,38.5732174350973],[-92.1804198769463,38.5789949616981]]},"properties":{"segment_id":"77deabfe3699bcd2f74df401","source_kmz":"missouri","orientation":"unverified"}},{"type":"Feature","geometry":{"type":"LineString","coordinates":[[-91.92059943856532,38.5462975198121],[-91.9171396100852,38.5646679018625],[-91.9254287611519,38.5657457211113]]},"properties":{"segment_id":"29ee38c3961739fa82c379da","source_kmz":"missouri","orientation":"unverified"}},{"type":"Feature","geometry":{"type":"LineString","coordinates":[[-91.72669733626721,38.537318037285],[-91.71396750507631,38.5408949463666],[-91.70948873022,38.5460976142842]]},"properties":{"segment_id":"203ea9750f563fa07c095b09","source_kmz":"missouri","orientation":"unverified"}},{"type":"Feature","geometry":{"type":"LineString","coordinates":[[-92.6590423930007,38.5650304014601],[-92.6543971022082,38.5753493233309],[-92.6645141357407,38.5823186302076],[-92.66356301375312,38.5879170323648]]},"properties":{"segment_id":"a6e910a03568b4bac536fe2c","source_kmz":"missouri","orientation":"unverified"}},{"type":"Feature","geometry":{"type":"LineString","coordinates":[[-92.51819132277431,38.5576532781401],[-92.5112964349425,38.5563871261361],[-92.5108442298382,38.5512855572604]]},"properties":{"segment_id":"b0b4ce6688bd727a1201508b","source_kmz":"missouri","orientation":"unverified"}},{"type":"Feature","geometry":{"type":"LineString","coordinates":[[-91.9213597670346,38.5326599512621],[-91.9180460049458,38.5421945592286],[-91.92059943856532,38.5462975198121]]},"properties":{"segment_id":"9a05a9a2af8425607559e54a","source_kmz":"missouri","orientation":"unverified"}},{"type":"Feature","geometry":{"type":"LineString","coordinates":[[-92.4077500328773,38.5475221732149],[-92.4017023908138,38.5502921196803],[-92.3992503498023,38.5577201299359],[-92.38162519619051,38.5695251371693]]},"properties":{"segment_id":"6313a1a4d5a0aba483b839ee","source_kmz":"missouri","orientation":"unverified"}},{"type":"Feature","geometry":{"type":"LineString","coordinates":[[-92.3157576746195,38.558200639925],[-92.3203260184953,38.5572656175053],[-92.3242018574912,38.5493456864842],[-92.32294961311541,38.5396657434913]]},"properties":{"segment_id":"5807f9f3c19cac3c55ac59a0","source_kmz":"missouri","orientation":"unverified"}},{"type":"Feature","geometry":{"type":"LineString","coordinates":[[-91.80348351878452,38.5203982509904],[-91.8080660240502,38.5253765772381],[-91.8343316526996,38.53430423794911]]},"properties":{"segment_id":"981eb60bc1a1688188a6e238","source_kmz":"missouri","orientation":"unverified"}},{"type":"Feature","geometry":{"type":"LineString","coordinates":[[-91.768494022378,38.5422426625557],[-91.77289833888982,38.5442691525901],[-91.792359342117,38.5385049418492],[-91.7975873417114,38.5322533813739],[-91.7996049792585,38.5213377787154],[-91.80348351878452,38.5203982509904]]},"properties":{"segment_id":"852f721a5b006b4f1e5297ac","source_kmz":"missouri","orientation":"unverified"}},{"type":"Feature","geometry":{"type":"LineString","coordinates":[[-92.6367416784611,38.5432668094087],[-92.62394308737343,38.5418458175803],[-92.6082308896953,38.5507883752647],[-92.594106086542,38.540489708599],[-92.5815435701395,38.5414812098705]]},"properties":{"segment_id":"75e81d76e4aba62b250c0053","source_kmz":"missouri","orientation":"unverified"}},{"type":"Feature","geometry":{"type":"LineString","coordinates":[[-92.7531682505656,38.544244547802],[-92.75403205343021,38.5482843771082],[-92.74452454773942,38.5509796590253],[-92.7394240354487,38.5562010743859],[-92.69893054897251,38.5596767782412]]},"properties":{"segment_id":"e63b8be6c17c7a5423ad2f20","source_kmz":"missouri","orientation":"unverified"}},{"type":"Feature","geometry":{"type":"LineString","coordinates":[[-92.39012536755571,38.5312047741978],[-92.3860557347356,38.5361745769941],[-92.391201676487,38.544628427988],[-92.389307209497,38.5477870894833],[-92.3813076721648,38.5478204539854],[-92.36948643320561,38.5407768716541],[-92.3551715470167,38.5419616488518]]},"properties":{"segment_id":"38c7025573e5b00b226bb937","source_kmz":"missouri","orientation":"unverified"}},{"type":"Feature","geometry":{"type":"LineString","coordinates":[[-92.5078796697482,38.5332569980758],[-92.49920193126212,38.5402423687468],[-92.49929322459681,38.54560159097051]]},"properties":{"segment_id":"fbd6d0aaf2cfdc2b28b9c404","source_kmz":"missouri","orientation":"unverified"}},{"type":"Feature","geometry":{"type":"LineString","coordinates":[[-92.4568971337632,38.5307311448458],[-92.4600582401306,38.5372499996559],[-92.45679106179792,38.5401023542783]]},"properties":{"segment_id":"82bb3fee00b663d6e8847f09","source_kmz":"missouri","orientation":"unverified"}},{"type":"Feature","geometry":{"type":"LineString","coordinates":[[-92.09086882930531,38.516453279309],[-92.0855811978663,38.5243217754219],[-92.066913205949,38.5288172618818],[-92.0723662692449,38.5308662680817],[-92.07678129332581,38.5393110675875],[-92.06312935420443,38.5474480560043],[-92.059862203739,38.5564516243635],[-92.0563611226278,38.5568754768759]]},"properties":{"segment_id":"6d465a82986ada01be4f4a70","source_kmz":"missouri","orientation":"unverified"}},{"type":"Feature","geometry":{"type":"LineString","coordinates":[[-91.91364960530181,38.5088296498601],[-91.9175786439181,38.51940784604621],[-91.9158174554797,38.5260469279817],[-91.9213597670346,38.5326599512621]]},"properties":{"segment_id":"83514d221ec47cdb2e662e96","source_kmz":"missouri","orientation":"unverified"}},{"type":"Feature","geometry":{"type":"LineString","coordinates":[[-92.23983442240991,38.533141185363],[-92.23659355405071,38.52179219024751],[-92.2325799518896,38.51872312889411],[-92.225569575063,38.5198479726947]]},"properties":{"segment_id":"d2e79d90f32df548dd3b9ac9","source_kmz":"missouri","orientation":"unverified"}},{"type":"Feature","geometry":{"type":"LineString","coordinates":[[-92.2687764537454,38.5383061686159],[-92.26983890719112,38.5311062005289],[-92.26342086839571,38.5274297120657],[-92.2628711767407,38.5177702037542]]},"properties":{"segment_id":"4aafedc37c1c009b5361c945","source_kmz":"missouri","orientation":"unverified"}},{"type":"Feature","geometry":{"type":"LineString","coordinates":[[-92.2806472296862,38.5236649477692],[-92.2736576810224,38.5175610429079],[-92.26535526697111,38.516774064714]]},"properties":{"segment_id":"e44223a82d31ae48170eeb04","source_kmz":"missouri","orientation":"unverified"}},{"type":"Feature","geometry":{"type":"LineString","coordinates":[[-92.4819572022908,38.5228780839048],[-92.4873058518401,38.5273159244016],[-92.4866633889403,38.5334577720471],[-92.4731862817113,38.54619688767],[-92.46822170468891,38.5481974841542],[-92.4649172595102,38.5446209489886]]},"properties":{"segment_id":"b5630ce6c7b43ba35543114d","source_kmz":"missouri","orientation":"unverified"}},{"type":"Feature","geometry":{"type":"LineString","coordinates":[[-92.1949165577744,38.5143518634106],[-92.19830345713731,38.5227601599283],[-92.2028294599296,38.5226317955044]]},"properties":{"segment_id":"c5ab7b79ede4ee4598765e47","source_kmz":"missouri","orientation":"unverified"}},{"type":"Feature","geometry":{"type":"LineString","coordinates":[[-92.3309795860105,38.5182091441506],[-92.33137883599342,38.524113711822],[-92.3239686137351,38.5263036193601]]},"properties":{"segment_id":"84a3bcc98d24d4b59c2de5af","source_kmz":"missouri","orientation":"unverified"}},{"type":"Feature","geometry":{"type":"LineString","coordinates":[[-92.136019088477,38.5106444222585],[-92.1299294879996,38.5206324852208],[-92.11976537127671,38.5221880604679]]},"properties":{"segment_id":"2641eddb275ffe31bc800950","source_kmz":"missouri","orientation":"unverified"}},{"type":"Feature","geometry":{"type":"LineString","coordinates":[[-91.86125893956321,38.4947577195282],[-91.8734469391124,38.5251715682865],[-91.87255677328142,38.5286244957757],[-91.8663096359274,38.5284151631444],[-91.86380346404262,38.5419941743259],[-91.8685422538785,38.5504580524485],[-91.8818268740551,38.561618501597]]},"properties":{"segment_id":"b65fc506b99c2315955c31ce","source_kmz":"missouri","orientation":"unverified"}},{"type":"Feature","geometry":{"type":"LineString","coordinates":[[-92.78057262466082,38.5219318869035],[-92.7660037689033,38.5212827833685],[-92.7606780634805,38.5238210202133],[-92.75829888975171,38.53045362633381],[-92.7610803817747,38.5382930765665],[-92.7531682505656,38.544244547802]]},"properties":{"segment_id":"0105811563755eee9c993c98","source_kmz":"missouri","orientation":"unverified"}},{"type":"Feature","geometry":{"type":"LineString","coordinates":[[-91.7904385078791,38.4872680734986],[-91.79035487559301,38.494766766508],[-91.7998317690847,38.5052708256384]]},"properties":{"segment_id":"60dde3ed31ec13e1eee0f3fb","source_kmz":"missouri","orientation":"unverified"}},{"type":"Feature","geometry":{"type":"LineString","coordinates":[[-91.9027329154238,38.4864994944112],[-91.93012606892921,38.4938369465928],[-91.9427899820834,38.5036308823345],[-91.9436233947703,38.507408830937],[-91.9307161166146,38.5144843721961],[-91.92959577416003,38.528377939971],[-91.9213597670346,38.5326599512621]]},"properties":{"segment_id":"6c76a8a27f3e8f73d7abb778","source_kmz":"missouri","orientation":"unverified"}},{"type":"Feature","geometry":{"type":"LineString","coordinates":[[-92.55965511382641,38.5041804288269],[-92.55268337508112,38.5120204058148],[-92.5497116927592,38.523453790082],[-92.5436714154436,38.526230691109],[-92.5620705313176,38.5267451251399],[-92.56809358606442,38.5317337693244],[-92.56807701545631,38.5395002162619],[-92.5614752078035,38.5468154054752],[-92.5565633563815,38.5477496571297]]},"properties":{"segment_id":"d675fdd26cd71dbdd6639c9c","source_kmz":"missouri","orientation":"unverified"}},{"type":"Feature","geometry":{"type":"LineString","coordinates":[[-92.7204080760776,38.5072234517351],[-92.7129872359773,38.5099716928125],[-92.70205389885122,38.5289620509791],[-92.7120128237192,38.5394048098095],[-92.7111019603981,38.5442011032703]]},"properties":{"segment_id":"dc13ff053cecfc4def9a83e8","source_kmz":"missouri","orientation":"unverified"}},{"type":"Feature","geometry":{"type":"LineString","coordinates":[[-92.4130910899365,38.5024125900583],[-92.4040368713482,38.495720547178],[-92.3939347655208,38.496228877311],[-92.38282775627471,38.4889394241128],[-92.3601963053883,38.48988006507],[-92.3506019902345,38.4941496887966]]},"properties":{"segment_id":"da28fb169c2134e3d05ce114","source_kmz":"missouri","orientation":"unverified"}},{"type":"Feature","geometry":{"type":"LineString","coordinates":[[-92.5121073763936,38.495612618156],[-92.49755743999,38.4874328404236],[-92.4779223441516,38.4839269960779]]},"properties":{"segment_id":"e68949e1a7dfc1723bed2a6e","source_kmz":"missouri","orientation":"unverified"}},{"type":"Feature","geometry":{"type":"LineString","coordinates":[[-92.22228023250861,38.4758179501466],[-92.2308170491614,38.4854545487107],[-92.2309877763688,38.4956384648751]]},"properties":{"segment_id":"51c5db8c407ef962545d0dd2","source_kmz":"missouri","orientation":"unverified"}},{"type":"Feature","geometry":{"type":"LineString","coordinates":[[-92.760481287107,38.4890011591208],[-92.7493561715483,38.4970101977938],[-92.7554672584916,38.5159176336042],[-92.7499186400114,38.5313042436439],[-92.7531682505656,38.544244547802]]},"properties":{"segment_id":"bff4abab8727cf9a6766223e","source_kmz":"missouri","orientation":"unverified"}},{"type":"Feature","geometry":{"type":"LineString","coordinates":[[-92.6201501189961,38.48094698143871],[-92.6094076256632,38.4953819480359],[-92.6107839910371,38.5106855489936],[-92.6063089708165,38.5172579368932]]},"properties":{"segment_id":"68ef986c831765b4daa10058","source_kmz":"missouri","orientation":"unverified"}},{"type":"Feature","geometry":{"type":"LineString","coordinates":[[-92.5918128655501,38.4777560108161],[-92.61613507897862,38.4776229470674],[-92.6201501189961,38.48094698143871]]},"properties":{"segment_id":"8456643ac499436dbea301d3","source_kmz":"missouri","orientation":"unverified"}},{"type":"Feature","geometry":{"type":"LineString","coordinates":[[-92.64743260108241,38.4768716347778],[-92.64366911519262,38.483196772533],[-92.6356644858135,38.4835141112031],[-92.6285876750931,38.4787677749283],[-92.6201501189961,38.48094698143871]]},"properties":{"segment_id":"a3f47a63d8bf2903c6933732","source_kmz":"missouri","orientation":"unverified"}},{"type":"Feature","geometry":{"type":"LineString","coordinates":[[-92.4779223441516,38.4839269960779],[-92.47315534366611,38.4819158009983],[-92.476021467693,38.472891457418],[-92.4676574621913,38.4734554286186]]},"properties":{"segment_id":"80dd2a3f92b921929d90cefd","source_kmz":"missouri","orientation":"unverified"}},{"type":"Feature","geometry":{"type":"LineString","coordinates":[[-92.4376994363543,38.4894665995667],[-92.43521941073361,38.4690391799688],[-92.419689020337,38.4669817483912],[-92.4177387100953,38.4642466478578]]},"properties":{"segment_id":"9be632959e4fdb4c950cb3db","source_kmz":"missouri","orientation":"unverified"}},{"type":"Feature","geometry":{"type":"LineString","coordinates":[[-92.7916975388037,38.4742852723378],[-92.77055127857201,38.4812313355102],[-92.760481287107,38.4890011591208]]},"properties":{"segment_id":"b75022c1bbdb698c83463d63","source_kmz":"missouri","orientation":"unverified"}},{"type":"Feature","geometry":{"type":"LineString","coordinates":[[-92.27023875727312,38.4550471917998],[-92.2558534119991,38.4714857346089],[-92.2522164043938,38.4882501910378],[-92.247902497031,38.4910653439405],[-92.2388820110177,38.4907903345458],[-92.2366216689515,38.4942034957103]]},"properties":{"segment_id":"57092b9b6a1e30448b9efe7a","source_kmz":"missouri","orientation":"unverified"}},{"type":"Feature","geometry":{"type":"LineString","coordinates":[[-92.5512287370029,38.4691275447723],[-92.5302639887321,38.471752788523],[-92.5176163182296,38.4601470843476]]},"properties":{"segment_id":"709aa506bc5b1375a7f9a7a7","source_kmz":"missouri","orientation":"unverified"}},{"type":"Feature","geometry":{"type":"LineString","coordinates":[[-92.38998358309472,38.4495085169231],[-92.39349519902962,38.4557717831198],[-92.40478202520882,38.45931586121281],[-92.40361027139593,38.4619600689253]]},"properties":{"segment_id":"9922fb8d93332ea454b87ebb","source_kmz":"missouri","orientation":"unverified"}},{"type":"Feature","geometry":{"type":"LineString","coordinates":[[-92.8256414452868,38.46043552174081],[-92.8394370505787,38.47873269827841],[-92.8493033944818,38.48353792428271]]},"properties":{"segment_id":"c1a8100682388ea6db7b54ce","source_kmz":"missouri","orientation":"unverified"}},{"type":"Feature","geometry":{"type":"LineString","coordinates":[[-92.5176163182296,38.4601470843476],[-92.50236645113111,38.4522157291622],[-92.4894966657386,38.4526530700795]]},"properties":{"segment_id":"8d2fbc6a596b2c053c527009","source_kmz":"missouri","orientation":"unverified"}},{"type":"Feature","geometry":{"type":"LineString","coordinates":[[-92.8541199352943,38.46036269022221],[-92.85000523262,38.4672202605248],[-92.8493033944818,38.48353792428271]]},"properties":{"segment_id":"13c96ccbc30249298cd3cc99","source_kmz":"missouri","orientation":"unverified"}},{"type":"Feature","geometry":{"type":"LineString","coordinates":[[-92.41249800159652,38.4365065447477],[-92.41857565223552,38.4471292275262],[-92.4169793366303,38.4513682362169]]},"properties":{"segment_id":"d8d7692cff17ab486099d009","source_kmz":"missouri","orientation":"unverified"}},{"type":"Feature","geometry":{"type":"LineString","coordinates":[[-92.7455229928944,38.4425442614314],[-92.73381899942022,38.4636590483408],[-92.7209003673692,38.4729569799278],[-92.70990707027971,38.4702536082085],[-92.7038914571475,38.4650044059851],[-92.6774073972418,38.466971074064]]},"properties":{"segment_id":"d68bd1e7c5ffc0821031fc26","source_kmz":"missouri","orientation":"unverified"}},{"type":"Feature","geometry":{"type":"LineString","coordinates":[[-92.6941464989275,38.4269818124714],[-92.6993296790587,38.4429217390012],[-92.6814746022305,38.446191284733],[-92.678836148178,38.4584395750333],[-92.6813685861132,38.4638640897996],[-92.6774073972418,38.466971074064]]},"properties":{"segment_id":"9d533e6fecdf20c9c6374ede","source_kmz":"missouri","orientation":"unverified"}},{"type":"Feature","geometry":{"type":"LineString","coordinates":[[-92.8689744386449,38.4296769021085],[-92.86406293256842,38.4308908953356],[-92.8609567546366,38.438577833394],[-92.85099417854282,38.4442150190336],[-92.8541199352943,38.46036269022221]]},"properties":{"segment_id":"dc314c5869b029b0357fcf0a","source_kmz":"missouri","orientation":"unverified"}},{"type":"Feature","geometry":{"type":"LineString","coordinates":[[-92.44187646483601,38.4178068315212],[-92.4521845932333,38.4199791977193],[-92.4629671940529,38.4267175180156]]},"properties":{"segment_id":"2ebbcbc73ae5c955ddd45cc8","source_kmz":"missouri","orientation":"unverified"}},{"type":"Feature","geometry":{"type":"LineString","coordinates":[[-92.6488071346634,38.4316480764241],[-92.6408939784075,38.4300933702575],[-92.6319262575527,38.4212782155197],[-92.62334590936133,38.4191684485702]]},"properties":{"segment_id":"f5e77189650e2ccd6ae5ff72","source_kmz":"missouri","orientation":"unverified"}},{"type":"Feature","geometry":{"type":"LineString","coordinates":[[-92.7280515021162,38.4217278633524],[-92.72181101800102,38.4293283275021],[-92.7085174536467,38.4238852859011],[-92.6941464989275,38.4269818124714]]},"properties":{"segment_id":"5b34ffa9542b7d0a42cefe06","source_kmz":"missouri","orientation":"unverified"}},{"type":"Feature","geometry":{"type":"LineString","coordinates":[[-92.5753617891423,38.41355779868081],[-92.56965313404102,38.4168805688393],[-92.5653388006108,38.42747326658171],[-92.55285816520013,38.4271244705188]]},"properties":{"segment_id":"f19733bb7a7d34709f0417aa","source_kmz":"missouri","orientation":"unverified"}},{"type":"Feature","geometry":{"type":"LineString","coordinates":[[-92.46258749789742,38.4058154410548],[-92.4653842273249,38.4125916682088],[-92.4629671940529,38.4267175180156]]},"properties":{"segment_id":"bcbe6c089c92dafd34a7206a","source_kmz":"missouri","orientation":"unverified"}},{"type":"Feature","geometry":{"type":"LineString","coordinates":[[-92.5328115721085,38.4032605213994],[-92.52063864697031,38.4184511177793],[-92.5096764087017,38.4226939218026],[-92.49913794071182,38.4325722996756]]},"properties":{"segment_id":"b21e958d92814679b30f9a55","source_kmz":"missouri","orientation":"unverified"}},{"type":"Feature","geometry":{"type":"LineString","coordinates":[[-92.65802766321801,38.3893159993498],[-92.6373471570426,38.3863422794393],[-92.63088894783061,38.3909863634665],[-92.627302735238,38.401065243886]]},"properties":{"segment_id":"4b60907e089fa328c649e53e","source_kmz":"missouri","orientation":"unverified"}},{"type":"Feature","geometry":{"type":"LineString","coordinates":[[-92.61057997974011,38.379983685754],[-92.61036980885152,38.3845308457374],[-92.627302735238,38.401065243886]]},"properties":{"segment_id":"838a5a6340a4fd59303a52e2","source_kmz":"missouri","orientation":"unverified"}},{"type":"Feature","geometry":{"type":"LineString","coordinates":[[-92.4995073049447,38.3666961869545],[-92.4935698493921,38.3820613833858],[-92.4666333213104,38.3938790683021],[-92.46258749789742,38.4058154410548]]},"properties":{"segment_id":"834b0e16eb047a04f98657bd","source_kmz":"missouri","orientation":"unverified"}},{"type":"Feature","geometry":{"type":"LineString","coordinates":[[-92.5608621761701,38.3601241048806],[-92.54989251996173,38.37213695739181],[-92.5467309332961,38.3950813796833],[-92.54048656019042,38.4024051753933],[-92.5328115721085,38.4032605213994]]},"properties":{"segment_id":"98981f388e25e0abe1ceda1c","source_kmz":"missouri","orientation":"unverified"}},{"type":"Feature","geometry":{"type":"LineString","coordinates":[[-92.6354191055408,38.3603112182647],[-92.63492548562711,38.3635115356487],[-92.6179534210567,38.3705450600889],[-92.61057997974011,38.379983685754]]},"properties":{"segment_id":"ce037b64a4592f5c35da0fed","source_kmz":"missouri","orientation":"unverified"}},{"type":"Feature","geometry":{"type":"LineString","coordinates":[[-92.40271107879602,38.4024729436278],[-92.3956355330382,38.4052122032367],[-92.37296142079033,38.4005284283584],[-92.3640875586756,38.4115161198653],[-92.3722118788687,38.4297014528087],[-92.35550531019601,38.4305472858971],[-92.3532395697864,38.4411940786366],[-92.3351700249065,38.441461168031],[-92.33295584698561,38.4440737423975],[-92.33764968849451,38.4474276131962],[-92.3370756221418,38.4519639680504],[-92.3166000170441,38.4585852526083],[-92.31647897789921,38.46099229129351],[-92.3244690654439,38.4609631304155],[-92.3443972152836,38.4722701009025],[-92.3464917480223,38.4790284278188]]},"properties":{"segment_id":"1c718553aa2d1f13b6f93743","source_kmz":"missouri","orientation":"unverified"}},{"type":"Feature","geometry":{"type":"LineString","coordinates":[[-92.8923241768627,38.9513983895371],[-92.8928675730894,38.9468593792754],[-92.88413758023592,38.9466403323098],[-92.8773831859191,38.9411143781313]]},"properties":{"segment_id":"df33f0d7196c98164a5d48a2","source_kmz":"missouri","orientation":"unverified"}},{"type":"Feature","geometry":{"type":"LineString","coordinates":[[-92.8704416993284,38.9318340700509],[-92.87506533201801,38.9381101550406],[-92.8697129421684,38.9406531775835]]},"properties":{"segment_id":"e80c6dcc786fa4bc801cf1f4","source_kmz":"missouri","orientation":"unverified"}},{"type":"Feature","geometry":{"type":"LineString","coordinates":[[-92.9262742913958,38.8925256468295],[-92.9213438461366,38.8934744375478],[-92.9197991852709,38.9052191313695],[-92.9041629797347,38.9278602784856]]},"properties":{"segment_id":"ac174aceffee8ee630cf9f1c","source_kmz":"missouri","orientation":"unverified"}},{"type":"Feature","geometry":{"type":"LineString","coordinates":[[-92.9544026540569,38.8881320841784],[-92.95926800907782,38.8970887585076],[-92.9731712850136,38.8987680814164],[-92.9750762635192,38.9033670632945]]},"properties":{"segment_id":"ac99a789f61c83b2a3e45c73","source_kmz":"missouri","orientation":"unverified"}},{"type":"Feature","geometry":{"type":"LineString","coordinates":[[-92.98187414300011,38.8826450609343],[-92.98402293402201,38.8982292718786],[-92.9750762635192,38.9033670632945]]},"properties":{"segment_id":"bce3f0cb975115c9f6eee634","source_kmz":"missouri","orientation":"unverified"}},{"type":"Feature","geometry":{"type":"LineString","coordinates":[[-92.9997895918304,38.8546945274091],[-93.0,38.854832187703856]]},"properties":{"segment_id":"a460db66f00f991443ed225f","source_kmz":"missouri","orientation":"unverified"}},{"type":"Feature","geometry":{"type":"LineString","coordinates":[[-92.9651255116898,38.8235895691396],[-92.9779912035671,38.8247076584331],[-92.98575520841781,38.8310560803486],[-92.9997895918304,38.8546945274091]]},"properties":{"segment_id":"ec297e44dfd5505743e63bff","source_kmz":"missouri","orientation":"unverified"}},{"type":"Feature","geometry":{"type":"LineString","coordinates":[[-92.9322322196148,38.8174229709372],[-92.94129547593472,38.8176472440375],[-92.9560279330321,38.8241695909636],[-92.9651255116898,38.8235895691396]]},"properties":{"segment_id":"c77354dfc8c1561f136cd9d2","source_kmz":"missouri","orientation":"unverified"}},{"type":"Feature","geometry":{"type":"LineString","coordinates":[[-92.98931058268663,38.7872253083137],[-92.99571072721632,38.7927366057549],[-93.0,38.793297179687784]]},"properties":{"segment_id":"9542a1ae26bdc3e3a022285c","source_kmz":"missouri","orientation":"unverified"}},{"type":"Feature","geometry":{"type":"LineString","coordinates":[[-92.9441250952752,38.7834397381526],[-92.9649372487769,38.8029650811177],[-92.96582697405242,38.8067359596719],[-92.9607578862561,38.8111640360356],[-92.9651255116898,38.8235895691396]]},"properties":{"segment_id":"598120aa8b1f857c1967eb91","source_kmz":"missouri","orientation":"unverified"}},{"type":"Feature","geometry":{"type":"LineString","coordinates":[[-92.94250392425322,38.755549373704],[-92.9530755822227,38.7528645578768],[-92.9615932401744,38.757626518326],[-92.9711307252476,38.7546469714326],[-92.98333744531881,38.7629789190725],[-92.99003301645511,38.7612675126721]]},"properties":{"segment_id":"0787fc41bd80eac11f3d6507","source_kmz":"missouri","orientation":"unverified"}},{"type":"Feature","geometry":{"type":"LineString","coordinates":[[-92.9268010383651,38.72275734043931],[-92.93147295930362,38.7193920970057],[-92.9320796444005,38.71324795358791]]},"properties":{"segment_id":"887b41c61c91de49f6d00502","source_kmz":"missouri","orientation":"unverified"}},{"type":"Feature","geometry":{"type":"LineString","coordinates":[[-92.95473904364691,38.713004875497],[-92.963126609099,38.7124078531483],[-92.9775296710793,38.7264180092759]]},"properties":{"segment_id":"cf43a018c185417c994b5cf4","source_kmz":"missouri","orientation":"unverified"}},{"type":"Feature","geometry":{"type":"LineString","coordinates":[[-92.94273517610391,38.7084239317441],[-92.95279565262081,38.70947572302261],[-92.95473904364691,38.713004875497]]},"properties":{"segment_id":"fd66d2d6772df74de250bd0b","source_kmz":"missouri","orientation":"unverified"}},{"type":"Feature","geometry":{"type":"LineString","coordinates":[[-92.90300674954102,38.6921706620949],[-92.9162958189903,38.6991977931544],[-92.9332477686436,38.7020297142585],[-92.94273517610391,38.7084239317441]]},"properties":{"segment_id":"b059fe3cb3590a22adb0a580","source_kmz":"missouri","orientation":"unverified"}},{"type":"Feature","geometry":{"type":"LineString","coordinates":[[-92.8956626546323,38.6764543351301],[-92.8952192091939,38.6868871626963],[-92.90300674954102,38.6921706620949]]},"properties":{"segment_id":"a6c32ab4e33bed0aa352f7c3","source_kmz":"missouri","orientation":"unverified"}},{"type":"Feature","geometry":{"type":"LineString","coordinates":[[-92.86251016647563,38.6536575520476],[-92.8706928117598,38.6495804027092],[-92.8774443742184,38.6382360899692]]},"properties":{"segment_id":"934b20c9d916bfea268213b5","source_kmz":"missouri","orientation":"unverified"}},{"type":"Feature","geometry":{"type":"LineString","coordinates":[[-92.9841169830548,38.6175899922246],[-92.9863797937607,38.63023114785901],[-92.98304070457321,38.6352375312523]]},"properties":{"segment_id":"0136e5c110c71942ba7fea03","source_kmz":"missouri","orientation":"unverified"}},{"type":"Feature","geometry":{"type":"LineString","coordinates":[[-92.8462809232025,38.594060890973],[-92.86321726952183,38.5966348941939],[-92.8777954406925,38.6055739850707]]},"properties":{"segment_id":"0d4eb804130f120ac5a26930","source_kmz":"missouri","orientation":"unverified"}},{"type":"Feature","geometry":{"type":"LineString","coordinates":[[-92.80906270561842,38.593907580144],[-92.83430347135281,38.5975034135429],[-92.8462809232025,38.594060890973]]},"properties":{"segment_id":"7173ea63dd02ad9c253a2dc1","source_kmz":"missouri","orientation":"unverified"}},{"type":"Feature","geometry":{"type":"LineString","coordinates":[[-92.8960439936514,38.5937157506374],[-92.88947013044,38.601048456649],[-92.88884941376682,38.60745986137981],[-92.8777954406925,38.6055739850707]]},"properties":{"segment_id":"c443ec440757d7eeab8e4273","source_kmz":"missouri","orientation":"unverified"}},{"type":"Feature","geometry":{"type":"LineString","coordinates":[[-92.8595725598892,38.5761896872422],[-92.85962137882922,38.583153631963],[-92.8460372490825,38.5916444853079]]},"properties":{"segment_id":"b10dc437d93dda3a9de237c1","source_kmz":"missouri","orientation":"unverified"}},{"type":"Feature","geometry":{"type":"LineString","coordinates":[[-92.997245285312,38.5606042746231],[-93.0,38.563656531553775]]},"properties":{"segment_id":"2eeb0884b5d4659196c6b218","source_kmz":"missouri","orientation":"unverified"}},{"type":"Feature","geometry":{"type":"LineString","coordinates":[[-93.0,38.58896685214353],[-92.9970136784532,38.591661545552],[-93.0,38.594614998492965]]},"properties":{"segment_id":"942f3b4bbea1bdd2c9fa317d","source_kmz":"missouri","orientation":"unverified"}},{"type":"Feature","geometry":{"type":"LineString","coordinates":[[-92.88483841637812,38.5382678828821],[-92.8846562158848,38.5425479792727],[-92.8910384499212,38.5477971050171],[-92.9052890034006,38.5478877083943]]},"properties":{"segment_id":"771f49ec4c0d4bbc55e844f1","source_kmz":"missouri","orientation":"unverified"}},{"type":"Feature","geometry":{"type":"LineString","coordinates":[[-92.9075130152012,38.503490096004],[-92.9100639407311,38.5089098949199],[-92.9047711026669,38.527254741246],[-92.9058512222683,38.5428137706984]]},"properties":{"segment_id":"bdff8b787d923293ff987870","source_kmz":"missouri","orientation":"unverified"}},{"type":"Feature","geometry":{"type":"LineString","coordinates":[[-92.89871235446542,38.4815778054664],[-92.89908919363731,38.4890854727],[-92.9075130152012,38.503490096004]]},"properties":{"segment_id":"f2b91648fe2ba06be7abc000","source_kmz":"missouri","orientation":"unverified"}},{"type":"Feature","geometry":{"type":"LineString","coordinates":[[-92.9236095464952,38.4594397425014],[-92.9136690258529,38.4728484323722],[-92.89871235446542,38.4815778054664]]},"properties":{"segment_id":"9c672ac3a279fc5b7442321c","source_kmz":"missouri","orientation":"unverified"}},{"type":"Feature","geometry":{"type":"LineString","coordinates":[[-92.94985981106862,38.4544689542186],[-92.9550649623584,38.4628991360854],[-92.954330944209,38.4805549500223],[-92.93526920112372,38.4961496696735],[-92.9058512222683,38.5428137706984]]},"properties":{"segment_id":"2eb8da8cae185fdc5284e31b","source_kmz":"missouri","orientation":"unverified"}},{"type":"Feature","geometry":{"type":"LineString","coordinates":[[-92.8968633015078,38.4432369251529],[-92.8893254229196,38.45723981063501],[-92.89871235446542,38.4815778054664]]},"properties":{"segment_id":"c53effee38a3c3725154d6d1","source_kmz":"missouri","orientation":"unverified"}},{"type":"Feature","geometry":{"type":"LineString","coordinates":[[-92.9973924539125,38.4299295437238],[-93.0,38.43656300803752]]},"properties":{"segment_id":"29f15972943013096a887ad1","source_kmz":"missouri","orientation":"unverified"}},{"type":"Feature","geometry":{"type":"LineString","coordinates":[[-93.0,38.51395532969561],[-92.98355477461341,38.5300105927554],[-92.97369742782331,38.5498529790333]]},"properties":{"segment_id":"8ae943c0665178c7e1dfcc5d","source_kmz":"missouri","orientation":"unverified"}},{"type":"Feature","geometry":{"type":"LineString","coordinates":[[-92.9650496439893,38.4146761810195],[-92.94873673636471,38.4314113855295],[-92.94985981106862,38.4544689542186]]},"properties":{"segment_id":"f182c9b5a4026ebbe48dc7ec","source_kmz":"missouri","orientation":"unverified"}},{"type":"Feature","geometry":{"type":"LineString","coordinates":[[-93.0,38.99870882618856],[-92.9949047604626,38.9900785256807]]},"properties":{"segment_id":"e44fee73ce3bb57fa390b9c2","source_kmz":"missouri","orientation":"unverified"}},{"type":"Feature","geometry":{"type":"LineString","coordinates":[[-92.9628558534349,38.978586344492],[-92.9542562523832,38.9751619574248],[-92.95475117329022,38.9716927485124]]},"properties":{"segment_id":"734dbbfa7c4d3e3c9421a65c","source_kmz":"missouri","orientation":"unverified"}},{"type":"Feature","geometry":{"type":"LineString","coordinates":[[-91.725207881748,39.1044664624757],[-91.72485134422062,39.09266500457691],[-91.7082044464689,39.08378486832991],[-91.7059937942637,39.0796893920363]]},"properties":{"segment_id":"b69ba254343f729254eb9365","source_kmz":"missouri","orientation":"unverified"}},{"type":"Feature","geometry":{"type":"LineString","coordinates":[[-91.78057674883131,39.07447577597721],[-91.7667396836427,39.065431121411],[-91.74287242043592,39.06622271491121],[-91.7215433108688,39.0595950488839]]},"properties":{"segment_id":"02db9e6e2edcb3bfdde9ff6b","source_kmz":"missouri","orientation":"unverified"}},{"type":"Feature","geometry":{"type":"LineString","coordinates":[[-91.70761373147882,39.0759942702661],[-91.704386085209,39.0713277290427],[-91.7054629934812,39.0590398785476]]},"properties":{"segment_id":"20f1e4a07e0913fc5132aea0","source_kmz":"missouri","orientation":"unverified"}},{"type":"Feature","geometry":{"type":"LineString","coordinates":[[-91.67798711460512,39.1028326225536],[-91.6695776969981,39.09691295920921],[-91.6571308729533,39.0940669192855],[-91.65573418920103,39.0881232983387],[-91.645772321628,39.0789322593708],[-91.6297044012321,39.0780998990431],[-91.6284872991002,39.0692148020278],[-91.6155251917301,39.0633988103606],[-91.6059114270066,39.04858968094481],[-91.58524189757411,39.0371382418941]]},"properties":{"segment_id":"5069d0e89e3b6fc99cec871a","source_kmz":"missouri","orientation":"unverified"}},{"type":"Feature","geometry":{"type":"LineString","coordinates":[[-91.64394695973722,39.0451072153105],[-91.6457806237582,39.0320423256285],[-91.65756960045391,39.0222735986792]]},"properties":{"segment_id":"37bbf6aac5a6cb4abe3d8045","source_kmz":"missouri","orientation":"unverified"}},{"type":"Feature","geometry":{"type":"LineString","coordinates":[[-91.56573849423383,39.035371151844],[-91.5649378559154,39.019801246682],[-91.5771902973413,39.0140756897797],[-91.5818536062464,39.0064712690407]]},"properties":{"segment_id":"47132c3bdb0c3f4bef4977fd","source_kmz":"missouri","orientation":"unverified"}},{"type":"Feature","geometry":{"type":"LineString","coordinates":[[-91.58524189757411,39.0371382418941],[-91.5872976314412,39.03212028257091],[-91.5825682988504,39.0292725242402],[-91.586200148775,39.0213632330229],[-91.58242211275001,39.0201569875289],[-91.5913183854441,39.0177938884169],[-91.59200827091522,39.0121914633455],[-91.59744249849382,39.0091690278084],[-91.5937783596334,39.006091515077]]},"properties":{"segment_id":"485e6710a88f472be0961936","source_kmz":"missouri","orientation":"unverified"}},{"type":"Feature","geometry":{"type":"LineString","coordinates":[[-91.5818536062464,39.0064712690407],[-91.5883843541784,39.0026844314005],[-91.5937783596334,39.006091515077]]},"properties":{"segment_id":"1005f788ad791e6cf23345a5","source_kmz":"missouri","orientation":"unverified"}},{"type":"Feature","geometry":{"type":"LineString","coordinates":[[-91.7390936704243,39.0291185102719],[-91.7142793220838,39.0164749933814],[-91.7159420612118,39.0060830187072]]},"properties":{"segment_id":"9decb77800d04d0cf9bb11f2","source_kmz":"missouri","orientation":"unverified"}},{"type":"Feature","geometry":{"type":"LineString","coordinates":[[-91.7875389112885,39.0088024639397],[-91.769466674215,39.0065800152595],[-91.7467344549093,39.0122331040486],[-91.7320304010935,39.0122640557437],[-91.7159420612118,39.0060830187072]]},"properties":{"segment_id":"290410f1cb26fbd94b413471","source_kmz":"missouri","orientation":"unverified"}},{"type":"Feature","geometry":{"type":"LineString","coordinates":[[-91.6119303595537,39.018524521611],[-91.6084751490806,39.0119715529243],[-91.611517727224,39.0021651899417],[-91.6085195738591,38.9996475756298]]},"properties":{"segment_id":"2190aaef970a7628a3f2d6f2","source_kmz":"missouri","orientation":"unverified"}},{"type":"Feature","geometry":{"type":"LineString","coordinates":[[-91.5644734682863,38.9929893944307],[-91.57123725298382,39.0026093708418],[-91.5818536062464,39.0064712690407]]},"properties":{"segment_id":"27f760716f2a7f750adbf385","source_kmz":"missouri","orientation":"unverified"}},{"type":"Feature","geometry":{"type":"LineString","coordinates":[[-91.7159420612118,39.0060830187072],[-91.7109051758611,38.996531324844],[-91.6992818350486,38.98594739134011],[-91.6920433447568,38.9840885810393],[-91.69467777112251,38.9809648399399],[-91.6739642661184,38.9821196246404],[-91.6695521289015,38.9798221469688],[-91.65962950747331,38.9877813948232]]},"properties":{"segment_id":"839089fba88b67c6ab1699ea","source_kmz":"missouri","orientation":"unverified"}},{"type":"Feature","geometry":{"type":"LineString","coordinates":[[-91.60064936228991,38.96775099181681],[-91.60232065321121,38.9632551966317],[-91.6069073074864,38.9626139547581]]},"properties":{"segment_id":"7e1d797b9bb2112d3d755555","source_kmz":"missouri","orientation":"unverified"}},{"type":"Feature","geometry":{"type":"LineString","coordinates":[[-91.6069073074864,38.9626139547581],[-91.6114132201434,38.9633094113221],[-91.612621782594,38.9606727377891]]},"properties":{"segment_id":"d3bd106cd31d3bcd0b5c512c","source_kmz":"missouri","orientation":"unverified"}},{"type":"Feature","geometry":{"type":"LineString","coordinates":[[-91.7524823485343,38.9617917053],[-91.747459323733,38.9699252801658],[-91.73690656047611,38.97090259183041]]},"properties":{"segment_id":"3b49e02209859cc2f4b37879","source_kmz":"missouri","orientation":"unverified"}},{"type":"Feature","geometry":{"type":"LineString","coordinates":[[-91.51149475695792,38.9610722407646],[-91.53244735005,38.973083117095],[-91.5441488150633,38.9705566448196],[-91.5547962113331,38.9623643218907],[-91.5593380084104,38.9510051710483],[-91.5563867037117,38.9420570285923]]},"properties":{"segment_id":"6416ed6f5578fc7143852f68","source_kmz":"missouri","orientation":"unverified"}},{"type":"Feature","geometry":{"type":"LineString","coordinates":[[-91.77979074177352,38.949328019499],[-91.7765947174043,38.9561851820777],[-91.767060489935,38.9577355142663]]},"properties":{"segment_id":"e0bc3baf5a9f738a5f6cecda","source_kmz":"missouri","orientation":"unverified"}},{"type":"Feature","geometry":{"type":"LineString","coordinates":[[-91.71254897282111,38.9389828185152],[-91.7187923140977,38.9576857964258],[-91.7160180363536,38.9632165214629]]},"properties":{"segment_id":"6b1826106e36ec0de24cd939","source_kmz":"missouri","orientation":"unverified"}},{"type":"Feature","geometry":{"type":"LineString","coordinates":[[-91.50947074009862,38.93152363723501],[-91.53288598781832,38.9374609550001],[-91.535447964089,38.9413046168138],[-91.5484310131032,38.9463267534658]]},"properties":{"segment_id":"bc03708e6b9bf3a32427b4a1","source_kmz":"missouri","orientation":"unverified"}},{"type":"Feature","geometry":{"type":"LineString","coordinates":[[-91.7397460748564,38.9283996847353],[-91.7566323192435,38.9386242783952],[-91.75915608628621,38.95532200204201],[-91.75357650927602,38.9610254029083]]},"properties":{"segment_id":"0159febe8bafa99fe376137c","source_kmz":"missouri","orientation":"unverified"}},{"type":"Feature","geometry":{"type":"LineString","coordinates":[[-91.4643137464211,38.9154092083223],[-91.4712739132607,38.9159317599266],[-91.48572760115191,38.9309290189148],[-91.503373828886,38.9339821515439],[-91.50947074009862,38.93152363723501]]},"properties":{"segment_id":"e2d35f56d3d51993c1ca9123","source_kmz":"missouri","orientation":"unverified"}},{"type":"Feature","geometry":{"type":"LineString","coordinates":[[-90.2603975507707,38.8676060601703],[-90.2696774388643,38.8696449151207],[-90.27151251036011,38.8640988674285]]},"properties":{"segment_id":"f59c4d52bfd1ad16f8cf6268","source_kmz":"missouri","orientation":"unverified"}},{"type":"Feature","geometry":{"type":"LineString","coordinates":[[-91.5472754247447,38.9194900627137],[-91.5559972846447,38.9198031644321],[-91.5642496063034,38.9163475558743],[-91.56991986573921,38.9208375843973],[-91.56736369280001,38.92262181598661],[-91.57432528401033,38.92313858345671],[-91.5736999348597,38.9276713663163],[-91.5805483877488,38.9300593564687]]},"properties":{"segment_id":"a1519a8430780d211d298c46","source_kmz":"missouri","orientation":"unverified"}},{"type":"Feature","geometry":{"type":"LineString","coordinates":[[-90.2950126933471,38.8675976082878],[-90.2825214869387,38.8619265348458],[-90.2682393084425,38.8612658894007]]},"properties":{"segment_id":"f0902ef87d3f76b6a9a2f0d1","source_kmz":"missouri","orientation":"unverified"}},{"type":"Feature","geometry":{"type":"LineString","coordinates":[[-91.77071104626562,38.9190112148998],[-91.7845444689493,38.9336823721547],[-91.77979074177352,38.949328019499]]},"properties":{"segment_id":"8a204c79d7126eb40289df1f","source_kmz":"missouri","orientation":"unverified"}},{"type":"Feature","geometry":{"type":"LineString","coordinates":[[-91.62135678255801,38.914359558445],[-91.6112721083467,38.9134668929483],[-91.60501869392851,38.9186041149411],[-91.6011392046433,38.9133755185779]]},"properties":{"segment_id":"f097387be8ad5b8200a944b3","source_kmz":"missouri","orientation":"unverified"}},{"type":"Feature","geometry":{"type":"LineString","coordinates":[[-90.2937754768224,38.8476983259327],[-90.2852909057946,38.8489155936608],[-90.2764612819334,38.8589649976109],[-90.2741910527557,38.85671484507861]]},"properties":{"segment_id":"a0df01bdc834bee438eae23e","source_kmz":"missouri","orientation":"unverified"}},{"type":"Feature","geometry":{"type":"LineString","coordinates":[[-90.2068713048888,38.8372242509386],[-90.21819276210971,38.8398990873359],[-90.2211694165683,38.8376248083472]]},"properties":{"segment_id":"77677ec7b4f5c87628263cb6","source_kmz":"missouri","orientation":"unverified"}},{"type":"Feature","geometry":{"type":"LineString","coordinates":[[-90.18349863031942,38.8366638684284],[-90.1920260845942,38.8349192646781],[-90.2068713048888,38.8372242509386]]},"properties":{"segment_id":"117af3ee318c25f526a84c44","source_kmz":"missouri","orientation":"unverified"}},{"type":"Feature","geometry":{"type":"LineString","coordinates":[[-91.526890658567,38.8927643781587],[-91.54680182239932,38.8929458968341],[-91.5639653239191,38.8865950898524],[-91.57553808029002,38.8859372389572]]},"properties":{"segment_id":"b0517997b785e645012260cc","source_kmz":"missouri","orientation":"unverified"}},{"type":"Feature","geometry":{"type":"LineString","coordinates":[[-91.67987296260611,38.8944429576075],[-91.6715351290699,38.8877214806647],[-91.66413196463321,38.8888022323924]]},"properties":{"segment_id":"d2a74d5f36686426e6172094","source_kmz":"missouri","orientation":"unverified"}},{"type":"Feature","geometry":{"type":"LineString","coordinates":[[-90.2095304455421,38.8169691905309],[-90.2048004170284,38.8237196149047],[-90.1974893182255,38.8233768543406]]},"properties":{"segment_id":"af6738b3ec7297fa0d9b53f4","source_kmz":"missouri","orientation":"unverified"}},{"type":"Feature","geometry":{"type":"LineString","coordinates":[[-90.4126735850777,38.8196092750783],[-90.40257571200361,38.823710760594],[-90.37367624203841,38.8223996709496]]},"properties":{"segment_id":"b94215ceeb5062293be23a07","source_kmz":"missouri","orientation":"unverified"}},{"type":"Feature","geometry":{"type":"LineString","coordinates":[[-90.3252390413537,38.8207232420372],[-90.32383135245703,38.8163685352328],[-90.3174042897669,38.813660214393]]},"properties":{"segment_id":"e78ef7b44368190b7006dd63","source_kmz":"missouri","orientation":"unverified"}},{"type":"Feature","geometry":{"type":"LineString","coordinates":[[-91.7022090810143,38.8890574926872],[-91.697516145217,38.8856794078873],[-91.6900006093348,38.8650553420051],[-91.6856108910791,38.8624910910087]]},"properties":{"segment_id":"83e565f6f9f778a94abb3a49","source_kmz":"missouri","orientation":"unverified"}},{"type":"Feature","geometry":{"type":"LineString","coordinates":[[-91.6856108910791,38.8624910910087],[-91.6748988816753,38.8605097918433],[-91.6655804281571,38.8644708868255]]},"properties":{"segment_id":"500ece533321015afcb222f5","source_kmz":"missouri","orientation":"unverified"}},{"type":"Feature","geometry":{"type":"LineString","coordinates":[[-91.47215637737972,38.8905077322352],[-91.4915835175074,38.8815698935783],[-91.4886607286087,38.8779800098211],[-91.4941388607876,38.8741600915755],[-91.4939531909158,38.8602195863404],[-91.50766104665502,38.8532149818664]]},"properties":{"segment_id":"ad4e7ec7c185efb27ad2b285","source_kmz":"missouri","orientation":"unverified"}},{"type":"Feature","geometry":{"type":"LineString","coordinates":[[-91.7119626185187,38.8599233826103],[-91.7000637596318,38.86620898066621],[-91.6856108910791,38.8624910910087]]},"properties":{"segment_id":"f2ffb6b66d1b2b59ef0da46c","source_kmz":"missouri","orientation":"unverified"}},{"type":"Feature","geometry":{"type":"LineString","coordinates":[[-91.7289656282896,38.8856961132756],[-91.7225342268114,38.8643079365058],[-91.7119626185187,38.8599233826103]]},"properties":{"segment_id":"fd2ee444062df6a2cae4e197","source_kmz":"missouri","orientation":"unverified"}},{"type":"Feature","geometry":{"type":"LineString","coordinates":[[-91.5628343455365,38.87074565039921],[-91.57155947469361,38.8651631572468],[-91.577470625435,38.85412071438321]]},"properties":{"segment_id":"7a608ed883a3935525052179","source_kmz":"missouri","orientation":"unverified"}},{"type":"Feature","geometry":{"type":"LineString","coordinates":[[-91.66413196463321,38.8888022323924],[-91.63733066462372,38.8811627085692],[-91.6282572309198,38.8693213803228],[-91.63166768983082,38.8648867783723],[-91.6171166557226,38.8512435204892]]},"properties":{"segment_id":"ec6950382e77dc99c30ecde4","source_kmz":"missouri","orientation":"unverified"}},{"type":"Feature","geometry":{"type":"LineString","coordinates":[[-90.3008623563497,38.7973471859796],[-90.31387966530451,38.8006278056226],[-90.3179816477107,38.8107372764497]]},"properties":{"segment_id":"870d7ef6852569f0a04f3c31","source_kmz":"missouri","orientation":"unverified"}},{"type":"Feature","geometry":{"type":"LineString","coordinates":[[-90.4488968191759,38.8027404864133],[-90.4582346735944,38.8039636109734],[-90.45772655843693,38.8106435821135]]},"properties":{"segment_id":"86072f3e29504408159c7e7a","source_kmz":"missouri","orientation":"unverified"}},{"type":"Feature","geometry":{"type":"LineString","coordinates":[[-90.39109486890112,38.7958424024538],[-90.3972971067616,38.8014859682703],[-90.39665768319962,38.8188847864541],[-90.37367624203841,38.8223996709496]]},"properties":{"segment_id":"8991495f7b8082e76b7d1a29","source_kmz":"missouri","orientation":"unverified"}},{"type":"Feature","geometry":{"type":"LineString","coordinates":[[-90.3263700857534,38.7837729914437],[-90.3305251377254,38.7842317359993],[-90.3392360315037,38.79347914767]]},"properties":{"segment_id":"e5f45dbd27589d667b88dae2","source_kmz":"missouri","orientation":"unverified"}},{"type":"Feature","geometry":{"type":"LineString","coordinates":[[-91.5390917137536,38.8476527367638],[-91.5472823003014,38.8393732486918],[-91.548022889728,38.83296912130221]]},"properties":{"segment_id":"ea4f7f4f931149c028d0c2e3","source_kmz":"missouri","orientation":"unverified"}},{"type":"Feature","geometry":{"type":"LineString","coordinates":[[-90.4155412344087,38.7867604423066],[-90.42385379855241,38.7967877531188],[-90.44299780471931,38.7976495402817]]},"properties":{"segment_id":"4e3de45da262319c035b8e29","source_kmz":"missouri","orientation":"unverified"}},{"type":"Feature","geometry":{"type":"LineString","coordinates":[[-91.6327340077771,38.8354512200828],[-91.618537441217,38.8392365285979],[-91.6069018246611,38.8468623511091]]},"properties":{"segment_id":"78d98e06b793fc68c065491d","source_kmz":"missouri","orientation":"unverified"}},{"type":"Feature","geometry":{"type":"LineString","coordinates":[[-91.41250162908611,38.8609798801662],[-91.4143503890086,38.8538132543083],[-91.4096615128412,38.8450645214732],[-91.4210113959419,38.8256554385128]]},"properties":{"segment_id":"d4bb7078d5cd1c7df865fcf3","source_kmz":"missouri","orientation":"unverified"}},{"type":"Feature","geometry":{"type":"LineString","coordinates":[[-91.6879543921322,38.8347079241029],[-91.6847230831453,38.8420973766796],[-91.6723976952672,38.8438105617881],[-91.6701158170882,38.84694596472221],[-91.6639852223479,38.8443199875243],[-91.65761602768201,38.8457043401748],[-91.65728132528693,38.8513192278296],[-91.6515127683621,38.8543319741865]]},"properties":{"segment_id":"ccdc29af4cccedbbdc1de8fb","source_kmz":"missouri","orientation":"unverified"}},{"type":"Feature","geometry":{"type":"LineString","coordinates":[[-90.431488070998,38.7837260974803],[-90.44383485132892,38.7912524741132],[-90.44299780471931,38.7976495402817]]},"properties":{"segment_id":"0718df8c04e16bc7c94c46f7","source_kmz":"missouri","orientation":"unverified"}},{"type":"Feature","geometry":{"type":"LineString","coordinates":[[-91.5897654797846,38.82990851077431],[-91.58901240139751,38.8365802514264],[-91.5795547312891,38.8370466821619]]},"properties":{"segment_id":"0899cf138758007040fe2bbe","source_kmz":"missouri","orientation":"unverified"}},{"type":"Feature","geometry":{"type":"LineString","coordinates":[[-91.3554080072779,38.8467923179286],[-91.36119719375701,38.838166260245],[-91.3607817210847,38.8282356578833],[-91.3692367906532,38.821585046758]]},"properties":{"segment_id":"eddea8df92f85b80c78c815b","source_kmz":"missouri","orientation":"unverified"}},{"type":"Feature","geometry":{"type":"LineString","coordinates":[[-90.3469887197621,38.7790868205801],[-90.34264720694131,38.7810332403124],[-90.3434792243182,38.7883107707084],[-90.3392360315037,38.79347914767]]},"properties":{"segment_id":"59b811ab1b183f1f9b939c13","source_kmz":"missouri","orientation":"unverified"}},{"type":"Feature","geometry":{"type":"LineString","coordinates":[[-91.3841782999644,38.8392934040839],[-91.38215317436472,38.8271591768471],[-91.3903254434433,38.8194247727717]]},"properties":{"segment_id":"efb4cb628a914f696996f457","source_kmz":"missouri","orientation":"unverified"}},{"type":"Feature","geometry":{"type":"LineString","coordinates":[[-91.3969850973083,38.8577242804277],[-91.38921224991591,38.8480560769756],[-91.3938065209955,38.8361684887156],[-91.3903254434433,38.8194247727717]]},"properties":{"segment_id":"170fd617a21f784e18098dca","source_kmz":"missouri","orientation":"unverified"}},{"type":"Feature","geometry":{"type":"LineString","coordinates":[[-91.50766104665502,38.8532149818664],[-91.5119069186559,38.8466701325096],[-91.5098389468548,38.8235511269099]]},"properties":{"segment_id":"919d78d780f1310a87a55295","source_kmz":"missouri","orientation":"unverified"}},{"type":"Feature","geometry":{"type":"LineString","coordinates":[[-91.31512473829622,38.8267836068461],[-91.31935199880871,38.820780046978],[-91.3169087295314,38.81532801286571]]},"properties":{"segment_id":"fc5ae27fbdb39717cb8d184e","source_kmz":"missouri","orientation":"unverified"}},{"type":"Feature","geometry":{"type":"LineString","coordinates":[[-91.2877580442701,38.8233326677846],[-91.3022615788766,38.8150407373946],[-91.3169087295314,38.81532801286571]]},"properties":{"segment_id":"aabec91741a25522cca66e4c","source_kmz":"missouri","orientation":"unverified"}},{"type":"Feature","geometry":{"type":"LineString","coordinates":[[-91.3549460450423,38.8156899371517],[-91.3629239363514,38.8165251256705],[-91.3692367906532,38.821585046758]]},"properties":{"segment_id":"29b2cf538f3abf1bcc35b180","source_kmz":"missouri","orientation":"unverified"}},{"type":"Feature","geometry":{"type":"LineString","coordinates":[[-90.45195309346701,38.7717768649309],[-90.4608809483661,38.7783437270247],[-90.47386152305252,38.7821419124013],[-90.4730307611865,38.7930971485619]]},"properties":{"segment_id":"f62aa70cf1be0de02232fccc","source_kmz":"missouri","orientation":"unverified"}},{"type":"Feature","geometry":{"type":"LineString","coordinates":[[-90.3514623314637,38.7664212378143],[-90.3521708453904,38.7753017825486],[-90.3469887197621,38.7790868205801]]},"properties":{"segment_id":"36685ef63435e12818a9e527","source_kmz":"missouri","orientation":"unverified"}},{"type":"Feature","geometry":{"type":"LineString","coordinates":[[-91.465900750048,38.8618750556646],[-91.47604307467691,38.8560829986004],[-91.47337128639491,38.8484824871921],[-91.48895126706252,38.8225235189376],[-91.48977953617931,38.8147829893857],[-91.48676017794402,38.8127972026957]]},"properties":{"segment_id":"9571844f6e36307b68ce83a9","source_kmz":"missouri","orientation":"unverified"}},{"type":"Feature","geometry":{"type":"LineString","coordinates":[[-91.4210113959419,38.8256554385128],[-91.4130873394673,38.8183948576229],[-91.4126985679437,38.8079297668107]]},"properties":{"segment_id":"852d8b21df64782ad6d0ea81","source_kmz":"missouri","orientation":"unverified"}},{"type":"Feature","geometry":{"type":"LineString","coordinates":[[-91.6658462822416,38.8130369961982],[-91.656676810084,38.8145910191894],[-91.65029144942461,38.8221368365969],[-91.64511302537241,38.8211509110831],[-91.64496612661601,38.8294517457224]]},"properties":{"segment_id":"3affcb29a1ced116fdb001c6","source_kmz":"missouri","orientation":"unverified"}},{"type":"Feature","geometry":{"type":"LineString","coordinates":[[-90.33477308763682,38.7565410270633],[-90.3482153708118,38.7587652604917],[-90.3514623314637,38.7664212378143]]},"properties":{"segment_id":"2a5ce65b2d540a29dd4f5b9d","source_kmz":"missouri","orientation":"unverified"}},{"type":"Feature","geometry":{"type":"LineString","coordinates":[[-90.3625848638319,38.7535228136357],[-90.3606561559901,38.76040605455491],[-90.3514623314637,38.7664212378143]]},"properties":{"segment_id":"2979a9e534cdb615f37436b0","source_kmz":"missouri","orientation":"unverified"}},{"type":"Feature","geometry":{"type":"LineString","coordinates":[[-91.398132377931,38.7953302733207],[-91.40673767103861,38.797257906481],[-91.4133665400214,38.8028631812466],[-91.42033239978761,38.8031212430317]]},"properties":{"segment_id":"231d98259e2d23a19fbd0a0a","source_kmz":"missouri","orientation":"unverified"}},{"type":"Feature","geometry":{"type":"LineString","coordinates":[[-90.427409950467,38.7548541831414],[-90.4335105850908,38.7663898398607],[-90.44122611332993,38.7659327265464],[-90.45195309346701,38.7717768649309]]},"properties":{"segment_id":"320c75e75b3bbf5e9dc95884","source_kmz":"missouri","orientation":"unverified"}},{"type":"Feature","geometry":{"type":"LineString","coordinates":[[-91.3169087295314,38.81532801286571],[-91.3166024848453,38.80379331345601],[-91.32314078000061,38.7943934551522],[-91.31951617759522,38.79104061555211]]},"properties":{"segment_id":"ade87208fec85e8ec5373ea2","source_kmz":"missouri","orientation":"unverified"}},{"type":"Feature","geometry":{"type":"LineString","coordinates":[[-91.2565608956219,38.7982897887591],[-91.2628790534836,38.7816487734106],[-91.269806373082,38.7770901946928]]},"properties":{"segment_id":"0e9eb3ef061b4e23021426c1","source_kmz":"missouri","orientation":"unverified"}},{"type":"Feature","geometry":{"type":"LineString","coordinates":[[-91.2087379571402,38.8141342703521],[-91.2028664534971,38.7919311544057],[-91.2060564085711,38.78589096714521],[-91.2214332556756,38.7749623990859]]},"properties":{"segment_id":"62fadf9d44bd6c0c3ae3acd9","source_kmz":"missouri","orientation":"unverified"}},{"type":"Feature","geometry":{"type":"LineString","coordinates":[[-91.638971406781,38.7895861382206],[-91.6132964681703,38.7870706609502],[-91.60733786649944,38.7932897503071],[-91.59520565146632,38.7976812895856]]},"properties":{"segment_id":"5579d2cc771f38aa8f263ac7","source_kmz":"missouri","orientation":"unverified"}},{"type":"Feature","geometry":{"type":"LineString","coordinates":[[-91.1288992317465,38.7756398605633],[-91.1176622714073,38.7714445993945],[-91.11019406865101,38.763109255956]]},"properties":{"segment_id":"9f9ac68e95a10c8af58b7798","source_kmz":"missouri","orientation":"unverified"}},{"type":"Feature","geometry":{"type":"LineString","coordinates":[[-91.0585371321402,38.7838366191056],[-91.05894990662802,38.77259647010181],[-91.050223138169,38.7623308249483],[-91.0542291982427,38.7547187020025]]},"properties":{"segment_id":"cadbbae346881dd453212176","source_kmz":"missouri","orientation":"unverified"}},{"type":"Feature","geometry":{"type":"LineString","coordinates":[[-91.0072146560462,38.758457177771],[-91.0378941628878,38.7588883883217],[-91.0542291982427,38.7547187020025]]},"properties":{"segment_id":"8f3cbdee6ea42672836afabc","source_kmz":"missouri","orientation":"unverified"}},{"type":"Feature","geometry":{"type":"LineString","coordinates":[[-90.4571062856909,38.7269658313729],[-90.4681222614739,38.7427416481659],[-90.46436610709101,38.755442579346],[-90.4547319344297,38.7627858403174],[-90.45195309346701,38.7717768649309]]},"properties":{"segment_id":"6179a4f87ccbc73ddfccac53","source_kmz":"missouri","orientation":"unverified"}},{"type":"Feature","geometry":{"type":"LineString","coordinates":[[-91.31951617759522,38.79104061555211],[-91.31628693443041,38.7815391214003],[-91.33142384305211,38.774072162492],[-91.3378846851836,38.7767276890783],[-91.3454007277313,38.7737951174786],[-91.35495579927141,38.7607557553107]]},"properties":{"segment_id":"742883eb1c321cc37ba0fdc6","source_kmz":"missouri","orientation":"unverified"}},{"type":"Feature","geometry":{"type":"LineString","coordinates":[[-91.578464936457,38.7686821153518],[-91.56882105132621,38.7723560825618],[-91.5574963735011,38.7864188594359],[-91.5567142718623,38.7992521885844]]},"properties":{"segment_id":"6e42140fac266a0edf9c1ecf","source_kmz":"missouri","orientation":"unverified"}},{"type":"Feature","geometry":{"type":"LineString","coordinates":[[-91.5926748533296,38.7702611363578],[-91.58690164270122,38.7676437727672],[-91.578464936457,38.7686821153518]]},"properties":{"segment_id":"46d40ede9fcf817089dbbd3e","source_kmz":"missouri","orientation":"unverified"}},{"type":"Feature","geometry":{"type":"LineString","coordinates":[[-90.5589924236946,38.7269373566554],[-90.54587738154703,38.7250185971655],[-90.52500601133372,38.7334787840071]]},"properties":{"segment_id":"e0480d1e8656977c37411b0e","source_kmz":"missouri","orientation":"unverified"}},{"type":"Feature","geometry":{"type":"LineString","coordinates":[[-91.11325734977841,38.7538501322311],[-91.1077716518238,38.7472009725412],[-91.1018561751217,38.7469666997425]]},"properties":{"segment_id":"d97b28b0b2e2b7c661236d17","source_kmz":"missouri","orientation":"unverified"}},{"type":"Feature","geometry":{"type":"LineString","coordinates":[[-90.360794121402,38.7134906278499],[-90.38340254092431,38.7370428641588],[-90.3805129402787,38.7473681886535],[-90.3625848638319,38.7535228136357]]},"properties":{"segment_id":"7a728f138c0e9d9086db193e","source_kmz":"missouri","orientation":"unverified"}},{"type":"Feature","geometry":{"type":"LineString","coordinates":[[-91.2214332556756,38.7749623990859],[-91.2267445060033,38.768467757096],[-91.22514606662591,38.7609022927627],[-91.2351886476183,38.7567339163357],[-91.2384267443154,38.7498909652154]]},"properties":{"segment_id":"a810bc381f9f7d8b8a380611","source_kmz":"missouri","orientation":"unverified"}},{"type":"Feature","geometry":{"type":"LineString","coordinates":[[-91.0727697958609,38.77984828423551],[-91.0714761625666,38.7680041448104],[-91.08164918957381,38.7568847447129],[-91.0833003290194,38.7427458381887]]},"properties":{"segment_id":"8cc996f453592856d9e460f0","source_kmz":"missouri","orientation":"unverified"}},{"type":"Feature","geometry":{"type":"LineString","coordinates":[[-91.0542291982427,38.7547187020025],[-91.06500846720722,38.7449649767313],[-91.0711271150466,38.7473532269605],[-91.0731738857902,38.7428786156112],[-91.0833003290194,38.7427458381887]]},"properties":{"segment_id":"97033f236e3faf239b34c224","source_kmz":"missouri","orientation":"unverified"}},{"type":"Feature","geometry":{"type":"LineString","coordinates":[[-91.598452895537,38.7554622803838],[-91.5877512492151,38.7593679031889],[-91.578464936457,38.7686821153518]]},"properties":{"segment_id":"7a5ce6652b94cdc0cb402108","source_kmz":"missouri","orientation":"unverified"}},{"type":"Feature","geometry":{"type":"LineString","coordinates":[[-91.1018561751217,38.7469666997425],[-91.1007336251202,38.7429020843529],[-91.1051422064779,38.7395926554386],[-91.0982194854326,38.7387822707249],[-91.09106875821492,38.7309941860815]]},"properties":{"segment_id":"35993bd198a67bc89230cd54","source_kmz":"missouri","orientation":"unverified"}},{"type":"Feature","geometry":{"type":"LineString","coordinates":[[-91.1666502115231,38.7642572166297],[-91.16607306827942,38.7519066863027],[-91.1734223454873,38.7462978988651],[-91.17303293612652,38.7363667697231],[-91.1687045810304,38.733249662061]]},"properties":{"segment_id":"362be336cd02f4e7ade4fcbd","source_kmz":"missouri","orientation":"unverified"}},{"type":"Feature","geometry":{"type":"LineString","coordinates":[[-91.269806373082,38.7770901946928],[-91.2701358639539,38.77201108491751],[-91.2803677239848,38.7648985025874],[-91.28488807458122,38.754351669377],[-91.29367225722271,38.74798686113821],[-91.291753866669,38.7398743735465],[-91.29528213400603,38.7338451703363]]},"properties":{"segment_id":"806e5e4ba851a808fe764186","source_kmz":"missouri","orientation":"unverified"}},{"type":"Feature","geometry":{"type":"LineString","coordinates":[[-90.5534253035293,38.7033680514802],[-90.5492701022061,38.7122998826106],[-90.53524984475752,38.7178465773835],[-90.53305798118171,38.72847340948401]]},"properties":{"segment_id":"1205eb5483eec3afebc07614","source_kmz":"missouri","orientation":"unverified"}},{"type":"Feature","geometry":{"type":"LineString","coordinates":[[-91.12486828927811,38.7315281642001],[-91.1099625103537,38.7301352199473],[-91.1084739768066,38.7263242109358],[-91.10238075298871,38.728762938823],[-91.0889574225471,38.72608612167301]]},"properties":{"segment_id":"07b6dc412d1a45dec3555a70","source_kmz":"missouri","orientation":"unverified"}},{"type":"Feature","geometry":{"type":"LineString","coordinates":[[-90.4193449278864,38.6914834486386],[-90.43484639229422,38.7077335051249],[-90.43879693954311,38.7199764317905],[-90.4465519980077,38.7281004967586]]},"properties":{"segment_id":"d7598248c3c96dbf0230cc6c","source_kmz":"missouri","orientation":"unverified"}},{"type":"Feature","geometry":{"type":"LineString","coordinates":[[-91.2384267443154,38.7498909652154],[-91.23517369703042,38.7462817581013],[-91.2404982138356,38.7448789585263],[-91.2419780935404,38.7382362295559],[-91.2600011896466,38.729281259881],[-91.2744735120424,38.726619696334],[-91.278736790989,38.7308023867196],[-91.28922634653681,38.73039872213791],[-91.29528213400603,38.7338451703363]]},"properties":{"segment_id":"a3d3a9db48260242ba5a98c2","source_kmz":"missouri","orientation":"unverified"}},{"type":"Feature","geometry":{"type":"LineString","coordinates":[[-90.46722306392832,38.6855948082075],[-90.4863226278098,38.6912750211079],[-90.4979741431646,38.6893818230818]]},"properties":{"segment_id":"e60b31547bfa64641e74c6fc","source_kmz":"missouri","orientation":"unverified"}},{"type":"Feature","geometry":{"type":"LineString","coordinates":[[-91.0589068870714,38.7165797096221],[-91.06401137523451,38.7132995709311],[-91.0640794294446,38.7071379883102],[-91.08626506405842,38.7090944591146]]},"properties":{"segment_id":"5c631e25d43e3d2c9bc89b67","source_kmz":"missouri","orientation":"unverified"}},{"type":"Feature","geometry":{"type":"LineString","coordinates":[[-90.5846841480231,38.7004531957135],[-90.57939977576481,38.6964681489791],[-90.5768767700749,38.6834891692906],[-90.5473545387837,38.6819208708762]]},"properties":{"segment_id":"9e8b52681bb059d016b1fe0b","source_kmz":"missouri","orientation":"unverified"}},{"type":"Feature","geometry":{"type":"LineString","coordinates":[[-91.0102130405154,38.7044379043962],[-91.0034411092014,38.7014839562228],[-91.0053627001007,38.6988814538554]]},"properties":{"segment_id":"9613b9047342119d67792e1d","source_kmz":"missouri","orientation":"unverified"}},{"type":"Feature","geometry":{"type":"LineString","coordinates":[[-90.99679756491912,38.701751090371],[-90.9983716789516,38.6991346116255],[-91.0053627001007,38.6988814538554]]},"properties":{"segment_id":"44e9b985c99529710c9eb47e","source_kmz":"missouri","orientation":"unverified"}},{"type":"Feature","geometry":{"type":"LineString","coordinates":[[-91.3254967499353,38.7304360374646],[-91.32232767741951,38.7091459936843],[-91.31780591616392,38.708974715497]]},"properties":{"segment_id":"a3e526db55c7ab6c61492075","source_kmz":"missouri","orientation":"unverified"}},{"type":"Feature","geometry":{"type":"LineString","coordinates":[[-90.49235367203133,38.671436569877],[-90.49197058384841,38.6765134020178],[-90.4868027117426,38.68030426236],[-90.4979741431646,38.6893818230818]]},"properties":{"segment_id":"a3250726b1b02b8f96cf26bf","source_kmz":"missouri","orientation":"unverified"}},{"type":"Feature","geometry":{"type":"LineString","coordinates":[[-91.5068116675916,38.7197436580089],[-91.5110169669447,38.7137336233062],[-91.50544872884461,38.7079042342483]]},"properties":{"segment_id":"1dacb8f5ed542616ab2d9875","source_kmz":"missouri","orientation":"unverified"}},{"type":"Feature","geometry":{"type":"LineString","coordinates":[[-91.5557278511142,38.7295508598689],[-91.5436256737612,38.7221484813582],[-91.5415332052814,38.7164461288587],[-91.5315914289161,38.7136754989388],[-91.5300976197428,38.7096022503778],[-91.515040857761,38.7106643385295],[-91.5097545838138,38.70591718539831]]},"properties":{"segment_id":"a1c1574846fcc604d292ea99","source_kmz":"missouri","orientation":"unverified"}},{"type":"Feature","geometry":{"type":"LineString","coordinates":[[-91.1687045810304,38.733249662061],[-91.163075534313,38.7129295536751],[-91.1629114646806,38.7048831680653],[-91.1673149334552,38.7015715330496],[-91.1581874250615,38.6867421615812]]},"properties":{"segment_id":"1f986d362fe4b80c22ad868e","source_kmz":"missouri","orientation":"unverified"}},{"type":"Feature","geometry":{"type":"LineString","coordinates":[[-91.1773118301993,38.7033021990904],[-91.17576732452281,38.7002939287969],[-91.18038174632811,38.6937741495271],[-91.1725312865919,38.6859636628755]]},"properties":{"segment_id":"12964de5a23505d961dd3815","source_kmz":"missouri","orientation":"unverified"}},{"type":"Feature","geometry":{"type":"LineString","coordinates":[[-91.13626607372862,38.6966009155163],[-91.14322879511352,38.6915148529017],[-91.13856501628022,38.6830233181279]]},"properties":{"segment_id":"5323e422252f928a3831b760","source_kmz":"missouri","orientation":"unverified"}},{"type":"Feature","geometry":{"type":"LineString","coordinates":[[-91.1863909772727,38.6819487026799],[-91.17802917586071,38.6818904980895],[-91.1725312865919,38.6859636628755]]},"properties":{"segment_id":"2e21eff8ee6dcf69216b2632","source_kmz":"missouri","orientation":"unverified"}},{"type":"Feature","geometry":{"type":"LineString","coordinates":[[-90.7801411035826,38.6836708616752],[-90.773884255187,38.6834062148321],[-90.76872204112061,38.6727333982494],[-90.7551465743721,38.6676004408328],[-90.7583296971274,38.6621064002641]]},"properties":{"segment_id":"571d46a5f6e4680fe917767d","source_kmz":"missouri","orientation":"unverified"}},{"type":"Feature","geometry":{"type":"LineString","coordinates":[[-90.7427716869384,38.67002275690001],[-90.7416510499312,38.6662221744648],[-90.74493256375672,38.6642174184007],[-90.7583296971274,38.6621064002641]]},"properties":{"segment_id":"382c6354eca349777bcafb81","source_kmz":"missouri","orientation":"unverified"}},{"type":"Feature","geometry":{"type":"LineString","coordinates":[[-91.5322868475993,38.6909250988471],[-91.5158129082243,38.6980987179301],[-91.5097545838138,38.70591718539831]]},"properties":{"segment_id":"6a66c1e09370fe1d5ecbc692","source_kmz":"missouri","orientation":"unverified"}},{"type":"Feature","geometry":{"type":"LineString","coordinates":[[-91.5819877523012,38.7162914271144],[-91.5646737369979,38.7143314809448],[-91.55568164394131,38.7016829452035],[-91.54104005319171,38.7016912745246],[-91.5387476227644,38.69357011725171],[-91.5322868475993,38.6909250988471]]},"properties":{"segment_id":"ffa690f9e82beb08e67ded29","source_kmz":"missouri","orientation":"unverified"}},{"type":"Feature","geometry":{"type":"LineString","coordinates":[[-90.4695449864619,38.6457512119374],[-90.4713695820906,38.6538760980943],[-90.49235367203133,38.671436569877]]},"properties":{"segment_id":"0e689957bdcb97111e7b5b32","source_kmz":"missouri","orientation":"unverified"}},{"type":"Feature","geometry":{"type":"LineString","coordinates":[[-91.5840263559124,38.6941252060308],[-91.5684240341673,38.6927626639472],[-91.55918627034131,38.6956462536188],[-91.55023557694382,38.688089662282],[-91.5322868475993,38.6909250988471]]},"properties":{"segment_id":"2443ab0662a1a354368e9307","source_kmz":"missouri","orientation":"unverified"}},{"type":"Feature","geometry":{"type":"LineString","coordinates":[[-91.0053627001007,38.6988814538554],[-91.01335957881311,38.6941121687352],[-91.0181908971064,38.69484317133781],[-91.0130111720091,38.6890057158238],[-91.0181157936806,38.6857274778624],[-91.0171985316621,38.6736295947334],[-91.02074623724461,38.6676082737976]]},"properties":{"segment_id":"b9b3f85f71579839303dd8e4","source_kmz":"missouri","orientation":"unverified"}},{"type":"Feature","geometry":{"type":"LineString","coordinates":[[-90.7583296971274,38.6621064002641],[-90.75693765453342,38.6572222273551],[-90.7515509823276,38.6545807730811]]},"properties":{"segment_id":"080a6706ce6c4b5f04f451c0","source_kmz":"missouri","orientation":"unverified"}},{"type":"Feature","geometry":{"type":"LineString","coordinates":[[-90.8717804321738,38.659634149344],[-90.8661827414984,38.6599375679174],[-90.8620224657457,38.6546716766751]]},"properties":{"segment_id":"52324213a564a82efb063e79","source_kmz":"missouri","orientation":"unverified"}},{"type":"Feature","geometry":{"type":"LineString","coordinates":[[-91.50391358669032,38.6762301401744],[-91.492539561161,38.6798348345882],[-91.4905377360408,38.68967601753881],[-91.4940331334759,38.6951626227636]]},"properties":{"segment_id":"2a5a67141819485171cc1260","source_kmz":"missouri","orientation":"unverified"}},{"type":"Feature","geometry":{"type":"LineString","coordinates":[[-90.9117760631636,38.6508357642423],[-90.8905912848543,38.6547853431081],[-90.8863197318753,38.6610413930547],[-90.87344291525893,38.66077536370131]]},"properties":{"segment_id":"35adc53cb47c1b92e44b255c","source_kmz":"missouri","orientation":"unverified"}},{"type":"Feature","geometry":{"type":"LineString","coordinates":[[-91.4697568747112,38.6706946491584],[-91.4652195636696,38.6764231510007],[-91.4528504111649,38.6791838486634],[-91.44841125216442,38.6833076666226],[-91.4410336679278,38.7009888693745],[-91.4252609471281,38.7079087481036]]},"properties":{"segment_id":"ac664928c24deb614090b3eb","source_kmz":"missouri","orientation":"unverified"}},{"type":"Feature","geometry":{"type":"LineString","coordinates":[[-91.23299369246271,38.6995676168234],[-91.2403168908409,38.6835027656034],[-91.2362876687506,38.6651242548044],[-91.24240666924001,38.6567846066453]]},"properties":{"segment_id":"ce87828698a0e046fedc04b3","source_kmz":"missouri","orientation":"unverified"}},{"type":"Feature","geometry":{"type":"LineString","coordinates":[[-91.4823058867552,38.6649914265082],[-91.47929301751601,38.6686325197949],[-91.4697568747112,38.6706946491584]]},"properties":{"segment_id":"b7990bc6ade27b02c629f623","source_kmz":"missouri","orientation":"unverified"}},{"type":"Feature","geometry":{"type":"LineString","coordinates":[[-90.5493800783358,38.6267834254344],[-90.5387247338518,38.6434701834075],[-90.5238350377708,38.6468317687882],[-90.50572810657751,38.6605042858541]]},"properties":{"segment_id":"603a4a8700bd6f9167b10876","source_kmz":"missouri","orientation":"unverified"}},{"type":"Feature","geometry":{"type":"LineString","coordinates":[[-90.9797700950766,38.6654128919174],[-90.99733121764471,38.6634454868397],[-91.0145778987234,38.6456497761575]]},"properties":{"segment_id":"3af1d22535d91171f7019c65","source_kmz":"missouri","orientation":"unverified"}},{"type":"Feature","geometry":{"type":"LineString","coordinates":[[-90.99338252482093,38.64479185587861],[-91.0008255970818,38.6429493725475],[-91.0145778987234,38.6456497761575]]},"properties":{"segment_id":"a2da8a5a301b959c4cd68469","source_kmz":"missouri","orientation":"unverified"}},{"type":"Feature","geometry":{"type":"LineString","coordinates":[[-91.3457208758839,38.6703694891797],[-91.33295524000941,38.6792667791868],[-91.3287829896121,38.679109041182],[-91.29445052653952,38.6493998648738]]},"properties":{"segment_id":"7efc6d0eb9edbb34fb79a79e","source_kmz":"missouri","orientation":"unverified"}},{"type":"Feature","geometry":{"type":"LineString","coordinates":[[-91.4517507856323,38.6520796215741],[-91.4667448823883,38.6630813572079],[-91.4697568747112,38.6706946491584]]},"properties":{"segment_id":"50a78acf4ca73e6456f97587","source_kmz":"missouri","orientation":"unverified"}},{"type":"Feature","geometry":{"type":"LineString","coordinates":[[-90.94367232953931,38.6280237607189],[-90.94438149746581,38.6328773519364],[-90.934862679546,38.64454842648]]},"properties":{"segment_id":"8fc49700e554ff97ba0ddcc4","source_kmz":"missouri","orientation":"unverified"}},{"type":"Feature","geometry":{"type":"LineString","coordinates":[[-91.1565229087434,38.6435290639638],[-91.15856154534642,38.6390530705993],[-91.1525732744628,38.634798044714]]},"properties":{"segment_id":"e314f1d540438db50bed29c2","source_kmz":"missouri","orientation":"unverified"}},{"type":"Feature","geometry":{"type":"LineString","coordinates":[[-91.1735556511783,38.638836318368],[-91.1661944321837,38.6342602905905],[-91.1525732744628,38.634798044714]]},"properties":{"segment_id":"d273eee5c9154621801c9911","source_kmz":"missouri","orientation":"unverified"}},{"type":"Feature","geometry":{"type":"LineString","coordinates":[[-90.7839110277716,38.6162804476614],[-90.77041118910262,38.6248228427008],[-90.7543961329633,38.6246791233106]]},"properties":{"segment_id":"f8c50d9d3e192c6ed942aca0","source_kmz":"missouri","orientation":"unverified"}},{"type":"Feature","geometry":{"type":"LineString","coordinates":[[-90.8373493397496,38.6142394514919],[-90.83104150222682,38.6147794651195],[-90.8240265430055,38.6203824045143],[-90.82577629770661,38.6301055129928]]},"properties":{"segment_id":"31ce5ffed3e6e0880b7bc6f5","source_kmz":"missouri","orientation":"unverified"}},{"type":"Feature","geometry":{"type":"LineString","coordinates":[[-90.8850597032388,38.6143504505863],[-90.8741819427563,38.6254247100949],[-90.8640150222038,38.6263421481141],[-90.8478082121591,38.6388006657392]]},"properties":{"segment_id":"88221a1914c738ee47bb98d8","source_kmz":"missouri","orientation":"unverified"}},{"type":"Feature","geometry":{"type":"LineString","coordinates":[[-90.615686444513,38.59698902126],[-90.61830468146941,38.6134561792653],[-90.6147388701049,38.6240237902761],[-90.6216187299344,38.6299535729176]]},"properties":{"segment_id":"2eb8e66ce40bc5d88d8d64d3","source_kmz":"missouri","orientation":"unverified"}},{"type":"Feature","geometry":{"type":"LineString","coordinates":[[-90.65441741174122,38.5959930765264],[-90.66650573671411,38.60214595155],[-90.6752373686584,38.6113695543236],[-90.67426337172041,38.6247310680467],[-90.6634302697667,38.6347178222132],[-90.63945223628112,38.6433292574918],[-90.61848977803882,38.6582336629112],[-90.6215312090774,38.6642639903584]]},"properties":{"segment_id":"819fe93e59fa639d88d0fb8d","source_kmz":"missouri","orientation":"unverified"}},{"type":"Feature","geometry":{"type":"LineString","coordinates":[[-91.0650757571945,38.6305262732168],[-91.05569213714492,38.6250584247728],[-91.0605072721653,38.6105105860822],[-91.0522442386228,38.6091074279961]]},"properties":{"segment_id":"d030b9db2d90bd1b3cfd62a3","source_kmz":"missouri","orientation":"unverified"}},{"type":"Feature","geometry":{"type":"LineString","coordinates":[[-91.43443884519651,38.6225009817343],[-91.4245224111453,38.630708473506],[-91.41043883039481,38.63313316073861],[-91.3982417511036,38.6498287564432],[-91.39102066891161,38.6538468323554],[-91.3909127386642,38.6610778836626]]},"properties":{"segment_id":"6a98dbd8c2f63e48d61927d1","source_kmz":"missouri","orientation":"unverified"}},{"type":"Feature","geometry":{"type":"LineString","coordinates":[[-91.08077948333522,38.6456257616483],[-91.0807146276286,38.63624284020801],[-91.0916648500935,38.6339987358943],[-91.0933345793843,38.60914042877071],[-91.0781250465276,38.6074625486913]]},"properties":{"segment_id":"04dc39a44ff31ccb633e9653","source_kmz":"missouri","orientation":"unverified"}},{"type":"Feature","geometry":{"type":"LineString","coordinates":[[-90.8114248817725,38.6016257152478],[-90.8023351236655,38.5972222541283],[-90.79602849558563,38.5977604789315],[-90.7898128238051,38.5921370108082],[-90.7787034244587,38.5916671814792]]},"properties":{"segment_id":"a61055f64d35991349530904","source_kmz":"missouri","orientation":"unverified"}},{"type":"Feature","geometry":{"type":"LineString","coordinates":[[-91.1525732744628,38.634798044714],[-91.1288673256162,38.6298446371679],[-91.12045944233772,38.6201323505691],[-91.11893049811022,38.6013116183778],[-91.1036503743907,38.6007060717558]]},"properties":{"segment_id":"6979ddb099fffa685b8cc5f8","source_kmz":"missouri","orientation":"unverified"}},{"type":"Feature","geometry":{"type":"LineString","coordinates":[[-90.71068281653801,38.5788501678305],[-90.7217314000157,38.5897780907145],[-90.7153468366611,38.59620627509731],[-90.714996098504,38.6203170685788],[-90.7005390948145,38.6371212846807],[-90.7024085292294,38.6449754970726],[-90.71151849780452,38.6442939429432],[-90.70217276784771,38.6578326024948],[-90.6807605254743,38.664685783375],[-90.6730077538565,38.680167731015]]},"properties":{"segment_id":"2099b34b4036700423eb0131","source_kmz":"missouri","orientation":"unverified"}},{"type":"Feature","geometry":{"type":"LineString","coordinates":[[-90.9794923296515,38.618765319343],[-90.9861123888699,38.6085816048793],[-91.0031478819255,38.598819976253],[-91.0107872948982,38.5991292047037],[-91.02684842492201,38.5882530446645],[-91.02733939201511,38.5810363844108]]},"properties":{"segment_id":"7219ce8bd31a0cfb1a106dac","source_kmz":"missouri","orientation":"unverified"}},{"type":"Feature","geometry":{"type":"LineString","coordinates":[[-91.33159107727292,38.5915877676937],[-91.33796310996341,38.6062992761067],[-91.3354524985979,38.6129037089002]]},"properties":{"segment_id":"b5e5fb1897608de3d5af5202","source_kmz":"missouri","orientation":"unverified"}},{"type":"Feature","geometry":{"type":"LineString","coordinates":[[-90.7280178755396,38.5653852528117],[-90.73480456190362,38.5678197780667],[-90.7380642333471,38.5757327082437],[-90.7534529201577,38.5796051699768],[-90.76029697018491,38.5764114380041],[-90.7698081189804,38.5845888648412]]},"properties":{"segment_id":"b873ee5cf0aafa2b0de61208","source_kmz":"missouri","orientation":"unverified"}},{"type":"Feature","geometry":{"type":"LineString","coordinates":[[-91.3575611510551,38.5882803637674],[-91.3538336893573,38.592159572844],[-91.3584409667524,38.5963525645877],[-91.3562968610302,38.602703154355],[-91.3636837418537,38.6070005067449]]},"properties":{"segment_id":"bd07efda6e490165e3bdd38a","source_kmz":"missouri","orientation":"unverified"}},{"type":"Feature","geometry":{"type":"LineString","coordinates":[[-91.26509326108481,38.6024522451742],[-91.2539618964826,38.5969328165427],[-91.24496844582661,38.5853310878986],[-91.2343090651261,38.583311758276]]},"properties":{"segment_id":"752ffb458fa440fce15ceeaf","source_kmz":"missouri","orientation":"unverified"}},{"type":"Feature","geometry":{"type":"LineString","coordinates":[[-90.867273147551,38.5750138350302],[-90.86574410358081,38.5720017252088],[-90.85106404423142,38.5679050000857],[-90.8329741510795,38.5776019924135],[-90.8250474040235,38.576465435642]]},"properties":{"segment_id":"337872457c8baeca4cf72b1a","source_kmz":"missouri","orientation":"unverified"}},{"type":"Feature","geometry":{"type":"LineString","coordinates":[[-90.7891315292915,38.5626224102496],[-90.7766519211335,38.5813942256115],[-90.7698081189804,38.5845888648412]]},"properties":{"segment_id":"ea4913c69946f7bf6baac63d","source_kmz":"missouri","orientation":"unverified"}},{"type":"Feature","geometry":{"type":"LineString","coordinates":[[-91.43081910735492,38.59128366464141],[-91.4116900207119,38.5854823447342],[-91.4050249541007,38.586306086429],[-91.3969918910999,38.597797007892],[-91.3883259848648,38.5972053979905],[-91.3791701078533,38.6043658631632],[-91.3715199102842,38.5987197434347],[-91.3636837418537,38.6070005067449]]},"properties":{"segment_id":"d710ac2f705a9e26e8f54b40","source_kmz":"missouri","orientation":"unverified"}},{"type":"Feature","geometry":{"type":"LineString","coordinates":[[-91.1257534485042,38.572101117894],[-91.1271414958072,38.5826080644131],[-91.1229835715918,38.5875357660461],[-91.127968890688,38.5963088662052],[-91.1233653937751,38.5974669713563]]},"properties":{"segment_id":"0f6e0f7defce03654cb70728","source_kmz":"missouri","orientation":"unverified"}},{"type":"Feature","geometry":{"type":"LineString","coordinates":[[-90.92664336528422,38.5822954099837],[-90.9219559978537,38.5745975707408],[-90.911833944922,38.57498440703701],[-90.9059211533348,38.5699156483738],[-90.90578567751061,38.5618690027522],[-90.8953742279922,38.5614383518391]]},"properties":{"segment_id":"2d9238925a176bdbd9fefb58","source_kmz":"missouri","orientation":"unverified"}},{"type":"Feature","geometry":{"type":"LineString","coordinates":[[-90.82138076319632,38.5594244833234],[-90.8184909542094,38.560911343142],[-90.80797985080541,38.5569844547805],[-90.80062163314233,38.5625714388494],[-90.7898065461351,38.5629189929785]]},"properties":{"segment_id":"0a5404f9688fc6f46262cbec","source_kmz":"missouri","orientation":"unverified"}},{"type":"Feature","geometry":{"type":"LineString","coordinates":[[-90.89678146986192,38.5861559567684],[-90.89556453996,38.5686832168582],[-90.8837160566043,38.5639035049813],[-90.8805823559836,38.5589487222245]]},"properties":{"segment_id":"e30ad856162c7ddcc4668db5","source_kmz":"missouri","orientation":"unverified"}},{"type":"Feature","geometry":{"type":"LineString","coordinates":[[-90.94798290811151,38.5606570550534],[-90.93556314171971,38.5590753610766],[-90.92770574414652,38.5619687040879],[-90.9234538340153,38.5580412444938],[-90.8953742279922,38.5614383518391]]},"properties":{"segment_id":"cb674379b4adbe3ad230506c","source_kmz":"missouri","orientation":"unverified"}},{"type":"Feature","geometry":{"type":"LineString","coordinates":[[-90.8805823559836,38.5589487222245],[-90.880459881237,38.5557271712702],[-90.87426981500701,38.5546658221626]]},"properties":{"segment_id":"337ec1fd53d3b87ba5640b78","source_kmz":"missouri","orientation":"unverified"}},{"type":"Feature","geometry":{"type":"LineString","coordinates":[[-91.2002452669025,38.5613554441817],[-91.20188939801112,38.5681192224679],[-91.1948588617691,38.5691854150998],[-91.1917477502714,38.5741560074721],[-91.199588264519,38.5819652356155]]},"properties":{"segment_id":"1041847910c2209987a83bd9","source_kmz":"missouri","orientation":"unverified"}},{"type":"Feature","geometry":{"type":"LineString","coordinates":[[-90.9133899403885,38.5426165195001],[-90.90492577648702,38.5492358221796],[-90.88085280819222,38.5501146771703]]},"properties":{"segment_id":"11a41df52efeeac2ee7c8f5a","source_kmz":"missouri","orientation":"unverified"}},{"type":"Feature","geometry":{"type":"LineString","coordinates":[[-91.3840906995002,38.5595317520114],[-91.37869795592961,38.5622773851359],[-91.3783185873838,38.5737857379887],[-91.3711885419637,38.5764659751688],[-91.3692409606853,38.5852358108546],[-91.3575611510551,38.5882803637674]]},"properties":{"segment_id":"7714287bca8a54832b6c09bd","source_kmz":"missouri","orientation":"unverified"}},{"type":"Feature","geometry":{"type":"LineString","coordinates":[[-91.05716582031961,38.5414975571111],[-91.05558279527672,38.5494744398778],[-91.0595303689566,38.5528488580669]]},"properties":{"segment_id":"ef0fc0f607a2d6d56e2394e8","source_kmz":"missouri","orientation":"unverified"}},{"type":"Feature","geometry":{"type":"LineString","coordinates":[[-91.4586129513758,38.5529204965807],[-91.4174612118125,38.5655997777753],[-91.3985968184501,38.5667730437882],[-91.3840906995002,38.5595317520114]]},"properties":{"segment_id":"1531d80ce2e14752868bfc0a","source_kmz":"missouri","orientation":"unverified"}},{"type":"Feature","geometry":{"type":"LineString","coordinates":[[-90.9595091000708,38.529769709937],[-90.972050870582,38.5345704506433],[-90.9741121113075,38.5400150173952]]},"properties":{"segment_id":"2125d11af852a5c16bdbd17b","source_kmz":"missouri","orientation":"unverified"}},{"type":"Feature","geometry":{"type":"LineString","coordinates":[[-90.78674639566701,38.5228497187391],[-90.7768631421111,38.5248436428767],[-90.7762872781188,38.5280358860475],[-90.7850468566457,38.5418095808294],[-90.7855922204123,38.5488020402374],[-90.7968186170262,38.5573180074324],[-90.7891315292915,38.5626224102496]]},"properties":{"segment_id":"8fae9865463db00447cb493a","source_kmz":"missouri","orientation":"unverified"}},{"type":"Feature","geometry":{"type":"LineString","coordinates":[[-90.8934572384472,38.52410186160701],[-90.8908907095389,38.5309644346021],[-90.8962099423589,38.5394939746315]]},"properties":{"segment_id":"73c62362a7d8291d678fbb1d","source_kmz":"missouri","orientation":"unverified"}},{"type":"Feature","geometry":{"type":"LineString","coordinates":[[-91.349704173583,38.5421614116803],[-91.3364485645157,38.542732529521],[-91.3144790549882,38.5598537825647],[-91.3058526311471,38.5587217351494],[-91.2947998633013,38.5628560697111],[-91.2906115036257,38.5522449968055]]},"properties":{"segment_id":"ca5eace87781677033148afe","source_kmz":"missouri","orientation":"unverified"}},{"type":"Feature","geometry":{"type":"LineString","coordinates":[[-90.8475507629999,38.5189742744766],[-90.8499303518289,38.5247026706711],[-90.8466094433413,38.5323370949983],[-90.8513990666956,38.5384342441962],[-90.8427413107066,38.5477218503539],[-90.8437113192944,38.563577048861]]},"properties":{"segment_id":"fc285c73f641789cc97af2d5","source_kmz":"missouri","orientation":"unverified"}},{"type":"Feature","geometry":{"type":"LineString","coordinates":[[-91.1929821736443,38.5289133758479],[-91.1859152321795,38.5358733548754],[-91.191308785296,38.5384958352365],[-91.1902938792581,38.5486399696433],[-91.1976479937003,38.5532145490793]]},"properties":{"segment_id":"34721058d8065f382c5f7903","source_kmz":"missouri","orientation":"unverified"}},{"type":"Feature","geometry":{"type":"LineString","coordinates":[[-91.21421623853682,38.5286678084819],[-91.21703912381231,38.5386929928781],[-91.1976479937003,38.5532145490793]]},"properties":{"segment_id":"d6f62e07767a4ba27999c63e","source_kmz":"missouri","orientation":"unverified"}},{"type":"Feature","geometry":{"type":"LineString","coordinates":[[-91.1449448071285,38.5294422866397],[-91.13582695686651,38.5357827706898],[-91.1267977077955,38.5198819750658],[-91.1196556081455,38.5174552903847]]},"properties":{"segment_id":"1579d5bd7efbe22d5b16af89","source_kmz":"missouri","orientation":"unverified"}},{"type":"Feature","geometry":{"type":"LineString","coordinates":[[-91.020854446821,38.5126982429387],[-91.0125134569387,38.5228136084802],[-91.0124776816352,38.5284405550688],[-91.00298329309952,38.5350244543636],[-90.9891780090906,38.5384842662025],[-90.98757038593392,38.5416351665024]]},"properties":{"segment_id":"45b3596e8371c25ffb075db3","source_kmz":"missouri","orientation":"unverified"}},{"type":"Feature","geometry":{"type":"LineString","coordinates":[[-91.07388152743201,38.51027358728921],[-91.0831923250446,38.511449532136],[-91.08701933759632,38.5217864922545],[-91.0979296550668,38.5302611872081],[-91.11388891652541,38.5308949538883]]},"properties":{"segment_id":"44ba6e6cc2a33eb7bb2c71e1","source_kmz":"missouri","orientation":"unverified"}},{"type":"Feature","geometry":{"type":"LineString","coordinates":[[-90.8375574296614,38.4979164859069],[-90.83790007956331,38.5078485140276],[-90.8452468660086,38.5121768082635],[-90.8475507629999,38.5189742744766]]},"properties":{"segment_id":"5881565a665c514d29972e98","source_kmz":"missouri","orientation":"unverified"}},{"type":"Feature","geometry":{"type":"LineString","coordinates":[[-90.911805120304,38.4953771468968],[-90.9271570285654,38.5096799690036],[-90.9496075417879,38.5119424859186]]},"properties":{"segment_id":"543eb798703f580e2647fb73","source_kmz":"missouri","orientation":"unverified"}},{"type":"Feature","geometry":{"type":"LineString","coordinates":[[-91.1342150934535,38.5024870275222],[-91.1290838423066,38.5116643121383],[-91.1196556081455,38.5174552903847]]},"properties":{"segment_id":"f842eea24bc8159165dbbad5","source_kmz":"missouri","orientation":"unverified"}},{"type":"Feature","geometry":{"type":"LineString","coordinates":[[-90.8703288509672,38.4917804926687],[-90.86858603222011,38.5067181549821],[-90.85176092319801,38.5135213626554],[-90.8475507629999,38.5189742744766]]},"properties":{"segment_id":"7215362546460ff669cf2760","source_kmz":"missouri","orientation":"unverified"}},{"type":"Feature","geometry":{"type":"LineString","coordinates":[[-91.0106846229075,38.4935254991672],[-91.00185164149121,38.5006719604932],[-90.9709292928429,38.5104024411241],[-90.95955195859672,38.5190503961261],[-90.9595091000708,38.529769709937]]},"properties":{"segment_id":"be3ef7d33449774ff1dc4168","source_kmz":"missouri","orientation":"unverified"}},{"type":"Feature","geometry":{"type":"LineString","coordinates":[[-91.43957314033551,38.5179190522972],[-91.4226233415538,38.5164867529585],[-91.4118451733144,38.505367449291]]},"properties":{"segment_id":"85b73e6f008d80b7207f9b43","source_kmz":"missouri","orientation":"unverified"}},{"type":"Feature","geometry":{"type":"LineString","coordinates":[[-91.4118451733144,38.505367449291],[-91.39925685252902,38.5065058228037],[-91.3810242408092,38.5034119730737],[-91.36860505987292,38.5128605679818],[-91.3530742072201,38.4945898277647],[-91.345485117797,38.4991268024776],[-91.3363761155149,38.4947627360243]]},"properties":{"segment_id":"219184e1e4f44c367f98b03e","source_kmz":"missouri","orientation":"unverified"}},{"type":"Feature","geometry":{"type":"LineString","coordinates":[[-91.06920087151092,38.48167724993531],[-91.0811074602182,38.4907296483295],[-91.0923351121445,38.4943935930161],[-91.0966884416308,38.5020711376378]]},"properties":{"segment_id":"6dbeda1b9c8e966f5912f468","source_kmz":"missouri","orientation":"unverified"}},{"type":"Feature","geometry":{"type":"LineString","coordinates":[[-91.2247168432013,38.469045811691],[-91.21913521076462,38.4693652153736],[-91.21550859728032,38.4769960529744],[-91.20311120068291,38.4805336644102]]},"properties":{"segment_id":"b41c28fcd17df2a07898981a","source_kmz":"missouri","orientation":"unverified"}},{"type":"Feature","geometry":{"type":"LineString","coordinates":[[-91.3909045821221,38.4735019593429],[-91.378034512382,38.4791828608414],[-91.3645791846918,38.4776053221116],[-91.3564347084855,38.4799782184895]]},"properties":{"segment_id":"860d27fb9709edbbc4b25559","source_kmz":"missouri","orientation":"unverified"}},{"type":"Feature","geometry":{"type":"LineString","coordinates":[[-91.10059209578,38.4593455176612],[-91.10328252039781,38.4658846801935],[-91.1099652881304,38.469902320803]]},"properties":{"segment_id":"827eefc3e718b91ead12ccf5","source_kmz":"missouri","orientation":"unverified"}},{"type":"Feature","geometry":{"type":"LineString","coordinates":[[-91.20311120068291,38.4805336644102],[-91.1946713078255,38.4767207572469],[-91.1959084937147,38.4684612696985],[-91.18553111733712,38.462428112006]]},"properties":{"segment_id":"76f7022f2e54807cc1ffeae9","source_kmz":"missouri","orientation":"unverified"}},{"type":"Feature","geometry":{"type":"LineString","coordinates":[[-91.4528887357175,38.471518719925],[-91.4450254712786,38.4806066567908],[-91.42356801982311,38.4902617228329],[-91.41903374194341,38.5016155114272],[-91.4118451733144,38.505367449291]]},"properties":{"segment_id":"a139d989d6e6428f4557daca","source_kmz":"missouri","orientation":"unverified"}},{"type":"Feature","geometry":{"type":"LineString","coordinates":[[-91.2762997610909,38.4613879606171],[-91.2706539052682,38.4788580193697],[-91.2778699497793,38.490926041559],[-91.28682006169852,38.4977003155005]]},"properties":{"segment_id":"61297462419dc1edf058f9cf","source_kmz":"missouri","orientation":"unverified"}},{"type":"Feature","geometry":{"type":"LineString","coordinates":[[-91.18553111733712,38.462428112006],[-91.1756197180867,38.4598962085752],[-91.170044584439,38.4548537082427],[-91.160064079741,38.4533897701789]]},"properties":{"segment_id":"fbcd0ee273e444c91a697926","source_kmz":"missouri","orientation":"unverified"}},{"type":"Feature","geometry":{"type":"LineString","coordinates":[[-91.3476122944899,38.45472399940221],[-91.3516190982857,38.45728706826171],[-91.3509500072985,38.4623532434408]]},"properties":{"segment_id":"549d38fc59a006c0e228bc5e","source_kmz":"missouri","orientation":"unverified"}},{"type":"Feature","geometry":{"type":"LineString","coordinates":[[-91.311388424748,38.4506701284254],[-91.3101558971736,38.4699174566132],[-91.3061195160997,38.4732473677829],[-91.3056567326651,38.4804650966149],[-91.3108450064308,38.4862902266616],[-91.2909274627028,38.4933017518582],[-91.28682006169852,38.4977003155005]]},"properties":{"segment_id":"d63f8a1d75fc9bc9b043403f","source_kmz":"missouri","orientation":"unverified"}},{"type":"Feature","geometry":{"type":"LineString","coordinates":[[-91.20786557514552,38.4450760216021],[-91.201672745874,38.45475046832001],[-91.18553111733712,38.462428112006]]},"properties":{"segment_id":"2074abd8823b9f42a0c4b5a3","source_kmz":"missouri","orientation":"unverified"}},{"type":"Feature","geometry":{"type":"LineString","coordinates":[[-91.1668091110774,38.4354309997213],[-91.16566239802042,38.452805738206],[-91.160064079741,38.4533897701789]]},"properties":{"segment_id":"99104b5c63b01411e31678a3","source_kmz":"missouri","orientation":"unverified"}},{"type":"Feature","geometry":{"type":"LineString","coordinates":[[-91.3851976142281,38.4427401623721],[-91.3786725375534,38.4470508179188],[-91.3612413566609,38.4480030705796]]},"properties":{"segment_id":"cf73bcb4f146024814839473","source_kmz":"missouri","orientation":"unverified"}},{"type":"Feature","geometry":{"type":"LineString","coordinates":[[-91.4166361426123,38.4455224237328],[-91.40676389774812,38.4478341160669],[-91.3952651685286,38.4428491829882],[-91.3851976142281,38.4427401623721]]},"properties":{"segment_id":"b872a0bc7ec02ddecfc294c0","source_kmz":"missouri","orientation":"unverified"}},{"type":"Feature","geometry":{"type":"LineString","coordinates":[[-91.1177497172504,38.4313507128104],[-91.1268905999302,38.4453810890679],[-91.116108056152,38.4663940549822]]},"properties":{"segment_id":"9ec152832b8c95cac9e76956","source_kmz":"missouri","orientation":"unverified"}},{"type":"Feature","geometry":{"type":"LineString","coordinates":[[-91.32371528801342,38.4208578662784],[-91.3220563543257,38.4250824107761],[-91.327145172408,38.4378704950763],[-91.311388424748,38.4506701284254]]},"properties":{"segment_id":"34c2ab370b2a0177ad8001a9","source_kmz":"missouri","orientation":"unverified"}},{"type":"Feature","geometry":{"type":"LineString","coordinates":[[-91.3536396406905,38.4144881194632],[-91.35199953359012,38.4184457375266],[-91.3567711788504,38.4363118649444],[-91.3616646056681,38.441319794199],[-91.3612413566609,38.4480030705796]]},"properties":{"segment_id":"90a7ca0d5d4beb54d981d169","source_kmz":"missouri","orientation":"unverified"}},{"type":"Feature","geometry":{"type":"LineString","coordinates":[[-91.38950506050361,38.4019028799012],[-91.3979296661631,38.4059697793473],[-91.39869422817581,38.4159130419355]]},"properties":{"segment_id":"c5b8110fd80b0e307bad131b","source_kmz":"missouri","orientation":"unverified"}},{"type":"Feature","geometry":{"type":"LineString","coordinates":[[-90.9664137466997,38.7074853884715],[-90.9551999436413,38.6981829863489],[-90.9446021502261,38.7001619572543],[-90.9348523749772,38.694937953591],[-90.9253905089344,38.6956216913546],[-90.91205430528791,38.6918566051373],[-90.90414437289711,38.6952830001401],[-90.89675699731,38.69122545378961],[-90.890491251062,38.6960591215196],[-90.8797966672247,38.6894513011235],[-90.8716129358638,38.6917921481292],[-90.86905711899881,38.6884694885154],[-90.8500123088169,38.6866045696448],[-90.8312453874748,38.6759027387756],[-90.8262836497791,38.6622925260253],[-90.81502461109581,38.6588716023693],[-90.8145836161313,38.6454505932192],[-90.80946164655673,38.6390701330989]]},"properties":{"segment_id":"78cf623b5ee7a329c8aa25d2","source_kmz":"missouri","orientation":"unverified"}},{"type":"Feature","geometry":{"type":"LineString","coordinates":[[-93.0,40.182974712904276],[-92.99452581426742,40.1760591756619]]},"properties":{"segment_id":"acd4b313acf1e218de9dfa9c","source_kmz":"missouri","orientation":"unverified"}},{"type":"Feature","geometry":{"type":"LineString","coordinates":[[-93.0,39.996257843089],[-92.9928955801675,39.9863536129611]]},"properties":{"segment_id":"1f67a39eee47fd941ca88ee3","source_kmz":"missouri","orientation":"unverified"}},{"type":"Feature","geometry":{"type":"LineString","coordinates":[[-92.9928955801675,39.9863536129611],[-92.98655776922341,39.976826179971],[-92.99185155384072,39.9520405078616]]},"properties":{"segment_id":"f689b756c89df7c4ece12330","source_kmz":"missouri","orientation":"unverified"}},{"type":"Feature","geometry":{"type":"LineString","coordinates":[[-92.99185155384072,39.9520405078616],[-92.9925755727966,39.9432180121892],[-92.9991611121785,39.9382858444651],[-93.0,39.931195109326566]]},"properties":{"segment_id":"04ed62f9b32f29c0bc81ae7e","source_kmz":"missouri","orientation":"unverified"}},{"type":"Feature","geometry":{"type":"LineString","coordinates":[[-92.9302079925627,39.9098329862484],[-92.9437097762105,39.8839107564753],[-92.9487760393057,39.8813552492915]]},"properties":{"segment_id":"8bad0a609e75978ca0efbb8b","source_kmz":"missouri","orientation":"unverified"}},{"type":"Feature","geometry":{"type":"LineString","coordinates":[[-92.95780100531171,39.8772883019654],[-92.96077794989513,39.87387810685181],[-92.9579683091854,39.8649704656056],[-92.9648880057338,39.85201253559361],[-92.95826878545421,39.8411377583881]]},"properties":{"segment_id":"62e33f998d2f26317a36009d","source_kmz":"missouri","orientation":"unverified"}},{"type":"Feature","geometry":{"type":"LineString","coordinates":[[-92.95826878545421,39.8411377583881],[-92.96549445934112,39.8292588468664],[-92.9639755246597,39.823329159253],[-92.9697888021149,39.819719622688],[-92.96317500810721,39.817148990691],[-92.96271673360741,39.8112449749321]]},"properties":{"segment_id":"1c3579e618e93dc0bf80ef76","source_kmz":"missouri","orientation":"unverified"}},{"type":"Feature","geometry":{"type":"LineString","coordinates":[[-92.96271673360741,39.8112449749321],[-92.968141876468,39.8084297352561],[-92.9629765824201,39.80509049706301],[-92.9679313656195,39.7966388785975],[-92.9603841508549,39.791099068057],[-92.9636090719767,39.7901057450983],[-92.95551482791022,39.780802385222]]},"properties":{"segment_id":"a64533e79446da01fe40ea2b","source_kmz":"missouri","orientation":"unverified"}},{"type":"Feature","geometry":{"type":"LineString","coordinates":[[-92.95551482791022,39.780802385222],[-92.960047786807,39.77394807553421],[-92.9828057120229,39.7624442818141]]},"properties":{"segment_id":"bb0be61d6dbe11d188169d6a","source_kmz":"missouri","orientation":"unverified"}},{"type":"Feature","geometry":{"type":"LineString","coordinates":[[-92.99931186484801,39.7481086086547],[-93.0,39.7473258228977]]},"properties":{"segment_id":"04d328af5ecfcf6426313ea0","source_kmz":"missouri","orientation":"unverified"}},{"type":"Feature","geometry":{"type":"LineString","coordinates":[[-92.99452581426742,40.1760591756619],[-92.9944671790652,40.1605194192142],[-93.0,40.14921110280233]]},"properties":{"segment_id":"b5eb453158c80d1d38112602","source_kmz":"missouri","orientation":"unverified"}},{"type":"Feature","geometry":{"type":"LineString","coordinates":[[-93.0,40.1141931286558],[-92.9996261589189,40.1137601893939],[-93.0,40.113471482362264]]},"properties":{"segment_id":"23099f792683261dfeb7114a","source_kmz":"missouri","orientation":"unverified"}},{"type":"Feature","geometry":{"type":"LineString","coordinates":[[-93.0,40.103789097776655],[-92.99283606007361,40.097792544579],[-92.9910603136534,40.0808729431683],[-93.0,40.067937517907254]]},"properties":{"segment_id":"dbc427ea617a2cc2989a64d8","source_kmz":"missouri","orientation":"unverified"}},{"type":"Feature","geometry":{"type":"LineString","coordinates":[[-92.9588677190141,40.0696517715361],[-92.9487969923884,40.0560135125726],[-92.94745415517052,40.029191999708],[-92.9416448898804,40.02396107315211],[-92.9443768553243,40.0181339318179],[-92.94171190975871,40.00574642388241],[-92.9499498763637,39.9871945958911],[-92.9569193182056,39.9817379194709],[-92.9551685325952,39.9728554886901],[-92.96143916811101,39.967113838999],[-92.9575268423795,39.9506786802332],[-92.9620898972249,39.934984386944],[-92.9568590874411,39.9329827142383],[-92.9558174151636,39.9241176362009],[-92.95780100531171,39.8772883019654]]},"properties":{"segment_id":"67e087436410ad625ce17859","source_kmz":"missouri","orientation":"unverified"}},{"type":"Feature","geometry":{"type":"LineString","coordinates":[[-93.0,40.869817902603955],[-92.96697558491162,40.8683531212498]]},"properties":{"segment_id":"48d95f313387577a3cc18b49","source_kmz":"missouri","orientation":"unverified"}},{"type":"Feature","geometry":{"type":"LineString","coordinates":[[-92.960031689769,40.8628268719073],[-92.94713071807321,40.853941125699],[-92.92453923986122,40.8533970538463],[-92.91239647854701,40.8437219463567]]},"properties":{"segment_id":"5ce01c6a768a2d02f9381080","source_kmz":"missouri","orientation":"unverified"}},{"type":"Feature","geometry":{"type":"LineString","coordinates":[[-92.8882265559879,40.8219588232457],[-92.88834395771181,40.8192814411602],[-92.87622859866921,40.8173762704733]]},"properties":{"segment_id":"a183772ee9dfae92073f526e","source_kmz":"missouri","orientation":"unverified"}},{"type":"Feature","geometry":{"type":"LineString","coordinates":[[-92.87622859866921,40.8173762704733],[-92.87831505214592,40.8107268779283],[-92.8833204967618,40.8111176844108],[-92.8733287302249,40.8017595786321],[-92.87627780998372,40.79995590910401]]},"properties":{"segment_id":"781bdf66c03b1a0c5aba5480","source_kmz":"missouri","orientation":"unverified"}},{"type":"Feature","geometry":{"type":"LineString","coordinates":[[-92.87103289463782,40.7968786898477],[-92.8635914163048,40.79481916763841],[-92.8620011681509,40.790223547379],[-92.8472053501107,40.7922696652457]]},"properties":{"segment_id":"304e3a946f2cbeae907ca988","source_kmz":"missouri","orientation":"unverified"}},{"type":"Feature","geometry":{"type":"LineString","coordinates":[[-92.96051578806541,40.7593838802584],[-92.959558853397,40.764989139877],[-92.94651585476892,40.7681605395834],[-92.94656319898353,40.7753979558155],[-92.9278210251961,40.7776264439304],[-92.9266189212322,40.7805455321535],[-92.9031280960336,40.7764911684223],[-92.905425478021,40.7813714032448],[-92.8859699213332,40.7916170031581],[-92.8889128114245,40.7981215417832],[-92.8808182804984,40.8027476057237]]},"properties":{"segment_id":"ed6ffead3461f9df3855a442","source_kmz":"missouri","orientation":"unverified"}},{"type":"Feature","geometry":{"type":"LineString","coordinates":[[-92.99089327173121,40.75313875538121],[-92.98607900742782,40.7567767017993],[-92.97218118763982,40.7548382760618],[-92.9702422200417,40.7582761256035],[-92.96051578806541,40.7593838802584]]},"properties":{"segment_id":"faaba2ce5948efba0365ce54","source_kmz":"missouri","orientation":"unverified"}},{"type":"Feature","geometry":{"type":"LineString","coordinates":[[-92.8635743327957,40.75461596549581],[-92.8534152249168,40.7492725074181],[-92.8347963345698,40.74881002988801]]},"properties":{"segment_id":"130df96edc1e298a51849ca7","source_kmz":"missouri","orientation":"unverified"}},{"type":"Feature","geometry":{"type":"LineString","coordinates":[[-92.89349296008321,40.7344461777071],[-92.8943328618171,40.7398268801697],[-92.8894324969772,40.74533519382121],[-92.8635743327957,40.75461596549581]]},"properties":{"segment_id":"fbf89d9d2a82b0427ebdefdb","source_kmz":"missouri","orientation":"unverified"}},{"type":"Feature","geometry":{"type":"LineString","coordinates":[[-92.98630357773911,40.6670036873056],[-92.98501493323211,40.6720648352736],[-92.97922373868062,40.6735350694342],[-92.9753916237742,40.671031915619],[-92.9701217548009,40.6770699773895],[-92.9519590592399,40.6747592022228],[-92.94815081878353,40.67171979439371],[-92.94156291213463,40.6750451120412],[-92.9370743381627,40.6711849904306]]},"properties":{"segment_id":"b22fcbc85b42f072efaed8c3","source_kmz":"missouri","orientation":"unverified"}},{"type":"Feature","geometry":{"type":"LineString","coordinates":[[-92.9370743381627,40.6711849904306],[-92.9263209785776,40.6714610196448],[-92.91433433364162,40.6671502756333],[-92.91343568063071,40.6631085336461],[-92.90587884353853,40.6639964909166],[-92.90680371758502,40.659195168911],[-92.89504934906232,40.6578361438973],[-92.88514790525892,40.6468737772154]]},"properties":{"segment_id":"4423e47aa2680cf88490a6c1","source_kmz":"missouri","orientation":"unverified"}},{"type":"Feature","geometry":{"type":"LineString","coordinates":[[-92.8752071997442,40.6450213938034],[-92.87209532785221,40.6425327829588],[-92.8741535158948,40.6364197037933],[-92.86728660969752,40.629818538123]]},"properties":{"segment_id":"c3d1658b5bd68069ad3612b8","source_kmz":"missouri","orientation":"unverified"}},{"type":"Feature","geometry":{"type":"LineString","coordinates":[[-92.86728660969752,40.629818538123],[-92.8699301556846,40.6266679175133],[-92.86147827154772,40.6154715178405],[-92.8584362527778,40.603336770068],[-92.8611382366272,40.5988479258281],[-92.85031067692532,40.5929517322556],[-92.85113180096612,40.59056026436591]]},"properties":{"segment_id":"4bf08a1f7f3cb450362c5017","source_kmz":"missouri","orientation":"unverified"}},{"type":"Feature","geometry":{"type":"LineString","coordinates":[[-92.8551207966883,40.5893193527226],[-92.8539047449504,40.584465475909],[-92.85724981002872,40.58160063471971],[-92.8421152401062,40.5761328457265],[-92.84581615864211,40.5652377472097],[-92.84058983991501,40.5621597852897],[-92.8404338458945,40.5495608662859]]},"properties":{"segment_id":"625034f013ee8301eb041070","source_kmz":"missouri","orientation":"unverified"}},{"type":"Feature","geometry":{"type":"LineString","coordinates":[[-92.9005824859763,40.5719483704925],[-92.88140713719551,40.5607589448887],[-92.87935175781851,40.5668718258015],[-92.87275858134062,40.5704610218349],[-92.87047023913041,40.5655809253365],[-92.85385049568261,40.5614177482251],[-92.8533255295021,40.557117054835],[-92.8404338458945,40.5495608662859]]},"properties":{"segment_id":"096c0195b51708c1703a173a","source_kmz":"missouri","orientation":"unverified"}},{"type":"Feature","geometry":{"type":"LineString","coordinates":[[-92.8404338458945,40.5495608662859],[-92.83530406207531,40.5443412674422],[-92.84218152222353,40.5343297581734]]},"properties":{"segment_id":"e9debf31a9dd9443872e7834","source_kmz":"missouri","orientation":"unverified"}},{"type":"Feature","geometry":{"type":"LineString","coordinates":[[-92.84218152222353,40.5343297581734],[-92.83186495342261,40.5332682610849],[-92.83367356944332,40.5247382697544],[-92.82302546772702,40.5231317837803],[-92.81574555188331,40.5181254306511],[-92.8162479091989,40.5068831520143],[-92.80830446081042,40.500787795691]]},"properties":{"segment_id":"0a9592c3788fbccf8fcb9978","source_kmz":"missouri","orientation":"unverified"}},{"type":"Feature","geometry":{"type":"LineString","coordinates":[[-92.99739971309232,40.5314044000717],[-92.9928832650891,40.5283497082838],[-92.9934096876546,40.5243428010969],[-92.9869054449651,40.5260639833073],[-92.9831036593726,40.5230259320531],[-92.9805317817437,40.5162656512415],[-92.9649957200862,40.5035681891198]]},"properties":{"segment_id":"9cb752720faafe2973063447","source_kmz":"missouri","orientation":"unverified"}},{"type":"Feature","geometry":{"type":"LineString","coordinates":[[-92.9649957200862,40.5035681891198],[-92.9393266289443,40.50241448990901],[-92.9388199361964,40.4975789550618],[-92.9299459739568,40.4962922795781]]},"properties":{"segment_id":"ac201af892aacc4ed479426c","source_kmz":"missouri","orientation":"unverified"}},{"type":"Feature","geometry":{"type":"LineString","coordinates":[[-92.80830446081042,40.500787795691],[-92.79876696375881,40.4984032602107],[-92.7992598395082,40.4874288604028],[-92.7893797647352,40.48476695279111],[-92.7775111884854,40.4866091969128],[-92.76359452217861,40.4784829736889]]},"properties":{"segment_id":"a71410d86314b8a8ccf03a14","source_kmz":"missouri","orientation":"unverified"}},{"type":"Feature","geometry":{"type":"LineString","coordinates":[[-92.71144649654052,40.4709755385162],[-92.7047692697311,40.4686580664036],[-92.6938842236572,40.4723938927142],[-92.6864444048541,40.4711274367752]]},"properties":{"segment_id":"6cc088e83c13c1eb0701d709","source_kmz":"missouri","orientation":"unverified"}},{"type":"Feature","geometry":{"type":"LineString","coordinates":[[-92.731947061273,40.4677548441658],[-92.7249744003693,40.4718622264558],[-92.71144649654052,40.4709755385162]]},"properties":{"segment_id":"a21d146bcaee9b96ad322299","source_kmz":"missouri","orientation":"unverified"}},{"type":"Feature","geometry":{"type":"LineString","coordinates":[[-92.9195873299044,40.496308673627],[-92.9069983010642,40.4901066310966],[-92.9026666346595,40.47472698317],[-92.8888026826911,40.4733151655078],[-92.878547754579,40.462880212266],[-92.86460419372871,40.4633394494573],[-92.86151239871232,40.4605832114796],[-92.86200713900472,40.4493411686956]]},"properties":{"segment_id":"4ef098f1a7f5fd72e3150da1","source_kmz":"missouri","orientation":"unverified"}},{"type":"Feature","geometry":{"type":"LineString","coordinates":[[-92.65302891412331,40.4603329436255],[-92.6507294406714,40.4484809903166],[-92.6555851081192,40.436282453866],[-92.6698870823841,40.4280845273139],[-92.6748770144847,40.4282157844278],[-92.6776213027524,40.4229284372173]]},"properties":{"segment_id":"1208f950e7400e524f610fd7","source_kmz":"missouri","orientation":"unverified"}},{"type":"Feature","geometry":{"type":"LineString","coordinates":[[-92.86200713900472,40.4493411686956],[-92.8389967929854,40.4369782449522],[-92.82577102039691,40.43745100847361],[-92.8080932242834,40.4257519181549]]},"properties":{"segment_id":"250be3d07a96c72a6bd48934","source_kmz":"missouri","orientation":"unverified"}},{"type":"Feature","geometry":{"type":"LineString","coordinates":[[-92.8080932242834,40.4257519181549],[-92.79938666849242,40.42097661229781],[-92.79980688782871,40.4116086748341],[-92.78505702956092,40.4064113460817],[-92.78626392778831,40.39545574756691],[-92.77727879020551,40.3890640567296],[-92.7789997778753,40.3746383158801]]},"properties":{"segment_id":"4f828b0f6ed0a5162b357935","source_kmz":"missouri","orientation":"unverified"}},{"type":"Feature","geometry":{"type":"LineString","coordinates":[[-92.89723104350371,40.4191271573018],[-92.89180331887482,40.4208695637285],[-92.88194693808622,40.4096409976687],[-92.8657779464025,40.4041502780829],[-92.8415951957271,40.4024768424812],[-92.83495576977441,40.3993633668749],[-92.8259649452271,40.4010137026404],[-92.8197661216484,40.3960347921062],[-92.8122411556731,40.3808399340004],[-92.79575190121702,40.3747960816366],[-92.788568249651,40.3759535638415]]},"properties":{"segment_id":"a10d305cc418e88d7e0afe97","source_kmz":"missouri","orientation":"unverified"}},{"type":"Feature","geometry":{"type":"LineString","coordinates":[[-92.7789997778753,40.3746383158801],[-92.7690633825743,40.3735808880768],[-92.75040328389841,40.3605086701295],[-92.7432935837139,40.360057720938],[-92.7346972824323,40.3531370384633],[-92.72745280269,40.3400878271011],[-92.70085514772542,40.3294818147661],[-92.6951385991943,40.3220976328837],[-92.6978117265999,40.29510442688701]]},"properties":{"segment_id":"d8b3ed921d733090206c4625","source_kmz":"missouri","orientation":"unverified"}},{"type":"Feature","geometry":{"type":"LineString","coordinates":[[-92.6978117265999,40.29510442688701],[-92.68852858265471,40.2878946377185],[-92.6887145791545,40.2838802813483]]},"properties":{"segment_id":"9da058e9ef15ade993335ebe","source_kmz":"missouri","orientation":"unverified"}},{"type":"Feature","geometry":{"type":"LineString","coordinates":[[-92.73342725001221,40.3107678342726],[-92.72102217115732,40.3016040885282],[-92.7186059390063,40.2921631612082],[-92.700452951163,40.2841875831267],[-92.6899713450312,40.272123540078]]},"properties":{"segment_id":"9fe9a1d7a37e49e423ba2185","source_kmz":"missouri","orientation":"unverified"}},{"type":"Feature","geometry":{"type":"LineString","coordinates":[[-92.9138850714394,40.3228078214955],[-92.90866196875962,40.3200007855447],[-92.8932646221992,40.321766541083]]},"properties":{"segment_id":"4527ce8e1244d34278c06317","source_kmz":"missouri","orientation":"unverified"}},{"type":"Feature","geometry":{"type":"LineString","coordinates":[[-92.86245262468522,40.3175218582286],[-92.84744442864601,40.310449746446],[-92.8372553055764,40.3152858644106],[-92.834147250618,40.3130644919315],[-92.83572456929042,40.3015826743404]]},"properties":{"segment_id":"3d0b6c98646dc1f6dc0710f8","source_kmz":"missouri","orientation":"unverified"}},{"type":"Feature","geometry":{"type":"LineString","coordinates":[[-92.79839255552402,40.2920677269748],[-92.78650657197701,40.2791726604905],[-92.7724600808364,40.27479527078451]]},"properties":{"segment_id":"7c7fa1ec6e2521a5b7a039a7","source_kmz":"missouri","orientation":"unverified"}},{"type":"Feature","geometry":{"type":"LineString","coordinates":[[-92.7724600808364,40.27479527078451],[-92.7704419498949,40.2642940595395],[-92.7591554301666,40.2540910859571],[-92.7564045283079,40.2441067599123]]},"properties":{"segment_id":"71b4d30267c1d496b1003f94","source_kmz":"missouri","orientation":"unverified"}},{"type":"Feature","geometry":{"type":"LineString","coordinates":[[-92.7564045283079,40.2441067599123],[-92.73927714162211,40.23723488015],[-92.7260631382247,40.2382324107475],[-92.72073126610393,40.2303237584088],[-92.7119928114396,40.2268810812217]]},"properties":{"segment_id":"3af82b86364b5432596e2806","source_kmz":"missouri","orientation":"unverified"}},{"type":"Feature","geometry":{"type":"LineString","coordinates":[[-92.7119928114396,40.2268810812217],[-92.7062586648589,40.2200330681788],[-92.69510873250022,40.2149185767687],[-92.69531889375781,40.21036914993911]]},"properties":{"segment_id":"a921bd94777a4b0a18bebe68","source_kmz":"missouri","orientation":"unverified"}},{"type":"Feature","geometry":{"type":"LineString","coordinates":[[-92.8930770976855,40.1540425855543],[-92.8910743984508,40.1510461967167],[-92.8956717593419,40.143390158639],[-92.8931565880631,40.1358267608809],[-92.8852360957044,40.1300051770963],[-92.8845437053016,40.1214150464108]]},"properties":{"segment_id":"0be8a59f0dbe03edcaba2e10","source_kmz":"missouri","orientation":"unverified"}},{"type":"Feature","geometry":{"type":"LineString","coordinates":[[-92.8777219349081,40.0904371537889],[-92.8696826841597,40.0712165569779],[-92.8595114760511,40.0602472360072]]},"properties":{"segment_id":"3380a9d7c8d78ef1e8fd8794","source_kmz":"missouri","orientation":"unverified"}},{"type":"Feature","geometry":{"type":"LineString","coordinates":[[-92.8595114760511,40.0602472360072],[-92.8497350466424,40.0565202558443],[-92.8451461790016,40.0397955486735]]},"properties":{"segment_id":"941dcf7b39e545751531175f","source_kmz":"missouri","orientation":"unverified"}},{"type":"Feature","geometry":{"type":"LineString","coordinates":[[-92.8451461790016,40.0397955486735],[-92.83786606163521,40.0278253059545],[-92.8386097779486,40.01900338970301]]},"properties":{"segment_id":"8d709c16ec8e6a5bab46ecdb","source_kmz":"missouri","orientation":"unverified"}},{"type":"Feature","geometry":{"type":"LineString","coordinates":[[-92.7281244203555,40.0453806633468],[-92.72654675427961,40.0255143470415],[-92.7192022042222,40.0154104566404]]},"properties":{"segment_id":"80b781f329ae654b84a988e4","source_kmz":"missouri","orientation":"unverified"}},{"type":"Feature","geometry":{"type":"LineString","coordinates":[[-92.7192022042222,40.0154104566404],[-92.7129607181381,39.9967619645864],[-92.6984775524729,39.9800403594567],[-92.704011815912,39.975363268123]]},"properties":{"segment_id":"eee9650857eb845cf90b1296","source_kmz":"missouri","orientation":"unverified"}},{"type":"Feature","geometry":{"type":"LineString","coordinates":[[-92.704011815912,39.975363268123],[-92.6996781875972,39.9693557121163],[-92.6803114534995,39.9664347025431]]},"properties":{"segment_id":"a64360f92956d51f31a2dd52","source_kmz":"missouri","orientation":"unverified"}},{"type":"Feature","geometry":{"type":"LineString","coordinates":[[-92.8423696979164,39.9497138596053],[-92.8391235138302,39.9429350924394],[-92.83415519866962,39.9430779351362],[-92.8339781474812,39.9390551701715],[-92.8287860684127,39.936245398931],[-92.83199586916722,39.9277539964614],[-92.82850352306181,39.9265943607898],[-92.82912921109612,39.9204487885206],[-92.824741122867,39.9155160439717]]},"properties":{"segment_id":"6f7581caa00bb5828025804c","source_kmz":"missouri","orientation":"unverified"}},{"type":"Feature","geometry":{"type":"LineString","coordinates":[[-92.824741122867,39.9155160439717],[-92.83283372876652,39.9087553293469],[-92.82782112238091,39.9019317794061],[-92.83390707115251,39.90047802427161],[-92.82977922182872,39.8976950929394],[-92.83375372334072,39.8959201683036],[-92.82880148622262,39.8797223760906],[-92.841298644978,39.8693222024358],[-92.8380326494539,39.8630788147836],[-92.8437614656166,39.861615700536],[-92.8376079001535,39.8566390710957],[-92.84359468752561,39.8492892191041]]},"properties":{"segment_id":"9ab557e04171729fbe2b322b","source_kmz":"missouri","orientation":"unverified"}},{"type":"Feature","geometry":{"type":"LineString","coordinates":[[-92.84359468752561,39.8492892191041],[-92.83915113039052,39.8456950292045],[-92.8354855272878,39.8324768102757],[-92.84306162274783,39.8291852629298]]},"properties":{"segment_id":"40ac5a2f95fa9e4648ef1b55","source_kmz":"missouri","orientation":"unverified"}},{"type":"Feature","geometry":{"type":"LineString","coordinates":[[-92.84306162274783,39.8291852629298],[-92.8483738599638,39.8210147543096],[-92.8429067849135,39.816591375974]]},"properties":{"segment_id":"f6bed911f955dedc5651cf08","source_kmz":"missouri","orientation":"unverified"}},{"type":"Feature","geometry":{"type":"LineString","coordinates":[[-92.8111314296168,39.7512309805629],[-92.82785838337703,39.7246010547767],[-92.82811824412342,39.7106788027114],[-92.842055252201,39.6909414154602],[-92.84498052614771,39.6725330072577],[-92.84826023946671,39.6702048926294],[-92.8530812038724,39.6730046853501],[-92.8625430117251,39.6665457401805],[-92.868833201579,39.66804245036491]]},"properties":{"segment_id":"f043a036a90dda8991a84b53","source_kmz":"missouri","orientation":"unverified"}},{"type":"Feature","geometry":{"type":"LineString","coordinates":[[-92.868833201579,39.66804245036491],[-92.87687071021631,39.6618147133969],[-92.87209601502822,39.65794560022371],[-92.8726227930274,39.6539409836985]]},"properties":{"segment_id":"bd1238c995e3cdc1bc239c55","source_kmz":"missouri","orientation":"unverified"}},{"type":"Feature","geometry":{"type":"LineString","coordinates":[[-92.8726227930274,39.6539409836985],[-92.8741377100441,39.6515681545226],[-92.8800163104372,39.6543932984734],[-92.88265826274451,39.6504413511473]]},"properties":{"segment_id":"5a63e608d719f8fb4266349c","source_kmz":"missouri","orientation":"unverified"}},{"type":"Feature","geometry":{"type":"LineString","coordinates":[[-92.738991349739,39.6816039388219],[-92.7347330838318,39.6742605842969],[-92.7423818104541,39.6691024715285],[-92.7376245294909,39.6571925531826],[-92.7443200459449,39.6418307722025],[-92.7369515310776,39.633067301313],[-92.7413750542033,39.628896760825],[-92.73993924060801,39.62162711420461],[-92.7442147995177,39.6128990402185],[-92.739377887975,39.6106302107661],[-92.7299973152578,39.6152069060033]]},"properties":{"segment_id":"78fc4a17ce0f3610cd99a191","source_kmz":"missouri","orientation":"unverified"}},{"type":"Feature","geometry":{"type":"LineString","coordinates":[[-92.7299973152578,39.6152069060033],[-92.7245287941739,39.6113138164291],[-92.72757861370631,39.6063042597216],[-92.722681885784,39.60537250552111]]},"properties":{"segment_id":"de6e017f755d59612819750b","source_kmz":"missouri","orientation":"unverified"}},{"type":"Feature","geometry":{"type":"LineString","coordinates":[[-92.88265826274451,39.6504413511473],[-92.87902285704511,39.6447259212331],[-92.88371047763461,39.6424320550502],[-92.8844908585857,39.63254107473481],[-92.89561484415051,39.6282640699261],[-92.8896853302209,39.6184743651752],[-92.90224720011621,39.5970905635913],[-92.89690887160441,39.5899943365435]]},"properties":{"segment_id":"c43ccd300e3455df02647a30","source_kmz":"missouri","orientation":"unverified"}},{"type":"Feature","geometry":{"type":"LineString","coordinates":[[-92.89690887160441,39.5899943365435],[-92.90535293968001,39.590471359428],[-92.91290044468072,39.5871759057862],[-92.91631131170831,39.5816353797763],[-92.91167722302221,39.574557188597],[-92.91490457917591,39.5732976410272],[-92.9133722977887,39.5679030371678],[-92.9245074157003,39.5630884484567],[-92.93067608607652,39.5672575773355],[-92.93341439329741,39.560896657988],[-92.92688256190702,39.556986575905],[-92.9298477617556,39.5535775377558],[-92.949078295981,39.5489593977199]]},"properties":{"segment_id":"9ffddb866c2c84a2a467d0a9","source_kmz":"missouri","orientation":"unverified"}},{"type":"Feature","geometry":{"type":"LineString","coordinates":[[-92.8072256913105,39.5842553585991],[-92.810375071105,39.5768359000702],[-92.8082936946384,39.552140688951],[-92.8030864090111,39.5423651200142],[-92.80844120736232,39.53285946647041]]},"properties":{"segment_id":"8dbe7e316d55443161dbcaf5","source_kmz":"missouri","orientation":"unverified"}},{"type":"Feature","geometry":{"type":"LineString","coordinates":[[-92.9739556064964,39.55251014474201],[-92.9731641231773,39.5377602212997],[-92.96027000614411,39.5259305663485],[-92.9649214604475,39.5158660383394]]},"properties":{"segment_id":"8bd60912bf551b6e7a6e5060","source_kmz":"missouri","orientation":"unverified"}},{"type":"Feature","geometry":{"type":"LineString","coordinates":[[-92.949078295981,39.5489593977199],[-92.9531210135655,39.5450404734992],[-92.9475666043078,39.5430301409845],[-92.9491445722542,39.5390511510366],[-92.94545291683191,39.5346756590526],[-92.9498357598207,39.5310330185666],[-92.95129855605761,39.5214267392764],[-92.9482098402185,39.5194765303851],[-92.9479695059619,39.5084895644388]]},"properties":{"segment_id":"0b0ae29ecf46a1f4c1599ff5","source_kmz":"missouri","orientation":"unverified"}},{"type":"Feature","geometry":{"type":"LineString","coordinates":[[-92.9479695059619,39.5084895644388],[-92.942928502585,39.5027418788711],[-92.9356182144599,39.5006879821013],[-92.93876210557421,39.4929979511629],[-92.9445048086725,39.4904602352422]]},"properties":{"segment_id":"bed533fcaad1130adb5b5889","source_kmz":"missouri","orientation":"unverified"}},{"type":"Feature","geometry":{"type":"LineString","coordinates":[[-92.9445048086725,39.4904602352422],[-92.9498501030241,39.4889838817793],[-92.95149450097692,39.48339961283431],[-92.9567827842123,39.4832607317711],[-92.95203818071441,39.4788597960036],[-92.9573373974292,39.4784533388063],[-92.95766409475742,39.4706943014902],[-92.965843989933,39.4687506812325],[-92.9696154329536,39.4543796853049],[-92.9659044007111,39.4505400186043],[-92.9697124553274,39.44366907037691]]},"properties":{"segment_id":"0288b346ce7e0b0d5c314c9f","source_kmz":"missouri","orientation":"unverified"}},{"type":"Feature","geometry":{"type":"LineString","coordinates":[[-92.9697124553274,39.44366907037691],[-92.9455409036563,39.432634842626],[-92.9412310645936,39.4263693289275],[-92.94155925423313,39.418610455744],[-92.9291785574611,39.4118786363371],[-92.9307660301194,39.4076324952082]]},"properties":{"segment_id":"c1bdaccd858b6ca4a43e441e","source_kmz":"missouri","orientation":"unverified"}},{"type":"Feature","geometry":{"type":"LineString","coordinates":[[-92.9307660301194,39.4076324952082],[-92.9257436748738,39.4099192893052],[-92.9265829912376,39.406726064385],[-92.9206885235891,39.4047059682009],[-92.9170852663953,39.3984570144133]]},"properties":{"segment_id":"9bca6b29a1ea993df15d2cfc","source_kmz":"missouri","orientation":"unverified"}},{"type":"Feature","geometry":{"type":"LineString","coordinates":[[-92.8429067849135,39.816591375974],[-92.8413503329929,39.80369440217481],[-92.8497469762935,39.79774454368521],[-92.8456230416924,39.7869261717794],[-92.8476339861862,39.7733155153352],[-92.8560966959478,39.7657598810864],[-92.8526235194426,39.7643334249336],[-92.856540771099,39.7555921823976],[-92.8551609377069,39.74671809540941],[-92.865714672485,39.7397501583669],[-92.855955536249,39.7285234383841],[-92.8587327379774,39.7296645208567],[-92.8650597752616,39.7223228773365],[-92.8623145036038,39.712343392352],[-92.8701249956016,39.7114673056712],[-92.87077596875501,39.6964835895302],[-92.8767228732539,39.6896677671918],[-92.87486839600491,39.6754252443689],[-92.8676006884711,39.6720294291646],[-92.868833201579,39.66804245036491]]},"properties":{"segment_id":"1c3dac93d807a89ea46ae63e","source_kmz":"missouri","orientation":"unverified"}},{"type":"Feature","geometry":{"type":"LineString","coordinates":[[-92.53357390040951,39.9579196947739],[-92.52323689757712,39.9517399889531],[-92.5219034148235,39.9353600933053]]},"properties":{"segment_id":"a0c7c2e15ef355cf27526818","source_kmz":"missouri","orientation":"unverified"}},{"type":"Feature","geometry":{"type":"LineString","coordinates":[[-92.5219034148235,39.9353600933053],[-92.5171945769681,39.9301392488368],[-92.5209153891529,39.9264914945078],[-92.5180508377277,39.9124805389829],[-92.522780368448,39.9099323961375],[-92.51988105808681,39.9039580059843],[-92.52425617104491,39.9014000146652],[-92.5178972729541,39.8937223333019],[-92.523790361588,39.8890631719365],[-92.52664549589872,39.8666377579441]]},"properties":{"segment_id":"c21f402bc063e321014484d6","source_kmz":"missouri","orientation":"unverified"}},{"type":"Feature","geometry":{"type":"LineString","coordinates":[[-92.52664549589872,39.8666377579441],[-92.5208541279351,39.8619229575656],[-92.51784866728052,39.7704845521429]]},"properties":{"segment_id":"659b20c833ac47a45269db10","source_kmz":"missouri","orientation":"unverified"}},{"type":"Feature","geometry":{"type":"LineString","coordinates":[[-92.51784866728052,39.7704845521429],[-92.517566024867,39.754402851155],[-92.51212435869871,39.7499652137439],[-92.51613735794771,39.7473978481016],[-92.5154149687524,39.7404124785727],[-92.504980867447,39.7369071986915],[-92.5049136141331,39.7310116158734]]},"properties":{"segment_id":"4f54a6c352597b70d780f13c","source_kmz":"missouri","orientation":"unverified"}},{"type":"Feature","geometry":{"type":"LineString","coordinates":[[-92.5049136141331,39.7310116158734],[-92.5018800215803,39.7279801219387],[-92.50077650787281,39.707053542282]]},"properties":{"segment_id":"6191b731c715d108e42716a1","source_kmz":"missouri","orientation":"unverified"}},{"type":"Feature","geometry":{"type":"LineString","coordinates":[[-92.50077650787281,39.707053542282],[-92.4967637121796,39.7023872035643],[-92.4971280012192,39.6948963887004]]},"properties":{"segment_id":"a8046de229324f30842e9e8b","source_kmz":"missouri","orientation":"unverified"}},{"type":"Feature","geometry":{"type":"LineString","coordinates":[[-92.501071570951,39.6864340749656],[-92.5005480301939,39.6826689719413],[-92.5068165900161,39.6772182837242]]},"properties":{"segment_id":"0b9a3ba73defb24095bf3e7b","source_kmz":"missouri","orientation":"unverified"}},{"type":"Feature","geometry":{"type":"LineString","coordinates":[[-92.59999795798,39.7531830719023],[-92.60915252428072,39.7464659688356],[-92.6084085200957,39.7397486858109],[-92.6136778472727,39.7329261527576],[-92.6130084824999,39.7171029199596],[-92.6195741695428,39.7127262303747],[-92.6115569590767,39.6803639462071],[-92.61282666501391,39.645842094352]]},"properties":{"segment_id":"7f7c07da259b6ca1cf86f96b","source_kmz":"missouri","orientation":"unverified"}},{"type":"Feature","geometry":{"type":"LineString","coordinates":[[-92.61282666501391,39.645842094352],[-92.6165144677216,39.6349589559246],[-92.6227199882,39.6305727064453]]},"properties":{"segment_id":"ea2ec6a178f6701d67bfac0f","source_kmz":"missouri","orientation":"unverified"}},{"type":"Feature","geometry":{"type":"LineString","coordinates":[[-92.5068165900161,39.6772182837242],[-92.5126020646671,39.6744327535844],[-92.5110977516662,39.6690330756199],[-92.5223615607805,39.65514842374401],[-92.5185828413082,39.6456673946316],[-92.5306286320799,39.6374295544919],[-92.5170422449199,39.619103996285]]},"properties":{"segment_id":"1d53cd5af240b3d986b93cc3","source_kmz":"missouri","orientation":"unverified"}},{"type":"Feature","geometry":{"type":"LineString","coordinates":[[-92.6227199882,39.6305727064453],[-92.6246040414037,39.61294396251971],[-92.6311720435077,39.6082993011472],[-92.6325211095764,39.5794057814997]]},"properties":{"segment_id":"3ee2f05600ae6c1d0652be39","source_kmz":"missouri","orientation":"unverified"}},{"type":"Feature","geometry":{"type":"LineString","coordinates":[[-92.5217534848063,39.594589960043],[-92.52027595955441,39.5886555060019],[-92.5235880986989,39.5858009339728],[-92.51614878327092,39.5791648275983],[-92.5144878473711,39.5697427811794],[-92.52625945038962,39.5596231411112]]},"properties":{"segment_id":"8cef8012d65835205a259bba","source_kmz":"missouri","orientation":"unverified"}},{"type":"Feature","geometry":{"type":"LineString","coordinates":[[-92.52625945038962,39.5596231411112],[-92.524138275931,39.5450988830093],[-92.5333249063669,39.5373177608019],[-92.53515665762062,39.528528735399],[-92.54057717599152,39.52573230041],[-92.53796116330041,39.5141413724726]]},"properties":{"segment_id":"1f0a2f4774d1e3c9c02082e5","source_kmz":"missouri","orientation":"unverified"}},{"type":"Feature","geometry":{"type":"LineString","coordinates":[[-92.6440174792266,39.55212468704361],[-92.6445561316999,39.5481211902562],[-92.6506531827903,39.5458739236413],[-92.64578242269901,39.5369038584989],[-92.65715352114482,39.5272976296107],[-92.6652613821404,39.5272463681478],[-92.6606553968895,39.5201590328563],[-92.6658667199691,39.5141374303041],[-92.6735842135918,39.51487882540771],[-92.6779426259661,39.5120483417146],[-92.6769412406303,39.5031824432053]]},"properties":{"segment_id":"eb894b8ce64ad73db1698399","source_kmz":"missouri","orientation":"unverified"}},{"type":"Feature","geometry":{"type":"LineString","coordinates":[[-92.6769412406303,39.5031824432053],[-92.681945618317,39.4939405048223],[-92.7007046172304,39.484258935118]]},"properties":{"segment_id":"b4a0845e641ebf461abde230","source_kmz":"missouri","orientation":"unverified"}},{"type":"Feature","geometry":{"type":"LineString","coordinates":[[-92.53796116330041,39.5141413724726],[-92.53158349907692,39.5075355872408],[-92.5367405258046,39.502856968822],[-92.5373305013801,39.4905513092682],[-92.551726911187,39.476752586772],[-92.5523651752364,39.463376904502]]},"properties":{"segment_id":"ef9e3e889931e5229565c5b1","source_kmz":"missouri","orientation":"unverified"}},{"type":"Feature","geometry":{"type":"LineString","coordinates":[[-92.55603469580531,39.4602637861469],[-92.58198549912112,39.4475837672421],[-92.59892436316191,39.4467070795586]]},"properties":{"segment_id":"b036d41c1d0ff193da8c0f1b","source_kmz":"missouri","orientation":"unverified"}},{"type":"Feature","geometry":{"type":"LineString","coordinates":[[-92.7007046172304,39.484258935118],[-92.720441333521,39.4684398526998],[-92.7218119863984,39.4615117729426],[-92.729609182488,39.4603769878947],[-92.72587424115594,39.4573327854839],[-92.73000864943391,39.4515484918112],[-92.74089500549742,39.4443334611033],[-92.7461567384317,39.4447385563915],[-92.7545915974743,39.4371906474287],[-92.7594773489389,39.4381211024979]]},"properties":{"segment_id":"eda3f20c9f4f51e8ced2296d","source_kmz":"missouri","orientation":"unverified"}},{"type":"Feature","geometry":{"type":"LineString","coordinates":[[-92.7594773489389,39.4381211024979],[-92.7634762290142,39.4352785786069],[-92.760184741464,39.4223367725394]]},"properties":{"segment_id":"5dd9f1f2875296e2e587c6ce","source_kmz":"missouri","orientation":"unverified"}},{"type":"Feature","geometry":{"type":"LineString","coordinates":[[-92.63107794003731,39.4365968033023],[-92.63701360085182,39.4300604958569],[-92.6361209107379,39.42655433532931],[-92.64003697390571,39.4255884056796],[-92.6384537036593,39.4217958213998],[-92.65713798255301,39.4134585920652]]},"properties":{"segment_id":"a149a2cb34bdd70df06e2230","source_kmz":"missouri","orientation":"unverified"}},{"type":"Feature","geometry":{"type":"LineString","coordinates":[[-92.65713798255301,39.4134585920652],[-92.66901249940511,39.415383224792],[-92.6802508955574,39.4081829386983],[-92.69391891129,39.4093493665]]},"properties":{"segment_id":"812c2b3d1da503f84a1d9deb","source_kmz":"missouri","orientation":"unverified"}},{"type":"Feature","geometry":{"type":"LineString","coordinates":[[-92.5692215191773,39.412411712425],[-92.5873327627374,39.408890478344],[-92.5959562709251,39.3976082111234]]},"properties":{"segment_id":"f0627726998acc9affde5525","source_kmz":"missouri","orientation":"unverified"}},{"type":"Feature","geometry":{"type":"LineString","coordinates":[[-92.760184741464,39.4223367725394],[-92.77015766596593,39.41964901322191],[-92.7707002981548,39.4153776118786],[-92.7659355834994,39.4117722996216],[-92.7816485846129,39.4065539247861],[-92.7843106478461,39.4020693128784]]},"properties":{"segment_id":"952a67e7560bee779f209dd3","source_kmz":"missouri","orientation":"unverified"}},{"type":"Feature","geometry":{"type":"LineString","coordinates":[[-92.54156387537901,39.3947729271584],[-92.5479325115349,39.4013779772732],[-92.5574572075105,39.4008375699854],[-92.568357720759,39.40837006543241],[-92.5692215191773,39.412411712425]]},"properties":{"segment_id":"25b301a920d2ee1761cfa3c7","source_kmz":"missouri","orientation":"unverified"}},{"type":"Feature","geometry":{"type":"LineString","coordinates":[[-92.69391891129,39.4093493665],[-92.7054788744633,39.4104586479655],[-92.7096000634782,39.40494263394371],[-92.7123503726556,39.4063543558564],[-92.7190032104395,39.399297678127],[-92.7153447592241,39.39464806949321]]},"properties":{"segment_id":"2047625fc3e7c87beed41154","source_kmz":"missouri","orientation":"unverified"}},{"type":"Feature","geometry":{"type":"LineString","coordinates":[[-92.5959562709251,39.3976082111234],[-92.6081527378321,39.3925833048124],[-92.634613698728,39.3908892751641]]},"properties":{"segment_id":"7be7711596509df8eeb1d939","source_kmz":"missouri","orientation":"unverified"}},{"type":"Feature","geometry":{"type":"LineString","coordinates":[[-92.634613698728,39.3908892751641],[-92.6412016722906,39.3929417829986],[-92.6464755602514,39.40058348481551],[-92.64280054132571,39.4039667209579],[-92.65713798255301,39.4134585920652]]},"properties":{"segment_id":"57c1b7e4d855349e72f59dfc","source_kmz":"missouri","orientation":"unverified"}},{"type":"Feature","geometry":{"type":"LineString","coordinates":[[-92.7153447592241,39.39464806949321],[-92.7234862738066,39.3857555046167],[-92.7193798959241,39.3832369944625],[-92.7247339602422,39.3815027974755]]},"properties":{"segment_id":"2902f7e65efd19db74de73f1","source_kmz":"missouri","orientation":"unverified"}},{"type":"Feature","geometry":{"type":"LineString","coordinates":[[-92.6850854104146,39.364116855885],[-92.6946865289147,39.3694607337664],[-92.7001499649505,39.3653199197315],[-92.70464241556,39.3670457683112],[-92.7117759328585,39.3648234821386],[-92.72047054311311,39.3746947260012],[-92.72469758211382,39.37453795981591],[-92.7247339602422,39.3815027974755]]},"properties":{"segment_id":"c104e4b53d7c93f7239be575","source_kmz":"missouri","orientation":"unverified"}},{"type":"Feature","geometry":{"type":"LineString","coordinates":[[-92.7247339602422,39.3815027974755],[-92.7289613876231,39.3813458865509],[-92.751884738737,39.3642675632823]]},"properties":{"segment_id":"65cb747196468b442b40cdc9","source_kmz":"missouri","orientation":"unverified"}},{"type":"Feature","geometry":{"type":"LineString","coordinates":[[-92.7843106478461,39.4020693128784],[-92.7876869886437,39.3973352139538],[-92.78864605298222,39.3995025995228],[-92.7981686725581,39.3989438258662],[-92.8023294442803,39.3923546440111],[-92.7993212783396,39.3887956440926],[-92.80453523339,39.3822334443988],[-92.8152035416359,39.3795601139655],[-92.8098779955515,39.372728192691],[-92.81444629468942,39.364809984458],[-92.8184977742612,39.3606281038409],[-92.8337627911333,39.3572670005715],[-92.83427779969621,39.3535304632874]]},"properties":{"segment_id":"a7c42a5466fb212e2da56e01","source_kmz":"missouri","orientation":"unverified"}},{"type":"Feature","geometry":{"type":"LineString","coordinates":[[-92.598947469928,39.3564402705962],[-92.60923100652312,39.3620773747164],[-92.623327726764,39.3613884862967],[-92.62466821511191,39.3552642266148],[-92.6381481785584,39.3526820688257],[-92.6433617262153,39.3463941908515]]},"properties":{"segment_id":"ac6645a9aa4f4a8f74327889","source_kmz":"missouri","orientation":"unverified"}},{"type":"Feature","geometry":{"type":"LineString","coordinates":[[-92.751884738737,39.3642675632823],[-92.76705341246532,39.3552874533548],[-92.7722610944019,39.35676154276121],[-92.77357697246511,39.3509032242934],[-92.78311709751512,39.3498105537425],[-92.7926733086649,39.340414763091]]},"properties":{"segment_id":"d30236c8acb5f06c667410ff","source_kmz":"missouri","orientation":"unverified"}},{"type":"Feature","geometry":{"type":"LineString","coordinates":[[-92.8248689565318,39.3356144793201],[-92.82914035776622,39.3343840564111],[-92.8292453536693,39.3400111288677],[-92.8333413949293,39.3427935236487]]},"properties":{"segment_id":"ca5ae2c082952e75338cc298","source_kmz":"missouri","orientation":"unverified"}},{"type":"Feature","geometry":{"type":"LineString","coordinates":[[-92.8350254628569,39.2881996603537],[-92.8385105018883,39.2888237973286],[-92.8425553295501,39.2766064874405],[-92.8545609726578,39.2670008238217]]},"properties":{"segment_id":"d09750607b4547f33419c350","source_kmz":"missouri","orientation":"unverified"}},{"type":"Feature","geometry":{"type":"LineString","coordinates":[[-92.89585643089241,38.3604635371086],[-92.8823070104175,38.35289044599101],[-92.87718632590521,38.3428521314337]]},"properties":{"segment_id":"546288a5f200ef5b61416635","source_kmz":"missouri","orientation":"unverified"}},{"type":"Feature","geometry":{"type":"LineString","coordinates":[[-92.87718632590521,38.3428521314337],[-92.859581074774,38.3410648734226],[-92.8535424137203,38.3363579727913]]},"properties":{"segment_id":"d339cc58df1338dca03d9f4c","source_kmz":"missouri","orientation":"unverified"}},{"type":"Feature","geometry":{"type":"LineString","coordinates":[[-92.8095561731146,38.3593268184324],[-92.80797829191161,38.34777041810231],[-92.79770877419152,38.3367913650168],[-92.7983273293738,38.3226139230605]]},"properties":{"segment_id":"5f992699d27fe496faffe725","source_kmz":"missouri","orientation":"unverified"}},{"type":"Feature","geometry":{"type":"LineString","coordinates":[[-92.8507606003064,38.3365545650709],[-92.8279529119363,38.3188291857439],[-92.8153870590138,38.3128805164832],[-92.8043094478045,38.3125930591748]]},"properties":{"segment_id":"e79512a7dfdbe38954082a41","source_kmz":"missouri","orientation":"unverified"}},{"type":"Feature","geometry":{"type":"LineString","coordinates":[[-92.7983273293738,38.3226139230605],[-92.8051267675533,38.3177025467331],[-92.80119388529171,38.3125120320266]]},"properties":{"segment_id":"996462b08e1e343e108a53e6","source_kmz":"missouri","orientation":"unverified"}},{"type":"Feature","geometry":{"type":"LineString","coordinates":[[-92.7194988810439,38.3181256438364],[-92.717971264699,38.3135320911189],[-92.7234861645413,38.30644832190121]]},"properties":{"segment_id":"39e16df76a0c59f23320dac8","source_kmz":"missouri","orientation":"unverified"}},{"type":"Feature","geometry":{"type":"LineString","coordinates":[[-92.7234861645413,38.30644832190121],[-92.73101706573581,38.3007570132854],[-92.7537540084818,38.3037698730708]]},"properties":{"segment_id":"770e17aab65f13591e6b217b","source_kmz":"missouri","orientation":"unverified"}},{"type":"Feature","geometry":{"type":"LineString","coordinates":[[-92.7537540084818,38.3037698730708],[-92.75531584783081,38.2997940006817],[-92.769190787138,38.2915896925556]]},"properties":{"segment_id":"6bae6e1f923b2ea91f999362","source_kmz":"missouri","orientation":"unverified"}},{"type":"Feature","geometry":{"type":"LineString","coordinates":[[-92.769190787138,38.2915896925556],[-92.7782416340168,38.2827219055369],[-92.7785701916679,38.2752319664792]]},"properties":{"segment_id":"8564a6da1cbbef577da4151a","source_kmz":"missouri","orientation":"unverified"}},{"type":"Feature","geometry":{"type":"LineString","coordinates":[[-92.80119388529171,38.3125120320266],[-92.7966859840177,38.3046283600463],[-92.7966706759612,38.2890953625904],[-92.7785701916679,38.2752319664792]]},"properties":{"segment_id":"d139e621f095ae5a9ee979ad","source_kmz":"missouri","orientation":"unverified"}},{"type":"Feature","geometry":{"type":"LineString","coordinates":[[-92.7558580194689,38.25615566468],[-92.7458246169469,38.2481238148473],[-92.7469403267234,38.2307457683682],[-92.7389636348104,38.2310698171227],[-92.7316181796203,38.2249826890948],[-92.7070699712719,38.2243268021169]]},"properties":{"segment_id":"3c3c024a2ac84388fc2f576e","source_kmz":"missouri","orientation":"unverified"}},{"type":"Feature","geometry":{"type":"LineString","coordinates":[[-92.6602169678539,38.1127196977068],[-92.6480655043577,38.1214940157009],[-92.6457501494683,38.1267871390489],[-92.6446159167476,38.151663532219]]},"properties":{"segment_id":"7a67bc2243c5c2350103602e","source_kmz":"missouri","orientation":"unverified"}},{"type":"Feature","geometry":{"type":"LineString","coordinates":[[-92.6199475365975,38.0939395782925],[-92.62653135321621,38.1010844146182],[-92.6434441767831,38.1015487092081],[-92.6562201966032,38.1093968948307]]},"properties":{"segment_id":"6e0c3a7593ecd4bdf6e2e1fc","source_kmz":"missouri","orientation":"unverified"}},{"type":"Feature","geometry":{"type":"LineString","coordinates":[[-92.5935699246235,38.096423236116],[-92.6089037945442,38.1011336631495],[-92.6199475365975,38.0939395782925]]},"properties":{"segment_id":"98dd2bfb1a7373a0799d78a0","source_kmz":"missouri","orientation":"unverified"}},{"type":"Feature","geometry":{"type":"LineString","coordinates":[[-92.59071318020482,38.0834880291577],[-92.5957037486024,38.0876441927834],[-92.5935699246235,38.096423236116]]},"properties":{"segment_id":"08eabaaca5434237c2af9b5f","source_kmz":"missouri","orientation":"unverified"}},{"type":"Feature","geometry":{"type":"LineString","coordinates":[[-92.5357474586866,38.0840891764781],[-92.543326375793,38.084571025359],[-92.5547691299399,38.0763226114921],[-92.56307489470542,38.0760201973565],[-92.57165454615,38.0698325988841]]},"properties":{"segment_id":"0fd066899ca98095698f60b4","source_kmz":"missouri","orientation":"unverified"}},{"type":"Feature","geometry":{"type":"LineString","coordinates":[[-92.57165454615,38.0698325988841],[-92.57653434558021,38.0688977218133],[-92.57675189817232,38.0790813656702],[-92.58140873066,38.0829609906416],[-92.59071318020482,38.0834880291577]]},"properties":{"segment_id":"54cca18435690ea20d06054f","source_kmz":"missouri","orientation":"unverified"}},{"type":"Feature","geometry":{"type":"LineString","coordinates":[[-92.9390664876827,38.0811681154699],[-92.93151928238771,38.0716065043118],[-92.9144995200067,38.0738571008474],[-92.9100502111772,38.0646398341648]]},"properties":{"segment_id":"7a8cd61d46362ec9ee667498","source_kmz":"missouri","orientation":"unverified"}},{"type":"Feature","geometry":{"type":"LineString","coordinates":[[-92.9540688043673,38.0650725417987],[-92.95756454130522,38.0682390299352],[-92.9557287529253,38.0708713782388],[-92.94448722757801,38.07541189314931],[-92.9390664876827,38.0811681154699]]},"properties":{"segment_id":"e9762f28f35207298e21e491","source_kmz":"missouri","orientation":"unverified"}},{"type":"Feature","geometry":{"type":"LineString","coordinates":[[-92.86749172655,38.0745390418831],[-92.8632679638532,38.068271529206],[-92.8560679589905,38.0670157819666],[-92.8580213205486,38.0617098161602],[-92.85357058336602,38.060792182623]]},"properties":{"segment_id":"98451621ab99e326395fb242","source_kmz":"missouri","orientation":"unverified"}},{"type":"Feature","geometry":{"type":"LineString","coordinates":[[-92.51516656376721,38.0444013886749],[-92.52518491529781,38.0516497861738],[-92.5317207871293,38.0448712811048],[-92.5369191718983,38.0444827033075],[-92.53790903507301,38.0528135889886],[-92.5341955653538,38.0583331251574],[-92.5457230543983,38.0629440644625],[-92.54478216037062,38.068274215811],[-92.529350456575,38.0731947566819],[-92.5277181693459,38.078505222446]]},"properties":{"segment_id":"6f4226e3e5cdaf68e95d09cb","source_kmz":"missouri","orientation":"unverified"}},{"type":"Feature","geometry":{"type":"LineString","coordinates":[[-92.85223632158852,38.05968669179691],[-92.84556561316572,38.05415901736211],[-92.8294444535962,38.0516003872211],[-92.825292634887,38.0597948748721]]},"properties":{"segment_id":"41c955300616927d6a6a0cf6","source_kmz":"missouri","orientation":"unverified"}},{"type":"Feature","geometry":{"type":"LineString","coordinates":[[-92.4941268031782,38.0293375508026],[-92.49867446206902,38.035360152496],[-92.50627349228553,38.0353093415356]]},"properties":{"segment_id":"c68d704c15101ca2c9054345","source_kmz":"missouri","orientation":"unverified"}},{"type":"Feature","geometry":{"type":"LineString","coordinates":[[-92.8843042575743,38.0364042583092],[-92.8793725835261,38.0550248609017],[-92.87472905552372,38.0586557199253],[-92.85357058336602,38.060792182623]]},"properties":{"segment_id":"74ea0be68c61e2537ef408dc","source_kmz":"missouri","orientation":"unverified"}},{"type":"Feature","geometry":{"type":"LineString","coordinates":[[-92.5683694159566,38.0142992704815],[-92.56348866046342,38.0227330569277],[-92.5557337051629,38.0187654719218],[-92.5463875362332,38.0193057032497],[-92.54404910399741,38.0323636716442],[-92.533490474847,38.0366184567174],[-92.5261057187722,38.03212380387451],[-92.52599617278672,38.0198001666284],[-92.5206984469249,38.0223281182637]]},"properties":{"segment_id":"907cee3fbcf7590cdd45396c","source_kmz":"missouri","orientation":"unverified"}},{"type":"Feature","geometry":{"type":"LineString","coordinates":[[-92.5789075231947,38.017808185385],[-92.5739226282428,38.0136512989776],[-92.5683694159566,38.0142992704815]]},"properties":{"segment_id":"244de72ffcc805bed9ca22ea","source_kmz":"missouri","orientation":"unverified"}},{"type":"Feature","geometry":{"type":"LineString","coordinates":[[-92.52232205901701,38.0025541951171],[-92.5174494531503,38.010718680652],[-92.5206984469249,38.0223281182637]]},"properties":{"segment_id":"d5655b3fe3e748c0552551a3","source_kmz":"missouri","orientation":"unverified"}},{"type":"Feature","geometry":{"type":"LineString","coordinates":[[-92.463765822455,38.0000730044481],[-92.4911864006081,38.0040762226318],[-92.4964499806335,38.0240472301846],[-92.4941268031782,38.0293375508026]]},"properties":{"segment_id":"0f8df1497b30f842af247f16","source_kmz":"missouri","orientation":"unverified"}},{"type":"Feature","geometry":{"type":"LineString","coordinates":[[-92.63967465047843,37.9948509667391],[-92.6424147056557,38.0104601107921],[-92.63444917539371,38.0110448723876],[-92.6301044352209,38.0154784234993],[-92.62742593080232,38.0362951994108],[-92.6146902226434,38.027908963226],[-92.60808953617511,38.0287976206466],[-92.6007263730276,38.0162732586085],[-92.5856540670668,38.0212104925468],[-92.5789075231947,38.017808185385]]},"properties":{"segment_id":"cef875d937855f36b75cb166","source_kmz":"missouri","orientation":"unverified"}},{"type":"Feature","geometry":{"type":"LineString","coordinates":[[-92.5062543466412,37.9774552656817],[-92.5097153753616,37.9845179033299],[-92.5173091603253,37.9844664073439],[-92.5057623717712,37.9951187419124],[-92.52016182022301,37.9971360177718],[-92.52232205901701,38.0025541951171]]},"properties":{"segment_id":"41f73d7dd0b812ff7f62f727","source_kmz":"missouri","orientation":"unverified"}},{"type":"Feature","geometry":{"type":"LineString","coordinates":[[-92.6562328631211,37.9797705277494],[-92.6553131498045,37.9848340928651],[-92.64385560237902,37.9863952131361],[-92.63967465047843,37.9948509667391]]},"properties":{"segment_id":"72d8bcb118eef3e3e89f725a","source_kmz":"missouri","orientation":"unverified"}},{"type":"Feature","geometry":{"type":"LineString","coordinates":[[-92.6590760634032,37.96270729601471],[-92.6582052398999,37.966700913899],[-92.6494947299978,37.9686053127755],[-92.6562328631211,37.9797705277494]]},"properties":{"segment_id":"703172d264a239b479d425f8","source_kmz":"missouri","orientation":"unverified"}},{"type":"Feature","geometry":{"type":"LineString","coordinates":[[-92.49499308244721,37.9457955336641],[-92.4943829725248,37.958634556441],[-92.5009933116686,37.9647163470601]]},"properties":{"segment_id":"e12e1e35ee71b24762f91642","source_kmz":"missouri","orientation":"unverified"}},{"type":"Feature","geometry":{"type":"LineString","coordinates":[[-92.5175408383274,37.9357259068107],[-92.5070856224633,37.945337934019],[-92.50302021030892,37.9583460766625]]},"properties":{"segment_id":"5e3d29fc75c3eed0b43cb824","source_kmz":"missouri","orientation":"unverified"}},{"type":"Feature","geometry":{"type":"LineString","coordinates":[[-92.5329772887601,37.9227724479729],[-92.5331959400402,37.9254570592351],[-92.5175408383274,37.9357259068107]]},"properties":{"segment_id":"a3f76fc2d822bebc4e25aeab","source_kmz":"missouri","orientation":"unverified"}},{"type":"Feature","geometry":{"type":"LineString","coordinates":[[-92.44413874921341,37.9132570097863],[-92.45374947839831,37.9213038067535],[-92.46605446590733,37.9235350127134],[-92.48077032072841,37.93306622034091],[-92.4839842138695,37.9307480535187]]},"properties":{"segment_id":"8c30d163a1cb24ee70381597","source_kmz":"missouri","orientation":"unverified"}},{"type":"Feature","geometry":{"type":"LineString","coordinates":[[-92.4785015957938,37.9011270965663],[-92.4776089700725,37.9053869444484],[-92.48856119193783,37.9142731230518],[-92.4865851938881,37.91957328032351]]},"properties":{"segment_id":"4c4c459a8f40f369751d972d","source_kmz":"missouri","orientation":"unverified"}},{"type":"Feature","geometry":{"type":"LineString","coordinates":[[-92.6637267534786,37.8980198971283],[-92.6618000561994,37.90252039399611],[-92.6548669077553,37.9034021886792],[-92.652263146668,37.9076161916713],[-92.6660394310018,37.9154918545815],[-92.6689270227665,37.9278906288535],[-92.6607406197887,37.9335595742008],[-92.6716642486575,37.9359999651505],[-92.6727764399853,37.9419224089536]]},"properties":{"segment_id":"dbbb826aa4d6569442d3f692","source_kmz":"missouri","orientation":"unverified"}},{"type":"Feature","geometry":{"type":"LineString","coordinates":[[-92.6797217457038,37.8872066360625],[-92.6734424282918,37.8889106880538],[-92.6637267534786,37.8980198971283]]},"properties":{"segment_id":"e4c901135468a9b51c2c911c","source_kmz":"missouri","orientation":"unverified"}},{"type":"Feature","geometry":{"type":"LineString","coordinates":[[-92.6403335701221,37.8440804186446],[-92.65051897079532,37.8473063120267],[-92.649774664112,37.8561243879662],[-92.6615317188542,37.8551070831582]]},"properties":{"segment_id":"f33a65f98f769d61679a98ff","source_kmz":"missouri","orientation":"unverified"}},{"type":"Feature","geometry":{"type":"LineString","coordinates":[[-92.60348325743412,37.8066351562782],[-92.5983379578889,37.8137235864116],[-92.60305254055702,37.823497067555],[-92.6205418367302,37.8325531310763]]},"properties":{"segment_id":"7dfcd4e016def2a4a37cfb0e","source_kmz":"missouri","orientation":"unverified"}},{"type":"Feature","geometry":{"type":"LineString","coordinates":[[-92.6273650502186,37.766050075928],[-92.62788355673922,37.7773136696582],[-92.6070684788323,37.78852171819401],[-92.6094254907443,37.7971581052006],[-92.60348325743412,37.8066351562782]]},"properties":{"segment_id":"0071376665349f64b7b54fee","source_kmz":"missouri","orientation":"unverified"}},{"type":"Feature","geometry":{"type":"LineString","coordinates":[[-92.6925752266701,37.6925732754182],[-92.692040712817,37.6968441786944],[-92.6983005910955,37.7029063041598],[-92.69288800157051,37.7086520132774],[-92.69186654752271,37.7161237342361],[-92.7018196301684,37.7319278015081],[-92.7009752375126,37.7431540085568]]},"properties":{"segment_id":"ec89c80e3cbd1d140160d691","source_kmz":"missouri","orientation":"unverified"}},{"type":"Feature","geometry":{"type":"LineString","coordinates":[[-92.7076347429037,37.6785177644296],[-92.7085454257142,37.6812207368995],[-92.70031778520202,37.6884977149021]]},"properties":{"segment_id":"0f1f48fcdd9b97793c336bf8","source_kmz":"missouri","orientation":"unverified"}},{"type":"Feature","geometry":{"type":"LineString","coordinates":[[-92.70187219328862,37.7538916102374],[-92.7055539407053,37.7639008978425],[-92.6972809701149,37.77198006158401],[-92.70120168789941,37.7766392620399],[-92.6957122016826,37.7839900543981],[-92.71027656687721,37.7892044495362],[-92.7083419516754,37.8017403134026],[-92.6962831781316,37.8097173223652],[-92.69500945525012,37.8228065386677],[-92.68541720898091,37.8217430506994],[-92.679790587799,37.832035611171],[-92.6670781184909,37.8314215067075],[-92.67282272067311,37.8414879122003],[-92.66859881685352,37.8435154317156],[-92.6587208000939,37.84110295742381],[-92.66328236470932,37.8468521301914],[-92.6615317188542,37.8551070831582]]},"properties":{"segment_id":"fc6d324cd02df830ae3ea92e","source_kmz":"missouri","orientation":"unverified"}},{"type":"Feature","geometry":{"type":"LineString","coordinates":[[-92.9698133607618,38.0559562622002],[-92.9530639435147,38.0517917001227],[-92.94934842023872,38.0581263233274],[-92.9540688043673,38.0650725417987]]},"properties":{"segment_id":"c0f9257f5bef9e636f76a1e5","source_kmz":"missouri","orientation":"unverified"}},{"type":"Feature","geometry":{"type":"LineString","coordinates":[[-92.98419339033411,38.0421180844897],[-92.9729799864423,38.0461261829692],[-92.97369615320322,38.0539098910123],[-92.9698133607618,38.0559562622002]]},"properties":{"segment_id":"af5aab0c452b52807baf5b8f","source_kmz":"missouri","orientation":"unverified"}},{"type":"Feature","geometry":{"type":"LineString","coordinates":[[-93.0,38.05729439513665],[-92.99840404827494,38.0577312490967],[-92.9913603677067,38.04416888013891],[-92.98419339033411,38.0421180844897]]},"properties":{"segment_id":"fceea4af586ff13666565e18","source_kmz":"missouri","orientation":"unverified"}},{"type":"Feature","geometry":{"type":"LineString","coordinates":[[-92.91343544294682,37.8354856162457],[-92.9070091454025,37.8409470395318],[-92.8973216446331,37.8420404002542],[-92.88679387419191,37.8548952439633],[-92.890087862216,37.8584606638593],[-92.9089551308219,37.8602784938064]]},"properties":{"segment_id":"3b06e1ceeb677e5aebde4f48","source_kmz":"missouri","orientation":"unverified"}},{"type":"Feature","geometry":{"type":"LineString","coordinates":[[-92.814275559354,37.7954447666546],[-92.81688737829013,37.7987267380019],[-92.8221934335553,37.7953833283469],[-92.8372157374607,37.79818383553931]]},"properties":{"segment_id":"752a90b04a08d1a12cccde31","source_kmz":"missouri","orientation":"unverified"}},{"type":"Feature","geometry":{"type":"LineString","coordinates":[[-92.8693296964076,37.7631243222616],[-92.86440910453321,37.7737106495746],[-92.8766679126515,37.7767031690804],[-92.8778844858073,37.7804837098887],[-92.86114886344082,37.7856785827677],[-92.87238256794923,37.7966795556739],[-92.8710229098556,37.804411332305],[-92.862325663453,37.8065984525111],[-92.85317728172443,37.7951147197632],[-92.83957571174201,37.7912816952381],[-92.8360696445541,37.7927977758761],[-92.8372157374607,37.79818383553931]]},"properties":{"segment_id":"cbaa9b34017a1f9032d63ce3","source_kmz":"missouri","orientation":"unverified"}},{"type":"Feature","geometry":{"type":"LineString","coordinates":[[-92.8512645474588,37.7511432605545],[-92.84456588292251,37.7549874784807],[-92.8471206012165,37.759606452977],[-92.8661542986307,37.7568830097225],[-92.8693296964076,37.7631243222616]]},"properties":{"segment_id":"bd37d9c93545cbebbf0557d4","source_kmz":"missouri","orientation":"unverified"}},{"type":"Feature","geometry":{"type":"LineString","coordinates":[[-92.8878273941183,37.7322630542425],[-92.8804955928438,37.7430562587859],[-92.87811997262311,37.7341575068036],[-92.86792892625871,37.731218044],[-92.8618064246379,37.7377561422411],[-92.8608356787905,37.7444266356823]]},"properties":{"segment_id":"0d0300fc0dc48557b5c82707","source_kmz":"missouri","orientation":"unverified"}},{"type":"Feature","geometry":{"type":"LineString","coordinates":[[-92.8443647241105,37.7113274600498],[-92.8578382753269,37.71783530142101],[-92.8540631297012,37.7257725873751],[-92.8612896725252,37.7337255578019],[-92.8608356787905,37.7444266356823]]},"properties":{"segment_id":"e7e8cdbd25383372eb163b78","source_kmz":"missouri","orientation":"unverified"}},{"type":"Feature","geometry":{"type":"LineString","coordinates":[[-92.83039080928711,37.6844503742109],[-92.8350475347388,37.6880531067025],[-92.8344068803141,37.6949999076599],[-92.84110148211532,37.6991909250211],[-92.8384812270868,37.7042116469463],[-92.8470873898163,37.7038988703665],[-92.8443647241105,37.7113274600498]]},"properties":{"segment_id":"ac9c94cfd7e652f19fab65e7","source_kmz":"missouri","orientation":"unverified"}},{"type":"Feature","geometry":{"type":"LineString","coordinates":[[-92.9872823542288,37.6878935933331],[-92.98059647697382,37.6917453304326],[-92.961916064919,37.6947627570662],[-92.9446836554454,37.6876367142802],[-92.9380954590572,37.6973805488516]]},"properties":{"segment_id":"df1f1563ceb82b7c04b3456a","source_kmz":"missouri","orientation":"unverified"}},{"type":"Feature","geometry":{"type":"LineString","coordinates":[[-92.923169005052,37.6844173648565],[-92.9246729333527,37.6978461296792],[-92.90727892011101,37.6864255697476],[-92.892913450406,37.6930235226824],[-92.8881127287334,37.6845986521191]]},"properties":{"segment_id":"adaaab34c9155bf3991beb2b","source_kmz":"missouri","orientation":"unverified"}},{"type":"Feature","geometry":{"type":"LineString","coordinates":[[-92.8881127287334,37.6845986521191],[-92.8826658107825,37.6833881815377],[-92.8794638820461,37.6859844533952],[-92.88219268108081,37.6946245296294],[-92.8801768863607,37.7098386716793],[-92.8945870616635,37.710474356872],[-92.8916715846246,37.7144173354012],[-92.87982728189361,37.7181321099414],[-92.878959963986,37.7223950108911],[-92.8876639667668,37.7279738102093],[-92.8878273941183,37.7322630542425]]},"properties":{"segment_id":"d1fee96257267156244b8b20","source_kmz":"missouri","orientation":"unverified"}},{"type":"Feature","geometry":{"type":"LineString","coordinates":[[-92.9380954590572,37.6973805488516],[-92.9341640459677,37.6927288858382],[-92.93791785847101,37.6850565987338],[-92.9328798361827,37.6822517689604],[-92.923169005052,37.6844173648565]]},"properties":{"segment_id":"75e790a56de2522ef33e6db0","source_kmz":"missouri","orientation":"unverified"}},{"type":"Feature","geometry":{"type":"LineString","coordinates":[[-93.0,37.684886033803224],[-92.999546413869,37.68203646664701],[-92.9919623288726,37.6826529632087],[-92.9872823542288,37.6878935933331]]},"properties":{"segment_id":"f46134f620942e14a3d85c3d","source_kmz":"missouri","orientation":"unverified"}},{"type":"Feature","geometry":{"type":"LineString","coordinates":[[-92.81377417870321,37.6553595335158],[-92.82397558467981,37.6577685164453],[-92.81761558564823,37.6618878127004],[-92.8251072416107,37.6634223871086],[-92.8228647648639,37.6676491735307],[-92.83182118180052,37.6751136690982],[-92.82865220166832,37.6769060270919],[-92.8226007757649,37.6738023114713],[-92.83039080928711,37.6844503742109]]},"properties":{"segment_id":"5259fddf96e2879ffb205802","source_kmz":"missouri","orientation":"unverified"}},{"type":"Feature","geometry":{"type":"LineString","coordinates":[[-92.9368542667104,37.6526240701006],[-92.94227848258862,37.6626695476355],[-92.9390910007282,37.6733021755823],[-92.9327582366847,37.6768923845492],[-92.9242778090589,37.6742683036845],[-92.9192169559133,37.6803002781174],[-92.923169005052,37.6844173648565]]},"properties":{"segment_id":"769274f44997ed62384b3f60","source_kmz":"missouri","orientation":"unverified"}},{"type":"Feature","geometry":{"type":"LineString","coordinates":[[-92.9800513561976,37.5955864553742],[-92.9901738873368,37.5998543917583],[-92.9994276956661,37.60865290646131],[-93.0,37.60839556066632]]},"properties":{"segment_id":"844db09aad50c5480b161293","source_kmz":"missouri","orientation":"unverified"}},{"type":"Feature","geometry":{"type":"LineString","coordinates":[[-92.94819706292321,37.5773836911093],[-92.9603719623297,37.5817056760537],[-92.9581396669815,37.5859350376782],[-92.96129355360742,37.592709311095],[-92.9680189126095,37.5960908303217],[-92.9800513561976,37.5955864553742]]},"properties":{"segment_id":"883fdae59d2ca6b2704a3c6a","source_kmz":"missouri","orientation":"unverified"}},{"type":"Feature","geometry":{"type":"LineString","coordinates":[[-92.8885356174221,37.5764086934774],[-92.8955810080488,37.5720355506259],[-92.9105608467526,37.5748271847029],[-92.9179141557784,37.5712640766864]]},"properties":{"segment_id":"5bdea308953bc388b32f5ab5","source_kmz":"missouri","orientation":"unverified"}},{"type":"Feature","geometry":{"type":"LineString","coordinates":[[-93.0,37.577457316127806],[-92.99474806701183,37.5801489402436],[-93.0,37.58385570104575]]},"properties":{"segment_id":"e07b6e2acc972d0c3d3d178f","source_kmz":"missouri","orientation":"unverified"}},{"type":"Feature","geometry":{"type":"LineString","coordinates":[[-93.0,37.59077142218916],[-92.99700270800162,37.592256352094],[-92.9833982651211,37.58924181015851],[-92.9800513561976,37.5955864553742]]},"properties":{"segment_id":"9599b0df100beecf70b3fdc4","source_kmz":"missouri","orientation":"unverified"}},{"type":"Feature","geometry":{"type":"LineString","coordinates":[[-92.99913237626672,37.54811890586371],[-92.9938519835697,37.5514702044459],[-93.0,37.55591792566739]]},"properties":{"segment_id":"42f77dd653e6026308ba136f","source_kmz":"missouri","orientation":"unverified"}},{"type":"Feature","geometry":{"type":"LineString","coordinates":[[-92.9995796964458,37.5285790537987],[-92.9988475990176,37.5382025399538],[-93.0,37.538755140683904]]},"properties":{"segment_id":"f57a1251fa51a2569d7b34e8","source_kmz":"missouri","orientation":"unverified"}},{"type":"Feature","geometry":{"type":"LineString","coordinates":[[-92.9842252500139,37.5182898575971],[-92.98463846377993,37.524995678522],[-92.9995796964458,37.5285790537987]]},"properties":{"segment_id":"bf7dbe0fe257714173d4d1f2","source_kmz":"missouri","orientation":"unverified"}},{"type":"Feature","geometry":{"type":"LineString","coordinates":[[-92.98117037262192,37.5091080485896],[-92.9851384801659,37.5126882094261],[-92.9842252500139,37.5182898575971]]},"properties":{"segment_id":"73e4751d9483b5fa7f4fbd3e","source_kmz":"missouri","orientation":"unverified"}},{"type":"Feature","geometry":{"type":"LineString","coordinates":[[-92.92953903720472,37.5059404079645],[-92.93519464653932,37.5017978364289],[-92.9482172602215,37.5018575839652],[-92.9628455518667,37.51293692606641],[-92.9755494805407,37.5124500885822],[-92.9842252500139,37.5182898575971]]},"properties":{"segment_id":"ed93233ed80f237445cf71fb","source_kmz":"missouri","orientation":"unverified"}},{"type":"Feature","geometry":{"type":"LineString","coordinates":[[-92.958427118219,37.4785445803319],[-92.9694174681941,37.48631828317831],[-92.96851799550151,37.4999550162545],[-92.98117037262192,37.5091080485896]]},"properties":{"segment_id":"d2b74dc3a34e0653141552b6","source_kmz":"missouri","orientation":"unverified"}},{"type":"Feature","geometry":{"type":"LineString","coordinates":[[-92.9422271903455,37.46421089369811],[-92.9546705965756,37.4698799720702],[-92.958427118219,37.4785445803319]]},"properties":{"segment_id":"745935f70974e95e8251230a","source_kmz":"missouri","orientation":"unverified"}},{"type":"Feature","geometry":{"type":"LineString","coordinates":[[-92.92955407736324,37.4558563475482],[-92.9370384735507,37.4654193777333],[-92.9422271903455,37.46421089369811]]},"properties":{"segment_id":"34ffb4ffd77cace3c2ad87a0","source_kmz":"missouri","orientation":"unverified"}},{"type":"Feature","geometry":{"type":"LineString","coordinates":[[-92.89970589125952,37.4323322490865],[-92.9052093165738,37.4399720377045],[-92.9196876387257,37.4459645707768]]},"properties":{"segment_id":"b61cf53cbef1c0ffc3c1744a","source_kmz":"missouri","orientation":"unverified"}},{"type":"Feature","geometry":{"type":"LineString","coordinates":[[-92.92984412618182,37.4156884297225],[-92.92282523522522,37.4280991054207],[-92.9256603177077,37.4340632871622],[-92.9203514460542,37.4382141760999],[-92.9196876387257,37.4459645707768]]},"properties":{"segment_id":"0a25e093ebbbf74e28794101","source_kmz":"missouri","orientation":"unverified"}},{"type":"Feature","geometry":{"type":"LineString","coordinates":[[-91.987411401221,38.4949121293191],[-91.99768754751992,38.49765733031581],[-92.00587138727211,38.4941724653845],[-92.009005319195,38.5004353897528]]},"properties":{"segment_id":"e9297dccd2f05a6b43151d18","source_kmz":"missouri","orientation":"unverified"}},{"type":"Feature","geometry":{"type":"LineString","coordinates":[[-91.9737672658601,38.4775899698254],[-91.98154448248032,38.4751650211748],[-91.97943969188542,38.4692027734023],[-91.9888179632827,38.4692406477962],[-91.9953884410601,38.4761516299354],[-91.9926489066754,38.4881174941947]]},"properties":{"segment_id":"86989e97584b7f545b9a4f1a","source_kmz":"missouri","orientation":"unverified"}},{"type":"Feature","geometry":{"type":"LineString","coordinates":[[-91.96796429159672,38.4567725753247],[-91.9729828598705,38.4665808309686],[-91.9652357361782,38.4684704224439],[-91.9611113136408,38.4739609727647],[-91.9737672658601,38.4775899698254]]},"properties":{"segment_id":"001cd9c754e915ce27584624","source_kmz":"missouri","orientation":"unverified"}},{"type":"Feature","geometry":{"type":"LineString","coordinates":[[-91.9968623313087,38.430122898217],[-91.9861269449447,38.4359347856345],[-91.9875672724426,38.4413395062686],[-91.9998538653458,38.4516511070187],[-91.98930591425881,38.4539869043466],[-91.96687181948941,38.4513789827204]]},"properties":{"segment_id":"f2340c9b8845c094857bfa03","source_kmz":"missouri","orientation":"unverified"}},{"type":"Feature","geometry":{"type":"LineString","coordinates":[[-92.0260568685416,38.4040124543954],[-92.0202515680897,38.4086467842829],[-92.0180976697244,38.4163457838285],[-92.00715364053681,38.4133123858766],[-92.00290767116492,38.4147818903464],[-92.0023277429076,38.419049246949],[-92.009183341193,38.42704040616]]},"properties":{"segment_id":"fb95ff31fde71c56318ca1e3","source_kmz":"missouri","orientation":"unverified"}},{"type":"Feature","geometry":{"type":"LineString","coordinates":[[-91.98379516040201,38.389781803952],[-91.99193395084863,38.3932618564933],[-92.0021704003926,38.3901123357088],[-92.0035818541984,38.3960517015169],[-92.0105809813494,38.4013686531083],[-92.0235476765175,38.3926802520299],[-92.0260568685416,38.4040124543954]]},"properties":{"segment_id":"b478507ba776b5e21b09439e","source_kmz":"missouri","orientation":"unverified"}},{"type":"Feature","geometry":{"type":"LineString","coordinates":[[-91.98248502068991,38.350359247588],[-91.9767252169866,38.3541892994935],[-91.9756805910475,38.3605844953521],[-91.98498137916191,38.3681214846898],[-91.9857422332999,38.373236214259]]},"properties":{"segment_id":"f648c6e31f34fffc8a5ae7f8","source_kmz":"missouri","orientation":"unverified"}},{"type":"Feature","geometry":{"type":"LineString","coordinates":[[-91.9554202962952,38.3379526544488],[-91.9667051998089,38.34716379140381],[-91.9816074459945,38.3473837840652],[-91.98248502068991,38.350359247588]]},"properties":{"segment_id":"2b5351853c6e18bd0d8930e7","source_kmz":"missouri","orientation":"unverified"}},{"type":"Feature","geometry":{"type":"LineString","coordinates":[[-91.9939717873147,38.3242129986412],[-91.99348996720882,38.3330376287195],[-91.98663505809192,38.33790395245731],[-91.9731194299469,38.3377299280464],[-91.9654955981509,38.3313184790055],[-91.95815290259091,38.3324167619683],[-91.9554202962952,38.3379526544488]]},"properties":{"segment_id":"ae0ac402ad42c60da1464ca0","source_kmz":"missouri","orientation":"unverified"}},{"type":"Feature","geometry":{"type":"LineString","coordinates":[[-92.1728521450778,38.3114289098117],[-92.18533901543941,38.3112813383074],[-92.1949606255503,38.3062222507665],[-92.2033632202253,38.3113036634033],[-92.21135086554683,38.3110143986694],[-92.2203371845521,38.3182554903649],[-92.2282343305392,38.3332304486517]]},"properties":{"segment_id":"3877d49667fa968dbb9ba9d2","source_kmz":"missouri","orientation":"unverified"}},{"type":"Feature","geometry":{"type":"LineString","coordinates":[[-92.2577086085682,38.3060059167656],[-92.2620112701757,38.3031904056299],[-92.2664420144498,38.3046643709286],[-92.2644997492318,38.3155875328524],[-92.27796419095661,38.30983525819501],[-92.29069674629132,38.3185236598726]]},"properties":{"segment_id":"df312937ee0b9229e1b04269","source_kmz":"missouri","orientation":"unverified"}},{"type":"Feature","geometry":{"type":"LineString","coordinates":[[-91.9931989585924,38.2939163338328],[-91.9919960100463,38.3032532345597],[-91.9860649059189,38.3102926898453]]},"properties":{"segment_id":"97da6a1a83916459d0f5b2d2","source_kmz":"missouri","orientation":"unverified"}},{"type":"Feature","geometry":{"type":"LineString","coordinates":[[-92.24092566437362,38.2953150563551],[-92.2459518288555,38.2986830211837],[-92.24861514019652,38.30760372274821],[-92.2577086085682,38.3060059167656]]},"properties":{"segment_id":"6e7f9b56498576d6ba80678c","source_kmz":"missouri","orientation":"unverified"}},{"type":"Feature","geometry":{"type":"LineString","coordinates":[[-92.0010543878226,38.2705980253961],[-92.00019872865741,38.2799462789211],[-91.99254058601402,38.2869297356881],[-91.9931989585924,38.2939163338328]]},"properties":{"segment_id":"185126abe67d32a5bae66034","source_kmz":"missouri","orientation":"unverified"}},{"type":"Feature","geometry":{"type":"LineString","coordinates":[[-92.4404895528414,38.2819726287097],[-92.4317279801296,38.2768973775588],[-92.4285233128193,38.27867915066801]]},"properties":{"segment_id":"33e99080bb411d01c313f9d2","source_kmz":"missouri","orientation":"unverified"}},{"type":"Feature","geometry":{"type":"LineString","coordinates":[[-92.4285233128193,38.27867915066801],[-92.4236016503694,38.2801430389726],[-92.4176351322507,38.2746123882672],[-92.41802649627951,38.2665885394028]]},"properties":{"segment_id":"410ae39e1115c790fcb03304","source_kmz":"missouri","orientation":"unverified"}},{"type":"Feature","geometry":{"type":"LineString","coordinates":[[-92.0299672934865,38.2484976772656],[-92.02816490840041,38.2562080910229],[-92.0177452326476,38.2631036333424]]},"properties":{"segment_id":"f41c89d0793f4faafa9b0a4d","source_kmz":"missouri","orientation":"unverified"}},{"type":"Feature","geometry":{"type":"LineString","coordinates":[[-91.9794830089845,38.2342642792093],[-91.99131514864742,38.2459025709097],[-91.9914959133421,38.2552846359377],[-92.00038091380813,38.2638788735005],[-91.9994998789482,38.2673327407531]]},"properties":{"segment_id":"32928fe57c30a2f6253e1966","source_kmz":"missouri","orientation":"unverified"}},{"type":"Feature","geometry":{"type":"LineString","coordinates":[[-92.170850163592,38.2302021962012],[-92.1728939790461,38.2374984013957],[-92.18983414719531,38.2447219056101],[-92.1977866621304,38.2516650500065]]},"properties":{"segment_id":"051a10e25c414500d3795c80","source_kmz":"missouri","orientation":"unverified"}},{"type":"Feature","geometry":{"type":"LineString","coordinates":[[-92.0966120836486,38.2262571190213],[-92.0926390598289,38.22934528212261],[-92.0739579208175,38.2290171997504],[-92.05967186122422,38.2371317730478]]},"properties":{"segment_id":"139704f2b86e4f6490a2d196","source_kmz":"missouri","orientation":"unverified"}},{"type":"Feature","geometry":{"type":"LineString","coordinates":[[-92.22968673588662,38.2239871246742],[-92.2297168219683,38.2301489068151],[-92.2408689766025,38.2422767803729],[-92.2418553070961,38.2500749570939],[-92.2346239402344,38.25601429526191],[-92.24354720749281,38.257626834343],[-92.25084174882642,38.2640104963169],[-92.2349074634206,38.2707554012433],[-92.23345826329921,38.27874683828941]]},"properties":{"segment_id":"e2ada2bfce73325b82039bf2","source_kmz":"missouri","orientation":"unverified"}},{"type":"Feature","geometry":{"type":"LineString","coordinates":[[-91.9604475948984,38.2151547311626],[-91.9588152164566,38.2196552140455],[-91.97284770509721,38.228956851393]]},"properties":{"segment_id":"09980f4c1ba8bf88857b1369","source_kmz":"missouri","orientation":"unverified"}},{"type":"Feature","geometry":{"type":"LineString","coordinates":[[-92.6492266705479,38.2554357766962],[-92.63611397763542,38.2392760047596],[-92.6204652757935,38.2332221112687]]},"properties":{"segment_id":"fb8c42c3c1029dea19313134","source_kmz":"missouri","orientation":"unverified"}},{"type":"Feature","geometry":{"type":"LineString","coordinates":[[-92.1644141176712,38.2141969210231],[-92.170660511024,38.22055295780541],[-92.170850163592,38.2302021962012]]},"properties":{"segment_id":"370c94992d82ebe65c976800","source_kmz":"missouri","orientation":"unverified"}},{"type":"Feature","geometry":{"type":"LineString","coordinates":[[-92.2612065670274,38.2169152533585],[-92.25339774932601,38.2206950905871],[-92.2507051848281,38.2259701109646],[-92.2410258334603,38.225674138648],[-92.2398108587724,38.2291191429113],[-92.23119290241671,38.2216226004202],[-92.22968673588662,38.2239871246742]]},"properties":{"segment_id":"ecf74c78cfd019b0630d994c","source_kmz":"missouri","orientation":"unverified"}},{"type":"Feature","geometry":{"type":"LineString","coordinates":[[-92.2871712373014,38.2168997172633],[-92.27106125424521,38.2137328266383],[-92.2612065670274,38.2169152533585]]},"properties":{"segment_id":"610c1eae3d2fdf19a521aaa2","source_kmz":"missouri","orientation":"unverified"}},{"type":"Feature","geometry":{"type":"LineString","coordinates":[[-92.4401286749965,38.21794840160201],[-92.4327607052696,38.2271089797809],[-92.42263060531053,38.2289569853967],[-92.4214240886972,38.2324037786919],[-92.4236954055373,38.2426479495454],[-92.43383562285031,38.2477639591036],[-92.4331781486703,38.2541730446774]]},"properties":{"segment_id":"e969ce08564afd77c9e0d729","source_kmz":"missouri","orientation":"unverified"}},{"type":"Feature","geometry":{"type":"LineString","coordinates":[[-92.6204652757935,38.2332221112687],[-92.5991642772363,38.2221888944911],[-92.5971879780096,38.2274906242095]]},"properties":{"segment_id":"a1bb5e88ad5bd5828a331dc4","source_kmz":"missouri","orientation":"unverified"}},{"type":"Feature","geometry":{"type":"LineString","coordinates":[[-92.2241790718166,38.2098889174364],[-92.2226041942926,38.21359056570941],[-92.2295880508451,38.2191625503456],[-92.22968673588662,38.2239871246742]]},"properties":{"segment_id":"29e4449eb0b7356a34405de9","source_kmz":"missouri","orientation":"unverified"}},{"type":"Feature","geometry":{"type":"LineString","coordinates":[[-91.97848859586742,38.20181670119311],[-91.97068992196832,38.2114729718609],[-91.9604475948984,38.2151547311626]]},"properties":{"segment_id":"1fc162f5f9a8c5fd7d6414f9","source_kmz":"missouri","orientation":"unverified"}},{"type":"Feature","geometry":{"type":"LineString","coordinates":[[-92.0167516068013,38.1792224530493],[-91.991520318276,38.1786685668995],[-91.9857986666572,38.1883935170141],[-91.97718533664931,38.1940050830639],[-91.97848859586742,38.20181670119311]]},"properties":{"segment_id":"421ce2100b466b52b787fe1a","source_kmz":"missouri","orientation":"unverified"}},{"type":"Feature","geometry":{"type":"LineString","coordinates":[[-92.3269620233189,38.1688116744682],[-92.3262825837631,38.1754876816964],[-92.3212721338948,38.1788196611153],[-92.30827820055491,38.1757508260751],[-92.2998659578438,38.1779081287165],[-92.2969587250872,38.1738025626722],[-92.2900766501061,38.1730589342571],[-92.28369638568121,38.1760801387229],[-92.2931974761307,38.1935104270899],[-92.2789425382964,38.2016505003079],[-92.2888509703072,38.2110576518026],[-92.2871712373014,38.2168997172633]]},"properties":{"segment_id":"d43c4e784f0854ae9d109dc7","source_kmz":"missouri","orientation":"unverified"}},{"type":"Feature","geometry":{"type":"LineString","coordinates":[[-92.30033662736902,38.1479223216573],[-92.32288592714441,38.1603860753285],[-92.3269620233189,38.1688116744682]]},"properties":{"segment_id":"54bd5b28145c4c5962539c52","source_kmz":"missouri","orientation":"unverified"}},{"type":"Feature","geometry":{"type":"LineString","coordinates":[[-92.0583113893131,38.139846232639],[-92.0616511268964,38.1485258532661],[-92.05593992022901,38.151824819269],[-92.0537111783297,38.1611291104414],[-92.048458964215,38.1622994468098],[-92.0529783136895,38.1683384290595],[-92.03133227717451,38.1783555333575],[-92.0167516068013,38.1792224530493]]},"properties":{"segment_id":"326b754045d13ce44f17abad","source_kmz":"missouri","orientation":"unverified"}},{"type":"Feature","geometry":{"type":"LineString","coordinates":[[-92.2656638959834,38.1291926098243],[-92.27870903615771,38.1378928946526],[-92.2954173957219,38.1357202082031],[-92.30033662736902,38.1479223216573]]},"properties":{"segment_id":"a4f27410f45e4621c0c34d20","source_kmz":"missouri","orientation":"unverified"}},{"type":"Feature","geometry":{"type":"LineString","coordinates":[[-92.25040986382501,38.116405337796],[-92.24937875750351,38.1230703961153],[-92.25764178316851,38.130555197745],[-92.26123013873212,38.1279860428156],[-92.2656638959834,38.1291926098243]]},"properties":{"segment_id":"2042187b93ba015e7ed62aae","source_kmz":"missouri","orientation":"unverified"}},{"type":"Feature","geometry":{"type":"LineString","coordinates":[[-92.36505054169952,38.1051262114331],[-92.355614270621,38.12118502232671],[-92.34804623035582,38.1273882979478]]},"properties":{"segment_id":"4f97bae474c7113f4ade3092","source_kmz":"missouri","orientation":"unverified"}},{"type":"Feature","geometry":{"type":"LineString","coordinates":[[-92.3872765081521,38.0889087721781],[-92.3763452861943,38.1003714721634],[-92.36505054169952,38.1051262114331]]},"properties":{"segment_id":"9996d4c327dc414332c98425","source_kmz":"missouri","orientation":"unverified"}},{"type":"Feature","geometry":{"type":"LineString","coordinates":[[-92.0574346100468,38.0723106794225],[-92.0528652454432,38.0802001800121],[-92.0588329537821,38.0913756486986],[-92.0548226248717,38.0952649090457],[-92.06110671266592,38.1005568886342],[-92.05548744738631,38.1151099193609],[-92.0574749509743,38.1296396944273]]},"properties":{"segment_id":"270d5919e09fe9e48b5eef84","source_kmz":"missouri","orientation":"unverified"}},{"type":"Feature","geometry":{"type":"LineString","coordinates":[[-92.256092976258,38.072649323524],[-92.2561660044467,38.0780088492294],[-92.2614415763057,38.0829914840018],[-92.2514133258247,38.08991745885731],[-92.2586783463895,38.0965682068197],[-92.26318941677461,38.109831121048],[-92.2532121399489,38.1156874261866]]},"properties":{"segment_id":"7105363aaeb1302009ca1efe","source_kmz":"missouri","orientation":"unverified"}},{"type":"Feature","geometry":{"type":"LineString","coordinates":[[-92.209133839908,38.0519186354616],[-92.2153002923956,38.0529129467771],[-92.2163775587452,38.0588393658118],[-92.2365630483903,38.0626756100396]]},"properties":{"segment_id":"a36fff8a241b8b826cb54a16","source_kmz":"missouri","orientation":"unverified"}},{"type":"Feature","geometry":{"type":"LineString","coordinates":[[-92.2881576564906,38.0465709283283],[-92.27315302220012,38.04959748802381],[-92.26425228072462,38.0616480942356],[-92.2554388527687,38.0651291126047],[-92.256092976258,38.072649323524]]},"properties":{"segment_id":"741cf8179d7b8a2bd793e5ff","source_kmz":"missouri","orientation":"unverified"}},{"type":"Feature","geometry":{"type":"LineString","coordinates":[[-92.3154551262373,38.0463237510876],[-92.30852755414942,38.0536152195496],[-92.2968866550094,38.0446922777534],[-92.2881576564906,38.0465709283283]]},"properties":{"segment_id":"f20c70e051c1e5d29eaa4d93","source_kmz":"missouri","orientation":"unverified"}},{"type":"Feature","geometry":{"type":"LineString","coordinates":[[-92.31160784471382,37.9921000964966],[-92.30921885508961,37.9984567582388],[-92.31349847463662,38.0026036523575],[-92.31264539781951,38.0127566734696]]},"properties":{"segment_id":"d26c01f4b2878e0e80236d78","source_kmz":"missouri","orientation":"unverified"}},{"type":"Feature","geometry":{"type":"LineString","coordinates":[[-92.2041846379848,37.8262136665908],[-92.2056015534839,37.8321510937883],[-92.1956847451412,37.837468066248],[-92.19707365566312,37.8439404839826],[-92.2149714770244,37.8509255736934]]},"properties":{"segment_id":"c2f05825b9428e4adf1b4dd9","source_kmz":"missouri","orientation":"unverified"}},{"type":"Feature","geometry":{"type":"LineString","coordinates":[[-92.4709174963509,37.8074283322334],[-92.4629212919424,37.8090718945702],[-92.44922504545501,37.8003707638788],[-92.4235562891812,37.8044428431238]]},"properties":{"segment_id":"e4ec60913c54126948bd66f1","source_kmz":"missouri","orientation":"unverified"}},{"type":"Feature","geometry":{"type":"LineString","coordinates":[[-92.1669989370546,37.7929055765457],[-92.18223041297321,37.7912399049539],[-92.1904357787835,37.7989970871506],[-92.1823359254257,37.80919153219251]]},"properties":{"segment_id":"5300633813c00f78624a0b23","source_kmz":"missouri","orientation":"unverified"}},{"type":"Feature","geometry":{"type":"LineString","coordinates":[[-92.18597317796021,37.7720691294602],[-92.1756640918386,37.7784436234257],[-92.1719815378083,37.776452934325],[-92.16839327619171,37.7792870792535]]},"properties":{"segment_id":"571fc61f573e7cd341c19e3d","source_kmz":"missouri","orientation":"unverified"}},{"type":"Feature","geometry":{"type":"LineString","coordinates":[[-92.2360294110799,37.755407645341],[-92.22240106080062,37.7595403806079],[-92.2087560176472,37.7505447538625]]},"properties":{"segment_id":"d5e8dfd482a710c08252d702","source_kmz":"missouri","orientation":"unverified"}},{"type":"Feature","geometry":{"type":"LineString","coordinates":[[-92.2087560176472,37.7505447538625],[-92.2015433398792,37.7570175047433],[-92.2046080512717,37.7710429194862],[-92.1968846797177,37.77401704507451],[-92.18597317796021,37.7720691294602]]},"properties":{"segment_id":"c49baff0e10381c0b306c162","source_kmz":"missouri","orientation":"unverified"}},{"type":"Feature","geometry":{"type":"LineString","coordinates":[[-92.5307760646441,37.7569135141568],[-92.51431465349481,37.7631405811452],[-92.506404814852,37.7776462041273]]},"properties":{"segment_id":"4e4e50ceef396e10e994d3a7","source_kmz":"missouri","orientation":"unverified"}},{"type":"Feature","geometry":{"type":"LineString","coordinates":[[-92.2433340043562,37.74706061154391],[-92.2431030649082,37.7516074859344],[-92.2360294110799,37.755407645341]]},"properties":{"segment_id":"bf11f0b846ac0c65497c5abf","source_kmz":"missouri","orientation":"unverified"}},{"type":"Feature","geometry":{"type":"LineString","coordinates":[[-92.2340698878596,37.7060565510176],[-92.2313457239416,37.7257958523051],[-92.24373758088392,37.7323395235565],[-92.2433340043562,37.74706061154391]]},"properties":{"segment_id":"6c59df9812b24a77dd1630ef","source_kmz":"missouri","orientation":"unverified"}},{"type":"Feature","geometry":{"type":"LineString","coordinates":[[-92.46041382725411,37.6745341959883],[-92.456687946105,37.6805867619184],[-92.46822704651402,37.6908325868434],[-92.47028526637762,37.6981244431825],[-92.4754214223083,37.6985409213429],[-92.4806213467694,37.6903875216164],[-92.486494259757,37.6897533832011],[-92.48748640135672,37.6978177420766],[-92.4817908417211,37.701939230215]]},"properties":{"segment_id":"810a0cdbcbf040ab993c1d0e","source_kmz":"missouri","orientation":"unverified"}},{"type":"Feature","geometry":{"type":"LineString","coordinates":[[-92.4856800884149,37.6779440885015],[-92.4787785965938,37.6785484464034],[-92.4697298742894,37.6737329977765],[-92.46041382725411,37.6745341959883]]},"properties":{"segment_id":"d339c6449573ccde1481564e","source_kmz":"missouri","orientation":"unverified"}},{"type":"Feature","geometry":{"type":"LineString","coordinates":[[-92.21906410243132,37.6565684265038],[-92.2240050288974,37.6607400242414],[-92.215046011728,37.6679629326193],[-92.2170376707392,37.6760614723966],[-92.2353456402128,37.6742174973557],[-92.2399490739696,37.6850750946558],[-92.2448348159477,37.6836184275895],[-92.2475080838452,37.6783430643134],[-92.2536710193932,37.6788005785773],[-92.2582451816885,37.6834951520332],[-92.2361230584437,37.6927256868865],[-92.2368839916758,37.7048040301769]]},"properties":{"segment_id":"bfa6bcf4f9e3aef192290da8","source_kmz":"missouri","orientation":"unverified"}},{"type":"Feature","geometry":{"type":"LineString","coordinates":[[-92.480482266979,37.6499364883857],[-92.4879656871127,37.6514917787034],[-92.4932380179424,37.6489650559417],[-92.49617349008311,37.65226385501641],[-92.4925023224195,37.657247563651],[-92.47997379145752,37.66063628005831],[-92.4856800884149,37.6779440885015]]},"properties":{"segment_id":"c155d23f8eba6ece44cd7cb1","source_kmz":"missouri","orientation":"unverified"}},{"type":"Feature","geometry":{"type":"LineString","coordinates":[[-92.4504107359883,37.6466531422748],[-92.4523407332894,37.6493880232006],[-92.4727953604861,37.6526606475699],[-92.480482266979,37.6499364883857]]},"properties":{"segment_id":"40a65e13a0ed20b3fa4487db","source_kmz":"missouri","orientation":"unverified"}},{"type":"Feature","geometry":{"type":"LineString","coordinates":[[-92.2093747701849,37.6377827573427],[-92.20988358774052,37.6479784984579],[-92.2044372112465,37.6537025336514],[-92.21906410243132,37.6565684265038]]},"properties":{"segment_id":"b2c164227cbcba84de57ecbe","source_kmz":"missouri","orientation":"unverified"}},{"type":"Feature","geometry":{"type":"LineString","coordinates":[[-92.4537951722962,37.6333584256579],[-92.4457917022135,37.6355359197386],[-92.4504107359883,37.6466531422748]]},"properties":{"segment_id":"e5849f7d69830bba28ec3b4d","source_kmz":"missouri","orientation":"unverified"}},{"type":"Feature","geometry":{"type":"LineString","coordinates":[[-92.2060260904605,37.6159790851997],[-92.2014321130335,37.6252121564533],[-92.2093747701849,37.6377827573427]]},"properties":{"segment_id":"24aa0c6a6fc0706ec6dfee08","source_kmz":"missouri","orientation":"unverified"}},{"type":"Feature","geometry":{"type":"LineString","coordinates":[[-92.58111510629954,37.6278920359383],[-92.57699973409612,37.6277764315739],[-92.57346236422813,37.6225877160105]]},"properties":{"segment_id":"6335a803343116013378f86e","source_kmz":"missouri","orientation":"unverified"}},{"type":"Feature","geometry":{"type":"LineString","coordinates":[[-92.4992398183809,37.6164585664002],[-92.48499130810161,37.6200660290361],[-92.47780276058131,37.6268227820255],[-92.4762015031156,37.6388303392845],[-92.480482266979,37.6499364883857]]},"properties":{"segment_id":"aed267a56b2b9d8ca29f00ca","source_kmz":"missouri","orientation":"unverified"}},{"type":"Feature","geometry":{"type":"LineString","coordinates":[[-92.21883249848182,37.6072691090661],[-92.2131426516903,37.61111065952441],[-92.2124580737136,37.6177867119717],[-92.2060260904605,37.6159790851997]]},"properties":{"segment_id":"2972cd7f025d1a1b8377084f","source_kmz":"missouri","orientation":"unverified"}},{"type":"Feature","geometry":{"type":"LineString","coordinates":[[-92.57346236422813,37.6225877160105],[-92.56121651737,37.620099665923],[-92.5659098870215,37.6151428573445],[-92.56091555440152,37.61178761542841]]},"properties":{"segment_id":"261e76a6abd5f6934ae3afa0","source_kmz":"missouri","orientation":"unverified"}},{"type":"Feature","geometry":{"type":"LineString","coordinates":[[-92.53169186310241,37.6053335816422],[-92.5276780775717,37.6030762809008],[-92.5218288334784,37.6106772761064],[-92.4992398183809,37.6164585664002]]},"properties":{"segment_id":"68693c5597b0ebf6736c2f75","source_kmz":"missouri","orientation":"unverified"}},{"type":"Feature","geometry":{"type":"LineString","coordinates":[[-92.2412593921146,37.5712623547515],[-92.24844563379341,37.5784493483264],[-92.2391391898072,37.57923365463],[-92.23543035096732,37.5914420747884],[-92.22392947751531,37.5948363172751],[-92.2324437911927,37.5961717388387],[-92.2345033697089,37.6029327859212],[-92.2308986900737,37.6063038304378],[-92.21883249848182,37.6072691090661]]},"properties":{"segment_id":"f7fe153a04a11d5112a08e90","source_kmz":"missouri","orientation":"unverified"}},{"type":"Feature","geometry":{"type":"LineString","coordinates":[[-92.4661921785514,37.5750558731445],[-92.47499904386912,37.5919190985782],[-92.45982577544531,37.60058625141351],[-92.4623365144161,37.6127132725077],[-92.4523522523361,37.6204587880359],[-92.46677803684682,37.6275748703245],[-92.46206447999201,37.6327953349286],[-92.4537951722962,37.6333584256579]]},"properties":{"segment_id":"8b2e79c5a390cde7ae5ce54b","source_kmz":"missouri","orientation":"unverified"}},{"type":"Feature","geometry":{"type":"LineString","coordinates":[[-92.2409637223528,37.5567869201795],[-92.2476528050236,37.560208158225],[-92.2446953729169,37.56440321117801]]},"properties":{"segment_id":"e48a994bc6887489090edf0b","source_kmz":"missouri","orientation":"unverified"}},{"type":"Feature","geometry":{"type":"LineString","coordinates":[[-92.5862705293645,37.5458048609254],[-92.5641276031811,37.5425028241088],[-92.55808082733202,37.5471533886774]]},"properties":{"segment_id":"b533ed196626b6989a804a76","source_kmz":"missouri","orientation":"unverified"}},{"type":"Feature","geometry":{"type":"LineString","coordinates":[[-92.5330433092187,37.5397457601284],[-92.5286700331893,37.5452461972892],[-92.5192039293806,37.5422970290782],[-92.5125824158421,37.5445181657405],[-92.51301602929291,37.5498879263307],[-92.52559126382512,37.5523906549191],[-92.53140766052961,37.5600568202648],[-92.5179733940077,37.5685126133341],[-92.5089633758947,37.5703973679537],[-92.5198322225432,37.5800839320675],[-92.51400914461571,37.5871495918335],[-92.4970360200923,37.58318002089751],[-92.492426605268,37.5717968760069],[-92.4865377314388,37.5729663226029],[-92.48352987643182,37.5785046546564],[-92.4693400684206,37.5738079008552]]},"properties":{"segment_id":"5b2f2157a98466a14f1dc459","source_kmz":"missouri","orientation":"unverified"}},{"type":"Feature","geometry":{"type":"LineString","coordinates":[[-92.55808082733202,37.5471533886774],[-92.55207059910911,37.5510011174732],[-92.5456673267628,37.541176387517],[-92.5330433092187,37.5397457601284]]},"properties":{"segment_id":"87b9c6a012468abaa2740d78","source_kmz":"missouri","orientation":"unverified"}},{"type":"Feature","geometry":{"type":"LineString","coordinates":[[-92.67281683518911,37.5433814694063],[-92.6611695248726,37.5430623323873],[-92.6483937903491,37.5373539252593]]},"properties":{"segment_id":"ffe0cfbfbc9e4606c1986d0e","source_kmz":"missouri","orientation":"unverified"}},{"type":"Feature","geometry":{"type":"LineString","coordinates":[[-92.6206971989243,37.5355161514001],[-92.59352733498011,37.5371689569754],[-92.5862705293645,37.5458048609254]]},"properties":{"segment_id":"2ad04b84b17f48c67743c332","source_kmz":"missouri","orientation":"unverified"}},{"type":"Feature","geometry":{"type":"LineString","coordinates":[[-92.6334192962879,37.5347975337103],[-92.6228497782312,37.5334330891732],[-92.6206971989243,37.5355161514001]]},"properties":{"segment_id":"9eda991e6a3a71508f13249a","source_kmz":"missouri","orientation":"unverified"}},{"type":"Feature","geometry":{"type":"LineString","coordinates":[[-92.54102812039741,37.5303299700598],[-92.5336233371509,37.5346728541961],[-92.5330433092187,37.5397457601284]]},"properties":{"segment_id":"61d40f7196a28d2c0db2a988","source_kmz":"missouri","orientation":"unverified"}},{"type":"Feature","geometry":{"type":"LineString","coordinates":[[-92.2298851704934,37.5047397214919],[-92.22264375337971,37.5122840478096],[-92.23142302930312,37.5149675952725],[-92.2308225079535,37.5200390642024],[-92.222976523991,37.5259572829083],[-92.22400591261342,37.5326867279323],[-92.21480175433662,37.5382943812378],[-92.2197890919009,37.54139638617911],[-92.2201606069723,37.5475695928007],[-92.22949047472191,37.5462517792094],[-92.2409637223528,37.5567869201795]]},"properties":{"segment_id":"c9325c33f1e8aba72480e451","source_kmz":"missouri","orientation":"unverified"}},{"type":"Feature","geometry":{"type":"LineString","coordinates":[[-92.60539436532711,37.5101791305462],[-92.5992065254746,37.5105419320033],[-92.5975906163963,37.5233540131439],[-92.6026418999962,37.5253702502291],[-92.6155210588591,37.5211757800959],[-92.6206971989243,37.5355161514001]]},"properties":{"segment_id":"d2096887ad3d256acf07113c","source_kmz":"missouri","orientation":"unverified"}},{"type":"Feature","geometry":{"type":"LineString","coordinates":[[-92.6243347189917,37.5007956980975],[-92.6213522468317,37.5060700240672],[-92.60539436532711,37.5101791305462]]},"properties":{"segment_id":"13aa64f776b31df09ebd7765","source_kmz":"missouri","orientation":"unverified"}},{"type":"Feature","geometry":{"type":"LineString","coordinates":[[-92.5584877673769,37.4866275971347],[-92.55595924862641,37.5189677085354],[-92.54102812039741,37.5303299700598]]},"properties":{"segment_id":"4c10ebd2cbce5e502676bf7a","source_kmz":"missouri","orientation":"unverified"}},{"type":"Feature","geometry":{"type":"LineString","coordinates":[[-92.22041540988072,37.4752442823461],[-92.2323951266826,37.4823138605386],[-92.22689701837102,37.496074180287]]},"properties":{"segment_id":"927fed252b8b964bc62bd65a","source_kmz":"missouri","orientation":"unverified"}},{"type":"Feature","geometry":{"type":"LineString","coordinates":[[-92.6567124693057,37.4821369097836],[-92.65186016854112,37.48334262435],[-92.640325859558,37.4958815266626],[-92.6243347189917,37.5007956980975]]},"properties":{"segment_id":"3d72bbd4bb4a219c8d223862","source_kmz":"missouri","orientation":"unverified"}},{"type":"Feature","geometry":{"type":"LineString","coordinates":[[-92.7356767198853,37.4866939777346],[-92.7269888328173,37.4816390454243],[-92.7126718920166,37.4799133971748]]},"properties":{"segment_id":"8f09ffd63f11d5c98dd29ba0","source_kmz":"missouri","orientation":"unverified"}},{"type":"Feature","geometry":{"type":"LineString","coordinates":[[-92.7126718920166,37.4799133971748],[-92.694962492197,37.4928257530524],[-92.6865473340697,37.4893824221884],[-92.6884976117955,37.4840784985582],[-92.68429864537801,37.4783390805973],[-92.6708845864237,37.4870794679115]]},"properties":{"segment_id":"766326d1c47144d9d1cfe72b","source_kmz":"missouri","orientation":"unverified"}},{"type":"Feature","geometry":{"type":"LineString","coordinates":[[-92.6247569797795,37.476432186189],[-92.6273998282864,37.4861485198985],[-92.62286631764931,37.4953977325363],[-92.6243347189917,37.5007956980975]]},"properties":{"segment_id":"8c936f874a6e27eb6ccdff21","source_kmz":"missouri","orientation":"unverified"}},{"type":"Feature","geometry":{"type":"LineString","coordinates":[[-92.2059325720527,37.4568432290638],[-92.2097784878842,37.4620534997553],[-92.2084789482812,37.467371070076],[-92.21589735792261,37.4697455785284],[-92.22041540988072,37.4752442823461]]},"properties":{"segment_id":"a3dfd11c67b6aff49c5a351f","source_kmz":"missouri","orientation":"unverified"}},{"type":"Feature","geometry":{"type":"LineString","coordinates":[[-92.55703460282132,37.4662285055698],[-92.56306590729521,37.4765782117294],[-92.5584877673769,37.4866275971347]]},"properties":{"segment_id":"a8d8e50a7c0e7d44dab5f8bb","source_kmz":"missouri","orientation":"unverified"}},{"type":"Feature","geometry":{"type":"LineString","coordinates":[[-92.1907573568719,37.4520817959995],[-92.19900830131192,37.4582342233636],[-92.2059325720527,37.4568432290638]]},"properties":{"segment_id":"c85f409ad30646a847917008","source_kmz":"missouri","orientation":"unverified"}},{"type":"Feature","geometry":{"type":"LineString","coordinates":[[-92.7234009132582,37.4619892211349],[-92.72206730364711,37.4689174045607],[-92.7126718920166,37.4799133971748]]},"properties":{"segment_id":"422af1c10d386059acea2837","source_kmz":"missouri","orientation":"unverified"}},{"type":"Feature","geometry":{"type":"LineString","coordinates":[[-92.5475959147479,37.4555137705201],[-92.549400232073,37.4609224274368],[-92.55703460282132,37.4662285055698]]},"properties":{"segment_id":"8a20ed7783c33514424ef3b3","source_kmz":"missouri","orientation":"unverified"}},{"type":"Feature","geometry":{"type":"LineString","coordinates":[[-92.47450595443271,37.4435032532694],[-92.4633810292559,37.4469301748511],[-92.4494829752596,37.44384593653],[-92.4448438776826,37.4477284750516],[-92.447654103246,37.4534361905493],[-92.44306555858812,37.45624862368661]]},"properties":{"segment_id":"1a3b0f65414018a78b4abcab","source_kmz":"missouri","orientation":"unverified"}},{"type":"Feature","geometry":{"type":"LineString","coordinates":[[-92.3692836686473,37.4516550030265],[-92.3859522041463,37.4470621691546],[-92.39480305301241,37.4411637694182],[-92.3989256651617,37.4479832334972]]},"properties":{"segment_id":"22cd3314bfaee84d4f4da8f5","source_kmz":"missouri","orientation":"unverified"}},{"type":"Feature","geometry":{"type":"LineString","coordinates":[[-92.15710705290091,37.4336075147541],[-92.1606754499606,37.4374711733928],[-92.1768718620285,37.4422686875743]]},"properties":{"segment_id":"c13cad0e8d95aeebd3d7470c","source_kmz":"missouri","orientation":"unverified"}},{"type":"Feature","geometry":{"type":"LineString","coordinates":[[-92.7438234417838,37.4494135322773],[-92.72738911225971,37.4570075135248],[-92.7234009132582,37.4619892211349]]},"properties":{"segment_id":"5e91c19a54262b8ead08d0c9","source_kmz":"missouri","orientation":"unverified"}},{"type":"Feature","geometry":{"type":"LineString","coordinates":[[-92.7587925834725,37.4439211183306],[-92.7516548420266,37.4426590601594],[-92.7438234417838,37.4494135322773]]},"properties":{"segment_id":"c36b666279d7a3c5265c4d06","source_kmz":"missouri","orientation":"unverified"}},{"type":"Feature","geometry":{"type":"LineString","coordinates":[[-92.34855947725872,37.4271913916941],[-92.361450403178,37.4297214514515],[-92.3565320883774,37.43921811303351],[-92.3617690367775,37.4441971338827]]},"properties":{"segment_id":"c54aad2ec0894d8b4ce76b04","source_kmz":"missouri","orientation":"unverified"}},{"type":"Feature","geometry":{"type":"LineString","coordinates":[[-92.4016210493456,37.4277036911111],[-92.41764399435971,37.4434468781143],[-92.4089628183545,37.4458693965486],[-92.4026834519272,37.441129528033],[-92.3989256651617,37.4479832334972]]},"properties":{"segment_id":"2f52e5d864a312c5993865b4","source_kmz":"missouri","orientation":"unverified"}},{"type":"Feature","geometry":{"type":"LineString","coordinates":[[-92.76972413644762,37.436712505906],[-92.76424323377,37.44460212545921],[-92.7587925834725,37.4439211183306]]},"properties":{"segment_id":"495ef2d06222dd478ff7afbe","source_kmz":"missouri","orientation":"unverified"}},{"type":"Feature","geometry":{"type":"LineString","coordinates":[[-92.61976182678411,37.4280779653758],[-92.62423594812111,37.4426670782634],[-92.6247569797795,37.476432186189]]},"properties":{"segment_id":"19be392e0c0db33bfd4197e6","source_kmz":"missouri","orientation":"unverified"}},{"type":"Feature","geometry":{"type":"LineString","coordinates":[[-92.5014475951027,37.41695873359],[-92.4917472843632,37.4265903787409],[-92.4955107031381,37.4339317400794]]},"properties":{"segment_id":"78ca6b52ec788892ab4caf3a","source_kmz":"missouri","orientation":"unverified"}},{"type":"Feature","geometry":{"type":"LineString","coordinates":[[-92.15889117934292,37.3991028315992],[-92.1487884717841,37.4156615318781],[-92.14876993008761,37.4226267758603]]},"properties":{"segment_id":"48f2b6d3740611f22241caa0","source_kmz":"missouri","orientation":"unverified"}},{"type":"Feature","geometry":{"type":"LineString","coordinates":[[-92.6222260277132,37.4115388478327],[-92.6238767018842,37.4204243324237],[-92.61976182678411,37.4280779653758]]},"properties":{"segment_id":"836e618f26aac50da0f0c155","source_kmz":"missouri","orientation":"unverified"}},{"type":"Feature","geometry":{"type":"LineString","coordinates":[[-92.7520321471656,37.4105268569986],[-92.75593723305082,37.4151847573013],[-92.7543122174042,37.42103409837491],[-92.7654357463317,37.4250808019705],[-92.7690864960421,37.4356241470496]]},"properties":{"segment_id":"d225b95727028b5c02bd1ffb","source_kmz":"missouri","orientation":"unverified"}},{"type":"Feature","geometry":{"type":"LineString","coordinates":[[-92.7323746348064,37.4059815997093],[-92.74367257296782,37.4137850648294],[-92.75170187327942,37.4102501680999]]},"properties":{"segment_id":"1f17cb21c38abb5abc732f9c","source_kmz":"missouri","orientation":"unverified"}},{"type":"Feature","geometry":{"type":"LineString","coordinates":[[-92.33894928968361,37.3789485129581],[-92.3563027174225,37.3950087682431],[-92.3531348568424,37.4037541899933],[-92.3564487869852,37.4059968542149],[-92.3446928541718,37.4083224226077],[-92.3516632047448,37.4197836533164],[-92.3452579984848,37.4246810294594],[-92.34855947725872,37.4271913916941]]},"properties":{"segment_id":"e9153cf767757b3580aba6f3","source_kmz":"missouri","orientation":"unverified"}},{"type":"Feature","geometry":{"type":"LineString","coordinates":[[-92.31296193478511,37.3784296499349],[-92.3158787283042,37.3817330498314],[-92.3258451491113,37.3739981726638]]},"properties":{"segment_id":"913777a4f436580988127944","source_kmz":"missouri","orientation":"unverified"}},{"type":"Feature","geometry":{"type":"LineString","coordinates":[[-92.3904493215674,37.375669106383],[-92.3885885235644,37.3857936957462],[-92.3923396920362,37.39313834615871],[-92.4000984052684,37.3955118253315],[-92.4012844953256,37.3992974632642],[-92.3886782944306,37.4050846006084],[-92.38682952591101,37.414941560609],[-92.4016210493456,37.4277036911111]]},"properties":{"segment_id":"ed015a211df683be44b27b08","source_kmz":"missouri","orientation":"unverified"}},{"type":"Feature","geometry":{"type":"LineString","coordinates":[[-92.7111547217436,37.3826406150837],[-92.7205601117607,37.4021809131177],[-92.7323746348064,37.4059815997093]]},"properties":{"segment_id":"0f67df871c16ebb7916cccd4","source_kmz":"missouri","orientation":"unverified"}},{"type":"Feature","geometry":{"type":"LineString","coordinates":[[-92.2915563709495,37.3684007463252],[-92.2999084852021,37.379371870641],[-92.3087713798431,37.3732121108119],[-92.31296193478511,37.3784296499349]]},"properties":{"segment_id":"9508110b1bf5d59b1718d532","source_kmz":"missouri","orientation":"unverified"}},{"type":"Feature","geometry":{"type":"LineString","coordinates":[[-92.28292594226,37.3630464473407],[-92.28379058466311,37.366287809451],[-92.2915563709495,37.3684007463252]]},"properties":{"segment_id":"85524b75fa4bb4c1184e92a4","source_kmz":"missouri","orientation":"unverified"}},{"type":"Feature","geometry":{"type":"LineString","coordinates":[[-92.7899682631353,37.3724293141449],[-92.78623809974681,37.3795626399529],[-92.77544419222302,37.3838298718144],[-92.7778891022036,37.3905911338597],[-92.7753566940215,37.393738127128],[-92.7696771539033,37.3984084889165],[-92.7607291351199,37.3995093373893]]},"properties":{"segment_id":"b408a6ff2b50e53d6e6ecbf6","source_kmz":"missouri","orientation":"unverified"}},{"type":"Feature","geometry":{"type":"LineString","coordinates":[[-92.28812898542151,37.347935058186],[-92.2869705895256,37.3505786796452],[-92.2931949390619,37.35612716218211],[-92.28292594226,37.3630464473407]]},"properties":{"segment_id":"021e4bd6cfe70d91568c370d","source_kmz":"missouri","orientation":"unverified"}},{"type":"Feature","geometry":{"type":"LineString","coordinates":[[-92.3771484457304,37.3466078288914],[-92.39260379474233,37.3524263454005],[-92.40356262602191,37.3522159309649],[-92.3949869270828,37.35973035176721],[-92.39388845429491,37.3682703286292]]},"properties":{"segment_id":"e181a5bd651dda309910817c","source_kmz":"missouri","orientation":"unverified"}},{"type":"Feature","geometry":{"type":"LineString","coordinates":[[-92.3919337339506,37.330974684992],[-92.3962878911851,37.33994473745671],[-92.39096926854862,37.3438050525236],[-92.3806948669274,37.3440347183244]]},"properties":{"segment_id":"43ced0dd06b311d5ea1377d6","source_kmz":"missouri","orientation":"unverified"}},{"type":"Feature","geometry":{"type":"LineString","coordinates":[[-92.8342653725947,37.33662945827821],[-92.8295732546285,37.3423996752138],[-92.80398834928342,37.356728163554]]},"properties":{"segment_id":"f7cc9d47406a8053acb94b13","source_kmz":"missouri","orientation":"unverified"}},{"type":"Feature","geometry":{"type":"LineString","coordinates":[[-92.7273718488474,37.3252209209111],[-92.73122462277031,37.3387179713703],[-92.7249457909115,37.3570310949713],[-92.7289532526418,37.3748179620931],[-92.7256534951161,37.3953540946883],[-92.7323746348064,37.4059815997093]]},"properties":{"segment_id":"995e4320be6c3018c13ce14f","source_kmz":"missouri","orientation":"unverified"}},{"type":"Feature","geometry":{"type":"LineString","coordinates":[[-92.3924094230152,37.3141112358129],[-92.38460154999841,37.3270057476159],[-92.3919337339506,37.330974684992]]},"properties":{"segment_id":"369181144f0e36b4649922c4","source_kmz":"missouri","orientation":"unverified"}},{"type":"Feature","geometry":{"type":"LineString","coordinates":[[-92.30217371466371,37.3063024927053],[-92.30609446368112,37.3168704608716],[-92.3008659101289,37.318854332237],[-92.2938748080859,37.3424846964592],[-92.28812898542151,37.347935058186]]},"properties":{"segment_id":"4d34af472c079a3c41b3322a","source_kmz":"missouri","orientation":"unverified"}},{"type":"Feature","geometry":{"type":"LineString","coordinates":[[-92.35333613098683,37.3019583025993],[-92.3631588170622,37.3038607985275],[-92.384154978547,37.3010061226493],[-92.3908665730627,37.3036172258502],[-92.3919729122655,37.30900815685261]]},"properties":{"segment_id":"adb25ede1e9057ce5b522bb9","source_kmz":"missouri","orientation":"unverified"}},{"type":"Feature","geometry":{"type":"LineString","coordinates":[[-92.4410144464586,37.291704966187],[-92.4155205903505,37.2957759302044],[-92.40838286893221,37.3019942333293],[-92.4001498961281,37.3025537392531],[-92.3986029652586,37.30625838746821],[-92.4056699158375,37.3086112942155],[-92.40513462403861,37.3126138965972],[-92.3924094230152,37.3141112358129]]},"properties":{"segment_id":"3761533a32f4186d8bf81350","source_kmz":"missouri","orientation":"unverified"}},{"type":"Feature","geometry":{"type":"LineString","coordinates":[[-92.2800995206634,37.2758887655179],[-92.2845913949828,37.2886185250217],[-92.298963442729,37.2952201963036],[-92.30217371466371,37.3063024927053]]},"properties":{"segment_id":"26c2805d38da688d99159c49","source_kmz":"missouri","orientation":"unverified"}},{"type":"Feature","geometry":{"type":"LineString","coordinates":[[-92.42454942548262,37.2786291810673],[-92.4263918875934,37.2829699047857],[-92.43521550484502,37.2843013404304],[-92.4410528181113,37.2909024041165]]},"properties":{"segment_id":"127cb473e2b5e8bae1b9a527","source_kmz":"missouri","orientation":"unverified"}},{"type":"Feature","geometry":{"type":"LineString","coordinates":[[-92.45968251529293,37.2729631906179],[-92.44726819353511,37.275278848619],[-92.44019904653112,37.2801614580918],[-92.4280524685382,37.2768571857188],[-92.42454942548262,37.2786291810673]]},"properties":{"segment_id":"dd993ea7b0c113c5c4b26549","source_kmz":"missouri","orientation":"unverified"}},{"type":"Feature","geometry":{"type":"LineString","coordinates":[[-92.38361430705761,37.2699132563012],[-92.3850479306587,37.2755820169547],[-92.38146591235132,37.27895786430101],[-92.391065823267,37.2854058731749],[-92.38664505801052,37.2919717163671],[-92.396929907656,37.2984395813674],[-92.3919729122655,37.30900815685261]]},"properties":{"segment_id":"fc03344053355d4aa3f906ee","source_kmz":"missouri","orientation":"unverified"}},{"type":"Feature","geometry":{"type":"LineString","coordinates":[[-92.47218573027591,37.2615404253918],[-92.4623893721638,37.2663448371173],[-92.45968251529293,37.2729631906179]]},"properties":{"segment_id":"17ea0a4384ea1c0b3d19ddce","source_kmz":"missouri","orientation":"unverified"}},{"type":"Feature","geometry":{"type":"LineString","coordinates":[[-92.6154689359541,37.2666988364964],[-92.60713172845752,37.269680265756],[-92.5930052027429,37.2647299181218]]},"properties":{"segment_id":"0c553d5a70a86895a0fe78e1","source_kmz":"missouri","orientation":"unverified"}},{"type":"Feature","geometry":{"type":"LineString","coordinates":[[-92.4958956711147,37.2587458171993],[-92.48373766718622,37.2629477950364],[-92.47218573027591,37.2615404253918]]},"properties":{"segment_id":"db2ba99c41fa6c13d0e95bcf","source_kmz":"missouri","orientation":"unverified"}},{"type":"Feature","geometry":{"type":"LineString","coordinates":[[-92.2557041854687,37.2376286841729],[-92.2564636453876,37.2497086024681],[-92.26533974264841,37.2566805489822]]},"properties":{"segment_id":"38870bf396c5d61abfc876d7","source_kmz":"missouri","orientation":"unverified"}},{"type":"Feature","geometry":{"type":"LineString","coordinates":[[-92.4241132606787,37.2378953180895],[-92.4281836133305,37.252750033679],[-92.4231569921912,37.2649251911092],[-92.42454942548262,37.2786291810673]]},"properties":{"segment_id":"10b5558d077a49c1bec08822","source_kmz":"missouri","orientation":"unverified"}},{"type":"Feature","geometry":{"type":"LineString","coordinates":[[-92.5439125024561,37.2328002003071],[-92.5347021513948,37.2325370360623],[-92.512269284682,37.2447520459678],[-92.5064818553651,37.2443173857926],[-92.50538531109632,37.253126249396],[-92.4958956711147,37.2587458171993]]},"properties":{"segment_id":"6e15807dc2ed313795d2f979","source_kmz":"missouri","orientation":"unverified"}},{"type":"Feature","geometry":{"type":"LineString","coordinates":[[-92.2485415066743,37.2170448564084],[-92.24854580588232,37.2237430943614],[-92.25311862580192,37.2279035182506]]},"properties":{"segment_id":"6c91f77ee599766d4f08383a","source_kmz":"missouri","orientation":"unverified"}},{"type":"Feature","geometry":{"type":"LineString","coordinates":[[-92.5103768640644,37.2195154289138],[-92.5102292579192,37.2299591046944],[-92.49423745567542,37.2431599596467],[-92.4958956711147,37.2587458171993]]},"properties":{"segment_id":"56858ef1d5950075d3b83a27","source_kmz":"missouri","orientation":"unverified"}},{"type":"Feature","geometry":{"type":"LineString","coordinates":[[-92.3731844311829,37.2103937456459],[-92.3827358355206,37.2176451418437],[-92.3796176141152,37.2255892435581],[-92.385484343428,37.2313905647094],[-92.384136438635,37.2380480274478],[-92.38926633619171,37.2379331533429],[-92.3928244346632,37.2420577659974],[-92.38187535808,37.2564660818675]]},"properties":{"segment_id":"437f25694a1e1bc4f61e330b","source_kmz":"missouri","orientation":"unverified"}},{"type":"Feature","geometry":{"type":"LineString","coordinates":[[-92.42231507753982,37.2113196363334],[-92.4173674747921,37.2218895908145],[-92.4180176747443,37.2296780757224],[-92.4241132606787,37.2378953180895]]},"properties":{"segment_id":"73a7cdfce2083e8111ce1cfa","source_kmz":"missouri","orientation":"unverified"}},{"type":"Feature","geometry":{"type":"LineString","coordinates":[[-92.51793921910811,37.2111604513536],[-92.5117131594286,37.2128565208189],[-92.5103768640644,37.2195154289138]]},"properties":{"segment_id":"0e0a6b85c4e81b3f56b03175","source_kmz":"missouri","orientation":"unverified"}},{"type":"Feature","geometry":{"type":"LineString","coordinates":[[-92.3661241823306,37.1941072600672],[-92.3662713057964,37.2050961275176],[-92.3731844311829,37.2103937456459]]},"properties":{"segment_id":"8229788df32621ffc20462fc","source_kmz":"missouri","orientation":"unverified"}},{"type":"Feature","geometry":{"type":"LineString","coordinates":[[-92.5721982259717,37.18966994939451],[-92.54148905993002,37.2040664672585],[-92.5289097406043,37.2029027849493],[-92.5227385157689,37.2107625816316],[-92.51793921910811,37.2111604513536]]},"properties":{"segment_id":"fcce2c187ffd1d4cc65f4275","source_kmz":"missouri","orientation":"unverified"}},{"type":"Feature","geometry":{"type":"LineString","coordinates":[[-92.5207934698116,37.186595957105],[-92.5284022342796,37.199137686758],[-92.51957820050342,37.20531385391141],[-92.51793921910811,37.2111604513536]]},"properties":{"segment_id":"d7b050411a952eaa752c4787","source_kmz":"missouri","orientation":"unverified"}},{"type":"Feature","geometry":{"type":"LineString","coordinates":[[-92.3373974360691,37.17421927608811],[-92.3465998712068,37.1744974435134],[-92.3636447676352,37.1889424261563]]},"properties":{"segment_id":"ba70384c263ef6178f68e0f3","source_kmz":"missouri","orientation":"unverified"}},{"type":"Feature","geometry":{"type":"LineString","coordinates":[[-92.3610324242123,37.1725210413669],[-92.3658970581398,37.1777576321197],[-92.3636447676352,37.1889424261563]]},"properties":{"segment_id":"743462a00334c3ac98fa8c7b","source_kmz":"missouri","orientation":"unverified"}},{"type":"Feature","geometry":{"type":"LineString","coordinates":[[-92.6134497805473,37.1683283102286],[-92.60729033770701,37.1686915653762],[-92.60177537273881,37.1773772489384]]},"properties":{"segment_id":"b85a805f26c0511230eb580e","source_kmz":"missouri","orientation":"unverified"}},{"type":"Feature","geometry":{"type":"LineString","coordinates":[[-92.0195094123722,37.7383534560068],[-92.0230980027212,37.7483831053821],[-92.0196001692041,37.7686299130126]]},"properties":{"segment_id":"1da3306b017cda8214c91955","source_kmz":"missouri","orientation":"unverified"}},{"type":"Feature","geometry":{"type":"LineString","coordinates":[[-92.0027196963793,37.724408744933],[-92.01180179498581,37.7281889877061],[-92.0195094123722,37.7383534560068]]},"properties":{"segment_id":"05b9c1dccce1bc02a523e192","source_kmz":"missouri","orientation":"unverified"}},{"type":"Feature","geometry":{"type":"LineString","coordinates":[[-91.96247141626311,37.7056679836406],[-91.9843601440643,37.71416055936481],[-91.9906458090017,37.7250839512005],[-92.0027196963793,37.724408744933]]},"properties":{"segment_id":"1cef66baab9c05da5c585f9d","source_kmz":"missouri","orientation":"unverified"}},{"type":"Feature","geometry":{"type":"LineString","coordinates":[[-91.9596010653933,37.6763697994137],[-91.9666164540318,37.6800851693679],[-91.9567613113925,37.6843131711642],[-91.9630695450646,37.6947031943525],[-91.9603316446675,37.7007745769311]]},"properties":{"segment_id":"6d7824e246487df014f2aebe","source_kmz":"missouri","orientation":"unverified"}},{"type":"Feature","geometry":{"type":"LineString","coordinates":[[-91.93848353642511,37.6478037368826],[-91.9465889225719,37.6566472734436],[-91.9401511903028,37.6612554808537],[-91.9438632445222,37.6750431346854],[-91.94683380361903,37.6772853558912],[-91.9545717163482,37.6740595590213],[-91.9596010653933,37.6763697994137]]},"properties":{"segment_id":"09d2833aeb3d0e0b0f9ff940","source_kmz":"missouri","orientation":"unverified"}},{"type":"Feature","geometry":{"type":"LineString","coordinates":[[-92.098290203836,37.6468659568144],[-92.0879062323393,37.6548379432036],[-92.07417196758561,37.6546639803428],[-92.0712718926752,37.6575174579094]]},"properties":{"segment_id":"0c886a4d79194a8370e46286","source_kmz":"missouri","orientation":"unverified"}},{"type":"Feature","geometry":{"type":"LineString","coordinates":[[-91.9190789501212,37.6383135238059],[-91.92422694247611,37.6446482223506],[-91.92932684293231,37.6456225644403],[-91.932305350076,37.64143528832061],[-91.93848353642511,37.6478037368826]]},"properties":{"segment_id":"7de86857d80a59cf8fc08cc9","source_kmz":"missouri","orientation":"unverified"}},{"type":"Feature","geometry":{"type":"LineString","coordinates":[[-91.92167693906902,37.6223249526442],[-91.92956691573491,37.6287512922606],[-91.9238163080477,37.6333815912854],[-91.93875651130291,37.6365600367217],[-91.9403888496056,37.644384255308]]},"properties":{"segment_id":"b11ff38b03072a5031e4bfb0","source_kmz":"missouri","orientation":"unverified"}},{"type":"Feature","geometry":{"type":"LineString","coordinates":[[-91.90666646247651,37.6204815642013],[-91.912332076041,37.6236191335326],[-91.9113217111902,37.6294796299193],[-91.91989324569971,37.6297671542262],[-91.91651265523191,37.6350123727474],[-91.9190789501212,37.6383135238059]]},"properties":{"segment_id":"b85f2d0613fbcd6de9d74515","source_kmz":"missouri","orientation":"unverified"}},{"type":"Feature","geometry":{"type":"LineString","coordinates":[[-91.9401170282724,37.5929335226499],[-91.93108952694672,37.5947754609368],[-91.93759179471182,37.6014229270387],[-91.92167693906902,37.6223249526442]]},"properties":{"segment_id":"b63a13daaaecf5030b76e8a6","source_kmz":"missouri","orientation":"unverified"}},{"type":"Feature","geometry":{"type":"LineString","coordinates":[[-92.0541479925133,37.5532817132612],[-92.0456135664023,37.5588987480547],[-92.0329542652894,37.5517886004397]]},"properties":{"segment_id":"c9a7f513214281581a9c696e","source_kmz":"missouri","orientation":"unverified"}},{"type":"Feature","geometry":{"type":"LineString","coordinates":[[-92.0199464345196,37.5256431722],[-92.01778726829852,37.54030821319941],[-92.02766019425832,37.548132863433],[-92.03528104729932,37.5467740002709],[-92.0361084216763,37.5505518349226],[-92.0329542652894,37.5517886004397]]},"properties":{"segment_id":"22cfec52b11d299a2843d78b","source_kmz":"missouri","orientation":"unverified"}},{"type":"Feature","geometry":{"type":"LineString","coordinates":[[-92.0018498297794,37.5113852647731],[-92.002812300467,37.5253490353733],[-92.0136683376683,37.5275808966839],[-92.0199464345196,37.5256431722]]},"properties":{"segment_id":"f3af9dc792451e18883ae5c8","source_kmz":"missouri","orientation":"unverified"}},{"type":"Feature","geometry":{"type":"LineString","coordinates":[[-91.97806103794821,37.507385405566],[-91.990938717945,37.5102221422133],[-91.9962322906021,37.5074494061687],[-92.0018498297794,37.5113852647731]]},"properties":{"segment_id":"fd5e7cb9d7e7e47f4ddd317a","source_kmz":"missouri","orientation":"unverified"}},{"type":"Feature","geometry":{"type":"LineString","coordinates":[[-91.972755899955,37.4914018638131],[-91.9917722279251,37.50114008535591],[-91.9884604040438,37.505317682093],[-91.97806103794821,37.507385405566]]},"properties":{"segment_id":"398568abb940482516271248","source_kmz":"missouri","orientation":"unverified"}},{"type":"Feature","geometry":{"type":"LineString","coordinates":[[-91.9570279047043,37.4906117291415],[-91.96089427586202,37.4888647615405],[-91.9651541259785,37.4924893843214],[-91.972755899955,37.4914018638131]]},"properties":{"segment_id":"1dd3d143f1329f2baa58e253","source_kmz":"missouri","orientation":"unverified"}},{"type":"Feature","geometry":{"type":"LineString","coordinates":[[-91.9437043465764,37.4834693860735],[-91.9502351776202,37.4831513409959],[-91.9570279047043,37.4906117291415]]},"properties":{"segment_id":"110c2404a50d8b2ceb519402","source_kmz":"missouri","orientation":"unverified"}},{"type":"Feature","geometry":{"type":"LineString","coordinates":[[-91.98658511659852,37.4765873216125],[-91.9866236495854,37.4822151338983],[-91.9692736570375,37.4797653451175],[-91.9674836274302,37.4874759940864],[-91.972755899955,37.4914018638131]]},"properties":{"segment_id":"5b987dc45f1bfa31441cbf05","source_kmz":"missouri","orientation":"unverified"}},{"type":"Feature","geometry":{"type":"LineString","coordinates":[[-91.9745314182302,37.4523425384016],[-91.9874235547571,37.4610750008618],[-91.98658511659852,37.4765873216125]]},"properties":{"segment_id":"805e275e6ba14215bd2eba41","source_kmz":"missouri","orientation":"unverified"}},{"type":"Feature","geometry":{"type":"LineString","coordinates":[[-91.9455409367243,37.431014982676],[-91.94626028982823,37.4366657204038],[-91.9531649513741,37.4419868232802],[-91.9721492420564,37.439402689636],[-91.9733372310493,37.449087743592]]},"properties":{"segment_id":"b647cfc1fed0ae78a1617c0b","source_kmz":"missouri","orientation":"unverified"}},{"type":"Feature","geometry":{"type":"LineString","coordinates":[[-91.9316281632622,37.416080791985],[-91.9355697819168,37.4191601739595],[-91.94344796949332,37.4191557132003],[-91.941715163037,37.4257963206015],[-91.9455409367243,37.431014982676]]},"properties":{"segment_id":"afa46a897f2676e2691eec0e","source_kmz":"missouri","orientation":"unverified"}},{"type":"Feature","geometry":{"type":"LineString","coordinates":[[-91.9127556742114,37.39803043178011],[-91.9207972565347,37.4012483592496],[-91.9316281632622,37.416080791985]]},"properties":{"segment_id":"b646362cb051d3087d92d68d","source_kmz":"missouri","orientation":"unverified"}},{"type":"Feature","geometry":{"type":"LineString","coordinates":[[-91.8772097649865,37.39682821178181],[-91.8812065318873,37.3926767034551],[-91.89541503815391,37.4020003681695],[-91.90003562789681,37.3989411581826],[-91.9022512326859,37.4022313472397],[-91.905905099552,37.3980674937825],[-91.9127556742114,37.39803043178011]]},"properties":{"segment_id":"0dfe0c1a6938b3ff08b06e24","source_kmz":"missouri","orientation":"unverified"}},{"type":"Feature","geometry":{"type":"LineString","coordinates":[[-91.968366107963,37.3891727230348],[-91.9679308397738,37.3971964644779],[-91.9594442570148,37.4084356731214],[-91.9507669171597,37.4105580046146],[-91.9594007841281,37.4218311836547],[-91.9492812935181,37.4252451489002],[-91.9455409367243,37.431014982676]]},"properties":{"segment_id":"9346cb8541e1fe6e32d0b0d2","source_kmz":"missouri","orientation":"unverified"}},{"type":"Feature","geometry":{"type":"LineString","coordinates":[[-91.89301498964322,37.3772678366405],[-91.8962990635675,37.3797904990859],[-91.894921477893,37.3923375300167],[-91.8994848506193,37.396511020809],[-91.90199532188883,37.3944522283064],[-91.90667707010732,37.39648584831911]]},"properties":{"segment_id":"5c56113ecf5a83361c0f1a2e","source_kmz":"missouri","orientation":"unverified"}},{"type":"Feature","geometry":{"type":"LineString","coordinates":[[-91.98325588675002,37.3607289426836],[-91.9875239229312,37.3640854687335],[-91.9736467675426,37.3612142281321],[-91.96971484269143,37.3642989776711]]},"properties":{"segment_id":"ec88706db42d37929511ea47","source_kmz":"missouri","orientation":"unverified"}},{"type":"Feature","geometry":{"type":"LineString","coordinates":[[-92.00082678964102,37.3267451034036],[-91.9941226633398,37.3305429540311],[-92.0005499476356,37.3382574664652],[-91.9868887492999,37.3378061801649],[-91.9874083207029,37.34720135405091],[-91.98097098104361,37.3523470710577]]},"properties":{"segment_id":"22c164ee3daf04c9afe3af49","source_kmz":"missouri","orientation":"unverified"}},{"type":"Feature","geometry":{"type":"LineString","coordinates":[[-92.01329211572481,37.3239402846878],[-92.0103739047398,37.32732753729301],[-92.00082678964102,37.3267451034036]]},"properties":{"segment_id":"3f4471f1530e4aa63fc7bbed","source_kmz":"missouri","orientation":"unverified"}},{"type":"Feature","geometry":{"type":"LineString","coordinates":[[-91.99769316284572,37.3086895023331],[-91.9942894367949,37.3147398032629],[-92.00409020072911,37.3169388238041],[-92.0076450585195,37.3208071231559],[-92.00740104391622,37.3253540986608],[-92.00082678964102,37.3267451034036]]},"properties":{"segment_id":"437993e0cf443f76fecbb0eb","source_kmz":"missouri","orientation":"unverified"}},{"type":"Feature","geometry":{"type":"LineString","coordinates":[[-92.0443797503793,37.2989683842559],[-92.0299407254691,37.3132330674778],[-92.023553792317,37.3111481635797],[-92.0184878048643,37.3163407202938],[-92.00835962092461,37.313864151767],[-92.00747584788202,37.3175862456555],[-92.01329211572481,37.3239402846878]]},"properties":{"segment_id":"9c5a1a8ce66b0055dd01c493","source_kmz":"missouri","orientation":"unverified"}},{"type":"Feature","geometry":{"type":"LineString","coordinates":[[-92.06723259930581,37.2871189260412],[-92.0698241843384,37.29631286858621],[-92.0612763095195,37.2963033432601],[-92.05489101507251,37.3006506387839],[-92.0443797503793,37.2989683842559]]},"properties":{"segment_id":"d95221cae1b9bc47ff2758f4","source_kmz":"missouri","orientation":"unverified"}},{"type":"Feature","geometry":{"type":"LineString","coordinates":[[-92.105879491688,37.280328821643],[-92.09522015621,37.28802388352],[-92.07990330785681,37.2867256170804],[-92.0756355434284,37.2833722492425]]},"properties":{"segment_id":"8f88ee141e56abc75ce8961c","source_kmz":"missouri","orientation":"unverified"}},{"type":"Feature","geometry":{"type":"LineString","coordinates":[[-92.02011228662472,37.2603938399744],[-92.01455081729121,37.2685173551065],[-92.02023709568351,37.2708478274179],[-92.0255125672328,37.2680735956152],[-92.0270188136494,37.271874220474],[-92.00978249982371,37.2809538835797],[-92.0082166134451,37.2846535506705],[-92.01310671370511,37.2891016386024],[-92.0115094715628,37.29976684646171],[-92.0029899407306,37.2992182693443]]},"properties":{"segment_id":"b8cade1319e9d24d1f130943","source_kmz":"missouri","orientation":"unverified"}},{"type":"Feature","geometry":{"type":"LineString","coordinates":[[-92.0682410080869,37.242137675104],[-92.0739605692394,37.2567920282091],[-92.07126191626132,37.2625992294885],[-92.0747922465657,37.2734312260471],[-92.0706291367828,37.2810665200724]]},"properties":{"segment_id":"21dcb2b3d0d440e23e2b7759","source_kmz":"missouri","orientation":"unverified"}},{"type":"Feature","geometry":{"type":"LineString","coordinates":[[-92.0074722041123,37.23479071264751],[-92.004840905187,37.239259095371],[-92.01504232403731,37.246561847337],[-92.00979381979091,37.25523136136201],[-92.02011228662472,37.2603938399744]]},"properties":{"segment_id":"fcfad5df0ae0069c58d4d197","source_kmz":"missouri","orientation":"unverified"}},{"type":"Feature","geometry":{"type":"LineString","coordinates":[[-92.01532834033252,37.2028953204524],[-92.0181821858205,37.2070085102315],[-92.0073522841369,37.2179058269556],[-92.0065955331557,37.2256514737935]]},"properties":{"segment_id":"283c323eb34f8b06d90c0e3f","source_kmz":"missouri","orientation":"unverified"}},{"type":"Feature","geometry":{"type":"LineString","coordinates":[[-92.0196907721528,37.197947742423],[-92.0155285675642,37.1991505699432],[-92.01532834033252,37.2028953204524]]},"properties":{"segment_id":"ed5b8a9749a06cabab62e551","source_kmz":"missouri","orientation":"unverified"}},{"type":"Feature","geometry":{"type":"LineString","coordinates":[[-91.98920262551633,37.1870269327895],[-91.999994648606,37.1895277510052],[-92.01532834033252,37.2028953204524]]},"properties":{"segment_id":"34e04c7ac9e7d39f2f342f07","source_kmz":"missouri","orientation":"unverified"}},{"type":"Feature","geometry":{"type":"LineString","coordinates":[[-92.05607723555681,37.1750232948768],[-92.05208770630561,37.1794483692985],[-92.0444904998257,37.1810759438956],[-92.0367639629375,37.1979720550844],[-92.02605506183042,37.1938696174614],[-92.02744577143702,37.1998102132307],[-92.0196907721528,37.197947742423]]},"properties":{"segment_id":"932e2e769dc39ef584a996f1","source_kmz":"missouri","orientation":"unverified"}},{"type":"Feature","geometry":{"type":"LineString","coordinates":[[-92.06369817720602,37.1599982447234],[-92.0617418992087,37.1711885314159],[-92.05607723555681,37.1750232948768]]},"properties":{"segment_id":"955caefc4293509d5a0cf811","source_kmz":"missouri","orientation":"unverified"}},{"type":"Feature","geometry":{"type":"LineString","coordinates":[[-92.07725093468511,37.148916563613],[-92.06565585786032,37.1552387949437],[-92.06369817720602,37.1599982447234]]},"properties":{"segment_id":"27eba4af74dc32ae8609d8f5","source_kmz":"missouri","orientation":"unverified"}},{"type":"Feature","geometry":{"type":"LineString","coordinates":[[-91.5639959660505,38.6451778455032],[-91.5662666616408,38.647938839243],[-91.5736630771799,38.6465965955836],[-91.57734072494983,38.649139864654],[-91.5695316603654,38.65153929573]]},"properties":{"segment_id":"8e046baa5df9f267c4f93559","source_kmz":"missouri","orientation":"unverified"}},{"type":"Feature","geometry":{"type":"LineString","coordinates":[[-91.53484981348842,38.64332325505841],[-91.5454557869663,38.6407590212832],[-91.55615435704262,38.6481111489552],[-91.5639959660505,38.6451778455032]]},"properties":{"segment_id":"fd0083ef1e8f0514933aac6c","source_kmz":"missouri","orientation":"unverified"}},{"type":"Feature","geometry":{"type":"LineString","coordinates":[[-91.5203969897922,38.6347612004027],[-91.5197543677484,38.6395609464012],[-91.53484981348842,38.64332325505841]]},"properties":{"segment_id":"90ff8b14734eecd7b0bc432b","source_kmz":"missouri","orientation":"unverified"}},{"type":"Feature","geometry":{"type":"LineString","coordinates":[[-91.5753494994026,38.5209929623546],[-91.5908112437554,38.5298531667793],[-91.5884474152692,38.5402181858039]]},"properties":{"segment_id":"7a132597e2dae986af67e277","source_kmz":"missouri","orientation":"unverified"}},{"type":"Feature","geometry":{"type":"LineString","coordinates":[[-91.52954186597832,38.4853107053199],[-91.5432137327274,38.4833946133542],[-91.554913358586,38.4910518146445],[-91.55702272676032,38.5021135492227],[-91.5497761583825,38.5069429533069],[-91.55567958140381,38.512782815914],[-91.5460682531274,38.5164549649022],[-91.5474939373561,38.5215974147879],[-91.5533438262271,38.5226124454764],[-91.56049438864082,38.5193869777823],[-91.5753494994026,38.5209929623546]]},"properties":{"segment_id":"65d33d51665970f2c803b05c","source_kmz":"missouri","orientation":"unverified"}},{"type":"Feature","geometry":{"type":"LineString","coordinates":[[-91.6605544022179,38.4152431740747],[-91.6696558695105,38.425745018245],[-91.66504007375721,38.4274580444089],[-91.66685057433611,38.4320765742294]]},"properties":{"segment_id":"dff7728e60eff4e13ce32784","source_kmz":"missouri","orientation":"unverified"}},{"type":"Feature","geometry":{"type":"LineString","coordinates":[[-91.643137741144,38.41034092426441],[-91.6500009496451,38.417549912752],[-91.6605544022179,38.4152431740747]]},"properties":{"segment_id":"6d7743a48bc3c522726c2fa9","source_kmz":"missouri","orientation":"unverified"}},{"type":"Feature","geometry":{"type":"LineString","coordinates":[[-91.6137204663392,38.4087600375598],[-91.63094770761951,38.4109804755284],[-91.64117025716301,38.4083957292992]]},"properties":{"segment_id":"6726e99aa9d37c7c73811991","source_kmz":"missouri","orientation":"unverified"}},{"type":"Feature","geometry":{"type":"LineString","coordinates":[[-91.8451798884274,38.4106299521941],[-91.8339916766969,38.39980334020961],[-91.8204997353161,38.3929159966147]]},"properties":{"segment_id":"820c8a49698e6acc13c6dd39","source_kmz":"missouri","orientation":"unverified"}},{"type":"Feature","geometry":{"type":"LineString","coordinates":[[-91.63367568905072,38.3593662361962],[-91.6336717045859,38.3652606244563],[-91.628477928366,38.365076120619],[-91.6279997131347,38.3730971364615],[-91.6366653868842,38.3849259556799],[-91.64117025716301,38.4083957292992]]},"properties":{"segment_id":"0e4a17833fa73807fcfd712c","source_kmz":"missouri","orientation":"unverified"}},{"type":"Feature","geometry":{"type":"LineString","coordinates":[[-91.85414853040393,38.1232002944326],[-91.8613064615252,38.1250496190732],[-91.878040886746,38.1411520377808],[-91.8791828749384,38.1516387742628]]},"properties":{"segment_id":"3d28ee57aadced046adb84f6","source_kmz":"missouri","orientation":"unverified"}},{"type":"Feature","geometry":{"type":"LineString","coordinates":[[-91.8217172085635,38.1036130720159],[-91.8311245627716,38.1023259586124],[-91.8356980512494,38.1070359734257],[-91.84463974904851,38.1078752894058],[-91.85414853040393,38.1232002944326]]},"properties":{"segment_id":"4d0659158d0dd67daed24d32","source_kmz":"missouri","orientation":"unverified"}},{"type":"Feature","geometry":{"type":"LineString","coordinates":[[-91.8259978853418,38.0708054143375],[-91.81915632325891,38.0756625107103],[-91.8192084419318,38.08691675674031],[-91.82986899297012,38.0939779066139],[-91.8177741119911,38.0999956737192]]},"properties":{"segment_id":"22b0f567a54d9b6fbb9b2a10","source_kmz":"missouri","orientation":"unverified"}},{"type":"Feature","geometry":{"type":"LineString","coordinates":[[-91.9315669143332,38.0676593762054],[-91.91959913202963,38.0653859806103],[-91.9012929242475,38.0714724593533],[-91.89235500029231,38.0706372705409]]},"properties":{"segment_id":"1ddec21bac3c1916b50544b4","source_kmz":"missouri","orientation":"unverified"}},{"type":"Feature","geometry":{"type":"LineString","coordinates":[[-91.8272211075329,38.0309276095596],[-91.81877672727542,38.0397487088139],[-91.8310115014054,38.0615991223023],[-91.8259978853418,38.0708054143375]]},"properties":{"segment_id":"291943974f5b127f426b2127","source_kmz":"missouri","orientation":"unverified"}},{"type":"Feature","geometry":{"type":"LineString","coordinates":[[-91.9061042818196,37.9103523167758],[-91.9110593014793,37.9142689342624],[-91.9290749539839,37.9127269603094]]},"properties":{"segment_id":"763d4fa82f4d1b25cc93a8f8","source_kmz":"missouri","orientation":"unverified"}},{"type":"Feature","geometry":{"type":"LineString","coordinates":[[-91.9357616388279,37.9102703822246],[-91.95155619395001,37.9177600953894],[-91.97322672200413,37.9187437388107]]},"properties":{"segment_id":"6a6ff908e6064ec2a00a7e3a","source_kmz":"missouri","orientation":"unverified"}},{"type":"Feature","geometry":{"type":"LineString","coordinates":[[-91.86408773441552,37.9033115519677],[-91.8741720212668,37.9017769746044],[-91.8889409404877,37.9089725162473]]},"properties":{"segment_id":"6dc07e14adac981b5e2eb077","source_kmz":"missouri","orientation":"unverified"}},{"type":"Feature","geometry":{"type":"LineString","coordinates":[[-91.8391780399977,37.898715162781],[-91.8427522585338,37.9025876854408],[-91.855050436588,37.9046129045177]]},"properties":{"segment_id":"3c1a5e209413e7e8c704a0b4","source_kmz":"missouri","orientation":"unverified"}},{"type":"Feature","geometry":{"type":"LineString","coordinates":[[-91.8567133669807,37.8934167016521],[-91.8529871469278,37.8983807740753],[-91.86408773441552,37.9033115519677]]},"properties":{"segment_id":"1cfc72cc84052c593bb8b7db","source_kmz":"missouri","orientation":"unverified"}},{"type":"Feature","geometry":{"type":"LineString","coordinates":[[-91.826809345415,37.8918632808863],[-91.8366364367191,37.8948777048347],[-91.8391780399977,37.898715162781]]},"properties":{"segment_id":"b22f0853ae49c8ea68fcd12d","source_kmz":"missouri","orientation":"unverified"}},{"type":"Feature","geometry":{"type":"LineString","coordinates":[[-91.92597367645031,37.8877079835878],[-91.92829840674142,37.8955548700837],[-91.93679783805422,37.8977131196804],[-91.93087930106502,37.9050176702452],[-91.9357616388279,37.9102703822246]]},"properties":{"segment_id":"2dcaf1beaa299fe7637ed498","source_kmz":"missouri","orientation":"unverified"}},{"type":"Feature","geometry":{"type":"LineString","coordinates":[[-91.92745848179281,37.8732902824502],[-91.9237085016292,37.87879136579231],[-91.92597367645031,37.8877079835878]]},"properties":{"segment_id":"376367649dc656048f7afdbc","source_kmz":"missouri","orientation":"unverified"}},{"type":"Feature","geometry":{"type":"LineString","coordinates":[[-91.8650798678218,37.842527501806],[-91.87424441465532,37.8511429681989],[-91.8713439695572,37.8660484163647],[-91.8752025077712,37.8710012904994],[-91.87174789501371,37.8773146347447],[-91.8747101206674,37.8921501395406],[-91.8693694538705,37.895184739576],[-91.8567133669807,37.8934167016521]]},"properties":{"segment_id":"10a98f5066740f846a0d5f59","source_kmz":"missouri","orientation":"unverified"}},{"type":"Feature","geometry":{"type":"LineString","coordinates":[[-91.85841503773361,37.8262263342561],[-91.8672778626625,37.83402844927971],[-91.8650798678218,37.842527501806]]},"properties":{"segment_id":"102f480fb48ca07bfd736aef","source_kmz":"missouri","orientation":"unverified"}},{"type":"Feature","geometry":{"type":"LineString","coordinates":[[-91.8468533466515,37.8052034109467],[-91.8526506391857,37.8062043111795],[-91.8570572556158,37.8135878953409]]},"properties":{"segment_id":"5d76dc3674ff22ea74a8f175","source_kmz":"missouri","orientation":"unverified"}},{"type":"Feature","geometry":{"type":"LineString","coordinates":[[-91.82806473772301,37.7903624706829],[-91.83971426754313,37.7974583507305],[-91.841071260201,37.8039348224777],[-91.8468533466515,37.8052034109467]]},"properties":{"segment_id":"69a1204ab7fd8c5b6e105c92","source_kmz":"missouri","orientation":"unverified"}},{"type":"Feature","geometry":{"type":"LineString","coordinates":[[-91.81543218255301,37.7824278926561],[-91.82467796874501,37.7832804901776],[-91.82806473772301,37.7903624706829]]},"properties":{"segment_id":"bf7cb84e42bc9f29983688a7","source_kmz":"missouri","orientation":"unverified"}},{"type":"Feature","geometry":{"type":"LineString","coordinates":[[-91.8006886387137,37.7511090824044],[-91.8029047217724,37.7605630269296],[-91.8151025292095,37.7639293721088],[-91.81543218255301,37.7824278926561]]},"properties":{"segment_id":"f5a257557dbd1429f3a5b02b","source_kmz":"missouri","orientation":"unverified"}},{"type":"Feature","geometry":{"type":"LineString","coordinates":[[-91.81433311265951,37.7349663003571],[-91.8049114944996,37.7373218593613],[-91.81035452810222,37.7444752585617],[-91.8013053214422,37.7463075054691],[-91.8006886387137,37.7511090824044]]},"properties":{"segment_id":"cc1b3e9248eef9f79325a559","source_kmz":"missouri","orientation":"unverified"}},{"type":"Feature","geometry":{"type":"LineString","coordinates":[[-91.8175901607964,37.6895292718115],[-91.8152895206053,37.6937372585882],[-91.8239961348883,37.70394948285951],[-91.810783444418,37.7126058616518],[-91.8161344960186,37.7213635284232],[-91.8059371484706,37.7253000971897],[-91.80960219932221,37.7334641411337],[-91.81433311265951,37.7349663003571]]},"properties":{"segment_id":"b7a3a0c8fa18c4f1e77793d1","source_kmz":"missouri","orientation":"unverified"}},{"type":"Feature","geometry":{"type":"LineString","coordinates":[[-91.8498044687432,37.6729471388726],[-91.8397632802279,37.6803747470956],[-91.8347674933422,37.6775247276023],[-91.8271295285708,37.6788709840164],[-91.8227521144391,37.6894383949273],[-91.8175901607964,37.6895292718115]]},"properties":{"segment_id":"fdfdd853d31a6c58a5bfb737","source_kmz":"missouri","orientation":"unverified"}},{"type":"Feature","geometry":{"type":"LineString","coordinates":[[-91.82765272912312,37.65129150439],[-91.8345508165303,37.6630488466466],[-91.848822119632,37.6659474136175]]},"properties":{"segment_id":"366471f4b35cf58641bd96d0","source_kmz":"missouri","orientation":"unverified"}},{"type":"Feature","geometry":{"type":"LineString","coordinates":[[-92.6388604076433,39.2313679258171],[-92.6476939632237,39.2224996086032],[-92.6480649907766,39.21447445106341],[-92.65471882457031,39.2071540430624]]},"properties":{"segment_id":"da9b96f9f8d073dc1bc06e97","source_kmz":"missouri","orientation":"unverified"}},{"type":"Feature","geometry":{"type":"LineString","coordinates":[[-92.2440335046011,39.1761471118642],[-92.24795507611701,39.174926087909],[-92.24993191058061,39.17739660938071]]},"properties":{"segment_id":"4e5e69912776aad4cd3c5f30","source_kmz":"missouri","orientation":"unverified"}},{"type":"Feature","geometry":{"type":"LineString","coordinates":[[-92.4786735473107,39.2341714659201],[-92.4812182257074,39.2251363197266],[-92.48977242797912,39.2224314622491],[-92.4960537354068,39.2159121133601],[-92.494321165831,39.1791674967072]]},"properties":{"segment_id":"908486d92b134a8e4a43f653","source_kmz":"missouri","orientation":"unverified"}},{"type":"Feature","geometry":{"type":"LineString","coordinates":[[-92.24993191058061,39.17739660938071],[-92.257383246397,39.1757459126939],[-92.26473192997373,39.1692699318159],[-92.2801128462128,39.1702666967441],[-92.29226557591132,39.16580789522391]]},"properties":{"segment_id":"21be07382cacd4c8a7a00a82","source_kmz":"missouri","orientation":"unverified"}},{"type":"Feature","geometry":{"type":"LineString","coordinates":[[-92.29226557591132,39.16580789522391],[-92.29466216040531,39.1669508155109],[-92.3009016317218,39.1615112646812],[-92.30454900015103,39.1656377758747]]},"properties":{"segment_id":"8d3470d937fbf10afb3efe52","source_kmz":"missouri","orientation":"unverified"}},{"type":"Feature","geometry":{"type":"LineString","coordinates":[[-92.6541859338222,39.1958905746384],[-92.6614765543037,39.1899261984201],[-92.6679668169188,39.170816137846]]},"properties":{"segment_id":"a63fb000888617a88c9a8f1e","source_kmz":"missouri","orientation":"unverified"}},{"type":"Feature","geometry":{"type":"LineString","coordinates":[[-92.4238096878049,39.20073184133071],[-92.42454074054751,39.1787883649146],[-92.42051537269461,39.167958226485],[-92.42472351108212,39.16084710435371]]},"properties":{"segment_id":"ca584bffc3a9dacaab9afb8f","source_kmz":"missouri","orientation":"unverified"}},{"type":"Feature","geometry":{"type":"LineString","coordinates":[[-92.30454900015103,39.1656377758747],[-92.3069457724164,39.1667804595087],[-92.3078775347827,39.1622543238684],[-92.3109201797805,39.1644875878029],[-92.3173047338054,39.1630696062116],[-92.31185166491221,39.1599614245867],[-92.3162978936872,39.1552715695579],[-92.312058911616,39.1489849136562],[-92.3243394428549,39.1488128409617],[-92.3207731553131,39.1430821232875],[-92.3307914985143,39.1390923379291],[-92.3215841550623,39.1339986173277]]},"properties":{"segment_id":"1ad54b086078bbb023d1c41e","source_kmz":"missouri","orientation":"unverified"}},{"type":"Feature","geometry":{"type":"LineString","coordinates":[[-92.924035927016,39.1688421105665],[-92.9302395778467,39.1631035868075],[-92.9317092950393,39.1449289387598]]},"properties":{"segment_id":"34a40d65792b5071fc20488c","source_kmz":"missouri","orientation":"unverified"}},{"type":"Feature","geometry":{"type":"LineString","coordinates":[[-92.3215841550623,39.1339986173277],[-92.3250323215732,39.12820753281],[-92.3331903946729,39.1263055419157],[-92.3418323451712,39.1287031108203]]},"properties":{"segment_id":"0bf14dce945792cfbf9bc702","source_kmz":"missouri","orientation":"unverified"}},{"type":"Feature","geometry":{"type":"LineString","coordinates":[[-92.42472351108212,39.16084710435371],[-92.4195105773822,39.1598935432882],[-92.4142912938915,39.15197525021821],[-92.4145952565842,39.1458232741393],[-92.4188624058785,39.1446069694786],[-92.4169203357167,39.1413367211698],[-92.4217086878285,39.136653208631],[-92.41490583617922,39.1324393424261],[-92.41822770551262,39.1290529635043],[-92.4102964261383,39.1264134469806]]},"properties":{"segment_id":"e7f147df712f7ac8ab8a0a40","source_kmz":"missouri","orientation":"unverified"}},{"type":"Feature","geometry":{"type":"LineString","coordinates":[[-92.494321165831,39.1791674967072],[-92.50664252283461,39.1709429414758],[-92.5058752571432,39.1650286927345],[-92.52393228250752,39.1467854011615],[-92.56049391844651,39.12985673934831]]},"properties":{"segment_id":"4dede3a82222a33d0e5307a5","source_kmz":"missouri","orientation":"unverified"}},{"type":"Feature","geometry":{"type":"LineString","coordinates":[[-92.6679668169188,39.170816137846],[-92.66568140948002,39.1442394220795],[-92.67259680958522,39.1310331207124],[-92.6715277452465,39.1237730690486]]},"properties":{"segment_id":"951abed8f9dcda5878a37b43","source_kmz":"missouri","orientation":"unverified"}},{"type":"Feature","geometry":{"type":"LineString","coordinates":[[-92.56049391844651,39.12985673934831],[-92.56721206555581,39.1212036877401],[-92.56176413179551,39.1178390056085],[-92.5678023362213,39.1161310147363],[-92.563252690479,39.1160052882938],[-92.5616548429179,39.1127469994655]]},"properties":{"segment_id":"363a1064e96c51cbabc48276","source_kmz":"missouri","orientation":"unverified"}},{"type":"Feature","geometry":{"type":"LineString","coordinates":[[-92.6715277452465,39.1237730690486],[-92.6717975392275,39.1178880237906],[-92.6772556000758,39.113480955457]]},"properties":{"segment_id":"557346b21b0b7ed466711d9a","source_kmz":"missouri","orientation":"unverified"}},{"type":"Feature","geometry":{"type":"LineString","coordinates":[[-92.6772556000758,39.113480955457],[-92.6767148160939,39.1099847130203],[-92.6725398431034,39.109337339541]]},"properties":{"segment_id":"075784f28494f14d1a60c4c1","source_kmz":"missouri","orientation":"unverified"}},{"type":"Feature","geometry":{"type":"LineString","coordinates":[[-92.6725398431034,39.109337339541],[-92.67754937071172,39.1070609057412],[-92.6855492673888,39.1083458426415],[-92.6854923640363,39.1019164466338],[-92.69210431055261,39.1028961159386],[-92.6916603797195,39.0972599224025],[-92.6980072193005,39.0963574407321],[-92.6991906417265,39.0934427936855]]},"properties":{"segment_id":"41f8e43f7afc06ef20b4332c","source_kmz":"missouri","orientation":"unverified"}},{"type":"Feature","geometry":{"type":"LineString","coordinates":[[-92.4102964261383,39.1264134469806],[-92.41398143319822,39.1227698178343],[-92.41304406191782,39.1133677799991],[-92.4181543479034,39.1092294801284],[-92.41011336182181,39.1017653217076],[-92.41743452737411,39.1025123367708],[-92.4114670279773,39.095643735915],[-92.4130778202252,39.0914045610631],[-92.4035661324131,39.0924688592139],[-92.40406165044222,39.08953678209101],[-92.4118899234086,39.0870845710791],[-92.40046547540943,39.0843433631291]]},"properties":{"segment_id":"cb9764939f1e03136071573e","source_kmz":"missouri","orientation":"unverified"}},{"type":"Feature","geometry":{"type":"LineString","coordinates":[[-92.5616548429179,39.1127469994655],[-92.5687551141549,39.1108005154229],[-92.5750701446594,39.1032073718876],[-92.5843668218501,39.1066773214617],[-92.5884045710927,39.1027706688013],[-92.58712016265521,39.0928254035026],[-92.59159470872352,39.0870558236279]]},"properties":{"segment_id":"c28b5bc2513ada500425565f","source_kmz":"missouri","orientation":"unverified"}},{"type":"Feature","geometry":{"type":"LineString","coordinates":[[-92.6991906417265,39.0934427936855],[-92.70644302907651,39.0880109143372],[-92.7069990566616,39.0834726252003]]},"properties":{"segment_id":"6a4bec84ecd47cf9410be7ef","source_kmz":"missouri","orientation":"unverified"}},{"type":"Feature","geometry":{"type":"LineString","coordinates":[[-92.59159470872352,39.0870558236279],[-92.5885215664677,39.0853644513298],[-92.58887330636162,39.07787468167],[-92.5834150374998,39.0747784672621]]},"properties":{"segment_id":"30b3767dc173424c9a071774","source_kmz":"missouri","orientation":"unverified"}},{"type":"Feature","geometry":{"type":"LineString","coordinates":[[-92.3418323451712,39.1287031108203],[-92.3466785483096,39.12295262803251],[-92.3494909992449,39.1018740601017],[-92.3644670413509,39.09668806773901],[-92.36338909590961,39.0902278596769],[-92.36807258078771,39.094650634229],[-92.3729545087061,39.0880967580899],[-92.3821029408235,39.0872920869879],[-92.3918667272291,39.0811474759007],[-92.3918092549797,39.075252950917],[-92.3842744840191,39.071819548709],[-92.39336762517154,39.072083930782],[-92.39222106401202,39.0669613559244]]},"properties":{"segment_id":"5c922e9d3e94cf6afa35dcf8","source_kmz":"missouri","orientation":"unverified"}},{"type":"Feature","geometry":{"type":"LineString","coordinates":[[-92.40046547540943,39.0843433631291],[-92.4094220033935,39.0803168789492],[-92.4102934037218,39.0768599476854],[-92.39919385469281,39.074663681455],[-92.40310193142402,39.0664733954892],[-92.39222106401202,39.0669613559244]]},"properties":{"segment_id":"87830bf1072896883556273f","source_kmz":"missouri","orientation":"unverified"}},{"type":"Feature","geometry":{"type":"LineString","coordinates":[[-92.7069990566616,39.0834726252003],[-92.7057816923615,39.0794229745369],[-92.71134378946641,39.072606914803],[-92.7058079291344,39.0711211022097],[-92.7077265147568,39.0674224297432],[-92.7029513165727,39.0646175167746],[-92.71768964250882,39.0561697315644],[-92.71203517712821,39.0495923980038]]},"properties":{"segment_id":"5a99c23a3f5ecdf40f2e00ea","source_kmz":"missouri","orientation":"unverified"}},{"type":"Feature","geometry":{"type":"LineString","coordinates":[[-92.5435802118985,39.0434104364707],[-92.5502162114209,39.0363633511149],[-92.56758199395102,39.0392552203005]]},"properties":{"segment_id":"b9b0265bda1bd8e7f7245849","source_kmz":"missouri","orientation":"unverified"}},{"type":"Feature","geometry":{"type":"LineString","coordinates":[[-92.7849409958739,39.0555186276953],[-92.7777337494873,39.044351350368],[-92.7789724049921,39.0400984300561]]},"properties":{"segment_id":"a146203978cdbd40f1a3a752","source_kmz":"missouri","orientation":"unverified"}},{"type":"Feature","geometry":{"type":"LineString","coordinates":[[-92.5834150374998,39.0747784672621],[-92.584567332072,39.0651680394435],[-92.5744538176623,39.0568543898525],[-92.5821621805568,39.0492995374984],[-92.577005584607,39.0472826390263],[-92.5785552803346,39.0441113182214],[-92.5714781087389,39.0382915276043],[-92.57410182240261,39.0346142500996],[-92.5709934467617,39.0337249241746]]},"properties":{"segment_id":"89284a3d0283859de12437cf","source_kmz":"missouri","orientation":"unverified"}},{"type":"Feature","geometry":{"type":"LineString","coordinates":[[-92.39222106401202,39.0669613559244],[-92.3993163456604,39.0580601793466],[-92.390234052439,39.0505643839608],[-92.396482908276,39.0445852251441],[-92.391141598222,39.0393408312766],[-92.39622140390121,39.0357384267913],[-92.3875542923677,39.0199509222427]]},"properties":{"segment_id":"3f9bff16e1b66e84c2e98fc3","source_kmz":"missouri","orientation":"unverified"}},{"type":"Feature","geometry":{"type":"LineString","coordinates":[[-92.02246977896631,39.0074470579588],[-92.0200973753294,39.0060315075868],[-92.01600523640691,39.0104544169868],[-92.00485434181631,39.0095601006673],[-91.99161648919122,38.9957382309636]]},"properties":{"segment_id":"f568e4fae1554944f1ae0c46","source_kmz":"missouri","orientation":"unverified"}},{"type":"Feature","geometry":{"type":"LineString","coordinates":[[-92.13169409365281,39.0200081525338],[-92.13356132476052,39.0112262060779],[-92.1400920652677,39.0068755280986],[-92.1369818691495,38.9995459291659]]},"properties":{"segment_id":"7e90d91cd293c1ee26772140","source_kmz":"missouri","orientation":"unverified"}},{"type":"Feature","geometry":{"type":"LineString","coordinates":[[-92.23340507211941,39.02956555038831],[-92.23229817604971,39.023906642361],[-92.2448796226975,39.0242879280104],[-92.25489954216572,39.0200368911657],[-92.2607001093445,39.0025324842272]]},"properties":{"segment_id":"6de771f7ae2aaad508c4735e","source_kmz":"missouri","orientation":"unverified"}},{"type":"Feature","geometry":{"type":"LineString","coordinates":[[-92.3875542923677,39.0199509222427],[-92.3883250189476,39.0044377976994],[-92.39743139751381,38.997202626985]]},"properties":{"segment_id":"c17bb328fc7cbd3af0b7519a","source_kmz":"missouri","orientation":"unverified"}},{"type":"Feature","geometry":{"type":"LineString","coordinates":[[-92.71203517712821,39.0495923980038],[-92.72430991842151,39.0491133408411],[-92.721862482497,39.0412819225084],[-92.72827630965111,39.0387728865153],[-92.72581674559233,39.0312090631747],[-92.7333624162125,39.0268549036926],[-92.7276967723042,39.0205458191825],[-92.7293230256149,39.0077333371037],[-92.7210080806865,39.00590700438571]]},"properties":{"segment_id":"1ea7d5ae9ed01df515358e79","source_kmz":"missouri","orientation":"unverified"}},{"type":"Feature","geometry":{"type":"LineString","coordinates":[[-92.32887744348102,39.0383188051453],[-92.33389280486152,39.0360562628737],[-92.33405590512791,39.025882358359],[-92.3381699664703,39.0206465918816],[-92.3449311823379,39.0184351532769],[-92.342632893344,39.0154209925753],[-92.351960921506,39.01783840385541],[-92.35264587264811,39.0111620767861],[-92.3613684884046,39.0116859904432],[-92.36370593918001,39.0069330782929],[-92.37618898545041,39.002208989605],[-92.37718095867541,38.9963451448777]]},"properties":{"segment_id":"bffe64167b394133c1bf925c","source_kmz":"missouri","orientation":"unverified"}},{"type":"Feature","geometry":{"type":"LineString","coordinates":[[-92.7789724049921,39.0400984300561],[-92.77029100152932,39.0385338261832],[-92.76802926895022,39.0264232181913],[-92.7822545028667,39.0134020191706],[-92.7768402833514,39.0092443115042],[-92.7569674444681,39.0076553453844]]},"properties":{"segment_id":"513f6d30cff17aa3869b9537","source_kmz":"missouri","orientation":"unverified"}},{"type":"Feature","geometry":{"type":"LineString","coordinates":[[-92.7569674444681,39.0076553453844],[-92.73950575346541,39.0069300014792],[-92.7336969485037,39.003831247482],[-92.7210080806865,39.00590700438571]]},"properties":{"segment_id":"413de3597b0ffe2256317eaf","source_kmz":"missouri","orientation":"unverified"}},{"type":"Feature","geometry":{"type":"LineString","coordinates":[[-91.9825639837665,38.9949096144152],[-91.97361534126442,38.9922083981019],[-91.9659983657402,38.9970510703412],[-91.957756168927,38.9879420107558],[-91.95010879618421,38.9933185408377],[-91.9475976216183,38.9881463672045],[-91.9278991729398,38.9837505974624],[-91.92721087860721,38.977298263975],[-91.9196673962475,38.9808010119689],[-91.91296838812231,38.9754902133593]]},"properties":{"segment_id":"c786e51b63984b4148915138","source_kmz":"missouri","orientation":"unverified"}},{"type":"Feature","geometry":{"type":"LineString","coordinates":[[-92.4362739708558,39.0042169993396],[-92.4280115962321,38.9943368519214],[-92.4176886915934,38.9908250264342]]},"properties":{"segment_id":"d8be97519e0414b648cd4246","source_kmz":"missouri","orientation":"unverified"}},{"type":"Feature","geometry":{"type":"LineString","coordinates":[[-91.91296838812231,38.9754902133593],[-91.9037809544319,38.9709005808598],[-91.8870205241878,38.9703458480459]]},"properties":{"segment_id":"89f7b11c463892866d99c944","source_kmz":"missouri","orientation":"unverified"}},{"type":"Feature","geometry":{"type":"LineString","coordinates":[[-92.5807871330767,39.0189962932706],[-92.5840583899667,39.0164080235359],[-92.5798421229005,39.0093282149403],[-92.56130026644692,39.0018520962565],[-92.5653081690897,38.9984812358394],[-92.5653883004711,38.9893770604893],[-92.56344379045412,38.9861091947994],[-92.5581023249047,38.98810380561181],[-92.5568315318372,38.9853901876416]]},"properties":{"segment_id":"08ba66d04ed893b0116d7214","source_kmz":"missouri","orientation":"unverified"}},{"type":"Feature","geometry":{"type":"LineString","coordinates":[[-92.39743139751381,38.997202626985],[-92.4003191062789,38.9954114708259],[-92.3997477058144,38.9857522109603],[-92.41018176842222,38.97989400704841]]},"properties":{"segment_id":"edf4ed682596fe7fb291c8c6","source_kmz":"missouri","orientation":"unverified"}},{"type":"Feature","geometry":{"type":"LineString","coordinates":[[-92.1369818691495,38.9995459291659],[-92.138811032285,38.9848694009645],[-92.14686365858172,38.9781549150529],[-92.14399502189401,38.9662790580631]]},"properties":{"segment_id":"66fecb1903c77071fe2e87c8","source_kmz":"missouri","orientation":"unverified"}},{"type":"Feature","geometry":{"type":"LineString","coordinates":[[-91.8825418364596,38.9691255862793],[-91.87646909801042,38.9651730507962],[-91.860484567091,38.9633009169807],[-91.84992255395963,38.9522313080678],[-91.8416491916373,38.95624073486751],[-91.8383264876971,38.9531821822073]]},"properties":{"segment_id":"5da36d275ae12d8290d8cca2","source_kmz":"missouri","orientation":"unverified"}},{"type":"Feature","geometry":{"type":"LineString","coordinates":[[-92.7062701308357,39.0068558322852],[-92.70324622346672,39.0040973217368],[-92.7046824925842,38.99556518269101],[-92.69630880055031,38.9950746958804],[-92.6768622371252,38.9766112265093],[-92.65869789275172,38.9761232990337]]},"properties":{"segment_id":"9f34fbbd58d0b4dab140c2b5","source_kmz":"missouri","orientation":"unverified"}},{"type":"Feature","geometry":{"type":"LineString","coordinates":[[-92.6689150092023,39.02032136138491],[-92.67155763938912,39.0161070446135],[-92.668418058397,39.0082558705496],[-92.6518777452265,39.002722029932],[-92.6485185876127,38.9769200030395],[-92.6352941939173,38.9754907036886]]},"properties":{"segment_id":"f399b7446ce935d432199281","source_kmz":"missouri","orientation":"unverified"}},{"type":"Feature","geometry":{"type":"LineString","coordinates":[[-92.5568315318372,38.9853901876416],[-92.57038412020871,38.9798732277476],[-92.5689277257731,38.9736727725393],[-92.5575531526103,38.9701436048391]]},"properties":{"segment_id":"d0a3bd45dc8e9d698009ad9a","source_kmz":"missouri","orientation":"unverified"}},{"type":"Feature","geometry":{"type":"LineString","coordinates":[[-92.41119091684942,38.966530690799],[-92.4118831433621,38.9595866233683],[-92.41623164291671,38.9564981726329]]},"properties":{"segment_id":"8da68fff83fe7e52f28175b5","source_kmz":"missouri","orientation":"unverified"}},{"type":"Feature","geometry":{"type":"LineString","coordinates":[[-92.2607001093445,39.0025324842272],[-92.26723618981691,38.997907674889],[-92.2682231598472,38.9923121623594],[-92.2792168458881,38.9894279728806],[-92.2785722942773,38.9746760617518],[-92.3003166737998,38.9597905482059],[-92.29942328569153,38.94985300995191],[-92.3076027571707,38.9471503886064],[-92.3063420199779,38.9444342318273]]},"properties":{"segment_id":"5686cf67aad8619d31a175e5","source_kmz":"missouri","orientation":"unverified"}},{"type":"Feature","geometry":{"type":"LineString","coordinates":[[-92.41623164291671,38.9564981726329],[-92.4220290683488,38.9523800034046],[-92.4233658088477,38.9465259086548]]},"properties":{"segment_id":"9265a999a98d0d6a820630b0","source_kmz":"missouri","orientation":"unverified"}},{"type":"Feature","geometry":{"type":"LineString","coordinates":[[-92.14399502189401,38.9662790580631],[-92.1530872187193,38.9464705655458],[-92.1541473631462,38.9264126611543]]},"properties":{"segment_id":"b99c0758511bd5da5d7a1035","source_kmz":"missouri","orientation":"unverified"}},{"type":"Feature","geometry":{"type":"LineString","coordinates":[[-92.3063420199779,38.9444342318273],[-92.31174138283312,38.94138064889151],[-92.30924702060152,38.9354134999363],[-92.3135848804005,38.9325961151916],[-92.312754512293,38.9282856705702],[-92.3181361506249,38.9324635160264],[-92.32187001608152,38.9277529091837]]},"properties":{"segment_id":"a4decae7b0b9179366edec59","source_kmz":"missouri","orientation":"unverified"}},{"type":"Feature","geometry":{"type":"LineString","coordinates":[[-92.32187001608152,38.9277529091837],[-92.3248357662662,38.9313230282962],[-92.3255358919772,38.9243794800395],[-92.330541967646,38.9290813531445],[-92.3427988097731,38.9286400046262],[-92.3447857880004,38.9238772090153],[-92.35655877479151,38.9260988031496]]},"properties":{"segment_id":"72c4ea50e3e50de20eac3742","source_kmz":"missouri","orientation":"unverified"}},{"type":"Feature","geometry":{"type":"LineString","coordinates":[[-92.35655877479151,38.9260988031496],[-92.3648937382064,38.9201828849772],[-92.37012880983852,38.9203363090741],[-92.37878745175482,38.9219288402112],[-92.3843885851124,38.9287886357035]]},"properties":{"segment_id":"4c45d8eb35e8126d43834d0a","source_kmz":"missouri","orientation":"unverified"}},{"type":"Feature","geometry":{"type":"LineString","coordinates":[[-92.4233658088477,38.9465259086548],[-92.41636972535112,38.9323957850914],[-92.41872047099,38.9201427220895]]},"properties":{"segment_id":"c016f9677b14271674424b67","source_kmz":"missouri","orientation":"unverified"}},{"type":"Feature","geometry":{"type":"LineString","coordinates":[[-91.8383264876971,38.9531821822073],[-91.8404847016279,38.9460209018845],[-91.8339874845779,38.9495535543856],[-91.8328669148715,38.9446934091825],[-91.8453430057092,38.9405576163955],[-91.84325119196372,38.9343254635268],[-91.85014132420521,38.9300018106124],[-91.8386099648677,38.9298830978829],[-91.8333785694512,38.9235452980087],[-91.82379241954472,38.9200076469763],[-91.8229491984581,38.910334255526],[-91.8102050801058,38.913118997736],[-91.8079938737937,38.9090254481729],[-91.8142273581601,38.9100399312898],[-91.8161407811034,38.9071574719519],[-91.8098511003753,38.9010507519836]]},"properties":{"segment_id":"e30c2ed107ff802b9d3da748","source_kmz":"missouri","orientation":"unverified"}},{"type":"Feature","geometry":{"type":"LineString","coordinates":[[-92.3843885851124,38.9287886357035],[-92.3894834535598,38.9176874035109],[-92.4042734638714,38.9154388708936]]},"properties":{"segment_id":"47e8e7a9a8657d9be3e7604b","source_kmz":"missouri","orientation":"unverified"}},{"type":"Feature","geometry":{"type":"LineString","coordinates":[[-92.6543075491523,38.9194940350614],[-92.6468298857637,38.9225058653021],[-92.6311225807694,38.9220799752704]]},"properties":{"segment_id":"ddd761e662a38f545ce2b042","source_kmz":"missouri","orientation":"unverified"}},{"type":"Feature","geometry":{"type":"LineString","coordinates":[[-92.66961643923752,38.9209775829952],[-92.6639213455843,38.9232348421299],[-92.6543075491523,38.9194940350614]]},"properties":{"segment_id":"e63f8b72c712d19cfd16c8a5","source_kmz":"missouri","orientation":"unverified"}},{"type":"Feature","geometry":{"type":"LineString","coordinates":[[-92.1541473631462,38.9264126611543],[-92.15465179128331,38.9234816668709],[-92.1604999818189,38.9252702239184],[-92.1550614870447,38.9157259575237],[-92.1648246999112,38.9029025951946]]},"properties":{"segment_id":"1feb9868b53b060058143b84","source_kmz":"missouri","orientation":"unverified"}},{"type":"Feature","geometry":{"type":"LineString","coordinates":[[-92.5809565544711,38.8963338570183],[-92.5787972638704,38.90511265458791],[-92.564914611207,38.9031216338789],[-92.54970707156352,38.9069844883891],[-92.5419730574435,38.9006087429022],[-92.531568766469,38.8989787923461]]},"properties":{"segment_id":"3fb50a50164c30ba41914540","source_kmz":"missouri","orientation":"unverified"}},{"type":"Feature","geometry":{"type":"LineString","coordinates":[[-92.6311225807694,38.9220799752704],[-92.6241929615448,38.9283192858659],[-92.62510377481802,38.9312901771691],[-92.6140075192334,38.9293806421824],[-92.6030625322762,38.9092619161869],[-92.5953236075735,38.9028894980885],[-92.58967774023341,38.9040734014452],[-92.5809565544711,38.8963338570183]]},"properties":{"segment_id":"1d01f5bbb92bebaa4fa69c87","source_kmz":"missouri","orientation":"unverified"}},{"type":"Feature","geometry":{"type":"LineString","coordinates":[[-92.7517320964934,38.8977142757425],[-92.7466221553027,38.9104352826462],[-92.73403392077851,38.9106398403449]]},"properties":{"segment_id":"5a0da9be3ce3032e70739e57","source_kmz":"missouri","orientation":"unverified"}},{"type":"Feature","geometry":{"type":"LineString","coordinates":[[-92.7701196766789,38.9006051957083],[-92.756811452953,38.9013288775397],[-92.7517320964934,38.8977142757425]]},"properties":{"segment_id":"795c996a79e18f3dc23e871c","source_kmz":"missouri","orientation":"unverified"}},{"type":"Feature","geometry":{"type":"LineString","coordinates":[[-92.806259884693,38.9050233427016],[-92.80343604546592,38.8977197208234],[-92.79659818059413,38.8943294456036]]},"properties":{"segment_id":"36a2eb173d19645fd848cc39","source_kmz":"missouri","orientation":"unverified"}},{"type":"Feature","geometry":{"type":"LineString","coordinates":[[-92.68319819345672,38.8913459068856],[-92.67521693314121,38.8978275123584],[-92.66858711434152,38.8976494535522],[-92.6660893678813,38.9064203878481],[-92.66961643923752,38.9209775829952]]},"properties":{"segment_id":"5a7a1d02ad92f26d59e95625","source_kmz":"missouri","orientation":"unverified"}},{"type":"Feature","geometry":{"type":"LineString","coordinates":[[-91.8098511003753,38.9010507519836],[-91.8140418442034,38.895030335975],[-91.8073992609571,38.895073625819],[-91.8004600846293,38.8881406407442],[-91.8029745535387,38.874829998785],[-91.79667333417112,38.8689900292163],[-91.8002739556541,38.8610746761351]]},"properties":{"segment_id":"1092cdbd64b5759376f38eda","source_kmz":"missouri","orientation":"unverified"}},{"type":"Feature","geometry":{"type":"LineString","coordinates":[[-91.8944779748999,38.8878094910649],[-91.888637829324,38.8798464997898],[-91.8789790894128,38.87765016203231],[-91.8817074974217,38.872650673219],[-91.87591582166722,38.8700467779244],[-91.88094873113782,38.8675352019584],[-91.8811604336415,38.8637915438475],[-91.870291335919,38.86450118157961],[-91.8687755172301,38.8604319941528]]},"properties":{"segment_id":"4e8261a126b0174eaa20a8ec","source_kmz":"missouri","orientation":"unverified"}},{"type":"Feature","geometry":{"type":"LineString","coordinates":[[-92.79659818059413,38.8943294456036],[-92.7931205917515,38.89397168725281],[-92.790623823315,38.8872118212472],[-92.7837466300578,38.8926574984333],[-92.7754316113021,38.8911023435233],[-92.7701196766789,38.9006051957083]]},"properties":{"segment_id":"57075c8a282894d40ad6b595","source_kmz":"missouri","orientation":"unverified"}},{"type":"Feature","geometry":{"type":"LineString","coordinates":[[-92.41872047099,38.9201427220895],[-92.4326072473751,38.9149184147224],[-92.42819384199312,38.9051488424453],[-92.4527719390929,38.88121325598121],[-92.4491304175977,38.8770912890338],[-92.4379162461423,38.8778407057698]]},"properties":{"segment_id":"aab0c155322291839a675188","source_kmz":"missouri","orientation":"unverified"}},{"type":"Feature","geometry":{"type":"LineString","coordinates":[[-92.531568766469,38.8989787923461],[-92.5185562881106,38.9007565756997],[-92.5058873432535,38.88807947396241],[-92.4972428173014,38.8862283513072],[-92.48580754493092,38.8770658287395],[-92.47884420909972,38.8766002546822]]},"properties":{"segment_id":"b4724a927543bb4081d39ff1","source_kmz":"missouri","orientation":"unverified"}},{"type":"Feature","geometry":{"type":"LineString","coordinates":[[-92.1648246999112,38.9029025951946],[-92.16863732222131,38.8968594330688],[-92.1616600630928,38.8966434781353],[-92.15665705573622,38.8855054963864],[-92.14933211369932,38.8852780257535],[-92.14810663844682,38.8820254139772],[-92.14962905310772,38.8796618618729],[-92.1562276402964,38.8804025454224],[-92.1622485959176,38.8655882783681]]},"properties":{"segment_id":"e2473d63b478321592a97d98","source_kmz":"missouri","orientation":"unverified"}},{"type":"Feature","geometry":{"type":"LineString","coordinates":[[-92.8511587080133,38.88474794303581],[-92.8399018831923,38.8946379131931],[-92.83266714982432,38.8923107634118],[-92.83030578361972,38.8984099070963],[-92.8257576385474,38.898561298049],[-92.8245484277977,38.8942454229148],[-92.8195581325625,38.8965277002812],[-92.818314263488,38.8930142849603],[-92.806259884693,38.9050233427016]]},"properties":{"segment_id":"d2f71d487b00d309ae77c1a2","source_kmz":"missouri","orientation":"unverified"}},{"type":"Feature","geometry":{"type":"LineString","coordinates":[[-92.1622485959176,38.8655882783681],[-92.152008805723,38.8676814210324],[-92.14989287349621,38.8614545300023]]},"properties":{"segment_id":"a489dd741d8f5a7fafa26490","source_kmz":"missouri","orientation":"unverified"}},{"type":"Feature","geometry":{"type":"LineString","coordinates":[[-92.35001852686831,38.8683177648383],[-92.3537477209577,38.8705704264907],[-92.37319627361792,38.8657844099768]]},"properties":{"segment_id":"5af33bc64f690b16f059b911","source_kmz":"missouri","orientation":"unverified"}},{"type":"Feature","geometry":{"type":"LineString","coordinates":[[-92.8051549556336,38.8744647965146],[-92.80280360657991,38.8802958979683],[-92.8100127622374,38.8831597977433],[-92.8086496538155,38.8903554881095],[-92.8039963180469,38.8929136295045],[-92.80236911315652,38.8901935703616],[-92.79659818059413,38.8943294456036]]},"properties":{"segment_id":"e87e6db27c31e9cb1542f618","source_kmz":"missouri","orientation":"unverified"}},{"type":"Feature","geometry":{"type":"LineString","coordinates":[[-91.8687755172301,38.8604319941528],[-91.8735957028545,38.8555024663785],[-91.88178122926242,38.8589898665588],[-91.88071850213942,38.8468987133026]]},"properties":{"segment_id":"cb3f7d60d4aa4610d3794723","source_kmz":"missouri","orientation":"unverified"}},{"type":"Feature","geometry":{"type":"LineString","coordinates":[[-92.14989287349621,38.8614545300023],[-92.1538033978228,38.8535398054611],[-92.14618961008982,38.8522315761516],[-92.1472404626848,38.8455673998777]]},"properties":{"segment_id":"2434df5ac77a93d7cf731401","source_kmz":"missouri","orientation":"unverified"}},{"type":"Feature","geometry":{"type":"LineString","coordinates":[[-92.1472404626848,38.8455673998777],[-92.1430429293343,38.84570458681121],[-92.14180423948173,38.8427193620271]]},"properties":{"segment_id":"9884e3b913317d3db68937b8","source_kmz":"missouri","orientation":"unverified"}},{"type":"Feature","geometry":{"type":"LineString","coordinates":[[-91.8002739556541,38.8610746761351],[-91.7986294120609,38.8532492945534],[-91.7926326486464,38.8482231429743],[-91.7938790585994,38.8447825697982],[-91.8085185366326,38.8452790856567],[-91.8069911774566,38.8414765465104],[-91.7990209717718,38.8404025806684],[-91.8046647397654,38.833360255066],[-91.7992890852397,38.8296950273263],[-91.80151865201692,38.8273594334156]]},"properties":{"segment_id":"bc701a56c4a06a0f70389e60","source_kmz":"missouri","orientation":"unverified"}},{"type":"Feature","geometry":{"type":"LineString","coordinates":[[-92.3759701298622,38.8591693512364],[-92.3759008144274,38.8535424735092],[-92.3821206782045,38.8478316650951],[-92.3793783122343,38.8327519583071]]},"properties":{"segment_id":"0fef468bfe346a404cfdca48","source_kmz":"missouri","orientation":"unverified"}},{"type":"Feature","geometry":{"type":"LineString","coordinates":[[-92.8637484350741,38.8438258585291],[-92.86131058675352,38.851798122785],[-92.85490624968901,38.8545814683584],[-92.8561627686531,38.8578269912965],[-92.8581631114668,38.8600201629094],[-92.87009064662323,38.8587153386936]]},"properties":{"segment_id":"e389ba0b1e6f31e58cf381de","source_kmz":"missouri","orientation":"unverified"}},{"type":"Feature","geometry":{"type":"LineString","coordinates":[[-91.80151865201692,38.8273594334156],[-91.8203032157285,38.8103129358594],[-91.82698399705,38.80946676747971]]},"properties":{"segment_id":"dc010086956e59a521633b94","source_kmz":"missouri","orientation":"unverified"}},{"type":"Feature","geometry":{"type":"LineString","coordinates":[[-92.7998233110106,38.8368341974752],[-92.7982171384847,38.8416131951539],[-92.8070808481742,38.854428952696],[-92.8098070727409,38.8719066173836],[-92.8051549556336,38.8744647965146]]},"properties":{"segment_id":"319450fb8ac9a7cf98388855","source_kmz":"missouri","orientation":"unverified"}},{"type":"Feature","geometry":{"type":"LineString","coordinates":[[-91.9281167972151,38.8361432281218],[-91.9211418225856,38.8297518691373],[-91.9220034370606,38.8268333476566],[-91.9185035531311,38.8269858875062],[-91.91510482553761,38.8191046159518],[-91.9210285475578,38.8192999958674],[-91.9148762758102,38.8169538592478],[-91.9181470469405,38.8146506718999],[-91.9162662007365,38.8108380015924]]},"properties":{"segment_id":"b67bc8ca693506c23e4be2c4","source_kmz":"missouri","orientation":"unverified"}},{"type":"Feature","geometry":{"type":"LineString","coordinates":[[-92.3793783122343,38.8327519583071],[-92.3790664959499,38.8249752226304],[-92.3831129079341,38.8208079485181]]},"properties":{"segment_id":"44ca24f5da08ef53202fc3a7","source_kmz":"missouri","orientation":"unverified"}},{"type":"Feature","geometry":{"type":"LineString","coordinates":[[-92.14180423948173,38.8427193620271],[-92.15042501121762,38.83816596719311],[-92.14581364625282,38.8329328679398],[-92.153151802483,38.8261963988073],[-92.1436337386881,38.82134635784],[-92.1446278013221,38.8157519604128],[-92.13827030516362,38.8171610032285],[-92.13602943263692,38.8133408065634]]},"properties":{"segment_id":"60adce05540eb983a8ee1cc1","source_kmz":"missouri","orientation":"unverified"}},{"type":"Feature","geometry":{"type":"LineString","coordinates":[[-92.4379162461423,38.8778407057698],[-92.4382955390078,38.8700841396843],[-92.4331294178566,38.8685962587885],[-92.4261258015445,38.8547342921602],[-92.3961059079354,38.826276016929],[-92.3970410064562,38.8214819954562],[-92.3909130405265,38.8183571527837]]},"properties":{"segment_id":"c2398d3dce8bbc83fd33811c","source_kmz":"missouri","orientation":"unverified"}},{"type":"Feature","geometry":{"type":"LineString","coordinates":[[-91.82698399705,38.80946676747971],[-91.82906257718001,38.8036427880706],[-91.839470455776,38.7986349891133]]},"properties":{"segment_id":"405642d02df93086672c6371","source_kmz":"missouri","orientation":"unverified"}},{"type":"Feature","geometry":{"type":"LineString","coordinates":[[-92.80204785183291,38.8259116214101],[-92.80408937544931,38.8350697403683],[-92.7998233110106,38.8368341974752]]},"properties":{"segment_id":"3d033ac12e5e397fa9affce2","source_kmz":"missouri","orientation":"unverified"}},{"type":"Feature","geometry":{"type":"LineString","coordinates":[[-91.88071850213942,38.8468987133026],[-91.878096274073,38.84386446261721],[-91.8875665399285,38.83694595995191],[-91.8848072831978,38.830156620495],[-91.8792463970952,38.8297037075509],[-91.8822147346545,38.8204257914043],[-91.8779116925234,38.81626395331],[-91.8819408773026,38.8129153231152],[-91.8827877383823,38.80410262836],[-91.87556222056452,38.79609271686],[-91.8659604490673,38.7930931794547],[-91.8628565729618,38.786291740706]]},"properties":{"segment_id":"83f1e17a0545847f2f224725","source_kmz":"missouri","orientation":"unverified"}},{"type":"Feature","geometry":{"type":"LineString","coordinates":[[-91.9162662007365,38.8108380015924],[-91.9137786972848,38.8053978571027],[-91.91967136745,38.8061281144811],[-91.919094342068,38.8039658794417],[-91.906946094315,38.8027609115219],[-91.9089880890308,38.7974704068551],[-91.9039760030203,38.7997156978446],[-91.8967335447281,38.7919744304217],[-91.88707111029241,38.7900461473752],[-91.88414764809261,38.78619825363741]]},"properties":{"segment_id":"29c19e1899d4ad2c88533392","source_kmz":"missouri","orientation":"unverified"}},{"type":"Feature","geometry":{"type":"LineString","coordinates":[[-91.839470455776,38.7986349891133],[-91.8449547020234,38.7942648278779],[-91.8476233607071,38.7841738822463]]},"properties":{"segment_id":"c34e940d199feeda555db20c","source_kmz":"missouri","orientation":"unverified"}},{"type":"Feature","geometry":{"type":"LineString","coordinates":[[-91.88414764809261,38.78619825363741],[-91.8644317201412,38.7831295274764],[-91.8628565729618,38.786291740706]]},"properties":{"segment_id":"980dba1881a18ca59425213d","source_kmz":"missouri","orientation":"unverified"}},{"type":"Feature","geometry":{"type":"LineString","coordinates":[[-92.8654893151373,38.8114661304819],[-92.8619724341327,38.8202144220207],[-92.866668750389,38.8246181763934],[-92.86116313433952,38.8309059200881],[-92.8619096258319,38.8378876576181]]},"properties":{"segment_id":"699d39f739f637e8b0a080d4","source_kmz":"missouri","orientation":"unverified"}},{"type":"Feature","geometry":{"type":"LineString","coordinates":[[-92.3381666549423,38.8192185641495],[-92.3431398270343,38.8174906263668],[-92.3448423183901,38.8113803159989],[-92.3525222971361,38.811339044555],[-92.3518248428967,38.8043543564641],[-92.3621433993954,38.8003725183366],[-92.35872473417082,38.7919686138329],[-92.3702615914516,38.791504049388]]},"properties":{"segment_id":"7181dc0495b3208a5cf213d9","source_kmz":"missouri","orientation":"unverified"}},{"type":"Feature","geometry":{"type":"LineString","coordinates":[[-92.3702615914516,38.791504049388],[-92.3780191704663,38.7898564472565],[-92.382053802497,38.7929208137971]]},"properties":{"segment_id":"b14a8acefe87926a73eb1404","source_kmz":"missouri","orientation":"unverified"}},{"type":"Feature","geometry":{"type":"LineString","coordinates":[[-91.8628565729618,38.786291740706],[-91.8583895871473,38.7850706340456],[-91.849640478717,38.773257325806]]},"properties":{"segment_id":"a29b59e4787ed636dcf7ebc2","source_kmz":"missouri","orientation":"unverified"}},{"type":"Feature","geometry":{"type":"LineString","coordinates":[[-92.13602943263692,38.8133408065634],[-92.1419957240593,38.8127233174997],[-92.142919047687,38.8084661052364],[-92.1493604509483,38.80545222025961],[-92.1473596026622,38.7970858556898],[-92.15329189843692,38.803699381974],[-92.15899337919082,38.80146563636621],[-92.1562807058523,38.7933452221592],[-92.16032399553173,38.7894526864102],[-92.15845932662141,38.7851088468492],[-92.16754704630672,38.778158191364],[-92.1619356532145,38.7720910402169],[-92.1622170914072,38.7667423467944],[-92.16684261162462,38.7650106941192]]},"properties":{"segment_id":"8af38d1a70ec09a963e105ea","source_kmz":"missouri","orientation":"unverified"}},{"type":"Feature","geometry":{"type":"LineString","coordinates":[[-91.8410441629845,38.7649312756094],[-91.8407290093964,38.75822294444311],[-91.8455900243197,38.7524923668763]]},"properties":{"segment_id":"9466c3619087c66a2285093d","source_kmz":"missouri","orientation":"unverified"}},{"type":"Feature","geometry":{"type":"LineString","coordinates":[[-92.87950899924012,38.7692405177729],[-92.8740131391592,38.7835628522378],[-92.87810747310371,38.7938425431289]]},"properties":{"segment_id":"2af514ece293f52cf0867b69","source_kmz":"missouri","orientation":"unverified"}},{"type":"Feature","geometry":{"type":"LineString","coordinates":[[-92.18168024334122,38.7547549103862],[-92.1862918836566,38.7465933063665],[-92.1819898743506,38.7421746466856]]},"properties":{"segment_id":"0ecad75fdd8399d9241c682e","source_kmz":"missouri","orientation":"unverified"}},{"type":"Feature","geometry":{"type":"LineString","coordinates":[[-92.1819898743506,38.7421746466856],[-92.1847064399093,38.736901142548],[-92.19488511550442,38.7356076381243],[-92.1933127188372,38.7256481552548]]},"properties":{"segment_id":"6c119158d0773a9923c90be7","source_kmz":"missouri","orientation":"unverified"}},{"type":"Feature","geometry":{"type":"LineString","coordinates":[[-92.5793325630525,38.7449663542056],[-92.5668353347504,38.7438165369406],[-92.56548465437093,38.7354763878358],[-92.5592936582144,38.7336972926463]]},"properties":{"segment_id":"5e503eabaac30ce6572f9222","source_kmz":"missouri","orientation":"unverified"}},{"type":"Feature","geometry":{"type":"LineString","coordinates":[[-92.7427039764591,38.74027192692751],[-92.73600455630272,38.7419699416049],[-92.7300725430837,38.7343145200199]]},"properties":{"segment_id":"3d34687be66c8b8d76254bd6","source_kmz":"missouri","orientation":"unverified"}},{"type":"Feature","geometry":{"type":"LineString","coordinates":[[-92.6113537096854,38.7311177442709],[-92.5988200730457,38.7382726434214],[-92.5840368114117,38.73384773449911],[-92.5828395747648,38.7445276656879],[-92.5793325630525,38.7449663542056]]},"properties":{"segment_id":"9b1c7aac289c0235e098c8fe","source_kmz":"missouri","orientation":"unverified"}},{"type":"Feature","geometry":{"type":"LineString","coordinates":[[-92.7023261244252,38.7389338808439],[-92.6934761525576,38.7419113147717],[-92.68340717396312,38.7333393887604],[-92.6748930887636,38.7365923196382],[-92.6601300416532,38.7316415304758],[-92.6509556271732,38.7340715418214],[-92.64092078387462,38.7324602258093]]},"properties":{"segment_id":"9b4384876f19101f751e515f","source_kmz":"missouri","orientation":"unverified"}},{"type":"Feature","geometry":{"type":"LineString","coordinates":[[-92.5592936582144,38.7336972926463],[-92.5549897372471,38.7362557256126],[-92.5427918447905,38.7361830855946],[-92.5342607919898,38.7249632133713],[-92.5236524007944,38.7281471579566]]},"properties":{"segment_id":"62bc200a23e1d85addbda579","source_kmz":"missouri","orientation":"unverified"}},{"type":"Feature","geometry":{"type":"LineString","coordinates":[[-91.7805151147834,38.7076900453686],[-91.7774768256415,38.7059787622074],[-91.77245149355261,38.7084860971645],[-91.75512845117301,38.7006584101399],[-91.7401548613196,38.700410982856]]},"properties":{"segment_id":"d81206889c9003c531d396a3","source_kmz":"missouri","orientation":"unverified"}},{"type":"Feature","geometry":{"type":"LineString","coordinates":[[-91.8455900243197,38.7524923668763],[-91.84019293026032,38.73704009732531],[-91.8334762646747,38.732527342978],[-91.84266922253,38.7119400231626],[-91.8390123493025,38.7027080598856]]},"properties":{"segment_id":"b623b67cdf2b87bd783f30d5","source_kmz":"missouri","orientation":"unverified"}},{"type":"Feature","geometry":{"type":"LineString","coordinates":[[-91.9620377715156,38.7092006184978],[-91.9556492419798,38.704973289654],[-91.94902403347211,38.7050241669801]]},"properties":{"segment_id":"cd2e15514473c88070dc7172","source_kmz":"missouri","orientation":"unverified"}},{"type":"Feature","geometry":{"type":"LineString","coordinates":[[-92.5236524007944,38.7281471579566],[-92.5131805461725,38.7211564448519],[-92.4998384010131,38.7231898837243]]},"properties":{"segment_id":"110f9bca0e2bfacffc072582","source_kmz":"missouri","orientation":"unverified"}},{"type":"Feature","geometry":{"type":"LineString","coordinates":[[-92.4116129303782,38.7169104948757],[-92.40786198278361,38.7293901764405],[-92.4035793754594,38.7314084152995],[-92.39042239823982,38.715489955704]]},"properties":{"segment_id":"b3608e3dede8b4129cad0cd7","source_kmz":"missouri","orientation":"unverified"}},{"type":"Feature","geometry":{"type":"LineString","coordinates":[[-92.7300725430837,38.7343145200199],[-92.7192199129476,38.7275995520652],[-92.71667551745972,38.7221757708342]]},"properties":{"segment_id":"6e077297087a3c50a912e8af","source_kmz":"missouri","orientation":"unverified"}},{"type":"Feature","geometry":{"type":"LineString","coordinates":[[-91.8390123493025,38.7027080598856],[-91.8310568143529,38.7016361677855],[-91.82088491469412,38.6905761245361]]},"properties":{"segment_id":"e5f87647f25dbfc907360f29","source_kmz":"missouri","orientation":"unverified"}},{"type":"Feature","geometry":{"type":"LineString","coordinates":[[-92.4981236609735,38.722605652811],[-92.4934304667124,38.7187229345998],[-92.48778431940471,38.7201696449803],[-92.4770980871977,38.71049130174],[-92.472522172284,38.7114321330827]]},"properties":{"segment_id":"09b3c478e329830b824ad8a8","source_kmz":"missouri","orientation":"unverified"}},{"type":"Feature","geometry":{"type":"LineString","coordinates":[[-92.462866444364,38.7165129260967],[-92.45103604546111,38.7089421791426],[-92.4306476659299,38.7054087968967]]},"properties":{"segment_id":"93b0dcab62efa6d7d9046122","source_kmz":"missouri","orientation":"unverified"}},{"type":"Feature","geometry":{"type":"LineString","coordinates":[[-91.82088491469412,38.6905761245361],[-91.8217377217049,38.6817639345743],[-91.81792742495001,38.6813670808974]]},"properties":{"segment_id":"9ad58dd10beccbbfca2e6153","source_kmz":"missouri","orientation":"unverified"}},{"type":"Feature","geometry":{"type":"LineString","coordinates":[[-92.2166154920707,38.7132382282281],[-92.2154024243337,38.7030222548651],[-92.226117316902,38.6979926881801],[-92.2212998856286,38.6900774333949]]},"properties":{"segment_id":"d6f8ea92242b56d8310e582a","source_kmz":"missouri","orientation":"unverified"}},{"type":"Feature","geometry":{"type":"LineString","coordinates":[[-92.0351496965696,38.7171935009383],[-92.0333233838824,38.7123129676084],[-92.0381230737135,38.700947900866],[-92.0238913220734,38.6870964743184],[-92.0320524623573,38.6779829009622]]},"properties":{"segment_id":"6eb491232295e3d59b29965d","source_kmz":"missouri","orientation":"unverified"}},{"type":"Feature","geometry":{"type":"LineString","coordinates":[[-92.39042239823982,38.715489955704],[-92.37182595176031,38.70396375627681],[-92.3620650478949,38.6830525378252]]},"properties":{"segment_id":"4dc5a41d698d930e6f70da0a","source_kmz":"missouri","orientation":"unverified"}},{"type":"Feature","geometry":{"type":"LineString","coordinates":[[-92.2212998856286,38.6900774333949],[-92.21059788723382,38.6814458742199],[-92.1917588019959,38.6819380322302],[-92.19070224456742,38.6754766662148]]},"properties":{"segment_id":"7b618142faf8e011fc888176","source_kmz":"missouri","orientation":"unverified"}},{"type":"Feature","geometry":{"type":"LineString","coordinates":[[-92.4356376851297,38.6817150753405],[-92.42836098621612,38.6951647883521],[-92.4306476659299,38.7054087968967]]},"properties":{"segment_id":"8a1fa6cadfe921a88263880e","source_kmz":"missouri","orientation":"unverified"}},{"type":"Feature","geometry":{"type":"LineString","coordinates":[[-91.8702623751024,38.64937193597761],[-91.8810844091718,38.6489297141066],[-91.8811305160018,38.65428929929401]]},"properties":{"segment_id":"7a61e4d8f6ac35d20b0c2339","source_kmz":"missouri","orientation":"unverified"}},{"type":"Feature","geometry":{"type":"LineString","coordinates":[[-92.0320524623573,38.6779829009622],[-92.02846061990822,38.6671520721102],[-92.0318818553521,38.6554751247043],[-92.02587074896681,38.6507277753842]]},"properties":{"segment_id":"1899ca1eb82e8b6ba4718ee8","source_kmz":"missouri","orientation":"unverified"}},{"type":"Feature","geometry":{"type":"LineString","coordinates":[[-91.94902403347211,38.7050241669801],[-91.9449233410272,38.703550188121],[-91.93978233895461,38.6894507811105],[-91.9269374712427,38.6823305330131],[-91.92790149720652,38.6775401679502],[-91.9220446517161,38.670113710692],[-91.91996482453251,38.6574538261191],[-91.9262333771183,38.6512312535523],[-91.9234327767233,38.6452450867664],[-91.926635960661,38.6440113220893]]},"properties":{"segment_id":"1f7520a6dfe372015815165f","source_kmz":"missouri","orientation":"unverified"}},{"type":"Feature","geometry":{"type":"LineString","coordinates":[[-91.9105374014543,38.639192768413],[-91.8992667398947,38.6476596166773],[-91.8851205004981,38.651475404968]]},"properties":{"segment_id":"5bf5e38a1afbc057d141b3bd","source_kmz":"missouri","orientation":"unverified"}},{"type":"Feature","geometry":{"type":"LineString","coordinates":[[-91.926635960661,38.6440113220893],[-91.9234283341541,38.6390833070161],[-91.91912276364233,38.6413521393263],[-91.91957902840281,38.6456535810469],[-91.9136245105803,38.6462603445619],[-91.9105374014543,38.639192768413]]},"properties":{"segment_id":"088b8f521c35c63c13d5cdd4","source_kmz":"missouri","orientation":"unverified"}},{"type":"Feature","geometry":{"type":"LineString","coordinates":[[-92.02587074896681,38.6507277753842],[-92.0172687843304,38.6424140491144],[-92.0012524182351,38.6360028262484]]},"properties":{"segment_id":"1d98bfe766bec416de7a65a9","source_kmz":"missouri","orientation":"unverified"}},{"type":"Feature","geometry":{"type":"LineString","coordinates":[[-91.68669294883381,38.6200535712114],[-91.6755259433619,38.626360979128],[-91.6745460607947,38.6311493465397],[-91.680896053125,38.6356585382366],[-91.6719383029288,38.6398995728163],[-91.6600578053446,38.6405541937621],[-91.6594382671015,38.6509816864391],[-91.64181526721272,38.6602743791642],[-91.641591894857,38.6640175521795],[-91.64701119421751,38.6666200902273],[-91.6416456441485,38.6806312816397],[-91.62013942963742,38.69058797143681],[-91.6051522826447,38.6905915614079]]},"properties":{"segment_id":"fd2e4934516b410fa51f319e","source_kmz":"missouri","orientation":"unverified"}},{"type":"Feature","geometry":{"type":"LineString","coordinates":[[-92.19070224456742,38.6754766662148],[-92.19515463134161,38.6702565718063],[-92.1877558055275,38.6585101817014],[-92.19774309422722,38.6472998682165],[-92.209577241881,38.640699243946],[-92.2105499336287,38.6353718303966]]},"properties":{"segment_id":"38edd0e317a1fb79439d8e41","source_kmz":"missouri","orientation":"unverified"}},{"type":"Feature","geometry":{"type":"LineString","coordinates":[[-92.0012524182351,38.6360028262484],[-91.9879510203942,38.64360794934311],[-91.9792603501267,38.6433252400837],[-91.9706582339692,38.6414374588474],[-91.969459548326,38.6379157428209],[-91.9500912810072,38.6292450826972],[-91.9419490682503,38.6316566280341],[-91.9426678294647,38.62498288889751],[-91.926129891006,38.6343503426766],[-91.91174477491711,38.63628587336201]]},"properties":{"segment_id":"1d0982b87134f04e936249b0","source_kmz":"missouri","orientation":"unverified"}},{"type":"Feature","geometry":{"type":"LineString","coordinates":[[-91.8864716909611,38.6089240964248],[-91.88872333960612,38.6122139428283],[-91.892650631668,38.610469409885],[-91.8956275820146,38.6132474562541],[-91.9074116594009,38.6141745964606],[-91.9088978027495,38.6249398136395]]},"properties":{"segment_id":"e51ee2184f529b7953504532","source_kmz":"missouri","orientation":"unverified"}},{"type":"Feature","geometry":{"type":"LineString","coordinates":[[-91.90180184424021,38.60246876806581],[-91.90127450580312,38.6056660452719],[-91.89137931790081,38.6021221721824],[-91.8864716909611,38.6089240964248]]},"properties":{"segment_id":"c8171decf22c6b25da4ea977","source_kmz":"missouri","orientation":"unverified"}},{"type":"Feature","geometry":{"type":"LineString","coordinates":[[-91.7178760333187,38.5989019013323],[-91.69444394372651,38.5948713252831],[-91.68846058723362,38.6018963685572],[-91.69102022898322,38.61752547323811],[-91.68669294883381,38.6200535712114]]},"properties":{"segment_id":"fd15dc963fac18c91f140cf0","source_kmz":"missouri","orientation":"unverified"}},{"type":"Feature","geometry":{"type":"LineString","coordinates":[[-92.6464472436748,38.6273577927481],[-92.6443283251837,38.6356025604849],[-92.6407900230058,38.636845439325],[-92.6307269678965,38.6210377727973],[-92.629556251723,38.6086861525298],[-92.62041964136792,38.603079932594]]},"properties":{"segment_id":"2b1f2bcd6e23934dfed425e0","source_kmz":"missouri","orientation":"unverified"}},{"type":"Feature","geometry":{"type":"LineString","coordinates":[[-91.9294816375156,38.5741843150721],[-91.92120422353982,38.5915920663078],[-91.9156761848123,38.59087339229521],[-91.913352841114,38.5950828213302],[-91.9067076125674,38.5956662361387],[-91.90180184424021,38.60246876806581]]},"properties":{"segment_id":"76f535ea35bbc7cd4b63c9c3","source_kmz":"missouri","orientation":"unverified"}},{"type":"Feature","geometry":{"type":"LineString","coordinates":[[-92.69005974730342,38.6020212420137],[-92.67748796915932,38.603022514773],[-92.67211008210411,38.5988604087698],[-92.6644892405279,38.5981190458095],[-92.66292261099312,38.5943272805293]]},"properties":{"segment_id":"303ff96509f7d36247541766","source_kmz":"missouri","orientation":"unverified"}},{"type":"Feature","geometry":{"type":"LineString","coordinates":[[-92.66292261099312,38.5943272805293],[-92.65696638826371,38.5952373358626],[-92.6503929509406,38.6020223205634],[-92.64389945315611,38.6222000303588],[-92.6464472436748,38.6273577927481]]},"properties":{"segment_id":"da580e3302eff734fad18a29","source_kmz":"missouri","orientation":"unverified"}},{"type":"Feature","geometry":{"type":"LineString","coordinates":[[-91.8818268740551,38.561618501597],[-91.8916410185961,38.5665001357955],[-91.9018011270702,38.5652307645133],[-91.9089351418944,38.5807378104824],[-91.91323746149482,38.578469338317],[-91.916161434467,38.56972556387301],[-91.9254287611519,38.5657457211113]]},"properties":{"segment_id":"6a4a5b1d06ed4bf3a7e71e0d","source_kmz":"missouri","orientation":"unverified"}},{"type":"Feature","geometry":{"type":"LineString","coordinates":[[-92.57251929193941,38.5856895160261],[-92.5660687285579,38.5822962661059],[-92.56044712721382,38.5834788081585]]},"properties":{"segment_id":"f5bd168af2af5ef9f7176146","source_kmz":"missouri","orientation":"unverified"}},{"type":"Feature","geometry":{"type":"LineString","coordinates":[[-92.0425589434955,38.5676843870134],[-92.03969411086382,38.5627705493987],[-92.02927659517313,38.5624355943365]]},"properties":{"segment_id":"c0e5ae8461d4c7df0a387d7f","source_kmz":"missouri","orientation":"unverified"}},{"type":"Feature","geometry":{"type":"LineString","coordinates":[[-92.4138291590783,38.5795721382557],[-92.4009707687317,38.5722338121019],[-92.3850757584159,38.577125928202],[-92.38162519619051,38.5695251371693]]},"properties":{"segment_id":"bd900021332413405c643e52","source_kmz":"missouri","orientation":"unverified"}},{"type":"Feature","geometry":{"type":"LineString","coordinates":[[-92.3647405916048,38.5733142411966],[-92.35696472523111,38.568799306186],[-92.3467453437829,38.57840744255591]]},"properties":{"segment_id":"9a27e5332200e91d32764174","source_kmz":"missouri","orientation":"unverified"}},{"type":"Feature","geometry":{"type":"LineString","coordinates":[[-92.38162519619051,38.5695251371693],[-92.3779369732898,38.5667384513261],[-92.37588233566241,38.5731063751834],[-92.3716079934519,38.575123491159],[-92.3647405916048,38.5733142411966]]},"properties":{"segment_id":"8327e86e4e9980d092309c98","source_kmz":"missouri","orientation":"unverified"}},{"type":"Feature","geometry":{"type":"LineString","coordinates":[[-92.456203094479,38.5666012294254],[-92.4272389626511,38.5756757684347],[-92.4236344859137,38.5782497257651],[-92.4228554003493,38.5870658515394],[-92.4138291590783,38.5795721382557]]},"properties":{"segment_id":"510a81a06ded470b8d51f9eb","source_kmz":"missouri","orientation":"unverified"}},{"type":"Feature","geometry":{"type":"LineString","coordinates":[[-91.8343316526996,38.53430423794911],[-91.8373156942594,38.54297805244],[-91.83299787833292,38.5455112684328],[-91.8325408977545,38.553533045609],[-91.83830598416722,38.5561389118518]]},"properties":{"segment_id":"270ee242d13bc4dcb4f38a7e","source_kmz":"missouri","orientation":"unverified"}},{"type":"Feature","geometry":{"type":"LineString","coordinates":[[-92.69893054897251,38.5596767782412],[-92.68577238711012,38.573785828058],[-92.68569556837001,38.5831572151796],[-92.6912995122918,38.59000292329],[-92.6733892447832,38.5860398133275],[-92.66356301375312,38.5879170323648]]},"properties":{"segment_id":"917cdc9f6b0fb30fd13bed79","source_kmz":"missouri","orientation":"unverified"}},{"type":"Feature","geometry":{"type":"LineString","coordinates":[[-92.3467453437829,38.57840744255591],[-92.34097385827732,38.5755579154414],[-92.3442611900129,38.5515490465969],[-92.3413098792352,38.54797949648191]]},"properties":{"segment_id":"c73a051b6f72af059859cb88","source_kmz":"missouri","orientation":"unverified"}},{"type":"Feature","geometry":{"type":"LineString","coordinates":[[-92.5359322494529,38.5795790422966],[-92.51594531932471,38.5683030505365],[-92.50288688053801,38.5649873995548],[-92.501482833724,38.5579839699319],[-92.5108442298382,38.5512855572604]]},"properties":{"segment_id":"db5af7457b0e12d1e8ecad50","source_kmz":"missouri","orientation":"unverified"}},{"type":"Feature","geometry":{"type":"LineString","coordinates":[[-92.49929322459681,38.54560159097051],[-92.4717308493605,38.5619574876868],[-92.4633455300935,38.5555571302869],[-92.4649172595102,38.5446209489886]]},"properties":{"segment_id":"db2497f2750f964bcbb9cdaa","source_kmz":"missouri","orientation":"unverified"}},{"type":"Feature","geometry":{"type":"LineString","coordinates":[[-92.5565633563815,38.5477496571297],[-92.543677099758,38.5481926579089],[-92.5469667383594,38.5595335290304],[-92.5413651023152,38.567679229383],[-92.5449079772317,38.5736707044418],[-92.5432530123209,38.57924871443]]},"properties":{"segment_id":"b62132785c550f28875edcba","source_kmz":"missouri","orientation":"unverified"}},{"type":"Feature","geometry":{"type":"LineString","coordinates":[[-92.3413098792352,38.54797949648191],[-92.3289691510059,38.55136264031981],[-92.32739406136632,38.5481015457177],[-92.33220296341301,38.5423519836091],[-92.32294961311541,38.5396657434913]]},"properties":{"segment_id":"6324a830dc0efea221c15688","source_kmz":"missouri","orientation":"unverified"}},{"type":"Feature","geometry":{"type":"LineString","coordinates":[[-92.5108442298382,38.5512855572604],[-92.5125902698631,38.5438356980755],[-92.49929322459681,38.54560159097051]]},"properties":{"segment_id":"ec8f42a54d186ae0801f925c","source_kmz":"missouri","orientation":"unverified"}},{"type":"Feature","geometry":{"type":"LineString","coordinates":[[-92.45679106179792,38.5401023542783],[-92.4487501845044,38.5481739829939],[-92.4511519004598,38.5560103818989],[-92.4602049421596,38.5629664325367],[-92.456203094479,38.5666012294254]]},"properties":{"segment_id":"7f5a406fd71e99dff319bfbe","source_kmz":"missouri","orientation":"unverified"}},{"type":"Feature","geometry":{"type":"LineString","coordinates":[[-92.32294961311541,38.5396657434913],[-92.319332392412,38.5355400608786],[-92.3262507813947,38.5293179970965],[-92.3239686137351,38.5263036193601]]},"properties":{"segment_id":"f4de82ec902b0901e6acaa55","source_kmz":"missouri","orientation":"unverified"}},{"type":"Feature","geometry":{"type":"LineString","coordinates":[[-92.2028294599296,38.5226317955044],[-92.20176054024581,38.5298311839149],[-92.16620386111691,38.5249804265881],[-92.16908681204602,38.5363204827151]]},"properties":{"segment_id":"2981eb67399b0f587b359aef","source_kmz":"missouri","orientation":"unverified"}},{"type":"Feature","geometry":{"type":"LineString","coordinates":[[-92.11976537127671,38.5221880604679],[-92.1104879986586,38.5135915793213],[-92.0996353854709,38.5215527569758],[-92.0985420776823,38.5290186709718],[-92.1066703647899,38.546151741107],[-92.0907370783872,38.5579699460364],[-92.0563611226278,38.5568754768759]]},"properties":{"segment_id":"ec15b53ee2a9a45e9d1aedc1","source_kmz":"missouri","orientation":"unverified"}},{"type":"Feature","geometry":{"type":"LineString","coordinates":[[-92.8246849780453,38.5305742642798],[-92.81966135381562,38.5341939902515],[-92.8179700656171,38.541113155676],[-92.8045290934468,38.5463894342361],[-92.7965610621428,38.5536811814197],[-92.7854235759923,38.5539270215628],[-92.77424414152642,38.5630082986993],[-92.73931993147711,38.5741414290875],[-92.7364584554363,38.5837068553024],[-92.7219973407622,38.5881440963686],[-92.71232713944671,38.5943142818896],[-92.7117992187601,38.5983173735544],[-92.69005974730342,38.6020212420137]]},"properties":{"segment_id":"f229dd6cc4862c4c3be821b3","source_kmz":"missouri","orientation":"unverified"}},{"type":"Feature","geometry":{"type":"LineString","coordinates":[[-92.225569575063,38.5198479726947],[-92.2168097573011,38.521186607653],[-92.2037591806142,38.5114101662686],[-92.20081634924291,38.5145338552418],[-92.2028294599296,38.5226317955044]]},"properties":{"segment_id":"ded2a83c198d8b9aa53a40d8","source_kmz":"missouri","orientation":"unverified"}},{"type":"Feature","geometry":{"type":"LineString","coordinates":[[-92.6063089708165,38.5172579368932],[-92.6022056603662,38.5158058023461],[-92.58911342012361,38.5208006858216],[-92.5815337240716,38.5342497142953],[-92.5815435701395,38.5414812098705]]},"properties":{"segment_id":"eb666ed8480c8dd2aa597148","source_kmz":"missouri","orientation":"unverified"}},{"type":"Feature","geometry":{"type":"LineString","coordinates":[[-92.2980839703543,38.5019580027839],[-92.2888314752856,38.5062332416707],[-92.2846884859642,38.5125369247857],[-92.2740388904495,38.5100726100182],[-92.26535526697111,38.516774064714]]},"properties":{"segment_id":"541fe70053fc18117683226c","source_kmz":"missouri","orientation":"unverified"}},{"type":"Feature","geometry":{"type":"LineString","coordinates":[[-92.3239686137351,38.5263036193601],[-92.2962581912517,38.5174386273351],[-92.30492953445471,38.5040384069591],[-92.2980839703543,38.5019580027839]]},"properties":{"segment_id":"92624d20281c0bc8722e025e","source_kmz":"missouri","orientation":"unverified"}},{"type":"Feature","geometry":{"type":"LineString","coordinates":[[-92.6619529438703,38.5088680435394],[-92.6539822646013,38.5083841178464],[-92.6440555978967,38.5126671358006],[-92.63159699597391,38.511523870273],[-92.6230200224551,38.516645571352],[-92.6063089708165,38.5172579368932]]},"properties":{"segment_id":"c8ccabbab969a24f87bce0ab","source_kmz":"missouri","orientation":"unverified"}},{"type":"Feature","geometry":{"type":"LineString","coordinates":[[-92.2309877763688,38.4956384648751],[-92.226771487443,38.5032773970904],[-92.215333101035,38.49596224010631],[-92.2085192533673,38.5000385831795],[-92.2103242541297,38.5054513573398],[-92.22313799190492,38.5130769623842],[-92.225569575063,38.5198479726947]]},"properties":{"segment_id":"108b56bee831eaba157b8754","source_kmz":"missouri","orientation":"unverified"}},{"type":"Feature","geometry":{"type":"LineString","coordinates":[[-92.2628711767407,38.5177702037542],[-92.2628108740159,38.5121433820493],[-92.25334892991611,38.5000703792962],[-92.2385385297615,38.4974763374326],[-92.2366216689515,38.4942034957103]]},"properties":{"segment_id":"e2f6490a48ecc36cd40ebff1","source_kmz":"missouri","orientation":"unverified"}},{"type":"Feature","geometry":{"type":"LineString","coordinates":[[-92.2366216689515,38.4942034957103],[-92.2326095771555,38.4911344356636],[-92.2309877763688,38.4956384648751]]},"properties":{"segment_id":"d83750aa13e8bcc18af49ffc","source_kmz":"missouri","orientation":"unverified"}},{"type":"Feature","geometry":{"type":"LineString","coordinates":[[-92.3484668041628,38.4951578264837],[-92.33976567464221,38.4954353843042],[-92.3240868243126,38.4893438324757],[-92.3034105498499,38.4997072181407]]},"properties":{"segment_id":"0c93bb1b8d9de2d5f914f3a5","source_kmz":"missouri","orientation":"unverified"}},{"type":"Feature","geometry":{"type":"LineString","coordinates":[[-92.3464917480223,38.4790284278188],[-92.3392195279711,38.4855087695299],[-92.3484668041628,38.4951578264837]]},"properties":{"segment_id":"e0d013a653f7d6fdd779ae5a","source_kmz":"missouri","orientation":"unverified"}},{"type":"Feature","geometry":{"type":"LineString","coordinates":[[-92.4177387100953,38.4642466478578],[-92.40921790683471,38.4680161685964],[-92.4090677390957,38.4639941771746],[-92.40361027139593,38.4619600689253]]},"properties":{"segment_id":"32f12e52460f84ecf1cf77ce","source_kmz":"missouri","orientation":"unverified"}},{"type":"Feature","geometry":{"type":"LineString","coordinates":[[-92.40361027139593,38.4619600689253],[-92.40105107532511,38.4645637388757],[-92.38889857546523,38.4644759218717],[-92.3883183170644,38.4762440082106],[-92.38126154137501,38.478447525911],[-92.38253024891891,38.4808953778823],[-92.3661723130563,38.4814853873239],[-92.3599386412746,38.4671055277128],[-92.3550162647371,38.4682992064484],[-92.3510414368125,38.4783597207589],[-92.3464917480223,38.4790284278188]]},"properties":{"segment_id":"085dff722075d1601fc830e4","source_kmz":"missouri","orientation":"unverified"}},{"type":"Feature","geometry":{"type":"LineString","coordinates":[[-92.6774073972418,38.466971074064],[-92.6661304454093,38.4781824343087],[-92.66685475550722,38.4851652059582],[-92.6733621873403,38.487215754189],[-92.6761815149945,38.4939871703444]]},"properties":{"segment_id":"43878eb3f1bb0bb66b58b348","source_kmz":"missouri","orientation":"unverified"}},{"type":"Feature","geometry":{"type":"LineString","coordinates":[[-92.4676574621913,38.4734554286186],[-92.4605904173992,38.4759309520197],[-92.4559797219275,38.4707095230315],[-92.460144382114,38.4635977029681],[-92.43426633417853,38.4529413000973]]},"properties":{"segment_id":"82015e95c31aca1bde646280","source_kmz":"missouri","orientation":"unverified"}},{"type":"Feature","geometry":{"type":"LineString","coordinates":[[-92.43426633417853,38.4529413000973],[-92.42572159580212,38.4572468849599],[-92.4169793366303,38.4513682362169]]},"properties":{"segment_id":"b6bdaa64124304be64a54bf8","source_kmz":"missouri","orientation":"unverified"}},{"type":"Feature","geometry":{"type":"LineString","coordinates":[[-92.4894966657386,38.4526530700795],[-92.466424751557,38.47020605947571],[-92.4676574621913,38.4734554286186]]},"properties":{"segment_id":"fb6667008633f1795b2c960e","source_kmz":"missouri","orientation":"unverified"}},{"type":"Feature","geometry":{"type":"LineString","coordinates":[[-92.49913794071182,38.4325722996756],[-92.4902278712723,38.4446389362533],[-92.4894966657386,38.4526530700795]]},"properties":{"segment_id":"3556e80d4ea3b7fe3791e0be","source_kmz":"missouri","orientation":"unverified"}},{"type":"Feature","geometry":{"type":"LineString","coordinates":[[-92.59738229313692,38.4326481234938],[-92.5843793805494,38.4360376357692],[-92.577198039758,38.4336956403153]]},"properties":{"segment_id":"b83987835c6546595616bbf9","source_kmz":"missouri","orientation":"unverified"}},{"type":"Feature","geometry":{"type":"LineString","coordinates":[[-92.4629671940529,38.4267175180156],[-92.4652261724137,38.4302642515745],[-92.455376702482,38.4329272866059],[-92.44192169096792,38.4526270219336],[-92.43426633417853,38.4529413000973]]},"properties":{"segment_id":"ab6d541ab8af8a93734ca881","source_kmz":"missouri","orientation":"unverified"}},{"type":"Feature","geometry":{"type":"LineString","coordinates":[[-92.55285816520013,38.4271244705188],[-92.5242233566491,38.4233733031244],[-92.5145582655946,38.429527978399],[-92.5079584477021,38.429608802863],[-92.5060464795546,38.43330419326491],[-92.49913794071182,38.4325722996756]]},"properties":{"segment_id":"9780bcf9818ddc8e3540b57a","source_kmz":"missouri","orientation":"unverified"}},{"type":"Feature","geometry":{"type":"LineString","coordinates":[[-92.627302735238,38.401065243886],[-92.6275160170743,38.4115160154697],[-92.62334590936133,38.4191684485702]]},"properties":{"segment_id":"f2942bdf0d667517c7b418d2","source_kmz":"missouri","orientation":"unverified"}},{"type":"Feature","geometry":{"type":"LineString","coordinates":[[-92.16908681204602,38.5363204827151],[-92.16207377633792,38.5374417173351],[-92.15692672117981,38.5295131967204],[-92.1575586248381,38.5174788026834],[-92.1618915828334,38.5143993805876],[-92.1740800202843,38.5139747161728],[-92.16310781082421,38.497829429724],[-92.14286613926981,38.5060372281603],[-92.142423926213,38.5210241293269],[-92.1320480084256,38.5265921559815],[-92.1336139313858,38.5298557365123],[-92.1485912977794,38.53594981526],[-92.1451429866009,38.5420030614018],[-92.13711575853671,38.5425554524308],[-92.11976537127671,38.5221880604679]]},"properties":{"segment_id":"fc92358a0609982885accd37","source_kmz":"missouri","orientation":"unverified"}},{"type":"Feature","geometry":{"type":"LineString","coordinates":[[-92.9178015706797,38.6470159303592],[-92.93577362046132,38.6501410391283],[-92.9417763182634,38.6564489760373]]},"properties":{"segment_id":"3387a9183cdeb161734c8dd1","source_kmz":"missouri","orientation":"unverified"}},{"type":"Feature","geometry":{"type":"LineString","coordinates":[[-93.0,38.65493729805369],[-92.9924532033977,38.6518020066757],[-92.99108872342842,38.6426640865233],[-92.98304070457321,38.6352375312523]]},"properties":{"segment_id":"647f44fdff77b86c8c77fbdf","source_kmz":"missouri","orientation":"unverified"}},{"type":"Feature","geometry":{"type":"LineString","coordinates":[[-92.98304070457321,38.6352375312523],[-92.9745846391897,38.6377085068317],[-92.9770345618105,38.6458020878269],[-92.97204382416601,38.6486254816173],[-92.9743010975637,38.65296538489601],[-92.9799434065217,38.6512289719818],[-92.97449826345753,38.6650206101781],[-92.980582925375,38.6694540583715],[-92.9817534174359,38.6748383821524],[-92.97789319521621,38.67554737962621],[-92.975287117653,38.6711990199533],[-92.9604836112016,38.6670866709308],[-92.95347041005591,38.6682528621077]]},"properties":{"segment_id":"d81357c031690f9f61da903e","source_kmz":"missouri","orientation":"unverified"}},{"type":"Feature","geometry":{"type":"LineString","coordinates":[[-92.8777954406925,38.6055739850707],[-92.8738006148784,38.6094897986809],[-92.8807918301058,38.6168971128822],[-92.88677013283821,38.631776697078]]},"properties":{"segment_id":"512ad22519975a9631ede1c6","source_kmz":"missouri","orientation":"unverified"}},{"type":"Feature","geometry":{"type":"LineString","coordinates":[[-92.9591071360116,38.5746661042243],[-92.9545057369057,38.5932977411232],[-92.9440364185591,38.6024115449804],[-92.9438463407994,38.60695924665131],[-92.93100773827922,38.6144066148785],[-92.9222369804509,38.6243643078836],[-92.9178015706797,38.6470159303592]]},"properties":{"segment_id":"2dd971e1f50100e9a90a06d4","source_kmz":"missouri","orientation":"unverified"}},{"type":"Feature","geometry":{"type":"LineString","coordinates":[[-92.97369742782331,38.5498529790333],[-92.97308452370162,38.556264795921],[-92.9591071360116,38.5746661042243]]},"properties":{"segment_id":"bcb23eba5050d4aa65e03800","source_kmz":"missouri","orientation":"unverified"}},{"type":"Feature","geometry":{"type":"LineString","coordinates":[[-92.9052890034006,38.5478877083943],[-92.9106086190434,38.55364469048401],[-92.9235821470364,38.5593247543464],[-92.9324672649788,38.5713287590456],[-92.931009765963,38.5812007287718],[-92.92102190627341,38.5871110918347],[-92.91842976206381,38.5990969796996],[-92.89688042611131,38.6231940184677],[-92.8955307134177,38.6303905074333],[-92.9003756882661,38.6310478136009],[-92.90159636233092,38.6350953431912]]},"properties":{"segment_id":"edd72b621a60493c777e01cd","source_kmz":"missouri","orientation":"unverified"}},{"type":"Feature","geometry":{"type":"LineString","coordinates":[[-91.7054629934812,39.0590398785476],[-91.6947214797065,39.0570602376249],[-91.6888248153151,39.0324732497284],[-91.68558461906473,39.0339682819659],[-91.6761030633126,39.0226528231901],[-91.667066794734,39.0215338152861],[-91.66101736837783,39.0173033300637]]},"properties":{"segment_id":"33adcaae8752fa48184d0456","source_kmz":"missouri","orientation":"unverified"}},{"type":"Feature","geometry":{"type":"LineString","coordinates":[[-91.66101736837783,39.0173033300637],[-91.65217896967592,39.001185420727],[-91.6591665977872,38.9955354426327]]},"properties":{"segment_id":"312266bd7a90a44fb3efd1c4","source_kmz":"missouri","orientation":"unverified"}},{"type":"Feature","geometry":{"type":"LineString","coordinates":[[-91.6591665977872,38.9955354426327],[-91.65623096654441,38.9919494596886],[-91.65962950747331,38.9877813948232]]},"properties":{"segment_id":"3369086d64099d1122be613b","source_kmz":"missouri","orientation":"unverified"}},{"type":"Feature","geometry":{"type":"LineString","coordinates":[[-91.65962950747331,38.9877813948232],[-91.65301279615691,38.9813870554565],[-91.6437449484334,38.9783824610521],[-91.6359585475308,38.9681948632165]]},"properties":{"segment_id":"4c4a7d493ebecceafc90ad0a","source_kmz":"missouri","orientation":"unverified"}},{"type":"Feature","geometry":{"type":"LineString","coordinates":[[-91.6085195738591,38.9996475756298],[-91.6102233989315,38.9946169030881],[-91.6147958337945,38.9942427412931],[-91.6164077968545,38.9849216415611],[-91.6258776661166,38.9729305843729],[-91.6249153913041,38.9656621750625]]},"properties":{"segment_id":"37560eac1935e3bf3b237f81","source_kmz":"missouri","orientation":"unverified"}},{"type":"Feature","geometry":{"type":"LineString","coordinates":[[-91.73690656047611,38.97090259183041],[-91.72341877805361,38.9741892094238],[-91.71740150142922,38.9694267268135],[-91.7160180363536,38.9632165214629]]},"properties":{"segment_id":"c490129ebb0d87510957cb65","source_kmz":"missouri","orientation":"unverified"}},{"type":"Feature","geometry":{"type":"LineString","coordinates":[[-91.7160180363536,38.9632165214629],[-91.7126845361074,38.9604219902855],[-91.7031168043225,38.9625021824603],[-91.7009733312152,38.9573371581352],[-91.6890725075922,38.9515652526102],[-91.6910869952352,38.947080411256],[-91.6847093258284,38.9484661749846],[-91.68188519551352,38.9547982772305],[-91.6807588261264,38.95020414274771],[-91.67233500331751,38.9448195790119]]},"properties":{"segment_id":"dcf2930e8c55388a4af52eba","source_kmz":"missouri","orientation":"unverified"}},{"type":"Feature","geometry":{"type":"LineString","coordinates":[[-91.612621782594,38.9606727377891],[-91.6103352520068,38.9463907544547],[-91.61530751549462,38.9393322589675]]},"properties":{"segment_id":"193a45f33a35258bc6bf824c","source_kmz":"missouri","orientation":"unverified"}},{"type":"Feature","geometry":{"type":"LineString","coordinates":[[-91.67233500331751,38.9448195790119],[-91.66229330997852,38.9431289175966],[-91.6469502279262,38.948217788607],[-91.63478246583962,38.9469861006058],[-91.62656216905441,38.9499116665908],[-91.61579603122681,38.9428328003171],[-91.61530751549462,38.9393322589675]]},"properties":{"segment_id":"1d5916640ff6cdb6f132e9b5","source_kmz":"missouri","orientation":"unverified"}},{"type":"Feature","geometry":{"type":"LineString","coordinates":[[-91.5563867037117,38.9420570285923],[-91.5614682061849,38.9390236884602],[-91.56001704729721,38.93414860879641],[-91.56546982981732,38.9364874237521],[-91.5672240139157,38.9306552897063],[-91.5729769076935,38.9338083534558],[-91.5805483877488,38.9300593564687]]},"properties":{"segment_id":"1ab48781bdc0c6218becd9d9","source_kmz":"missouri","orientation":"unverified"}},{"type":"Feature","geometry":{"type":"LineString","coordinates":[[-91.5805483877488,38.9300593564687],[-91.5935074239479,38.9297169560529],[-91.5971978229397,38.9207379831607]]},"properties":{"segment_id":"d941f9323e21036f358232bb","source_kmz":"missouri","orientation":"unverified"}},{"type":"Feature","geometry":{"type":"LineString","coordinates":[[-91.61530751549462,38.9393322589675],[-91.5998043474583,38.9296727393329],[-91.5971978229397,38.9207379831607]]},"properties":{"segment_id":"8f9b9dce4c753ae7599b36e7","source_kmz":"missouri","orientation":"unverified"}},{"type":"Feature","geometry":{"type":"LineString","coordinates":[[-91.6011392046433,38.9133755185779],[-91.58261778389192,38.9017307937689],[-91.5843373245519,38.8964331793498],[-91.57553808029002,38.8859372389572]]},"properties":{"segment_id":"8887482afb85e3265fe89fed","source_kmz":"missouri","orientation":"unverified"}},{"type":"Feature","geometry":{"type":"LineString","coordinates":[[-90.31044944145421,38.8221889076939],[-90.2973238562578,38.8202437823394],[-90.28765455861551,38.8098764838186],[-90.2652922526386,38.8099141092789],[-90.2530885690214,38.81846450859431],[-90.24957546228622,38.8142790514471],[-90.2306717309278,38.8147393980158],[-90.2259438040491,38.8214906282281],[-90.22891721696821,38.828064965045],[-90.2195042421883,38.8321840052588],[-90.21114765742182,38.8317932353362]]},"properties":{"segment_id":"e3c90577077f1c8c13eacbd2","source_kmz":"missouri","orientation":"unverified"}},{"type":"Feature","geometry":{"type":"LineString","coordinates":[[-91.5850180205291,38.8736820964596],[-91.5862903536266,38.85845461577681],[-91.577470625435,38.85412071438321]]},"properties":{"segment_id":"4ccecaaab9090e5fc3dc0478","source_kmz":"missouri","orientation":"unverified"}},{"type":"Feature","geometry":{"type":"LineString","coordinates":[[-91.6515127683621,38.8543319741865],[-91.6495490453956,38.8521195009591],[-91.6357787859816,38.8545821663578],[-91.6279701576068,38.8508234656602],[-91.6171166557226,38.8512435204892]]},"properties":{"segment_id":"f39a0baa69214be6d4d57b49","source_kmz":"missouri","orientation":"unverified"}},{"type":"Feature","geometry":{"type":"LineString","coordinates":[[-91.577470625435,38.85412071438321],[-91.57364528067511,38.8480892034307],[-91.5822777611496,38.8382156761303]]},"properties":{"segment_id":"e4b5f1db11a9d790bffbd3b1","source_kmz":"missouri","orientation":"unverified"}},{"type":"Feature","geometry":{"type":"LineString","coordinates":[[-91.6069018246611,38.8468623511091],[-91.6019739151522,38.8474912015156],[-91.5977014484234,38.8430522642716],[-91.5822777611496,38.8382156761303]]},"properties":{"segment_id":"6b109bbbfad0e2d74cc2bb7f","source_kmz":"missouri","orientation":"unverified"}},{"type":"Feature","geometry":{"type":"LineString","coordinates":[[-91.548022889728,38.83296912130221],[-91.5393019930109,38.8214012427575],[-91.52618140264991,38.8246789111087],[-91.5098389468548,38.8235511269099]]},"properties":{"segment_id":"5850e9051fd7554d301d4f46","source_kmz":"missouri","orientation":"unverified"}},{"type":"Feature","geometry":{"type":"LineString","coordinates":[[-91.5298011890642,38.8055172856675],[-91.5077745806323,38.8060592391203],[-91.50266711542442,38.8096250398333],[-91.5032997658754,38.816346881621]]},"properties":{"segment_id":"9ba925768fd8bb90d1a5c738","source_kmz":"missouri","orientation":"unverified"}},{"type":"Feature","geometry":{"type":"LineString","coordinates":[[-91.5567142718623,38.7992521885844],[-91.5328050312595,38.8077693794138],[-91.5298011890642,38.8055172856675]]},"properties":{"segment_id":"09dc0a483705f5c12618fe37","source_kmz":"missouri","orientation":"unverified"}},{"type":"Feature","geometry":{"type":"LineString","coordinates":[[-91.42033239978761,38.8031212430317],[-91.42663526433071,38.802818475837],[-91.435761170579,38.79645643411231],[-91.4470059063384,38.7952630500803]]},"properties":{"segment_id":"ab77b6fd6e5125695d50521a","source_kmz":"missouri","orientation":"unverified"}},{"type":"Feature","geometry":{"type":"LineString","coordinates":[[-91.48871460222831,38.7925038525265],[-91.4869560865202,38.7870805970841],[-91.47559712590112,38.7901490597469],[-91.4716507188209,38.7862532420527]]},"properties":{"segment_id":"533f2c462ae058bd349a9a1d","source_kmz":"missouri","orientation":"unverified"}},{"type":"Feature","geometry":{"type":"LineString","coordinates":[[-91.4716507188209,38.7862532420527],[-91.4933717854497,38.7792758857084],[-91.5024724374303,38.7731762936147],[-91.50256758777671,38.7603180172842],[-91.5089628040933,38.7527798686517]]},"properties":{"segment_id":"f26165904d94afd462eb9689","source_kmz":"missouri","orientation":"unverified"}},{"type":"Feature","geometry":{"type":"LineString","coordinates":[[-91.35495579927141,38.7607557553107],[-91.367834870894,38.7502521346894],[-91.3650340582805,38.7394283147661],[-91.37231590738921,38.7346097312563],[-91.3706948579173,38.7326732351405]]},"properties":{"segment_id":"0f9b810dab84dc5b1d3406aa","source_kmz":"missouri","orientation":"unverified"}},{"type":"Feature","geometry":{"type":"LineString","coordinates":[[-90.4979741431646,38.6893818230818],[-90.4906130148201,38.7083569396742],[-90.4895030182986,38.7230530523943],[-90.4963467079099,38.73408219539661],[-90.4921424125819,38.7435465321723]]},"properties":{"segment_id":"3747a5b3884f1a4a3be8d414","source_kmz":"missouri","orientation":"unverified"}},{"type":"Feature","geometry":{"type":"LineString","coordinates":[[-91.3706948579173,38.7326732351405],[-91.3613512615665,38.7315189914866],[-91.3397662437139,38.7199879955398]]},"properties":{"segment_id":"989f8fb73f2684ce3aebfa54","source_kmz":"missouri","orientation":"unverified"}},{"type":"Feature","geometry":{"type":"LineString","coordinates":[[-91.0889574225471,38.72608612167301],[-91.08705022498832,38.7233302084632],[-91.0907445849613,38.7202609283399],[-91.0853772297329,38.7170994443432],[-91.08910732328492,38.7134956266106],[-91.08626506405842,38.7090944591146]]},"properties":{"segment_id":"7dbf626d0dcef70e3905d5fb","source_kmz":"missouri","orientation":"unverified"}},{"type":"Feature","geometry":{"type":"LineString","coordinates":[[-91.29528213400603,38.7338451703363],[-91.3084957460834,38.7236283190896],[-91.31780591616392,38.708974715497]]},"properties":{"segment_id":"6805af0f268a455ddedd29fb","source_kmz":"missouri","orientation":"unverified"}},{"type":"Feature","geometry":{"type":"LineString","coordinates":[[-91.3397662437139,38.7199879955398],[-91.3305958245905,38.7161581287813],[-91.3254752629149,38.7089971460843],[-91.31747524144012,38.70869420657471]]},"properties":{"segment_id":"2a434af022b22e966c0faf25","source_kmz":"missouri","orientation":"unverified"}},{"type":"Feature","geometry":{"type":"LineString","coordinates":[[-91.5089628040933,38.7527798686517],[-91.496796950354,38.7520693803685],[-91.4887741463101,38.7464178048943],[-91.4798744977395,38.7493081786272],[-91.47554887783583,38.7459344718606],[-91.4709248907511,38.7473728875853],[-91.4642135292652,38.7431074603845],[-91.4545024564078,38.7422148303851],[-91.44797833700942,38.7293806539098],[-91.4358169782285,38.7286641706363],[-91.41836668463262,38.712208656407],[-91.3872963133657,38.7073010980146]]},"properties":{"segment_id":"8fa4f85ed5019641f9ac9d35","source_kmz":"missouri","orientation":"unverified"}},{"type":"Feature","geometry":{"type":"LineString","coordinates":[[-90.596275728583,38.6663780128822],[-90.5896141450966,38.6668904829907],[-90.5745531510853,38.6772210678485],[-90.57641993164292,38.6802520513639]]},"properties":{"segment_id":"dda67a15c281947f0a2fe1d9","source_kmz":"missouri","orientation":"unverified"}},{"type":"Feature","geometry":{"type":"LineString","coordinates":[[-91.50544872884461,38.7079042342483],[-91.49443422180741,38.7112544111565],[-91.4944329577021,38.7056273574028],[-91.48850232343631,38.7000518739195],[-91.478415747246,38.699683121579]]},"properties":{"segment_id":"32b5d05afeaf4ad8e5465297","source_kmz":"missouri","orientation":"unverified"}},{"type":"Feature","geometry":{"type":"LineString","coordinates":[[-91.1581874250615,38.6867421615812],[-91.1515102869707,38.6875522163427],[-91.1441633210124,38.682707561317],[-91.13856501628022,38.6830233181279]]},"properties":{"segment_id":"0647261dc0bb2c93420c113b","source_kmz":"missouri","orientation":"unverified"}},{"type":"Feature","geometry":{"type":"LineString","coordinates":[[-91.08626506405842,38.7090944591146],[-91.0884177719472,38.70301584471],[-91.0976031214393,38.7012366476684],[-91.1040707538377,38.6931849374775],[-91.1036372685924,38.68405551730681],[-91.0916486645325,38.680899535414],[-91.0904737720808,38.6776367279014]]},"properties":{"segment_id":"54c14b42c2766980de8b4857","source_kmz":"missouri","orientation":"unverified"}},{"type":"Feature","geometry":{"type":"LineString","coordinates":[[-90.7515509823276,38.6545807730811],[-90.74664810479071,38.6549083227568],[-90.7446030548677,38.659110238091],[-90.73195889618032,38.6604477092578]]},"properties":{"segment_id":"9043ba1d2687ec6cefb312f2","source_kmz":"missouri","orientation":"unverified"}},{"type":"Feature","geometry":{"type":"LineString","coordinates":[[-91.37981726947982,38.6767412611239],[-91.3562999002049,38.6903296493706],[-91.3560107845292,38.6948742915405],[-91.34375376320972,38.6957527492337]]},"properties":{"segment_id":"e70376f00132fb6ba2b47db5","source_kmz":"missouri","orientation":"unverified"}},{"type":"Feature","geometry":{"type":"LineString","coordinates":[[-90.80946164655673,38.6390701330989],[-90.80463611287291,38.6383309774504],[-90.8022474472863,38.6425192172797],[-90.7962415905516,38.6387814471868],[-90.7939857842606,38.6410987808258],[-90.79690299320052,38.6441703806123],[-90.79192478301871,38.6455687251678],[-90.7903401766055,38.6433574209652],[-90.7879505277238,38.64754538529461],[-90.77947488137002,38.644238568327],[-90.7697884615655,38.6481173573816]]},"properties":{"segment_id":"ff2231b09365e19ede91e5e3","source_kmz":"missouri","orientation":"unverified"}},{"type":"Feature","geometry":{"type":"LineString","coordinates":[[-91.0904737720808,38.6776367279014],[-91.0905755086052,38.6709405566451],[-91.10139136378352,38.660381834617],[-91.1104382612062,38.6553803537446],[-91.1159988172802,38.6556004662508],[-91.1191185451542,38.6506317697598]]},"properties":{"segment_id":"e06eca55d1496d107743b6f0","source_kmz":"missouri","orientation":"unverified"}},{"type":"Feature","geometry":{"type":"LineString","coordinates":[[-91.13856501628022,38.6830233181279],[-91.13517738311502,38.6815499086519],[-91.1365409109994,38.6767795770142],[-91.1255328632734,38.6693774519282],[-91.1220842460565,38.6636131789305],[-91.1249991049219,38.6564922128697],[-91.1191185451542,38.6506317697598]]},"properties":{"segment_id":"9b6f65c91f7d025e6b2f0036","source_kmz":"missouri","orientation":"unverified"}},{"type":"Feature","geometry":{"type":"LineString","coordinates":[[-90.8478082121591,38.6388006657392],[-90.837220311634,38.6308528959557],[-90.82577629770661,38.6301055129928]]},"properties":{"segment_id":"6cbc9af2362063921958bf81","source_kmz":"missouri","orientation":"unverified"}},{"type":"Feature","geometry":{"type":"LineString","coordinates":[[-91.29445052653952,38.6493998648738],[-91.2725528318282,38.6378439471823],[-91.2560475198362,38.63453082505391],[-91.25017560759862,38.6284093141334],[-91.2417850597221,38.628890055049],[-91.2389543226972,38.6242251082915],[-91.2337243948674,38.6296509584358],[-91.23037222191802,38.6276455347886]]},"properties":{"segment_id":"87084ae8db018ea0d0f7bc2d","source_kmz":"missouri","orientation":"unverified"}},{"type":"Feature","geometry":{"type":"LineString","coordinates":[[-91.3290572663636,38.625792507105],[-91.3209122527614,38.6278957361084],[-91.31337145111742,38.6260017474474],[-91.31207187015151,38.629972034751],[-91.30866603858692,38.6287707113627],[-91.3055640359534,38.6391038769057],[-91.3005580362881,38.6356976463943],[-91.2960612904815,38.6406179486405],[-91.29780211750071,38.6460438498016],[-91.29445052653952,38.6493998648738]]},"properties":{"segment_id":"6197685074b2d35ba0c7f5ff","source_kmz":"missouri","orientation":"unverified"}},{"type":"Feature","geometry":{"type":"LineString","coordinates":[[-91.0196611972853,38.6426387644002],[-91.03841657929311,38.6281172310734],[-91.0396946847419,38.624684411656],[-91.03517657835211,38.6194104034489],[-91.0432925630993,38.6178606000298],[-91.0522442386228,38.6091074279961]]},"properties":{"segment_id":"f96e1ca4ee30184437008428","source_kmz":"missouri","orientation":"unverified"}},{"type":"Feature","geometry":{"type":"LineString","coordinates":[[-91.1191185451542,38.6506317697598],[-91.1242692581081,38.6465472636182],[-91.1176588927923,38.6411938966974],[-91.10473102389992,38.6417538625414],[-91.09991352213862,38.6356665521281],[-91.1000410487555,38.607798930657],[-91.0834064957136,38.6066011058311]]},"properties":{"segment_id":"776bb37474939e0232a41d7e","source_kmz":"missouri","orientation":"unverified"}},{"type":"Feature","geometry":{"type":"LineString","coordinates":[[-91.3354524985979,38.6129037089002],[-91.3308854152583,38.6135348937003],[-91.32844786276151,38.6244295696999]]},"properties":{"segment_id":"901979187efdee00b40c0c6b","source_kmz":"missouri","orientation":"unverified"}},{"type":"Feature","geometry":{"type":"LineString","coordinates":[[-90.7698081189804,38.5845888648412],[-90.7632750387406,38.5931574849576],[-90.761970133951,38.6065049341985]]},"properties":{"segment_id":"038a5f7c41bd33456a91f619","source_kmz":"missouri","orientation":"unverified"}},{"type":"Feature","geometry":{"type":"LineString","coordinates":[[-91.3636837418537,38.6070005067449],[-91.3605315844148,38.6127773470929],[-91.35444876047582,38.6098687787701],[-91.3480941586772,38.61123718641031],[-91.34994737454011,38.6204180584811],[-91.3354524985979,38.6129037089002]]},"properties":{"segment_id":"e73e13b5bd0de90c12da5f63","source_kmz":"missouri","orientation":"unverified"}},{"type":"Feature","geometry":{"type":"LineString","coordinates":[[-91.2343090651261,38.583311758276],[-91.2301076178253,38.5836853172237],[-91.23148056807031,38.5786466475512],[-91.2255453714952,38.573593230042],[-91.199588264519,38.5819652356155]]},"properties":{"segment_id":"3f9257f4e8f2e35d9dde7ce2","source_kmz":"missouri","orientation":"unverified"}},{"type":"Feature","geometry":{"type":"LineString","coordinates":[[-91.15410262441182,38.5697344481157],[-91.15184257013001,38.5723255963352],[-91.1547543230215,38.5756560185464],[-91.1499929519353,38.5792208357359],[-91.1465744029612,38.5782823481873],[-91.1431301872249,38.5829707508901],[-91.1496382529526,38.584566866685],[-91.1501628010168,38.5819075048065],[-91.1609435145415,38.58206297788411],[-91.1635377273062,38.5902046507474],[-91.1547506039246,38.59146777296661],[-91.1478792839623,38.6005776414309],[-91.13225179968201,38.5999619744864]]},"properties":{"segment_id":"3803575fe2fbaead83edc81b","source_kmz":"missouri","orientation":"unverified"}},{"type":"Feature","geometry":{"type":"LineString","coordinates":[[-91.199588264519,38.5819652356155],[-91.20220798926631,38.5844790983274],[-91.1974834812987,38.5875111297297],[-91.19293872504741,38.5825102154091],[-91.1787035115195,38.5819545513604],[-91.17711961987091,38.5690288608616],[-91.1639043882847,38.5741392081394],[-91.15410262441182,38.5697344481157]]},"properties":{"segment_id":"4aca02a9eb2b2d1266b343e8","source_kmz":"missouri","orientation":"unverified"}},{"type":"Feature","geometry":{"type":"LineString","coordinates":[[-91.0602284348091,38.5579690575263],[-91.0552249879241,38.5599125790051],[-91.05476584613612,38.55640999821721],[-91.05217370866023,38.5587181096835],[-91.0502179802916,38.5567635115479],[-91.0487786662947,38.5626020134423],[-91.03917176935312,38.5657000351945],[-91.04039958359321,38.5732538460965],[-91.0441970306444,38.5685822653412],[-91.04299540013432,38.576038369185],[-91.0482962604892,38.5800035314148],[-91.0469650059393,38.5842382944263],[-91.02934599745932,38.57200471676891],[-91.0142550183464,38.5687152676205]]},"properties":{"segment_id":"9aae3684f5da1040e698a5bd","source_kmz":"missouri","orientation":"unverified"}},{"type":"Feature","geometry":{"type":"LineString","coordinates":[[-91.0595303689566,38.5528488580669],[-91.06006194257762,38.5552822674251],[-91.0639516568594,38.5543660240837],[-91.0602284348091,38.5579690575263]]},"properties":{"segment_id":"bd723d274e04856de205792d","source_kmz":"missouri","orientation":"unverified"}},{"type":"Feature","geometry":{"type":"LineString","coordinates":[[-91.2500908086054,38.5600699185476],[-91.24415464158142,38.5657367688044],[-91.2520345643084,38.5730080329362],[-91.2520345453207,38.5783677201681],[-91.2412019864694,38.5790221465023],[-91.2343090651261,38.583311758276]]},"properties":{"segment_id":"0373b27f02f42dd4310d9424","source_kmz":"missouri","orientation":"unverified"}},{"type":"Feature","geometry":{"type":"LineString","coordinates":[[-90.9741121113075,38.5400150173952],[-90.9711894195171,38.54204000188331],[-90.9725200681988,38.5479908312055],[-90.9628041894758,38.5475941729604]]},"properties":{"segment_id":"36cd2179a0679ed7e3337000","source_kmz":"missouri","orientation":"unverified"}},{"type":"Feature","geometry":{"type":"LineString","coordinates":[[-91.11388891652541,38.5308949538883],[-91.113327703494,38.5340887507406],[-91.1178024943912,38.5348020983654],[-91.11340681756882,38.5381119478837],[-91.1083094235832,38.5363017195315],[-91.0864924231157,38.5399900219232],[-91.08179096408,38.5322982702097],[-91.0850571411132,38.53028450382531],[-91.0782083834871,38.5286711304408],[-91.07132867301051,38.5326843396689],[-91.0595303689566,38.5528488580669]]},"properties":{"segment_id":"cc4f038a578aef142ceea440","source_kmz":"missouri","orientation":"unverified"}},{"type":"Feature","geometry":{"type":"LineString","coordinates":[[-91.3066167236174,38.5359728133878],[-91.29249880785731,38.5445456972468],[-91.2906115036257,38.5522449968055]]},"properties":{"segment_id":"76e5020caa6e9f20fa3fce14","source_kmz":"missouri","orientation":"unverified"}},{"type":"Feature","geometry":{"type":"LineString","coordinates":[[-91.1155722618882,38.5213135487014],[-91.11913849990141,38.5252068995271],[-91.11388891652541,38.5308949538883]]},"properties":{"segment_id":"34d33d0cd33e1501758706db","source_kmz":"missouri","orientation":"unverified"}},{"type":"Feature","geometry":{"type":"LineString","coordinates":[[-91.2852433664548,38.5005877576102],[-91.28436258364081,38.5088614140451],[-91.2892731147805,38.5136048950428],[-91.3133244789089,38.507286683469],[-91.31254953735193,38.5139565950919],[-91.3058041226191,38.5161115990316],[-91.3066259197711,38.52498612631591],[-91.2989964473843,38.5300548868629],[-91.3066167236174,38.5359728133878]]},"properties":{"segment_id":"128b1f9398d6aab69b637ff1","source_kmz":"missouri","orientation":"unverified"}},{"type":"Feature","geometry":{"type":"LineString","coordinates":[[-91.32945693535791,38.4942326289287],[-91.32772840913282,38.4995265528712],[-91.3357458073559,38.5046538522169],[-91.32366747822003,38.5141110511806],[-91.3386588395808,38.5189666133592],[-91.3376243009713,38.5242869204421],[-91.33497404617131,38.527670272051],[-91.32697672215721,38.5276352761368],[-91.3221243054207,38.53281068170161],[-91.31816572472431,38.52944467865691],[-91.3125285132675,38.5305702870624],[-91.3066167236174,38.5359728133878]]},"properties":{"segment_id":"c23ca289b5fcd548263babde","source_kmz":"missouri","orientation":"unverified"}},{"type":"Feature","geometry":{"type":"LineString","coordinates":[[-91.3564347084855,38.4799782184895],[-91.35207738804722,38.4883889089366],[-91.342975962117,38.4893850086296],[-91.3363761155149,38.4947627360243]]},"properties":{"segment_id":"68c09c5fee5a9386fe5addf2","source_kmz":"missouri","orientation":"unverified"}},{"type":"Feature","geometry":{"type":"LineString","coordinates":[[-91.1099652881304,38.469902320803],[-91.10880768745001,38.4768244656607],[-91.1004045800894,38.4829225708232],[-91.11222597456302,38.493308433702],[-91.0966884416308,38.5020711376378]]},"properties":{"segment_id":"651b0386249a778641031c10","source_kmz":"missouri","orientation":"unverified"}},{"type":"Feature","geometry":{"type":"LineString","coordinates":[[-91.116108056152,38.4663940549822],[-91.1108117456283,38.4624318101341],[-91.1099652881304,38.469902320803]]},"properties":{"segment_id":"6e1fb31c3dd5bb3a4a1ecd08","source_kmz":"missouri","orientation":"unverified"}},{"type":"Feature","geometry":{"type":"LineString","coordinates":[[-91.3509500072985,38.4623532434408],[-91.3493596209083,38.4655088346665],[-91.3564347084855,38.4799782184895]]},"properties":{"segment_id":"902c10845d7fc74d66089779","source_kmz":"missouri","orientation":"unverified"}},{"type":"Feature","geometry":{"type":"LineString","coordinates":[[-91.160064079741,38.4533897701789],[-91.1363190549725,38.4551339951481],[-91.12199139943,38.4719873214237],[-91.116108056152,38.4663940549822]]},"properties":{"segment_id":"d8829507c4d2ccdb082a0954","source_kmz":"missouri","orientation":"unverified"}},{"type":"Feature","geometry":{"type":"LineString","coordinates":[[-91.3612413566609,38.4480030705796],[-91.357935615519,38.4508261333627],[-91.36271159531451,38.4577053336646],[-91.3738379945907,38.4575879351322],[-91.3802649662713,38.4658682263898],[-91.3637001185643,38.46953317707311],[-91.35831467271073,38.4612912294233],[-91.3509500072985,38.4623532434408]]},"properties":{"segment_id":"7892a815e7fdf712c5c113c3","source_kmz":"missouri","orientation":"unverified"}},{"type":"Feature","geometry":{"type":"LineString","coordinates":[[-92.8404092838948,40.7837922144241],[-92.8401582931333,40.7813737747823],[-92.8201102121326,40.7806057813013]]},"properties":{"segment_id":"bdac0be8bb54eaadfaaf1953","source_kmz":"missouri","orientation":"unverified"}},{"type":"Feature","geometry":{"type":"LineString","coordinates":[[-92.8201102121326,40.7806057813013],[-92.82014768346161,40.7717619631903],[-92.8169841873012,40.7703426613557],[-92.8225123276523,40.7669967213471]]},"properties":{"segment_id":"343a4d74c2865a1f9156dc3c","source_kmz":"missouri","orientation":"unverified"}},{"type":"Feature","geometry":{"type":"LineString","coordinates":[[-92.8225123276523,40.7669967213471],[-92.8164839128087,40.7655057418723],[-92.81981503432871,40.763176961532],[-92.8152914959732,40.7601154508124],[-92.8189924912509,40.7575279569662],[-92.81014835687321,40.7548940646601]]},"properties":{"segment_id":"033cf9af52ecdad1fded62f1","source_kmz":"missouri","orientation":"unverified"}},{"type":"Feature","geometry":{"type":"LineString","coordinates":[[-92.81014835687321,40.7548940646601],[-92.805279739172,40.75155550925341],[-92.81129721731163,40.7452742326079],[-92.804603003367,40.7426938770292],[-92.7989268730214,40.733438390826]]},"properties":{"segment_id":"ac57547f578ccd11fd2152d6","source_kmz":"missouri","orientation":"unverified"}},{"type":"Feature","geometry":{"type":"LineString","coordinates":[[-92.7975432589285,40.7323314498318],[-92.7991478556175,40.720579229352],[-92.7926014111558,40.7147857771844],[-92.7870880278814,40.7178625804371]]},"properties":{"segment_id":"cc639f29fc5509eff33e4004","source_kmz":"missouri","orientation":"unverified"}},{"type":"Feature","geometry":{"type":"LineString","coordinates":[[-92.7870880278814,40.7178625804371],[-92.78794902364253,40.7146681893436],[-92.7814951569444,40.7147728013601],[-92.77502357516651,40.7073722320133]]},"properties":{"segment_id":"1914625358f50be9c8835b78","source_kmz":"missouri","orientation":"unverified"}},{"type":"Feature","geometry":{"type":"LineString","coordinates":[[-92.77502357516651,40.7073722320133],[-92.7722424227274,40.68184047315761],[-92.7653684152485,40.675501284561]]},"properties":{"segment_id":"486138d1f87c820456361faf","source_kmz":"missouri","orientation":"unverified"}},{"type":"Feature","geometry":{"type":"LineString","coordinates":[[-92.7389204465549,40.6509717396097],[-92.7315218718668,40.6405971352583],[-92.731225125521,40.6314773395787]]},"properties":{"segment_id":"1a99e9fa1f498bb62ec439a9","source_kmz":"missouri","orientation":"unverified"}},{"type":"Feature","geometry":{"type":"LineString","coordinates":[[-92.731225125521,40.6314773395787],[-92.73542732560551,40.6256894971272],[-92.73286204436761,40.6114193934278]]},"properties":{"segment_id":"76a048fba56fcbff23d89a39","source_kmz":"missouri","orientation":"unverified"}},{"type":"Feature","geometry":{"type":"LineString","coordinates":[[-92.7194067787304,40.6006200348323],[-92.71502143489802,40.5948785211822],[-92.7153179122028,40.5884542552472],[-92.720171608805,40.5840239791737],[-92.7059452093054,40.5823151238516],[-92.70311471920752,40.5739336491082]]},"properties":{"segment_id":"257d9317e35d66d6d89e5e1e","source_kmz":"missouri","orientation":"unverified"}},{"type":"Feature","geometry":{"type":"LineString","coordinates":[[-92.70311471920752,40.5739336491082],[-92.6969839454398,40.5673421378834],[-92.7146930726581,40.5632465359075],[-92.71454592824051,40.5586868519785]]},"properties":{"segment_id":"5fa4133701b77f50a26e73d5","source_kmz":"missouri","orientation":"unverified"}},{"type":"Feature","geometry":{"type":"LineString","coordinates":[[-92.71454592824051,40.5586868519785],[-92.7056312810979,40.5581874283762],[-92.692490558567,40.56400901133081],[-92.6840945493176,40.5600376784341],[-92.6845182882194,40.5509369594466],[-92.70635131012733,40.5348909666608],[-92.6984389554935,40.5282532823201],[-92.6850625953083,40.5238841078228]]},"properties":{"segment_id":"29ff3cec4bd99dd7765de759","source_kmz":"missouri","orientation":"unverified"}},{"type":"Feature","geometry":{"type":"LineString","coordinates":[[-92.68622876022631,40.5064954676093],[-92.6777700751963,40.4963583833041],[-92.6852415278769,40.4893186504617],[-92.6864444048541,40.4711274367752]]},"properties":{"segment_id":"4ff06b79fe0b309d0bfb82d8","source_kmz":"missouri","orientation":"unverified"}},{"type":"Feature","geometry":{"type":"LineString","coordinates":[[-92.6776213027524,40.4229284372173],[-92.6686924311977,40.415458354787],[-92.66837933024883,40.391600800505]]},"properties":{"segment_id":"9b08c4de4f2349bbdee1056d","source_kmz":"missouri","orientation":"unverified"}},{"type":"Feature","geometry":{"type":"LineString","coordinates":[[-92.66837933024883,40.391600800505],[-92.6700041007196,40.3873561246041],[-92.665217114573,40.3829424836865],[-92.6749092794839,40.3815899682491],[-92.68121343468101,40.37639632565]]},"properties":{"segment_id":"afdb3abaa4c0bde7b11db0cf","source_kmz":"missouri","orientation":"unverified"}},{"type":"Feature","geometry":{"type":"LineString","coordinates":[[-92.68729680289482,40.3452044557113],[-92.6822177499569,40.3394440763891],[-92.683534260333,40.334119489433]]},"properties":{"segment_id":"e8c32cd4d586d7bce0438745","source_kmz":"missouri","orientation":"unverified"}},{"type":"Feature","geometry":{"type":"LineString","coordinates":[[-92.6849139552469,40.2583255809596],[-92.6882877187016,40.2546629246605],[-92.6841575104397,40.2516070943005],[-92.68763017095482,40.2458035305032],[-92.68545166918382,40.2390477649746]]},"properties":{"segment_id":"f6f2aa512f94cac4954fae31","source_kmz":"missouri","orientation":"unverified"}},{"type":"Feature","geometry":{"type":"LineString","coordinates":[[-92.68674749504,40.23412487620171],[-92.69472542847072,40.2232146189782],[-92.69531889375781,40.21036914993911]]},"properties":{"segment_id":"928b3f1c3c6fe6e06045049d","source_kmz":"missouri","orientation":"unverified"}},{"type":"Feature","geometry":{"type":"LineString","coordinates":[[-92.69531889375781,40.21036914993911],[-92.6990973113654,40.1978751119383],[-92.6908923769946,40.1906937825386]]},"properties":{"segment_id":"7c15686a4288ef73711c0dfc","source_kmz":"missouri","orientation":"unverified"}},{"type":"Feature","geometry":{"type":"LineString","coordinates":[[-92.6908923769946,40.1906937825386],[-92.6902722211678,40.1810318910307],[-92.6792536613251,40.17324003466431],[-92.6796260776789,40.1652118707671]]},"properties":{"segment_id":"7dedb2f7f9a666ce9a687f98","source_kmz":"missouri","orientation":"unverified"}},{"type":"Feature","geometry":{"type":"LineString","coordinates":[[-92.68579113704081,40.1549248159629],[-92.6882309983401,40.1482907206949],[-92.6856178981842,40.1356294150273],[-92.695205283621,40.1281113811038],[-92.69338454625462,40.1213654928233],[-92.6969488620256,40.1134212898771]]},"properties":{"segment_id":"6eb9b1dfab2b1cff30763604","source_kmz":"missouri","orientation":"unverified"}},{"type":"Feature","geometry":{"type":"LineString","coordinates":[[-92.6969488620256,40.1134212898771],[-92.6904166798316,40.1086951501429],[-92.69004082786371,40.1014513712176],[-92.68524694087202,40.09757438991551]]},"properties":{"segment_id":"67daf1b122d51ed1e4816d81","source_kmz":"missouri","orientation":"unverified"}},{"type":"Feature","geometry":{"type":"LineString","coordinates":[[-92.68524694087202,40.09757438991551],[-92.68700014648432,40.0903866502983],[-92.6921024882632,40.0875736581386]]},"properties":{"segment_id":"9c56c58b596b26aa4c6ce32b","source_kmz":"missouri","orientation":"unverified"}},{"type":"Feature","geometry":{"type":"LineString","coordinates":[[-92.6921024882632,40.0875736581386],[-92.6973647501343,40.0812817265275],[-92.6966460063285,40.0737611712845]]},"properties":{"segment_id":"4f5814977f252b9b3903217b","source_kmz":"missouri","orientation":"unverified"}},{"type":"Feature","geometry":{"type":"LineString","coordinates":[[-92.6966460063285,40.0737611712845],[-92.6896182700074,40.064467395544],[-92.6899309076465,40.0500081610143]]},"properties":{"segment_id":"5aa4af0ab6c68934984170d5","source_kmz":"missouri","orientation":"unverified"}},{"type":"Feature","geometry":{"type":"LineString","coordinates":[[-92.6906312966351,40.0425249778319],[-92.6903742652876,40.0173344750674],[-92.6815316605632,40.0090642193392]]},"properties":{"segment_id":"d2feb8fccb33eb4307ed3d7d","source_kmz":"missouri","orientation":"unverified"}},{"type":"Feature","geometry":{"type":"LineString","coordinates":[[-92.66886704980601,39.9532725411773],[-92.6558363685122,39.9438177691964],[-92.6553402315463,39.9392501935128]]},"properties":{"segment_id":"78a789b054a1abe1fd1706dc","source_kmz":"missouri","orientation":"unverified"}},{"type":"Feature","geometry":{"type":"LineString","coordinates":[[-92.6553402315463,39.9392501935128],[-92.6789416485083,39.9117465780727],[-92.6878578335759,39.8951044834932]]},"properties":{"segment_id":"368e2c04d0d2769ee4773e68","source_kmz":"missouri","orientation":"unverified"}},{"type":"Feature","geometry":{"type":"LineString","coordinates":[[-92.6883712634177,39.8685965315697],[-92.68359738679331,39.85695116973091],[-92.6856739588877,39.8272702799443]]},"properties":{"segment_id":"387e013a6eaa4ed1e753cb48","source_kmz":"missouri","orientation":"unverified"}},{"type":"Feature","geometry":{"type":"LineString","coordinates":[[-92.6847905678052,39.8157277959094],[-92.6793092535635,39.81183242885961],[-92.67958099097702,39.8059461226273]]},"properties":{"segment_id":"92879d1b90c2fae35232b101","source_kmz":"missouri","orientation":"unverified"}},{"type":"Feature","geometry":{"type":"LineString","coordinates":[[-92.67958099097702,39.8059461226273],[-92.67907194574411,39.8016464761143],[-92.68727630387902,39.7924874564777],[-92.6877483328441,39.7745517839527]]},"properties":{"segment_id":"bcd0f9490ab9628e562d8357","source_kmz":"missouri","orientation":"unverified"}},{"type":"Feature","geometry":{"type":"LineString","coordinates":[[-92.69187412104552,39.75403392076151],[-92.68354083642912,39.7200611085808],[-92.68314404706823,39.6903165062641]]},"properties":{"segment_id":"572cd5251b893e313cfb3376","source_kmz":"missouri","orientation":"unverified"}},{"type":"Feature","geometry":{"type":"LineString","coordinates":[[-92.68314404706823,39.6903165062641],[-92.6898997026328,39.6816554364065],[-92.69046499646421,39.669348308233]]},"properties":{"segment_id":"f92ed3ac170c31c054fed9bb","source_kmz":"missouri","orientation":"unverified"}},{"type":"Feature","geometry":{"type":"LineString","coordinates":[[-92.69046499646421,39.669348308233],[-92.6922947325858,39.6294842822341],[-92.6961015053347,39.6234239239362],[-92.7098487379801,39.61601805981141]]},"properties":{"segment_id":"be120639c293bd265445bfac","source_kmz":"missouri","orientation":"unverified"}},{"type":"Feature","geometry":{"type":"LineString","coordinates":[[-92.7302022577727,39.5951227390319],[-92.73844922042461,39.5843558465177],[-92.7544665337248,39.5732546990058]]},"properties":{"segment_id":"933c3d5b61995cccde23a1ee","source_kmz":"missouri","orientation":"unverified"}},{"type":"Feature","geometry":{"type":"LineString","coordinates":[[-92.7833412449763,39.550429800808],[-92.7901740481145,39.5473912196779],[-92.79049522792782,39.5401675459303]]},"properties":{"segment_id":"5113b120b94174d77075139f","source_kmz":"missouri","orientation":"unverified"}},{"type":"Feature","geometry":{"type":"LineString","coordinates":[[-92.79049522792782,39.5401675459303],[-92.79604919305041,39.5341495211503],[-92.80844120736232,39.53285946647041]]},"properties":{"segment_id":"d1162416723412e5883c1d4f","source_kmz":"missouri","orientation":"unverified"}},{"type":"Feature","geometry":{"type":"LineString","coordinates":[[-92.81535389621871,39.5279467202703],[-92.8285777551971,39.5237296215336],[-92.82909469752441,39.51195764878511]]},"properties":{"segment_id":"9613e2f9c8039317be23ce52","source_kmz":"missouri","orientation":"unverified"}},{"type":"Feature","geometry":{"type":"LineString","coordinates":[[-92.8666360736106,39.46683666076561],[-92.87109985751,39.4613240540311],[-92.8705661366477,39.4492581585971]]},"properties":{"segment_id":"07a2d04ad3fc686656d8c1be","source_kmz":"missouri","orientation":"unverified"}},{"type":"Feature","geometry":{"type":"LineString","coordinates":[[-92.8705661366477,39.4492581585971],[-92.877433712091,39.4288070492972],[-92.8833003253779,39.4233292374925]]},"properties":{"segment_id":"1084ab9c087c450925940032","source_kmz":"missouri","orientation":"unverified"}},{"type":"Feature","geometry":{"type":"LineString","coordinates":[[-92.9509614999924,39.3792028547186],[-92.94970132600561,39.3673879579409],[-92.9449873357315,39.3624518168423],[-92.94854308340382,39.3531652012747],[-92.9312121913082,39.3390810699294],[-92.9166919477769,39.341668831479]]},"properties":{"segment_id":"08f9db7933a38757358b86a5","source_kmz":"missouri","orientation":"unverified"}},{"type":"Feature","geometry":{"type":"LineString","coordinates":[[-92.9166919477769,39.341668831479],[-92.9140655730952,39.33731871586],[-92.91777008401,39.3328574152264],[-92.9085853019411,39.33396908526041],[-92.9073067441534,39.3309913404798],[-92.91576853247112,39.322095112665],[-92.92956019286942,39.320025257757],[-92.9347347466768,39.31399282259211]]},"properties":{"segment_id":"c9cca4c0d6c02ec1e8d34cae","source_kmz":"missouri","orientation":"unverified"}},{"type":"Feature","geometry":{"type":"LineString","coordinates":[[-92.9347347466768,39.31399282259211],[-92.9286101003006,39.3092891337732],[-92.91492303226401,39.3089510479639],[-92.90006540311572,39.2949235437989]]},"properties":{"segment_id":"68ce7aa02ff23112329fc12a","source_kmz":"missouri","orientation":"unverified"}},{"type":"Feature","geometry":{"type":"LineString","coordinates":[[-92.90006540311572,39.2949235437989],[-92.90409659865162,39.2910064957075],[-92.9046339060807,39.2784323986392],[-92.9169482274009,39.2696320367344]]},"properties":{"segment_id":"f4f94992a54df040e9b6b359","source_kmz":"missouri","orientation":"unverified"}},{"type":"Feature","geometry":{"type":"LineString","coordinates":[[-92.8333413949293,39.3427935236487],[-92.8410073033997,39.3443271386707],[-92.8411590785155,39.3408492211787],[-92.8518199372053,39.338172790406],[-92.8568344494321,39.3198193608224]]},"properties":{"segment_id":"a9cf34097bf54f1c877bc34d","source_kmz":"missouri","orientation":"unverified"}},{"type":"Feature","geometry":{"type":"LineString","coordinates":[[-92.8568344494321,39.3198193608224],[-92.8433662199044,39.3063555223752],[-92.8432018738981,39.3020661583984],[-92.8592567313044,39.288277246801],[-92.85386403277911,39.2830525458625],[-92.8594510164226,39.275694509248]]},"properties":{"segment_id":"39cc2ae251963dd6eb92eb6c","source_kmz":"missouri","orientation":"unverified"}},{"type":"Feature","geometry":{"type":"LineString","coordinates":[[-92.8594510164226,39.275694509248],[-92.85463300324392,39.2734303637789],[-92.8545609726578,39.2670008238217]]},"properties":{"segment_id":"249bae590f1c6eadef88cd38","source_kmz":"missouri","orientation":"unverified"}},{"type":"Feature","geometry":{"type":"LineString","coordinates":[[-92.8545609726578,39.2670008238217],[-92.8634800025537,39.263744088378],[-92.8653186499781,39.2577644284007]]},"properties":{"segment_id":"fba2c74bc8ccc1dd9083fffa","source_kmz":"missouri","orientation":"unverified"}},{"type":"Feature","geometry":{"type":"LineString","coordinates":[[-92.823510013365,38.0610877032876],[-92.8149756947585,38.0667579019661],[-92.8142604270186,38.0753091458958],[-92.8074839702293,38.0802211350317],[-92.7900667116502,38.0835154825235],[-92.7576280869903,38.0826615334599]]},"properties":{"segment_id":"1c9536f0db8777209c9082e9","source_kmz":"missouri","orientation":"unverified"}},{"type":"Feature","geometry":{"type":"LineString","coordinates":[[-92.7871863215797,37.9990794949038],[-92.78725123985672,38.0055087014623],[-92.80310562521991,38.0139580714619],[-92.79576830371572,38.0239430909927],[-92.8029166542007,38.0262724165031],[-92.8101258889568,38.0192295625586],[-92.8228949782117,38.0192937422112],[-92.827871246777,38.0239754972749],[-92.82747971788082,38.0330708185931]]},"properties":{"segment_id":"05d525d1eae25d7e46364634","source_kmz":"missouri","orientation":"unverified"}},{"type":"Feature","geometry":{"type":"LineString","coordinates":[[-92.78372054724942,37.9756887020587],[-92.7765598221213,37.9816600220361],[-92.78274576462282,37.9901250250646]]},"properties":{"segment_id":"b95c5ac059a2d8b8d1349e35","source_kmz":"missouri","orientation":"unverified"}},{"type":"Feature","geometry":{"type":"LineString","coordinates":[[-92.8410129286255,37.950935792103],[-92.8420244110394,37.9595318090664],[-92.8377640001462,37.9623676701956],[-92.8350880716274,37.960423810611]]},"properties":{"segment_id":"9ddf9782e2c1e29822d7023f","source_kmz":"missouri","orientation":"unverified"}},{"type":"Feature","geometry":{"type":"LineString","coordinates":[[-92.8296331625035,37.9589435268643],[-92.8224443978264,37.9576857841196],[-92.8179905156078,37.9490000465652],[-92.8111473814208,37.9477505981771],[-92.8066201309394,37.9567381324029],[-92.8066027152822,37.9730742300901],[-92.79808889436362,37.9784758152008],[-92.78372054724942,37.9756887020587]]},"properties":{"segment_id":"a8b914601af2eaf6d6ecfd05","source_kmz":"missouri","orientation":"unverified"}},{"type":"Feature","geometry":{"type":"LineString","coordinates":[[-92.86525759378641,37.9484796772803],[-92.86475964370972,37.9520823172884],[-92.85852465856551,37.9527257877273]]},"properties":{"segment_id":"5eef731e0ab3b8f638e5ef34","source_kmz":"missouri","orientation":"unverified"}},{"type":"Feature","geometry":{"type":"LineString","coordinates":[[-92.85852465856551,37.9527257877273],[-92.85210692047711,37.9576491761943],[-92.84630736808121,37.9561607700463],[-92.8528052504701,37.94936507938111],[-92.84807243035681,37.939066469389],[-92.838669764578,37.9412340963528],[-92.8410129286255,37.950935792103]]},"properties":{"segment_id":"6a887e480b1d8450d7f51d0c","source_kmz":"missouri","orientation":"unverified"}},{"type":"Feature","geometry":{"type":"LineString","coordinates":[[-92.8735942920582,37.9389180729678],[-92.8655019618176,37.9427280746619],[-92.86525759378641,37.9484796772803]]},"properties":{"segment_id":"1a9635b7f856bc6fef716304","source_kmz":"missouri","orientation":"unverified"}},{"type":"Feature","geometry":{"type":"LineString","coordinates":[[-92.85370213014662,37.9121626399848],[-92.8507536775489,37.9166395090871],[-92.8609013644627,37.9211853974118],[-92.86139665299841,37.9257508647577],[-92.85128644095421,37.93647115814941],[-92.8587952758048,37.93827108953],[-92.8707440276317,37.9329534167746],[-92.8735942920582,37.9389180729678]]},"properties":{"segment_id":"98805a15a8ed789cf88cc0c3","source_kmz":"missouri","orientation":"unverified"}},{"type":"Feature","geometry":{"type":"LineString","coordinates":[[-92.8862756050345,37.8998739437136],[-92.88770362258191,37.9068733046942],[-92.88061451288412,37.9115131758433],[-92.8875967242797,37.9175828690951],[-92.88466140316251,37.9217930314517],[-92.87430824371222,37.922064446444],[-92.86092112615441,37.9126160040503],[-92.85370213014662,37.9121626399848]]},"properties":{"segment_id":"954261b6f4056e126aa7326b","source_kmz":"missouri","orientation":"unverified"}},{"type":"Feature","geometry":{"type":"LineString","coordinates":[[-92.8896659243179,37.8766609454246],[-92.87517809659172,37.8770947817881],[-92.87529584823011,37.8824539898641],[-92.88626985317363,37.891839555619],[-92.8862756050345,37.8998739437136]]},"properties":{"segment_id":"a9734cf0803863cbfbc11bb8","source_kmz":"missouri","orientation":"unverified"}},{"type":"Feature","geometry":{"type":"LineString","coordinates":[[-92.9089551308219,37.8602784938064],[-92.9101859231321,37.8637911235052],[-92.8896659243179,37.8766609454246]]},"properties":{"segment_id":"de83bc81d7cde8c791e73876","source_kmz":"missouri","orientation":"unverified"}},{"type":"Feature","geometry":{"type":"LineString","coordinates":[[-92.8754338621339,37.8629073731761],[-92.8935574756629,37.8660475843322],[-92.9089551308219,37.8602784938064]]},"properties":{"segment_id":"b6e8ab463819fcdf96bf8899","source_kmz":"missouri","orientation":"unverified"}},{"type":"Feature","geometry":{"type":"LineString","coordinates":[[-92.8588672780392,37.8474850882702],[-92.8700833792527,37.85098672332],[-92.8774661153801,37.8474262930985],[-92.8754338621339,37.8629073731761]]},"properties":{"segment_id":"926bc3b3e1590f78b1d078fc","source_kmz":"missouri","orientation":"unverified"}},{"type":"Feature","geometry":{"type":"LineString","coordinates":[[-92.8730151213749,37.822405884452],[-92.8756078790298,37.8262216270062],[-92.8701773885752,37.832510083151],[-92.85482804378302,37.8372042369314],[-92.8440272489284,37.8321049606612],[-92.84060018836901,37.8397830003157]]},"properties":{"segment_id":"ab65e0190a99e117e1f0ce2f","source_kmz":"missouri","orientation":"unverified"}},{"type":"Feature","geometry":{"type":"LineString","coordinates":[[-92.8372157374607,37.79818383553931],[-92.8419485288116,37.80018108473],[-92.837101683805,37.8088935795117],[-92.8556225501588,37.8104432312139],[-92.8599020111375,37.8231406532001],[-92.8730151213749,37.822405884452]]},"properties":{"segment_id":"4e09e59d324ea2f83b76882b","source_kmz":"missouri","orientation":"unverified"}},{"type":"Feature","geometry":{"type":"LineString","coordinates":[[-92.17166585463181,37.9154749542759],[-92.1727930985936,37.9203320977265],[-92.1657830461412,37.9225233815269],[-92.1557479112776,37.9165827303613]]},"properties":{"segment_id":"11dca3ff1ff38195f40275c0","source_kmz":"missouri","orientation":"unverified"}},{"type":"Feature","geometry":{"type":"LineString","coordinates":[[-92.1557479112776,37.9165827303613],[-92.1408342171187,37.9182559233242],[-92.13443385305712,37.9153748669082],[-92.1332373685444,37.8987281267342],[-92.12325724534091,37.8984119715062],[-92.1147726626437,37.9024287571592]]},"properties":{"segment_id":"718d0f2399d8466d1627a49f","source_kmz":"missouri","orientation":"unverified"}},{"type":"Feature","geometry":{"type":"LineString","coordinates":[[-92.1628965653839,37.8851971903873],[-92.16364078577361,37.9106693908177],[-92.17166585463181,37.9154749542759]]},"properties":{"segment_id":"09582a893a9d1131e3bae30a","source_kmz":"missouri","orientation":"unverified"}},{"type":"Feature","geometry":{"type":"LineString","coordinates":[[-92.284816561933,37.8868215950278],[-92.2873486488857,37.8981490391768],[-92.27387898972002,37.9055073741565]]},"properties":{"segment_id":"17724e1d4110c44f7fa4b92f","source_kmz":"missouri","orientation":"unverified"}},{"type":"Feature","geometry":{"type":"LineString","coordinates":[[-92.1147726626437,37.9024287571592],[-92.09758381143273,37.9080426232742],[-92.09579704415582,37.8961984044448],[-92.1276741738112,37.8864970861901],[-92.1351299645728,37.8757497722516],[-92.1243735219175,37.8705870620315]]},"properties":{"segment_id":"4947f15cd7fa2fff239d4496","source_kmz":"missouri","orientation":"unverified"}},{"type":"Feature","geometry":{"type":"LineString","coordinates":[[-92.1095247683776,37.87118667914341],[-92.09891696746762,37.8697768594563],[-92.0903918679453,37.8745942943415],[-92.0819008878238,37.8917353137843],[-92.07017175389622,37.8886797638518]]},"properties":{"segment_id":"6ecf30bc313f17f35e178305","source_kmz":"missouri","orientation":"unverified"}},{"type":"Feature","geometry":{"type":"LineString","coordinates":[[-92.16131201014521,37.8626451751999],[-92.1571763717118,37.8759093815415],[-92.1628965653839,37.8851971903873]]},"properties":{"segment_id":"1756b13e886e13c40bacc03b","source_kmz":"missouri","orientation":"unverified"}},{"type":"Feature","geometry":{"type":"LineString","coordinates":[[-92.2176453759106,37.8727065353617],[-92.197251083542,37.8739486368468],[-92.1733375032217,37.8632903436391],[-92.16131201014521,37.8626451751999]]},"properties":{"segment_id":"0a8b5840bf64617f58d560bc","source_kmz":"missouri","orientation":"unverified"}},{"type":"Feature","geometry":{"type":"LineString","coordinates":[[-92.33520696159592,37.8645031646812],[-92.32069186425852,37.8654062173621],[-92.2995641241762,37.8607500674472],[-92.2814147160153,37.8722531389033],[-92.2684493270583,37.8697148717399],[-92.2666810814456,37.87742914348461],[-92.284816561933,37.8868215950278]]},"properties":{"segment_id":"48f3e0ca4ee7c3d6439b9476","source_kmz":"missouri","orientation":"unverified"}},{"type":"Feature","geometry":{"type":"LineString","coordinates":[[-92.2149714770244,37.8509255736934],[-92.2295585082278,37.8620918129304],[-92.22923076339431,37.8685107373836],[-92.2197643552608,37.8717006051254]]},"properties":{"segment_id":"f9e615cca59b4475ea752d71","source_kmz":"missouri","orientation":"unverified"}},{"type":"Feature","geometry":{"type":"LineString","coordinates":[[-92.27387898972002,37.9055073741565],[-92.2519046492648,37.8834057375291],[-92.2627418487063,37.8735585083327],[-92.25441591657,37.8542845044823],[-92.2656523909721,37.8500746924192],[-92.2682761474801,37.8458689095678]]},"properties":{"segment_id":"035dd4a5079353e5ece757c8","source_kmz":"missouri","orientation":"unverified"}},{"type":"Feature","geometry":{"type":"LineString","coordinates":[[-92.2682761474801,37.8458689095678],[-92.25980013283852,37.8431987720305],[-92.246944079909,37.8521800336324],[-92.2223445592911,37.8482071697551]]},"properties":{"segment_id":"6abd3d70216a68fadb500754","source_kmz":"missouri","orientation":"unverified"}},{"type":"Feature","geometry":{"type":"LineString","coordinates":[[-92.38750115661682,37.8237386919234],[-92.38762269702622,37.8282959316447],[-92.3806801670303,37.8294296650875]]},"properties":{"segment_id":"db85fe00f0536c80af92c449","source_kmz":"missouri","orientation":"unverified"}},{"type":"Feature","geometry":{"type":"LineString","coordinates":[[-92.3410864467053,37.8014630020885],[-92.3472867690538,37.8153099030663],[-92.3443907297616,37.825134279395],[-92.35412432465061,37.83024686703661],[-92.3549711615324,37.8340222519633],[-92.33816041173431,37.83968024678971],[-92.33520696159592,37.8645031646812]]},"properties":{"segment_id":"5639ad69860d746bf92fe701","source_kmz":"missouri","orientation":"unverified"}},{"type":"Feature","geometry":{"type":"LineString","coordinates":[[-92.4007599650764,37.7989513240726],[-92.39253688295102,37.7981728485071],[-92.38748962244452,37.80284510509351],[-92.38750115661682,37.8237386919234]]},"properties":{"segment_id":"ed5e75f11b15ff79b1707aa1","source_kmz":"missouri","orientation":"unverified"}},{"type":"Feature","geometry":{"type":"LineString","coordinates":[[-92.3537771239041,37.7954139486742],[-92.3441272606772,37.7956610255069],[-92.3410864467053,37.8014630020885]]},"properties":{"segment_id":"98238459298cef60e7f93423","source_kmz":"missouri","orientation":"unverified"}},{"type":"Feature","geometry":{"type":"LineString","coordinates":[[-92.3806801670303,37.8294296650875],[-92.3721864473038,37.8200702755483],[-92.3604165714986,37.8143626968876],[-92.36724894007772,37.8014408227849],[-92.3537771239041,37.7954139486742]]},"properties":{"segment_id":"a800be3c82b6b5985f34b7b4","source_kmz":"missouri","orientation":"unverified"}},{"type":"Feature","geometry":{"type":"LineString","coordinates":[[-92.4751983795935,37.7754095219061],[-92.4773361054253,37.7810961996926],[-92.4695332719369,37.7859599600833],[-92.43752114982763,37.7861011355353],[-92.4308595076119,37.7743885426403],[-92.4241167313708,37.7715125249637],[-92.4160910129174,37.7809200581512],[-92.4150470421054,37.7953538662653],[-92.4066811895711,37.7975186131294]]},"properties":{"segment_id":"267be2b77a7b825ad86da800","source_kmz":"missouri","orientation":"unverified"}},{"type":"Feature","geometry":{"type":"LineString","coordinates":[[-92.4416518911045,37.7503285463326],[-92.45187693117471,37.7594657271066],[-92.449860790573,37.7727999839328],[-92.4586663871905,37.7757344294582],[-92.4751983795935,37.7754095219061]]},"properties":{"segment_id":"a278af76fa7f5686c9c033df","source_kmz":"missouri","orientation":"unverified"}},{"type":"Feature","geometry":{"type":"LineString","coordinates":[[-92.3861372687767,37.7460178034252],[-92.4078857076909,37.7514817757833],[-92.4134398480329,37.7575381857049],[-92.42089390689881,37.7598999975249],[-92.4343997911593,37.7509203612466]]},"properties":{"segment_id":"703bb612143ae77b12de60c7","source_kmz":"missouri","orientation":"unverified"}},{"type":"Feature","geometry":{"type":"LineString","coordinates":[[-92.444544946773,37.7402342251455],[-92.4394019229377,37.7470485674668],[-92.4416518911045,37.7503285463326]]},"properties":{"segment_id":"f9d78ed655ec2f87edada25c","source_kmz":"missouri","orientation":"unverified"}},{"type":"Feature","geometry":{"type":"LineString","coordinates":[[-92.36216918554071,37.7228042712107],[-92.36937973512552,37.7230191809325],[-92.378435066073,37.7136451951602]]},"properties":{"segment_id":"fae5438e8022755e8888ec6e","source_kmz":"missouri","orientation":"unverified"}},{"type":"Feature","geometry":{"type":"LineString","coordinates":[[-92.378435066073,37.7136451951602],[-92.3909380753323,37.7110694061047],[-92.3948883915919,37.7146685585932],[-92.3937543908935,37.7379394140337],[-92.3861372687767,37.7460178034252]]},"properties":{"segment_id":"23f71c6bc74a42e2c8701378","source_kmz":"missouri","orientation":"unverified"}},{"type":"Feature","geometry":{"type":"LineString","coordinates":[[-92.4817908417211,37.701939230215],[-92.4721143951448,37.710231080842],[-92.4756482412075,37.7226547807503],[-92.4692633285689,37.7267558085804],[-92.4596356060048,37.7267445275698],[-92.45716542769783,37.73524429201781]]},"properties":{"segment_id":"867ab9b9466b56afaf993c84","source_kmz":"missouri","orientation":"unverified"}},{"type":"Feature","geometry":{"type":"LineString","coordinates":[[-92.3154421707516,37.7013105172004],[-92.3383227723585,37.6904813758842],[-92.34823633019721,37.6985471423931],[-92.34916075467761,37.7076825103461],[-92.3635541776743,37.7156130868015],[-92.36216918554071,37.7228042712107]]},"properties":{"segment_id":"0c8974f60731a4da9cdb6ec8","source_kmz":"missouri","orientation":"unverified"}},{"type":"Feature","geometry":{"type":"LineString","coordinates":[[-92.3180871267482,37.6896038620839],[-92.3082375080711,37.6941277087784],[-92.311693057852,37.7006613805743],[-92.3154421707516,37.7013105172004]]},"properties":{"segment_id":"440400e630429a6d7bfd1260","source_kmz":"missouri","orientation":"unverified"}},{"type":"Feature","geometry":{"type":"LineString","coordinates":[[-92.30248624080662,37.6647545072612],[-92.3000669295221,37.6719138333307],[-92.3218912256577,37.6822181713002],[-92.3180871267482,37.6896038620839]]},"properties":{"segment_id":"0bd5b061fc0605fc7d731b03","source_kmz":"missouri","orientation":"unverified"}},{"type":"Feature","geometry":{"type":"LineString","coordinates":[[-92.31965371268771,37.6650064267266],[-92.3194808920296,37.6684836261504],[-92.3067632991529,37.661669674127],[-92.30248624080662,37.6647545072612]]},"properties":{"segment_id":"25d225e8b8f3a3fb57aeb965","source_kmz":"missouri","orientation":"unverified"}},{"type":"Feature","geometry":{"type":"LineString","coordinates":[[-92.3294538297296,37.6267275232583],[-92.3244673477192,37.6303274415911],[-92.3385787024129,37.6436106998564],[-92.32853927981041,37.64518364393741],[-92.3143670914173,37.653863555433],[-92.31965371268771,37.6650064267266]]},"properties":{"segment_id":"918639782238f6b6dae4fe60","source_kmz":"missouri","orientation":"unverified"}},{"type":"Feature","geometry":{"type":"LineString","coordinates":[[-92.3380290209207,37.6060910680785],[-92.3316611917641,37.6029526545439],[-92.328060930015,37.6063265728537],[-92.3354827872406,37.6159260301469]]},"properties":{"segment_id":"78d9a207124417c9a0691583","source_kmz":"missouri","orientation":"unverified"}},{"type":"Feature","geometry":{"type":"LineString","coordinates":[[-92.346863092921,37.5940339979],[-92.34761460003482,37.5996820369024],[-92.3573451151541,37.6042596706445],[-92.3495925524467,37.6083135146947],[-92.3380290209207,37.6060910680785]]},"properties":{"segment_id":"ee31afdcf33712bb980f00f2","source_kmz":"missouri","orientation":"unverified"}},{"type":"Feature","geometry":{"type":"LineString","coordinates":[[-92.3698129665208,37.5880236726565],[-92.3648179289654,37.5918927669661],[-92.346863092921,37.5940339979]]},"properties":{"segment_id":"494146b4d075da33205d85ae","source_kmz":"missouri","orientation":"unverified"}},{"type":"Feature","geometry":{"type":"LineString","coordinates":[[-92.3638193748526,37.5492699421709],[-92.3566529388754,37.5554846929927],[-92.3600143893891,37.5638896502674]]},"properties":{"segment_id":"62d6da34c0c8a462393f7821","source_kmz":"missouri","orientation":"unverified"}},{"type":"Feature","geometry":{"type":"LineString","coordinates":[[-92.368717862065,37.5403082853781],[-92.3793258831936,37.5478573125097],[-92.37916919002741,37.5510672135048],[-92.3735573577649,37.5535788546064],[-92.3638193748526,37.5492699421709]]},"properties":{"segment_id":"c5f37a3118cea2467d0bf1ad","source_kmz":"missouri","orientation":"unverified"}},{"type":"Feature","geometry":{"type":"LineString","coordinates":[[-92.38739236995292,37.53014916246221],[-92.3802689095103,37.5355628567423],[-92.3717196518044,37.5350402259185],[-92.368717862065,37.5403082853781]]},"properties":{"segment_id":"c12c3d1eed06ef064805621b","source_kmz":"missouri","orientation":"unverified"}},{"type":"Feature","geometry":{"type":"LineString","coordinates":[[-92.40722174622,37.4889472334701],[-92.4070000113906,37.5076923814491],[-92.4034207575,37.5108011196524],[-92.39346566937641,37.5110419831468],[-92.38739236995292,37.53014916246221]]},"properties":{"segment_id":"6a9eeff40afda8e4d050a9dc","source_kmz":"missouri","orientation":"unverified"}},{"type":"Feature","geometry":{"type":"LineString","coordinates":[[-92.3989256651617,37.4479832334972],[-92.41792824809332,37.4517596802618],[-92.42219532933481,37.4556357959252],[-92.4222539595773,37.4615309509004]]},"properties":{"segment_id":"7a73469defeb0bdf49b3bbc7","source_kmz":"missouri","orientation":"unverified"}},{"type":"Feature","geometry":{"type":"LineString","coordinates":[[-92.05895043148641,37.8438476266308],[-92.05981087427583,37.8470901556027],[-92.071332574413,37.850676068809],[-92.0750331504568,37.8588318897576],[-92.0639289114356,37.8667793508731],[-92.06219643623632,37.8734209079729]]},"properties":{"segment_id":"bc8e151e9d9e8e2eba7ac6aa","source_kmz":"missouri","orientation":"unverified"}},{"type":"Feature","geometry":{"type":"LineString","coordinates":[[-92.0830115240894,37.8253332724019],[-92.08645329102092,37.8318731174982],[-92.0665869580439,37.842754338441],[-92.05895043148641,37.8438476266308]]},"properties":{"segment_id":"0452555df4203b8ac34b6e10","source_kmz":"missouri","orientation":"unverified"}},{"type":"Feature","geometry":{"type":"LineString","coordinates":[[-92.0336097929624,37.7961444624457],[-92.04482154961562,37.7989194341557],[-92.0552743121854,37.79657871672371],[-92.0591514727614,37.7819694553951],[-92.0651917892301,37.7784137830477],[-92.0730656037666,37.779203242666],[-92.0749737108051,37.7886410924277],[-92.0665581108915,37.79801449812591],[-92.0720192472752,37.8118531704169],[-92.0691721420464,37.8200663506294],[-92.0830115240894,37.8253332724019]]},"properties":{"segment_id":"3f07eb7d56a2042d38373eb5","source_kmz":"missouri","orientation":"unverified"}},{"type":"Feature","geometry":{"type":"LineString","coordinates":[[-92.0250806298327,37.7755062302308],[-92.0317651343421,37.7792065723825],[-92.0336097929624,37.7961444624457]]},"properties":{"segment_id":"41e712289c459e81616555fb","source_kmz":"missouri","orientation":"unverified"}},{"type":"Feature","geometry":{"type":"LineString","coordinates":[[-92.0196001692041,37.7686299130126],[-92.0184255969259,37.77127064691341],[-92.0250806298327,37.7755062302308]]},"properties":{"segment_id":"53b478c54eb026d86ae7a771","source_kmz":"missouri","orientation":"unverified"}},{"type":"Feature","geometry":{"type":"LineString","coordinates":[[-92.0576150067983,37.7591481923386],[-92.0594336447974,37.7637612868129],[-92.0558844851087,37.7657898071961],[-92.0448491822455,37.7662362439662],[-92.0412565493249,37.7690666560335],[-92.0196001692041,37.7686299130126]]},"properties":{"segment_id":"b2818e71792327a3519a2cce","source_kmz":"missouri","orientation":"unverified"}},{"type":"Feature","geometry":{"type":"LineString","coordinates":[[-92.0708540900674,37.7236765111063],[-92.0804845685964,37.7301482153619],[-92.08118879378203,37.7363325739553],[-92.0669680734595,37.738553777559],[-92.0500843588056,37.7326499939546],[-92.04147160040931,37.7457659669784],[-92.0576150067983,37.7591481923386]]},"properties":{"segment_id":"6248a6516caaeed67f45c4bd","source_kmz":"missouri","orientation":"unverified"}},{"type":"Feature","geometry":{"type":"LineString","coordinates":[[-92.0630395726922,37.7089576016857],[-92.0450765233923,37.7169491385378],[-92.0530871568446,37.7214952272223],[-92.0708540900674,37.7236765111063]]},"properties":{"segment_id":"7bc4b5261dfd746780f73195","source_kmz":"missouri","orientation":"unverified"}},{"type":"Feature","geometry":{"type":"LineString","coordinates":[[-92.065511437622,37.70126817478871],[-92.0679872021539,37.7064382507934],[-92.0630395726922,37.7089576016857]]},"properties":{"segment_id":"87a6ebcfdb114a788e2d7e15","source_kmz":"missouri","orientation":"unverified"}},{"type":"Feature","geometry":{"type":"LineString","coordinates":[[-92.0712718926752,37.6575174579094],[-92.0741179941693,37.6621636290179],[-92.0666443442386,37.6670127871745],[-92.05167826563401,37.6641174963578],[-92.0497918506974,37.6672712521154],[-92.0495920900341,37.6710154990273],[-92.0616013736628,37.6778340641709],[-92.0606906163175,37.6949506341567],[-92.065511437622,37.70126817478871]]},"properties":{"segment_id":"2224c94cfec644aba8fe4c79","source_kmz":"missouri","orientation":"unverified"}},{"type":"Feature","geometry":{"type":"LineString","coordinates":[[-92.05047590534402,37.6480039432405],[-92.0558471480784,37.6374616005483],[-92.06446278365311,37.636936605876],[-92.0663782706143,37.6396775833952],[-92.05917818588351,37.645874636729],[-92.0589220309589,37.6506887135912],[-92.0712718926752,37.6575174579094]]},"properties":{"segment_id":"e0d767b2853f5eccc9273a3d","source_kmz":"missouri","orientation":"unverified"}},{"type":"Feature","geometry":{"type":"LineString","coordinates":[[-92.03971700764811,37.6050564261968],[-92.0521144951183,37.6108173964033],[-92.05850097358831,37.6198654229264],[-92.0566456649173,37.6289143239394],[-92.04400203388201,37.6277004679048],[-92.0394160261785,37.629962600877],[-92.0419446942721,37.6404933928686],[-92.05047590534402,37.6480039432405]]},"properties":{"segment_id":"a1c2bc2b993ccce500523d5a","source_kmz":"missouri","orientation":"unverified"}},{"type":"Feature","geometry":{"type":"LineString","coordinates":[[-92.0219470762229,37.5650930331258],[-92.0188884795164,37.5773172760095],[-92.03806154158741,37.5846409830768],[-92.0458291798984,37.5934669056185]]},"properties":{"segment_id":"6aeac90694f0367fcee9660b","source_kmz":"missouri","orientation":"unverified"}},{"type":"Feature","geometry":{"type":"LineString","coordinates":[[-92.0329542652894,37.5517886004397],[-92.0339803357324,37.5646821542072],[-92.0300830963694,37.5669663086438],[-92.0219470762229,37.5650930331258]]},"properties":{"segment_id":"a876f1060d0b6df0055cc3a2","source_kmz":"missouri","orientation":"unverified"}},{"type":"Feature","geometry":{"type":"LineString","coordinates":[[-91.96943062316302,38.0008646470375],[-91.9603620560676,38.0340532776349],[-91.95065700505121,38.0409660367226]]},"properties":{"segment_id":"37046732653df60a76e1a79a","source_kmz":"missouri","orientation":"unverified"}},{"type":"Feature","geometry":{"type":"LineString","coordinates":[[-91.9700052287264,37.9714144489491],[-91.96294115292892,37.9869877726764],[-91.96943062316302,38.0008646470375]]},"properties":{"segment_id":"37f8b7ed2d253072ea877e19","source_kmz":"missouri","orientation":"unverified"}},{"type":"Feature","geometry":{"type":"LineString","coordinates":[[-92.00275066306722,37.9593617429584],[-91.978307025762,37.96472222035811],[-91.9700052287264,37.9714144489491]]},"properties":{"segment_id":"17492b14af997c8972dac6ae","source_kmz":"missouri","orientation":"unverified"}},{"type":"Feature","geometry":{"type":"LineString","coordinates":[[-92.0252169589128,37.92660680668351],[-92.0000574470785,37.9263220763778],[-91.9868110957123,37.9162435173848],[-91.9816480582191,37.9160739101293],[-91.97659594773512,37.9201941881787],[-91.97587253013553,37.927135859278]]},"properties":{"segment_id":"8a2c0bbaf28f4d2fc801277f","source_kmz":"missouri","orientation":"unverified"}},{"type":"Feature","geometry":{"type":"LineString","coordinates":[[-92.046314891408,37.8804091183615],[-92.0403513897568,37.8823591876443],[-92.035820674915,37.8897134221246],[-92.0359774964817,37.8996307129178],[-92.04013558744481,37.9056592281775]]},"properties":{"segment_id":"76f4d91373df13a8ab012762","source_kmz":"missouri","orientation":"unverified"}},{"type":"Feature","geometry":{"type":"LineString","coordinates":[[-92.8625598383769,38.9525235811173],[-92.86177536213592,38.9707144650546],[-92.85143218105772,38.9794238773728]]},"properties":{"segment_id":"0b3ceb24a23c701f9c894c29","source_kmz":"missouri","orientation":"unverified"}},{"type":"Feature","geometry":{"type":"LineString","coordinates":[[-92.94780531756372,38.94554574741],[-92.948008678764,38.9490321060723],[-92.9402246800918,38.9512504694852]]},"properties":{"segment_id":"658e277be92f31b250c0be45","source_kmz":"missouri","orientation":"unverified"}},{"type":"Feature","geometry":{"type":"LineString","coordinates":[[-92.8697129421684,38.9406531775835],[-92.8636041780246,38.94451587068031],[-92.8625598383769,38.9525235811173]]},"properties":{"segment_id":"42d292ff2bc4241bde3013a2","source_kmz":"missouri","orientation":"unverified"}},{"type":"Feature","geometry":{"type":"LineString","coordinates":[[-92.9402246800918,38.9512504694852],[-92.92772119187042,38.9410328128492],[-92.9118948078983,38.943317669775],[-92.90679346073641,38.9399769226866],[-92.898064251236,38.9397588559833]]},"properties":{"segment_id":"1d333d83c18f64c7b2b74ca7","source_kmz":"missouri","orientation":"unverified"}},{"type":"Feature","geometry":{"type":"LineString","coordinates":[[-92.9698332976068,38.9580028270368],[-92.97777507640322,38.9561881441661],[-92.9780306007904,38.9500351098706],[-92.96954505328182,38.9439365670446],[-92.94909963872071,38.9396860827728],[-92.94780531756372,38.94554574741]]},"properties":{"segment_id":"cc35e444a8bfa219c4c953f4","source_kmz":"missouri","orientation":"unverified"}},{"type":"Feature","geometry":{"type":"LineString","coordinates":[[-93.0,38.93663639544009],[-92.9948420127291,38.9408031076868],[-92.98949235979072,38.9264803569702],[-92.9840949483785,38.92179670429591],[-92.9760992026617,38.9207985453352],[-92.96967815488162,38.9155536753885],[-92.9716348688853,38.9105134272428],[-92.962716190242,38.9065460887059]]},"properties":{"segment_id":"670047bc40a47a10a0c78d40","source_kmz":"missouri","orientation":"unverified"}},{"type":"Feature","geometry":{"type":"LineString","coordinates":[[-92.962716190242,38.9065460887059],[-92.94823843815581,38.9102073770695],[-92.9290177852898,38.9268716561508],[-92.9423072480185,38.9349662303322],[-92.94780531756372,38.94554574741]]},"properties":{"segment_id":"839437388a3d31bc334f2fec","source_kmz":"missouri","orientation":"unverified"}},{"type":"Feature","geometry":{"type":"LineString","coordinates":[[-92.99003301645511,38.7612675126721],[-92.9948434535308,38.7629911926799],[-92.9995148113161,38.7596233692068],[-93.0,38.7598891379348]]},"properties":{"segment_id":"8d78364c9d3d4907a6f89c6d","source_kmz":"missouri","orientation":"unverified"}},{"type":"Feature","geometry":{"type":"LineString","coordinates":[[-93.0,38.74661154226234],[-92.9890592269597,38.7510679072301],[-92.99003301645511,38.7612675126721]]},"properties":{"segment_id":"a74c1f0d8ee7c58e48603b8a","source_kmz":"missouri","orientation":"unverified"}},{"type":"Feature","geometry":{"type":"LineString","coordinates":[[-92.9775296710793,38.7264180092759],[-92.9802646852224,38.7361251810253],[-92.97790962650892,38.7424945496994],[-92.9812923759697,38.7449872567058],[-92.9953324071129,38.74265130613701],[-93.0,38.73878145025968]]},"properties":{"segment_id":"e4b6558cd8b721972eef4cc6","source_kmz":"missouri","orientation":"unverified"}},{"type":"Feature","geometry":{"type":"LineString","coordinates":[[-92.9801558165978,38.7050592218504],[-92.9878189973,38.7135475817555],[-92.9872942782824,38.7178193761921],[-92.9775296710793,38.7264180092759]]},"properties":{"segment_id":"4bb9634b3d614f13817bf21a","source_kmz":"missouri","orientation":"unverified"}},{"type":"Feature","geometry":{"type":"LineString","coordinates":[[-92.95347041005591,38.6682528621077],[-92.95149660241842,38.6738277365604],[-92.94453855900692,38.6736558543142],[-92.9542038780999,38.6840704775425],[-92.96013020917681,38.6839486256412],[-92.9641277328789,38.6883315110077],[-92.9625578285892,38.6925775425721],[-92.9503093909998,38.685581155271],[-92.9525218643777,38.6909915192978],[-92.9596736506894,38.6949167157068],[-92.9577441766391,38.6994216405848],[-92.9673222765004,38.7036738545253],[-92.96839599635541,38.6945954118842],[-92.9801558165978,38.7050592218504]]},"properties":{"segment_id":"8d42bd1e3cc40835da796d5c","source_kmz":"missouri","orientation":"unverified"}},{"type":"Feature","geometry":{"type":"LineString","coordinates":[[-93.0,38.99074889388316],[-92.9949047604626,38.9900785256807]]},"properties":{"segment_id":"e60bf3bca34b553205d3b149","source_kmz":"missouri","orientation":"unverified"}},{"type":"Feature","geometry":{"type":"LineString","coordinates":[[-92.9949047604626,38.9900785256807],[-92.976736721255,38.9727660962841],[-92.95475117329022,38.9716927485124]]},"properties":{"segment_id":"329041eb14d45871d6c79961","source_kmz":"missouri","orientation":"unverified"}},{"type":"Feature","geometry":{"type":"LineString","coordinates":[[-91.5983319426692,38.6418518892596],[-91.5943314627539,38.6446565080762],[-91.5940662600322,38.6548287124101],[-91.5695316603654,38.65153929573]]},"properties":{"segment_id":"8a280871945c567b34bb2d89","source_kmz":"missouri","orientation":"unverified"}},{"type":"Feature","geometry":{"type":"LineString","coordinates":[[-91.6394667614282,38.6237526276885],[-91.6256865081024,38.6329106225413],[-91.6141061042129,38.63437524020011],[-91.6069405067411,38.6434982170686],[-91.5983319426692,38.6418518892596]]},"properties":{"segment_id":"5c28622e43a7e1a24ea99cda","source_kmz":"missouri","orientation":"unverified"}},{"type":"Feature","geometry":{"type":"LineString","coordinates":[[-91.6134448376713,38.5989842247217],[-91.62395681473181,38.6036444647453],[-91.6337793141246,38.6023848426085],[-91.6394295003455,38.6068715731014],[-91.6394667614282,38.6237526276885]]},"properties":{"segment_id":"a7e443f36ab18e4422c24ceb","source_kmz":"missouri","orientation":"unverified"}},{"type":"Feature","geometry":{"type":"LineString","coordinates":[[-91.57193022591612,38.5602574311894],[-91.58500198349772,38.5800177533919],[-91.5845175967414,38.5880385910467],[-91.6134448376713,38.5989842247217]]},"properties":{"segment_id":"98a4390dfe8411c84131bb07","source_kmz":"missouri","orientation":"unverified"}},{"type":"Feature","geometry":{"type":"LineString","coordinates":[[-91.6273592094076,38.552589770048],[-91.6213408575714,38.5601462843531],[-91.60404996579922,38.56998061708361],[-91.59946246846411,38.5652620818648],[-91.5996622550771,38.5561593498209],[-91.59133809372591,38.5499673676958]]},"properties":{"segment_id":"834c93aa6c861413f1dae89f","source_kmz":"missouri","orientation":"unverified"}},{"type":"Feature","geometry":{"type":"LineString","coordinates":[[-91.59133809372591,38.5499673676958],[-91.5813847429257,38.5477354841739],[-91.57193022591612,38.5602574311894]]},"properties":{"segment_id":"27f0b19e3cd4d6b8b4695344","source_kmz":"missouri","orientation":"unverified"}},{"type":"Feature","geometry":{"type":"LineString","coordinates":[[-91.61464951073852,38.5266845552071],[-91.6273042893686,38.5418704855606],[-91.6273592094076,38.552589770048]]},"properties":{"segment_id":"cdb9b24ff0e1a2ce00236ca1","source_kmz":"missouri","orientation":"unverified"}},{"type":"Feature","geometry":{"type":"LineString","coordinates":[[-91.6818148546719,38.5081576297432],[-91.6743079837619,38.51164532301851],[-91.649627038739,38.5115802907064]]},"properties":{"segment_id":"e8db305bbd574ae9f6a58bab","source_kmz":"missouri","orientation":"unverified"}},{"type":"Feature","geometry":{"type":"LineString","coordinates":[[-91.624517474673,38.4954190793499],[-91.6136148774166,38.5033373858361],[-91.6115482107957,38.5204116604143],[-91.61464951073852,38.5266845552071]]},"properties":{"segment_id":"ebf89bf9296933fa249ae0a4","source_kmz":"missouri","orientation":"unverified"}},{"type":"Feature","geometry":{"type":"LineString","coordinates":[[-91.6305152470172,38.4648196566353],[-91.631439597654,38.4726225000433],[-91.6516553604434,38.4891457459648],[-91.65914320908242,38.4918211760151],[-91.6703849522856,38.4898054086777]]},"properties":{"segment_id":"ff686e5307db261ac7827bd5","source_kmz":"missouri","orientation":"unverified"}},{"type":"Feature","geometry":{"type":"LineString","coordinates":[[-91.66685057433611,38.4320765742294],[-91.6520064522355,38.4422703641505],[-91.646721849629,38.4552122295232],[-91.6305152470172,38.4648196566353]]},"properties":{"segment_id":"bdb83b4f0adce9a2b469781c","source_kmz":"missouri","orientation":"unverified"}},{"type":"Feature","geometry":{"type":"LineString","coordinates":[[-91.7091532431747,38.4450790412641],[-91.7052618055893,38.4462829788639],[-91.6902611325961,38.4414720144595],[-91.6803197438142,38.4333537365407],[-91.673451285144,38.4320408176947]]},"properties":{"segment_id":"37fb9e09f35d4a2d4343778d","source_kmz":"missouri","orientation":"unverified"}},{"type":"Feature","geometry":{"type":"LineString","coordinates":[[-91.7418949430524,38.4255859850379],[-91.7432597424227,38.4379574455559],[-91.73024809742671,38.4407219048544]]},"properties":{"segment_id":"4e50d17b39dc033d6b300128","source_kmz":"missouri","orientation":"unverified"}},{"type":"Feature","geometry":{"type":"LineString","coordinates":[[-91.8204997353161,38.3929159966147],[-91.8166128950991,38.394123451697],[-91.78683537705331,38.3807833848788]]},"properties":{"segment_id":"4af3627ac78418de0ba1f5bc","source_kmz":"missouri","orientation":"unverified"}},{"type":"Feature","geometry":{"type":"LineString","coordinates":[[-91.76170661101331,38.3772410201784],[-91.75426338702361,38.3799314334489],[-91.7410853499398,38.3976944009696],[-91.73991987798341,38.4177479923082]]},"properties":{"segment_id":"c4abb70b70b5d84ee164f0b3","source_kmz":"missouri","orientation":"unverified"}},{"type":"Feature","geometry":{"type":"LineString","coordinates":[[-91.83189998724332,38.338917390745],[-91.8296219688793,38.3484848502137],[-91.8411504537393,38.3531618119889],[-91.8445954115761,38.3597080265997],[-91.82792219618992,38.3722710533651]]},"properties":{"segment_id":"ef4093141203fd7644c0606f","source_kmz":"missouri","orientation":"unverified"}},{"type":"Feature","geometry":{"type":"LineString","coordinates":[[-91.86788862513,38.2787820722833],[-91.8609249394189,38.2855131917996],[-91.86605264778191,38.2990810737225]]},"properties":{"segment_id":"7d16b6b70219d685734061b4","source_kmz":"missouri","orientation":"unverified"}},{"type":"Feature","geometry":{"type":"LineString","coordinates":[[-91.81552301590291,38.2612027475693],[-91.8259082693139,38.2674501650844],[-91.86873101546242,38.2699695458564],[-91.86788862513,38.2787820722833]]},"properties":{"segment_id":"06650d78b7a50718670f91fb","source_kmz":"missouri","orientation":"unverified"}},{"type":"Feature","geometry":{"type":"LineString","coordinates":[[-91.8107020678222,38.2363904550884],[-91.80032597851392,38.24219798715791],[-91.7998978984051,38.2496849321242]]},"properties":{"segment_id":"843333bd7ac3749b6c10073b","source_kmz":"missouri","orientation":"unverified"}},{"type":"Feature","geometry":{"type":"LineString","coordinates":[[-91.873045266763,38.2301967670937],[-91.84943521068841,38.2312761704807],[-91.8385862878727,38.2271581771968]]},"properties":{"segment_id":"8babf8ecb52f398253b55d9e","source_kmz":"missouri","orientation":"unverified"}},{"type":"Feature","geometry":{"type":"LineString","coordinates":[[-91.825004053898,38.2224104281411],[-91.8154594029831,38.2258362018304],[-91.8107020678222,38.2363904550884]]},"properties":{"segment_id":"ff39644ba778eb0a3487ca68","source_kmz":"missouri","orientation":"unverified"}},{"type":"Feature","geometry":{"type":"LineString","coordinates":[[-91.901229973118,38.2091730215928],[-91.8980326672709,38.2168353748873],[-91.873045266763,38.2301967670937]]},"properties":{"segment_id":"152bea09b2376ba9499d1a6a","source_kmz":"missouri","orientation":"unverified"}},{"type":"Feature","geometry":{"type":"LineString","coordinates":[[-91.8465994801767,38.1711686391751],[-91.8583864081158,38.1769253301531],[-91.8913513255163,38.1815165406333]]},"properties":{"segment_id":"ef403488ffc6e50a6860e1ee","source_kmz":"missouri","orientation":"unverified"}},{"type":"Feature","geometry":{"type":"LineString","coordinates":[[-91.86178248761081,38.1596259148213],[-91.8468109267204,38.1674250608782],[-91.8465994801767,38.1711686391751]]},"properties":{"segment_id":"47b2458d2a64f74ece2cae6f","source_kmz":"missouri","orientation":"unverified"}},{"type":"Feature","geometry":{"type":"LineString","coordinates":[[-91.8923342025366,38.1019816603745],[-91.9011146596991,38.11192022271601],[-91.90497606987681,38.1233012673597],[-91.9047677077347,38.127044962651],[-91.89489394510582,38.130465407701]]},"properties":{"segment_id":"da7b4833bbec63b33d614bbb","source_kmz":"missouri","orientation":"unverified"}},{"type":"Feature","geometry":{"type":"LineString","coordinates":[[-91.95065700505121,38.0409660367226],[-91.9437466986067,38.0410052290182],[-91.9334571734662,38.0334305600337],[-91.9243607680573,38.0355392472737]]},"properties":{"segment_id":"feaed17bc3b7195f2b04404f","source_kmz":"missouri","orientation":"unverified"}},{"type":"Feature","geometry":{"type":"LineString","coordinates":[[-92.6551067522094,38.217565836352],[-92.6444264842152,38.2164709323199],[-92.6383996093596,38.2120209301968]]},"properties":{"segment_id":"cf39e95ae17d3831a3598c7f","source_kmz":"missouri","orientation":"unverified"}},{"type":"Feature","geometry":{"type":"LineString","coordinates":[[-92.7446340538398,38.2124735806787],[-92.73716074678431,38.2170957791231],[-92.71906422525242,38.21929163639151],[-92.6551067522094,38.217565836352]]},"properties":{"segment_id":"79c24950ee6fcf843b06d516","source_kmz":"missouri","orientation":"unverified"}},{"type":"Feature","geometry":{"type":"LineString","coordinates":[[-93.0,38.22138879529676],[-92.9910376026822,38.2211697259451],[-92.98745347226061,38.2157260966253],[-93.0,38.21365318364892]]},"properties":{"segment_id":"bcd5ba815f6e19c75c5f3994","source_kmz":"missouri","orientation":"unverified"}},{"type":"Feature","geometry":{"type":"LineString","coordinates":[[-92.7544457311046,38.1862202275345],[-92.7589890127982,38.1930355260574],[-92.75857627158692,38.2023979435362],[-92.75177256668431,38.2075742828465]]},"properties":{"segment_id":"0d6db92c839dbad7d5894544","source_kmz":"missouri","orientation":"unverified"}},{"type":"Feature","geometry":{"type":"LineString","coordinates":[[-93.0,38.19066869416498],[-92.9897457189561,38.1935559587215],[-92.97779001125652,38.2066515938877],[-92.9762201752697,38.2111653432727],[-92.97996811623541,38.212596536145],[-92.97507294508722,38.2138149683208],[-92.97461052347602,38.2250506904901],[-92.97118577899111,38.2241628985222],[-92.96544349531212,38.22910911863161]]},"properties":{"segment_id":"1d2fb8050251eecd217f6332","source_kmz":"missouri","orientation":"unverified"}},{"type":"Feature","geometry":{"type":"LineString","coordinates":[[-92.7133709595541,38.1840558162919],[-92.7418255165612,38.1821364672325],[-92.7461141858108,38.1790365303014]]},"properties":{"segment_id":"77dcb26b4a53da27481b18e6","source_kmz":"missouri","orientation":"unverified"}},{"type":"Feature","geometry":{"type":"LineString","coordinates":[[-92.6383104492745,38.1761304831408],[-92.6528996755895,38.1824213518537],[-92.7133709595541,38.1840558162919]]},"properties":{"segment_id":"4d5552a358e805d32b4603ef","source_kmz":"missouri","orientation":"unverified"}},{"type":"Feature","geometry":{"type":"LineString","coordinates":[[-92.96544349531212,38.22910911863161],[-92.94098096649002,38.2263598508569],[-92.9360061054201,38.2211477736642],[-92.9366083009525,38.2150035845798],[-92.9633813492837,38.2036181352035],[-92.9715773112046,38.1810585029467],[-92.97964641220682,38.1783116824982],[-92.9749515830073,38.1747147777816],[-92.97819339043451,38.1715811804726]]},"properties":{"segment_id":"400e27b5b2cf03585c8eacd7","source_kmz":"missouri","orientation":"unverified"}},{"type":"Feature","geometry":{"type":"LineString","coordinates":[[-92.97819339043451,38.1715811804726],[-92.9388590197008,38.169267228654],[-92.9200875341547,38.1797770509875]]},"properties":{"segment_id":"dffbbdb713add1f7f33ca702","source_kmz":"missouri","orientation":"unverified"}},{"type":"Feature","geometry":{"type":"LineString","coordinates":[[-92.7350761993266,38.14714149919351],[-92.7258699823019,38.1519845552735],[-92.7182590764014,38.1520489850625],[-92.6503371509039,38.1475347669092]]},"properties":{"segment_id":"7e3f55b243a428dd8bbb6572","source_kmz":"missouri","orientation":"unverified"}},{"type":"Feature","geometry":{"type":"LineString","coordinates":[[-92.8783787410488,38.1599772639002],[-92.8625869338186,38.149130214589],[-92.83398707545281,38.1467885483182]]},"properties":{"segment_id":"6d3fbef416ef803ca292f726","source_kmz":"missouri","orientation":"unverified"}},{"type":"Feature","geometry":{"type":"LineString","coordinates":[[-92.80843402409262,38.1619268418608],[-92.80310091318731,38.1652694613151],[-92.8010978315756,38.1636104158245],[-92.8045218437678,38.12459995445131]]},"properties":{"segment_id":"b33093b2933c8840e4c37e5f","source_kmz":"missouri","orientation":"unverified"}},{"type":"Feature","geometry":{"type":"LineString","coordinates":[[-92.7472779166763,38.0901538415653],[-92.73449769042722,38.09784842385501],[-92.7164184594807,38.1003114140262],[-92.7078354667512,38.1067766097726],[-92.7076799390622,38.1102540472045],[-92.7246787725438,38.1243679190922]]},"properties":{"segment_id":"c68c47828b4640eeebf1811e","source_kmz":"missouri","orientation":"unverified"}},{"type":"Feature","geometry":{"type":"LineString","coordinates":[[-92.7748346587705,38.09998763302961],[-92.7624633482986,38.0905559123491],[-92.7472779166763,38.0901538415653]]},"properties":{"segment_id":"4f1f08e84099234676ceeb9c","source_kmz":"missouri","orientation":"unverified"}},{"type":"Feature","geometry":{"type":"LineString","coordinates":[[-92.0267179004633,38.5519057136745],[-92.0162851190211,38.5582662486474],[-91.99669421032571,38.5603107239462],[-91.9793656443477,38.5718020375595]]},"properties":{"segment_id":"5ab6f58a48b9bbc1edb7f95c","source_kmz":"missouri","orientation":"unverified"}},{"type":"Feature","geometry":{"type":"LineString","coordinates":[[-92.0207960110652,38.5201043799691],[-92.0267365978774,38.5323507897988],[-92.0267179004633,38.5519057136745]]},"properties":{"segment_id":"98d327dcaca302da659997e8","source_kmz":"missouri","orientation":"unverified"}},{"type":"Feature","geometry":{"type":"LineString","coordinates":[[-92.0383537445443,38.4719153328558],[-92.0307671823632,38.470867453665],[-92.0159222883024,38.4819072606973],[-92.010541674037,38.4913770237143]]},"properties":{"segment_id":"7248452982a6b676d33d023a","source_kmz":"missouri","orientation":"unverified"}},{"type":"Feature","geometry":{"type":"LineString","coordinates":[[-92.16724465996602,38.4652783258956],[-92.1677563724478,38.46877652531211],[-92.1549618260664,38.4742709237267],[-92.14248937972953,38.4736131209476],[-92.1293299999469,38.466235668912]]},"properties":{"segment_id":"0b9ac0916e39c2da0bd213f9","source_kmz":"missouri","orientation":"unverified"}},{"type":"Feature","geometry":{"type":"LineString","coordinates":[[-92.1293299999469,38.466235668912],[-92.11342748240641,38.4582344460884],[-92.10683891058851,38.4580263525595]]},"properties":{"segment_id":"9739463d4ac00b55cb7d2351","source_kmz":"missouri","orientation":"unverified"}},{"type":"Feature","geometry":{"type":"LineString","coordinates":[[-92.2331057618407,38.4207023756601],[-92.22105914110482,38.4254225284867],[-92.2070135567078,38.4217762217651],[-92.19474452051341,38.4106829904974],[-92.1905460229911,38.3979634512465]]},"properties":{"segment_id":"9812583aa6a305cd062d80f8","source_kmz":"missouri","orientation":"unverified"}},{"type":"Feature","geometry":{"type":"LineString","coordinates":[[-92.13973623480301,38.3808435494607],[-92.1206694487415,38.3936374857844],[-92.116934565144,38.4117350899074],[-92.1238443967241,38.418917583266],[-92.1455196086607,38.429241537125]]},"properties":{"segment_id":"0c6b784e56a855b509f2dac7","source_kmz":"missouri","orientation":"unverified"}},{"type":"Feature","geometry":{"type":"LineString","coordinates":[[-92.2282343305392,38.3332304486517],[-92.22543952103,38.3403769555554],[-92.2529973496067,38.3575591612987],[-92.2582245852105,38.3638790304633]]},"properties":{"segment_id":"e95d8cf24a19a8733c438915","source_kmz":"missouri","orientation":"unverified"}},{"type":"Feature","geometry":{"type":"LineString","coordinates":[[-92.30518619590073,38.3336919371014],[-92.29763247427302,38.3390896510493],[-92.28896318009261,38.3390961762367],[-92.27458453070851,38.3354471146681],[-92.2571000825457,38.3247374987447],[-92.2450530196858,38.3230308357347],[-92.2282343305392,38.3332304486517]]},"properties":{"segment_id":"9ac0a9ca156fd40f19e90a14","source_kmz":"missouri","orientation":"unverified"}},{"type":"Feature","geometry":{"type":"LineString","coordinates":[[-92.41802649627951,38.2665885394028],[-92.409424021025,38.2724977953578],[-92.3888562823811,38.2751091068602]]},"properties":{"segment_id":"1e680425f4bd0acdad1c3cfe","source_kmz":"missouri","orientation":"unverified"}},{"type":"Feature","geometry":{"type":"LineString","coordinates":[[-92.3888562823811,38.2751091068602],[-92.36603747510802,38.27416844336881],[-92.35258479092171,38.2590380973057]]},"properties":{"segment_id":"25dc1c58355291a06c98dda0","source_kmz":"missouri","orientation":"unverified"}},{"type":"Feature","geometry":{"type":"LineString","coordinates":[[-92.3214623375256,38.2441816480107],[-92.3084361578305,38.2553085028966],[-92.3042511472741,38.2696467880208]]},"properties":{"segment_id":"a0d81a109c9676dd30a72def","source_kmz":"missouri","orientation":"unverified"}},{"type":"Feature","geometry":{"type":"LineString","coordinates":[[-92.45818980021562,38.2310592059223],[-92.4472131075731,38.2360988886228],[-92.4331781486703,38.2541730446774]]},"properties":{"segment_id":"c3c1967dbebf3be63ef1ceed","source_kmz":"missouri","orientation":"unverified"}},{"type":"Feature","geometry":{"type":"LineString","coordinates":[[-92.5971879780096,38.2274906242095],[-92.5852812294156,38.2378730897937],[-92.5716705185642,38.240172140073],[-92.5513926879312,38.2221955080205]]},"properties":{"segment_id":"67fb5e12fa60d9aefa686a38","source_kmz":"missouri","orientation":"unverified"}},{"type":"Feature","geometry":{"type":"LineString","coordinates":[[-92.5957613634861,38.1910269013043],[-92.5875255957977,38.20445730067541],[-92.59716425116362,38.22052653321],[-92.5971879780096,38.2274906242095]]},"properties":{"segment_id":"46f1a07afc2f77038c8c2b31","source_kmz":"missouri","orientation":"unverified"}},{"type":"Feature","geometry":{"type":"LineString","coordinates":[[-92.6268971852584,38.2024655705386],[-92.610929786284,38.1922501811139],[-92.5957613634861,38.1910269013043]]},"properties":{"segment_id":"ef637f7e52da7bcc6f044d51","source_kmz":"missouri","orientation":"unverified"}},{"type":"Feature","geometry":{"type":"LineString","coordinates":[[-92.96422820842112,39.3144469143143],[-92.95576861431711,39.306741741195],[-92.95500600957433,39.2914576878124]]},"properties":{"segment_id":"1406d230cb097aaef0fe1ea0","source_kmz":"missouri","orientation":"unverified"}},{"type":"Feature","geometry":{"type":"LineString","coordinates":[[-92.95500600957433,39.2914576878124],[-92.95796767968181,39.27947844060411],[-92.95219523000722,39.2747845178999]]},"properties":{"segment_id":"0e468d7892c83d4d0a51d7e6","source_kmz":"missouri","orientation":"unverified"}},{"type":"Feature","geometry":{"type":"LineString","coordinates":[[-92.92084236087972,39.2606226485819],[-92.91450911373302,39.2526992559408],[-92.91931042707061,39.2305895781724],[-92.9114866778261,39.2247716279788],[-92.9024412159866,39.2229399767352]]},"properties":{"segment_id":"ea98d65adc612f91b315d2f5","source_kmz":"missouri","orientation":"unverified"}},{"type":"Feature","geometry":{"type":"LineString","coordinates":[[-92.9024412159866,39.2229399767352],[-92.8891210931171,39.2226077869232],[-92.8771734735666,39.23114656678121],[-92.8747886976178,39.2294798164494],[-92.87246606309292,39.2345100184014],[-92.8608505169132,39.2352889406405],[-92.85122007261491,39.2307606168372],[-92.85082690541623,39.2236534592861]]},"properties":{"segment_id":"34fceef4551b2c909535098f","source_kmz":"missouri","orientation":"unverified"}},{"type":"Feature","geometry":{"type":"LineString","coordinates":[[-92.8543449629398,39.2072715926231],[-92.8584780523605,39.2009483846711],[-92.89866787401473,39.1716937197815],[-92.90424174449223,39.1643338636826],[-92.9049720406262,39.147212191982]]},"properties":{"segment_id":"f3a7a16900a099817d31c411","source_kmz":"missouri","orientation":"unverified"}},{"type":"Feature","geometry":{"type":"LineString","coordinates":[[-92.9049720406262,39.147212191982],[-92.90731242824532,39.14164642878441],[-92.91743448147011,39.1343991639081],[-92.9330200534843,39.1304997222927]]},"properties":{"segment_id":"e8cf76c5634be41801015e6b","source_kmz":"missouri","orientation":"unverified"}},{"type":"Feature","geometry":{"type":"LineString","coordinates":[[-92.9330200534843,39.1304997222927],[-92.9383616527808,39.1284889418052],[-92.94250547488862,39.1216279966374]]},"properties":{"segment_id":"72a922895e3a78f5c0a89656","source_kmz":"missouri","orientation":"unverified"}},{"type":"Feature","geometry":{"type":"LineString","coordinates":[[-92.94250547488862,39.1216279966374],[-92.94537338559591,39.1200916783806],[-92.9455410525576,39.1077768074996],[-92.9360012450643,39.10138247468141]]},"properties":{"segment_id":"e61ef0ae9e102a8f2c1f3d1d","source_kmz":"missouri","orientation":"unverified"}},{"type":"Feature","geometry":{"type":"LineString","coordinates":[[-92.91102135101241,39.0956757279425],[-92.90811437574932,39.0816775023811],[-92.920722071514,39.07342088762011]]},"properties":{"segment_id":"3907ad59f6d3ab44c8de92ff","source_kmz":"missouri","orientation":"unverified"}},{"type":"Feature","geometry":{"type":"LineString","coordinates":[[-92.9275834730939,39.06850251348961],[-92.9326725284183,39.0640756368518],[-92.9315676292545,39.048783599693]]},"properties":{"segment_id":"4a0932b675a411718b4375d7","source_kmz":"missouri","orientation":"unverified"}},{"type":"Feature","geometry":{"type":"LineString","coordinates":[[-92.8995494065668,39.011566929474],[-92.879891365736,39.0049147913641],[-92.8630522748903,38.9897609546208]]},"properties":{"segment_id":"de2078e4f3af2ddc8bfd346b","source_kmz":"missouri","orientation":"unverified"}},{"type":"Feature","geometry":{"type":"LineString","coordinates":[[-92.8630522748903,38.9897609546208],[-92.8511243369756,38.982495840728],[-92.8407014665499,38.9808918249414]]},"properties":{"segment_id":"3392ece717fa412c78db7743","source_kmz":"missouri","orientation":"unverified"}},{"type":"Feature","geometry":{"type":"LineString","coordinates":[[-92.7070472698325,38.9819691037456],[-92.6929552198706,38.9765056435759],[-92.661529220121,38.9753960549189]]},"properties":{"segment_id":"c5c0b1d12465825b701002f2","source_kmz":"missouri","orientation":"unverified"}},{"type":"Feature","geometry":{"type":"LineString","coordinates":[[-92.48929938347781,38.9133231309074],[-92.4783521037757,38.9012275587845],[-92.47884420909972,38.8766002546822]]},"properties":{"segment_id":"a26b892388915452ce96db82","source_kmz":"missouri","orientation":"unverified"}},{"type":"Feature","geometry":{"type":"LineString","coordinates":[[-92.4781724521038,38.87604547881931],[-92.46228519978462,38.86514696878681],[-92.4500591119015,38.8508693596823]]},"properties":{"segment_id":"af7868d4b14e87f1b035f497","source_kmz":"missouri","orientation":"unverified"}},{"type":"Feature","geometry":{"type":"LineString","coordinates":[[-92.4462793028282,38.842457836953],[-92.4411059564944,38.8340061303122],[-92.42422712326261,38.8222703250692],[-92.41358023042221,38.8187481659123],[-92.3909130405265,38.8183571527837]]},"properties":{"segment_id":"e8f0d9516d8d513eba8f5898","source_kmz":"missouri","orientation":"unverified"}},{"type":"Feature","geometry":{"type":"LineString","coordinates":[[-92.3865546391859,38.8147479721079],[-92.3826645938753,38.808741685409],[-92.382053802497,38.7929208137971]]},"properties":{"segment_id":"9800b05e1f9aa9250e20bdd1","source_kmz":"missouri","orientation":"unverified"}},{"type":"Feature","geometry":{"type":"LineString","coordinates":[[-92.4060067614508,38.7529065111038],[-92.3917084131558,38.7388300243269],[-92.3742855686266,38.7316241568689],[-92.3645253692597,38.7316053768958]]},"properties":{"segment_id":"aa731416dcdd4446f4bf1866","source_kmz":"missouri","orientation":"unverified"}},{"type":"Feature","geometry":{"type":"LineString","coordinates":[[-91.7401548613196,38.700410982856],[-91.72940629490762,38.7053983675174],[-91.7129460905086,38.7067038298766]]},"properties":{"segment_id":"7d98ed08cdaf7ef92b7ad753","source_kmz":"missouri","orientation":"unverified"}},{"type":"Feature","geometry":{"type":"LineString","coordinates":[[-91.60243438905272,38.6894230849439],[-91.59124821402601,38.6842014438932],[-91.55111003285832,38.6765995346902]]},"properties":{"segment_id":"484add99841c03b626c0b101","source_kmz":"missouri","orientation":"unverified"}},{"type":"Feature","geometry":{"type":"LineString","coordinates":[[-92.3604281731428,38.729877733789],[-92.34351969154602,38.7125042250728],[-92.34392154327492,38.7044806173863],[-92.3605549286163,38.6923827310934],[-92.3620650478949,38.6830525378252]]},"properties":{"segment_id":"23c4a2cb5462fc8dcda331c3","source_kmz":"missouri","orientation":"unverified"}},{"type":"Feature","geometry":{"type":"LineString","coordinates":[[-91.8811305160018,38.65428929929401],[-91.8619168895264,38.6675779557969],[-91.826427034643,38.6789754578009]]},"properties":{"segment_id":"3f00ce01b2f8ebe0bc6c14a5","source_kmz":"missouri","orientation":"unverified"}},{"type":"Feature","geometry":{"type":"LineString","coordinates":[[-92.2651670490272,38.6498932670607],[-92.24809808783891,38.6432150728061],[-92.2208836837496,38.6442601719506]]},"properties":{"segment_id":"968fb8ee030030b8a8d3b5fd","source_kmz":"missouri","orientation":"unverified"}},{"type":"Feature","geometry":{"type":"LineString","coordinates":[[-91.9088978027495,38.6249398136395],[-91.8979767140396,38.6334180568293],[-91.8851205004981,38.651475404968]]},"properties":{"segment_id":"f6eb05ad9b8a53e126177af9","source_kmz":"missouri","orientation":"unverified"}},{"type":"Feature","geometry":{"type":"LineString","coordinates":[[-92.2105499336287,38.6353718303966],[-92.20305490663101,38.6254984398272],[-92.202678996432,38.6059327929541]]},"properties":{"segment_id":"6ee4fe8a40bb14f21dc02418","source_kmz":"missouri","orientation":"unverified"}},{"type":"Feature","geometry":{"type":"LineString","coordinates":[[-91.9982762961513,38.5758995402834],[-91.979569551368,38.5870783985441],[-91.9513074096179,38.5947267278851]]},"properties":{"segment_id":"3dab5f4e7f161bfe32f6267c","source_kmz":"missouri","orientation":"unverified"}},{"type":"Feature","geometry":{"type":"LineString","coordinates":[[-92.02927659517313,38.5624355943365],[-92.0119990778915,38.5667000675768],[-91.9982762961513,38.5758995402834]]},"properties":{"segment_id":"aad82653731e8b822c5dc777","source_kmz":"missouri","orientation":"unverified"}},{"type":"Feature","geometry":{"type":"LineString","coordinates":[[-92.1267585674297,38.5674105399551],[-92.0986379797827,38.5598273921826],[-92.0538728329268,38.557867404421]]},"properties":{"segment_id":"e50db4f24ae9a14306abb6cc","source_kmz":"missouri","orientation":"unverified"}},{"type":"Feature","geometry":{"type":"LineString","coordinates":[[-90.3409282988682,38.8796263168597],[-90.32185048159641,38.8910868966928],[-90.2971494517502,38.8894153055226]]},"properties":{"segment_id":"a2676f3b9caaec2c483cee12","source_kmz":"missouri","orientation":"unverified"}},{"type":"Feature","geometry":{"type":"LineString","coordinates":[[-90.1974893182255,38.8233768543406],[-90.1877129389261,38.818895502743],[-90.1762463465576,38.8180879486358],[-90.1555251446171,38.82810510130871],[-90.1328520949011,38.827568060879],[-90.1191898000828,38.8149858023532]]},"properties":{"segment_id":"6b9ffa7703cb2f1005f03031","source_kmz":"missouri","orientation":"unverified"}},{"type":"Feature","geometry":{"type":"LineString","coordinates":[[-90.3733074229535,38.8226510188249],[-90.350124746648,38.8422401828691],[-90.3451986063626,38.8516678018549],[-90.3431689116523,38.8732935873193]]},"properties":{"segment_id":"74d408b54a5b7408d79b16ac","source_kmz":"missouri","orientation":"unverified"}},{"type":"Feature","geometry":{"type":"LineString","coordinates":[[-90.45772655843693,38.8106435821135],[-90.45287750587521,38.8192738476806],[-90.43672099898971,38.8295409058695],[-90.40880171968811,38.8290865754563],[-90.39514034378071,38.8249828100031]]},"properties":{"segment_id":"f1070b94a6522aee8d9eddeb","source_kmz":"missouri","orientation":"unverified"}},{"type":"Feature","geometry":{"type":"LineString","coordinates":[[-90.49505592108191,38.751183219353],[-90.4871851017933,38.7583392653887],[-90.4820800813622,38.7704442669004]]},"properties":{"segment_id":"38c047025f9f2f5e93e4dc63","source_kmz":"missouri","orientation":"unverified"}},{"type":"Feature","geometry":{"type":"LineString","coordinates":[[-90.5473545387837,38.6819208708762],[-90.53498518281721,38.6934382439659],[-90.5308497449496,38.71604327063]]},"properties":{"segment_id":"2fe9b7e6bc61910fc559095d","source_kmz":"missouri","orientation":"unverified"}},{"type":"Feature","geometry":{"type":"LineString","coordinates":[[-90.6226115028917,38.6921913960806],[-90.596289635644,38.6803190077396],[-90.57641993164292,38.6802520513639]]},"properties":{"segment_id":"450f6173e6c753172154818e","source_kmz":"missouri","orientation":"unverified"}},{"type":"Feature","geometry":{"type":"LineString","coordinates":[[-91.3872963133657,38.7073010980146],[-91.37110920686932,38.6986566143627],[-91.34375376320972,38.6957527492337]]},"properties":{"segment_id":"d9dd45fe3d59fb344dc21a82","source_kmz":"missouri","orientation":"unverified"}},{"type":"Feature","geometry":{"type":"LineString","coordinates":[[-91.34375376320972,38.6957527492337],[-91.3273684507998,38.7066569804595],[-91.3140999786213,38.70695837429711]]},"properties":{"segment_id":"ff0a0bb91684f18a858bb962","source_kmz":"missouri","orientation":"unverified"}},{"type":"Feature","geometry":{"type":"LineString","coordinates":[[-91.478415747246,38.699683121579],[-91.45255950020211,38.7062369062397],[-91.4252609471281,38.7079087481036]]},"properties":{"segment_id":"c9ff307cc6f2e3f0ac2472b8","source_kmz":"missouri","orientation":"unverified"}},{"type":"Feature","geometry":{"type":"LineString","coordinates":[[-90.73195889618032,38.6604477092578],[-90.70237832174182,38.6790187498681],[-90.6730077538565,38.680167731015]]},"properties":{"segment_id":"b9ac0f152450b37a77c050ae","source_kmz":"missouri","orientation":"unverified"}},{"type":"Feature","geometry":{"type":"LineString","coordinates":[[-91.54432963443143,38.6763551061393],[-91.5030593070623,38.6957594759097],[-91.4940331334759,38.6951626227636]]},"properties":{"segment_id":"e0e6f254335aa49be2943f47","source_kmz":"missouri","orientation":"unverified"}},{"type":"Feature","geometry":{"type":"LineString","coordinates":[[-90.7543961329633,38.6246791233106],[-90.7442290380491,38.6304118378073],[-90.74282267750343,38.640270170397],[-90.73195889618032,38.6604477092578]]},"properties":{"segment_id":"63b3932281a4029a63c4e73b","source_kmz":"missouri","orientation":"unverified"}},{"type":"Feature","geometry":{"type":"LineString","coordinates":[[-91.24240666924001,38.6567846066453],[-91.2332855736981,38.647053207056],[-91.23037222191802,38.6276455347886]]},"properties":{"segment_id":"26c9ff29e6af81cf8d1626b0","source_kmz":"missouri","orientation":"unverified"}},{"type":"Feature","geometry":{"type":"LineString","coordinates":[[-91.23037222191802,38.6276455347886],[-91.21529847125882,38.618486349129],[-91.13225179968201,38.5999619744864]]},"properties":{"segment_id":"665c71e129cca17ccbf248cb","source_kmz":"missouri","orientation":"unverified"}},{"type":"Feature","geometry":{"type":"LineString","coordinates":[[-90.8250474040235,38.576465435642],[-90.8019778763942,38.5875573625554],[-90.7787034244587,38.5916671814792]]},"properties":{"segment_id":"d592cecdff12d9be608660f3","source_kmz":"missouri","orientation":"unverified"}},{"type":"Feature","geometry":{"type":"LineString","coordinates":[[-91.0499398678957,38.6071388937144],[-91.03288006240982,38.5917123004944],[-91.02733939201511,38.5810363844108]]},"properties":{"segment_id":"5b3912e1a1bfcc147b2c671e","source_kmz":"missouri","orientation":"unverified"}},{"type":"Feature","geometry":{"type":"LineString","coordinates":[[-90.87426981500701,38.5546658221626],[-90.8602392388871,38.5562259489889],[-90.8437113192944,38.563577048861]]},"properties":{"segment_id":"528b230a916dbec2cdcc7ef4","source_kmz":"missouri","orientation":"unverified"}},{"type":"Feature","geometry":{"type":"LineString","coordinates":[[-91.0142550183464,38.5687152676205],[-90.9990562365478,38.5568428762078],[-90.9719158020428,38.5517185328231]]},"properties":{"segment_id":"4b11180cefc2b59c303c2327","source_kmz":"missouri","orientation":"unverified"}},{"type":"Feature","geometry":{"type":"LineString","coordinates":[[-90.9628041894758,38.5475941729604],[-90.9381584733878,38.536667433544],[-90.9062594353219,38.5350850996876],[-90.8962099423589,38.5394939746315]]},"properties":{"segment_id":"cc9e8bea334045f016a04e7b","source_kmz":"missouri","orientation":"unverified"}}]}