{"type":"FeatureCollection","features":[{"type":"Feature","geometry":{"type":"LineString","coordinates":[[-120.482020814677,34.7350295078615],[-120.482491293129,34.7343741335869],[-120.482407142599,34.7341147792111],[-120.482642378395,34.7337870912687],[-120.482305780196,34.7327496727464],[-120.48277624233,34.7320942957168],[-120.482692093327,34.7318349409089],[-120.483162546604,34.7311795616804],[-120.482910100392,34.730401496924],[-120.484086192128,34.7287630397158],[-120.484002042356,34.7285036849185]]},"properties":{"segment_id":"1550d0f65e97e71735fabfa9","source_kmz":"santaynez","orientation":"unverified"}},{"type":"Feature","geometry":{"type":"LineString","coordinates":[[-120.483279169196,34.7283810037574],[-120.483682679664,34.72857202245201],[-120.484002042356,34.7285036849185]]},"properties":{"segment_id":"3c7b35101c955521cd356e71","source_kmz":"santaynez","orientation":"unverified"}},{"type":"Feature","geometry":{"type":"LineString","coordinates":[[-120.515846121582,34.7361087087834],[-120.516316319316,34.7354531993313],[-120.516232053934,34.735193869595],[-120.516702242815,34.7345383579468],[-120.516617977135,34.7342790282329],[-120.516853068148,34.7339512716046],[-120.516347483366,34.7323952909922],[-120.51594387208,34.7322043857298],[-120.515522574826,34.7309077298386],[-120.51511897336,34.7307168214252],[-120.514866206496,34.7299388252608],[-120.514462611721,34.7297479143842],[-120.514378358797,34.72948858171921],[-120.513167591146,34.7289158394703],[-120.512848252588,34.7289842565658],[-120.512764005922,34.7287249225249],[-120.512360422696,34.7285340041484],[-120.512276178161,34.7282746696304],[-120.511469020826,34.7278928278959],[-120.511384779987,34.7276334925568],[-120.510981205879,34.7274425691989],[-120.51089696717,34.7271832333827],[-120.510493396624,34.7269923082496],[-120.510409160045,34.7267329719563],[-120.51064425444,34.7264052251348],[-120.510475782116,34.7258865523036],[-120.510710873649,34.7255588050489],[-120.510307312058,34.7253678789395],[-120.509633454465,34.7232931801535],[-120.508422819214,34.7227203849835],[-120.508085922774,34.7216830282649],[-120.508405235345,34.72161462362631],[-120.508321011652,34.7213552843241],[-120.505092797939,34.7198277625096],[-120.504840167795,34.7190497355485],[-120.504436654757,34.7188587878502],[-120.504099828744,34.7178214153266],[-120.504334922785,34.7174936780267],[-120.504082307919,34.7167156474658],[-120.504317398668,34.7163879098092],[-120.503391182971,34.7135351216665],[-120.502987702344,34.7133441678321],[-120.502819309973,34.71282547665691],[-120.502415834471,34.7126345207036],[-120.502163254848,34.7118564819082],[-120.501759786033,34.7116655234921],[-120.501170464327,34.7098500925582],[-120.500767008454,34.7096591303033],[-120.500346089167,34.7083623881984],[-120.500581170339,34.7080346550849],[-120.500496987746,34.7077753063405]]},"properties":{"segment_id":"6909ebf553fbaa4dac101a36","source_kmz":"santaynez","orientation":"unverified"}},{"type":"Feature","geometry":{"type":"LineString","coordinates":[[-120.58540066517,34.6895540271064],[-120.585635327993,34.6892261165116],[-120.586911762784,34.6889516366231]]},"properties":{"segment_id":"0177b8ff3b5704fdec844816","source_kmz":"santaynez","orientation":"unverified"}},{"type":"Feature","geometry":{"type":"LineString","coordinates":[[-120.484002042356,34.7285036849185],[-120.484707672129,34.727520603763],[-120.485985098472,34.7272472368704],[-120.486220298145,34.72691953931051],[-120.486136143211,34.7266601855321],[-120.486841728946,34.7256770895532],[-120.486420956266,34.724380319826],[-120.486656145352,34.7240526203762],[-120.486319535656,34.7230152025075],[-120.487495442467,34.7213766979752],[-120.487814772012,34.7213083495055],[-120.4873940068,34.7200115771589],[-120.487864348088,34.719356170666],[-120.48761189315,34.718578106123],[-120.488082223853,34.71792269773861],[-120.487913921657,34.717403987686],[-120.488149083148,34.7170762827651],[-120.487980782348,34.7165575723339],[-120.488619400139,34.7164208711569],[-120.489560010161,34.7151100408749],[-120.489963466797,34.7153010406499],[-120.490282769022,34.7152326849958],[-120.490517913841,34.7149049745442],[-120.490433757566,34.7146456204898],[-120.490753056663,34.7145772635037],[-120.49263412737,34.7119555539828],[-120.492953413392,34.7118871907927],[-120.493893894577,34.7105763192365],[-120.494213173778,34.7105079525063],[-120.49444828752,34.7101802324793],[-120.4950868411,34.7100434950579],[-120.495321949718,34.7097157731101],[-120.497876128904,34.7091687830421],[-120.498111223017,34.7088410551784],[-120.499069026189,34.7086359174451],[-120.49977428248,34.7076527243284],[-120.500093544382,34.7075843413337],[-120.500496987746,34.7077753063405]]},"properties":{"segment_id":"4c397050a1959ec67993ac45","source_kmz":"santaynez","orientation":"unverified"}},{"type":"Feature","geometry":{"type":"LineString","coordinates":[[-120.553201930141,34.683988366636],[-120.554797508005,34.6836457051124],[-120.555200961516,34.6838364864],[-120.555839189558,34.6836994134861],[-120.556073960102,34.6833715601277],[-120.557988621253,34.6829603163742],[-120.558392079067,34.6831510867953],[-120.559349403286,34.6829454498344],[-120.560757893485,34.6809782769601],[-120.561076991047,34.6809097255644],[-120.560908279271,34.6803910998107],[-120.561143018238,34.6800632350934],[-120.560974307868,34.6795446089559],[-120.561678510231,34.6785610117318],[-120.561594154606,34.67830169869121],[-120.564784986717,34.6776161205016]]},"properties":{"segment_id":"c6572e67eeb55f3cfce997ab","source_kmz":"santaynez","orientation":"unverified"}},{"type":"Feature","geometry":{"type":"LineString","coordinates":[[-120.453626732823,34.7011633360951],[-120.45458455884,34.7009585608794],[-120.455290311414,34.6999756278545]]},"properties":{"segment_id":"db455bdddf6b5087600e07b7","source_kmz":"santaynez","orientation":"unverified"}},{"type":"Feature","geometry":{"type":"LineString","coordinates":[[-120.459391184896,34.7115794790262],[-120.459307136829,34.7113201016627],[-120.459626449717,34.7112518293818],[-120.460802743863,34.7096135723193],[-120.460718693193,34.7093541954176],[-120.461189196005,34.7086988886207],[-120.461105145033,34.7084395117395],[-120.461810882973,34.70745654735431],[-120.461726831264,34.7071971705704],[-120.461323486859,34.7070060717565],[-120.460651106028,34.704931049937],[-120.459844448219,34.704548842522],[-120.459676364911,34.7040300843595],[-120.459273042128,34.7038389778196],[-120.459189002885,34.7035795981947],[-120.458785683661,34.7033884898811],[-120.458701646545,34.7031291097793],[-120.458298330882,34.702937999692],[-120.458214295893,34.7026786191133],[-120.457810983789,34.7024875072523],[-120.457558886901,34.7017093636852],[-120.455945677208,34.7009448978174],[-120.455861652293,34.7006855149875],[-120.455458356425,34.7004943946017],[-120.455290311414,34.6999756278545]]},"properties":{"segment_id":"b158e6fd9b56dea0678797d1","source_kmz":"santaynez","orientation":"unverified"}},{"type":"Feature","geometry":{"type":"LineString","coordinates":[[-120.529312553331,34.7018764804011],[-120.529059737862,34.7010984906292],[-120.528656258758,34.7009076227503],[-120.528319185645,34.6998702998045],[-120.528554122209,34.6995425074745],[-120.528469854914,34.6992831764806],[-120.528704789052,34.698955383639],[-120.528301322024,34.6987645140915],[-120.528217056428,34.6985051826963],[-120.528451989271,34.6981773900854],[-120.528048526934,34.6979865195046],[-120.527627213105,34.6966898591841],[-120.52722376058,34.6964989854499],[-120.527139501076,34.69623965264],[-120.5273744316,34.6959118613862],[-120.526970983765,34.6957209866187],[-120.526802468719,34.6952023200621],[-120.527037397518,34.6948745291156],[-120.526784627899,34.6940965285074],[-120.526381191007,34.6939056513287],[-120.526296937163,34.6936463171806],[-120.525893503829,34.6934554382263],[-120.525809252114,34.69319610359981],[-120.525002394556,34.6928143407089],[-120.524581160101,34.691517662124],[-120.524816087119,34.6911898743251],[-120.524479108015,34.6901525293542],[-120.524714031313,34.6898247412732],[-120.524461301633,34.689046731369],[-120.524057896867,34.6888558451277],[-120.524762654308,34.6878724802678],[-120.524088735541,34.6857977803795],[-120.524323647249,34.6854699915277],[-120.524239409518,34.6852106535154],[-120.526353521264,34.6822605280343],[-120.525763845818,34.6804451630148]]},"properties":{"segment_id":"e4089fce6d5ecb55636b0306","source_kmz":"santaynez","orientation":"unverified"}},{"type":"Feature","geometry":{"type":"LineString","coordinates":[[-120.500496987746,34.7077753063405],[-120.500816249514,34.7077069213826],[-120.500647884029,34.7071882239144],[-120.501353106987,34.7062050197368],[-120.501672361503,34.7061366323261],[-120.501588177314,34.7058772838332],[-120.502058311982,34.7052218102596],[-120.501974127494,34.7049624617871],[-120.502444253313,34.704306986012],[-120.502360068526,34.7040476375599],[-120.50259512801,34.703719898866],[-120.502510943357,34.7034605503572],[-120.502746000413,34.7031328111514],[-120.502661815892,34.702873462586],[-120.503602022431,34.7015625001812],[-120.504240488519,34.7014257115198],[-120.504072113727,34.7009070154453],[-120.505247307045,34.6992682932996],[-120.505163118336,34.6990089454461],[-120.505398150581,34.698681199327],[-120.504387925006,34.6955690155797],[-120.504622950071,34.6952412697929],[-120.504454586195,34.6947225707833],[-120.5046896084,34.6943948245608],[-120.504352885707,34.6933574252436],[-120.504822920675,34.6927019316449],[-120.50401617206,34.6923200237861],[-120.504251188814,34.691992277588],[-120.50384781863,34.6918013222548],[-120.50408283452,34.69147357621],[-120.503746132716,34.6904361718484],[-120.503981144882,34.6901084255209],[-120.503728623171,34.6893303710746],[-120.503963632046,34.6890026243876],[-120.503626942618,34.6879652168919],[-120.50386194777,34.6876374699219],[-120.503777776394,34.6873781177899],[-120.504482778585,34.6863948735742],[-120.504398606479,34.6861355215379],[-120.50510358942,34.6851522722485],[-120.510529303219,34.6839893665057],[-120.511704102066,34.6823505493201],[-120.512107442311,34.6825414795242],[-120.512745736074,34.6824046416085],[-120.512980685604,34.6820768743303],[-120.514576402302,34.6817347608818],[-120.515046279752,34.6810792179016],[-120.51536541827,34.6810107912525],[-120.515768760569,34.6812017091078],[-120.516473553705,34.6802183859955],[-120.519026607436,34.6796709165998]]},"properties":{"segment_id":"5ab4a1ec352add2a7cfc14d3","source_kmz":"santaynez","orientation":"unverified"}},{"type":"Feature","geometry":{"type":"LineString","coordinates":[[-120.430135369304,34.6992495911441],[-120.431412520913,34.6989768116809],[-120.431647866055,34.69864921383531],[-120.431967150985,34.6985810161114],[-120.432202492567,34.6982534170091],[-120.43252177537,34.698185217742],[-120.432437832153,34.6979258173167]]},"properties":{"segment_id":"fad6c8fb73139b4f89191844","source_kmz":"santaynez","orientation":"unverified"}},{"type":"Feature","geometry":{"type":"LineString","coordinates":[[-120.411948285917,34.7095105271566],[-120.412183745765,34.709182972223],[-120.41282243657,34.7090466837166],[-120.413057891295,34.708719126859],[-120.413377234289,34.7086509806238],[-120.413293344021,34.70839156941121],[-120.414470577683,34.7067537733197],[-120.415747908769,34.706481167113],[-120.415983343257,34.7061536034567],[-120.416622002291,34.7060172937594],[-120.417328284389,34.7050345952481],[-120.417647608373,34.7049664370839],[-120.41788303018,34.7046388690662],[-120.41852167333,34.704502548774],[-120.418757090015,34.7041749788325],[-120.419076409181,34.70410681670451],[-120.419311822305,34.7037792455061],[-120.419631139345,34.7037110818346],[-120.420101956475,34.7030559363335],[-120.42201782812,34.702646927893],[-120.422253224312,34.7023193502564],[-120.423211147834,34.7021148322011],[-120.42368192485,34.7014596711568],[-120.424639833921,34.7012551412111],[-120.425110593572,34.7005999738056],[-120.425429892342,34.7005317940703],[-120.425665267609,34.7002042088155],[-120.426623155849,34.6999996623498],[-120.427093891015,34.6993444860695],[-120.427497110646,34.6995357044777],[-120.428454985738,34.6993311428629],[-120.428925701283,34.6986759587351],[-120.429244988728,34.6986077684436],[-120.429480341942,34.6982801748278],[-120.431715327324,34.6978028135762],[-120.432118550348,34.697994016374],[-120.432437832153,34.6979258173167]]},"properties":{"segment_id":"84ee909c2aa180edd54479bf","source_kmz":"santaynez","orientation":"unverified"}},{"type":"Feature","geometry":{"type":"LineString","coordinates":[[-120.543736196842,34.6632719507878],[-120.543820476104,34.6635312809692],[-120.544223797444,34.6637221043205],[-120.545572367597,34.6678713634214],[-120.552026180011,34.6709242540729],[-120.552110495456,34.67118357610481],[-120.552513877234,34.6713743692588],[-120.553778700292,34.675264178443],[-120.553309187013,34.6759198811583],[-120.553562164332,34.6766978398274]]},"properties":{"segment_id":"d459df52ee193dd6c88a5a94","source_kmz":"santaynez","orientation":"unverified"}},{"type":"Feature","geometry":{"type":"LineString","coordinates":[[-120.479180783191,34.6862664741852],[-120.480591375632,34.6843002746749],[-120.480507286049,34.6840409048596],[-120.481212554035,34.683057797373],[-120.481128463719,34.682798427653],[-120.481598631535,34.6821430198661],[-120.481917804066,34.6820746845793],[-120.482321069208,34.6822657175632],[-120.483916925551,34.681924022554],[-120.484857195227,34.6806131809506],[-120.484604897236,34.6798350771761],[-120.48483995837,34.6795073655299],[-120.484671761669,34.6789886291633],[-120.484906819943,34.6786609170799],[-120.484822722007,34.678401548772],[-120.485762933424,34.6770906948458],[-120.486401228791,34.6769539999114],[-120.486636273535,34.6766262836235],[-120.488870278591,34.6761478190936],[-120.490750477247,34.6735260302674],[-120.49106960607,34.67345766936],[-120.491774642971,34.67247448682151],[-120.49273201199,34.6722693928497],[-120.492967015615,34.67194166215981],[-120.49328613593,34.6718732950845]]},"properties":{"segment_id":"fdf729dd72a45cebf1559e26","source_kmz":"santaynez","orientation":"unverified"}},{"type":"Feature","geometry":{"type":"LineString","coordinates":[[-120.523444631246,34.66069176266131],[-120.524034101399,34.6625071785941],[-120.525243908698,34.6630798497573],[-120.525882018372,34.6629429372309],[-120.52628529232,34.6631338225843],[-120.527242453883,34.6629284439674],[-120.532485213381,34.6654097809788],[-120.536951978454,34.6644510455167],[-120.537421560865,34.6637954002614],[-120.53822817668,34.6641770895702],[-120.540461501793,34.6636976329463],[-120.541635356957,34.6620584787975],[-120.541954393328,34.6619899781646],[-120.542761012686,34.6623716369556],[-120.542929563264,34.6628902991016],[-120.543736196842,34.6632719507878]]},"properties":{"segment_id":"ec0a730e15955210e3b430a9","source_kmz":"santaynez","orientation":"unverified"}},{"type":"Feature","geometry":{"type":"LineString","coordinates":[[-120.521007386174,34.65844053172191],[-120.521964503618,34.6582351952585],[-120.52236774331,34.6584260951101],[-120.522451945551,34.6586854420666],[-120.522855188798,34.6588763401426],[-120.523444631246,34.66069176266131]]},"properties":{"segment_id":"7d6839ffa89cfb313ac7f32a","source_kmz":"santaynez","orientation":"unverified"}},{"type":"Feature","geometry":{"type":"LineString","coordinates":[[-120.455290311414,34.6999756278545],[-120.455206289756,34.6997162442808],[-120.455441536186,34.6993885988365],[-120.455189473297,34.6986104475447],[-120.45542471643,34.6982828017406],[-120.45517265732,34.6975046494776],[-120.456819294241,34.6952111139445],[-120.457138542709,34.6951428472605],[-120.457608989308,34.6944875447532],[-120.457524965832,34.6942281612979],[-120.457760185704,34.693900509236],[-120.457676162359,34.6936411257237],[-120.4579113798,34.6933134731487],[-120.457743333937,34.6927947058764],[-120.457978548515,34.69246705286451],[-120.457894525996,34.6922076691046],[-120.458129738145,34.6918800155794],[-120.458045715757,34.6916206317623],[-120.458751338924,34.6906376678769],[-120.4586673158,34.6903782841557],[-120.458902519097,34.690050628424],[-120.458818496104,34.6897912446456],[-120.462111126615,34.6852040035322],[-120.462430329034,34.6851357216609],[-120.462665500397,34.6848080564907],[-120.46298470069,34.6847397730768],[-120.463219868495,34.6844121066504],[-120.463539066661,34.684343821694],[-120.463774230907,34.6840161540115],[-120.464412622421,34.6838795801373],[-120.464647781548,34.6835519105322],[-120.464966974896,34.6834836216145],[-120.465202130464,34.6831559507533],[-120.465521321685,34.6830876602931],[-120.465756473696,34.6827599881757],[-120.46607566279,34.6826916961729],[-120.466781102163,34.6817086742827],[-120.467100286006,34.681640379405],[-120.467335426911,34.6813127035955],[-120.467973789779,34.681176109879],[-120.468208925563,34.6808484321472],[-120.468528104588,34.6807801333083],[-120.468763236815,34.6804524543204],[-120.469082413713,34.6803841539391],[-120.469317542383,34.6800564736951],[-120.469636717155,34.6799881717714],[-120.47128255104,34.677694388881],[-120.471601714312,34.6776260814181],[-120.471836823896,34.677298395122],[-120.472155985041,34.6772300861167],[-120.472391091068,34.6769023985646],[-120.473348566429,34.6766974642932],[-120.474759132577,34.6747313146008],[-120.474675072997,34.6744719378832],[-120.475145244889,34.6738165500848],[-120.475061185008,34.6735571733855],[-120.475766426585,34.6725740874911],[-120.475682365972,34.6723147108861],[-120.476622658417,34.6710039217375],[-120.476454535421,34.6704851687337],[-120.477159731215,34.6695020711329],[-120.476353361732,34.6691199628114],[-120.475933073248,34.6678230756551]]},"properties":{"segment_id":"5173fff3bebace0743f3f62d","source_kmz":"santaynez","orientation":"unverified"}},{"type":"Feature","geometry":{"type":"LineString","coordinates":[[-120.398055169034,34.6791974838685],[-120.397971362229,34.6789380533608]]},"properties":{"segment_id":"28e34c8b6f36c758726d3ff7","source_kmz":"santaynez","orientation":"unverified"}},{"type":"Feature","geometry":{"type":"LineString","coordinates":[[-120.370776274617,34.6919458218723],[-120.371718586313,34.6906359051876],[-120.37267649861,34.6904317983929],[-120.372425299105,34.6896534614663],[-120.374309778635,34.6870335855281],[-120.375906210424,34.6866933664485],[-120.376377294711,34.6860383848781],[-120.376209812472,34.6855194965431],[-120.376529092021,34.6854514491811],[-120.376764628734,34.6851239569938],[-120.377083906159,34.6850559080879],[-120.377319439312,34.684728414642],[-120.377638714613,34.684660364192],[-120.377874244207,34.6843328694875],[-120.378193517383,34.68426481749361],[-120.378900089496,34.6832823278306],[-120.379857891595,34.68307816058341],[-120.380260909281,34.6832695451839],[-120.381857237037,34.6829292434753],[-120.382260258901,34.6831206212168],[-120.382898786936,34.6829844922247],[-120.383134289112,34.6826569863287],[-120.38409207226,34.6824527842641],[-120.384327567754,34.6821252757752],[-120.384646826116,34.6820572059999],[-120.385049850342,34.6822485743099],[-120.385688366249,34.6821124299572],[-120.385923853936,34.6817849181323],[-120.386243109484,34.6817168439738],[-120.386326879905,34.6819762820981],[-120.386729907872,34.682167644635],[-120.387049164291,34.6820995683044],[-120.387284646168,34.6817720537348],[-120.387603900463,34.6817039758604],[-120.387839378781,34.6813764600324],[-120.388158630952,34.6813083806143],[-120.388394105711,34.6809808635279],[-120.388226553701,34.6804619895442],[-120.388462025592,34.6801344720185],[-120.389739008165,34.6798621419183],[-120.390545060939,34.6802448429273],[-120.390864306046,34.6801767560388],[-120.391267335864,34.6803681033138],[-120.391905825262,34.6802319247349],[-120.392141280848,34.6799043997188],[-120.392460523141,34.6798363084474],[-120.392863555137,34.6800276502923],[-120.394140520422,34.6797552720967],[-120.394375965077,34.6794277424109],[-120.396929856131,34.6788829386085],[-120.397332894225,34.6790742652489],[-120.397971362229,34.6789380533608]]},"properties":{"segment_id":"671366be0ba168ec5322c63d","source_kmz":"santaynez","orientation":"unverified"}},{"type":"Feature","geometry":{"type":"LineString","coordinates":[[-120.491027439959,34.655436605344],[-120.491833739188,34.6558186181904],[-120.492152793905,34.6557502530005],[-120.492741490977,34.6575658364524],[-120.493950988859,34.6581388345036],[-120.494960304436,34.6612512355678],[-120.496573071146,34.662015196412],[-120.496657190695,34.662274560917],[-120.497060388919,34.6624655472074],[-120.497312755642,34.6632436388834],[-120.496842836196,34.6638991233821],[-120.496926958703,34.6641584871574],[-120.497330167426,34.6643494721233],[-120.497582543022,34.6651275616107],[-120.498388975822,34.6655095251844],[-120.498557235291,34.6660282494608],[-120.499766908816,34.666601182026],[-120.499851044084,34.6668605429297],[-120.500254274142,34.6670515172459],[-120.500506688021,34.6678295981186],[-120.500909924759,34.6680205699711]]},"properties":{"segment_id":"a4281991bdf90c22eb563fbb","source_kmz":"santaynez","orientation":"unverified"}},{"type":"Feature","geometry":{"type":"LineString","coordinates":[[-120.432437832153,34.6979258173167],[-120.432353889499,34.6976664167581],[-120.433530555299,34.6960284098271],[-120.432859016997,34.6939532036165],[-120.433329662388,34.6932979979367],[-120.433161781715,34.6927791953556],[-120.433481041034,34.6927109930641],[-120.433313160621,34.6921921903689],[-120.432909964935,34.692000990483],[-120.432826027137,34.6917415885919],[-120.43201964488,34.6913591838444],[-120.43193571077,34.6910997811331],[-120.432171029685,34.69077217942881],[-120.432087095705,34.6905127766605],[-120.431683911824,34.69032157219861],[-120.431264258192,34.6890245546378],[-120.429651573881,34.688259715627],[-120.429567651095,34.688000310341],[-120.429164486571,34.687809096671],[-120.428912726282,34.6870308789819],[-120.429148045622,34.6867032819083],[-120.429467283367,34.6866350901216],[-120.429383362965,34.6863756842442],[-120.429702599148,34.6863074917908],[-120.429937912933,34.6859798928697],[-120.429770070956,34.68546108128641],[-120.430005381875,34.6851334819273],[-120.428795935942,34.6845598393632],[-120.428712020051,34.6843004324173],[-120.427502596772,34.6837267759569],[-120.426864141294,34.6838631483604],[-120.425251608349,34.6830982443765],[-120.424999902848,34.6823200142689],[-120.423790538159,34.6817463181811],[-120.4231520925,34.6818826706137],[-120.422748975799,34.6816914335532],[-120.422665083336,34.6814320214574],[-120.422900412118,34.6811044349555],[-120.422816519785,34.6808450228023],[-120.421607194413,34.6802713032125],[-120.421523307329,34.6800118898957],[-120.421120204426,34.6798206468303],[-120.421036319467,34.67956123303651],[-120.420633220122,34.6793699881983],[-120.42031400461,34.6794381564111],[-120.419910907696,34.6792469090574],[-120.419575389982,34.678209248961],[-120.420046052119,34.6775540854971],[-120.419642965703,34.6773628368263],[-120.41939133541,34.6765845897768],[-120.419626663307,34.6762570081294],[-120.419223584699,34.6760657577421],[-120.419458911727,34.6757381762466],[-120.419375036782,34.6754787601047],[-120.419610361379,34.6751511780943],[-120.419190992931,34.673854095759],[-120.419426313359,34.6735265135374],[-120.419745505222,34.6734583473076],[-120.420451449843,34.6724755950973],[-120.420367575107,34.6722161787422],[-120.42107350046,34.6712334214415],[-120.421392681394,34.6711652505444],[-120.422098584099,34.6701824859254],[-120.422417759784,34.6701143121517],[-120.422653055133,34.6697867220968],[-120.423291401691,34.669650370587],[-120.423694456892,34.6698416082936],[-120.423929745995,34.6695140155719],[-120.425525596896,34.6691731126981],[-120.425928655138,34.6693643428029],[-120.426566992423,34.6692279733472],[-120.426802267474,34.6689003746252],[-120.429674743308,34.6682866626966],[-120.430380514331,34.6673038449858],[-120.43133798208,34.6670992525698],[-120.431741043889,34.6672904630719],[-120.432211536304,34.666635242826],[-120.433168990916,34.666430635266],[-120.433975118618,34.6668130424966],[-120.435570869372,34.6664720015117],[-120.436276548794,34.6654891462596],[-120.43659569257,34.6654209334342],[-120.437401826698,34.6658033174611],[-120.438040114295,34.66566688483781],[-120.43844318522,34.665858072535],[-120.438762328607,34.665789853823],[-120.439165401961,34.6659810390047],[-120.440122830041,34.6657763743534],[-120.440525906692,34.6659675548476],[-120.440845048692,34.6658993304588],[-120.440928985338,34.6661587339121],[-120.44133206598,34.666349911547],[-120.441499944087,34.6668687173644],[-120.442306117601,34.6672510669704]]},"properties":{"segment_id":"42c662131dff82f8524ab56c","source_kmz":"santaynez","orientation":"unverified"}},{"type":"Feature","geometry":{"type":"LineString","coordinates":[[-120.567305047728,34.6318505804003],[-120.56764234746,34.6328878681747],[-120.566938637212,34.6338715506288],[-120.567107287898,34.63439019415801],[-120.566788387779,34.6344587655087],[-120.566553811296,34.634786657967],[-120.566638136063,34.635045979815],[-120.566403557159,34.6353738717592],[-120.566487882063,34.63563319354751],[-120.56578413212,34.63661686607001],[-120.566037106361,34.6373948313041],[-120.565802517777,34.6377227211925],[-120.565971169243,34.6382413641579],[-120.565501984384,34.6388971424685],[-120.565586310107,34.6391564638998],[-120.565351714262,34.6394843522465],[-120.565773349219,34.6407809577564],[-120.565538749236,34.6411088458915],[-120.565942007163,34.6412995990157],[-120.565707406321,34.6416274873021],[-120.566129058941,34.6429240884673],[-120.565190627071,34.6442356372322],[-120.565527952484,34.6452729169467],[-120.56529333782,34.64560080296741],[-120.564974389823,34.6456693685212],[-120.565649056418,34.6477439237675],[-120.565414434765,34.6480718091399],[-120.565498770207,34.6483311280148],[-120.565902065731,34.6485218797603],[-120.56566744279,34.64884976536],[-120.56575177993,34.6491090838304],[-120.56615508014,34.6492998345398],[-120.567420228615,34.6531895902428],[-120.567823554245,34.6533803343402],[-120.567907903568,34.6536396499637],[-120.567673273597,34.6539675377452],[-120.56847993622,34.6543490224363],[-120.569745284441,34.6582387314033],[-120.569276010169,34.6588945104422],[-120.568957010822,34.6589630858618],[-120.568722369136,34.659290973833],[-120.56880672793,34.6595502871256],[-120.568572083822,34.659878174584],[-120.568656442753,34.6601374878179],[-120.56795249719,34.6611211468882],[-120.567633487473,34.6611897185289],[-120.567398833406,34.661517603043],[-120.567079821561,34.6615861731431],[-120.566610504326,34.6622419390749],[-120.566694859253,34.6625012530523],[-120.565521529156,34.6641406579578],[-120.565202504812,34.6642092227383],[-120.565371210076,34.6647278514721],[-120.564432500452,34.6660393627475],[-120.563475399293,34.6662450451192],[-120.563559748068,34.6665043602212],[-120.563325060564,34.6668322346493],[-120.563493758951,34.6673508646023],[-120.563897148828,34.6675416192843],[-120.563981500434,34.6678009337139],[-120.56374681078,34.6681288085232],[-120.563427768388,34.6681973681616],[-120.56319307518,34.6685252417171],[-120.560959751642,34.6690051300108],[-120.55955148492,34.6709723310491],[-120.559888851369,34.6720095966068],[-120.559654131555,34.6723374616911],[-120.559738474153,34.672596777821],[-120.560141882153,34.6727875443641],[-120.559672437951,34.6734432744023],[-120.560009816817,34.6744805368088],[-120.559305630408,34.6754641283676],[-120.559389975251,34.6757234438626]]},"properties":{"segment_id":"eda8fe16abcd0bac181d589f","source_kmz":"santaynez","orientation":"unverified"}},{"type":"Feature","geometry":{"type":"LineString","coordinates":[[-120.397971362229,34.6789380533608],[-120.398206788146,34.6786105156702],[-120.398526019742,34.6785424077443],[-120.398761442101,34.6782148687955],[-120.399080671573,34.6781467593261],[-120.399316090373,34.67781921911921],[-120.39963531772,34.6777511081062],[-120.399870732962,34.6774235666412],[-120.400189958185,34.6773554540846],[-120.400660779556,34.6767003680473],[-120.400980001093,34.6766322532802],[-120.401450811354,34.6759771635446],[-120.402089246492,34.6758409287129],[-120.402005429779,34.6755815001455],[-120.402947012109,34.6742713085486],[-120.40326622159,34.67420318735961],[-120.403182402701,34.6739437591716],[-120.4041239451,34.6726335557523],[-120.403537216455,34.6708175568167],[-120.404478714728,34.6695073460612],[-120.40479790317,34.669439220336],[-120.404714084306,34.6691797918944],[-120.404949451887,34.6688522371363],[-120.404865633151,34.6685928086367],[-120.40674849846,34.6659723498939],[-120.406664676806,34.6657129218661],[-120.407135372303,34.6650578014193],[-120.406967728945,34.6645389452648],[-120.407286894661,34.6644708123743]]},"properties":{"segment_id":"4b6bb4c7c44ffb9fee313b23","source_kmz":"santaynez","orientation":"unverified"}},{"type":"Feature","geometry":{"type":"LineString","coordinates":[[-120.407286894661,34.6644708123743],[-120.408244388433,34.66426640844471],[-120.408479726074,34.6639388448181],[-120.408882714799,34.6641301347766],[-120.409201877138,34.66406199662791],[-120.410410856594,34.6646358546709],[-120.412006666363,34.6642951344951],[-120.412241988137,34.663967563306],[-120.413518619571,34.6636949687238],[-120.413753933105,34.6633673942762],[-120.414073087995,34.663299242773],[-120.414308397972,34.6629716670674],[-120.414627550738,34.662903514021],[-120.414862857158,34.6625759370574],[-120.415820307393,34.66237147066],[-120.416055607135,34.6620438911048],[-120.415971758488,34.661784468634],[-120.416290904881,34.6617163109583],[-120.416761494387,34.6610611488918],[-120.41739977924,34.6609248282444],[-120.41787035452,34.660269661146],[-120.418189492979,34.6602014981743],[-120.41859248625,34.66039275544731],[-120.419869036195,34.6601200904546],[-120.420675032199,34.6605025920263],[-120.42131330553,34.6603662499291],[-120.421397170576,34.6606256689719],[-120.423412207654,34.6615818853126],[-120.423731346644,34.661513707311],[-120.423966610226,34.661186111527],[-120.426200556458,34.6607088363136],[-120.42667105578,34.6600536336388],[-120.427477084768,34.6604360883428],[-120.428753604064,34.6601633263521],[-120.429156623287,34.6603545472167],[-120.429794880423,34.6602181587923],[-120.43019790251,34.6604093760558],[-120.431155285291,34.66020478359],[-120.431390513402,34.6598771723974],[-120.432196563913,34.66025959463661],[-120.432515689687,34.6601913925573],[-120.432918718369,34.6603826004468],[-120.433876093611,34.6601779856941],[-120.434111310103,34.6598503690175],[-120.434749554324,34.6597139534682],[-120.43555561976,34.660096352616],[-120.436832104912,34.6598235023162],[-120.437067307788,34.6594958795651],[-120.438662893743,34.6591547936434],[-120.439065932231,34.6593459805582]]},"properties":{"segment_id":"e941e027d5f94de46e1d9558","source_kmz":"santaynez","orientation":"unverified"}},{"type":"Feature","geometry":{"type":"LineString","coordinates":[[-120.392672551036,34.6667576119358],[-120.392991738525,34.6666895182355],[-120.393394703241,34.6668808609995],[-120.393713890603,34.666812765337],[-120.394116857751,34.6670041055863],[-120.394436044986,34.6669360079615],[-120.394671449313,34.6666084730906],[-120.395074417767,34.6667998100825],[-120.395309818973,34.6664722738775],[-120.395629002958,34.6664041729563],[-120.395864400606,34.6660766354928],[-120.396502763767,34.665940429687],[-120.396738156297,34.665612890298],[-120.39992992272,34.6649318020135],[-120.400332895452,34.6651231212328],[-120.400652069434,34.6650550064983],[-120.400887441671,34.6647274584382],[-120.401525784824,34.664591225006],[-120.401761151944,34.6642636750206],[-120.402399489723,34.6641274367489],[-120.402634851725,34.6637998848381],[-120.40295401821,34.6637317637208],[-120.403189376654,34.6634042105517],[-120.40359234949,34.6635955188569],[-120.403911514285,34.6635273951104],[-120.404717466814,34.6639100052621],[-120.404952818324,34.6635824486071],[-120.406161758709,34.664156350889],[-120.406480923555,34.6640882201701],[-120.407286894661,34.6644708123743]]},"properties":{"segment_id":"c599b504b5385db0724df245","source_kmz":"santaynez","orientation":"unverified"}},{"type":"Feature","geometry":{"type":"LineString","coordinates":[[-120.475608138348,34.646812034281],[-120.475692170967,34.6470714181946],[-120.475457169714,34.647399123099],[-120.476129447515,34.6494741901725],[-120.475424421416,34.6504573031537],[-120.476180765429,34.65279174537],[-120.475945748849,34.6531194491959],[-120.476113830639,34.6536382128063],[-120.475408766341,34.6546213211948],[-120.475492806784,34.6548807030254],[-120.475257780932,34.6552084047163],[-120.475593946618,34.6562459309981],[-120.475358917041,34.6565736324012],[-120.475442959441,34.6568330137116],[-120.475207927437,34.6571607146],[-120.475880283493,34.659235760856],[-120.475645246034,34.6595634617597],[-120.475897387569,34.6603416021182],[-120.475662346818,34.66066930265881],[-120.475998541703,34.6617068215611],[-120.476804832048,34.6620889354323],[-120.476888885303,34.6623483141341],[-120.478098340461,34.662921473182],[-120.478417436668,34.66285314601251],[-120.479223750943,34.6632352427213],[-120.479542847449,34.6631669125036],[-120.479946008011,34.6633579576267]]},"properties":{"segment_id":"e18a8f29a58b2cc724c60abd","source_kmz":"santaynez","orientation":"unverified"}},{"type":"Feature","geometry":{"type":"LineString","coordinates":[[-120.084531112314,34.7528095935018],[-120.08476809294,34.7524827147422],[-120.084685260371,34.7522230817096],[-120.086344065405,34.7499349142879],[-120.086663865662,34.7498676632696],[-120.086581029521,34.7496080308503],[-120.088476670164,34.7469929419534],[-120.088393831009,34.746733310016],[-120.088713616209,34.7466660531667],[-120.088547937565,34.746146789314],[-120.089021821847,34.7454930102636],[-120.088938982468,34.7452333782939],[-120.089175921151,34.7449064879536],[-120.089093081884,34.7446468559294],[-120.089330018113,34.7443199650713],[-120.089247178956,34.7440603329925],[-120.089484112732,34.7437334416164],[-120.089318435199,34.7432141772187],[-120.090029221802,34.7422334999829],[-120.089780705667,34.7414546030915],[-120.090017629182,34.74112770972],[-120.089934791139,34.7408680772371],[-120.090645548298,34.7398873937851],[-120.090965303164,34.7398201302893],[-120.091202216642,34.7394932339454],[-120.091521969389,34.7394259689002],[-120.091758879298,34.73909907129091],[-120.092078629928,34.7390318046964],[-120.093263141559,34.7373973043779],[-120.093902625534,34.737262761845],[-120.094139518717,34.736935858656],[-120.095098735816,34.736734036256],[-120.095335622308,34.73640713046],[-120.095738211094,34.7365994835974],[-120.096377684142,34.7364649274251],[-120.096614564391,34.7361380189458],[-120.098532960789,34.7357343253231],[-120.098935554034,34.7359266676011],[-120.099255285262,34.7358593811704],[-120.099965877839,34.734878635837],[-120.101884225396,34.7344748867332],[-120.103305300172,34.7325133558684],[-120.10289093825,34.7312152271403],[-120.103127774794,34.7308883036301],[-120.102962033037,34.730369051372],[-120.103198866683,34.7300421274197],[-120.103115996195,34.7297825011698],[-120.103826483757,34.7288017259745],[-120.10374361249,34.7285420998219],[-120.103980437219,34.7282151736439],[-120.103814695466,34.7276959210967],[-120.105472406152,34.7254074222686],[-120.10505804593,34.7241092912649]]},"properties":{"segment_id":"943b399f3194dacacabe05fa","source_kmz":"santaynez","orientation":"unverified"}},{"type":"Feature","geometry":{"type":"LineString","coordinates":[[-120.042071842528,34.778072226],[-120.042546316881,34.7774186575073],[-120.043186221074,34.7772843978633],[-120.044394243233,34.7778619658001],[-120.044559692716,34.7783812744789],[-120.044962373914,34.77857379360071],[-120.045045101053,34.7788334474071],[-120.045850472606,34.77921848070281],[-120.045933203426,34.7794781337034],[-120.04633589378,34.7796706478773],[-120.046584094272,34.7804496050846],[-120.047389490386,34.7808346271334],[-120.047472228122,34.7810942785999],[-120.047874930757,34.7812867871502],[-120.047957670612,34.7815464381488],[-120.04836037682,34.7817389449371],[-120.049022328224,34.7838161455367],[-120.04982777167,34.7842011494371],[-120.049910521228,34.7844607982507],[-120.051118706164,34.7850382924059],[-120.051284216327,34.7855575876163],[-120.051924172841,34.7854232813878],[-120.052326909195,34.7856157737422],[-120.052646887065,34.7855486182228],[-120.053049625878,34.7857411080663],[-120.053369603638,34.7856739505812],[-120.054980580788,34.7864438913652],[-120.055300559782,34.7863767286546],[-120.055703309544,34.786569209203],[-120.056023288429,34.7865020445268],[-120.056426040649,34.7866945225642],[-120.056746019424,34.7866273559224],[-120.057551530792,34.7870123055506],[-120.057871509906,34.7869451358565],[-120.05988532575,34.7879074795663],[-120.05996811315,34.7881671202489],[-120.060370883913,34.7883595843797],[-120.060453673433,34.7886192245944],[-120.062064782843,34.78938906552131],[-120.062147579172,34.7896487042546],[-120.062953149066,34.7900336154954],[-120.063273136011,34.7899664312591],[-120.063675924421,34.790158883656],[-120.063995911256,34.7900916974539],[-120.064801495004,34.7904765958006],[-120.065441468793,34.7903422164126],[-120.065844264578,34.7905346612756],[-120.06648423703,34.7904002761981],[-120.066887035721,34.7905927174631],[-120.067207021559,34.7905255225191],[-120.067609822708,34.7907179612727],[-120.067929808435,34.790650764363],[-120.068332612042,34.7908432006053],[-120.07057249965,34.7903727900177],[-120.070809654883,34.7900459526201],[-120.071449614626,34.7899115403417],[-120.071686764723,34.789584701008],[-120.072006742195,34.7895174928791],[-120.072481033233,34.7888638110883],[-120.073440952923,34.7886621774003],[-120.073678090738,34.7883353336008],[-120.07559790568,34.7879320384657],[-120.075835032107,34.7876051900455],[-120.077114891327,34.7873363063584],[-120.077589125648,34.7866826023677],[-120.077909085932,34.7866153779063],[-120.078383309087,34.7859616701987],[-120.078703265688,34.7858944435161],[-120.079177477677,34.7852407320918],[-120.079497430594,34.785173503188],[-120.079734532011,34.7848466459142],[-120.080054482808,34.7847794154604],[-120.080291580652,34.7844525569219],[-120.080611529328,34.7843853249181],[-120.080848623599,34.7840584651149],[-120.082448350797,34.7837222885569],[-120.082685435244,34.7833954248045],[-120.083645260179,34.7831937063099],[-120.083882337929,34.7828668399507],[-120.084202276895,34.78279959802371],[-120.084439351072,34.7824727303999],[-120.085079224205,34.7823382425671],[-120.085553360279,34.7816845028543],[-120.086193224929,34.781550008822],[-120.086430286826,34.7812231367331],[-120.086750216752,34.7811558877277],[-120.086987275076,34.7808290143742],[-120.087627130128,34.7806945123847],[-120.087864183317,34.7803676370955],[-120.09106340947,34.7796950677087],[-120.091300445022,34.779368185116],[-120.093219944552,34.7789645972754],[-120.093456968719,34.7786377100634],[-120.094416706262,34.7784359022666],[-120.094653723732,34.7781090124482],[-120.095613451564,34.7779071947296],[-120.095850462336,34.777580302305],[-120.096170368934,34.7775130273036],[-120.096407376135,34.7771861336145],[-120.097686990697,34.7769170221381],[-120.097923989637,34.7765901251719],[-120.098563790444,34.7764555628193],[-120.098800784251,34.7761286639178],[-120.099120682254,34.7760613807526],[-120.099357672489,34.7757344805866],[-120.099677568371,34.7756671958718],[-120.100151539689,34.7750133924176],[-120.100471431888,34.7749461054823],[-120.100945392044,34.7742922983123],[-120.10126528056,34.77422500915661],[-120.101502256062,34.7738981040104],[-120.101822142457,34.7738308133052],[-120.102059114388,34.7735039068947],[-120.102378998662,34.7734366146399],[-120.10229608431,34.7731769998906],[-120.102770018128,34.7725231841017],[-120.102272538381,34.77096549379],[-120.102746458809,34.7703116765537],[-120.102663546579,34.7700520611989],[-120.102900503335,34.7697251517676],[-120.103220371203,34.769657856943],[-120.10393122473,34.7686771230748],[-120.10384831027,34.768417508106],[-120.104085256982,34.7680905957065],[-120.103919428843,34.7675713655311],[-120.104156372655,34.7672444526923],[-120.104476229141,34.7671771542586],[-120.105187043839,34.7661964101678],[-120.105104127819,34.7659367954004],[-120.106051850849,34.7646291286097],[-120.105968933602,34.7643695140199],[-120.106205858893,34.7640425959151],[-120.106122941758,34.7637829812716],[-120.108255174996,34.7608406923048],[-120.108172254406,34.76058107822371],[-120.108646061034,34.759927229854],[-120.109285704935,34.759792606525],[-120.109759497283,34.7591387530975],[-120.110079315272,34.7590714387737],[-120.109913466176,34.7585522120815],[-120.111334780311,34.7565906344475],[-120.111251853925,34.7563310213666],[-120.11172560835,34.7556771575588],[-120.111642681632,34.7554175445007],[-120.111322880155,34.7554848633586],[-120.110920153967,34.7552925677334],[-120.110600352377,34.7553598846266],[-120.110351586279,34.7545810424034],[-120.110588462937,34.7542541120051],[-120.111867647654,34.7539848389723],[-120.114946780313,34.7497346548782],[-120.114532130044,34.7484365914169],[-120.116426794478,34.7458210466943],[-120.116746551447,34.7457537131956],[-120.116983373908,34.7454267667619],[-120.116734575406,34.7446479298053],[-120.117208211634,34.7439940356158],[-120.117042346974,34.7434748106287],[-120.117752783593,34.742493965349],[-120.117669850764,34.7422343528884],[-120.118143464252,34.7415804532184],[-120.11806053109,34.7413208407796],[-120.11853413566,34.7406669388865],[-120.118451202166,34.7404073264697],[-120.118770934935,34.740339987049],[-120.119244527465,34.7396860815916],[-120.119564256553,34.7396187399514],[-120.120037837934,34.7389648307768],[-120.120357563341,34.73889748691721],[-120.120831133572,34.7382435740252],[-120.121150855299,34.7381762279463],[-120.121861190913,34.7371953521413],[-120.122820338693,34.7369933026],[-120.12376740602,34.7356854518303],[-120.124087114585,34.7356180975447],[-120.12479738933,34.7346372012181],[-120.125117092654,34.7345698440428],[-120.125590595997,34.7339159088471],[-120.12591029564,34.7338485494526],[-120.126147042741,34.7335215802932],[-120.126466740264,34.7334542193499],[-120.127176964847,34.7324733062957],[-120.127496657129,34.7324059424629],[-120.127970127032,34.7317519961154],[-120.128929191162,34.7315498953252],[-120.130112807397,34.7299150090034],[-120.129946886176,34.7293957944401],[-120.130183602515,34.729068815546],[-120.131462301385,34.7287993211035],[-120.132645821776,34.7271644043133],[-120.132562855323,34.726904798123],[-120.132799552939,34.7265778130589],[-120.1327165866,34.7263182068133],[-120.133426666081,34.7253372482846],[-120.133260732408,34.724818035856],[-120.132858111592,34.7246258093668],[-120.132775147154,34.7243662026158],[-120.133011836085,34.7240392162263],[-120.132348137114,34.7219623580903],[-120.132667781346,34.7218949793672],[-120.132501860178,34.7213757639325],[-120.132738541097,34.7210487770398],[-120.132655580906,34.720789169201],[-120.132892259375,34.7204621817901],[-120.132809299297,34.7202025738958],[-120.133045975317,34.7198755859666],[-120.132963015352,34.7196159780167],[-120.133199688922,34.7192889895693],[-120.133116729071,34.7190293815638],[-120.133353400191,34.7187023925981],[-120.133104522653,34.7179235680196],[-120.133341190434,34.7175965786877],[-120.133175273976,34.7170773617956]]},"properties":{"segment_id":"fe69d00e3f6068098bd1c3dd","source_kmz":"santaynez","orientation":"unverified"}},{"type":"Feature","geometry":{"type":"LineString","coordinates":[[-120.115761745027,34.7287822566598],[-120.115998519581,34.7284553062471],[-120.116318204974,34.72838797266],[-120.117975559758,34.7260992984347],[-120.118295233667,34.7260319592755],[-120.118531989051,34.7257050027666],[-120.119810672866,34.7254356346658],[-120.120047420002,34.7251086748805],[-120.12068675544,34.72497398422],[-120.120923497448,34.7246470224993],[-120.12124316277,34.7245796751812],[-120.121716637646,34.7239257486156],[-120.122036299289,34.7238583990784],[-120.123219943576,34.7222235689103],[-120.123539596857,34.7221562151426],[-120.12401303741,34.7215022775737],[-120.12393010608,34.7212426636768],[-120.124166822904,34.7209156940768],[-120.124083891686,34.7206560801244],[-120.124794028789,34.7196751679862],[-120.127351143996,34.7191362773725],[-120.127824533735,34.7184823222479],[-120.12822710997,34.71867456733221],[-120.129505643477,34.7184050912447],[-120.129908223496,34.7185973305608],[-120.131186749855,34.7183278360812],[-120.131423426999,34.7180008507713],[-120.131743055633,34.7179334742859],[-120.131979729212,34.7176064877113],[-120.131896775272,34.7173468783686],[-120.133175273976,34.7170773617956]]},"properties":{"segment_id":"a2f94cfc2a45e2a117a78ee4","source_kmz":"santaynez","orientation":"unverified"}},{"type":"Feature","geometry":{"type":"LineString","coordinates":[[-120.006530072539,34.7489606041524],[-120.007737376717,34.749538567697],[-120.00805724374,34.74947153142811],[-120.011276813569,34.75101269623],[-120.011596683627,34.7509456503952],[-120.01240159708,34.7513309251894],[-120.013361206613,34.7511297758964],[-120.013598483546,34.7508030407175],[-120.014238217333,34.7506689354507],[-120.014475489134,34.7503421983325],[-120.014795353633,34.750275143709],[-120.015032621864,34.7499484053235],[-120.016631928213,34.7496131156636],[-120.017034389555,34.7498057367358],[-120.0176741091,34.7496716125481],[-120.018076573349,34.7498642300251],[-120.019675864724,34.7495288987464],[-120.021688227329,34.7504919376301],[-120.022327944472,34.75035778810781],[-120.022730423919,34.7505503894418],[-120.023370139735,34.7504162342323],[-120.023772622088,34.7506088319709],[-120.02409247961,34.7505417519619],[-120.025702430911,34.7513121243359],[-120.026022289671,34.7512450391044],[-120.026424782968,34.7514376275527],[-120.027384357256,34.7512363633275],[-120.027786853908,34.7514289470942],[-120.02810671134,34.7513618561755],[-120.02850921045,34.7515544374326],[-120.028829067774,34.7514873445492],[-120.029231569341,34.7516799232966],[-120.03019113932,34.7514786361154],[-120.030593644242,34.7516712101812],[-120.031233355676,34.7515370121611],[-120.031635863504,34.7517295826312],[-120.031955718835,34.751662481217],[-120.03235822912,34.75185504917731],[-120.032997939009,34.7517208415404],[-120.033400452201,34.751913405905],[-120.034360014206,34.7517120846009],[-120.034834391774,34.7510585289429],[-120.035154241541,34.7509914187407],[-120.03562860795,34.7503378593591],[-120.035948454038,34.7502707469349],[-120.036185632668,34.7499439656798],[-120.037465005213,34.749675504509],[-120.037939343957,34.7490219348408],[-120.03825918258,34.7489548160081],[-120.038733510167,34.7483012426163],[-120.039373179499,34.7481669996283],[-120.039775690061,34.74835954280501],[-120.04009552434,34.7482924189069],[-120.040498037359,34.7484849595738],[-120.042097202648,34.7481493214728],[-120.042499719915,34.748341855286],[-120.043139383031,34.7482075917226],[-120.043541903203,34.74840012194],[-120.044821224547,34.7481315799246],[-120.045626274499,34.7485166273998],[-120.046265933623,34.748382346776],[-120.046668462508,34.7485748662056],[-120.048267602814,34.7482391438388],[-120.048504723021,34.7479123369132],[-120.048824547851,34.7478451891323],[-120.049061664488,34.7475183809403],[-120.0493814872,34.7474512316092],[-120.050186552811,34.7478362480014],[-120.052425302477,34.7473661628773],[-120.054035470335,34.7481361481655],[-120.054355291279,34.7480689852891],[-120.054592385177,34.7477421659724],[-120.054912204003,34.7476750015461],[-120.055623468962,34.7466945380126],[-120.055943282548,34.7466273706935],[-120.056180365289,34.7463005476546],[-120.056500176757,34.7462333787855],[-120.056737255929,34.7459065544803],[-120.058975909688,34.7454363430952],[-120.061820571979,34.7415143486417],[-120.0621403587,34.7414471640167],[-120.062614437846,34.7407934886034],[-120.063254003373,34.7406591140328],[-120.063728068243,34.7400054335547],[-120.06404784705,34.7399382436091],[-120.064284874912,34.7396114018065],[-120.064604651601,34.7395442103111],[-120.064841675895,34.7392173672423],[-120.065800997937,34.7390157854712],[-120.06603801554,34.7386889397938],[-120.069235703873,34.7380169367397],[-120.069638235983,34.7382093793182],[-120.071237061498,34.7378733394172],[-120.07163959785,34.7380657751419],[-120.072598887815,34.7378641374015],[-120.073001427515,34.7380565684442],[-120.073238411673,34.7377297078488],[-120.075156969878,34.7373263981066],[-120.075239754397,34.7375860420348],[-120.077158298569,34.7371826994227],[-120.077560846084,34.7373751149245],[-120.078200357244,34.7372406581875],[-120.078602907659,34.7374330700931],[-120.081160933586,34.73689519931941],[-120.081871765652,34.7359145649611],[-120.082191511703,34.7358473251482],[-120.08242845015,34.7355204451684],[-120.083387680277,34.7353187184463],[-120.08433539526,34.7340111845276],[-120.084252583974,34.7337515460351],[-120.084892053445,34.7336170522086],[-120.085128973605,34.7332901659764],[-120.085448705944,34.7332229170746],[-120.085685622536,34.73289602957671],[-120.08632508242,34.732761527796],[-120.086561993883,34.7324346383614],[-120.090718408508,34.7315602824218],[-120.090955297674,34.7312333836706],[-120.091275016414,34.7311661187019],[-120.09245942434,34.7295316126714],[-120.092779134719,34.72946434346991],[-120.093016008723,34.7291374398089],[-120.093335716984,34.7290701690582],[-120.094046322274,34.7280894524942],[-120.093963484673,34.7278298192174],[-120.094200348643,34.72750291258271],[-120.094117511153,34.7272432792507],[-120.094591232183,34.7265894643494],[-120.094508394359,34.7263298310382],[-120.094828089689,34.7262625560066],[-120.095064945187,34.7259356470691],[-120.095704331053,34.7258010930294],[-120.095941181425,34.7254741821555],[-120.097219940226,34.7252050608534],[-120.097456782348,34.7248781467015],[-120.097776469095,34.7248108635094],[-120.09801330765,34.7244839480921],[-120.09865267635,34.7243493777316],[-120.098889509778,34.7240224603779],[-120.09929204282,34.7242148038581],[-120.10089044924,34.7238783538048],[-120.101364092242,34.7232245091119],[-120.101683768732,34.72315721512501],[-120.104501559312,34.7245035235377],[-120.104821238364,34.7244362210723],[-120.10505804593,34.7241092912649]]},"properties":{"segment_id":"b2354e40ad63c75ef572520b","source_kmz":"santaynez","orientation":"unverified"}},{"type":"Feature","geometry":{"type":"LineString","coordinates":[[-120.533338321498,34.629161574704],[-120.533103619188,34.6294894019181],[-120.533187825929,34.6297487494025],[-120.53201428236,34.6313878769973],[-120.531695363514,34.6314563528103],[-120.531225929026,34.6321119983869],[-120.530907006494,34.6321804719937],[-120.528090213557,34.6361142879025],[-120.528427005486,34.6371516838931],[-120.528192258073,34.6374794983515],[-120.528276457038,34.6377388470875],[-120.527806955376,34.6383944743851],[-120.527488003886,34.6384629381868],[-120.527253248507,34.6387907502851],[-120.526296385961,34.6389961344405],[-120.526380580215,34.6392554841085],[-120.52614581773,34.6395832936962],[-120.526650992538,34.6411393893269],[-120.526181456423,34.6417950076375],[-120.523629704862,34.6423426559922],[-120.523394921328,34.6426704589391],[-120.523075948278,34.6427389103776],[-120.523160135801,34.64299826129601],[-120.52284116119,34.6430667120691],[-120.52260637211,34.6433945131706],[-120.521968418071,34.6435314107587],[-120.521264029511,34.6445148065306],[-120.521432396829,34.6450335098287],[-120.521197595796,34.6453613073905],[-120.521534335488,34.64639871267281],[-120.522340691192,34.6467805188783],[-120.522677452418,34.6478179192475],[-120.523080639503,34.6480088188246],[-120.523164832784,34.6482681682355],[-120.524121818481,34.6480628118147],[-120.524525010414,34.6482537063583],[-120.524994599833,34.6475980993633],[-120.525397791497,34.647788990994],[-120.525716783338,34.6477205335996],[-120.525800985153,34.6479798811937],[-120.526204180801,34.6481707699627],[-120.526709412932,34.6497268506314],[-120.527919039938,34.6502995021448],[-120.52823803991,34.6502310380589],[-120.530657350298,34.6513762959352],[-120.530976352289,34.6513078244575],[-120.532186035672,34.6518804308198],[-120.53250503839,34.65181195520831],[-120.533937009336,34.6562207430356],[-120.535550056328,34.6569841703519],[-120.53563430125,34.6572435082217],[-120.535164743496,34.6578991510087],[-120.534845718,34.6579676334207],[-120.53492996163,34.6582269715182],[-120.535333233315,34.6584178266483],[-120.535971286595,34.6582808583556],[-120.536374561134,34.6584717098824],[-120.538607732813,34.6579922856689],[-120.539414293896,34.658373969223],[-120.539498553306,34.6586333039123],[-120.54070841456,34.6592058174749],[-120.542303535961,34.6588633171297],[-120.543110124397,34.6592449748204],[-120.543194397164,34.6595043065981],[-120.542724889833,34.6601599781227],[-120.543736196842,34.6632719507878]]},"properties":{"segment_id":"0c3c973781bbf693aad6bca2","source_kmz":"santaynez","orientation":"unverified"}},{"type":"Feature","geometry":{"type":"LineString","coordinates":[[-120.453778361285,34.6426089672113],[-120.454987336006,34.64318237775601],[-120.455944439666,34.6429775784179],[-120.458765459556,34.6443154635164],[-120.460679669843,34.6439057955922],[-120.463097780231,34.6450524594023],[-120.463416815903,34.644984171835],[-120.463752778102,34.6460217438199],[-120.465767958297,34.6469772453622],[-120.468639309328,34.64636256143081],[-120.469042355243,34.6465536476779],[-120.471594632376,34.64600719371201],[-120.472400737109,34.6463893445445],[-120.47399589631,34.6460477714911],[-120.475205074849,34.64662097072861],[-120.475524106294,34.6465526502329],[-120.475608138348,34.646812034281]]},"properties":{"segment_id":"eea22a00a796f4c52f3789d2","source_kmz":"santaynez","orientation":"unverified"}},{"type":"Feature","geometry":{"type":"LineString","coordinates":[[-120.358582113783,34.66154678454711],[-120.360497281286,34.6611387652891],[-120.36096834038,34.6604838275]]},"properties":{"segment_id":"76e61fb4f49e7a1ada607f27","source_kmz":"santaynez","orientation":"unverified"}},{"type":"Feature","geometry":{"type":"LineString","coordinates":[[-120.356329703423,34.6894772633753],[-120.356565338077,34.6891498133128],[-120.356481659868,34.688890355911],[-120.356717292087,34.6885629053331],[-120.356549936483,34.6880439902821],[-120.357963682587,34.6860792753051],[-120.35779632399,34.6855603606335],[-120.358031940473,34.6852329062189],[-120.357948261581,34.6849734487592],[-120.358183875629,34.684645993829],[-120.358100196863,34.684386536312],[-120.358807025708,34.6834041681999],[-120.359445597411,34.68326816730851],[-120.359027195471,34.6819708809555],[-120.359498394098,34.6813159640118],[-120.359414714524,34.6810565064931],[-120.359650310404,34.6807290472097],[-120.359064566068,34.6789128413761],[-120.358258683237,34.678529922844],[-120.358175010846,34.6782704636492],[-120.357369139129,34.6778875387182],[-120.357201802278,34.6773686185583],[-120.357437396291,34.6770411624149],[-120.357102727587,34.6760033207977],[-120.357338317855,34.6756758643655],[-120.357254651648,34.6754164037034],[-120.357490239482,34.6750889467551],[-120.357239242923,34.6743105641956],[-120.357710409977,34.6736556489779],[-120.357459415857,34.6728772656715],[-120.358637291986,34.6712399684049],[-120.358386296375,34.670461585032],[-120.358857430225,34.669806662436],[-120.358773765272,34.6695472011958],[-120.359244890259,34.6688922763834],[-120.359161224996,34.66863281516091],[-120.359396784056,34.6683053519423],[-120.359313118918,34.6680458906619],[-120.358910232577,34.6678544306921],[-120.358742907108,34.6673355070452],[-120.359214018867,34.6666805807716],[-120.3590466939,34.6661616568925],[-120.359282245911,34.6658341930188],[-120.359114922319,34.6653152687563],[-120.35871205071,34.6651238075313],[-120.358628391318,34.664864344857],[-120.359099488977,34.6642094172724],[-120.359015829274,34.6639499546154],[-120.35995799888,34.6626400926435],[-120.360277198175,34.6625720879502],[-120.360983799731,34.66158968325231],[-120.361302993783,34.66152167568],[-120.36096834038,34.6604838275]]},"properties":{"segment_id":"f1c1f56281cfc096048a97a7","source_kmz":"santaynez","orientation":"unverified"}},{"type":"Feature","geometry":{"type":"LineString","coordinates":[[-120.36096834038,34.6604838275],[-120.361203866932,34.6601563577173],[-120.36112020455,34.6598968954134],[-120.361826770916,34.6589144827389],[-120.361659445219,34.6583955581821],[-120.361894962475,34.658068086257],[-120.361811300033,34.6578086238533],[-120.362282327682,34.6571536783773],[-120.362198664929,34.6568942159905],[-120.363376196929,34.6552568423144],[-120.363292532557,34.6549973801701],[-120.364470012462,34.6533599920658]]},"properties":{"segment_id":"28f1ce99196d6c5897d6d6d2","source_kmz":"santaynez","orientation":"unverified"}},{"type":"Feature","geometry":{"type":"LineString","coordinates":[[-120.133175273976,34.7170773617956],[-120.134121921491,34.7157693991321],[-120.134038962322,34.7155097907924],[-120.13451227316,34.7148558060464],[-120.134180438505,34.7138173719775],[-120.134417089139,34.7134903790166],[-120.134334131425,34.7132307702459],[-120.133529007324,34.7128463184134],[-120.13344605329,34.712586708832],[-120.133043495807,34.7123944804386],[-120.132960543891,34.7121348703859],[-120.133197194534,34.7118078792969],[-120.1329483408,34.7110290485755],[-120.133907134435,34.71082690246291],[-120.134143777059,34.710499908996],[-120.134463372261,34.7104325245322],[-120.134936648374,34.7097785344742],[-120.136534600412,34.7094415922824],[-120.13677122766,34.7091145930101],[-120.137090814833,34.7090472012676],[-120.137327438516,34.7087202007306],[-120.137729987506,34.7089124151486],[-120.140925817388,34.7082384318769],[-120.141328372825,34.7084306340134],[-120.141564976668,34.7081036246873],[-120.142843288531,34.7078339997729],[-120.144026246476,34.7061989308216],[-120.143943264284,34.7059393268148],[-120.144416432543,34.7052852952247],[-120.144333450022,34.7050256912374],[-120.144806609376,34.704371657421],[-120.144557662497,34.70359284512141],[-120.14503081117,34.7029388093814],[-120.144947829105,34.7026792051689],[-120.145420968874,34.7020251672023],[-120.145740519149,34.7019577513126],[-120.146450209092,34.7009766878933],[-120.146769754129,34.7009092691153],[-120.146686768398,34.7006496655645],[-120.147159880998,34.6999956191233],[-120.147479421355,34.6999281983349],[-120.14795252282,34.6992741481753],[-120.148591595619,34.6991393012845],[-120.148828140226,34.6988122739726],[-120.149147674228,34.6987448485404],[-120.14962075431,34.6980907907929],[-120.149940284635,34.6980233631426],[-120.15017682011,34.6976963327069],[-120.150496348316,34.69762890350871],[-120.150969410136,34.69697483951361],[-120.150886414513,34.6967152378327],[-120.151122941974,34.6963882050189],[-120.15144246394,34.6963207731403],[-120.151678987837,34.6959937390619]]},"properties":{"segment_id":"05f15075d8a90c9a609018c3","source_kmz":"santaynez","orientation":"unverified"}},{"type":"Feature","geometry":{"type":"LineString","coordinates":[[-120.148603555304,34.7215827569768],[-120.149549996621,34.7202746758741],[-120.149300950591,34.7194958870818],[-120.149537554576,34.7191688655494],[-120.149371525793,34.7186496725148],[-120.149608126885,34.7183226505405],[-120.149525112887,34.7180630539016],[-120.14976171153,34.71773603140931],[-120.149346647696,34.7164380466186],[-120.149583242114,34.7161110239125],[-120.149500230578,34.715851426635],[-120.149973412513,34.7151973795925],[-120.149890400647,34.7149377823351],[-120.150126988164,34.7146107579987],[-120.150043976413,34.7143511606856],[-120.15028056148,34.7140241358309],[-120.150114538765,34.7135049409611],[-120.150587701111,34.7128508897732],[-120.150504689703,34.7125912922925],[-120.150741267426,34.7122642658832],[-120.150658256132,34.7120046683465],[-120.150894831406,34.7116776414189],[-120.15056279004,34.710639250257],[-120.150799361534,34.7103122230389],[-120.150218307529,34.7084950339583],[-120.150454873912,34.7081680066769],[-120.150371867986,34.707908407785],[-120.15084499385,34.707254351591],[-120.150678981898,34.7067351537145],[-120.150915540936,34.7064081248776],[-120.150749530329,34.7058889266248],[-120.151222640618,34.7052348674712],[-120.151139635264,34.7049752682984],[-120.151612736648,34.7043212069189],[-120.15144672584,34.7038020084802],[-120.151683272639,34.7034749770504],[-120.151600267628,34.7032153777087],[-120.152309894668,34.7022342800801],[-120.151977874883,34.7011958823012],[-120.152214411447,34.7008688488723],[-120.151799397056,34.6995708490553],[-120.152508988069,34.6985897463363],[-120.152176981279,34.6975513450122],[-120.151774455561,34.697359177938],[-120.151691456818,34.6970995769368],[-120.151927982046,34.6967725426317],[-120.151678987837,34.6959937390619]]},"properties":{"segment_id":"dd5f2b4423ae832deda6726c","source_kmz":"santaynez","orientation":"unverified"}},{"type":"Feature","geometry":{"type":"LineString","coordinates":[[-120.323699944534,34.6803394707425],[-120.323935689644,34.6800120831776],[-120.323685015287,34.6792336328276],[-120.324156496885,34.6785788563754],[-120.324072939013,34.6783193728104],[-120.324544411741,34.6776645941406],[-120.32437729593,34.6771456269136],[-120.324613028421,34.6768182368417],[-120.324111691838,34.6752613324166],[-120.324347419703,34.6749339422061],[-120.324263865133,34.6746744577445],[-120.324735313992,34.6740196756977],[-120.324568204785,34.6735007066769],[-120.324803925342,34.6731733149162],[-120.324720371143,34.6729138302813],[-120.324956089263,34.6725864380038],[-120.32527536046,34.6725185296176],[-120.325511075021,34.6721911360798],[-120.325830344095,34.6721232261489],[-120.326773176116,34.6708136434022],[-120.327092438387,34.6707457299229],[-120.32779953674,34.6697635346391],[-120.327715976166,34.6695040511773],[-120.328894431272,34.6678670475671],[-120.328643746355,34.6670885975131],[-120.330057818674,34.6651241749884],[-120.329890692952,34.6646052085234],[-120.330833364375,34.6632955822606],[-120.331471819071,34.663159731135],[-120.332885747553,34.6611952659518],[-120.333524181281,34.6610594033057],[-120.333759825916,34.6607319890325],[-120.334079040377,34.6606640557266],[-120.336435361269,34.6573898737278],[-120.337712151096,34.6571181050271],[-120.3381149289,34.6573096402899],[-120.33905737188,34.6559999372436]]},"properties":{"segment_id":"456697971135c4b42c54e8c4","source_kmz":"santaynez","orientation":"unverified"}},{"type":"Feature","geometry":{"type":"LineString","coordinates":[[-120.33905737188,34.6559999372436],[-120.339528581387,34.6553450821653],[-120.339847768517,34.6552771327068],[-120.340250542017,34.6554686609986],[-120.341527286671,34.655196850057],[-120.341762879506,34.6548694175477],[-120.342082062705,34.6548014619531],[-120.342484839265,34.6549929826468],[-120.34280402234,34.6549250250903],[-120.343609582324,34.6553080600227],[-120.343693180926,34.6555675361597],[-120.3449699151,34.6552956876488],[-120.345205493645,34.6549682482372],[-120.346163033699,34.6547643506472],[-120.346398605567,34.65443690864021],[-120.347356135887,34.6542330011585],[-120.347591701078,34.6539055565561],[-120.348230048696,34.653769612517],[-120.348632835116,34.6539611122446],[-120.349590353641,34.6537571863557],[-120.349993143368,34.6539486813989],[-120.350631487117,34.6538127242527],[-120.351034279714,34.6540042156968],[-120.352630131439,34.6536643020652],[-120.35343572699,34.6540472698142],[-120.353519357229,34.6543067392821],[-120.354324963887,34.6546897006329],[-120.354963306134,34.654553719943],[-120.355366113331,34.6547451963051],[-120.355685284049,34.6546772035599],[-120.356088093679,34.6548686774082],[-120.357364772677,34.6545966933205],[-120.357600296556,34.6542692286822],[-120.358557795224,34.6540652294108],[-120.358960608783,34.6542566934897],[-120.362471398771,34.6535086167317],[-120.362874219126,34.65370006744191],[-120.364470012462,34.6533599920658]]},"properties":{"segment_id":"4bfe78c7ef2e3d33dfad4499","source_kmz":"santaynez","orientation":"unverified"}},{"type":"Feature","geometry":{"type":"LineString","coordinates":[[-120.326145916998,34.6540341912916],[-120.32646511048,34.653966278276],[-120.326867843966,34.6541578529507],[-120.327187037323,34.6540899379731],[-120.328797992989,34.6548562180521],[-120.330713151847,34.6544486837285],[-120.331115898381,34.6546402436664],[-120.331435089997,34.6545723171255],[-120.333046097855,34.6553385382565],[-120.333365290659,34.6552706064975],[-120.333768048054,34.6554621571251],[-120.334087240733,34.655394223404],[-120.334892762389,34.6557773182047],[-120.335059902615,34.6562962825427],[-120.335865438499,34.6566793702617],[-120.335949012574,34.6569388515452],[-120.336587405739,34.65680297153681],[-120.336990179111,34.6569945107409],[-120.337628570905,34.6568586250551],[-120.338099797761,34.6562037763533],[-120.33905737188,34.6559999372436]]},"properties":{"segment_id":"120542b53b39d8574a11e080","source_kmz":"santaynez","orientation":"unverified"}},{"type":"Feature","geometry":{"type":"LineString","coordinates":[[-120.151678987837,34.6959937390619],[-120.151595990884,34.6957341376076],[-120.152069031779,34.6950800678182],[-120.151986034496,34.6948204663828],[-120.152932090471,34.6935123199709],[-120.15276609403,34.6929931173075],[-120.153405106437,34.6928582431975],[-120.15332210705,34.6925986420828],[-120.152919604301,34.6924064779145],[-120.152670614169,34.6916276727573],[-120.153143620805,34.6909735957],[-120.153463118602,34.6909061579044],[-120.154172608852,34.6899250358485],[-120.154492101412,34.689857595165],[-120.155201568954,34.6888764657471],[-120.156160029246,34.6886741324003],[-120.156869464724,34.6876929916003]]},"properties":{"segment_id":"782092c15fadcba36f1fd05b","source_kmz":"santaynez","orientation":"unverified"}},{"type":"Feature","geometry":{"type":"LineString","coordinates":[[-120.159264289159,34.6941154980971],[-120.158861763714,34.693923354695],[-120.158695726519,34.6934041606802],[-120.15893221076,34.6930771108985],[-120.158268080758,34.6910003301533],[-120.157865574031,34.6908081826715],[-120.156869464724,34.6876929916003]]},"properties":{"segment_id":"40e37e3799b6e639915e88c9","source_kmz":"santaynez","orientation":"unverified"}},{"type":"Feature","geometry":{"type":"LineString","coordinates":[[-120.507875813014,34.6127105216192],[-120.508380444397,34.6142667424215],[-120.506971836987,34.6162334284406],[-120.507055941606,34.6164927985498],[-120.506821166305,34.6168205775598],[-120.506502285255,34.61688898572021],[-120.506267506403,34.6172167634738],[-120.50562973949,34.6173535758369],[-120.505713840825,34.6176129465902],[-120.50547905643,34.6179407224965],[-120.505160169572,34.618009126909],[-120.503516612132,34.6203035370509],[-120.503768906186,34.6210816509265],[-120.503534103007,34.6214094216653],[-120.504375115561,34.6240031265584],[-120.503670681135,34.6249864374784],[-120.503351763606,34.6250548364219],[-120.500768666855,34.62866025699071],[-120.50085276418,34.6289196279978],[-120.50061792482,34.6292473900351],[-120.501795340597,34.632878571028],[-120.501560493204,34.6332063335265],[-120.501728703627,34.6337250716618],[-120.502131765427,34.6339160464587],[-120.502215873046,34.6341754149794],[-120.502618938399,34.6343663880011],[-120.502703048143,34.6346257560424],[-120.503509187946,34.63500769710521],[-120.50382814641,34.634939298484],[-120.504634295044,34.6353212316539],[-120.504399452269,34.6356489989738],[-120.505240648842,34.6382426568372],[-120.505643742885,34.6384336185699],[-120.506064370151,34.6397304407259],[-120.506467473991,34.6399213993044],[-120.506635731972,34.6404401265345],[-120.507038840926,34.640631082993],[-120.507207104288,34.6411498089948],[-120.507610218356,34.6413407633334],[-120.507694352445,34.6416001257875],[-120.508013334416,34.6415317162413],[-120.508349880406,34.6425691638711],[-120.509156130992,34.6429510626376],[-120.509240272023,34.6432104235189],[-120.509643401866,34.64340137041151],[-120.510281376662,34.6432645400763],[-120.511893919406,34.6440283046545],[-120.51206222276,34.6445470217252],[-120.512868512331,34.6449288940516],[-120.513120980967,34.6457069665793],[-120.513524133424,34.6458978995623],[-120.513608292327,34.6461572564575],[-120.513373454687,34.6464850378955],[-120.514215070479,34.6490786002006],[-120.514618243233,34.6492695287017],[-120.514702409481,34.6495288838473],[-120.515659433283,34.6493235969946],[-120.516062610885,34.6495145204625],[-120.517338636433,34.6492407880546],[-120.519354562955,34.650195362214],[-120.519438746111,34.6504547136849],[-120.521454730254,34.6514092503511],[-120.521773740536,34.6513408039899],[-120.522363100079,34.6531562469791],[-120.523572748562,34.6537289413101],[-120.523891766545,34.6536604893432],[-120.524396988001,34.6552165706188],[-120.524800217949,34.6554074627125],[-120.525052840994,34.6561855005001],[-120.524414785666,34.6563224095157],[-120.523240652294,34.657961401046],[-120.523493267984,34.6587394400228],[-120.523258434038,34.6590672367876],[-120.52367946934,34.6603639661065],[-120.523444631246,34.66069176266131]]},"properties":{"segment_id":"48b4222245e466ac08c8ff3b","source_kmz":"santaynez","orientation":"unverified"}},{"type":"Feature","geometry":{"type":"LineString","coordinates":[[-120.364470012462,34.6533599920658],[-120.36494099045,34.6527050326786],[-120.364857323586,34.6524455709272],[-120.365176476449,34.65237755209681],[-120.368237612781,34.6481202506398],[-120.368070267404,34.6476013291068],[-120.36854117977,34.64694635106851],[-120.368860306674,34.6468783217691],[-120.369566655573,34.6458958482675],[-120.369885777235,34.6458278160897],[-120.370356663402,34.6451728294591],[-120.370189310177,34.6446539092771],[-120.371131055074,34.6433439295084],[-120.370545324283,34.64152770674921],[-120.371251602847,34.6405452172772],[-120.37116792796,34.6402857565716],[-120.371874187256,34.6393032619928],[-120.372512371504,34.63916718317311],[-120.372983194819,34.638512181156],[-120.372899516319,34.6382527211087],[-120.373134924547,34.6379252192865],[-120.373051246174,34.6376657591799],[-120.373286651971,34.6373382568401],[-120.373924817504,34.6372021700129],[-120.373841137261,34.6369427102651],[-120.374160218186,34.6368746657461],[-120.374631013566,34.6362196554352],[-120.374950090811,34.6361516087054],[-120.375656264237,34.635169086794],[-120.376294407684,34.6350329867023],[-120.377471307897,34.6333954316619],[-120.377790370979,34.6333273769656],[-120.378025743477,34.6329998635129],[-120.377942054016,34.6327404054985],[-120.379118884403,34.631102829722],[-120.37886781286,34.6303244559941],[-120.377256872311,34.6295588453307],[-120.377173189158,34.6292993857798],[-120.377408552004,34.6289718721133],[-120.377727596879,34.6289038172558],[-120.377643912855,34.6286443578542],[-120.377962956171,34.6285763023296],[-120.378198313468,34.6282487868107],[-120.378517354663,34.6281807297427],[-120.378752708406,34.6278532129641],[-120.380347898157,34.6275129111458],[-120.380750627296,34.6277043057342],[-120.38100170929,34.62848267767],[-120.382209922708,34.6290568497747],[-120.382848004142,34.6289207129792],[-120.383653491468,34.6293034828994],[-120.383972532213,34.6292354110171],[-120.384375279304,34.6294267927493],[-120.385013359978,34.629290644186],[-120.385416109934,34.6294820223192],[-120.38605418923,34.629345868081],[-120.387262453677,34.62991998739851],[-120.387346171374,34.6301794395451],[-120.388622332433,34.6299071066967],[-120.389427858638,34.6302898363972],[-120.389663172565,34.6299622984099],[-120.390065937535,34.6301536603755],[-120.390384976141,34.6300855710504],[-120.392398833085,34.6310423540228],[-120.392717873304,34.6309742583955],[-120.392969086453,34.6317526018],[-120.393371868939,34.631943951993]]},"properties":{"segment_id":"c15c5e4ab0c60cb258d2959b","source_kmz":"santaynez","orientation":"unverified"}},{"type":"Feature","geometry":{"type":"LineString","coordinates":[[-120.180675709461,34.6832186223612],[-120.180426469049,34.6824398685301],[-120.17962143659,34.6820557210808],[-120.179857797455,34.6817286249542],[-120.179774721111,34.6814690394734],[-120.179372210561,34.6812769640149],[-120.178873773584,34.6797194463046],[-120.178471274394,34.6795273673784],[-120.1780559334,34.6782294306061],[-120.178292289186,34.6779023362778],[-120.17820922222,34.6776427486007],[-120.177806735505,34.6774506669518],[-120.177557542635,34.6766719021041],[-120.177155062601,34.67647981800841],[-120.176905879435,34.6757010509461],[-120.177142232353,34.675373958039],[-120.176893052884,34.67459519000851],[-120.177129402473,34.674268096732],[-120.176880226701,34.6734893277329],[-120.17711657296,34.673162234087],[-120.177033515044,34.6729026442304],[-120.177269858859,34.67257555006491],[-120.177103743815,34.6720563701037],[-120.177340084743,34.6717292754935],[-120.177090915037,34.6709505047817],[-120.177327252636,34.6706234098018],[-120.177161141405,34.6701042288137],[-120.177397476116,34.6697771333891],[-120.177148312129,34.6689983611364],[-120.177620972892,34.6683441689527],[-120.17712265468,34.6667866217624],[-120.177358979404,34.6664595252279],[-120.176956553075,34.6662674383035],[-120.177429198752,34.6656132449391],[-120.176847854523,34.6637960996978],[-120.177486583329,34.6636610897212]]},"properties":{"segment_id":"c254ec0d5800a201eb177219","source_kmz":"santaynez","orientation":"unverified"}},{"type":"Feature","geometry":{"type":"LineString","coordinates":[[-120.156869464724,34.6876929916003],[-120.157578882173,34.6867118454484],[-120.15853730937,34.6865094921424],[-120.159246694756,34.6855283346087],[-120.15916368361,34.6852687355677],[-120.15876120453,34.6850765899685],[-120.15844173548,34.6851440426651],[-120.157636784215,34.6847597450202],[-120.157873246469,34.6844326943006],[-120.157790241118,34.6841730939747],[-120.158026700926,34.6838460427357],[-120.15794369569,34.6835864423527],[-120.158416608411,34.682932338241],[-120.158250597839,34.6824131373786],[-120.158487050309,34.682086084581],[-120.158155034088,34.681047681568],[-120.158391482782,34.6807206284765],[-120.159349833496,34.6805182671895],[-120.159183821839,34.6799990662844],[-120.158781370171,34.6798069196502],[-120.158698366739,34.6795473186589],[-120.158295918634,34.6793551702593],[-120.158212917319,34.6790955687954],[-120.157810472775,34.6789034186303],[-120.158046916363,34.6785763654701],[-120.157714921148,34.6775379572297],[-120.159369957785,34.6752485705544],[-120.159286957273,34.6749889686885],[-120.159523382626,34.6746619111446],[-120.15935738239,34.6741427071652],[-120.160066643774,34.67316153141411],[-120.159900643111,34.6726423273545],[-120.160137058682,34.6723152677308],[-120.160054058744,34.6720556655771],[-120.16029047187,34.6717286054335],[-120.160207472047,34.6714690032221],[-120.160443882727,34.6711419425585],[-120.161082700943,34.6710070232867],[-120.161319106503,34.6706799606883],[-120.161721516928,34.670872100505],[-120.16236033068,34.6707371742133],[-120.162596730005,34.6704101089352],[-120.162916134485,34.6703426438032],[-120.163152530248,34.6700155772602],[-120.163471932612,34.6699481105808],[-120.163944715014,34.6692939743701],[-120.163861705525,34.6690343740614],[-120.165139292924,34.6687644940403],[-120.165541702872,34.6689566211121],[-120.16586109877,34.6688891478281],[-120.166333854457,34.66823500119911],[-120.166972638343,34.6681000493193],[-120.167375049389,34.668292170221],[-120.167458069888,34.6685517682461],[-120.167860484495,34.6687438873821],[-120.168333222361,34.6680897325652],[-120.168250199417,34.6678301350302],[-120.168888976606,34.667695172621],[-120.169693806015,34.6680793999783],[-120.170332582743,34.6679444297191],[-120.170568939762,34.6676173473244],[-120.17088832573,34.6675498602088],[-120.17080529478,34.6672902643348],[-120.171277998811,34.666636096571],[-120.171597380102,34.666568607446],[-120.172070073008,34.6659144359629],[-120.172389450623,34.665846944621],[-120.172625792515,34.6655198573173],[-120.173028204179,34.6657119593049],[-120.173264542953,34.6653848706616],[-120.173583917335,34.6653173760177],[-120.174056585761,34.6646631956069],[-120.174375956467,34.6645956987461],[-120.17484861377,34.6639415146161],[-120.175487347272,34.6638065155833],[-120.175723669804,34.6634794212865],[-120.176681761195,34.6632769141478],[-120.177486583329,34.6636610897212]]},"properties":{"segment_id":"88a315d3f42a3fe15a8a87c9","source_kmz":"santaynez","orientation":"unverified"}},{"type":"Feature","geometry":{"type":"LineString","coordinates":[[-120.036008625697,34.7236644077961],[-120.035595443245,34.7223660287206],[-120.035832537619,34.7220392383648],[-120.035749902349,34.7217795622319],[-120.035986994268,34.7214527713561],[-120.035821724501,34.7209334188482],[-120.036532985525,34.7199530431005],[-120.036450350132,34.71969336687691],[-120.036687432678,34.7193665738451],[-120.037007149504,34.7192994562896],[-120.036924513216,34.7190397802175],[-120.038821085251,34.7164254097465],[-120.03914078804,34.7163582861475],[-120.039377848951,34.7160314864858],[-120.039697549624,34.7159643613368],[-120.039934606969,34.7156375604078],[-120.039769323092,34.7151182102108],[-120.040006377534,34.7147914088371],[-120.039923735982,34.7145317336172],[-120.040160787969,34.7142049317233],[-120.040078146526,34.7139452564477],[-120.040315196058,34.7136184540335],[-120.039571444057,34.7112813713208],[-120.039808487554,34.7109545689907],[-120.039560578886,34.7101755392812],[-120.039797619034,34.7098487365815],[-120.039714983475,34.70958905982441],[-120.039952021168,34.7092622566042],[-120.039538849477,34.707963871224],[-120.040486971232,34.7066566538923],[-120.040404336771,34.7063969767236],[-120.040002043432,34.7062044269924],[-120.040476093597,34.7055508163948],[-120.040145563971,34.7045121056544],[-120.040465216274,34.7044449775699],[-120.040382584254,34.7041852997629],[-120.040619602531,34.70385849327531],[-120.040454339263,34.7033391374173],[-120.040691354638,34.7030123304843],[-120.040360832984,34.701973617491],[-120.040597844562,34.701646810263],[-120.040184702764,34.7003484164374],[-120.040421710099,34.7000216089896],[-120.040339082959,34.699761929905],[-120.039132313164,34.6991842716081],[-120.038884449111,34.6984052305184],[-120.039358460852,34.6977516189159],[-120.039275839718,34.6974919384398],[-120.038873595591,34.6972993829666],[-120.038790976571,34.6970397020204],[-120.039264980721,34.6963860898267],[-120.039904219019,34.6962518364073],[-120.040378208908,34.6955982191427],[-120.040047723203,34.694559496898],[-120.040521701489,34.693905877849],[-120.03931502185,34.6933282177595],[-120.039232405595,34.6930685360038],[-120.038912799317,34.6931356615493],[-120.03883018462,34.692875979455],[-120.038427965651,34.6926834214827],[-120.038345353069,34.6924237389183],[-120.037540924267,34.6920386180262],[-120.037375707004,34.6915192511481],[-120.037612699128,34.6911924462549],[-120.037210491965,34.6909998837431],[-120.037045279147,34.690480515811],[-120.037519257809,34.6898269060281],[-120.037271440066,34.6890478535918],[-120.03774540802,34.6883942418727],[-120.037497592593,34.6876151887]]},"properties":{"segment_id":"9d4299286d6b172b583fd9e4","source_kmz":"santaynez","orientation":"unverified"}},{"type":"Feature","geometry":{"type":"LineString","coordinates":[[-120.057246874191,34.7089536338423],[-120.057164180896,34.7086939691628],[-120.05740114197,34.7083671302767],[-120.056822301356,34.7065494743657],[-120.056419966279,34.7063569811281],[-120.056171904752,34.7055779827486],[-120.05576957636,34.7053854870714],[-120.055521524517,34.7046064864919],[-120.055119202809,34.7044139883751],[-120.055356159403,34.7040871521144],[-120.05486007741,34.7025291458232],[-120.054457768176,34.7023366449976],[-120.054127064208,34.70129797015],[-120.053724763217,34.7011054665461],[-120.053394074383,34.7000667882378],[-120.052991781636,34.6998742818558],[-120.052495774422,34.69831625841181],[-120.052093493035,34.6981237485743],[-120.051845501612,34.6973447340587],[-120.05104095421,34.6969597080808],[-120.050792977145,34.6961806903483],[-120.050390711131,34.69598817420781],[-120.05030805478,34.6957285010283],[-120.049503531886,34.695343463799],[-120.049007624164,34.693785417892],[-120.046996398799,34.6928227897459],[-120.046913757252,34.6925631132739],[-120.046511519756,34.6923705830351],[-120.046428880323,34.6921109060928],[-120.046026646391,34.6919183740917],[-120.045944009073,34.691658696679],[-120.04433509964,34.69088855308421],[-120.044169839141,34.6903691951546],[-120.043767619915,34.6901766550197],[-120.043684992058,34.6899169755187],[-120.04288056274,34.689531890301],[-120.042797938556,34.689272209991],[-120.039580313985,34.6877318094695],[-120.038941145653,34.6878660623637],[-120.038538952503,34.6876735037228],[-120.037899782843,34.6878077509343],[-120.037817177253,34.6875480666183],[-120.037497592593,34.6876151887]]},"properties":{"segment_id":"532b0a5915b5ad6024394d69","source_kmz":"santaynez","orientation":"unverified"}},{"type":"Feature","geometry":{"type":"LineString","coordinates":[[-120.28753149218,34.6877475103884],[-120.287114274198,34.6864499734548],[-120.287586109903,34.6857953496501],[-120.28741922488,34.6852763342493],[-120.287655138854,34.6849490216095],[-120.287404814208,34.6841704977383],[-120.287640724865,34.683843184733],[-120.287473843694,34.6833241683055],[-120.287709751473,34.6829968548588],[-120.287542871666,34.6824778380508],[-120.287778776567,34.6821505241627],[-120.287111276259,34.6800744522159],[-120.287347175648,34.6797471383401],[-120.287263740193,34.6794876288238],[-120.287735532095,34.6788329994451],[-120.287318358843,34.6775354506234],[-120.286512846336,34.6771520371894],[-120.286345987202,34.6766330153625],[-120.286817769444,34.6759783876459],[-120.28673433984,34.6757188766838],[-120.288149635949,34.6737549797572],[-120.286564529944,34.6688242547807],[-120.287979704042,34.6668603451008],[-120.287896280383,34.6666008323798],[-120.288132135297,34.6662735120993],[-120.28845141275,34.6662057037962],[-120.288367988213,34.6659461912257],[-120.28860383913,34.665618869759],[-120.288520414714,34.6653593571306],[-120.288756263194,34.665032035146],[-120.288005464727,34.6626964161678],[-120.288241307258,34.662369094267],[-120.288074468443,34.6618500665112],[-120.288310308097,34.6615227441676],[-120.288143470646,34.6610037160287],[-120.288379307424,34.6606763932421],[-120.288295889101,34.6604168790477],[-120.287893218672,34.66022517282],[-120.287809802469,34.6599656581504],[-120.288045637492,34.6596383356643],[-120.287878805888,34.6591193060751],[-120.288114638035,34.658791983146],[-120.287947807796,34.6582729531734],[-120.288183637067,34.6579456298011],[-120.287516335016,34.6558695051743],[-120.287752158779,34.655542181809],[-120.287585337992,34.6550231494679],[-120.287821158879,34.6546958256592],[-120.287404114526,34.6533982428455],[-120.287001482891,34.6532065320695],[-120.286918077261,34.6529470147644],[-120.287389710016,34.652292367753],[-120.287306304069,34.6520328504642],[-120.28754211701,34.6517055261432],[-120.287375305919,34.6511864913149],[-120.287611115985,34.6508591665503],[-120.286526892818,34.6474854281186],[-120.287234293917,34.6465034531824],[-120.285623924769,34.6457365933637],[-120.28545713945,34.645217552391],[-120.285692939425,34.6448902293471],[-120.285609547167,34.644630708735],[-120.285845344706,34.6443033851722],[-120.285678560993,34.6437843436966],[-120.285275983736,34.6435926249504],[-120.284191964482,34.6402188378803],[-120.284427754563,34.6398915155867],[-120.2841776084,34.6391129463549],[-120.284413395167,34.6387856236914],[-120.284330013794,34.6385261004212],[-120.284801580458,34.6378714534619],[-120.285120743483,34.6378036521379],[-120.285037360794,34.6375441290915],[-120.285273139132,34.6372168041273],[-120.28502299311,34.636438234409],[-120.285966081226,34.63512892950821],[-120.285882698585,34.6348694062993],[-120.286118465182,34.634542078664],[-120.286035082662,34.6342825553956],[-120.286978127324,34.6329732392136],[-120.287616408535,34.6328376230686],[-120.28785216159,34.6325102912018],[-120.288171299797,34.6324424811461],[-120.288407049297,34.6321151480171]]},"properties":{"segment_id":"2b74672cd779053373dd19a9","source_kmz":"santaynez","orientation":"unverified"}},{"type":"Feature","geometry":{"type":"LineString","coordinates":[[-120.291268136756,34.6367747793747],[-120.291503886355,34.6364474415635],[-120.291253680049,34.6356688845222],[-120.290851131239,34.6354771832642],[-120.290767731816,34.6352176636406],[-120.290365186563,34.63502596061331],[-120.290281789259,34.6347664405139],[-120.289879247561,34.6345747357173],[-120.289545670181,34.6335366526123],[-120.289143136715,34.6333449450201],[-120.288823995634,34.6334127576622],[-120.288407049297,34.6321151480171]]},"properties":{"segment_id":"6eb80a629aef9ac272ee722d","source_kmz":"santaynez","orientation":"unverified"}},{"type":"Feature","geometry":{"type":"LineString","coordinates":[[-120.177486583329,34.6636610897212],[-120.178195518188,34.6626797927666],[-120.178029418203,34.662160608496],[-120.178974633125,34.6608522048261],[-120.1788915822,34.6605926127906],[-120.179210931852,34.6605251024213],[-120.179127880485,34.6602655104605],[-120.179364176769,34.65993840753551],[-120.179683523304,34.6598708958269],[-120.181101249634,34.657908261765],[-120.181739922325,34.65777322767981],[-120.182685020724,34.6564647877155],[-120.182435846371,34.6556860153694],[-120.183144645181,34.6547046798207],[-120.184102608297,34.6545021099197],[-120.18433886589,34.6541749948713]]},"properties":{"segment_id":"b5cb20de20b580f5c3b59a25","source_kmz":"santaynez","orientation":"unverified"}},{"type":"Feature","geometry":{"type":"LineString","coordinates":[[-120.191318047954,34.6759800910077],[-120.190998644983,34.6760476333055],[-120.188181115574,34.6747033376299],[-120.188098018813,34.6744437560716],[-120.187695524178,34.6742517077887],[-120.187446241923,34.6734729612963],[-120.187682543384,34.67314584629001],[-120.187100901241,34.6713287670217],[-120.187337197605,34.6710016519464],[-120.187171018277,34.6704824853966],[-120.187407311755,34.67015536987681],[-120.186991870999,34.668857451554],[-120.187228160264,34.6685303358146],[-120.187061986986,34.6680111677059],[-120.187298273366,34.6676840515218],[-120.187049016311,34.6669052985878],[-120.187285299363,34.6665781820338],[-120.186869879896,34.6652802581951],[-120.187106158735,34.6649531414211],[-120.186192280182,34.6620976981083],[-120.186428552157,34.6617705815628],[-120.186262398794,34.6612514084735],[-120.186498667883,34.6609242914828],[-120.185917145606,34.6591071820065],[-120.186153409599,34.6587800649443],[-120.185821121669,34.6577417140463],[-120.185418719714,34.6575496544133],[-120.185654981054,34.6572225377994],[-120.185571911584,34.6569629494765],[-120.185169514304,34.6567708888217],[-120.185405774318,34.6564437724318],[-120.184198597833,34.65586758414641],[-120.184115534714,34.6556079944027],[-120.184351795634,34.6552808797253],[-120.18426873263,34.6550212899232],[-120.184588054553,34.654953764453],[-120.18433886589,34.6541749948713]]},"properties":{"segment_id":"26ff9e2189bca5e1d16537fe","source_kmz":"santaynez","orientation":"unverified"}},{"type":"Feature","geometry":{"type":"LineString","coordinates":[[-120.493947845295,34.5865699933494],[-120.492774125322,34.588208805307],[-120.492858151837,34.5884681937169],[-120.492623401441,34.5887959544073],[-120.491667065635,34.5890010664038],[-120.491264263802,34.5888100459966],[-120.490307924217,34.5890151468607],[-120.490073161351,34.5893429022251],[-120.489435595692,34.5894796304265],[-120.489200827719,34.5898073838675],[-120.488244470326,34.5900124676072],[-120.488009695687,34.5903402184592],[-120.487053328545,34.5905452923234],[-120.486650530066,34.5903542563333],[-120.486012950017,34.5904909656963],[-120.485610154391,34.5902999261065],[-120.485291363952,34.5903682783902],[-120.484888570748,34.5901772362857],[-120.483932197346,34.5903822846299],[-120.483529407427,34.590191237841],[-120.48329461226,34.5905189791492],[-120.482338230404,34.5907240143631],[-120.481935442643,34.5905329621499],[-120.480022666307,34.5909430024335],[-120.479217101937,34.59056088069961],[-120.478898304772,34.5906292155134],[-120.476884430837,34.5896738807341],[-120.476800456596,34.5894144811844],[-120.476397689339,34.5892234095946],[-120.475760100491,34.589360063159],[-120.475357336088,34.5891689879699],[-120.47408215336,34.589442280255],[-120.473847320427,34.5897700028432],[-120.473528521778,34.58983832306],[-120.473612485504,34.5900977248394],[-120.473377648591,34.5904254462438],[-120.472740044495,34.5905620831381],[-120.472505202474,34.5908898026184],[-120.472186398022,34.5909581190865],[-120.471481855338,34.5919412719779],[-120.471163045648,34.5920095855725],[-120.470928192546,34.5923373013531],[-120.470525424576,34.5921462101355],[-120.470206613196,34.5922145211039],[-120.469971755418,34.5925422348864],[-120.469652941916,34.5926105443133],[-120.469183217272,34.5932659687704],[-120.468864400089,34.5933342759897],[-120.467924920676,34.5946451151362],[-120.467606096694,34.594713418816],[-120.466666579192,34.5960242458271],[-120.466347748412,34.59609254596721],[-120.465877974598,34.596747954589],[-120.465559140137,34.5968162525214],[-120.465324248684,34.5971439552783],[-120.465408192819,34.5974033608431],[-120.465173298942,34.5977310630823],[-120.465257243208,34.597990468586],[-120.465022346908,34.5983181703075],[-120.465106291304,34.5985775757501],[-120.464166684465,34.5998883770137],[-120.464250627695,34.6001477826181],[-120.464015720575,34.6004754815285],[-120.464267552348,34.60125369775311],[-120.464032641939,34.6015813962944],[-120.464956063726,34.6044348461945],[-120.46472114657,34.6047625449613],[-120.464889047899,34.605281352426],[-120.464654127887,34.6056090507498],[-120.464989935576,34.6066466643555],[-120.464520086117,34.607302059823],[-120.464687991612,34.607820866113],[-120.465090826816,34.60801197412721],[-120.465409707864,34.6079436783233],[-120.464704924201,34.6089267717534],[-120.465040746984,34.60996438139],[-120.464805813384,34.6102920783145],[-120.464889770056,34.6105514804605],[-120.465292619988,34.6107425871996],[-120.46546053814,34.6112613903976],[-120.465225602378,34.6115890876946],[-120.465628458547,34.6117801930555],[-120.465712419596,34.6120395941821],[-120.46500760244,34.6130226849692],[-120.464688700085,34.6130909792905],[-120.464940579732,34.6138691831596],[-120.46329591665,34.616163037862],[-120.463379874631,34.616422439404],[-120.463144914362,34.6167501306414],[-120.463228872474,34.6170095321232],[-120.462758945093,34.6176649129728],[-120.462842902904,34.617924314469],[-120.462523978414,34.6179926025104],[-120.461819066424,34.6189756675743],[-120.461903022504,34.6192350693691],[-120.461668047424,34.6195627566155],[-120.461752003635,34.6198221583502],[-120.461433070351,34.6198904432704],[-120.460728127178,34.6208734996863],[-120.460896036702,34.6213923036187],[-120.460577096183,34.6214605860838],[-120.459167141489,34.6234266798466],[-120.459335046083,34.6239454845562],[-120.459737952091,34.6241366076123],[-120.459905862058,34.6246554110943],[-120.459670862031,34.6249830923583],[-120.459838773387,34.62550189545091],[-120.459603770502,34.6258295762734],[-120.459771683246,34.6263483789767],[-120.460090644647,34.6262800990793],[-120.46034252098,34.6270583014953],[-120.460107515498,34.6273859827669],[-120.460527318493,34.6286829844738],[-120.460930252148,34.6288741024178],[-120.460695243637,34.6292017842137],[-120.460863171035,34.629720583415],[-120.461182145389,34.6296523007928],[-120.460712123776,34.6303076642433],[-120.461887680525,34.63393924273671],[-120.462290644951,34.6341303548806],[-120.462374619078,34.6343897519906],[-120.463012603096,34.6342531783232],[-120.465430446057,34.6353998060695],[-120.465749439817,34.6353315114089],[-120.465833426859,34.6355909056896],[-120.467042381225,34.6361641959707],[-120.467361376716,34.6360958969678],[-120.468570350317,34.6366691711235],[-120.468889346542,34.6366008679882],[-120.470098339379,34.6371741260182],[-120.471055328563,34.6369692015869],[-120.471525302972,34.636313801358],[-120.471844295118,34.63624549013041],[-120.472650299256,34.6366276433512],[-120.472969291703,34.6365593290766],[-120.473053304315,34.6368187178167],[-120.473859320411,34.6372008624579],[-120.474178314155,34.6371325449265],[-120.475387354543,34.6377057479066],[-120.47570634902,34.6376374262426],[-120.475471376518,34.6379651345805],[-120.475807470058,34.6390026799301],[-120.475572493833,34.639330387978],[-120.475740543123,34.6398491599959],[-120.47550556404,34.6401768676036],[-120.475757640908,34.640955024847],[-120.475522658534,34.6412827320897],[-120.475690711736,34.6418015030632],[-120.475455726504,34.6421292098658],[-120.47570780924,34.6429073655431],[-120.475472820718,34.643235071981],[-120.47564087783,34.6437538419107],[-120.47540588645,34.6440815479085],[-120.475657975053,34.6448597020205],[-120.475422980382,34.6451874076537],[-120.475843137175,34.6464843288614],[-120.475608138348,34.646812034281]]},"properties":{"segment_id":"2a740b939cc1124cedf7d80b","source_kmz":"santaynez","orientation":"unverified"}},{"type":"Feature","geometry":{"type":"LineString","coordinates":[[-119.915412450188,34.7079221126652],[-119.916600222972,34.7062893483001],[-119.916518005687,34.7060295837392],[-119.91699309983,34.7053764739571],[-119.916828665113,34.7048569447421],[-119.917303749411,34.7042038328676],[-119.917139315102,34.7036843034284],[-119.917376853334,34.7033577467439],[-119.917294636557,34.70309798190271],[-119.917532172328,34.702771424695],[-119.917367739532,34.7022518947693]]},"properties":{"segment_id":"320621273ea13ffcfc8ed896","source_kmz":"santaynez","orientation":"unverified"}},{"type":"Feature","geometry":{"type":"LineString","coordinates":[[-119.921305264386,34.703921790202],[-119.920903281302,34.7037288305405],[-119.920821052265,34.7034690682826],[-119.918409205303,34.7023112784358],[-119.918089455973,34.7023780731019],[-119.917687488964,34.7021851020668],[-119.917367739532,34.7022518947693]]},"properties":{"segment_id":"72fa14d0e55804031d19ee9f","source_kmz":"santaynez","orientation":"unverified"}},{"type":"Feature","geometry":{"type":"LineString","coordinates":[[-120.100254580932,34.6866069683968],[-120.100574106801,34.6865396747683],[-120.100491291824,34.6862800344173],[-120.101438115346,34.6849722925436],[-120.1012724835,34.6844530120461],[-120.103639393112,34.6811836171706],[-120.103556573572,34.6809239774739],[-120.105686616878,34.6779814718332],[-120.106006102327,34.6779141627307],[-120.105923278337,34.6776545237837],[-120.106633250693,34.6766736760608],[-120.106550425925,34.6764140372062],[-120.106787078924,34.6760870868487],[-120.106704254268,34.6758274479367],[-120.107414199911,34.6748465935147],[-120.107331374477,34.674586954695],[-120.107804660664,34.673933048918],[-120.107556185034,34.6731541321137],[-120.107792823788,34.6728271785561],[-120.107627175262,34.67230790017431],[-120.107863811123,34.6719809461705],[-120.107615341176,34.6712020278294],[-120.107851973699,34.6708750734541],[-120.107769151052,34.6706154338171],[-120.108005781127,34.6702884789207],[-120.107840136614,34.6697691993989],[-120.108076763796,34.6694422440562],[-120.107911120621,34.6689229641541],[-120.108147744909,34.6685960083649],[-120.107816463461,34.6675574472702],[-120.108053083967,34.6672304911839],[-120.107390544238,34.6651533632332],[-120.108573598931,34.6635185768485],[-120.108893022047,34.6634512587936],[-120.109839423517,34.6621434162761],[-120.110158839844,34.6620760946614],[-120.112761261516,34.6584794711933],[-120.113080660147,34.6584121413253],[-120.114263491194,34.6567772852832],[-120.115221660376,34.6565752803566],[-120.116167870475,34.6552673767487]]},"properties":{"segment_id":"568a13f8e9965d8d6e102a3c","source_kmz":"santaynez","orientation":"unverified"}},{"type":"Feature","geometry":{"type":"LineString","coordinates":[[-120.10505804593,34.7241092912649],[-120.105531655043,34.7234554298664],[-120.105365913075,34.7229361768489],[-120.105602713731,34.7226092454097],[-120.105436973102,34.7220899920183],[-120.105910566614,34.7214361276601],[-120.105744826433,34.7209168740467],[-120.105981619289,34.7205899411276],[-120.106620941837,34.7204553266626],[-120.106857729567,34.7201283918074],[-120.107177388444,34.7200610825869],[-120.107650954764,34.719407209751],[-120.108290264604,34.7192725859929],[-120.108527041634,34.7189456473416],[-120.110764597591,34.7184744318313],[-120.110681714074,34.7182148076975],[-120.111391999025,34.7172339743199],[-120.110977583128,34.7159358528154],[-120.111451091948,34.7152819616825],[-120.110788048379,34.7132049616437],[-120.111261542053,34.7125510693453],[-120.111178663225,34.71229144389951],[-120.111415406609,34.7119644969339],[-120.111166772135,34.7111856200338],[-120.111403512178,34.7108586727007],[-120.111320634689,34.7105990468796],[-120.111557372282,34.7102720990274],[-120.111474494906,34.7100124731504],[-120.111947963184,34.7093585758129],[-120.112267573027,34.7092912519017],[-120.112741030164,34.7086373508436],[-120.113699846987,34.7084353698181],[-120.113451200831,34.7076564947949],[-120.113687920376,34.70732954158891],[-120.113439277902,34.7065506656066],[-120.11375887482,34.7064833374163],[-120.11446901274,34.7055024728982],[-120.114788604421,34.7054351418182],[-120.115025311491,34.7051081851185],[-120.115344901053,34.7050408524899],[-120.115581604559,34.7047138945247],[-120.115250068134,34.7036753953718],[-120.11572346557,34.7030214782616],[-120.115640581968,34.7027618532949],[-120.115877277234,34.7024348939229],[-120.115711510811,34.7019156437449],[-120.116184893549,34.7012617235183],[-120.116504466178,34.7011943874407],[-120.116741152981,34.7008674257644],[-120.117060723492,34.7008000881384],[-120.11729740673,34.7004731251965],[-120.117616975125,34.700405786022],[-120.117368315312,34.6996269125393],[-120.11760499365,34.6992999485585],[-120.11735633752,34.6985210741147],[-120.117829685514,34.697867144821],[-120.118149242659,34.6977998040017],[-120.117900585869,34.6970209294453],[-120.118137253965,34.6966939634617],[-120.117888600858,34.6959150879437],[-120.118125265615,34.6955881215913],[-120.117462211629,34.693511115004],[-120.117935528014,34.69285718172],[-120.117686889297,34.692078302523],[-120.117923543149,34.6917513352142],[-120.117840664246,34.6914917086264],[-120.11807731565,34.6911647407977],[-120.11799443686,34.6909051141531],[-120.11870437771,34.6899242073218],[-120.118455740682,34.6891453272728],[-120.11869238229,34.6888183573644],[-120.11860950395,34.6885587304924],[-120.118846143109,34.688231760064],[-120.118680387213,34.6877125060739],[-120.118917023478,34.6873855352007],[-120.118668392479,34.68660665345],[-120.119141656331,34.6859527103689],[-120.119058779557,34.6856930830047],[-120.119295408032,34.6853661106464],[-120.119934415746,34.6852314182891],[-120.121827346469,34.6826156072644],[-120.121744464247,34.6823559808588],[-120.121981071126,34.6820290018769],[-120.121815307464,34.6815097488192],[-120.122051911451,34.681182769392],[-120.121803268804,34.6804038890385],[-120.121400908062,34.6802116138598],[-120.121235152202,34.67969235895],[-120.121471753077,34.6793653800482],[-120.121388875538,34.6791057524698],[-120.121625473966,34.6787787730476],[-120.12154259654,34.678519145412],[-120.122015786495,34.6778651849312],[-120.121767154893,34.6770863016801],[-120.122003745533,34.6767593207715],[-120.121837993029,34.6762400647589],[-120.122074580776,34.6759130834047],[-120.121908829612,34.6753938270125],[-120.121506494707,34.6752015511451],[-120.121009263939,34.6736437767527],[-120.12060694039,34.6734514974225],[-120.120524072104,34.673191867554],[-120.120121752117,34.6729995864594],[-120.120358337204,34.6726726074197],[-120.120275470589,34.6724129771539],[-120.120512053228,34.6720859975935],[-120.120429186727,34.6718263672701],[-120.120665766918,34.6714993871889],[-120.119422829572,34.6676049175643],[-120.119659401094,34.667277938009],[-120.118452546007,34.6667010777942],[-120.118369692204,34.6664414444814],[-120.118606264621,34.6661144666405],[-120.118440557798,34.6655951997667],[-120.118038282564,34.6654029099051],[-120.117955431546,34.66514327592971],[-120.117553159873,34.6649509843038],[-120.117387462625,34.6644317152757],[-120.116985196071,34.6642394215458],[-120.116819504167,34.6637201513081],[-120.116417242733,34.663527855474],[-120.115920189737,34.6619700395406],[-120.116393325917,34.6613160899718],[-120.116227644262,34.6607968172315],[-120.116700770654,34.6601428655773],[-120.117020172729,34.6600755250691],[-120.117256731363,34.6597485476777],[-120.117173889036,34.6594889115393],[-120.117410445223,34.6591619336265],[-120.117244761351,34.6586426611009],[-120.117481314647,34.65831568274111],[-120.117315632114,34.6577964098338],[-120.117552182518,34.6574694310269],[-120.117055145616,34.6559116095675],[-120.116250704893,34.6555270148028],[-120.116167870475,34.6552673767487]]},"properties":{"segment_id":"3277cce3dc8a8bac01df391e","source_kmz":"santaynez","orientation":"unverified"}},{"type":"Feature","geometry":{"type":"LineString","coordinates":[[-120.18433886589,34.6541749948713],[-120.184575121483,34.6538478792279],[-120.184492059269,34.65358828917591],[-120.184728312419,34.653261173012],[-120.184562188782,34.6527419926581],[-120.184798439047,34.6524148760484],[-120.184396067379,34.6522228117719],[-120.184313007514,34.6519632211292],[-120.184549256452,34.6516361047432],[-120.184217020807,34.6505977411399],[-120.184689509145,34.649943507179],[-120.183884794092,34.6495593754072],[-120.183801738808,34.6492997836413],[-120.184037981767,34.6489726673309],[-120.183954926599,34.6487130755063],[-120.184191167116,34.6483859586752],[-120.183858950258,34.6473475903436],[-120.184095187006,34.6470204732152],[-120.18359687581,34.6454629171698],[-120.183833107905,34.6451357998927],[-120.18375005755,34.6448762068268],[-120.184222514855,34.6442219706356],[-120.184541792188,34.6441544444901],[-120.185014238377,34.6435002045788],[-120.184931185812,34.6432406118847],[-120.185167405464,34.6429134911106],[-120.185084353015,34.6426538983576],[-120.185320570225,34.6423267770626],[-120.185154466117,34.6418075913055],[-120.185390680443,34.6414804695638],[-120.18514152714,34.6407016901518],[-120.185377738141,34.6403745680377],[-120.184962491586,34.6390766000569]]},"properties":{"segment_id":"a1e36864629e947dd8dbd474","source_kmz":"santaynez","orientation":"unverified"}},{"type":"Feature","geometry":{"type":"LineString","coordinates":[[-120.209084140719,34.6622435196804],[-120.208279176256,34.6618595610442],[-120.208112875854,34.6613404190731],[-120.20730792563,34.6609564533694],[-120.207224779385,34.6606968815026],[-120.206822308832,34.6605048961709],[-120.206739164705,34.6602453238302],[-120.205531769727,34.6596693582569],[-120.205365492503,34.6591502111311],[-120.204963034629,34.6589582190731],[-120.204796762758,34.6584390707335],[-120.203991859246,34.6580550809763],[-120.203908727266,34.65779550592511],[-120.20350628007,34.6576035085668],[-120.203340020904,34.6570843573836],[-120.202937578826,34.6568923579177],[-120.20252194848,34.6555944759268],[-120.202119516197,34.6554024733307],[-120.202355700252,34.6550753221989],[-120.201953271086,34.654883318921],[-120.202189454259,34.6545561679387],[-120.2021063321,34.65429659060891],[-120.201703907609,34.6541045863084],[-120.201537668084,34.6535854305677],[-120.201135248712,34.6533934241596],[-120.200885898289,34.6526146885277],[-120.1996786662,34.6520386576806],[-120.199359369519,34.6521062245873],[-120.199193150048,34.651587064373],[-120.198790746911,34.6513950494724],[-120.198707639572,34.6511354688246],[-120.198305239994,34.6509434521574],[-120.198222134772,34.6506838710356],[-120.197819738752,34.6504918526019],[-120.1976535331,34.6499726892771],[-120.197251142197,34.6497806687358],[-120.197168041767,34.6495210865328],[-120.195960885736,34.648945015332],[-120.195877790539,34.6486854319733],[-120.195073032969,34.6483013766958],[-120.194906850485,34.6477822082154],[-120.194504477817,34.6475901777564],[-120.194421388971,34.6473305929756],[-120.194019019861,34.6471385607501],[-120.193935933132,34.6468789754952],[-120.19353356758,34.6466869415032],[-120.193450482967,34.6464273557743],[-120.193131204029,34.6464949060855],[-120.192965038478,34.6459757338127],[-120.192562680043,34.6457836962877],[-120.192479599664,34.6455241096106],[-120.192077244787,34.6453320703192],[-120.191911088819,34.6448128958837],[-120.191508739059,34.6446208544849],[-120.190761078856,34.6422845598624],[-120.190358745119,34.6420925139704],[-120.190192607663,34.6415733352401],[-120.189790279043,34.6413812872407],[-120.18970721271,34.6411216973348],[-120.189304887647,34.640929647569],[-120.189138759772,34.6404104666756],[-120.187127180037,34.6394501930551],[-120.187044124727,34.6391906007042],[-120.186239509948,34.6388064805957],[-120.184962491586,34.6390766000569]]},"properties":{"segment_id":"9c4798175df45823d4c5ace4","source_kmz":"santaynez","orientation":"unverified"}},{"type":"Feature","geometry":{"type":"LineString","coordinates":[[-120.000184555179,34.7214831190115],[-120.000504312492,34.7214161013575],[-120.000421796751,34.7211564001182],[-120.000741552504,34.7210893817923],[-120.001546100405,34.7214747436117],[-120.002185612041,34.7213406999823],[-120.002422844704,34.7210139769816],[-120.002742598129,34.72094695317701],[-120.002979827225,34.720620228908],[-120.003299578535,34.7205532035528],[-120.003701855073,34.7207458764912],[-120.004021606277,34.720678849172],[-120.004496049984,34.7200253946623],[-120.004815797513,34.7199583651206],[-120.005527443333,34.7189781768679],[-120.005032271453,34.717419984616],[-120.005506686573,34.716766523706],[-120.006785615851,34.7164983882758],[-120.007187879958,34.7166910500737],[-120.007827342162,34.7165569749164],[-120.008064536243,34.7162302387882],[-120.007899465533,34.7157108439311],[-120.008219192234,34.7156438047761],[-120.008456381851,34.7153170675307],[-120.008776106437,34.7152500268253],[-120.009013292486,34.7149232883116],[-120.009972458237,34.7147221589084],[-120.0102096376,34.7143954177828],[-120.010849075538,34.7142613257775],[-120.011086249774,34.71393458271191],[-120.011405966351,34.7138675347195],[-120.01164313702,34.7135407903858],[-120.011560592224,34.7132810947917],[-120.011797760437,34.712954349937],[-120.011715215748,34.7126946542871],[-120.011952381505,34.7123679089116],[-120.011787292895,34.7118485173689],[-120.012107000223,34.71178146730941],[-120.012344161516,34.7114547208166],[-120.012261616592,34.7111950251304],[-120.013210239893,34.7098880334968],[-120.014489028451,34.7096198118645],[-120.014406478274,34.7093601171756],[-120.014643622395,34.7090333651644],[-120.01439597385,34.7082542805357],[-120.01487025338,34.70760077517631],[-120.015189940439,34.7075337163835],[-120.015427075634,34.7072069621374],[-120.016066444967,34.7070728405728],[-120.016540703099,34.7064193276042],[-120.01637559634,34.7058999391885],[-120.016612721499,34.7055731819602],[-120.016447616065,34.7050537931695],[-120.01668473832,34.7047270354954],[-120.016602185988,34.7044673409782],[-120.017076423579,34.7038138239909],[-120.016993870906,34.7035541294929],[-120.017230986243,34.7032273701798],[-120.016818228968,34.7019288960938],[-120.017055340057,34.7016021365603],[-120.016890240138,34.7010827461561],[-120.017127348323,34.7007559861765],[-120.016879701265,34.6999768998095],[-120.017116806099,34.6996501394589],[-120.017034257742,34.6993904438154],[-120.01727136012,34.6990636829433],[-120.017106264177,34.698544291412],[-120.017343363652,34.6982175300936],[-120.017260816065,34.6979578342058],[-120.017497913085,34.6976310723658],[-120.017415365605,34.6973713764216],[-120.017889552729,34.696717851102],[-120.017807004908,34.6964581551764],[-120.018044095012,34.6961313916968],[-120.017961547298,34.6958716957147],[-120.018198634947,34.6955449317135],[-120.017868447853,34.6945061467694],[-120.018579693382,34.6935258520861],[-120.018497146653,34.6932661557462],[-120.018734224035,34.6929393897334],[-120.018486585834,34.6921603001487],[-120.018723659865,34.6918335337641],[-120.01864111446,34.6915738370476],[-120.019115255607,34.6909203026381],[-120.019032709862,34.6906606059398],[-120.019269776978,34.6903338379149],[-120.019104686257,34.6898144442732],[-120.019341750471,34.6894876758013],[-120.018929031144,34.6881891897668],[-120.019877258976,34.6868821114092],[-120.019712171549,34.6863627166723],[-120.019949222595,34.6860359457405],[-120.019784136493,34.6855165506262],[-120.020021184637,34.6851897792472],[-120.019938641971,34.6849300815672],[-120.020412731346,34.6842765371682],[-120.020247645887,34.68375714171201],[-120.020721725446,34.6831035952246],[-120.020639182654,34.6828438974483],[-120.021113253294,34.6821903487228],[-120.020948167583,34.6816709530737],[-120.021896281209,34.6803638490573],[-120.022215849417,34.6802967690778],[-120.022452871251,34.6799699909097],[-120.022772437346,34.6799029093803],[-120.022689891079,34.6796432121447],[-120.023400938528,34.6786628722679],[-120.023318391473,34.6784031751243],[-120.02355540283,34.6780763940461],[-120.023472855882,34.6778166968453],[-120.023946871684,34.6771631330472],[-120.023864324396,34.6769034358637],[-120.024101328841,34.6765766531438],[-120.023936235034,34.6760572585303],[-120.02464723365,34.6750769072361],[-120.024966777593,34.6750098193518],[-120.025440763527,34.674356247494],[-120.026079843518,34.6742220664046],[-120.025997292201,34.6739623698924],[-120.027656154857,34.67167484070341],[-120.027975682112,34.6716077443471],[-120.027893127215,34.6713480484311],[-120.028130097568,34.6710212555617],[-120.028047542779,34.6707615595881],[-120.028758440465,34.669781177621],[-120.0285107754,34.669002089578],[-120.029932508581,34.667041310862],[-120.030252014691,34.666974207945],[-120.030169457093,34.6667145123195],[-120.030406403601,34.6663877131798]]},"properties":{"segment_id":"fcc8b57f851643d4cf4c8902","source_kmz":"santaynez","orientation":"unverified"}},{"type":"Feature","geometry":{"type":"LineString","coordinates":[[-120.037497592593,34.6876151887],[-120.03669321811,34.6872300599612],[-120.036197620958,34.6856719459944],[-120.036434600122,34.685345141407],[-120.03626940462,34.6848257691798],[-120.035465065318,34.6844406308232],[-120.035052101869,34.6831421945623],[-120.034649943018,34.6829496215561],[-120.033741489451,34.6800930464524],[-120.03397846189,34.6797662448535],[-120.033895878087,34.679506555491],[-120.033493741051,34.6793139777449],[-120.033411159362,34.67905428791191],[-120.033648130011,34.6787274866119],[-120.033400386933,34.6779484165452],[-120.033637354235,34.6776216148724],[-120.033224457975,34.6763231624954],[-120.033543999623,34.6762560512638],[-120.033378843001,34.6757366698023],[-120.033615803608,34.6754098673837],[-120.0332136886,34.6752172878129],[-120.033131112233,34.6749575966202],[-120.03232689135,34.6745724325315],[-120.031996603896,34.6735336637316],[-120.032233563593,34.6732068633272],[-120.031831463501,34.6730142785395],[-120.031583757073,34.6722351997611],[-120.03118166366,34.6720426125343],[-120.030851402427,34.6710038376266],[-120.031088359208,34.670677038639],[-120.03100579484,34.6704173446564],[-120.031479701491,34.6697637450389],[-120.031232009035,34.6689846627455],[-120.031468958011,34.6686578622646],[-120.031303831589,34.6681384735572],[-120.031540777665,34.6678116726281],[-120.031138707386,34.6676190843215],[-120.030973585405,34.6670996945572],[-120.030654079402,34.6671667994368],[-120.030406403601,34.6663877131798]]},"properties":{"segment_id":"e75c2291062bc09fe523c4fb","source_kmz":"santaynez","orientation":"unverified"}},{"type":"Feature","geometry":{"type":"LineString","coordinates":[[-120.408677917085,34.5843013300923],[-120.409080491284,34.5844926362208],[-120.409247975284,34.58501153528501],[-120.408777784927,34.5856667222345],[-120.409280245205,34.5872234170666],[-120.409682836106,34.5874147204947],[-120.40976658301,34.5876741688162],[-120.408826170736,34.5889845406245],[-120.408993662758,34.5895034374521],[-120.411409305017,34.5906512395981],[-120.411728161834,34.5905830890176],[-120.411895676793,34.5911019807581],[-120.41166057531,34.5914295776329],[-120.411828091649,34.5919484689806],[-120.411357880972,34.5926036612471],[-120.412363015806,34.5957169997593],[-120.412765658558,34.595908290749],[-120.413100727724,34.5969460645554],[-120.414308686635,34.5975199248237],[-120.414946451246,34.5973836079993],[-120.415349109069,34.5975748897284],[-120.415667990966,34.5975067289179],[-120.416473313456,34.5978892859202],[-120.416557094492,34.5981487263429],[-120.416959760284,34.5983400023567],[-120.417378681687,34.5996372007249],[-120.417143577483,34.5999648055217],[-120.417227363017,34.6002242448644],[-120.416757147764,34.6008794528283],[-120.416840932992,34.6011388921842],[-120.416605821943,34.6014664953513],[-120.4166896073,34.6017259346464],[-120.416454493824,34.602053537295],[-120.416873426872,34.6033507321166],[-120.41727612054,34.6035420059331],[-120.417041004027,34.6038696091008],[-120.417627541785,34.6056856742954],[-120.417392420242,34.6060132773898],[-120.417795129063,34.6062045488512],[-120.417878923546,34.6064639859268],[-120.417643800701,34.6067915892439],[-120.418046514198,34.6069828596733],[-120.418381702252,34.608020605548],[-120.418146576803,34.6083482093106],[-120.41848177212,34.6093859533248],[-120.419287232284,34.6097684858752],[-120.419606161006,34.6097003152376],[-120.419689965356,34.609959750007],[-120.42009270042,34.6101510127098],[-120.420176506891,34.6104104470004],[-120.422190219899,34.6113667373603],[-120.422525482588,34.6124044662948],[-120.422928237404,34.6125957187039],[-120.424203982728,34.6123229919955],[-120.42500950181,34.6127054838464],[-120.425260980723,34.6134837735254],[-120.42566374793,34.6136750162753],[-120.425428636145,34.6140026326375],[-120.425596293817,34.6145214912104],[-120.424655823275,34.6158319513335],[-120.424823479728,34.6163508099631],[-120.424588356242,34.6166784236625],[-120.424672184879,34.6169378528498],[-120.424437058966,34.6172654660316],[-120.42460471706,34.6177843241509],[-120.424369588286,34.6181119368897],[-120.424788741198,34.6194090802035],[-120.424553608262,34.619736692723],[-120.424637440099,34.6199961210562],[-120.423999506005,34.6201324873687],[-120.423529227048,34.6207877081143],[-120.422253339631,34.6210604248956],[-120.421312732847,34.6223708486159],[-120.420355792663,34.62257536900491],[-120.419885467954,34.62323057331281],[-120.417333577754,34.6237759118086],[-120.41686322012,34.62443110308121],[-120.416544228194,34.624499265118],[-120.416628038312,34.6247586978294],[-120.415922480927,34.6257414785217],[-120.415603482763,34.6258096378916],[-120.414427506115,34.6274475905377],[-120.414595119097,34.6279664571709],[-120.414359916918,34.6282940460735],[-120.414443723819,34.6285534792631],[-120.413738104013,34.6295362426434],[-120.413821910173,34.6297956759228],[-120.413586699149,34.6301232626071],[-120.413670505438,34.6303826958269],[-120.413435291986,34.630710281994]]},"properties":{"segment_id":"328fe4ac62629c51ff088e11","source_kmz":"santaynez","orientation":"unverified"}},{"type":"Feature","geometry":{"type":"LineString","coordinates":[[-120.342249728375,34.5970907353237],[-120.342652204709,34.5972822676619],[-120.342735737357,34.5975417611307],[-120.343138217243,34.5977332916982],[-120.343221752009,34.5979927846891],[-120.344026720878,34.5983758408546],[-120.344110259321,34.5986353330245],[-120.344512748304,34.5988268586225],[-120.344763371669,34.5996053332947],[-120.34516586732,34.5997968564355],[-120.345249411121,34.6000563473804],[-120.345651910324,34.6002478687504],[-120.345735456244,34.6005073592174],[-120.346137958998,34.6006988788165],[-120.346221507036,34.6009583688057],[-120.346624013343,34.6011498866338],[-120.3467075635,34.6014093761452],[-120.347110073359,34.6016008922025],[-120.347360731869,34.6023793588991],[-120.347763248395,34.6025708724991],[-120.348013916628,34.6033493369546],[-120.348416439822,34.6035408480973],[-120.348583557897,34.6040598230414],[-120.348986086202,34.60425133207],[-120.349069647639,34.6045108189969],[-120.350277249192,34.6050853364863],[-120.350444383098,34.6056043078774],[-120.349973569246,34.6062592429308],[-120.350057136168,34.6065187285724],[-120.349350899125,34.6075011269232],[-120.349753447249,34.6076926325754],[-120.349837014981,34.6079521179614],[-120.352252354955,34.6091011198308],[-120.352586668893,34.6101390517936],[-120.35235125823,34.6104665222848],[-120.352601998266,34.6112449700667],[-120.352920991808,34.6111769816039],[-120.353323567917,34.6113684741727]]},"properties":{"segment_id":"e3d7c1028e6446fdbe5c9a7b","source_kmz":"santaynez","orientation":"unverified"}},{"type":"Feature","geometry":{"type":"LineString","coordinates":[[-120.288407049297,34.6321151480171],[-120.288156888215,34.6313365806237],[-120.287754369654,34.6311448677823],[-120.287170690975,34.6293282034499],[-120.286365681663,34.6289447686959],[-120.28660142814,34.6286174379448],[-120.28651805039,34.6283579133232],[-120.286115551408,34.6281661942062],[-120.286032175776,34.6279066691085],[-120.2862679205,34.6275793386547],[-120.285934421819,34.6265412372215],[-120.285531933745,34.6263495157093],[-120.285365190881,34.6258304635047],[-120.285600932096,34.6255031336452],[-120.284683881551,34.622648337757],[-120.285155348345,34.6219936778883],[-120.2839882788,34.6183602799258],[-120.283585838152,34.6181685499746],[-120.28333577077,34.6173899602514],[-120.284278655062,34.6160806413916],[-120.284597728571,34.6160128398625],[-120.284833443095,34.6156855079935],[-120.286109725302,34.6154142904394],[-120.285943002146,34.6148952327751],[-120.286262069302,34.6148274266117],[-120.287204872772,34.6135180804181],[-120.287121509283,34.61325855188871],[-120.287357204721,34.6129312139285],[-120.287273841353,34.6126716853389],[-120.287509534358,34.61234434685831],[-120.287426171111,34.6120848182084],[-120.287661861681,34.6117574792073],[-120.287411773984,34.6109788926741],[-120.288354511045,34.6096695316129],[-120.288021061607,34.608631415538]]},"properties":{"segment_id":"930fc2860054d5b7e890ceb1","source_kmz":"santaynez","orientation":"unverified"}},{"type":"Feature","geometry":{"type":"LineString","coordinates":[[-120.254742990293,34.6589445693088],[-120.254576383946,34.6584254918325],[-120.254812355064,34.6580982358539],[-120.25472905229,34.6578386969908],[-120.254965020969,34.6575114404934],[-120.254381914143,34.6556946652443],[-120.254853839346,34.6550401515167],[-120.254687240673,34.6545210719739],[-120.254923199396,34.6541938143691],[-120.25483990046,34.6539342744725],[-120.255075856744,34.6536070163486],[-120.254992557927,34.6533474763936],[-120.255228511773,34.6530202177505],[-120.255145213076,34.65276067773701],[-120.255381164482,34.6524334185749],[-120.255700413466,34.6523656986828],[-120.254784148907,34.6495107528434],[-120.255020091918,34.6491834932411],[-120.254686919834,34.6481453274144],[-120.254284396778,34.6479535028544],[-120.254201106715,34.6476939607225],[-120.253798587216,34.6475021343943],[-120.253465438796,34.6464639631661],[-120.253937315382,34.6458094464976],[-120.253854028796,34.6455499035061],[-120.254089963652,34.6452226443554],[-120.253840105932,34.6444440148041],[-120.254311967009,34.6437894951679],[-120.254228681342,34.6435299518664],[-120.254464608443,34.6432026912316],[-120.254062111687,34.6430108648627],[-120.253895544269,34.6424917773249],[-120.253090562986,34.6421081189408],[-120.253007283234,34.6418485742883],[-120.252604797149,34.6416567426148],[-120.252521519515,34.6413971974872],[-120.251716556457,34.6410135291773],[-120.251550009102,34.6404944371549],[-120.250745060272,34.6401107617724],[-120.25066179055,34.6398512148776],[-120.250259320692,34.639659374705],[-120.249176885475,34.6362852484759],[-120.249412811852,34.6359579954259],[-120.24932955108,34.6356984463936],[-120.249801396958,34.6350439386591],[-120.24938509709,34.6337461922365],[-120.249704274128,34.6336784873268],[-120.249454497921,34.6328998384933],[-120.249052067261,34.6327079926924],[-120.248885555703,34.6321888921183],[-120.248483130158,34.6319970442076],[-120.248233371689,34.6312183913187],[-120.248469286592,34.6308911383433],[-120.248302782863,34.6303720358974],[-120.248538694889,34.6300447824759],[-120.24813628137,34.6298529329165],[-120.248053031462,34.6295933812256],[-120.247650621499,34.6294015298981],[-120.247484126477,34.6288824254315],[-120.247081721628,34.6286905719943],[-120.246998476514,34.6284310192187],[-120.247317633692,34.6283633204299],[-120.247234388139,34.6281037677286],[-120.247470297765,34.6277765156438],[-120.247067898708,34.6275846619245],[-120.246901411515,34.6270655555854],[-120.246096625627,34.6266818425009],[-120.245930146902,34.6261627342599],[-120.24552776007,34.6259708748948],[-120.245111580831,34.6246731002425],[-120.244306828741,34.6242893738164],[-120.244057137253,34.6235107053692],[-120.244528953375,34.6228562101094],[-120.244029580214,34.6212988704902],[-120.243627223421,34.621107003548],[-120.243294325391,34.6200687730912],[-120.242489630261,34.6196850321943],[-120.242406410266,34.619425473562],[-120.242004067255,34.6192336006324],[-120.241837632057,34.6187144822827],[-120.241435294159,34.6185226072435],[-120.241352078956,34.618263047526],[-120.240949744613,34.6180711707189],[-120.240783318999,34.6175520501989],[-120.241019223733,34.6172248073172]]},"properties":{"segment_id":"2300b83568c19ffbff3f7351","source_kmz":"santaynez","orientation":"unverified"}},{"type":"Feature","geometry":{"type":"LineString","coordinates":[[-120.068171379545,34.6886488234328],[-120.068005963529,34.6881294979331],[-120.068242815607,34.6878026297857],[-120.068160107987,34.68754296691291],[-120.068396957613,34.68721609824441],[-120.068314250103,34.6869564353148],[-120.068551097278,34.6866295661253],[-120.068468389878,34.6863699031387],[-120.068705234601,34.68604303342811],[-120.068622527311,34.6857833703845],[-120.06909620985,34.6851296293251],[-120.069013502224,34.6848699662995],[-120.069250340039,34.6845430949506],[-120.069167632523,34.684283431868],[-120.069404467887,34.683956559998],[-120.069321760481,34.6836968968583],[-120.069795424303,34.6830431514797],[-120.06971271656,34.6827834883579],[-120.07018637147,34.68212974074461],[-120.070020955868,34.6816104144046],[-120.070494600973,34.6809566647063],[-120.070411893114,34.6806970014879],[-120.070648712214,34.6803701258194],[-120.070400590635,34.6795911355965],[-120.070637406391,34.6792642595564],[-120.070471993894,34.6787449322304],[-120.070708806753,34.6784180557436],[-120.070460690839,34.6776390639883],[-120.070697500356,34.6773121871297],[-120.070118579565,34.6754945355994],[-120.069716373128,34.6753020815871],[-120.069137490493,34.6734844212075],[-120.068735296969,34.6732919633979],[-120.068487217427,34.6725129630924],[-120.068085030581,34.6723205028417],[-120.067340836001,34.6699834917341],[-120.06757763525,34.6696566184584],[-120.067246894773,34.66861794371521],[-120.067483690233,34.6682910701413],[-120.067070274915,34.666992724109],[-120.06730706614,34.6666658503113],[-120.067059022282,34.6658868413279],[-120.067295810164,34.6655599671572],[-120.067213129544,34.66530029730591],[-120.067449914976,34.664973422613],[-120.067367234465,34.6647137527039],[-120.067604017447,34.664386877489],[-120.067438657202,34.6638675374226],[-120.06791221537,34.6632137855007],[-120.067746855563,34.66269444520271],[-120.068220403932,34.6620406911919],[-120.06813772397,34.6617810209931],[-120.068374494702,34.6614541431672],[-120.068291814851,34.6611944729105],[-120.068528583133,34.6608675945622],[-120.068445903391,34.6606079242475],[-120.068919433054,34.6599541659098],[-120.068836752975,34.6596944956113],[-120.069310273731,34.6590407350356],[-120.069144913458,34.6585213943387],[-120.069618424415,34.6578676316735],[-120.069535744221,34.657607961275],[-120.070009246272,34.6569541963715],[-120.069926565741,34.6566945259891],[-120.070400058886,34.6560407588472],[-120.070719484322,34.6559735445408],[-120.071192966339,34.65531977367],[-120.072470650064,34.6550509022986],[-120.072707381837,34.6547240132842],[-120.073026799821,34.654656792576],[-120.073500254243,34.6540030114149],[-120.074139082313,34.6538685646815],[-120.074375803404,34.6535416718639],[-120.075972856066,34.6532055363155],[-120.076209567366,34.6528786395465],[-120.076848381425,34.6527441778413],[-120.077652596957,34.6531290448907],[-120.07773529964,34.6533887108245],[-120.078137411968,34.653581141874],[-120.078456820502,34.6535139062446],[-120.078858935279,34.6537063347857],[-120.079178343702,34.653639097194],[-120.079580460928,34.6538315232267],[-120.082135711866,34.6532935822199],[-120.082372397359,34.6529666730037],[-120.08277451904,34.6531590881913],[-120.083011201418,34.6528321776334],[-120.083650003253,34.6526976787524],[-120.084052126716,34.6528900896019],[-120.085649123799,34.6525538216174],[-120.086359122872,34.6515730700418],[-120.086997908468,34.6514385526795],[-120.087234567704,34.6511116329528],[-120.087151835534,34.6508519730911],[-120.087388492322,34.6505250528421],[-120.087305760262,34.6502653929219],[-120.087779066941,34.6496115507823]]},"properties":{"segment_id":"67f8cdcf1e5f338bfc5b70a8","source_kmz":"santaynez","orientation":"unverified"}},{"type":"Feature","geometry":{"type":"LineString","coordinates":[[-120.088983636723,34.65767035135571],[-120.089930304401,34.65636266173941],[-120.090249714169,34.6562953940934],[-120.089587746894,34.6542181403878],[-120.088783460575,34.6538333559116],[-120.089020119592,34.6535064334302],[-120.088606421472,34.6522081425305],[-120.088204290216,34.6520157472038],[-120.087873347961,34.65097711073841],[-120.08811000208,34.6506501890736],[-120.087779066941,34.6496115507823]]},"properties":{"segment_id":"d34ae5faaec1107397c72fbe","source_kmz":"santaynez","orientation":"unverified"}},{"type":"Feature","geometry":{"type":"LineString","coordinates":[[-120.408545804721,34.5807240432154],[-120.40879701394,34.581502396036],[-120.409199573864,34.5816937023522],[-120.409283312952,34.5819531526777],[-120.408342962059,34.5832635289648],[-120.408677917085,34.5843013300923]]},"properties":{"segment_id":"855766e6a2f0575dd7a97cfc","source_kmz":"santaynez","orientation":"unverified"}},{"type":"Feature","geometry":{"type":"LineString","coordinates":[[-120.231352672452,34.6572503554324],[-120.231186226924,34.6567312436728],[-120.231422291942,34.656404034308],[-120.231019783634,34.6562121313804],[-120.230936562827,34.6559525750345],[-120.231172626523,34.6556253658941],[-120.230839747127,34.6545871394774],[-120.230437249731,34.6543952341613],[-120.230354032839,34.6541356768828],[-120.229951539002,34.6539437697992],[-120.229868324228,34.6536842120463],[-120.229549047164,34.6537518612893],[-120.228966566399,34.65193495183221],[-120.229202626163,34.6516077452261],[-120.228952998614,34.6508290679698],[-120.228550525483,34.6506371553651],[-120.228300907642,34.6498584758855],[-120.227898441187,34.6496665608308],[-120.227565631461,34.6486283182935],[-120.227801687055,34.6483011133271],[-120.22771848558,34.6480415524341],[-120.22819058989,34.6473871408672],[-120.227940986176,34.6466084578359],[-120.227538537543,34.646416540856],[-120.22703935456,34.6448591691451],[-120.226636917279,34.6446672486914],[-120.22647053054,34.6441481230382],[-120.226068098374,34.6439562004758],[-120.225735337837,34.6429179462037],[-120.225971383737,34.6425907428773],[-120.225721817881,34.6418120509959],[-120.225319399741,34.6416201253619],[-120.224653927849,34.63954360507681],[-120.224251524175,34.6393516752863],[-120.224001986111,34.6385729769535],[-120.223599589111,34.6383810447131],[-120.223433236312,34.6378619111413],[-120.223030844428,34.6376699767922],[-120.222864496981,34.6371508420038],[-120.22310053742,34.6368236423959],[-120.222698151768,34.6366317066815],[-120.22261498,34.6363721388201],[-120.22181021781,34.6359882624307],[-120.221727049717,34.6357286937532],[-120.221324673178,34.6355367530781],[-120.220992012626,34.6344984756676],[-120.220589644318,34.6343065322013],[-120.220506482134,34.6340469621736],[-120.221450633913,34.63273817474061],[-120.221367470525,34.6324786048762],[-120.221603503032,34.63215140660491],[-120.2213540149,34.63137269643291],[-120.221590044086,34.6310454977892],[-120.221174239501,34.6297476452015],[-120.221646287472,34.6290932468707],[-120.221479967785,34.6285741051968],[-120.22242403622,34.6272653019881],[-120.222174555592,34.626486589364],[-120.22288258197,34.6255049813762],[-120.223201748179,34.6254373482357],[-120.223437751417,34.6251101437139],[-120.22375691551,34.6250425090275],[-120.224228912876,34.6243880968606],[-120.224867233155,34.624252822181],[-120.225103225725,34.6239256138668],[-120.225422383469,34.6238579745428],[-120.226838287586,34.6218947081471],[-120.228434021195,34.6215564783038],[-120.232209289269,34.61632094299261],[-120.232847528961,34.6161856235104]]},"properties":{"segment_id":"84855be8ac3e9daf03711765","source_kmz":"santaynez","orientation":"unverified"}},{"type":"Feature","geometry":{"type":"LineString","coordinates":[[-120.440809959853,34.5782609221365],[-120.439853617047,34.578465612244],[-120.43945099812,34.5782744109172],[-120.439216052364,34.5786020679385],[-120.437303344815,34.5790114140111],[-120.437068387721,34.5793390664413],[-120.435793231876,34.5796119436483],[-120.435390617021,34.5794207285672],[-120.435071827086,34.5794889445958],[-120.434669214655,34.5792977270013],[-120.434031633966,34.5794341542629],[-120.433629024391,34.5792429330704],[-120.432353857997,34.5795157727499],[-120.431951252146,34.5793245457904],[-120.431632459575,34.5793927524371],[-120.431229856149,34.57920152296421],[-120.430592270186,34.5793379314621],[-120.430189669617,34.5791466983912],[-120.429552082271,34.5792831012181],[-120.429317091513,34.5796107379519],[-120.428914492677,34.5794195005431],[-120.428276900833,34.5795558963661],[-120.428109300977,34.5790370214388],[-120.427706708114,34.5788457797433],[-120.427387913774,34.5789139748391],[-120.426985323335,34.5787227306303],[-120.425710142084,34.5789954979204],[-120.425626351092,34.5787360585201],[-120.42482118277,34.5783535564515],[-120.424502387914,34.57842174370731],[-120.424099807173,34.5782304894454],[-120.423462216642,34.5783668591616],[-120.422254488966,34.5777930812962],[-120.42097930636,34.5780657972091],[-120.420576736185,34.5778745307253],[-120.420492963628,34.5776150873167],[-120.419687832365,34.5772325493743],[-120.418093852943,34.5775734072551],[-120.417691292466,34.5773821307187],[-120.41737249533,34.5774502985839],[-120.416969937278,34.5772590195343],[-120.416651140013,34.5773271854395],[-120.41584603075,34.5769446208856],[-120.414889638185,34.5771491068415],[-120.414654591799,34.5774767148478],[-120.413698189504,34.5776811909238],[-120.412893091164,34.5772986061619],[-120.412255488559,34.5774349148306],[-120.411852943244,34.5772436181379],[-120.411534141533,34.5773117700745],[-120.410729057743,34.5769291702346],[-120.409772651841,34.5771336142846],[-120.409302513823,34.5777888091149],[-120.409804933481,34.5793455153911],[-120.409334782289,34.5800007087306],[-120.409015966994,34.5800688535822],[-120.408545804721,34.5807240432154]]},"properties":{"segment_id":"38a41c813cbf27797e97301a","source_kmz":"santaynez","orientation":"unverified"}},{"type":"Feature","geometry":{"type":"LineString","coordinates":[[-119.947012702625,34.6763905105263],[-119.946610798622,34.6761976334298],[-119.946281657195,34.6751586247842],[-119.946518984462,34.6748319987935],[-119.946436700039,34.6745722463774],[-119.947148668446,34.6735923650386],[-119.947468273458,34.6735254888482],[-119.947705590688,34.6731988598662],[-119.947458732327,34.6724196033367],[-119.9476960462,34.6720929739792],[-119.947366907665,34.6710539637266],[-119.947604217731,34.6707273340676],[-119.947439650884,34.67020782829951],[-119.947676958043,34.6698811981905],[-119.947594674999,34.669621445183],[-119.947831979701,34.6692948145499],[-119.947667414374,34.6687753082881]]},"properties":{"segment_id":"643ee5e256eb6c7fe550494b","source_kmz":"santaynez","orientation":"unverified"}},{"type":"Feature","geometry":{"type":"LineString","coordinates":[[-119.962504312475,34.6811803849813],[-119.962092593257,34.6798816868492],[-119.962329868166,34.6795550304582],[-119.962247525534,34.6792952905114],[-119.963433867725,34.6776619999602],[-119.963186836407,34.6768827804465],[-119.963661356536,34.676229460487],[-119.963084963218,34.6744112780543],[-119.962683029384,34.6742184557833],[-119.962600691254,34.6739587145712],[-119.962198760983,34.6737658905404],[-119.962116424964,34.6735061488588],[-119.961714498258,34.6733133230679],[-119.96163216435,34.6730535809169],[-119.960426400943,34.672475093998],[-119.96034407226,34.6722153507019],[-119.957932608975,34.6710583364396],[-119.957850290189,34.6707985909853],[-119.957448388222,34.6706057499597],[-119.957128803935,34.6706726536418],[-119.956325006922,34.6702869651557],[-119.955366253436,34.6704876644255],[-119.95496435929,34.6702948147962],[-119.954325188431,34.6704286077487],[-119.953923297191,34.6702357545287],[-119.953603711381,34.670302648603],[-119.953201822598,34.6701097928766],[-119.952562650217,34.6702435762213],[-119.952160764341,34.6700507169042],[-119.951521590646,34.6701844945666],[-119.951119707676,34.6699916316587],[-119.950480532668,34.6701254036388],[-119.947667414374,34.6687753082881]]},"properties":{"segment_id":"aff6f15c57cd32cbd86ea4b6","source_kmz":"santaynez","orientation":"unverified"}},{"type":"Feature","geometry":{"type":"LineString","coordinates":[[-120.030406403601,34.6663877131798],[-120.030643348104,34.666060913443],[-120.030478232784,34.6655415220929],[-120.030715174387,34.6652147219077],[-120.030632617112,34.6649550261088],[-120.030869556263,34.6646282254007],[-120.030621886428,34.66384913743401],[-120.030858822233,34.6635223363517],[-120.03069371089,34.6630029438616],[-120.030930643795,34.6626761423308],[-120.030517872916,34.6613776591631],[-120.03075480158,34.6610508574064],[-120.029929296978,34.6584538818953],[-120.031113887868,34.6568198678625],[-120.030866240601,34.6560407737422],[-120.030062227934,34.6556555860965],[-120.02997968307,34.6553958871142],[-120.029175681534,34.6550106930983],[-120.028680442686,34.6534524923601],[-120.027876467853,34.6530672885865],[-120.027793933101,34.6528075873227],[-120.027474483442,34.6528746845651],[-120.027061823017,34.6515761752283]]},"properties":{"segment_id":"01440ac0144e2ea9ef63d771","source_kmz":"santaynez","orientation":"unverified"}},{"type":"Feature","geometry":{"type":"LineString","coordinates":[[-119.987161134133,34.6987288794765],[-119.987635585651,34.6980754778021],[-119.987955256911,34.6980084927431],[-119.988429697282,34.6973550873362],[-119.988749364871,34.6972881000545],[-119.991595819772,34.6933676093928],[-119.991915468105,34.693300613168],[-119.99310139788,34.6916670466548],[-119.992936480334,34.691147616849],[-119.992534384861,34.6909549007145],[-119.99236947265,34.6904354697066],[-119.992606651898,34.6901087556588],[-119.992441741008,34.6895893242744],[-119.992678917351,34.6892626097791],[-119.992349100431,34.6882237457304],[-119.993060612032,34.6872435995586],[-119.993699854903,34.6871095973311],[-119.994174179704,34.6864561608758],[-119.99409172261,34.6861964453211],[-119.994566038486,34.6855430066263],[-119.994885651854,34.6854760017134],[-119.995122805224,34.6851492807981],[-119.996081637327,34.6849482587733],[-119.996793071375,34.6839680863963],[-119.997112676293,34.6839010752821],[-119.998061220699,34.68259416773],[-119.99838081883,34.6825271530497],[-119.998298351784,34.68226743934881],[-119.998937544376,34.6821334077661],[-119.999174670339,34.6818066774438],[-119.999813857596,34.681672641004],[-120.001236552544,34.6797122384644],[-120.001556135994,34.6796452148957],[-120.002504552935,34.6783382652361],[-120.003143705708,34.6782042100888],[-120.003061227261,34.67794449852161],[-120.003535416567,34.6772910175697],[-120.003854988002,34.6772239875413],[-120.004092078088,34.6768972454976],[-120.004411647411,34.6768302139191],[-120.004648733933,34.6765034706062],[-120.004968301144,34.6764364374777],[-120.005205384102,34.6761096928956],[-120.005844513743,34.6759756226602],[-120.00608159158,34.6756488761372],[-120.008638075494,34.675112554692],[-120.008875138863,34.6747858021972],[-120.009194695298,34.67471875739281],[-120.009668812903,34.6740652492679],[-120.009988365668,34.6739982022418],[-120.010390416406,34.6741908619314],[-120.010709969064,34.6741238129424],[-120.012132248393,34.6721632616942],[-120.01245179115,34.6720962077966],[-120.013162899065,34.6711159220939],[-120.013482436595,34.6710488653029],[-120.016089660726,34.667454431012],[-120.01600715023,34.6671947255258],[-120.016244158126,34.6668679552625],[-120.015996628624,34.6660888382346],[-120.016707636249,34.6651085245295],[-120.016542616669,34.6645891129629],[-120.016779614305,34.6642623406816],[-120.016614596048,34.6637429287351],[-120.017088583513,34.6630893826776],[-120.017408084433,34.6630223145692],[-120.017882060763,34.6623687647787],[-120.018201558013,34.6623016944489],[-120.018119045921,34.6620419889872],[-120.018356029074,34.6617152125984],[-120.018273517089,34.6614555070788],[-120.018510497789,34.6611287301668],[-120.018829989364,34.6610616580284],[-120.019066966502,34.6607348798473],[-120.019386455966,34.6606678061594],[-120.02033433824,34.6593606847739],[-120.02065382092,34.6592936075214],[-120.020488787228,34.6587741982141],[-120.021436627617,34.6574670651761],[-120.021354109813,34.6572073606207],[-120.022064967713,34.656227004791],[-120.022384435931,34.6561599225785],[-120.023332212173,34.6548527704209],[-120.023651673607,34.6547856846441],[-120.023569151222,34.6545259808878],[-120.024043023306,34.6538724000289],[-120.025001391933,34.6536711340205],[-120.024918866201,34.6534114308991],[-120.02562964394,34.6524310493075],[-120.025949093366,34.6523639570739],[-120.026186013713,34.6520371613434],[-120.026505461028,34.6519700675603],[-120.026742377814,34.6516432705609],[-120.027061823017,34.6515761752283]]},"properties":{"segment_id":"c95ef0348546d62edfb43af8","source_kmz":"santaynez","orientation":"unverified"}},{"type":"Feature","geometry":{"type":"LineString","coordinates":[[-120.407747044527,34.5698007833763],[-120.407830765867,34.5700602381963],[-120.407595711125,34.57038783459321],[-120.407679432593,34.570647289351],[-120.408081933256,34.5708386018434],[-120.407376759153,34.5718213899137],[-120.407460481438,34.57208084441181],[-120.406520219689,34.5733912204911],[-120.406201429159,34.5734593581625],[-120.405966357186,34.57378695003211],[-120.405647564536,34.5738550861612],[-120.405815002469,34.57437399632],[-120.406217517915,34.5745653144409],[-120.406301239281,34.57482476897311],[-120.406703758276,34.5750160853213],[-120.407206107614,34.5765728076067],[-120.407608637945,34.5767641204615],[-120.40785982487,34.5775424787444],[-120.407389668161,34.5781976655737],[-120.407808319932,34.5794949274071],[-120.408210866961,34.5796862375607],[-120.408545804721,34.5807240432154]]},"properties":{"segment_id":"4076607cb88b2f5fb4ed7864","source_kmz":"santaynez","orientation":"unverified"}},{"type":"Feature","geometry":{"type":"LineString","coordinates":[[-120.369981870954,34.5731520943837],[-120.371189138198,34.5737264157719],[-120.371272741146,34.573985895645],[-120.371675169102,34.5741773329081],[-120.372009592734,34.575215249673],[-120.374826687804,34.5765552609066],[-120.374910306014,34.5768147373535],[-120.375312757692,34.5770061614739],[-120.37581448808,34.578563015254],[-120.376133326402,34.5784949609356],[-120.376938255293,34.5788777985986],[-120.377257093925,34.5788097412359],[-120.378062031654,34.579192571018],[-120.378396562687,34.5802304636656],[-120.379201520844,34.5806132849852],[-120.379520364639,34.580545221575],[-120.379922847141,34.5807366290083],[-120.380560533917,34.580600497392],[-120.380963019281,34.5807919012284],[-120.381281862262,34.5807238330223],[-120.382489331611,34.5812980327097],[-120.382572980658,34.5815575022927],[-120.382975475984,34.5817488989883],[-120.3834773914,34.5833057115854],[-120.384282406717,34.5836884965665],[-120.384601258718,34.5836204195178],[-120.384836451078,34.58329287427],[-120.385155300961,34.5832247956785],[-120.385390489771,34.5828972491701],[-120.385792999042,34.5830886358683],[-120.386430694878,34.5829524725553],[-120.386665877458,34.5826249233788],[-120.387941256163,34.5823525835761],[-120.388176430521,34.582025031138],[-120.389132953981,34.5818207650901],[-120.389937981832,34.5822035117202],[-120.390356362535,34.5835008302896],[-120.39116141393,34.5838835677677],[-120.392755642062,34.5835430799341],[-120.39315817292,34.58373444110841],[-120.394114704364,34.5835301346466],[-120.395724852933,34.584295552047],[-120.396043697362,34.5842274438038],[-120.396446239919,34.5844187934985],[-120.39995349635,34.5836695330999],[-120.400893994329,34.5823592249653],[-120.401212826222,34.5822911024622],[-120.401296539162,34.5825505583406],[-120.402101634803,34.5829332208058],[-120.402739300633,34.5827969684171],[-120.403544405978,34.5831796208305],[-120.404500903114,34.5829752291734],[-120.404736009224,34.5826476436203],[-120.405692496631,34.5824432420821],[-120.405927596076,34.5821156539355],[-120.406565248423,34.5819793805316],[-120.406732710103,34.5824982846595],[-120.407135270104,34.5826895978787],[-120.407219003345,34.5829490493957],[-120.407621566896,34.5831403608422],[-120.407872774662,34.5839187135496],[-120.408677917085,34.5843013300923]]},"properties":{"segment_id":"acc26c8159f50f035eaab4ae","source_kmz":"santaynez","orientation":"unverified"}},{"type":"Feature","geometry":{"type":"LineString","coordinates":[[-120.184962491586,34.6390766000569],[-120.184560188964,34.6388845335259],[-120.184477142885,34.638624939189],[-120.18471335035,34.6382978176689],[-120.184630304387,34.638038223273],[-120.185102712433,34.6373839785952],[-120.184936620413,34.6368647897002],[-120.184132040327,34.6364806540978],[-120.184048998269,34.6362210587687],[-120.184521400128,34.63556681512941],[-120.184355315919,34.6350476243676],[-120.184591512965,34.63472050180311],[-120.184508471256,34.6344609062963],[-120.18474466586,34.6341337832105],[-120.184661624267,34.6338741876445],[-120.184897816429,34.6335470640373],[-120.184814774952,34.633287468412],[-120.184412502834,34.6330954001461],[-120.184648693671,34.6327682767612],[-120.183984390862,34.6306915048216],[-120.184220576165,34.6303643814337],[-120.184137540382,34.6301047844148],[-120.184373723243,34.6297776605054],[-120.184290687576,34.6295180634271],[-120.184526867996,34.62919093899611],[-120.183115339495,34.6247777695004],[-120.183351510404,34.6244506457307],[-120.183268483894,34.6241910463974],[-120.184449306243,34.6225554189824],[-120.185087680953,34.6224203613456],[-120.185323836311,34.6220932327363],[-120.185643021272,34.622025701933],[-120.186115322877,34.6213714415882],[-120.185783196283,34.6203330477706],[-120.18601934232,34.6200059169997],[-120.188572732574,34.6194656295715],[-120.189044993737,34.6188113555304],[-120.188961954163,34.6185517586225],[-120.189434206448,34.6178974823459],[-120.189268127206,34.617378288424],[-120.189504249468,34.6170511495395],[-120.189338171574,34.6165319552303],[-120.189574290954,34.6162048158974],[-120.189893447886,34.6161372730429],[-120.191546216687,34.6138472763443],[-120.191865362163,34.6137797279266],[-120.193518022143,34.611489697347],[-120.194156289624,34.611354588509],[-120.194558472814,34.6115466278546],[-120.194641523657,34.6118062228006],[-120.195043710402,34.6119982603795],[-120.195362845188,34.6119307022694],[-120.196167225554,34.6123147709825],[-120.197443762649,34.6120445211001],[-120.197679834019,34.6117173637598],[-120.19895635596,34.611447097171],[-120.199358551555,34.6116391199725],[-120.199594613583,34.6113119586159],[-120.199913741558,34.6112443880231],[-120.200385856507,34.6105900621841],[-120.20070498081,34.6105224893758],[-120.20094103373,34.6101953248934],[-120.201260155918,34.610127750539],[-120.201496205284,34.6098005847914],[-120.201330062428,34.609281403357],[-120.201566108913,34.6089542371607],[-120.20131689749,34.6081754642255],[-120.202274236382,34.6079727349975],[-120.2030786099,34.6083567578114],[-120.205312387294,34.6078836770812]]},"properties":{"segment_id":"be8af843eb932a1fee9d5b2e","source_kmz":"santaynez","orientation":"unverified"}},{"type":"Feature","geometry":{"type":"LineString","coordinates":[[-120.358723804548,34.5741674507153],[-120.359042639784,34.5740994427272],[-120.359847438321,34.5744824000735],[-120.360166273867,34.5744143890413],[-120.360636807552,34.5737593896507],[-120.360955639424,34.5736913764081],[-120.361190901721,34.5733638751544],[-120.362785044884,34.5730237924688],[-120.363187446824,34.5732152591894],[-120.363825101034,34.5730792178168],[-120.364227505838,34.5732706809412],[-120.364546332537,34.5732026578571],[-120.365753560208,34.5737770354108],[-120.366072387652,34.5737090081984],[-120.367279634558,34.5742833696488],[-120.367363224993,34.574542852159],[-120.368957365311,34.574202685656],[-120.369663049244,34.5732201323131],[-120.369981870954,34.5731520943837]]},"properties":{"segment_id":"374c07402d86e94091879a11","source_kmz":"santaynez","orientation":"unverified"}},{"type":"Feature","geometry":{"type":"LineString","coordinates":[[-120.157067491563,34.6275132752153],[-120.156984550051,34.6272536580953],[-120.157457126185,34.62659951740291],[-120.157374184345,34.6263399002972],[-120.157610468969,34.6260128291307],[-120.157444586076,34.6254935946669],[-120.158153425294,34.6245123780338],[-120.15790460115,34.6237335260016],[-120.158140875561,34.6234064528197],[-120.158057934852,34.6231468352825],[-120.158294206821,34.6228197615782],[-120.158211266226,34.6225601439813],[-120.160573871516,34.6192893748883],[-120.160490927053,34.6190297578949],[-120.160727176142,34.6187026777804],[-120.161046368581,34.6186352139157],[-120.161282614114,34.6183081325352],[-120.161601804439,34.6182406671237],[-120.162310524371,34.6172594173954],[-120.163587261417,34.6169895389414],[-120.163989397959,34.6171816823102],[-120.164946946219,34.6169792610085],[-120.165349086087,34.6171713996997],[-120.169179234282,34.6163616225535],[-120.169581381457,34.6165537468091],[-120.169900557293,34.6164862585957],[-120.170136758791,34.616159158535],[-120.170538907293,34.61635127953791],[-120.170858081456,34.6162837886936],[-120.171094278284,34.6159566866238],[-120.171413450334,34.6158891942328],[-120.171649643606,34.61556209089721],[-120.171968813541,34.6154945969595],[-120.172441190975,34.6148403871607],[-120.172760357239,34.6147728910067],[-120.173232723563,34.6141186774842],[-120.173871048193,34.6139836798667],[-120.174579573347,34.6130023510942],[-120.177771116346,34.6123272903019],[-120.178007271832,34.6120001728225],[-120.18407102037,34.6107173030116],[-120.18454326619,34.6100630408208],[-120.184862402161,34.6099955112493],[-120.186751293052,34.6073784332891],[-120.187070416012,34.60731089748471]]},"properties":{"segment_id":"441a7474130912a627b552aa","source_kmz":"santaynez","orientation":"unverified"}},{"type":"Feature","geometry":{"type":"LineString","coordinates":[[-120.421390847828,34.55717560552291],[-120.421474601263,34.5574350542332],[-120.421239642661,34.5577626827352],[-120.421323396224,34.5580221313828],[-120.420383540182,34.5593326397479],[-120.42071855312,34.5603704341501],[-120.420483582401,34.56069806005001],[-120.420651091373,34.5612169565832],[-120.42018114223,34.5618722068951],[-120.420264896693,34.5621316551045],[-120.41955995675,34.5631145263409],[-120.419643710475,34.5633739746341],[-120.419408726079,34.5637015972659],[-120.419089986837,34.56376977086481],[-120.419508756741,34.5650670117063],[-120.419273766631,34.565394633444],[-120.418955020294,34.565462806545],[-120.418485030988,34.5661180469072],[-120.417847530399,34.5662543878163],[-120.417445029438,34.5660631080057],[-120.41648877564,34.566267609551],[-120.416253769093,34.566595224769],[-120.414659993742,34.5669360398358],[-120.414257497117,34.5667447491829],[-120.413938740795,34.56681290848561],[-120.41370372179,34.5671405183705],[-120.412428684657,34.5674131441604],[-120.412193657433,34.5677407507851],[-120.411556132382,34.5678770570939],[-120.411321100052,34.5682046617917],[-120.411002335127,34.5682728129662],[-120.410599840592,34.568081509991],[-120.410364803591,34.5684091126888],[-120.410046036981,34.5684772612368],[-120.409810996432,34.56880486267441],[-120.408217147169,34.5691455889488],[-120.407747044527,34.5698007833763]]},"properties":{"segment_id":"945a399cba3e326a45b6ab03","source_kmz":"santaynez","orientation":"unverified"}},{"type":"Feature","geometry":{"type":"LineString","coordinates":[[-120.056223901656,34.6629015234107],[-120.057171187947,34.6615941066541],[-120.057088545605,34.661334428516],[-120.057325361721,34.6610075729091],[-120.057242719489,34.660747894713],[-120.057479533154,34.6604210385837],[-120.057314249464,34.659901681943],[-120.057633702247,34.6598345036776],[-120.058344123869,34.6588539301408],[-120.058261480516,34.6585942520515],[-120.059208679507,34.6572868126099],[-120.059126034924,34.6570271346853],[-120.059836411789,34.6560465490596],[-120.059671121612,34.6555271932583],[-120.059907909001,34.6552003303377],[-120.059659976565,34.654421295865],[-120.059896760611,34.65409443257],[-120.059318267913,34.6522766813491],[-120.058514152601,34.6518916878122],[-120.05810097577,34.650593286716],[-120.057296884044,34.6502082840934],[-120.057214253459,34.6499486027982],[-120.056812212158,34.6497560990124],[-120.057048993955,34.6494292398102],[-120.056646955768,34.6492367353461],[-120.0564817016,34.6487173711496],[-120.056955259619,34.6480636527404],[-120.056790005887,34.6475442883097],[-120.056387978154,34.6473517825557],[-120.056305353679,34.6470920998024],[-120.055903329506,34.6468995922857],[-120.055820707143,34.6466399090606],[-120.05541868653,34.6464473997813],[-120.05533606628,34.6461877160843],[-120.053326001053,34.64522514664],[-120.053243389142,34.6449654611146],[-120.052841383663,34.6447729426162],[-120.052521988985,34.6448401088981],[-120.050511993873,34.6438774896335],[-120.050346792403,34.643358113702],[-120.050666182846,34.6432909532545],[-120.050170585752,34.6417328235157],[-120.050407371056,34.6414059748819],[-120.050324773038,34.6411462862017],[-120.051508667281,34.6395120344407],[-120.050930481071,34.6376942125464],[-120.051249847597,34.6376270500847],[-120.051723381911,34.6369733448886],[-120.051640784208,34.6367136558696],[-120.052114309618,34.636059948431],[-120.051949114091,34.6355405702896],[-120.052422629705,34.6348868607558],[-120.052741983333,34.6348196940087],[-120.053215487822,34.6341659807425],[-120.053050288944,34.63364660307221],[-120.052648342827,34.6334540815079],[-120.052885092285,34.6331272248707],[-120.052637301461,34.6323481565722]]},"properties":{"segment_id":"71a59286af9ecab01586531f","source_kmz":"santaynez","orientation":"unverified"}},{"type":"Feature","geometry":{"type":"LineString","coordinates":[[-120.051277332285,34.6323571273592],[-120.051916020068,34.6322227988717],[-120.052317957956,34.6324153232165],[-120.052637301461,34.6323481565722]]},"properties":{"segment_id":"9d32d9aca64946d670ac798e","source_kmz":"santaynez","orientation":"unverified"}},{"type":"Feature","geometry":{"type":"LineString","coordinates":[[-120.087779066941,34.6496115507823],[-120.087365410529,34.6483132499327],[-120.088075348848,34.6473324833607],[-120.087992617899,34.6470728230151],[-120.088229259555,34.64674589970521],[-120.088146528716,34.6464862393009],[-120.088383167924,34.6461593154684],[-120.088702536859,34.6460920512953],[-120.089175806153,34.6454382004988],[-120.089814536126,34.645303666837],[-120.090051164655,34.6449767392021],[-120.09037052725,34.6449094703841],[-120.08987411918,34.6433515119115],[-120.090583980069,34.6423707247472],[-120.090903331429,34.6423034542803],[-120.09208638508,34.6406687937179],[-120.092003647786,34.6404091343064],[-120.092322989804,34.6403418598152],[-120.094688926928,34.6370724879655],[-120.093861530067,34.6344758959979],[-120.09409810832,34.63414895626901],[-120.093518960485,34.6323313344964],[-120.093755533622,34.6320043946871],[-120.093672799996,34.6317447339756],[-120.094145939376,34.6310908527136],[-120.093980472012,34.6305715311865],[-120.09421703781,34.63024458980751],[-120.094134304517,34.6299849289181],[-120.094843988567,34.6290041014204],[-120.095163280985,34.6289368183219],[-120.095399836775,34.62860987395811],[-120.095719127082,34.6285425893116],[-120.096901868228,34.62690785518451],[-120.096819129487,34.6266481952385],[-120.097055671268,34.6263212466957],[-120.097694229531,34.6261866671363],[-120.097930766198,34.6258597166553],[-120.098250042939,34.625792424889],[-120.098486576047,34.6254654731403],[-120.099444398265,34.6252635905652],[-120.100863526873,34.6233018554656],[-120.10150205356,34.6231672546485],[-120.102684590141,34.6215324522752],[-120.102601837727,34.6212727948801],[-120.102921091454,34.6212054900095],[-120.103157590766,34.6208785271468]]},"properties":{"segment_id":"d227baa8d1081322da60ca49","source_kmz":"santaynez","orientation":"unverified"}},{"type":"Feature","geometry":{"type":"LineString","coordinates":[[-120.102956370252,34.6245232869004],[-120.102790857751,34.6240039740807],[-120.103263872603,34.6233500503106],[-120.10276734311,34.6217921095371],[-120.103003844868,34.6214651471979],[-120.103323099039,34.62139784124321],[-120.103157590766,34.6208785271468]]},"properties":{"segment_id":"ed53ca63c746113e7d906e51","source_kmz":"santaynez","orientation":"unverified"}},{"type":"Feature","geometry":{"type":"LineString","coordinates":[[-120.365013489773,34.5609009330043],[-120.365180627078,34.5614199089203],[-120.364710206924,34.562074935682],[-120.364391426232,34.5621429600623],[-120.36415621161,34.5624704718845],[-120.363518645431,34.5626065166837],[-120.363283425705,34.562934026577],[-120.363450555796,34.5634530037852],[-120.364255265389,34.5638359353202],[-120.364589544752,34.564873885362],[-120.364354322665,34.56520139657961],[-120.364437893472,34.5654608838246],[-120.364840260161,34.565652346472],[-120.365341706118,34.5672092650377],[-120.36614646415,34.5675921819242],[-120.366465265756,34.5675241531676],[-120.366867648195,34.567715608385],[-120.367186449675,34.5676475776687],[-120.367588834542,34.5678390303742],[-120.367672419049,34.5680985145364],[-120.368074807464,34.5682899654702],[-120.368241981275,34.568808932701],[-120.368644374795,34.5690003815195],[-120.369145919029,34.570557277902],[-120.369548323882,34.5707487232301],[-120.369313104927,34.5710762422805],[-120.369715512894,34.5712676869211],[-120.369882704149,34.571786650071],[-120.369647483453,34.5721141694142],[-120.369981870954,34.5731520943837]]},"properties":{"segment_id":"48a7b0541c3b43624d2875a5","source_kmz":"santaynez","orientation":"unverified"}},{"type":"Feature","geometry":{"type":"LineString","coordinates":[[-120.244060472648,34.5852542523288],[-120.244143661422,34.5855138196457],[-120.2445458343,34.5857056924021],[-120.244712216634,34.5862248259484],[-120.245031201618,34.5861571302307],[-120.245433380044,34.5863489997929],[-120.245752364909,34.5862813021148],[-120.24615454577,34.5864731691669],[-120.246473530516,34.5864054695285],[-120.246875713812,34.5865973340705],[-120.247194698439,34.5865296324718],[-120.247777114825,34.5883465826508],[-120.248179311452,34.5885384422881],[-120.248262517583,34.5887980057194],[-120.249066919936,34.5891817200313],[-120.249150129739,34.5894412826441],[-120.249552335466,34.5896331373187],[-120.249635547384,34.5898926994549],[-120.250037756663,34.5900845523612],[-120.250120970697,34.5903441140209],[-120.251729833997,34.5911115100163],[-120.251813054815,34.5913710701731],[-120.252215277187,34.5915629152643],[-120.252381723613,34.59208203449051],[-120.254392880973,34.5930412351322],[-120.254476112808,34.5933007928331],[-120.25424033802,34.5936280715822],[-120.254323569975,34.5938876292221],[-120.253852013533,34.5945421850812],[-120.253533001681,34.5946099042578],[-120.253699463514,34.5951290198433],[-120.253227894217,34.5957835722775],[-120.253394356528,34.5963026876193],[-120.254198862423,34.59668636337571],[-120.255793956013,34.5963477504182],[-120.25619621415,34.5965395807361]]},"properties":{"segment_id":"27f838946a024a5d0ff860e2","source_kmz":"santaynez","orientation":"unverified"}},{"type":"Feature","geometry":{"type":"LineString","coordinates":[[-120.395768715093,34.5485089199967],[-120.396171071133,34.5487002783049],[-120.39625473082,34.5489597475737],[-120.396657090407,34.5491511041094],[-120.396975789183,34.5490829906369],[-120.397059451983,34.549342459217],[-120.397864181107,34.5497251651476],[-120.398182881186,34.5496570484233],[-120.398585249167,34.5498483981624],[-120.398903949119,34.5497802794788],[-120.401720583752,34.5511196800744],[-120.401804264667,34.5513791446585],[-120.40220665056,34.5515704815434],[-120.402541386057,34.5526083371451],[-120.402943780166,34.5527996712243],[-120.40327853087,34.5538375232768],[-120.404083337511,34.5542201843956],[-120.404585499085,34.5557769542708],[-120.404987914731,34.5559682806218],[-120.404752890767,34.5562958764769],[-120.40483658745,34.5565553373765],[-120.405239007766,34.5567466626944],[-120.405490105854,34.557525043546],[-120.405255079288,34.5578526398389],[-120.405657507386,34.5580439634353],[-120.405741208995,34.5583034231765],[-120.406143640641,34.5584947450001],[-120.406562164889,34.5597920399497],[-120.406964606309,34.5599833586233],[-120.407383152378,34.5612806484604],[-120.407785603573,34.5614719639842],[-120.407550574736,34.5617995634459],[-120.407953029045,34.5619908782811],[-120.408120456763,34.5625097920355],[-120.408522916176,34.5627011047536],[-120.408606632434,34.5629605610832],[-120.409009095395,34.5631518720285],[-120.408774066635,34.5634794733355],[-120.408857784578,34.5637389292583],[-120.40926025221,34.5639302391707],[-120.409343972272,34.5641896946136],[-120.408638874816,34.5651724976318],[-120.408890034467,34.5659508638057],[-120.408654996699,34.5662784638442],[-120.407379955983,34.5665510347628],[-120.407631107442,34.5673294024413],[-120.407396060153,34.5676569994391],[-120.407479777996,34.5679164551341],[-120.407244728282,34.5682440516116],[-120.407747044527,34.5698007833763]]},"properties":{"segment_id":"aea73e46159cae795c23d7af","source_kmz":"santaynez","orientation":"unverified"}},{"type":"Feature","geometry":{"type":"LineString","coordinates":[[-119.917367739532,34.7022518947693],[-119.917285523964,34.70199212960991],[-119.916883560973,34.7017991557314],[-119.916554710465,34.7007600924357],[-119.916792242173,34.7004335359017],[-119.916463398709,34.6993944708084],[-119.915257562502,34.6988155347999],[-119.915093153437,34.6982959994452],[-119.914691215168,34.6981030172586],[-119.914609013023,34.6978432490476],[-119.91380514563,34.6974572797357],[-119.913485412419,34.6975240621691],[-119.911877703549,34.6967521021477],[-119.911631131485,34.6959727900461],[-119.911229213963,34.6957797954761],[-119.911064838467,34.6952602527456],[-119.91066292607,34.6950672560803],[-119.909758917514,34.6922097579803],[-119.909357024259,34.6920167561872],[-119.909274846539,34.6917569825088],[-119.90887295685,34.6915639789574],[-119.90879078124,34.6913042048108],[-119.908388895118,34.6911111995009],[-119.907749471331,34.6912447348002],[-119.907347588122,34.6910517258998],[-119.907018911704,34.6900126236605],[-119.906215163772,34.6896265989],[-119.905968671607,34.6888472688214],[-119.903959360293,34.6878821769919],[-119.90379505052,34.68736261958091],[-119.902589497183,34.6867835454052],[-119.902507347797,34.6865237654922],[-119.90210550226,34.6863307375873],[-119.902343050684,34.6860042052723],[-119.902178755782,34.6854846445275],[-119.902416301294,34.6851581117626],[-119.902735992875,34.6850913586882],[-119.903211074759,34.6844382900161],[-119.903530762673,34.6843715347168],[-119.904480896106,34.6830653874954],[-119.904800577239,34.682998628625],[-119.904718424442,34.6827388491933],[-119.905193475089,34.6820857707928],[-119.904782714877,34.6807868724074],[-119.905020234929,34.6804603326806],[-119.904938084093,34.6802005526837],[-119.905175601685,34.6798740124324],[-119.90509345095,34.6796142323785],[-119.905568479206,34.678961150228],[-119.905404177588,34.67844159002301],[-119.9056416878,34.678115048198],[-119.905477387489,34.6775954876159],[-119.905714894789,34.6772689453405],[-119.90505771204,34.675190698349],[-119.90529521372,34.6748641560682],[-119.905213067911,34.674604374677],[-119.905925559546,34.6736247444635],[-119.906245200356,34.6735579809559],[-119.906482691994,34.6732314356805],[-119.906802330694,34.6731646706213],[-119.907039818768,34.6728381240739],[-119.909596896023,34.6723039665853],[-119.909998687304,34.6724969717044],[-119.910637951994,34.6723634213776],[-119.911112888773,34.671710311532],[-119.911432517176,34.6716435337047],[-119.91135035415,34.6713837557109],[-119.91158781752,34.6710571992908],[-119.911505654596,34.6707974212395],[-119.911743115507,34.6704708642946],[-119.911578790415,34.6699513079454],[-119.911816248415,34.6696247505497],[-119.911651924631,34.6691051938223],[-119.911250146863,34.668912193668],[-119.911085828403,34.6683926357398],[-119.911323283695,34.6680660787884],[-119.911241124843,34.6678062997009],[-119.911478577676,34.6674797422244],[-119.911798188257,34.6674129630884],[-119.912035637526,34.66708640434],[-119.912355245997,34.6670196236525],[-119.912592691702,34.6666930636322],[-119.912428368933,34.6661735063287],[-119.912665811728,34.6658469458573],[-119.912583650721,34.665587167082],[-119.913058529385,34.6649340444901],[-119.913378128067,34.6648672608491],[-119.914090426338,34.6638875704498],[-119.913761774798,34.6628484563328],[-119.914474049588,34.661868761429],[-119.915113218587,34.6617351850811],[-119.915825465974,34.6607554807483],[-119.915743299756,34.6604957027441],[-119.915980711086,34.6601691335089],[-119.915816379407,34.6596495772529],[-119.916053787828,34.6593230075662],[-119.915725129298,34.6582838937681],[-119.916674735692,34.6569776102108],[-119.916592570637,34.65671783172691],[-119.917304753006,34.6557381129892],[-119.917222587151,34.6554783345946],[-119.917459976809,34.6551517605575],[-119.916884828138,34.653333308619],[-119.917122212633,34.6530067344985],[-119.917040050296,34.6527469551963],[-119.917752190387,34.6517672294602],[-119.918391270148,34.6516336337094],[-119.918309105005,34.6513738549073],[-119.918546477459,34.6510472771913],[-119.918382147928,34.6505277193385],[-119.920043692608,34.648241659578],[-119.920363216203,34.648174855619],[-119.920600570146,34.64784827258331],[-119.921559132948,34.6476478534177]]},"properties":{"segment_id":"83a1677a9cae6903d87832f5","source_kmz":"santaynez","orientation":"unverified"}},{"type":"Feature","geometry":{"type":"LineString","coordinates":[[-120.136804080892,34.6398294761169],[-120.136555422612,34.6390505918159],[-120.136791834213,34.638723567343],[-120.13670894879,34.6384639390506],[-120.136945357947,34.6381369140557],[-120.137264651412,34.638069516609],[-120.138683054988,34.6361073501002],[-120.13964090401,34.6359051404337],[-120.140113679851,34.635251076141],[-120.14043295863,34.635183669824],[-120.140669341992,34.6348566361134],[-120.140503553944,34.634337382681],[-120.140739934419,34.6340103485222],[-120.140574147712,34.633491094705],[-120.141046900886,34.6328370248947],[-120.140964007482,34.6325773979342],[-120.142382216332,34.6306151746385],[-120.142701473979,34.6305477617791],[-120.142618577472,34.6302881353359],[-120.144036702304,34.6283258869998],[-120.144355949051,34.6282584694499],[-120.144592294631,34.6279314253037],[-120.144911539265,34.6278640062065],[-120.145384221311,34.6272099147854],[-120.145301319371,34.6269502892878],[-120.145537656951,34.6266232427567],[-120.145371853857,34.6261039915091],[-120.145844521243,34.6254498969533],[-120.145761619645,34.625190271277],[-120.146080851936,34.625122848781],[-120.146317180629,34.6247958000125],[-120.146636410806,34.6247283759693],[-120.146872735942,34.6244013259344],[-120.147511191511,34.6242664738766],[-120.148220145577,34.6232853161744],[-120.147888519895,34.6222468169241],[-120.148361142396,34.6215927093975],[-120.148195331125,34.6210734592666],[-120.14843163849,34.6207464047561],[-120.148348733246,34.6204867795642],[-120.148821341091,34.6198326689017],[-120.148655530504,34.6193134184119],[-120.149128128578,34.6186593056585],[-120.149045223234,34.6183996803606],[-120.149517812423,34.617745565369],[-120.149837010691,34.6176781320556],[-120.150073300729,34.6173510729953],[-120.149990393614,34.6170914479918],[-120.150462966807,34.616437328229],[-120.151101350332,34.6163024553656],[-120.151337630815,34.6159753932497],[-120.151656820186,34.6159079548324],[-120.152129372041,34.6152538274716],[-120.151963549055,34.6147345790421],[-120.152672359187,34.613753383969],[-120.152506535771,34.6132341354463],[-120.153451584415,34.6119258675866],[-120.154089925469,34.6117909777192],[-120.15479868162,34.6108097665422],[-120.155117846642,34.6107423182833],[-120.155354093138,34.6104152460282],[-120.155271175726,34.6101556227753],[-120.15550741978,34.6098285499972],[-120.155424502482,34.6095689266841],[-120.155660744095,34.6092418533829],[-120.156299059131,34.6091069510431],[-120.15771644815,34.6071444906711],[-120.158035595494,34.6070770341667],[-120.158271818445,34.6067499546804],[-120.159548396026,34.60648011721371],[-120.159784610752,34.6061530344516],[-120.160103752199,34.6060855722228],[-120.16002082348,34.605825951093],[-120.160257034209,34.605498867138],[-120.159925323134,34.6044603815746],[-120.162995857735,34.6002082396861],[-120.16331497184,34.6001407682386],[-120.163551151264,34.5998136755554],[-120.164508485571,34.5996112539425],[-120.164744658328,34.5992841586534],[-120.165063767093,34.599216682359],[-120.165299936296,34.5988895858035],[-120.166257254582,34.5986871496501],[-120.166493417118,34.59836005048891],[-120.166812520543,34.5982925693477],[-120.167048679524,34.59796546892021],[-120.167367780837,34.5978979862325],[-120.168548537993,34.5962624717977],[-120.168382645473,34.5957432357224],[-120.168618790026,34.595416131192]]},"properties":{"segment_id":"bf26dfb352a32907cec17a7e","source_kmz":"santaynez","orientation":"unverified"}},{"type":"Feature","geometry":{"type":"LineString","coordinates":[[-120.027061823017,34.6515761752283],[-120.026814233419,34.6507970680376],[-120.027051145303,34.650470269991],[-120.026803559357,34.6496911618307],[-120.027040467894,34.6493643634084],[-120.026710359278,34.6483255509697],[-120.025906447616,34.6479403314761],[-120.025823924963,34.6476806273578],[-120.026060831479,34.6473538301984],[-120.025813265505,34.6465747172703],[-120.025009376532,34.646189490865],[-120.02484434155,34.6456700802287],[-120.025081246045,34.6453432843318],[-120.024833696391,34.6445641676052],[-120.02507059754,34.644237371332],[-120.024823051536,34.64345825363431],[-120.024421124727,34.6432656370774],[-120.024338612059,34.6430059305743],[-120.024575510524,34.642679134744],[-120.024410485956,34.6421597214877],[-120.024647381523,34.6418329252071],[-120.024564869624,34.6415732184539],[-120.02480176274,34.6412464216493],[-120.024389209327,34.6399478862637],[-120.024626098204,34.6396210892298],[-120.02421355642,34.6383225508982],[-120.02468732369,34.6376689557737],[-120.024604816103,34.6374092478569],[-120.024841696285,34.6370824494714],[-120.024594175509,34.6363033251461],[-120.024831052346,34.6359765263836],[-120.024748546083,34.6357168180835],[-120.024985420469,34.6353900187967],[-120.024820408712,34.6348706019456],[-120.025057280201,34.6345438022081],[-120.024562255555,34.6329855489122],[-120.024799122358,34.632658749018],[-120.024397251776,34.6324661300853],[-120.024232250215,34.6319467107276],[-120.023428521286,34.6315614672379],[-120.023346024449,34.6313017566821],[-120.022944164545,34.631109132464],[-120.022779175648,34.6305897102763],[-120.02237732086,34.6303970839575],[-120.022212337292,34.629877660561],[-120.021810487619,34.6296850321415],[-120.021645509381,34.6291656075362],[-120.02188237681,34.6288388121752],[-120.021139998156,34.6265013955403]]},"properties":{"segment_id":"39b112b474e934b940cec8c2","source_kmz":"santaynez","orientation":"unverified"}},{"type":"Feature","geometry":{"type":"LineString","coordinates":[[-120.264473038457,34.5745438041448],[-120.26463953053,34.575062915767],[-120.264403854348,34.5753902216968],[-120.264487100785,34.5756497773788],[-120.26425142217,34.575977082786],[-120.264417915841,34.5764961938916],[-120.265222270387,34.5768798022004],[-120.265305521173,34.5771393568662],[-120.266109886809,34.5775229587849],[-120.266359651857,34.5783016199196],[-120.266123973086,34.5786289281352],[-120.266207228782,34.5788884816504],[-120.269424829863,34.5804228272455],[-120.26959136783,34.5809419283931],[-120.269993580055,34.5811337144889],[-120.270243395867,34.5819123641729],[-120.27104783564,34.5822959300305],[-120.271366781353,34.582228162087],[-120.27176900467,34.5824199417922],[-120.272087950262,34.5823521718885],[-120.27225451026,34.5828712681187],[-120.272656739124,34.5830630446285],[-120.272740021518,34.5833225921993],[-120.273142253932,34.5835143669401],[-120.273308823511,34.5840334609928],[-120.273073156684,34.5843607811358],[-120.273323013929,34.5851394214245],[-120.273087343792,34.5854667411919],[-120.273170630219,34.5857262877589],[-120.272699283084,34.5863809256545],[-120.272949143091,34.5871595649871],[-120.272713465215,34.5874868832619],[-120.272963328938,34.5882655216032],[-120.271784903053,34.5899021051495],[-120.271465926054,34.5899698736544],[-120.270287442502,34.5916064389807],[-120.270370726145,34.5918659857664],[-120.269663610753,34.5928479180411],[-120.269746893639,34.5931074649125],[-120.269511184079,34.593434774554],[-120.269677750651,34.5939538680403],[-120.269442038218,34.5942811772335],[-120.269525321904,34.5945407238484],[-120.269289607037,34.59486803252],[-120.269456175209,34.5953871254934],[-120.26985846224,34.5955789089636],[-120.269622745618,34.595906217929],[-120.269789318263,34.5964253098271],[-120.269553598768,34.5967526183444],[-120.269803460613,34.597531255404],[-120.269567737806,34.5978585635468],[-120.270067473963,34.5994158344788],[-120.270469783471,34.5996076149834],[-120.270553076345,34.5998671593263]]},"properties":{"segment_id":"9075a70a459e19a99afa25ba","source_kmz":"santaynez","orientation":"unverified"}},{"type":"Feature","geometry":{"type":"LineString","coordinates":[[-119.990187612464,34.6620846224745],[-119.990105194788,34.6618248971912],[-119.990579394742,34.66117145725781],[-119.990496976723,34.6609117319907],[-119.990734073243,34.6605850112012],[-119.990239574078,34.6590266572695],[-119.990713755718,34.6583732147858],[-119.990466510926,34.6575940364809],[-119.990703597392,34.6572673145642],[-119.990538769404,34.6567478618483],[-119.991012934527,34.6560944165171],[-119.990930520467,34.6558346901089],[-119.991404676671,34.6551812425337],[-119.991322262269,34.6549215161413],[-119.991796409555,34.6542680663219],[-119.99171399481,34.6540083399453],[-119.992188133179,34.6533548878817],[-119.99210571809,34.6530951615207],[-119.992342783819,34.6527684346658],[-119.992260368836,34.6525087082465],[-119.992497432111,34.6521819808675],[-119.992415017234,34.6519222543898],[-119.993126193683,34.650942068886],[-119.992961362901,34.6504226159772],[-119.993198416811,34.6500958864275],[-119.992786347311,34.6487972522101],[-119.993023396974,34.6484705224314],[-119.992940984288,34.6482107952649],[-119.993415076703,34.64755733406071],[-119.993332663674,34.6472976069095],[-119.994280822653,34.6459906776184],[-119.994198408385,34.6457309506299],[-119.99443544267,34.6454042168855],[-119.994353028508,34.6451444898383],[-119.995064117989,34.6441642852371],[-119.994981703036,34.6439045582787],[-119.995218728406,34.643577822289],[-119.995053899266,34.6430583681224],[-119.995290921734,34.6427316316818],[-119.995126093914,34.642212177133],[-119.996311171709,34.6405784866929],[-119.996228756389,34.6403187595881],[-119.996702772579,34.6396652793715],[-119.997022194333,34.6395982652498],[-119.996939777668,34.6393385383658],[-119.997650780909,34.638358311759],[-119.998289611412,34.6382242772627],[-119.998526605372,34.6378975325202],[-119.999484842302,34.637696472176],[-119.999721829589,34.6373697248196],[-120.000041239235,34.6373027022772],[-120.000515204685,34.636649204426],[-120.000834610664,34.6365821796621],[-120.001071588827,34.6362554291673],[-120.000989162118,34.6359957041817],[-120.001226137829,34.63566895316211],[-120.001864939897,34.6355348987255],[-120.002338879082,34.6348813922042],[-120.002977672711,34.6347473315689],[-120.003379501756,34.6349400236691],[-120.00497647837,34.6346048512987],[-120.004894040297,34.6343451285944],[-120.005213432956,34.6342780916929],[-120.005687336116,34.63362457068651],[-120.00664550143,34.6334234506842],[-120.006563059009,34.6331637288187],[-120.006882445337,34.6330966872683],[-120.00711938724,34.6327699232542],[-120.007758155121,34.6326358361766],[-120.007995091908,34.6323090702208],[-120.008314473462,34.6322420246935],[-120.008788337913,34.6315884896436],[-120.010704596924,34.6311861899855],[-120.011178434689,34.6305326444822],[-120.011817177036,34.630398534887],[-120.012054089801,34.6300717598946],[-120.012692826819,34.629937645445],[-120.012929734469,34.6296108685111],[-120.01420719563,34.6293426263919],[-120.01412473215,34.6290829086912],[-120.014361631125,34.6287561285458],[-120.015319713504,34.6285549363434],[-120.015793496109,34.627901370228],[-120.0164322087,34.6277672350179],[-120.017142858249,34.6267868773283],[-120.017462209046,34.6267198063918],[-120.018265857883,34.6271050929758],[-120.01858520902,34.6270380189938],[-120.018822082868,34.6267112290678],[-120.01922390963,34.6269038683968],[-120.01930638792,34.6271635831242],[-120.020110050566,34.627548856836],[-120.020748752751,34.6274146979803],[-120.020666269346,34.627154984343],[-120.021139998156,34.6265013955403]]},"properties":{"segment_id":"52f23005401e93de992d8694","source_kmz":"santaynez","orientation":"unverified"}},{"type":"Feature","geometry":{"type":"LineString","coordinates":[[-120.116167870475,34.6552673767487],[-120.115588045131,34.6534499066546],[-120.115185840236,34.6532576044169],[-120.113777833025,34.6488437156146],[-120.114014370991,34.6485167407509],[-120.113848732772,34.6479974573407],[-120.114085267848,34.6476704820291],[-120.114002449128,34.6474108401991],[-120.114238981758,34.6470838643654],[-120.114558331993,34.6470165296173],[-120.115031388131,34.6463625748204],[-120.114368839743,34.6442854388332],[-120.114605361255,34.6439584611335],[-120.114522544766,34.64369881861121],[-120.114120393281,34.64350651064531],[-120.113706326975,34.6422082943407],[-120.114179360887,34.6415543395304],[-120.114013736484,34.6410350523743],[-120.114250249549,34.6407080742228],[-120.114167437737,34.6404484305193],[-120.114640456974,34.639794472575],[-120.114557644831,34.63953482888661],[-120.11487696359,34.63946749270811],[-120.114794151002,34.6392078490938],[-120.115267157342,34.6385538877188],[-120.114935909002,34.6375153125234],[-120.115172407392,34.6371883312372],[-120.115006785673,34.6366690429893],[-120.116189243162,34.6350341283501],[-120.115940808094,34.6342551960891],[-120.116177292255,34.6339282115935],[-120.116094481234,34.6336685673142],[-120.117513341514,34.6317066482559],[-120.11879047353,34.6314372636505],[-120.119499857971,34.6304562880234],[-120.119417039508,34.6301966451033],[-120.119653496542,34.6298696521083],[-120.119156594786,34.6283117922341],[-120.119393047156,34.627984799085],[-120.1193102317,34.6277251553803],[-120.119546681625,34.6273981617083],[-120.11921542359,34.6263595858521],[-120.119451869738,34.6260325918783],[-120.11912061883,34.6249940141851],[-120.119439873538,34.6249266644589],[-120.119357061202,34.62466701990941],[-120.119829939943,34.6240130295679],[-120.119581503609,34.6232340955617],[-120.119817938647,34.6229070997167],[-120.119735127204,34.6226474548551],[-120.120207990391,34.6219934615222],[-120.120527231757,34.6219261086016],[-120.120444418983,34.6216664639607],[-120.120917270167,34.6210124670474],[-120.120834457061,34.6207528224204],[-120.121070879208,34.6204258231421],[-120.120988066215,34.6201661784553],[-120.121224485918,34.6198391786539],[-120.12081042708,34.6185409535872],[-120.121046842563,34.6182139535566],[-120.120644807439,34.618021662627],[-120.120561998453,34.6177620169469],[-120.119757937317,34.6173774301342],[-120.11959232724,34.6168581370127],[-120.119828742729,34.6165311388371],[-120.119745938081,34.6162714921498],[-120.119343916296,34.61607919633],[-120.118764310229,34.6142616634011],[-120.119237130332,34.6136076679215],[-120.119154330803,34.6133480199733],[-120.11939073741,34.6130210214115],[-120.119225139132,34.6125017252614],[-120.119461542852,34.6121747262494],[-120.119378744104,34.6119150780475],[-120.11961514538,34.6115880785118],[-120.119201157762,34.6102898358668],[-120.119437554819,34.6099628361007],[-120.119271962778,34.6094435382547],[-120.119508356948,34.6091165380382],[-120.119425561318,34.6088568889882],[-120.119661953044,34.6085298882478],[-120.119579157526,34.6082702391376],[-120.120288319374,34.6072892335538],[-120.12060749995,34.6072218793157],[-120.120843881677,34.60689487559],[-120.12116306014,34.6068275198044],[-120.121872188655,34.6058465030339],[-120.121706589077,34.605327206265],[-120.121942960363,34.605000199627],[-120.121860160964,34.6047405511154],[-120.122096529806,34.6044135439534],[-120.121765336,34.6033749488633]]},"properties":{"segment_id":"5b0ebb615ae592af92b16f52","source_kmz":"santaynez","orientation":"unverified"}},{"type":"Feature","geometry":{"type":"LineString","coordinates":[[-120.103157590766,34.6208785271468],[-120.103630583389,34.6202245996302],[-120.103465075563,34.6197052852947],[-120.103701567984,34.6193783207878],[-120.10361881446,34.6191186634936],[-120.103855304436,34.6187916984631],[-120.103607045868,34.6180127260012],[-120.103843532511,34.617685760594],[-120.103760780322,34.6174261029135],[-120.103358792304,34.6172337523396],[-120.102862300187,34.6156758014167],[-120.103335263472,34.6150218713263],[-120.102921530885,34.6137235759573],[-120.103630954143,34.61274267744301],[-120.10354820796,34.612483018189],[-120.104494075856,34.6111751454354],[-120.104813286233,34.6111078346414],[-120.105995568315,34.6094729769089],[-120.106314770356,34.6094056618853],[-120.106787666075,34.6087517132706],[-120.107189618518,34.6089440538568],[-120.108466410452,34.6086747752911],[-120.108868366672,34.6088671101178],[-120.110145151487,34.608597813182],[-120.110618009863,34.6079438484763],[-120.110535245349,34.6076841927886],[-120.110854436051,34.6076168652276],[-120.111090860239,34.6072898813818],[-120.115240268541,34.6064145345541],[-120.115713070463,34.6057605476405],[-120.116351426407,34.6056258630594],[-120.116587821256,34.6052988673662],[-120.117226171864,34.605164177936],[-120.117462561601,34.6048371803048],[-120.118420078675,34.60463513757041],[-120.118822038652,34.6048274390115],[-120.119141210341,34.6047600885954],[-120.119377590743,34.6044330869422],[-120.120335097807,34.6042310284203],[-120.120571471542,34.603904024159],[-120.121209803692,34.6037693127518],[-120.121446172315,34.6034423065528],[-120.121765336,34.6033749488633]]},"properties":{"segment_id":"77ac9419a658c9a102d87b14","source_kmz":"santaynez","orientation":"unverified"}},{"type":"Feature","geometry":{"type":"LineString","coordinates":[[-120.075260696878,34.6306351893944],[-120.076443902763,34.62900066615],[-120.07676321118,34.6289334333273],[-120.077236476408,34.628279618507],[-120.077071128689,34.6277602714324],[-120.077544384128,34.6271064545173],[-120.07737903685,34.6265871072049],[-120.078562135963,34.6249525551999],[-120.078314112533,34.6241735343364],[-120.077912152765,34.6239810976568],[-120.077581468861,34.6229423999503],[-120.078054690482,34.6222885774845],[-120.077806680715,34.6215095532478],[-120.078043287188,34.6211826413391],[-120.077877949231,34.6206632913292],[-120.078114552811,34.6203363789699],[-120.077949216185,34.6198170285742],[-120.078185816874,34.6194901157643],[-120.077689817654,34.6179320618213],[-120.077287891897,34.6177396216644],[-120.077205228861,34.6174799452014],[-120.077678420223,34.6168261203046],[-120.078316933771,34.6166916452239],[-120.078790110905,34.6160378152535],[-120.079109363734,34.6159705750554],[-120.079345947743,34.6156436585031],[-120.079263280034,34.615383982893],[-120.081498016388,34.6149132736906],[-120.082207722398,34.6139325065815],[-120.082526963559,34.61386525688791],[-120.082763526671,34.6135383326524],[-120.083402004214,34.6134038292919],[-120.084584774201,34.6117691924436],[-120.08490400436,34.6117019360935],[-120.085140550799,34.6113750062605],[-120.085779006339,34.6112404895871],[-120.086488624317,34.6102596924784],[-120.086405938372,34.6100000203721],[-120.086642473252,34.6096730868807],[-120.086559787418,34.6094134147142]]},"properties":{"segment_id":"3af499acd1029b032ac57efe","source_kmz":"santaynez","orientation":"unverified"}},{"type":"Feature","geometry":{"type":"LineString","coordinates":[[-120.052637301461,34.6323481565722],[-120.05255470563,34.6320884668737],[-120.05302819497,34.6314347523955],[-120.052945598801,34.6311750627114],[-120.053182340021,34.6308482046495],[-120.052769365274,34.6295497546038],[-120.053408027263,34.6294154175455],[-120.053644761137,34.6290885579115],[-120.054922072228,34.6288198705793],[-120.055725929588,34.6292048986144],[-120.056364583588,34.6290705453467],[-120.056766516164,34.6292630550611],[-120.056849123128,34.6295227425929],[-120.057251059262,34.6297152505446],[-120.057570387323,34.6296480702199],[-120.057972325906,34.6298405756641],[-120.058054937539,34.6301002621778],[-120.05845687968,34.6302927658593],[-120.058539493425,34.6305524519008],[-120.058941439126,34.6307449538194],[-120.059024054982,34.6310046393886],[-120.059827955503,34.6313896382769],[-120.059910575027,34.6316493230345],[-120.060229908767,34.6315821355858],[-120.060631864034,34.6317746314714],[-120.060951197664,34.6317074420611],[-120.061424613643,34.6310536932906],[-120.063021257902,34.6307177263649],[-120.063257955106,34.6303908477282],[-120.06389660581,34.6302564534729],[-120.063813974381,34.6299967711341],[-120.064524043303,34.6290161278338],[-120.064843362151,34.6289489275833],[-120.065080046231,34.6286220446172],[-120.065399362968,34.6285548428181],[-120.066109398526,34.6275741883223],[-120.066428710038,34.6275069836326],[-120.068085378708,34.6252187642006],[-120.067672183677,34.6239203587574],[-120.068630067186,34.6237187284302],[-120.069103369281,34.6230649427812],[-120.069020728047,34.6228052620598],[-120.06965930605,34.6226708351834],[-120.069895950536,34.6223439401942],[-120.06981330741,34.6220842598262],[-120.070771162578,34.6218826115374],[-120.07100779995,34.6215557140112],[-120.071327082339,34.6214884954891],[-120.071800347964,34.6208346973023],[-120.071635052698,34.6203153382595],[-120.071871681618,34.6199884384165],[-120.072829505443,34.6197867727864],[-120.073066127693,34.6194598703332],[-120.072983477,34.6192001913784],[-120.073220096803,34.6188732884009],[-120.073137446219,34.6186136093863],[-120.073374063575,34.6182867058847],[-120.073693330404,34.6182194806535],[-120.073929944202,34.6178925758834],[-120.074249208919,34.6178253491038],[-120.075195637875,34.61651772136431],[-120.074865022402,34.6154790073857],[-120.075574817763,34.6144982811859],[-120.075326857982,34.6137192449624],[-120.075646104247,34.6136520140548],[-120.076119285365,34.6129981926979],[-120.076438527963,34.6129309595712],[-120.076675113965,34.6126040473254],[-120.077313594384,34.6124695770983],[-120.07778675416,34.6118157481305],[-120.078105990425,34.6117485103592],[-120.078342565756,34.611421594308],[-120.078981033508,34.611287114792],[-120.079690738161,34.6103063590276],[-120.082244549616,34.6097683897716],[-120.083048344919,34.6101532379615],[-120.083686794009,34.6100187325393],[-120.084088695551,34.6102111523311],[-120.084325240877,34.609884223608],[-120.084644463478,34.6098169678264],[-120.084881005247,34.609490037835],[-120.08551944567,34.6093555222985],[-120.085921348326,34.6095479359274],[-120.086559787418,34.6094134147142]]},"properties":{"segment_id":"8726f3f9a0c5959c8285b248","source_kmz":"santaynez","orientation":"unverified"}},{"type":"Feature","geometry":{"type":"LineString","coordinates":[[-119.876117646661,34.6903690759095],[-119.876035582522,34.6901092784269],[-119.876273252802,34.6897828004201],[-119.876912718881,34.6896494369972],[-119.877150384038,34.6893229570446],[-119.880027940045,34.6887227720752],[-119.880265589179,34.6883962854629],[-119.880585313306,34.6883295931763],[-119.881298243978,34.68735012772541],[-119.881216165617,34.6870903330239],[-119.881453804703,34.6867638434167],[-119.881207571577,34.6859844587485],[-119.881445207296,34.6856579687653],[-119.88136313024,34.6853981736879],[-119.881600763497,34.6850716831799],[-119.881354534283,34.6842922973837],[-119.881592164174,34.6839658064996],[-119.881345938573,34.6831864197456],[-119.881583565097,34.6828599284852],[-119.881501490549,34.68260013271241],[-119.881739114612,34.6822736409272],[-119.881657040163,34.6820138450975],[-119.881894661764,34.6816873527874],[-119.881648440375,34.6809079647333],[-119.88188605861,34.6805814720468],[-119.881639840833,34.6798020830341],[-119.881877455702,34.679475589971],[-119.881795383761,34.6792157934451],[-119.882270606566,34.6785628056697],[-119.882590288253,34.6784961071868],[-119.882827895085,34.678169611727],[-119.882745821335,34.6779098154977],[-119.882983425706,34.6775833195129],[-119.882819278959,34.6770637268087],[-119.883056880417,34.676737230373],[-119.882810663081,34.67595784055401],[-119.883048261172,34.6756313437414],[-119.882884118138,34.6751117500202],[-119.883121713316,34.6747852527565],[-119.883039642175,34.674525455773],[-119.883277234892,34.674198957984],[-119.883031023424,34.67341956646741],[-119.883268612776,34.67309306830131],[-119.883186542938,34.6728332709403],[-119.884136878451,34.67152727257911],[-119.883890666825,34.6707478805958],[-119.884128244325,34.6704213797291],[-119.884046174435,34.6701615822124],[-119.884283749474,34.6698350808204],[-119.88403754176,34.6690556877035],[-119.884275113434,34.6687291859339],[-119.884193044848,34.6684693880393],[-119.884430614062,34.6681428857442],[-119.884102343429,34.6671036931465],[-119.884815033595,34.6661241835516],[-119.885134661605,34.6660574772056],[-119.886322430602,34.6644249458591],[-119.886240359703,34.6641651481772],[-119.88671545234,34.66351213159011],[-119.887035067902,34.663445419858],[-119.887272609652,34.66311890999211],[-119.887911836006,34.6629854825455],[-119.888149372636,34.6626589707336],[-119.888468983429,34.6625922550191],[-119.888944047553,34.6619392282505],[-119.888861970478,34.6616794317012],[-119.890287111948,34.6597203374507],[-119.890926304973,34.6595868930253],[-119.891401329843,34.6589338541198],[-119.890990924637,34.6576348744012],[-119.891703440107,34.65665531265201],[-119.891539279178,34.6561357202846],[-119.892014277646,34.6554826764153],[-119.891768037683,34.6547032873181],[-119.89224302541,34.6540502414922],[-119.892562597054,34.6539835139566],[-119.893037573639,34.6533304643861],[-119.892791330213,34.652551075602],[-119.893028814139,34.6522245501381],[-119.89294673365,34.6519647536867],[-119.893184215117,34.6516382276966],[-119.89302005489,34.6511186345455],[-119.893257533447,34.6507921081029],[-119.89317545371,34.6505323114031],[-119.895075206293,34.6479200788622],[-119.896033836164,34.647719869044],[-119.896435465714,34.6479129259717],[-119.89651755363,34.6481727211304],[-119.896837097271,34.64810598147831],[-119.897074550437,34.6477794461997],[-119.899630867248,34.6472454919745],[-119.90003250332,34.6474385366434],[-119.900352040888,34.6473717873285],[-119.900589476943,34.647045244646],[-119.903145745169,34.6465112131199],[-119.903620586369,34.6458581151874],[-119.90457916851,34.64565783483341],[-119.904980808692,34.6458508628364],[-119.907217484187,34.6453835036803],[-119.907619129533,34.6455765226758],[-119.909216740576,34.645242662937],[-119.909618390184,34.6454356750924],[-119.909937911187,34.6453688994257],[-119.910339563253,34.6455619090762],[-119.912576197965,34.6450944472292],[-119.912977855195,34.6452874478718],[-119.913616889615,34.6451538772714],[-119.914018549753,34.6453468743253],[-119.91689418136,34.6447457533912],[-119.917295847562,34.6449387392696],[-119.917615359874,34.6448719425792],[-119.918017028533,34.6450649259526],[-119.918336540744,34.64499812730001],[-119.919943237248,34.6457700422447],[-119.920025401927,34.6460298214991],[-119.920828765329,34.6464157697682],[-119.921157442014,34.64745488276531],[-119.921559132948,34.6476478534177]]},"properties":{"segment_id":"6561b76d28c1e77f195b1ae4","source_kmz":"santaynez","orientation":"unverified"}},{"type":"Feature","geometry":{"type":"LineString","coordinates":[[-120.145394268174,34.59949400340831],[-120.146103021953,34.5985128315809],[-120.14602014837,34.5982531983287],[-120.14625639519,34.5979261399323],[-120.146173521721,34.5976665066193],[-120.146882248859,34.5966853280679],[-120.147201362482,34.5966179003776],[-120.147437599308,34.5962908389967],[-120.147354723626,34.59603120604911],[-120.147590958011,34.5957041441443],[-120.147910066966,34.5956367144441],[-120.148146297797,34.5953096512725],[-120.148465404639,34.5952422200255],[-120.148701631916,34.594915155587],[-120.149020736646,34.5948477227933],[-120.149422721828,34.5950399210234],[-120.150380034006,34.5948376141296],[-120.150616251948,34.5945105456715],[-120.151892654171,34.5942407881907],[-120.152128863891,34.593913716456],[-120.152045975004,34.5936540861498],[-120.152282182283,34.5933270138913],[-120.152920371833,34.5931921276241],[-120.153156574003,34.5928650534289],[-120.154113849485,34.5926627154422],[-120.154350044989,34.5923356386405],[-120.154669134148,34.5922681902214],[-120.154905326098,34.5919411121529],[-120.156181670942,34.5916713070291],[-120.157789628796,34.5924399955403],[-120.15906597181,34.5921701590472]]},"properties":{"segment_id":"5f7588e2e404d78fab858f07","source_kmz":"santaynez","orientation":"unverified"}},{"type":"Feature","geometry":{"type":"LineString","coordinates":[[-120.358004581484,34.5454799696005],[-120.357769390483,34.5458074746926],[-120.358604693452,34.5484024447527],[-120.359006956993,34.5485939311742],[-120.359341100093,34.5496319140253],[-120.359105902129,34.5499594202786],[-120.359440052453,34.5509974012506],[-120.359842331553,34.5511888842338],[-120.359925872091,34.551448378794],[-120.360328154739,34.5516398600058],[-120.360411697393,34.5518993540867],[-120.360813983588,34.552090833527],[-120.361064619582,34.5528693139245],[-120.361466912436,34.5530607909057],[-120.361231713047,34.5533883001784],[-120.361482357447,34.5541667785427],[-120.361884658082,34.5543582538048],[-120.362051760264,34.5548772380156],[-120.362454066002,34.5550687111624],[-120.362788283316,34.5561066765826],[-120.36319059727,34.5562981469264],[-120.363274154556,34.5565576375989],[-120.363676472058,34.5567491061712],[-120.363760031461,34.5570085963643],[-120.364564675552,34.5573915285381],[-120.364648238628,34.5576510179081],[-120.365050565217,34.5578424815095],[-120.36513413041,34.5581019704002],[-120.365452893797,34.5580339436832],[-120.365217696163,34.5583614591554],[-120.365301262477,34.5586209477752],[-120.364360450286,34.5599310040118],[-120.364611147369,34.5607094699329],[-120.365013489773,34.5609009330043]]},"properties":{"segment_id":"dc6f0a2e0816643a6e6b6ebe","source_kmz":"santaynez","orientation":"unverified"}},{"type":"Feature","geometry":{"type":"LineString","coordinates":[[-120.321020453832,34.5586334095402],[-120.321961984069,34.557323700796],[-120.322599579731,34.557187882145],[-120.322834954197,34.5568604521358],[-120.323791338823,34.5566567155878],[-120.324193559089,34.5568483201917],[-120.324428925776,34.5565208868437],[-120.325385302006,34.5563171371594],[-120.325787524454,34.5565087363445],[-120.326425106682,34.5563728966754],[-120.327229559299,34.5567560864292],[-120.327867141034,34.556620238922],[-120.328102491478,34.5562927980837],[-120.331290351002,34.5556135013274],[-120.331525683896,34.5552860532174],[-120.33216324597,34.5551501820222],[-120.332565479136,34.5553417581048],[-120.33288425977,34.5552738201099],[-120.333286495363,34.5554653936815],[-120.333605275874,34.5553974537271],[-120.333840598312,34.5550700008709],[-120.33375714136,34.5548104887094],[-120.336626117787,34.554198985578],[-120.336861423794,34.553871526191],[-120.337180194598,34.5538035763527],[-120.337415497057,34.5534761157033],[-120.337734265744,34.55340816432161],[-120.337969564656,34.55308070240981],[-120.338607097238,34.5529447956844],[-120.338842391046,34.5526173318424],[-120.338758919963,34.5523578225412],[-120.339077682863,34.5522898674055],[-120.33954826052,34.551634936747],[-120.340185778416,34.5514990211786],[-120.340891620629,34.5505166167235],[-120.34121037407,34.5504486556233],[-120.341445649268,34.5501211856142],[-120.342083151358,34.5499852594518],[-120.34278895567,34.5490028418497],[-120.342705475249,34.54874333431491],[-120.342940738934,34.54841586066351],[-120.343578224346,34.54827992607481],[-120.343813482928,34.5479524504935],[-120.344132223238,34.5478844812183],[-120.344534448264,34.5480760176249],[-120.345490667142,34.5478721012946],[-120.346295125782,34.5482551633234],[-120.34661386516,34.5481871872948],[-120.346849110612,34.5478597055612],[-120.347486584574,34.5477237495422],[-120.347721824923,34.5473962658788],[-120.348040559509,34.5473282858886],[-120.348845025119,34.54771133057831],[-120.348928525018,34.5479708340233],[-120.349733001704,34.5483538723158],[-120.350370474671,34.5482179006227],[-120.350772716872,34.5484094154604],[-120.352366391663,34.5480694654868],[-120.352601612409,34.5477419721168],[-120.352920344131,34.5476739788281],[-120.353155561329,34.5473464841959],[-120.353474290935,34.5472784893642],[-120.353709504587,34.5469509934698],[-120.354028232077,34.5468829970952],[-120.355204262691,34.5452455053642],[-120.355522981842,34.5451775047773],[-120.355993377038,34.5445225025863],[-120.356630807437,34.5443864961167],[-120.357033045215,34.5445779902072],[-120.357116569193,34.5448374887102],[-120.357921053833,34.5452204719209],[-120.358004581484,34.5454799696005]]},"properties":{"segment_id":"b103c0b97b6d7b49bd0b6949","source_kmz":"santaynez","orientation":"unverified"}},{"type":"Feature","geometry":{"type":"LineString","coordinates":[[-119.755341056094,34.6703641054842],[-119.755259419517,34.6701042177945]]},"properties":{"segment_id":"568144c8f1978af327f2b0bc","source_kmz":"santaynez","orientation":"unverified"}},{"type":"Feature","geometry":{"type":"LineString","coordinates":[[-119.737773187514,34.6773298027781],[-119.738249615851,34.6766773996876],[-119.738569413744,34.6766110948608],[-119.738970799386,34.6768046864402],[-119.739290597186,34.6767383796502],[-119.739528804128,34.6764121751039],[-119.740168394972,34.6762795575358],[-119.740406596791,34.6759533510379],[-119.740726389834,34.6758870402597],[-119.740964588085,34.67556083248521],[-119.741284379024,34.6754945201526],[-119.741522573708,34.6751683111016],[-119.742162150827,34.6750356824482],[-119.742563537287,34.6752292620285],[-119.743203113123,34.6750966276902],[-119.743441298476,34.6747704145891],[-119.743761084016,34.6747040954259],[-119.744713799088,34.6733992343064],[-119.745353356078,34.673266587942],[-119.745591526705,34.6729403698085],[-119.747190401793,34.6726087351343],[-119.747428562633,34.6722825130245],[-119.747748334448,34.6722161827767],[-119.747986491722,34.6718899593904],[-119.748626030593,34.6717572949071],[-119.748864182745,34.6714310695694],[-119.750143247677,34.6711657273514],[-119.750381391596,34.6708394987125],[-119.751340679862,34.6706404807917],[-119.752143455115,34.6710275773792],[-119.754062022294,34.6706295047934],[-119.754300148009,34.6703032679822],[-119.755259419517,34.6701042177945]]},"properties":{"segment_id":"46a156c7e1820e441ddf3827","source_kmz":"santaynez","orientation":"unverified"}},{"type":"Feature","geometry":{"type":"LineString","coordinates":[[-119.755259419517,34.6701042177945],[-119.756688103572,34.6681467721502],[-119.761164507941,34.6672177099582],[-119.76140259314,34.66689145746511],[-119.763640744056,34.6664268570238],[-119.764354954929,34.6654480817664],[-119.764273293222,34.6651881989728],[-119.764749422837,34.6645356792746],[-119.765069147703,34.6644693010969],[-119.765307207939,34.6641430396711]]},"properties":{"segment_id":"f4ea0d73769e24dfec665eb1","source_kmz":"santaynez","orientation":"unverified"}},{"type":"Feature","geometry":{"type":"LineString","coordinates":[[-119.800332143825,34.6834440648255],[-119.799127428193,34.682863922024],[-119.798807656466,34.6829303919983],[-119.798004523677,34.6825436208642],[-119.796725434902,34.6828094832977],[-119.79648744987,34.6831358020203],[-119.795847899068,34.68326872661311],[-119.794241664147,34.6824951382996],[-119.793921889741,34.6825615949412],[-119.791111059249,34.6812077531502],[-119.790471515162,34.6813406486202],[-119.790069976904,34.6811472348039],[-119.78975020449,34.6812136801362],[-119.789668440658,34.6809538195681],[-119.787660789597,34.679986722096],[-119.787341019915,34.6800531609247],[-119.78653797448,34.6796663098315],[-119.78621820516,34.6797327456132],[-119.785013653458,34.6791524550757],[-119.784931907746,34.6788925906116],[-119.784530396091,34.6786991572581],[-119.784448652484,34.6784392923275],[-119.784047144396,34.678245857219],[-119.783965402895,34.6779859918221],[-119.7819579004,34.6770187933103],[-119.781638138101,34.67708521676],[-119.781236644092,34.6768917717156],[-119.779318061485,34.6772902874468],[-119.778113599726,34.6767099242884],[-119.778031879815,34.6764500543085],[-119.777228918477,34.6760631377687],[-119.776909156068,34.6761295483562],[-119.775704730512,34.6755491596503],[-119.775132768019,34.6737300529518],[-119.774731307745,34.6735365848629],[-119.774159383082,34.6717174694014],[-119.773757935706,34.6715239975449],[-119.773676235938,34.6712641230483],[-119.773274792129,34.6710706494371],[-119.7726353013,34.6712034488322],[-119.772233860414,34.6710099716344],[-119.771274621415,34.6712091608821],[-119.771036564608,34.6715354319343],[-119.769757565359,34.6718010025903],[-119.769356128576,34.671607515639],[-119.769274443529,34.6713476380908],[-119.768873010313,34.6711541493849],[-119.768709644979,34.6706343932249],[-119.768947708838,34.6703081265886],[-119.768784344791,34.6697883700519],[-119.769022405727,34.6694621029616],[-119.768940724072,34.6692022245703],[-119.769416839,34.6685496887332],[-119.769335156983,34.668289810358],[-119.769015419968,34.6683561999239],[-119.768614002948,34.6681627096955],[-119.768450645683,34.6676429514722],[-119.768049233784,34.6674494591538],[-119.767967557531,34.6671895795102],[-119.766763338564,34.6666090930339],[-119.76643665771,34.6655695691241],[-119.76603526163,34.665376069452],[-119.765953594345,34.6651161878115],[-119.765552201831,34.6649226863849],[-119.765307207939,34.6641430396711]]},"properties":{"segment_id":"ea0ae13770ac1361a1b4fc50","source_kmz":"santaynez","orientation":"unverified"}},{"type":"Feature","geometry":{"type":"LineString","coordinates":[[-119.835059947232,34.681202988881],[-119.83497803096,34.6809431600187],[-119.836167088953,34.6793111649982],[-119.837126260989,34.6791114452043],[-119.83752790646,34.6793046978535],[-119.838806796605,34.6790383881528],[-119.839757958833,34.6777327594783],[-119.840077673766,34.6776661771603],[-119.840315457742,34.6773397678181],[-119.840635170568,34.6772731839473],[-119.841348505767,34.6762939503001],[-119.840938850176,34.6749948197422],[-119.841176622288,34.6746684076964],[-119.84109469237,34.6744085812652],[-119.841332462018,34.6740821686934],[-119.841652160482,34.674015581805],[-119.841889926565,34.6736891679595],[-119.843168708686,34.6734228089215],[-119.843406466534,34.6730963917808],[-119.84372615913,34.6730297991502],[-119.844439415951,34.6720505421071],[-119.844357477834,34.6717907172186],[-119.844595225635,34.6714642970782],[-119.84434941323,34.6706848218468],[-119.844587157661,34.670358401328],[-119.844423284574,34.669838750665],[-119.844898765594,34.6691859081227],[-119.845218440718,34.6691193111273],[-119.845456176658,34.6687928882825],[-119.845775849675,34.6687262897345],[-119.84601358205,34.6683998656158],[-119.845358081167,34.6663212633541],[-119.844956483618,34.6661280348565],[-119.844874550044,34.66586820864631],[-119.84447295606,34.665674978392],[-119.844309093677,34.6651553249049],[-119.84454682126,34.6648289024923],[-119.844464890441,34.6645690756254],[-119.844702615562,34.6642426526863],[-119.844620684841,34.6639828257617],[-119.845333846787,34.663003553565],[-119.845653495952,34.6629369549293],[-119.845891211027,34.6626105289897],[-119.84716979595,34.6623441229637],[-119.847407502793,34.662017693729],[-119.84772714609,34.6619510893518],[-119.848677947151,34.6606453637173],[-119.848186313764,34.6590864107667],[-119.846981618753,34.6585067455604],[-119.846326175767,34.6564281261866],[-119.845924627224,34.6562348989185],[-119.845678849864,34.6554554134738],[-119.845277307996,34.6552621837758],[-119.844949618785,34.6542228666619],[-119.845424999249,34.65357001080331],[-119.845744609304,34.653503411229],[-119.846219978624,34.6528505516216],[-119.845810365422,34.6515514047619],[-119.846048044803,34.6512249744245],[-119.84636764462,34.6511583729752],[-119.847080666046,34.6501790763397],[-119.847400260647,34.65011247199061],[-119.848588581748,34.6484802955552],[-119.848506654674,34.6482204668583],[-119.848744312417,34.6478940298433],[-119.848498533142,34.6471145431824],[-119.849211490243,34.6461352291944],[-119.849850641766,34.6460020073733],[-119.850801210681,34.6446962415937],[-119.850719280179,34.6444364133658],[-119.850956916935,34.644109970493]]},"properties":{"segment_id":"4f2535dad093a4331b7f4864","source_kmz":"santaynez","orientation":"unverified"}},{"type":"Feature","geometry":{"type":"LineString","coordinates":[[-119.859521267838,34.6658617208015],[-119.859275322648,34.6650822721784],[-119.85887369673,34.6648890912242],[-119.85813590494,34.6625507352284],[-119.858373566078,34.6622242837735],[-119.858291591517,34.661964465857],[-119.85788998427,34.6617712808635],[-119.857644068561,34.6609918253154],[-119.85724246799,34.6607986378915],[-119.857160498746,34.6605388187759],[-119.856758901739,34.660345629595],[-119.856431036498,34.659306350471],[-119.85666869486,34.6589799013205],[-119.85642280036,34.6582004408174],[-119.856021217353,34.6580072486069],[-119.855857293555,34.6574876069405],[-119.855455715668,34.6572944126364],[-119.855291797186,34.6567747697706],[-119.853685518168,34.6560019756569],[-119.853603565976,34.6557421526801],[-119.853202002798,34.6555489502641],[-119.852300582173,34.6526908851332],[-119.852538237637,34.6523644420089],[-119.852128520771,34.6510653165977],[-119.852603821144,34.6504124292823],[-119.852521878518,34.6501526039518],[-119.852759525239,34.649826159467],[-119.852595640735,34.6493065085579],[-119.852194113526,34.6491133013135],[-119.851948295569,34.6483338229522],[-119.852423580662,34.6476809344087],[-119.851686148396,34.6453424935321],[-119.851284644061,34.645149282321],[-119.850956916935,34.644109970493]]},"properties":{"segment_id":"96ab24a50bbf9ac2efbccce0","source_kmz":"santaynez","orientation":"unverified"}},{"type":"Feature","geometry":{"type":"LineString","coordinates":[[-120.121765336,34.6033749488633],[-120.122084499129,34.6033075902967],[-120.122320862641,34.60298058216],[-120.122640023658,34.6029132220461],[-120.122876383614,34.6025862126419],[-120.123514700868,34.6024514884424],[-120.124223759406,34.6014704526255],[-120.124140956128,34.6012108047116],[-120.127013305232,34.600604486165],[-120.129140242875,34.5976612928376],[-120.129057427166,34.5974016473085],[-120.129293743132,34.5970746229149],[-120.128879670715,34.5957763936278],[-120.129115982466,34.595449369002],[-120.129033169208,34.5951897228162],[-120.129269478516,34.5948626976661],[-120.129186665371,34.5946030514194],[-120.130131880842,34.5932949451387],[-120.130450995075,34.5932275629574],[-120.13068729239,34.592900534224],[-120.131644627083,34.5926983804081],[-120.131880917733,34.592371349067],[-120.133157349981,34.5921017956885],[-120.13339363241,34.5917747610695],[-120.133712737526,34.5917073698625],[-120.134185293277,34.59105329749271],[-120.134019642689,34.5905340096321],[-120.134255916681,34.5902069726971],[-120.134090267432,34.5896876844465],[-120.134326538539,34.58936064705991],[-120.133995244944,34.5883220692429],[-120.134467777618,34.5876679932605],[-120.134786864851,34.58760059881],[-120.135259386421,34.5869465190982],[-120.135093737418,34.5864272303818],[-120.134691832626,34.586234980993],[-120.134194908297,34.5846771095836],[-120.134431163652,34.5843500701565],[-120.134348344434,34.5840904245253],[-120.134584597349,34.5837633845735],[-120.136179946889,34.5834264004885]]},"properties":{"segment_id":"e984b8b8b4bd5a69d49ee844","source_kmz":"santaynez","orientation":"unverified"}},{"type":"Feature","geometry":{"type":"LineString","coordinates":[[-119.947667414374,34.6687753082881],[-119.94726554836,34.6685824318359],[-119.947183268084,34.6683226781698],[-119.945977686754,34.6677440392687],[-119.945154961131,34.6651464852313],[-119.944753120269,34.6649535993775],[-119.944177256151,34.6631353013462],[-119.945126441015,34.6618287936867],[-119.945445999107,34.6617619221625],[-119.945683288749,34.6614352930787],[-119.946002844732,34.6613684200037],[-119.945920576385,34.6611086633963],[-119.946157862015,34.6607820331153],[-119.946075593771,34.6605222764499],[-119.946312876944,34.6601956456443],[-119.945901541776,34.658896860709],[-119.946138820692,34.6585702296742],[-119.946056554868,34.6583104723654],[-119.946293831328,34.6579838408059],[-119.946613372505,34.6579169658089],[-119.946850645402,34.6575903329783],[-119.948128798352,34.6573228215172],[-119.948603325675,34.65666954868],[-119.948521053588,34.6564097925637],[-119.949232828176,34.6554298790395],[-119.949150555293,34.6551701230127],[-119.949470082359,34.6551032400009],[-119.951368043604,34.6524901061393],[-119.951203490294,34.6519705952817],[-119.951677958746,34.6513173061244],[-119.952636483918,34.65111663288041],[-119.952873710466,34.6507899853864],[-119.953193216194,34.6507230918761],[-119.953110935008,34.6504633372937],[-119.953348157544,34.6501366886022],[-119.953183595933,34.6496171791884],[-119.953895248809,34.6486372299639],[-119.954534240138,34.6485034361642],[-119.955337801586,34.6488891461771],[-119.955575009874,34.6485624924012],[-119.955894504052,34.6484955913437],[-119.956296287128,34.6486884423872],[-119.956935274722,34.6485546354695],[-119.957337060703,34.6487474829231],[-119.95765655412,34.648680577063],[-119.958368141637,34.6477005995982],[-119.958203551461,34.6471810958605],[-119.958915118231,34.6462011134494],[-119.961470954907,34.6456658059751],[-119.96170812737,34.6453391385954],[-119.962027602908,34.6452722205371],[-119.96226477181,34.6449455518864],[-119.962584245239,34.6448786322777],[-119.962501938707,34.6446188826369],[-119.962739103598,34.6442922127888],[-119.96265679717,34.6440324630894],[-119.963131120038,34.6433791217442],[-119.963770051889,34.643245276682],[-119.964718661113,34.6419385814287],[-119.964636350538,34.6416788324501],[-119.965110642221,34.6410254813782],[-119.965430096977,34.6409585537022],[-119.965347785054,34.6406988049441],[-119.965584925883,34.6403721279113],[-119.965337992087,34.6395928810639],[-119.965812265034,34.6389395256429],[-119.96677059995,34.638738733766],[-119.967007728749,34.6384120531407],[-119.967646612815,34.63827818615471],[-119.967883736497,34.6379515035861],[-119.968203176144,34.6378845681038],[-119.968440296265,34.6375578842643],[-119.968759733803,34.6374909472317],[-119.969945296557,34.63585751569141],[-119.970903582513,34.6356566892426],[-119.971851977962,34.6343499251662],[-119.972171399284,34.6342829785719],[-119.972408491578,34.6339562853836],[-119.973047329451,34.6338223882167],[-119.972964999526,34.63356264278],[-119.973439170982,34.6329092520653],[-119.973356840713,34.6326495066428],[-119.974305157775,34.63134271832121],[-119.974624564542,34.6312757647996],[-119.976046970671,34.62931556032],[-119.976366367551,34.6292486018878],[-119.976603426668,34.6289218983731],[-119.979797349476,34.6282522590444],[-119.980271430587,34.6275988367771],[-119.980590816712,34.6275318666717],[-119.980827852706,34.62720515396781],[-119.981786003095,34.6270042363679],[-119.982260059738,34.6263508051315],[-119.983218195811,34.6261498755985],[-119.984877298272,34.6238628332965],[-119.985196664968,34.6237958503257],[-119.985433670035,34.6234691269296],[-119.986391762135,34.6232681707344],[-119.986628760531,34.6229414447236],[-119.987267482719,34.6228074681938],[-119.987669210518,34.6230002168513],[-119.988946650043,34.62273224892311],[-119.990131559774,34.6210985860029],[-119.991089610274,34.6208975907608],[-119.991326581543,34.6205708543647],[-119.992531766441,34.6211490556353],[-119.993170463584,34.6210150465725],[-119.993572196786,34.6212077753173],[-119.99421089261,34.621073760576],[-119.994447851225,34.6207470179135],[-119.994767196751,34.6206800085543],[-119.99547805591,34.6196997749588],[-119.996436075168,34.619498735568],[-119.996673019548,34.6191719878231],[-119.997311693174,34.6190379558302],[-119.997713426425,34.6192306707585],[-119.998352098732,34.6190966330872],[-119.99858903378,34.6187698813114],[-119.998424234892,34.6182504176657],[-119.99937195147,34.6169434051596],[-120.000968573646,34.6166082808855],[-120.000886168234,34.6163485501852],[-120.001596909964,34.6153682746611],[-120.00191622707,34.6153012453637],[-120.002153135419,34.6149744849864],[-120.003430392086,34.6147063563331],[-120.003667292211,34.6143795926701],[-120.004305914111,34.6142455217339],[-120.004542809122,34.6139187561286],[-120.005820040056,34.6136506010373],[-120.006056926844,34.6133238321464],[-120.006376231638,34.6132567905077],[-120.006613114868,34.6129300203463],[-120.006932417552,34.6128629771583],[-120.007169297224,34.6125362057265],[-120.0074885978,34.6124691609891],[-120.007962348025,34.611815614986],[-120.008281644937,34.6117485680276],[-120.008755384041,34.6110950182862],[-120.008672958344,34.6108352914908],[-120.010567831084,34.6082210691584],[-120.011525668838,34.6080199034855],[-120.012473038491,34.6067127698892],[-120.012308172015,34.6061933188841]]},"properties":{"segment_id":"dee897f0d6be6ec8ab5141ae","source_kmz":"santaynez","orientation":"unverified"}},{"type":"Feature","geometry":{"type":"LineString","coordinates":[[-120.021139998156,34.6265013955403],[-120.021376859557,34.6261746002417],[-120.021294375365,34.6259148866917],[-120.021531234316,34.6255880908683],[-120.021283783723,34.6248089496414],[-120.021520639329,34.6244821534397],[-120.02143815646,34.6242224395051],[-120.021675009616,34.6238956427784],[-120.021345081894,34.6228567860046],[-120.021581931258,34.6225299889728],[-120.021499450266,34.62227027452051],[-120.021973142093,34.6216166788087],[-120.021643220091,34.6205778202564],[-120.021241420187,34.6203851878986],[-120.021076465623,34.619865757147],[-120.020674670832,34.6196731226884],[-120.020509721597,34.6191536907272],[-120.019706144246,34.6187684161855],[-120.020179829776,34.6181148252095],[-120.022095695454,34.6177123327655],[-120.022332525882,34.6173855323507],[-120.022250047858,34.6171258169486],[-120.022486875836,34.6167990160086],[-120.022321920556,34.6162795849518],[-120.022558745638,34.6159527835596],[-120.02239379168,34.6154333521171],[-120.022630613866,34.6151065502727],[-120.022548137271,34.6148468344251],[-120.022784957007,34.6145200320553],[-120.022372580113,34.6132214511872],[-120.022846209108,34.6125678453827],[-120.023484782764,34.6124336693464],[-120.023319830094,34.6119142371843],[-120.023556637583,34.6115874321873],[-120.023474161632,34.6113277159797],[-120.02315487964,34.61139480449],[-120.022753123699,34.6112021753698],[-120.022588178573,34.6106827414649],[-120.022186427744,34.6104901102438],[-120.022103957568,34.6102303927526],[-120.022340765039,34.6099035896095],[-120.022010888086,34.6088647186057],[-120.021609148144,34.6086720850106],[-120.021526681846,34.6084123665878],[-120.020723211079,34.6080270944512],[-120.020558286366,34.6075076558496],[-120.020795092032,34.6071808548517],[-120.021114358668,34.6071137724767],[-120.020310903452,34.6067284969487],[-120.019898609677,34.6054298961178],[-120.020135411766,34.6051030957027],[-120.019888040808,34.6043239338248],[-120.020124839555,34.6039971330295],[-120.019959927459,34.6034776912572],[-120.020670309006,34.6024972857157]]},"properties":{"segment_id":"d1669880cbaeb5f77dac631b","source_kmz":"santaynez","orientation":"unverified"}},{"type":"Feature","geometry":{"type":"LineString","coordinates":[[-120.012308172015,34.6061933188841],[-120.013018675548,34.6052129628366],[-120.013337940804,34.6051459015677],[-120.013739641811,34.60533856436],[-120.014213295496,34.6046849878356],[-120.014532557536,34.6046179232624],[-120.014285244598,34.6038387491013],[-120.014758884482,34.6031851692752],[-120.016993660461,34.602715687615],[-120.017395357951,34.6029083383568],[-120.018033861282,34.6027741906751],[-120.018837264055,34.6031594835569],[-120.019074063677,34.6028326844686],[-120.020670309006,34.6024972857157]]},"properties":{"segment_id":"11abeffc004b96ed645db029","source_kmz":"santaynez","orientation":"unverified"}},{"type":"Feature","geometry":{"type":"LineString","coordinates":[[-120.367181410693,34.5274362213348],[-120.367985764253,34.5278191426988],[-120.368152850047,34.5283381337136],[-120.367682656134,34.5289931968769],[-120.368016830966,34.5300311778517],[-120.370027807549,34.5309884533471],[-120.370111360434,34.5312479465301],[-120.370915768108,34.5316308460465],[-120.371166439456,34.5324093227148],[-120.371970864422,34.5327922144556],[-120.372221550145,34.5335706878355],[-120.371986455508,34.5338982259733],[-120.372070018102,34.5341577169003],[-120.371599821989,34.5348127915359],[-120.371683384274,34.5350722824716],[-120.371448282798,34.5353998189695],[-120.371531845208,34.5356593098416],[-120.371296741307,34.535986845817],[-120.371380303844,34.5362463366255],[-120.371145197517,34.5365738720784],[-120.371395887186,34.5373523439058],[-120.371798124933,34.53754378863],[-120.371563016433,34.5378713244447],[-120.371646581898,34.5381308145104],[-120.370941243153,34.5391134186032],[-120.370622562532,34.5391814617561],[-120.370387444081,34.5395089945971],[-120.370068761344,34.5395770362074],[-120.370152323639,34.5398365268433],[-120.369917201207,34.5401640584948],[-120.37008432661,34.54068303950411],[-120.369849201318,34.5410105707057],[-120.369932764426,34.5412700610791],[-120.370335018918,34.5414615099994],[-120.370418584142,34.5417209998929],[-120.370183457111,34.5420485313844],[-120.369864763735,34.5421165722428],[-120.36939450059,34.5427716321074],[-120.369075803543,34.542839670756],[-120.368840667429,34.5431671991292],[-120.368924229483,34.5434266895934],[-120.367983663381,34.5447367974293],[-120.368067224256,34.5449962880479],[-120.367361777473,34.5459788628986],[-120.367528898295,34.5464978441639],[-120.366823430985,34.5474804140984],[-120.36699055144,34.5479993952566],[-120.366049897008,34.5493094807591],[-120.366217016225,34.5498284619556],[-120.365981846769,34.5501559819901],[-120.366065406784,34.5504154724576],[-120.365830234902,34.5507429919702],[-120.366665861523,34.5533378899138],[-120.367068170675,34.5535293474904],[-120.367903868914,34.556124228438],[-120.36830619562,34.556315681148],[-120.368389770084,34.5565751681534],[-120.368792100337,34.5567666190917],[-120.369126410023,34.5578045643827],[-120.369528748493,34.5579960125176],[-120.36882320173,34.558978581827],[-120.368504437414,34.5590466176744],[-120.368102096014,34.5588551662352],[-120.367783331573,34.5589232001231],[-120.3673809926,34.55873174617221],[-120.367062228033,34.5587997781005],[-120.366121443488,34.560109848265],[-120.365802672134,34.5601778766488],[-120.365567469463,34.5605053920368],[-120.364929921961,34.5606414448431],[-120.365013489773,34.5609009330043]]},"properties":{"segment_id":"bb24f401b37593851bdf1f1f","source_kmz":"santaynez","orientation":"unverified"}},{"type":"Feature","geometry":{"type":"LineString","coordinates":[[-120.086559787418,34.6094134147142],[-120.087198224288,34.60927888999191],[-120.088144329574,34.6079711449775],[-120.088463540952,34.6079038786176],[-120.088700060717,34.6075769401994],[-120.089019269984,34.6075096722916],[-120.091147843842,34.6045671936006],[-120.091065148337,34.6043075231504],[-120.091301646097,34.6039805781588],[-120.091218950703,34.6037209076482],[-120.092164919962,34.6024131219975],[-120.092082223345,34.6021534516454],[-120.092401407277,34.6020861740907],[-120.09311085722,34.6011053267847],[-120.093028158824,34.6008456567246],[-120.093264637694,34.6005187065003],[-120.09309924168,34.5999993661255],[-120.093572191641,34.5993454641757],[-120.093158706883,34.5980471116304],[-120.093477872926,34.5979798308269],[-120.092899010594,34.5961621330977],[-120.093844858962,34.5948543228419],[-120.093679471167,34.5943349800136],[-120.093998621435,34.594267697509],[-120.093596778103,34.5940753083989],[-120.093833233862,34.593748354559],[-120.093750540909,34.5934886828835],[-120.093986994224,34.5931617285185],[-120.093585156669,34.5929693391313],[-120.093006329324,34.5911516317873],[-120.09324277864,34.5908246780773],[-120.092840955081,34.5906322856285],[-120.092675583059,34.5901129389347],[-120.092273764611,34.5899205443818],[-120.092191080988,34.5896608704941],[-120.092900419601,34.5886800108908],[-120.093219547208,34.5886127300908],[-120.093455987858,34.5882857750232],[-120.094094238294,34.5881512094509],[-120.09480353892,34.587170336637],[-120.094720849743,34.5869106637435],[-120.095193705942,34.5862567456898],[-120.095111016431,34.5859970728078],[-120.095430131042,34.5859297857661],[-120.095902975245,34.5852758641246],[-120.095489526582,34.5839774994654],[-120.09580863253,34.5839102112376]]},"properties":{"segment_id":"7c18d99e96c8e17c81d0c769","source_kmz":"santaynez","orientation":"unverified"}},{"type":"Feature","geometry":{"type":"LineString","coordinates":[[-119.982089535204,34.6075496414494],[-119.982728138089,34.607415687447],[-119.982965103371,34.6070889631253],[-119.985838774973,34.6064861206209],[-119.986642055823,34.60687163331421],[-119.986961350797,34.6068046442584],[-119.987764640554,34.6071901490962],[-119.988403230635,34.607056164018],[-119.988804879413,34.6072489121368],[-119.990082054726,34.6069809271146],[-119.9904837073,34.6071736694774],[-119.992399456354,34.6067716591136],[-119.992801113618,34.6069643935535],[-119.993038034945,34.6066376486377],[-119.994315185484,34.6063696171542],[-119.994552098588,34.6060428689519],[-119.994871383285,34.6059758582151],[-119.995108292832,34.6056491087418],[-119.99542757542,34.6055820964555],[-119.99566448141,34.6052553457114],[-119.995983761889,34.6051883318757],[-119.996220664322,34.6048615798606],[-119.996539942693,34.6047945644755],[-119.996941600007,34.6049872851028],[-120.000772902658,34.6041830190261],[-120.001174567346,34.6043757252299],[-120.002451652305,34.6041076041208],[-120.003656663754,34.6046857011969],[-120.004295205597,34.6045516288762],[-120.00469688098,34.6047443228899],[-120.005654690933,34.6045432045766],[-120.006056369661,34.6047358939175],[-120.007014175973,34.6045347644558],[-120.007487881589,34.6038812146183],[-120.007807146143,34.6038141683659],[-120.008610508753,34.6041995311349],[-120.008857765652,34.6049787169962],[-120.009259454625,34.6051713952299],[-120.009341876254,34.6054311232451],[-120.009743568785,34.6056237997173],[-120.009825992522,34.6058835272603],[-120.01022768861,34.606076201971],[-120.010310114456,34.6063359290419],[-120.0106293867,34.6062688752591],[-120.010711814101,34.606528601991],[-120.012308172015,34.6061933188841]]},"properties":{"segment_id":"1bb0106fe16c4d58b67aa783","source_kmz":"santaynez","orientation":"unverified"}},{"type":"Feature","geometry":{"type":"LineString","coordinates":[[-119.850956916935,34.644109970493],[-119.850219563135,34.6417715111717],[-119.849818081023,34.6415782941632],[-119.849654233793,34.6410586344132],[-119.849252756798,34.6408654153111],[-119.849170835565,34.6406055849016],[-119.848769362132,34.6404123640425],[-119.848687443004,34.6401525331646],[-119.848285973135,34.6399593105486],[-119.848204056112,34.6396994792021],[-119.847802589805,34.6395062548292],[-119.847393020732,34.6382070944359],[-119.847630652383,34.6378806560856],[-119.847303005227,34.6368413256899],[-119.846901556022,34.636648097613],[-119.846737738858,34.6361284309505],[-119.846975366885,34.6358019931842],[-119.846893458677,34.6355421597281],[-119.847131084243,34.6352157214342],[-119.847049176133,34.6349558879192],[-119.847286799238,34.6346294490974],[-119.84824538793,34.6344296283018],[-119.848958231212,34.6334503021691],[-119.850236323102,34.6331838540584],[-119.850473927296,34.6328574081181],[-119.850392010445,34.6325975762698]]},"properties":{"segment_id":"bf9418b9c0998d1db285a0ae","source_kmz":"santaynez","orientation":"unverified"}},{"type":"Feature","geometry":{"type":"LineString","coordinates":[[-120.193306819179,34.5597012242681],[-120.192363082698,34.5610098906927],[-120.192044155368,34.5610774444483],[-120.191808214704,34.5614046088925],[-120.191489285262,34.5614721611024],[-120.191017394836,34.5621264868611],[-120.191266354209,34.5629053218033],[-120.19103040468,34.5632324840042],[-120.19111339181,34.5634920954547],[-120.190877439845,34.5638192571311],[-120.190960427091,34.5640788685194],[-120.190488516291,34.564733190226],[-120.190986446178,34.566290856598],[-120.190750485138,34.5666180169905],[-120.191248432434,34.5681756789525],[-120.191650383889,34.5683677375576],[-120.191816373888,34.568886956452],[-120.191580408439,34.5692141175696],[-120.191912393358,34.570252554034],[-120.192716323149,34.5706366643535],[-120.192799323882,34.5708962724501],[-120.193201293326,34.5710883251305],[-120.193367299575,34.5716075402371],[-120.193769274126,34.5717995908091],[-120.19443333385,34.5738764431229],[-120.194197364248,34.57420360770061],[-120.194612417481,34.5755016363899],[-120.194376443679,34.5758288007343],[-120.194791508639,34.5771268264264],[-120.193847584647,34.5784354792923],[-120.193930597547,34.5786950843185],[-120.193694611116,34.5790222461163],[-120.193375610671,34.5790898021457],[-120.192667634734,34.5800712819515],[-120.192750645429,34.5803308873416],[-120.19315266379,34.5805229381619],[-120.193235676598,34.5807825430762],[-120.194843776231,34.5815507307389],[-120.19460778495,34.5818778933377],[-120.194773823802,34.582397100177],[-120.194301833485,34.5830514238765],[-120.193663799858,34.5831865377679],[-120.193427798593,34.5835136973842],[-120.192470739305,34.5837163596388],[-120.192234731377,34.5840435166505],[-120.191915708943,34.5841110683128],[-120.191679697462,34.5844382240586],[-120.191360672916,34.5845057741749],[-120.191124657881,34.5848329286548],[-120.190805631222,34.5849004772252],[-120.19009756947,34.5858819350777],[-120.190180577775,34.5861415406096],[-120.189944552756,34.5864686921071],[-120.190442611641,34.5880263229174],[-120.190206581977,34.5883534742564],[-120.190372605182,34.5888726835988],[-120.190774662045,34.5890647407736],[-120.190857676039,34.5893243449021],[-120.191259736455,34.5895164003103],[-120.191342752563,34.5897760039633],[-120.190870688174,34.5904303084059],[-120.191119737195,34.5912091189982],[-120.191521808061,34.5914011731005],[-120.191840860915,34.5913336230637],[-120.19224293422,34.5915256746568],[-120.192561986958,34.59145812265951],[-120.193366140442,34.5918422194022],[-120.193602167387,34.5915150629511],[-120.193921218893,34.5914475072399],[-120.194157242285,34.5911203495231],[-120.195114388791,34.5909176751217],[-120.195918549332,34.5913017545222],[-120.196167652001,34.5920805535928],[-120.195931634185,34.592407715022],[-120.196014669082,34.592667314517],[-120.196416759688,34.592859351456],[-120.195944719412,34.593513674157],[-120.195625661148,34.59358123524011],[-120.195389636458,34.5939083950269],[-120.19507057608,34.593975954564],[-120.194834547836,34.5943031130852],[-120.195000614892,34.5948223124043],[-120.194764583769,34.5951494704757],[-120.194847617692,34.5954090700073],[-120.194139511014,34.5963905408637],[-120.193820439302,34.5964580967991],[-120.19341833643,34.596266051692],[-120.193099264601,34.5963336056667],[-120.193016235555,34.5960740051596],[-120.192212039798,34.5956899078188],[-120.191892969292,34.5957574585416],[-120.191656922165,34.5960846099921],[-120.192404162677,34.598421018399],[-120.192168109581,34.5987481699124],[-120.192500229207,34.5997865704569],[-120.192264172348,34.6001137216673],[-120.19259629913,34.601152120361],[-120.192998425372,34.6013441672536],[-120.193636610005,34.6012090597317],[-120.194038739127,34.6014011030309],[-120.194204816085,34.6019202993794],[-120.193968759925,34.6022474532579],[-120.194051798799,34.6025070513046],[-120.1938157402,34.6028342046605],[-120.194064858844,34.6036129982167],[-120.194467001534,34.6038050395282],[-120.19479917376,34.6048434276961],[-120.19456311119,34.6051705817126],[-120.194646155199,34.6054301784932],[-120.194174023183,34.60608448488521],[-120.194257066867,34.6063440816788]]},"properties":{"segment_id":"23c660e1e96dad8533ddcad2","source_kmz":"santaynez","orientation":"unverified"}},{"type":"Feature","geometry":{"type":"LineString","coordinates":[[-120.199060427952,34.5595910593868],[-120.198977418337,34.5593314524488],[-120.197369739534,34.5585633025866],[-120.196731913234,34.5586984369471],[-120.19649599965,34.559025611739],[-120.195858168012,34.5591607412555],[-120.195622249324,34.55948791411181],[-120.193708731712,34.5598932776134],[-120.193306819179,34.5597012242681]]},"properties":{"segment_id":"6a0f0321d37d3df6c835a1b4","source_kmz":"santaynez","orientation":"unverified"}},{"type":"Feature","geometry":{"type":"LineString","coordinates":[[-119.71812627415,34.6852763861217],[-119.718841236128,34.6842979091575],[-119.718678179741,34.6837780906287],[-119.718916495459,34.6834519305848],[-119.718508861806,34.6821523823475],[-119.717706139553,34.6817650595683],[-119.717624617579,34.6815051488599],[-119.717223261027,34.681311485008],[-119.716903425351,34.6813777311156],[-119.71650207127,34.6811840647616],[-119.716182235504,34.681250308906],[-119.715780883893,34.6810566400499],[-119.714501537171,34.6813216034972],[-119.713698843652,34.6809342528607],[-119.713379006515,34.6810004893563],[-119.712977663233,34.6808068108269],[-119.712657826006,34.6808730453593],[-119.712256485194,34.6806793643279],[-119.712174982708,34.6804194495131],[-119.711773645464,34.6802257667287],[-119.711284651393,34.6786662730906],[-119.713906183527,34.67507862523631],[-119.713824681399,34.6748187099816],[-119.714301296523,34.674166402694],[-119.714219794028,34.6739064874556],[-119.714458098113,34.6735803329823],[-119.714777903597,34.6735140929987],[-119.715016204115,34.67318793724811],[-119.715336007495,34.6731216957095],[-119.716527472123,34.6714909045507],[-119.716445964959,34.6712309901037],[-119.717637376987,34.6696001842629],[-119.717555868084,34.669340270052],[-119.717794143994,34.6690141071513],[-119.717712635182,34.668754192883],[-119.718189180051,34.6681018654222],[-119.718107670873,34.6678419511698],[-119.720013766202,34.66523261783241],[-119.719769230976,34.664452876049],[-119.720007482465,34.6641267068924],[-119.719925971362,34.66386679277611],[-119.720164220382,34.6635406230907],[-119.720082709371,34.6632807089168],[-119.720320955921,34.6629545387025],[-119.719016847014,34.6587958952911],[-119.719255084233,34.6584697256449]]},"properties":{"segment_id":"5a332f0d106cf715a302476c","source_kmz":"santaynez","orientation":"unverified"}},{"type":"Feature","geometry":{"type":"LineString","coordinates":[[-119.695437584093,34.6791788725542],[-119.695356139794,34.6789189455959],[-119.695594539004,34.6785928313585],[-119.695105881972,34.6770332673094],[-119.694704605138,34.676839525232],[-119.694623165772,34.6765795970993],[-119.693820621253,34.6761921080217],[-119.693576315775,34.67541232083341],[-119.692773788636,34.6750248240771],[-119.692692357683,34.6747648940843],[-119.691413036011,34.6750296067572],[-119.691011778851,34.67483585158361],[-119.690691947521,34.6749020264694],[-119.689889440157,34.6745145097015],[-119.689808019448,34.6742545775553],[-119.68940677034,34.67406081671],[-119.689325351734,34.6738008840988],[-119.688924106195,34.6736071215012],[-119.688761273736,34.6730872552184],[-119.688360033319,34.67289349053401],[-119.688278619466,34.6726335568623],[-119.68747614778,34.67224602257111],[-119.687313327937,34.6717261534983],[-119.686912098222,34.671532383557],[-119.686667877231,34.6707525779653],[-119.686266654193,34.6705588056028],[-119.686103846047,34.6700389338866],[-119.686342256912,34.66971283534811],[-119.685935243842,34.668413154138],[-119.686173650401,34.6680870553631],[-119.686092248972,34.6678271188025],[-119.687999425312,34.6652183074983],[-119.688319218852,34.665152139276],[-119.688557605283,34.6648260344759],[-119.688476199268,34.6645660986468],[-119.688714583227,34.6642399933173],[-119.688551771924,34.6637201214133],[-119.68887155879,34.6636539515716],[-119.689109938265,34.6633278451101],[-119.689429723028,34.6632616737133],[-119.689906472832,34.6626094576311],[-119.690546034498,34.6624771094966],[-119.690784403273,34.66215099920041],[-119.69110418173,34.6620848231383],[-119.691342546938,34.6617587115638],[-119.692301874359,34.6615601760738],[-119.692703065797,34.6617539296358],[-119.693342615588,34.6616215660787],[-119.693743809955,34.6618153160563],[-119.696301990869,34.661285817984],[-119.696540331668,34.6609596955269],[-119.697179868309,34.6608273108634],[-119.697418203987,34.6605011864526],[-119.698057735328,34.6603687969203],[-119.698860136712,34.6607562636283],[-119.699179902476,34.6606900653765],[-119.699581106645,34.6608837955202],[-119.700860166054,34.6606189893856],[-119.701098485553,34.6602928573979],[-119.70173800886,34.6601604477032],[-119.701976323239,34.659834313762],[-119.704534382112,34.6593046344036],[-119.704935592513,34.6594983464662],[-119.705575102666,34.6593659156662],[-119.706778748688,34.659947036846],[-119.707098504316,34.659880816877],[-119.707179968053,34.6601407410697],[-119.707499724138,34.6600745200175],[-119.708703395679,34.6606556209301],[-119.70902315259,34.6605893957486],[-119.709424380919,34.6607830921332],[-119.711982420131,34.6602532503575],[-119.712383654134,34.6604469366574],[-119.714621912861,34.6599832713542],[-119.71502315208,34.66017694865261],[-119.715662650553,34.66004446277101],[-119.716615659409,34.6587398097015],[-119.716935401606,34.6586735627404],[-119.717336639822,34.658867232377],[-119.719255084233,34.6584697256449]]},"properties":{"segment_id":"71ca9b2448a6b2cb1884d159","source_kmz":"santaynez","orientation":"unverified"}},{"type":"Feature","geometry":{"type":"LineString","coordinates":[[-120.020670309006,34.6024972857157],[-120.020907098851,34.602170482671],[-120.020824641847,34.6019107618761],[-120.021298214638,34.601257154136],[-120.021215757293,34.6009974333534],[-120.02145254024,34.6006706286579],[-120.021287626319,34.6001511868385],[-120.02152440637,34.5998243816896],[-120.021441949794,34.5995646606528],[-120.022152276595,34.5985842418315],[-120.022069819232,34.5983245208793],[-120.022306590383,34.5979977134806],[-120.022059220278,34.5972185500425],[-120.022295988087,34.5968917422629],[-120.022934433229,34.5967575668967],[-120.023171195927,34.5964307571753],[-120.024448073346,34.5961623932279],[-120.02645650344,34.5971255115611],[-120.026775723643,34.5970584129637],[-120.027177416113,34.5972510312789],[-120.02781585575,34.5971168292851],[-120.028289340079,34.5964631897167],[-120.027959440543,34.5954243199862],[-120.028432913293,34.5947706786036],[-120.029390537929,34.5945693634475],[-120.029627266639,34.5942425398438],[-120.030265677183,34.5941083240101],[-120.031449275166,34.5924741902958],[-120.032087667948,34.5923399642388],[-120.032324378432,34.5920131343568],[-120.032241893911,34.5917534186859],[-120.032478601947,34.5914265882777],[-120.032396117534,34.5911668725458],[-120.032632823123,34.5908400416113],[-120.032385371867,34.5900608938325],[-120.032622074116,34.5897340625167],[-120.032539591026,34.5894743463959],[-120.033012988629,34.5888206821126],[-120.033332168859,34.5887535649759],[-120.034278933838,34.5874462265375]]},"properties":{"segment_id":"5e9b89f873f6d76d3226eafd","source_kmz":"santaynez","orientation":"unverified"}},{"type":"Feature","geometry":{"type":"LineString","coordinates":[[-119.816749970152,34.6382214396307],[-119.816586352427,34.6377017316325],[-119.81618497558,34.6375083982379],[-119.816660496218,34.63685564737591],[-119.816578688827,34.6365957929887],[-119.816177317744,34.6364024593321],[-119.8158500999,34.6353630391204],[-119.816087856037,34.635036663899],[-119.816006052497,34.6347768085895],[-119.816243806172,34.6344504328397],[-119.816162002729,34.63419057747131],[-119.816399753941,34.6338642011931],[-119.816317950593,34.6336043457657],[-119.816555699343,34.6332779689591],[-119.81687525034,34.6332114468328],[-119.817350738707,34.6325586900677],[-119.817105324869,34.6317791242638],[-119.817343064679,34.6314527451977],[-119.816941718394,34.6312594130688],[-119.816696312808,34.6304798452875],[-119.816934050348,34.6301534665851],[-119.816606848785,34.6291140413218],[-119.815804186197,34.6287273695887],[-119.815484652819,34.6287938891157],[-119.815239269758,34.6280143161513]]},"properties":{"segment_id":"c882f1a6738369e93ac05bde","source_kmz":"santaynez","orientation":"unverified"}},{"type":"Feature","geometry":{"type":"LineString","coordinates":[[-119.765307207939,34.6641430396711],[-119.765225544407,34.6638831571711],[-119.764824160124,34.6636896529836],[-119.764497517712,34.6626501203312],[-119.76409614166,34.6624566133828],[-119.764014483985,34.6621967295566],[-119.763613111498,34.6620032208539],[-119.763531455928,34.6617433365611],[-119.762728720097,34.6613563142276],[-119.762647068186,34.6610964291329],[-119.762245704842,34.6609029155022],[-119.762164055035,34.6606430299409],[-119.761762695256,34.6604495145558],[-119.761681047553,34.660189628528],[-119.76127969134,34.6599961113885],[-119.761116400692,34.6594763382687],[-119.760715049599,34.6592828190393],[-119.760633406654,34.6590229319473],[-119.759429370105,34.6584423647393],[-119.759347732373,34.6581824765099],[-119.758946392433,34.6579889509339],[-119.758864756805,34.6577290622379],[-119.75846342043,34.6575355349076],[-119.758136889629,34.6564959774705],[-119.758374954571,34.6561697273081],[-119.757803543621,34.6543504972561],[-119.757402227456,34.6541569655649],[-119.757320601072,34.6538970746973],[-119.756919288472,34.6537035412518],[-119.756756040459,34.6531837584522],[-119.757232159582,34.6525312607765],[-119.757068911942,34.6520114777444],[-119.757388591577,34.65194511965861],[-119.757062098865,34.65090555283691],[-119.756259508048,34.6505184814799],[-119.756177889351,34.6502585887755],[-119.755776598513,34.65006505063321],[-119.755205293892,34.6482457956785],[-119.754804015944,34.648052253769],[-119.754722404748,34.6477923593435],[-119.754321130364,34.6475988156798],[-119.753913090394,34.6462993399055],[-119.752709302617,34.6457186953695],[-119.752219700742,34.6441593140683],[-119.752457752659,34.6438330715321],[-119.752294555513,34.6433132768601],[-119.751893310471,34.6431197239077],[-119.75132214863,34.6413004360696]]},"properties":{"segment_id":"ccf720f077decda4a38ef9ac","source_kmz":"santaynez","orientation":"unverified"}},{"type":"Feature","geometry":{"type":"LineString","coordinates":[[-119.719255084233,34.6584697256449],[-119.719969783821,34.6574912130929],[-119.720289517974,34.6574249568675],[-119.721004194794,34.6564464368698],[-119.720922688442,34.6561865212592],[-119.721160909568,34.65586034679521],[-119.721480635949,34.6557940871935],[-119.72171885351,34.655467911452],[-119.722038577789,34.6554016502957],[-119.722276791784,34.6550754732768],[-119.723235956667,34.6548766825067],[-119.723474163988,34.6545505028598],[-119.724753036605,34.6542854334893],[-119.725956747704,34.6548663604466],[-119.727235617031,34.6546012640089],[-119.727711994189,34.653948887616],[-119.728671131099,34.6537500520047],[-119.728909311998,34.6534238608795],[-119.731147268042,34.6529598756212],[-119.731861766036,34.6519812844546],[-119.732263006907,34.65217490428231],[-119.73322211008,34.6519760309433],[-119.733936572695,34.6509974260372],[-119.736174428259,34.6505333432983],[-119.736412567563,34.6502071357331],[-119.736732257466,34.6501408340073],[-119.73744665865,34.6491622056737],[-119.737766343342,34.6490959010436],[-119.738242597636,34.6484434777939],[-119.739521318485,34.6481782450817],[-119.739922558801,34.6483718394269],[-119.741201272697,34.6481065883159],[-119.742153703035,34.6468017099989],[-119.742473373921,34.6467353923234],[-119.74367710061,34.6473161416248],[-119.743758674148,34.6475760438964],[-119.74407834686,34.6475097218881],[-119.745030721253,34.646204819272],[-119.7453503872,34.6461384936847],[-119.74677887915,34.6441811176485],[-119.747098535224,34.6441147871325],[-119.747574680016,34.6434623222872],[-119.747411516502,34.6429425205857],[-119.747887651428,34.6422900536232],[-119.748207298727,34.6422237199367],[-119.748445361621,34.6418974848774],[-119.75132214863,34.6413004360696]]},"properties":{"segment_id":"d58fd560b4b4a872c09ca494","source_kmz":"santaynez","orientation":"unverified"}},{"type":"Feature","geometry":{"type":"LineString","coordinates":[[-119.877513175303,34.6430016232023],[-119.877349138806,34.6424820031136],[-119.876947585179,34.64228887945501],[-119.876865569313,34.6420290688758],[-119.877103088197,34.6417025719914],[-119.87661100187,34.6401437061853],[-119.87620946224,34.6399505794933],[-119.876045440986,34.6394309558284],[-119.876520467705,34.6387779629234],[-119.876438457001,34.6385181510394],[-119.876675966898,34.6381916537597],[-119.876593956294,34.63793184181681],[-119.876192428199,34.6377387145954],[-119.876028411755,34.6372190896395],[-119.876265919392,34.6368925927256],[-119.876019897506,34.6361131545212],[-119.876257401779,34.6357866572263],[-119.8760113835,34.6350072180531],[-119.87624888441,34.6346807203771],[-119.876002869737,34.6339012802349],[-119.87671535636,34.6329217842626],[-119.876551346623,34.632402157279],[-119.876788837246,34.6320756575669],[-119.876706832753,34.63181584395],[-119.877181807075,34.63116284287081],[-119.876935794192,34.6303834016653],[-119.877410757777,34.6297303986224],[-119.877730241658,34.6296637098489],[-119.878205194107,34.6290107030579],[-119.877959177753,34.6282312621538],[-119.878196649612,34.6279047580764],[-119.877868633718,34.626865501979],[-119.878106101763,34.6265389975927],[-119.878024098716,34.6262791833108],[-119.878261564303,34.625952678397],[-119.87809755896,34.6254330495822],[-119.878335021637,34.6251065442136],[-119.87825301934,34.6248467296808],[-119.878490479559,34.6245202237845],[-119.878162474078,34.6234809646223],[-119.878399930483,34.6231544584167],[-119.877825938953,34.621335750301],[-119.87806339019,34.6210092440041],[-119.877899396667,34.620489612069],[-119.878611735629,34.6195100900113],[-119.878931176231,34.6194433972005],[-119.879406055733,34.6187903781458],[-119.879242057893,34.6182707468184],[-119.879479493732,34.6179442365355],[-119.878823520804,34.6158657065133],[-119.878422101763,34.6156725822408],[-119.878094134744,34.6146333127037]]},"properties":{"segment_id":"a99b5398f6c8a2610076532e","source_kmz":"santaynez","orientation":"unverified"}},{"type":"Feature","geometry":{"type":"LineString","coordinates":[[-120.296140779382,34.5447981020102],[-120.295724187854,34.5435003901811],[-120.295959634402,34.5431730093271],[-120.295793000829,34.542653923792],[-120.2962638862,34.5419991605855],[-120.295597367269,34.5399228141821],[-120.295832803468,34.5395954322627],[-120.295416245114,34.538297711718],[-120.295651677136,34.53797032956341],[-120.295401747518,34.5371916958267],[-120.295637176236,34.5368643132925],[-120.295955913149,34.5367964747325],[-120.295872602961,34.5365369301623],[-120.296108027695,34.5362095464362],[-120.295705984262,34.5360178406152],[-120.295941408121,34.5356904570332],[-120.295858099172,34.5354309121284],[-120.296093520602,34.5351035280225],[-120.295926903507,34.5345844379502],[-120.296397738644,34.5339296682386],[-120.296147814569,34.5331510325454],[-120.296466535741,34.5330831923063],[-120.296937357178,34.5324284193065],[-120.296854048401,34.5321688741559],[-120.297089455695,34.5318414868339],[-120.297006147039,34.5315819416196],[-120.297241551905,34.5312545537736],[-120.297158243371,34.5309950084956],[-120.297393645807,34.5306676201255],[-120.297310337395,34.5304080747837],[-120.297545737403,34.5300806858895],[-120.297462429112,34.5298211404841],[-120.297697826691,34.5294937510656],[-120.297614518523,34.5292342055964],[-120.297212507594,34.5290425034537],[-120.297045896042,34.5285234114217],[-120.297281291436,34.52819602236281],[-120.297197986061,34.5279364762151],[-120.297516684838,34.5278686327078],[-120.297752076249,34.5275412424566],[-120.29766877,34.5272816964527],[-120.297904158983,34.5269543056773],[-120.297654242278,34.52617566706681],[-120.297889627958,34.5258482759108],[-120.29763971497,34.52506963629411],[-120.297875097348,34.5247422447574]]},"properties":{"segment_id":"c3b84ed5d7f62bc31d9cd0e2","source_kmz":"santaynez","orientation":"unverified"}},{"type":"Feature","geometry":{"type":"LineString","coordinates":[[-120.280917510648,34.5355598698219],[-120.280750994369,34.5350407583572],[-120.281221960678,34.5343860502183],[-120.283134388337,34.5339792408043],[-120.283536390033,34.5341709903737],[-120.283855126459,34.5341031846563],[-120.284090594626,34.5337758242749],[-120.284409328939,34.5337080170136],[-120.284644793559,34.5333806553678],[-120.284963525759,34.5333128465627],[-120.285198986832,34.5329854836524],[-120.285517716919,34.5329176733034],[-120.285753174446,34.5325903091287],[-120.28670935669,34.5323868708229],[-120.287415703328,34.5314047687083],[-120.288053146037,34.5312691347837],[-120.289230335052,34.5296322793202],[-120.289063775769,34.5291131762398],[-120.289299206721,34.5287858035022],[-120.289215927481,34.5285262518304],[-120.289686782537,34.5278715047102],[-120.29064289614,34.52766803308861],[-120.290240910616,34.5274763065894],[-120.290711750613,34.5268215545555],[-120.294217418475,34.5260754217364],[-120.294452818388,34.5257480374761],[-120.29477151056,34.5256802012981],[-120.29468821631,34.5254206526197],[-120.297875097348,34.5247422447574]]},"properties":{"segment_id":"19e0c77355c0e7eaa3e8d4f5","source_kmz":"santaynez","orientation":"unverified"}},{"type":"Feature","geometry":{"type":"LineString","coordinates":[[-119.787063646755,34.6499338135837],[-119.786736763282,34.6488943273978],[-119.785934044731,34.64850745895],[-119.78561440385,34.6485738953484],[-119.785213048045,34.6483804579123],[-119.784893407069,34.6484468923483],[-119.784492053728,34.6482534524095],[-119.784172412658,34.6483198848833],[-119.783771061782,34.6481264424419],[-119.783451420618,34.64819287295331],[-119.783050072207,34.6479994280093],[-119.782730430948,34.6480658565584],[-119.780723721314,34.6470986051333],[-119.780642023944,34.6468387285418],[-119.780240689601,34.6466452736634],[-119.779913911832,34.6456057646399],[-119.779512585716,34.6454123069991],[-119.779430894202,34.6451524290789],[-119.77902957165,34.6449589696831],[-119.77886619338,34.6444392127767],[-119.777662247107,34.6438588240596],[-119.77749888036,34.6433390646125],[-119.7762949615,34.6427586611086],[-119.776213283613,34.6424987801804],[-119.7758119829,34.6423053091718],[-119.775730307117,34.6420454277764],[-119.775329009967,34.6418519550129],[-119.774757305747,34.6400327792128],[-119.772750904536,34.6390653823566],[-119.772669242472,34.6388054978944],[-119.771465430521,34.6382250417452],[-119.770506596522,34.6384242318615],[-119.769302806756,34.637843753193],[-119.76922115758,34.6375838659718],[-119.768418644224,34.6371968724266],[-119.768336998705,34.6369369844022],[-119.767534496495,34.6365499845098],[-119.767452854633,34.6362900956824],[-119.767051608096,34.6360965932721],[-119.766316870029,34.6337575848842],[-119.766554830388,34.63343130989911],[-119.76622829259,34.63239174748541],[-119.766704203636,34.6317391962901]]},"properties":{"segment_id":"54d9cc2b12d2762d54929b20","source_kmz":"santaynez","orientation":"unverified"}},{"type":"Feature","geometry":{"type":"LineString","coordinates":[[-120.297875097348,34.5247422447574],[-120.298816606947,34.5234326726482],[-120.299772641712,34.5232291251997],[-120.300243375238,34.5225743315599],[-120.300160065981,34.5223147858747],[-120.30039542932,34.52198738823221],[-120.301988781128,34.5216481159918],[-120.302792751824,34.5220314891519],[-120.303111421383,34.521963629911],[-120.303346771171,34.5216362261851],[-120.303263452517,34.5213766824399],[-120.303498799877,34.5210492781896],[-120.303817464773,34.5209814169449],[-120.304219450192,34.5211730980829],[-120.304538114966,34.5211052348796],[-120.306656113578,34.5181585511183],[-120.308249359126,34.5178191919134],[-120.308651339097,34.51801085846991],[-120.310244572856,34.5176714719628],[-120.311048543135,34.5180547899652],[-120.311367189083,34.5179869078712],[-120.312171168198,34.5183702180008],[-120.312406468738,34.5180427946689],[-120.312725113446,34.5179749088654],[-120.313195705446,34.5173200590775],[-120.313832986968,34.517184282173],[-120.314234977467,34.51737592963],[-120.314553617826,34.5173080387816],[-120.31478890506,34.5169806102505],[-120.315107543306,34.5169127178588],[-120.315578108693,34.5162578576727],[-120.315896743272,34.51618996307001],[-120.316132021425,34.515862531415],[-120.316534010752,34.5160541712383],[-120.316852643654,34.5159862740094],[-120.318058624885,34.5165611816698],[-120.318695891628,34.5164253780871],[-120.319097890225,34.5166170089543],[-120.320691049482,34.5162774792625],[-120.32109305225,34.5164691032874],[-120.32141168286,34.5164011936398],[-120.321813688055,34.5165928151548],[-120.322132318542,34.5165249035487],[-120.322534326163,34.5167165225538],[-120.325083353422,34.5161731895255],[-120.325485366521,34.516364798439],[-120.326122618617,34.51622895426191],[-120.327328672471,34.5168037659425],[-120.327412066891,34.517063293841],[-120.328618143321,34.5176380916483],[-120.328701542963,34.51789761837951],[-120.33030967895,34.5186639941039],[-120.330946941506,34.5185281239316],[-120.332153067009,34.5191028842429],[-120.332471698756,34.5190349445942],[-120.333275793246,34.5194181088339],[-120.333913056805,34.5192822225776],[-120.335119216082,34.5198569517354],[-120.335202639913,34.5201164731659],[-120.33560469854,34.520308046354],[-120.335688124484,34.5205675673046],[-120.336492250819,34.52095070871201],[-120.336659110604,34.5214697488299],[-120.337061179866,34.52166131670531],[-120.337478346894,34.5229589129014],[-120.33788042592,34.5231504776305],[-120.338130737515,34.5239290326849],[-120.338532823194,34.5241205949554],[-120.338783144489,34.5248991477548],[-120.339185236823,34.5250907075667],[-120.339268679929,34.5253502245508],[-120.33903347082,34.5256776993307],[-120.33911691405,34.5259372162508],[-120.339519012603,34.5261287746874],[-120.340103141762,34.5279453869158],[-120.340907366607,34.528328494694],[-120.340990818978,34.5285880094954],[-120.341392935942,34.5287795608999],[-120.341476390427,34.5290390752216],[-120.341878510936,34.5292306248551],[-120.342045424696,34.5297496524031],[-120.343251807496,34.5303242906775],[-120.34333526988,34.5305838032162],[-120.343737403016,34.5307753461094],[-120.343820867516,34.5310348581684],[-120.344223004197,34.5312263992905],[-120.344807282252,34.5330429774933],[-120.34520943181,34.5332345147813],[-120.345292903898,34.533494025066],[-120.34649936918,34.534068627335],[-120.346818049947,34.5340006496607],[-120.346985007124,34.5345196673435],[-120.347789334357,34.5349027248441],[-120.347872816896,34.5351622327941],[-120.348274985054,34.5353537590595],[-120.348525440696,34.53613228106331],[-120.34892761551,34.5363238048699],[-120.349178080857,34.5371023246201],[-120.35118900812,34.5380599170847],[-120.351523000863,34.5390979346407],[-120.351925198509,34.539289447476],[-120.352092201352,34.5398084547518],[-120.3524944041,34.539999965472],[-120.352661412294,34.5405189715171],[-120.356281354614,34.5422424975745],[-120.356531913106,34.54302099634],[-120.35693414354,34.5432124910662],[-120.357351760009,34.5445099845755],[-120.358156242407,34.5448929663066],[-120.358239770493,34.5451524639137],[-120.358004581484,34.5454799696005]]},"properties":{"segment_id":"a3bb4a364a7dea96d93cdabc","source_kmz":"santaynez","orientation":"unverified"}},{"type":"Feature","geometry":{"type":"LineString","coordinates":[[-119.977285301408,34.5891661675095],[-119.980128357525,34.5852454889149],[-119.982043617172,34.5848436385604],[-119.98324817585,34.5854219585519]]},"properties":{"segment_id":"626ffc8f5e8bf369228601ea","source_kmz":"santaynez","orientation":"unverified"}},{"type":"Feature","geometry":{"type":"LineString","coordinates":[[-119.746467533661,34.6323419932664],[-119.747671066169,34.6329227106473],[-119.747990674908,34.6328563768681],[-119.74959541488,34.63363064251741],[-119.749915024896,34.6335643035272],[-119.750717407852,34.6339514256742],[-119.751037018231,34.633885083639],[-119.751363357979,34.6349246867731],[-119.752566967499,34.6355053520777],[-119.752648558469,34.6357652515257],[-119.753450977972,34.6361523539643]]},"properties":{"segment_id":"73ffd2fd9abb23de32dcedbe","source_kmz":"santaynez","orientation":"unverified"}},{"type":"Feature","geometry":{"type":"LineString","coordinates":[[-119.921559132948,34.6476478534177],[-119.923476243632,34.6472469913717],[-119.923713581567,34.6469204016815],[-119.924033096524,34.6468535875936],[-119.924270430897,34.6465269966315],[-119.924188251417,34.6462672205035],[-119.924425583333,34.6459406290156],[-119.924343403956,34.6456808528291],[-119.924818060868,34.6450276682025],[-119.925457072666,34.6448940328318],[-119.926169033653,34.6439142473607],[-119.925840304633,34.6428751444078],[-119.926077619148,34.6425485483459],[-119.925913257052,34.6420289962237],[-119.926387878261,34.6413758025957],[-119.92614133656,34.6405964738619],[-119.926378642804,34.640269876369],[-119.926214283532,34.6397503233658],[-119.926451586869,34.6394237254203],[-119.926287228906,34.6389041720351],[-119.927948289796,34.63661797066],[-119.927126501605,34.6340202009325],[-119.927601063372,34.6333669966096],[-119.927518886691,34.633107219056],[-119.927756164115,34.6327806160685],[-119.927673987536,34.6325208384557],[-119.927911262505,34.6321942349419],[-119.927746910104,34.6316746794657],[-119.927984182167,34.6313480754987],[-119.927737656358,34.63056874151171],[-119.927974925065,34.6302421371646],[-119.927646229919,34.6292030236218],[-119.927883494819,34.6288764189675],[-119.92771914966,34.6283568615482],[-119.927956411655,34.6280302564405],[-119.927874239454,34.6277704776054],[-119.928111498992,34.6274438719711],[-119.928029326893,34.6271840930767],[-119.928348756526,34.6271172657372],[-119.928020069644,34.6260781496574],[-119.928257323371,34.62575154311601],[-119.928175152581,34.625491763838],[-119.928412403853,34.6251651567699],[-119.928001555939,34.6238662587589],[-119.928238802955,34.623539651456],[-119.927910132765,34.6225005309551],[-119.928147375975,34.6221739233443],[-119.92765438456,34.6206152390564],[-119.928603326546,34.6193088043651],[-119.928521161443,34.6190490234782],[-119.929707291567,34.6174159669825],[-119.929625124765,34.6171561863273],[-119.929862344326,34.6168295733014],[-119.92969801148,34.6163100117388],[-119.929935228135,34.6159833982587],[-119.92985306209,34.6157236173513],[-119.930090276291,34.6153970033441],[-119.929679452101,34.6140980971819],[-119.930391075927,34.6131182526522],[-119.931029814307,34.6129845821016],[-119.931267015131,34.6126579647133],[-119.931586381939,34.6125911274484],[-119.931823579204,34.6122645087875],[-119.932142943905,34.6121976699721],[-119.932617329313,34.6115444295054],[-119.932370819949,34.6107650882075],[-119.933319561315,34.6094586009468],[-119.933237390832,34.6091988205394],[-119.933474570713,34.608872197297],[-119.935071311486,34.6085379706168],[-119.935545649692,34.6078847156063],[-119.935864993081,34.6078178662914],[-119.936339320162,34.6071646075359],[-119.93665865989,34.607097755998],[-119.93689581887,34.6067711250478],[-119.936813639227,34.6065113463806],[-119.937762253309,34.6052048168703],[-119.937680072419,34.6049450383606],[-119.938154366537,34.6042917701505],[-119.9380721853,34.604031991653],[-119.939257883281,34.6023988109904],[-119.939093517968,34.6018792543218],[-119.945969552447,34.5924065148476],[-119.94948149703,34.5916707980077],[-119.950429714999,34.5903641440602],[-119.951068230767,34.590230360573],[-119.951305277145,34.58990369424121],[-119.978440022289,34.5842145938826],[-119.9791507532,34.5832344198856]]},"properties":{"segment_id":"c7fca5ddb45fd223bbb43126","source_kmz":"santaynez","orientation":"unverified"}},{"type":"Feature","geometry":{"type":"LineString","coordinates":[[-119.770639461063,34.6215086926176],[-119.770802735539,34.6220284741774],[-119.770564828219,34.6223547619238],[-119.770646465826,34.6226146525784],[-119.77128555805,34.6224818569629],[-119.772087932972,34.6228688371127],[-119.772251220063,34.6233886158661],[-119.772652413645,34.6235821031408],[-119.772971962308,34.6235157003577],[-119.773373158353,34.6237091851306],[-119.773454806833,34.6239690734335],[-119.774257208056,34.6243560380505],[-119.774420512878,34.6248758129171],[-119.775624139098,34.6254562471848],[-119.775705796993,34.6257161334125],[-119.776025351856,34.6256497224362],[-119.776270331849,34.6264293797162],[-119.777875221609,34.6272032625],[-119.778038556779,34.6277230306735],[-119.779242254513,34.6283034258459],[-119.779323927582,34.6285633087271]]},"properties":{"segment_id":"c5c62370dfc2a6de41b361d4","source_kmz":"santaynez","orientation":"unverified"}},{"type":"Feature","geometry":{"type":"LineString","coordinates":[[-119.96888675394,34.5798470366262],[-119.969288212757,34.5800398576876],[-119.96960741198,34.5799729140627],[-119.970410336516,34.5803585497546],[-119.971367933558,34.5801577071175],[-119.971769400174,34.580350519582],[-119.972088598531,34.5802835691984],[-119.973293011734,34.5808619948127],[-119.973931409479,34.5807280849153],[-119.975537325361,34.581499290499]]},"properties":{"segment_id":"de5d662a0fe789f5c43dddfc","source_kmz":"santaynez","orientation":"unverified"}},{"type":"Feature","geometry":{"type":"LineString","coordinates":[[-120.162551162393,34.5401576245835],[-120.162952897061,34.5403497880289],[-120.163271764343,34.5402823121735],[-120.163673501448,34.5404744731114],[-120.163756372383,34.5407341106461],[-120.164559855686,34.5411184275653],[-120.165197593227,34.5409834663147],[-120.165433584127,34.54065634814331],[-120.165752450509,34.5405888655338],[-120.165988437861,34.5402617460949],[-120.16758275366,34.5399243165551],[-120.167984499612,34.5401164627316],[-120.168303361544,34.5400489731118],[-120.168539336465,34.5397218483159],[-120.168858196288,34.5396543571502],[-120.169330137038,34.5390001044255],[-120.169648993197,34.5389326110443],[-120.17005073913,34.5391247503234],[-120.171963867051,34.5387197651374],[-120.172199822444,34.5383926324499],[-120.173156374234,34.5381901260188],[-120.173073474484,34.5379304944142],[-120.173545369081,34.5372762233718],[-120.173864214461,34.5372087183432],[-120.174100157213,34.5368815812556],[-120.174737843195,34.5367465672307],[-120.175209716501,34.5360922885838],[-120.17552855555,34.536024778918],[-120.175764487657,34.5356976380283],[-120.176083324596,34.5356301268167],[-120.176319253154,34.5353029846596],[-120.177594589133,34.5350329283733],[-120.177996334548,34.535225041147],[-120.178315167592,34.535157523802],[-120.178716915443,34.5353496340681],[-120.179035748372,34.535282114764],[-120.179437498658,34.5354742225224],[-120.179756331472,34.53540670125921],[-120.180158084194,34.5355988065101],[-120.180476916892,34.5355312832878],[-120.181280429202,34.5359154873494],[-120.181695060392,34.537213617823],[-120.182096827307,34.5374057160077],[-120.182415665759,34.5373381876266],[-120.183219206455,34.5377223775558],[-120.183538045232,34.5376548461326],[-120.183773948448,34.53732768965431],[-120.184411621224,34.5371926228405],[-120.185616947857,34.5377688850782],[-120.185935784733,34.5377013471081],[-120.186879345648,34.5363926982918],[-120.188473490602,34.536054981911],[-120.189277048048,34.5364391306876],[-120.189360000562,34.5366987512159],[-120.18976178383,34.536890823125],[-120.189844738456,34.5371504431764],[-120.190648314083,34.5375345820361],[-120.190731272373,34.5377942012685],[-120.191534859086,34.5381783337448],[-120.191853692483,34.5381107796389],[-120.192255489272,34.5383028426566],[-120.192338453777,34.5385624605215],[-120.192740254115,34.5387545217724],[-120.19203263916,34.5397360422006],[-120.192447471198,34.5410341288666],[-120.19284928464,34.5412261892064],[-120.192932254272,34.5414858057927],[-120.193569945326,34.5413506895738],[-120.193652917509,34.5416103056113],[-120.194054736935,34.5418023616763],[-120.19422068608,34.5423215926623],[-120.195024337133,34.5427056991497],[-120.195107315648,34.5429653137564],[-120.194399692212,34.543946843873],[-120.194482669963,34.5442064585605],[-120.194884504931,34.5443985112065],[-120.194967484793,34.5446581254171],[-120.194259844101,34.5456396528127],[-120.194342823198,34.5458992671042],[-120.194106938538,34.54622644178],[-120.194189917751,34.5464860560085],[-120.193718141564,34.5471404037121],[-120.193801120453,34.5474000179497],[-120.193565228926,34.5477271909776],[-120.193814167613,34.5485060330968],[-120.193578272769,34.5488332057434],[-120.193744233797,34.5493524332926],[-120.194146093657,34.5495444873673],[-120.194229076561,34.5498041005977],[-120.194630939971,34.5499961529056],[-120.195709788603,34.5533711081846],[-120.196513561826,34.5537551996378],[-120.196679553111,34.5542744201371],[-120.196443652796,34.5546015964502],[-120.196526648834,34.5548612065698],[-120.196054841338,34.5555155575493],[-120.196137837052,34.5557751676785],[-120.19590192987,34.5561023423448],[-120.1959849257,34.5563619524115],[-120.19480535766,34.5579978171482],[-120.19448644488,34.5580653778042],[-120.193306819179,34.5597012242681]]},"properties":{"segment_id":"4cd602da7587d42486c64383","source_kmz":"santaynez","orientation":"unverified"}},{"type":"Feature","geometry":{"type":"LineString","coordinates":[[-119.550302558389,34.7008102263434],[-119.549099454684,34.7002275209178],[-119.548139279688,34.7004248727929],[-119.547653463497,34.6988647315409],[-119.547892547856,34.6985389258884],[-119.547811579936,34.6982789019667],[-119.547410562765,34.6980846591667],[-119.546762851472,34.69600446047],[-119.545559849364,34.6954217155961],[-119.545478892568,34.6951616891787],[-119.543473937178,34.6941904177446],[-119.543392988698,34.6939303895353],[-119.542591023773,34.6935418703866],[-119.542429134665,34.6930218122496],[-119.541627184027,34.6926332861083],[-119.541465303315,34.6921132261232],[-119.54106433413,34.6919189602641],[-119.540902458707,34.6913988990957],[-119.541222486337,34.6913331351736],[-119.540821521813,34.6911388683171],[-119.539861438681,34.6913361541928],[-119.539460477566,34.6911418826711],[-119.539140449229,34.6912076417857],[-119.538739490596,34.6910133677651],[-119.53865856139,34.6907533353807],[-119.537455702257,34.6901705038279],[-119.537293854803,34.6896504366757],[-119.536491965017,34.6892618738994],[-119.535851918325,34.6893933752724],[-119.535450977386,34.6891990895945],[-119.535370061155,34.6889390544211],[-119.534969123788,34.6887447669953],[-119.534726383027,34.6879646597002],[-119.534325452338,34.6877703698616],[-119.534005433601,34.687836115167],[-119.53280265503,34.6872532339086],[-119.532721749757,34.6869931963519],[-119.532320829155,34.6867988994357],[-119.53223992598,34.686538861417],[-119.53183900895,34.6863445627528],[-119.531758107873,34.6860845242721],[-119.531357194414,34.6858902238601],[-119.531195397002,34.6853701458449],[-119.530794488667,34.6851758433526],[-119.530713592332,34.6849158038181],[-119.530312687569,34.684721499578],[-119.529672667987,34.684852967785],[-119.529271766169,34.6846586599632],[-119.528951756025,34.6847243916631],[-119.528550856688,34.6845300813428],[-119.528469968584,34.6842700400734],[-119.526866397625,34.6834927833087],[-119.52678551628,34.6832327405801],[-119.527024640278,34.6829069720453],[-119.526620239403,34.6816067568219],[-119.526219362117,34.6814124378487],[-119.526057608687,34.6808923501867],[-119.525255866379,34.68050370666461],[-119.524608899296,34.6784233455092],[-119.524848017584,34.67809757971541],[-119.524362812361,34.6765373038363],[-119.524601925847,34.6762115378747],[-119.524521059752,34.6759514915134],[-119.524760170758,34.6756257250198],[-119.524598439273,34.6751056320534],[-119.524837547333,34.6747798651004],[-119.524756681944,34.6745198184953],[-119.524995787523,34.6741940510102],[-119.524834057449,34.673673957556],[-119.52443322583,34.6734796307765],[-119.524271501041,34.6729595361381],[-119.523469850066,34.6725708770035],[-119.523388991594,34.6723108288246],[-119.522988170685,34.6721164968019],[-119.52290731431,34.6718564481608],[-119.522105681649,34.6714677792048],[-119.522024828925,34.671207729769],[-119.521624017172,34.6710133928357]]},"properties":{"segment_id":"215379f1d6e205603f8b48c5","source_kmz":"santaynez","orientation":"unverified"}},{"type":"Feature","geometry":{"type":"LineString","coordinates":[[-119.571344212792,34.6962062577532],[-119.571101081083,34.6954262323449],[-119.571340055848,34.6951003775592],[-119.571177969845,34.6945803601189],[-119.571416941667,34.6942545048763],[-119.5710117339,34.6929544593733],[-119.57061068603,34.6927602949929],[-119.570205499678,34.6914602445833],[-119.569403425531,34.6910719082461],[-119.569322393006,34.6908118971094],[-119.568520330035,34.69042355444201],[-119.568439301164,34.69016354251],[-119.568038274257,34.6899693687194],[-119.567718275131,34.6900352061103],[-119.567317250704,34.6898410298203],[-119.566997251495,34.6899068652477],[-119.566195209618,34.6895185062529],[-119.565875210788,34.6895843386334],[-119.565794191704,34.6893243246314],[-119.565393175808,34.6891301415939],[-119.565312158824,34.6888701271293],[-119.564911146499,34.688675942343],[-119.564591150066,34.6887417712707],[-119.562185121244,34.6875766263167],[-119.562104116692,34.6873166091901],[-119.5617841235,34.687382430535],[-119.561383127772,34.68718823333741],[-119.561063134497,34.6872540527189],[-119.559058188426,34.6862830400755],[-119.55897719576,34.6860230204167],[-119.55857621415,34.6858288133075],[-119.558495223583,34.6855687931862],[-119.556891323528,34.6847919492594],[-119.556810339721,34.6845319276776],[-119.556490353556,34.684597734738],[-119.556089385601,34.6844035188007],[-119.555769399354,34.6844693238978],[-119.555368433879,34.6842751054615],[-119.555287455742,34.6840150826785],[-119.55448553395,34.683626640893],[-119.553845564615,34.6837582415416],[-119.55344460767,34.6835640163588],[-119.553124622648,34.6836298142796],[-119.551921765305,34.6830471269868],[-119.551840800061,34.6827871014694],[-119.551439853201,34.6825928692075],[-119.551277927456,34.6820728171178],[-119.55087698572,34.6818785827748],[-119.550553146986,34.6808384757069],[-119.552465221071,34.6782319149936],[-119.552384259045,34.677971888486],[-119.553340245836,34.67666859391591],[-119.553259282503,34.6764085675702],[-119.553498273696,34.6760827424896],[-119.553417310445,34.6758227160869],[-119.554373253202,34.6745194100118],[-119.554693199416,34.6744536080202],[-119.554932178511,34.674127779313],[-119.554531268829,34.6739335558138],[-119.554369340423,34.6734135030875],[-119.553968435864,34.6732192775069],[-119.553887474032,34.672959250616],[-119.553486573043,34.6727650232868],[-119.553324654121,34.6722449684495],[-119.552923758254,34.672050739039],[-119.552842801164,34.6717907110926],[-119.552441908867,34.6715964799335],[-119.55212197257,34.6716622759708],[-119.551320194951,34.6712738072397],[-119.551000259035,34.67133960023091],[-119.550198490408,34.6709511236711],[-119.550117543645,34.6706910935252],[-119.549716663908,34.670496852789],[-119.548756860083,34.67069421612731],[-119.548355983752,34.6704999707267],[-119.548036048517,34.6705657556629],[-119.547234302831,34.6701772584489],[-119.546594432578,34.67030882134941],[-119.54579269681,34.6699203141413],[-119.544512953471,34.6701834207172],[-119.543711229475,34.6697948991836],[-119.542751419029,34.6699922133766],[-119.542350561445,34.6697979472379],[-119.541710686017,34.6699294834667],[-119.541309831377,34.6697352137466],[-119.540989893309,34.6698009794578],[-119.540589041148,34.6696067072394],[-119.539629225066,34.6698039958436],[-119.539228376311,34.669609718961],[-119.537948615762,34.6698727537793],[-119.537146928011,34.6694841871048],[-119.536826987439,34.6695499414432],[-119.536426147051,34.6693556548999],[-119.5357862652,34.6694871587705],[-119.534583758918,34.6689042841509],[-119.534263818566,34.6689700315174],[-119.533462158722,34.6685814391948],[-119.533142218752,34.6686471835155],[-119.532741392318,34.6684528841483],[-119.532421452268,34.668518626506],[-119.532182395576,34.6688444111964],[-119.531862453428,34.6689101519963],[-119.531461628849,34.6687158482978],[-119.530821743847,34.6688473250913],[-119.530420922211,34.6686530178118],[-119.529781035958,34.6687844889189],[-119.529700160202,34.6685244440279],[-119.528100440081,34.668853105379],[-119.527861364129,34.6691788811152],[-119.524661867519,34.6698361310244],[-119.524422774022,34.670161899379],[-119.523782865061,34.6702933374427],[-119.523543766441,34.670619103837],[-119.521624017172,34.6710133928357]]},"properties":{"segment_id":"f7a73f25d28bcc3d056e2338","source_kmz":"santaynez","orientation":"unverified"}},{"type":"Feature","geometry":{"type":"LineString","coordinates":[[-120.028381047814,34.5645820517465],[-120.028710821473,34.5656209561021],[-120.031521601691,34.566969255222],[-120.031840693047,34.5669021405209],[-120.032242241523,34.5670947479076],[-120.032407158532,34.5676141934358],[-120.032808712115,34.5678067987206],[-120.032973634445,34.5683262430339],[-120.033375193135,34.5685188462166],[-120.033457656685,34.5687785678328],[-120.033859218929,34.5689711692532],[-120.034106617561,34.5697503322797],[-120.03386998274,34.570077173906],[-120.034034917039,34.5705966153985],[-120.034436490158,34.5707892144412],[-120.034848843366,34.5720878141321],[-120.034210622533,34.5722220583191],[-120.033737336645,34.5728757395842],[-120.033819806056,34.5731354596769],[-120.033583159666,34.5734622994827],[-120.033830569883,34.5742414591743],[-120.034232161418,34.5744340581335],[-120.034314634152,34.5746937774236],[-120.033841334018,34.5753474573013],[-120.034006279364,34.5758668957687],[-120.033769625404,34.5761937349531],[-120.033852098461,34.5764534540584],[-120.034253701536,34.5766460524668],[-120.03441865242,34.5771654895969],[-120.034820260602,34.5773580859034],[-120.034902738429,34.5776178039283],[-120.035304350166,34.5778103984725],[-120.035386830101,34.578070116024],[-120.034913518367,34.5787237977783],[-120.035160958819,34.5795029500643],[-120.035562580988,34.5796955433143],[-120.036222459002,34.5817732741453],[-120.036624095605,34.5819658632559],[-120.036706584404,34.5822255786687],[-120.037108224561,34.582418166017],[-120.037438191515,34.5834570249738],[-120.03783983989,34.5836496095409],[-120.038334816269,34.5852078919303],[-120.039138137673,34.5855930527209],[-120.039550648772,34.58689161430931],[-120.039313984507,34.5872184607028],[-120.039478991934,34.587737884548],[-120.039242324776,34.5880647304876],[-120.039572344494,34.5891035768655]]},"properties":{"segment_id":"6ab8083a4984d86911c5d5f0","source_kmz":"santaynez","orientation":"unverified"}},{"type":"Feature","geometry":{"type":"LineString","coordinates":[[-120.115128432981,34.55156726076471],[-120.115447388163,34.5514999164292],[-120.115364667822,34.5512402477772],[-120.116782034936,34.5492781572845],[-120.116533869268,34.5484991518136],[-120.117714946969,34.5468640610216],[-120.120266399766,34.5463252224018],[-120.120502596887,34.5459981970862],[-120.12209722907,34.54566139111],[-120.122333416427,34.5453343618449],[-120.122167943266,34.5448150305605],[-120.122404127741,34.5444880008404],[-120.122723047408,34.5444206360879],[-120.122959228332,34.5440936050991],[-120.123915979341,34.5438915035719],[-120.125120959547,34.5444683861171],[-120.125286451787,34.5449877134177],[-120.128098163891,34.5463337180776],[-120.128417086208,34.5462663379071],[-120.13082720567,34.5474199941545],[-120.134973179765,34.5465438877083],[-120.135776580397,34.5469284002419],[-120.137052249384,34.5466587905633],[-120.137453954465,34.5468510403621],[-120.137619534578,34.5473703487774],[-120.138021244763,34.5475625964697],[-120.138104037207,34.5478222501342],[-120.138505750941,34.5480144960612],[-120.139002526598,34.549572413173],[-120.138766396764,34.549899474602],[-120.138849194209,34.5501591270545],[-120.138613061936,34.5504861879573],[-120.138695859495,34.5507458403471],[-120.138459724783,34.5510729007237],[-120.138790918805,34.5521115092245],[-120.139192656517,34.5523037518592],[-120.139511593779,34.5522363418287],[-120.140315076077,34.5526208206594],[-120.140078942488,34.5529478836213],[-120.140244553269,34.5534671847482],[-120.140008416798,34.553794247256],[-120.140339643261,34.5548328481827],[-120.140103503024,34.5551599103805],[-120.140269118705,34.5556792101805],[-120.140588068944,34.5556117974648],[-120.141793355997,34.5561885002705],[-120.141876170332,34.5564481487387],[-120.14164003166,34.5567752134507],[-120.141722846109,34.5570348618565],[-120.141486704998,34.5573619260426],[-120.14156951956,34.5576215743859],[-120.141097230463,34.5582757011086],[-120.141180044696,34.55853534946161],[-120.14094389671,34.55886241199821],[-120.141026711057,34.5591220602888],[-120.140790560632,34.5594491222997],[-120.140873375092,34.5597087705279],[-120.140637222227,34.5600358320131],[-120.140720036801,34.5602954801789],[-120.140483881497,34.5606225411384],[-120.140885667616,34.56081477610731],[-120.140968483857,34.5610744238698],[-120.142173858857,34.5616511192078],[-120.142339502333,34.562170412283],[-120.141631033801,34.5631516011299],[-120.141312053383,34.5632190161241],[-120.141075891657,34.5635460772076],[-120.141241531821,34.56406537073611],[-120.141643337704,34.5642576023545],[-120.141891806783,34.5650365406161],[-120.14165564196,34.5653636022053],[-120.141904114715,34.5661425394742],[-120.142542098074,34.5660077058161],[-120.143345738481,34.566392157839],[-120.143428568951,34.5666518022311],[-120.143830393705,34.566844025765],[-120.144078893116,34.5676229571122],[-120.144882557942,34.5680073978606],[-120.145213910713,34.5690459683809],[-120.144977747695,34.5693730352193],[-120.145143426532,34.5698923198183],[-120.144671092735,34.5705464519919],[-120.144753932103,34.5708060942347],[-120.144517761766,34.5711331594976],[-120.144600601247,34.5713928016785],[-120.144919612507,34.5713253783174],[-120.146527035446,34.5720942393524],[-120.146609882702,34.5723538798282],[-120.146373715487,34.572680948278],[-120.146539410782,34.57320022897171],[-120.14734314579,34.5735846503813],[-120.147425997382,34.5738442898448],[-120.147827869436,34.5740364980719],[-120.147993577399,34.574555775914],[-120.147521239227,34.5752099162007],[-120.147604093158,34.5754695550654],[-120.147367920633,34.5757966243852],[-120.148975460838,34.5765654478662],[-120.149058321103,34.5768250853052],[-120.148822150588,34.5771521570702],[-120.148905010967,34.5774117944476],[-120.148432663062,34.5780659363306],[-120.148113627061,34.578133368781],[-120.146224143093,34.5807499070617],[-120.146306998604,34.581009545238],[-120.145987948607,34.581076971659],[-120.145751752124,34.5814040356589],[-120.145349846944,34.5812118218706],[-120.144711743056,34.5813466685752],[-120.144239335649,34.5820007906182],[-120.144819298647,34.5838182623531],[-120.144583088848,34.5841453229877],[-120.143944959418,34.5842801650606],[-120.144027811059,34.5845398038299],[-120.143791595709,34.5848668626],[-120.143874447464,34.585126501308]]},"properties":{"segment_id":"c46322a59595a3de0373b283","source_kmz":"santaynez","orientation":"unverified"}},{"type":"Feature","geometry":{"type":"LineString","coordinates":[[-119.630460052203,34.6488803618467],[-119.63077982734,34.6488143498354],[-119.631018406178,34.6484883565685],[-119.631338179215,34.64842234300121],[-119.631576754487,34.6480963484543],[-119.632216295816,34.6479643173283],[-119.632454865969,34.6476383208248],[-119.633094402006,34.6475062848278],[-119.633332967039,34.6471802863679],[-119.633652732685,34.6471142663738],[-119.633891294153,34.6467882666337],[-119.634211057699,34.6467222450837],[-119.634688171489,34.6460702424396]]},"properties":{"segment_id":"3f18d198e44bc02037b48d51","source_kmz":"santaynez","orientation":"unverified"}},{"type":"Feature","geometry":{"type":"LineString","coordinates":[[-119.649213811341,34.6718523043774],[-119.649132530334,34.6715923431758],[-119.648731397132,34.6713984422072],[-119.648243731901,34.6698386702549],[-119.6485635786,34.6697726111128],[-119.648802147115,34.6694465890494],[-119.648720870024,34.6691866268775],[-119.649198000092,34.6685345810878],[-119.649116722628,34.6682746189317],[-119.649355284182,34.6679485952053],[-119.648948902773,34.6666487828324],[-119.649426015239,34.6659967343008],[-119.649344739679,34.6657367715807],[-119.649583292432,34.6654107464832],[-119.649502016959,34.6651507837057],[-119.650217661756,34.6641727050132],[-119.649811285701,34.6628728902622],[-119.648608022861,34.6622911845377],[-119.647968390946,34.6624233032681],[-119.646765148988,34.6618415782902],[-119.646602625067,34.6613216466533],[-119.644597277611,34.66035207334],[-119.644277466525,34.6604181223139],[-119.643876403535,34.6602242023168],[-119.643556592362,34.66029024932801],[-119.643155531845,34.6600963268308],[-119.64299303589,34.6595763891813],[-119.642190927111,34.6591885385995],[-119.641703471013,34.6576287185087],[-119.640901388931,34.6572408582504],[-119.640738914153,34.6567209158392],[-119.640337879239,34.6565269829164],[-119.640256644224,34.6562670111808],[-119.639855612876,34.656073076507],[-119.639693147593,34.6555531319759],[-119.638490074952,34.6549713174485],[-119.638408847791,34.6547113439849],[-119.638007829157,34.6545174026411],[-119.637764155613,34.6537374804643],[-119.63824128274,34.6530854683461],[-119.638160058398,34.6528254941712],[-119.637358043971,34.6524376075562],[-119.637195603141,34.6519176574782],[-119.637672723828,34.6512656463769],[-119.637591503313,34.6510056712871],[-119.63638851731,34.65042383222471],[-119.635982446229,34.649123949804],[-119.636221004072,34.6487979460299],[-119.636139791036,34.6485379692261],[-119.63573881014,34.6483440187827],[-119.635657599203,34.6480840415141],[-119.635256621873,34.6478900893198],[-119.635175413036,34.6476301115864],[-119.635413969672,34.6473041089237],[-119.635251552717,34.6467841532095],[-119.634850583152,34.646590199345],[-119.634688171489,34.6460702424396]]},"properties":{"segment_id":"8b0c6d1c3b5f7c3f2c1e457b","source_kmz":"santaynez","orientation":"unverified"}},{"type":"Feature","geometry":{"type":"LineString","coordinates":[[-119.516191353179,34.6743421908965],[-119.517626169855,34.6723876816257],[-119.51754533125,34.6721276293543],[-119.51802358641,34.6714761215689],[-119.518663514971,34.6713447151947],[-119.518902636419,34.67101895903891],[-119.51922259833,34.6709532538536],[-119.518818391379,34.6696529946765]]},"properties":{"segment_id":"bd2a7a88e40b21f785357925","source_kmz":"santaynez","orientation":"unverified"}},{"type":"Feature","geometry":{"type":"LineString","coordinates":[[-119.521624017172,34.6710133928357],[-119.518818391379,34.6696529946765]]},"properties":{"segment_id":"8081adfd9cd9cb176e9f2e30","source_kmz":"santaynez","orientation":"unverified"}},{"type":"Feature","geometry":{"type":"LineString","coordinates":[[-120.056579053641,34.5547686840247],[-120.056980600716,34.5549612089478],[-120.057618639624,34.5548268377043],[-120.058823295511,34.5554043974392],[-120.059142315469,34.5553372072536],[-120.059543871873,34.5555297232365],[-120.059862891723,34.5554625310912],[-120.060264450571,34.5556550445684],[-120.060500929759,34.5553281441699],[-120.061457982657,34.5551265572114],[-120.06185954373,34.5553190652743],[-120.063454623035,34.5549830640582],[-120.063856188332,34.5551755652839],[-120.064494217064,34.5550411564937],[-120.064895785249,34.55523365413071],[-120.065852825525,34.5550320311203],[-120.066254397043,34.5552245240857],[-120.067530444765,34.5549556767976],[-120.06793202006,34.5551481640086],[-120.0681684653,34.5548212478925],[-120.070401519711,34.5543507191036],[-120.071204680306,34.5547356726111],[-120.071523686751,34.5546684485396],[-120.071760115348,34.55434152497251],[-120.072079119685,34.5542742993534],[-120.07248070276,34.5544667710641],[-120.07343771378,34.5542650856972],[-120.073839300187,34.5544575527362],[-120.074158303196,34.554390321444],[-120.074394719809,34.5540633924389],[-120.07471372071,34.5539961595991],[-120.074950133772,34.5536692293242],[-120.07718311368,34.5531985702],[-120.07838789024,34.5537759290852],[-120.078706886486,34.5537086853117],[-120.079911682361,34.5542860281391],[-120.080230679385,34.5542187802401],[-120.081033887513,34.5546036661762],[-120.081352884871,34.5545364152347],[-120.082156101881,34.5549212933118],[-120.082321328055,34.5554406753652],[-120.082722942664,34.555633111588],[-120.083053407883,34.5566718727216],[-120.083455030704,34.5568643061594],[-120.083785511013,34.557903063783],[-120.083549122352,34.5582300103938],[-120.083796987075,34.5590090774174],[-120.08419862388,34.5592015077916],[-120.084517637446,34.5591342485496],[-120.084600262682,34.5593939367424],[-120.085001903483,34.5595863642699],[-120.085167158728,34.560105739572],[-120.085970452539,34.5604905889952],[-120.086053084101,34.5607502757641],[-120.086454735557,34.5609426980001],[-120.086620003454,34.5614620704546],[-120.087021660016,34.5616544905864],[-120.08710429635,34.5619141762719],[-120.087742340248,34.56177964144081],[-120.088545664252,34.5621644724212],[-120.088628306248,34.5624241568792],[-120.089833311902,34.5630013916525],[-120.090152336239,34.5629341173003],[-120.090317633215,34.5634534833588],[-120.09152266751,34.5640307000289],[-120.091605321493,34.5642903818356],[-120.092007005141,34.5644827842049],[-120.092089661233,34.5647424655369],[-120.092893037633,34.5651272653239],[-120.092975697388,34.5653869458409],[-120.093779084888,34.5657717392529],[-120.094098117219,34.5657044543278],[-120.094180781636,34.5659641338235],[-120.094582480382,34.5661565269705],[-120.094995818564,34.5674549207344],[-120.095397527079,34.5676473107556],[-120.095562869346,34.5681666666412],[-120.095964582968,34.5683590545579],[-120.096129930564,34.56887840922611],[-120.096531649292,34.5690707950383],[-120.096614325477,34.5693304718308],[-120.098221226592,34.5700999994815],[-120.097748494762,34.5707539416086],[-120.097996542635,34.5715329675294],[-120.098398279794,34.5717253463472],[-120.098811711791,34.5730237184981],[-120.098575340437,34.5733506899853],[-120.098823404966,34.57412971188411],[-120.099225157668,34.5743220872975],[-120.099473231858,34.5751011069686],[-120.100276752587,34.57548585148171],[-120.101553016242,34.5752166384306],[-120.102297332754,34.5775536766482],[-120.103100893012,34.577938400672],[-120.103183600733,34.5781980702342],[-120.102710861364,34.57885202652341],[-120.103124403859,34.58015037304911],[-120.103927995212,34.5805350902644],[-120.104247079612,34.5804677787203],[-120.105050679848,34.5808524880735],[-120.105298833666,34.5816314896769],[-120.105062463431,34.581958471147],[-120.105145182037,34.5822181381528],[-120.105948804929,34.58260284057321],[-120.106906076781,34.5824008872119]]},"properties":{"segment_id":"b3c2b5bc8fc8bd9a90e8d70c","source_kmz":"santaynez","orientation":"unverified"}},{"type":"Feature","geometry":{"type":"LineString","coordinates":[[-119.65613771425,34.6471743981529],[-119.655975158111,34.6466544711728],[-119.655574137208,34.6464605883755],[-119.655492861513,34.6462006243549],[-119.655091844175,34.646006739806],[-119.654929297531,34.64548681070351],[-119.655167764199,34.6451607669634],[-119.654598864954,34.6433410114886],[-119.654197864701,34.6431471232624],[-119.653954063601,34.6423672250921],[-119.654192524757,34.64204118222191],[-119.6539487272,34.6412612830905],[-119.654187184965,34.6409352398339],[-119.65369960186,34.6393754384695],[-119.653298624442,34.639181546311],[-119.65313610422,34.6386616108063],[-119.65273513192,34.638467716562],[-119.652653874182,34.6382077482788]]},"properties":{"segment_id":"66073bc63f47ac618a8c791d","source_kmz":"santaynez","orientation":"unverified"}},{"type":"Feature","geometry":{"type":"LineString","coordinates":[[-119.634688171489,34.6460702424396],[-119.634926725364,34.6457442402118],[-119.634520703469,34.64444434602171],[-119.635236346117,34.643466336802],[-119.635556094767,34.6434003113309],[-119.636271714641,34.6424222946475],[-119.636190508134,34.6421623160547],[-119.636429043607,34.6418363093582],[-119.636347837187,34.6415763307069],[-119.636824901174,34.64092431564701],[-119.636581282434,34.6401443793419],[-119.63705833561,34.6394923623003],[-119.637697796361,34.639360299932],[-119.637936316825,34.6390342891529],[-119.638256044828,34.6389682559733],[-119.63865698339,34.6391621997835],[-119.638976711307,34.63909616464171],[-119.639778595388,34.6394840458462],[-119.639859811151,34.6397440227129],[-119.640179540448,34.639677984323],[-119.640981436604,34.640065857026],[-119.641301166273,34.63999981559111],[-119.642904984576,34.6407755396628],[-119.643224715538,34.6407094930174],[-119.643463216848,34.6403834714441],[-119.643381988289,34.6401234972647],[-119.643620487127,34.6397974751599],[-119.643539258655,34.6395375009219],[-119.645137879674,34.6392072497745],[-119.645538836747,34.639401169925],[-119.646498004178,34.639203005435],[-119.646898964642,34.6393969209202],[-119.647538407782,34.6392648046975],[-119.647939371178,34.6394587166002],[-119.648898533167,34.6392605324222],[-119.649299499953,34.6394544396596],[-119.649619219983,34.6393883754252],[-119.650020189241,34.6395822801628],[-119.650339909183,34.6395162139664],[-119.650740880913,34.6397101162041],[-119.651060600768,34.6396440480454],[-119.652014448536,34.6383398926429],[-119.652653874182,34.6382077482788]]},"properties":{"segment_id":"f42136d2ff997c6ac375b4b1","source_kmz":"santaynez","orientation":"unverified"}},{"type":"Feature","geometry":{"type":"LineString","coordinates":[[-119.600182860231,34.6609371135968],[-119.60010175572,34.660677115239],[-119.599700802322,34.6604830437712],[-119.599133096898,34.6586630492806],[-119.598732156387,34.6584689740621],[-119.59848886691,34.6576889734666],[-119.598727609401,34.6573630493035],[-119.598646513539,34.65710304891671],[-119.598885253554,34.6567771242221],[-119.598804157777,34.6565171237775],[-119.599042895317,34.65619119855131],[-119.598961799624,34.6559311980488],[-119.599200534687,34.6556052722911],[-119.598470693863,34.6532652625505],[-119.598069783028,34.6530711839101],[-119.597502170489,34.6512511666908],[-119.597740897249,34.6509252422384],[-119.596686824625,34.6475451942293],[-119.596925543374,34.647219270114],[-119.596844464223,34.6469592655792],[-119.597083180496,34.6466333409318]]},"properties":{"segment_id":"bb981eb945a51d9309e8b11d","source_kmz":"santaynez","orientation":"unverified"}},{"type":"Feature","geometry":{"type":"LineString","coordinates":[[-119.606299851912,34.6881778669073],[-119.605898740147,34.6879838225288],[-119.605578781553,34.688049763644],[-119.603573255277,34.6870795150851],[-119.602761846034,34.6844796234713],[-119.602360762369,34.6842855661769],[-119.602279626004,34.6840255759674],[-119.601878545909,34.6838315169232],[-119.601797411645,34.6835715262505],[-119.60139633512,34.6833774654564],[-119.601315202955,34.6831174743203],[-119.600513059061,34.682729347816],[-119.600431930551,34.6824693558834],[-119.600030863181,34.6822752901731],[-119.599706360822,34.6812353198096],[-119.599305301684,34.6810412513497],[-119.598656335615,34.6789613017149],[-119.598895143158,34.6786353847983],[-119.598814024395,34.6783753905818],[-119.599052829461,34.6780494731347],[-119.598971710783,34.6777894788613],[-119.599926909042,34.6764858033286],[-119.600246824554,34.6764198768442],[-119.600647862059,34.6766139430542],[-119.601287692368,34.6764820852789],[-119.602481616076,34.6748524633798],[-119.602400489214,34.67459247057711],[-119.603116817871,34.67361469041271],[-119.603035690171,34.673354697699],[-119.603274461898,34.6730287698432],[-119.602949954713,34.6719887979785],[-119.602147918179,34.6716006779703],[-119.601188234755,34.6717984714291],[-119.600787220895,34.6716044060509],[-119.600147430139,34.6717362617909],[-119.599746419217,34.67154219283],[-119.598466832996,34.6718058894182],[-119.598065825936,34.6716118147084],[-119.597426030472,34.6717436555567],[-119.59702502635,34.6715495772643],[-119.596705128261,34.6716154952854],[-119.595903126985,34.671227332285],[-119.595583229273,34.67129324726],[-119.594380243858,34.6707109888873],[-119.594299148616,34.6704509892876],[-119.593898159062,34.6702568999972],[-119.593249429206,34.6681768958457],[-119.592848454095,34.6679828024725],[-119.59203760644,34.665382782229],[-119.591636648878,34.6651886841061],[-119.591555568668,34.664928681032],[-119.592510733055,34.6636250477428],[-119.592186410287,34.6625850353075],[-119.591785466873,34.6623909370999],[-119.59146115905,34.661350921246],[-119.590659290692,34.6609627179151],[-119.590578218207,34.6607027129591],[-119.590177288604,34.6605086088359],[-119.589853010334,34.6594685863746],[-119.589452088957,34.6592744795017],[-119.589208890644,34.6584944602868],[-119.58968645689,34.6578426498385],[-119.590006303935,34.6577767500255],[-119.590245082483,34.6574508432181],[-119.590564927429,34.6573849418484],[-119.592236309987,34.6551035725391],[-119.593195808939,34.6549058489375],[-119.593434565159,34.6545799345886],[-119.593754395499,34.654514024285],[-119.593993148151,34.654188108655],[-119.593912071555,34.653928104078],[-119.591907577587,34.6529576192505],[-119.591664374367,34.6521775997346],[-119.592141880851,34.6515257747347],[-119.592060813279,34.6512657681133],[-119.592777056513,34.650288026298],[-119.592533852918,34.6495080063025],[-119.593011335568,34.6488561758381],[-119.59284920072,34.6483361621446],[-119.593087938101,34.6480102461506],[-119.593006871034,34.6477502391803],[-119.593326673467,34.6476843295521],[-119.593804138158,34.6470324945419],[-119.594123936941,34.6469665826803],[-119.59460139047,34.6463147438988],[-119.595240980188,34.6461829148294],[-119.595641848176,34.6463770046413],[-119.595961642678,34.6463110877043],[-119.596763385618,34.6466992609139],[-119.597083180496,34.6466333409318]]},"properties":{"segment_id":"0104ea22953029b0f737106e","source_kmz":"santaynez","orientation":"unverified"}},{"type":"Feature","geometry":{"type":"LineString","coordinates":[[-119.980813547768,34.5637707477371],[-119.9805767061,34.5640974834959],[-119.980741269752,34.5646170036708],[-119.980267578623,34.5652704736743],[-119.980349860382,34.5655302337046],[-119.980113011368,34.5658569678777],[-119.980195293232,34.5661167278461],[-119.97995844177,34.5664434614907],[-119.980369857141,34.5677422596863],[-119.980133001438,34.5680689930895],[-119.98169649735,34.573004397132],[-119.982097952582,34.5731971756301],[-119.983167848108,34.5765739988394],[-119.982930977179,34.5769007346866],[-119.983424803938,34.5784592612976],[-119.983187928321,34.5787859969771],[-119.983352540768,34.5793055049237],[-119.983754032835,34.57949827636891],[-119.983836341442,34.5797580298031],[-119.982888818004,34.581064970363],[-119.982971125372,34.5813247239521],[-119.982734239061,34.5816514576646],[-119.98306347227,34.5826904709754],[-119.98346498119,34.5828832426851],[-119.983547292428,34.5831429953404],[-119.983948804904,34.5833357652892],[-119.984268005036,34.5832687818387],[-119.985071036889,34.58365431530431],[-119.985153354343,34.5839140666039],[-119.984442693269,34.5848942763863],[-119.984854282113,34.5861930319664],[-119.984617388845,34.5865197677222]]},"properties":{"segment_id":"de9c919261f88b06f7ee14a3","source_kmz":"santaynez","orientation":"unverified"}},{"type":"Feature","geometry":{"type":"LineString","coordinates":[[-120.010293515797,34.5537006390214],[-120.010540628251,34.5544798653166],[-120.010942059212,34.5546725486419],[-120.01110680672,34.5551920314896],[-120.011909680853,34.5555773925155],[-120.012074436785,34.556096873469],[-120.011837750651,34.5564236754429],[-120.011920128999,34.5566834157903],[-120.011446749839,34.5573370180815],[-120.011776265192,34.5583759787043],[-120.012579175704,34.5587613337467],[-120.012898249633,34.5586942701984],[-120.013299708335,34.5588869445035],[-120.013464480649,34.5594064215629],[-120.013227790261,34.5597332251396],[-120.013804507661,34.5615513911309],[-120.013567812147,34.5618781946098],[-120.013897375332,34.5629171439461],[-120.013660676031,34.5632439471122],[-120.013990246282,34.5642828945937],[-120.013516838106,34.564936499701],[-120.013599231159,34.5651962363803],[-120.014000725352,34.5653889068684],[-120.014083120511,34.5656486430744],[-120.013846413637,34.5659754456155],[-120.014340793532,34.5675338604729],[-120.015143811879,34.5679191939162],[-120.015226213572,34.5681789285785],[-120.015627727299,34.56837159282721],[-120.015710131099,34.5686313270163],[-120.015473421971,34.5689581317629],[-120.015555825878,34.5692178658901],[-120.015319114303,34.5695446701091],[-120.015401518316,34.5698044041745],[-120.015164804294,34.5701312078658],[-120.015247208414,34.5703909418694],[-120.015010491945,34.570717745033],[-120.015587333154,34.5725358798174],[-120.015113887961,34.57318948535401],[-120.015196295168,34.5734492185037],[-120.014959569124,34.5737760204448],[-120.015206792726,34.5745552193081],[-120.014496598571,34.5755356221828],[-120.01353917085,34.5757368195017],[-120.013302430802,34.5760636172464],[-120.013714457268,34.577362283873],[-120.014517574542,34.5777476173824],[-120.014682395218,34.5782670817403],[-120.015083959964,34.5784597456827],[-120.015248785962,34.5789792088274],[-120.014775298464,34.5796328082788],[-120.013498660399,34.5799010714332],[-120.012788395498,34.5808814580564],[-120.012150063821,34.5810155803403],[-120.011913301744,34.5813423733394],[-120.011274964745,34.5814764907708],[-120.011038197559,34.5818032818274],[-120.010399855238,34.5819373944063],[-120.009998284105,34.5817447151055],[-120.009679112561,34.5818117689958],[-120.009277543876,34.5816190871896],[-120.009195147841,34.58135935223691],[-120.008875977191,34.581426403961],[-120.008402420851,34.5820799757835],[-120.008484814991,34.5823397110863],[-120.007774464132,34.58332006454111],[-120.007856857485,34.5835797999272],[-120.007620069416,34.5839065832856],[-120.007702462874,34.5841663186105],[-120.007465672357,34.5844931014418],[-120.007548065922,34.5847528367054],[-120.007074477989,34.5854064007145],[-120.006755288798,34.5854734463395],[-120.007002467128,34.5862526523807],[-120.006765667265,34.5865794330315],[-120.006848060701,34.586839168184],[-120.006611258389,34.5871659483077],[-120.006776046029,34.5876854183572],[-120.006302433611,34.5883389770962],[-120.006549616538,34.58911818160401],[-120.006312805986,34.5894449602917],[-120.006724786365,34.5907436321657],[-120.007126396075,34.5909363207873],[-120.00729119521,34.5914557879251],[-120.008094426851,34.5918411595445],[-120.007857614488,34.5921679403722],[-120.00802242116,34.592687405765],[-120.008424044199,34.59288008950701]]},"properties":{"segment_id":"14a9cd759171dfa32596cc55","source_kmz":"santaynez","orientation":"unverified"}},{"type":"Feature","geometry":{"type":"LineString","coordinates":[[-119.518818391379,34.6696529946765],[-119.517616010579,34.669069945666],[-119.51753517548,34.6688098924437],[-119.517134387466,34.6686155396108],[-119.516814433463,34.6686812392499],[-119.515612082917,34.6680981690121],[-119.515292129761,34.6681638645226],[-119.514891350744,34.6679695038636],[-119.514571397509,34.6680351974111],[-119.514170620973,34.6678408342543],[-119.51408979876,34.6675807783004],[-119.51288748591,34.6669976793424],[-119.512725852433,34.6664775650507],[-119.510722053548,34.665505701829],[-119.510318018192,34.6642054055171],[-119.507512838799,34.6628447259436],[-119.506624128429,34.6599840370301],[-119.506223413659,34.65978964491811],[-119.506142626623,34.6595295811774],[-119.505341206237,34.659140792044],[-119.505179640006,34.658620662843],[-119.504378233896,34.6582318667207],[-119.504297454701,34.6579718012605]]},"properties":{"segment_id":"3de0552d325ee5dfc43ebe97","source_kmz":"santaynez","orientation":"unverified"}},{"type":"Feature","geometry":{"type":"LineString","coordinates":[[-119.492938415751,34.659749416732],[-119.493258353057,34.6596837817883],[-119.49365903465,34.65987821836],[-119.494938780296,34.6596156654524],[-119.49574015325,34.6600045256913],[-119.497019893915,34.6597419500391],[-119.497420585276,34.6599363737063],[-119.49838038646,34.6597394294767],[-119.498858726547,34.6590879912536],[-119.499178656083,34.6590223400606],[-119.499579349145,34.6592167564822],[-119.500539135884,34.6590197943742],[-119.501340530846,34.6594086164776],[-119.501660459601,34.659342958516],[-119.502138769573,34.65869150658931],[-119.504058312053,34.6582975321997],[-119.504297454701,34.6579718012605]]},"properties":{"segment_id":"19a2dc8f157c82491a52a5d5","source_kmz":"santaynez","orientation":"unverified"}},{"type":"Feature","geometry":{"type":"LineString","coordinates":[[-119.48838741062,34.6637259075625],[-119.489105081157,34.6627488149256],[-119.489425034143,34.6626831906883],[-119.489664252068,34.6623574912531],[-119.489984202958,34.6622918654574],[-119.490462629653,34.6616404634137],[-119.490782576894,34.6615748353815],[-119.49173939987,34.6602720213128],[-119.491658661091,34.6600119477037],[-119.492938415751,34.659749416732]]},"properties":{"segment_id":"5dacf4813b48f7b842dfc4ac","source_kmz":"santaynez","orientation":"unverified"}},{"type":"Feature","geometry":{"type":"LineString","coordinates":[[-119.917361336493,34.5654350486105],[-119.918163849535,34.5658210497557]]},"properties":{"segment_id":"74789fc9ca52f1dfdb87bbd4","source_kmz":"santaynez","orientation":"unverified"}},{"type":"Feature","geometry":{"type":"LineString","coordinates":[[-119.956660371889,34.5530473863849],[-119.956742561383,34.5533071666115],[-119.95626873681,34.5539605475276],[-119.956350925959,34.5542203277631],[-119.955640172747,34.5552003948447],[-119.955722361103,34.5554601751605],[-119.955485438916,34.5557868630573],[-119.955567627375,34.5560466433108],[-119.954619916821,34.5573533891756],[-119.954300797964,34.5574202935292],[-119.953353049183,34.5587270270919],[-119.953435233606,34.5589868079882],[-119.953198290959,34.5593134899483],[-119.953280475485,34.5595732707823],[-119.953043530389,34.5598999522131],[-119.953207900199,34.5604195136232],[-119.952970952205,34.5607461945961],[-119.953053137489,34.56100597517221],[-119.952342280152,34.5619860147011],[-119.952023140213,34.5620529124805],[-119.95154922221,34.5627062678182],[-119.951230078614,34.56277316337561],[-119.950993115058,34.563099839471],[-119.950354823105,34.563233626609],[-119.948932981103,34.5651936624985],[-119.949672589014,34.5675316967857],[-119.949435604302,34.567858367976],[-119.949846514661,34.5691572715986],[-119.950649228387,34.5695430478222],[-119.95073141522,34.569802827469],[-119.951050588252,34.5697359338021],[-119.955571769488,34.5840235976429]]},"properties":{"segment_id":"3dbd55c0be58aa53ab3e397a","source_kmz":"santaynez","orientation":"unverified"}},{"type":"Feature","geometry":{"type":"LineString","coordinates":[[-119.445953992384,34.6563772020886],[-119.44635453772,34.6565718014692],[-119.44643512038,34.6568319073181],[-119.446835669286,34.657026504953],[-119.447077425175,34.6578068207258],[-119.44787853835,34.6581960097638],[-119.448198507471,34.65813049802911],[-119.448599067551,34.6583250893448],[-119.448760252186,34.6588452968173],[-119.449160817388,34.6590398860556],[-119.44924141207,34.6592999892656],[-119.449561384608,34.65923447388001],[-119.451163673667,34.660012811037],[-119.451483647526,34.6599472904415],[-119.451884225302,34.6601418701132],[-119.452844145022,34.6599452997968],[-119.453244726214,34.6601398748073],[-119.453564698834,34.6600743485252],[-119.453965282511,34.6602689210392],[-119.455245169429,34.6600068027767],[-119.455484523158,34.6596811723431],[-119.457084361832,34.6593535013125],[-119.457323705784,34.6590278668801],[-119.458283597818,34.6588312516611],[-119.459084778067,34.6592203634669],[-119.459724705239,34.6590892779226],[-119.460125299322,34.65928382953941],[-119.461405149014,34.6590216435562],[-119.46220634696,34.65941073388801],[-119.463806151517,34.6590829707758],[-119.464206755845,34.6592775084083],[-119.464846674799,34.6591463948358],[-119.465247282076,34.6593409288892],[-119.465887199789,34.6592098096303],[-119.466287810015,34.6594043401046],[-119.466607768523,34.6593387780721],[-119.467008381232,34.65953330604971],[-119.467247683908,34.6592076513659],[-119.467887597121,34.6590765211382],[-119.468126894676,34.6587508644916],[-119.468446848916,34.6586852973789],[-119.468686142901,34.6583596394478],[-119.469326046648,34.6582285012245],[-119.469804622358,34.6575771808305],[-119.469723960241,34.6573170913111],[-119.47068108559,34.6560144435377],[-119.471320966526,34.6558832940573],[-119.471560239716,34.6555576292419],[-119.471479573797,34.6552975403573],[-119.471718844505,34.6549718750078],[-119.471638178663,34.6547117860654],[-119.471958113195,34.6546462090522],[-119.472197379869,34.6543205424903],[-119.473477106359,34.6540582229212],[-119.473716364808,34.65373255304],[-119.474356221691,34.653601386617],[-119.474756824159,34.653795889267],[-119.47507675225,34.6537303036526],[-119.475877964168,34.6541193025446],[-119.475958643664,34.6543793887303],[-119.4763592542,34.6545738857226],[-119.476439935791,34.6548339714464],[-119.477241166018,34.6552229605236],[-119.477321851256,34.6554830454533],[-119.480526865263,34.6570389425276],[-119.48060756346,34.6572990246709],[-119.481567374725,34.6571022179073],[-119.483570588773,34.6580745897105],[-119.483890527101,34.6580089802831],[-119.485092481131,34.6585923831429],[-119.485732358946,34.6584611551524],[-119.486533673578,34.6588500789894],[-119.4868536126,34.6587844615087],[-119.487654936231,34.65917337752241],[-119.48797487564,34.6591077569964],[-119.488375540946,34.6593022117988],[-119.488695480276,34.65923658931],[-119.48949681787,34.6596254925058],[-119.489816757586,34.6595598669717],[-119.490217429874,34.6597543153651],[-119.490537369511,34.6596886878682],[-119.490938044281,34.6598831337644],[-119.492537736641,34.659554977663],[-119.492938415751,34.659749416732]]},"properties":{"segment_id":"8d147656e2291c878ab83609","source_kmz":"santaynez","orientation":"unverified"}},{"type":"Feature","geometry":{"type":"LineString","coordinates":[[-119.849402088741,34.6067741039586],[-119.849320203131,34.6065142638536],[-119.851220355721,34.6039026172639],[-119.851859154629,34.6037693782356],[-119.852334166504,34.6031164578802],[-119.852088493386,34.60233694016541],[-119.852325994957,34.6020104793022],[-119.852080325436,34.6012309606115],[-119.852317823644,34.60090449936341],[-119.852235934452,34.6006446596069],[-119.852710923948,34.5999917354505],[-119.852629034401,34.5997318957058],[-119.85310401497,34.5990789692878],[-119.852702747342,34.5988857530547],[-119.852620858994,34.5986259129845],[-119.852858346919,34.598299449691],[-119.852776458669,34.5980396095602],[-119.853251427597,34.597386681313],[-119.853890169171,34.5972534302123],[-119.855552475504,34.5949681529705],[-119.855470581728,34.5947083137647],[-119.855708045588,34.5943818432533],[-119.855626151911,34.5941220039869],[-119.856575985489,34.5928161162139],[-119.856412196169,34.5922964378587],[-119.857124547586,34.5913170161443],[-119.856796970124,34.5902776587047],[-119.857034414778,34.5899511838844],[-119.856952521336,34.5896913442646],[-119.857189963533,34.5893648689145],[-119.857108070189,34.5891050292339],[-119.857345509929,34.5887785533541],[-119.857263616684,34.5885187136125],[-119.857501053966,34.5881922372029],[-119.857337268223,34.5876725574652],[-119.857574702596,34.5873460805977],[-119.857329026753,34.5865665602109],[-119.857566457765,34.5862400829571],[-119.857484566466,34.58598024263441],[-119.857083355862,34.58578703862911],[-119.8564282577,34.5837083085675],[-119.856903107775,34.5830553550367],[-119.856657452332,34.5822758295023],[-119.857844535658,34.5806434362198],[-119.85776264935,34.5803835944677],[-119.85800005955,34.5800571140774],[-119.857918173341,34.579797272264],[-119.858630390558,34.5788178276973],[-119.858548503543,34.5785579859658],[-119.858147328786,34.5783647840134],[-119.8579016757,34.577585257009],[-119.858376475742,34.5769322930181],[-119.858294591577,34.5766724505606],[-119.859006775251,34.5756930002749],[-119.859326051774,34.5756263578138],[-119.859563440771,34.5752998725081],[-119.859162280378,34.5751066733382],[-119.858916627412,34.5743271456272],[-119.859391398884,34.57367417512891],[-119.860349200806,34.5734742415053],[-119.860586578879,34.573147753333],[-119.860905843534,34.5730811063626],[-119.861617961073,34.5721016362138],[-119.86321425281,34.5717683780923],[-119.863050463459,34.5712486968254],[-119.8632878233,34.5709222023479],[-119.863607076441,34.5708555478256],[-119.864081787007,34.5702025557181],[-119.864401036493,34.5701358989712],[-119.864875735939,34.5694829031093],[-119.865833471784,34.5692829235612],[-119.866234618635,34.5694761010718],[-119.866553863267,34.5694094383844],[-119.866955012573,34.5696026133926],[-119.867593501091,34.5694692832193],[-119.867994653304,34.5696624546427],[-119.868633140523,34.5695291187933],[-119.869034295642,34.5697222866318],[-119.869672781563,34.5695889451062],[-119.870475099619,34.5699752721935],[-119.870794342657,34.5699085979491],[-119.871195505142,34.5701017582802],[-119.87183399047,34.5699684049931],[-119.873839837462,34.5709341745225],[-119.874159081557,34.5708674911501],[-119.87536261515,34.5714469325786],[-119.875444551122,34.5717067645833],[-119.876648107404,34.572286192217],[-119.876967354658,34.57221950126741],[-119.877368544544,34.5724126398891],[-119.879284019214,34.5720124692623],[-119.879758604524,34.5713594142738],[-119.881674040744,34.5709592039674],[-119.88191132108,34.5706326715317],[-119.882549792311,34.5704992597275],[-119.882787067538,34.5701727253439],[-119.883188261339,34.5703658444122],[-119.883425533462,34.5700393086823],[-119.885021688635,34.5697057516669],[-119.885496211347,34.5690526716711],[-119.885815437625,34.5689859562885],[-119.886052694424,34.568659414715],[-119.887648809792,34.5683258212701],[-119.887566836407,34.5680659968472],[-119.887804082991,34.5677394513782],[-119.888442520175,34.5676060069191],[-119.888679761652,34.5672794595024],[-119.889637408641,34.5670792842116],[-119.892445814711,34.5684309277797],[-119.89340346621,34.568230721858],[-119.893804676441,34.5684238048672],[-119.894123892956,34.5683570667221],[-119.894598330542,34.5677039487499],[-119.895555967469,34.5675037250102],[-119.8957931786,34.567177163103],[-119.895711179076,34.5669173440644],[-119.895948387754,34.566590781627],[-119.895702391134,34.5658113239258],[-119.895939596457,34.5654847611012],[-119.895857598235,34.5652249416723],[-119.896094801105,34.56489837831761],[-119.897690795551,34.5645646461899],[-119.898493201389,34.5649507829105],[-119.898575208174,34.5652106005682],[-119.899778836608,34.5657897939811],[-119.8998608486,34.5660496104912],[-119.900262063636,34.566242671783],[-119.900344077732,34.5665024878217],[-119.901146516916,34.5668886054675]]},"properties":{"segment_id":"4d9057a447c228df70b9157d","source_kmz":"santaynez","orientation":"unverified"}},{"type":"Feature","geometry":{"type":"LineString","coordinates":[[-119.90013579396,34.5604527370748],[-119.899661447598,34.5611058828613],[-119.899825461413,34.5616255186446],[-119.899588284328,34.5619520907781]]},"properties":{"segment_id":"45cbc971a114a272386a4966","source_kmz":"santaynez","orientation":"unverified"}},{"type":"Feature","geometry":{"type":"LineString","coordinates":[[-119.821487335996,34.5948704821273],[-119.821086169237,34.5946771563877],[-119.82092261451,34.5941574293783],[-119.820521452862,34.5939641015456],[-119.81929488578,34.5900661270275],[-119.818893749427,34.5898727927224],[-119.818566691966,34.5888333264668],[-119.818804293571,34.5885069288698],[-119.818640767231,34.58798719509],[-119.818239643298,34.58779385809],[-119.817912603422,34.5867543875917],[-119.817511487704,34.5865610478248],[-119.81718446283,34.5855215738571],[-119.816783355327,34.5853282313233],[-119.816538097097,34.58454862344431],[-119.815735897422,34.5841619320974],[-119.81549065345,34.58338232100331],[-119.814688471111,34.5829956219578],[-119.814369125734,34.583062141814],[-119.812764786935,34.5822887223617],[-119.812683050359,34.5820288495062],[-119.812281972226,34.58183549075811],[-119.812200237751,34.5815756174331],[-119.811398090605,34.5811888950053],[-119.811316359784,34.5809290208739],[-119.810113158763,34.5803489255773],[-119.809949708082,34.5798291748953],[-119.80954864819,34.5796358062843],[-119.809466925225,34.5793759304074],[-119.80906586889,34.57918256004031],[-119.808984148026,34.5789226836938],[-119.809221759625,34.5785963019803],[-119.808820707946,34.5784029306027]]},"properties":{"segment_id":"55e3675711a0ed5565fcb083","source_kmz":"santaynez","orientation":"unverified"}},{"type":"Feature","geometry":{"type":"LineString","coordinates":[[-119.791345624145,34.5834252495267],[-119.792303722512,34.5832258762852],[-119.792385391868,34.5834857630509],[-119.793588508695,34.5840660389579],[-119.793907876085,34.583999576003],[-119.794308919494,34.58419299738501],[-119.795267019732,34.5839936000034],[-119.795668066509,34.5841870167193],[-119.797584254887,34.5837881917478],[-119.797821929545,34.5834618350075],[-119.799738088845,34.5830629743728],[-119.800451072847,34.5820838884006],[-119.805880004366,34.5809535771889],[-119.806281061918,34.5811469581145],[-119.807706810872,34.5791886966656],[-119.807625094568,34.5789288193699],[-119.807944428678,34.5788623176484],[-119.808182044478,34.57853593802851],[-119.808820707946,34.5784029306027]]},"properties":{"segment_id":"aff332abb14990ed41926f4c","source_kmz":"santaynez","orientation":"unverified"}},{"type":"Feature","geometry":{"type":"LineString","coordinates":[[-119.597083180496,34.6466333409318],[-119.598042561858,34.6464355757075],[-119.59828127146,34.6461096484254],[-119.598119106908,34.6455896404713],[-119.598357813574,34.6452637127295],[-119.598276731655,34.6450037086288],[-119.597074135252,34.6444214611741],[-119.59675434952,34.64448738129191],[-119.595952629576,34.6440992070755],[-119.595871556973,34.6438392009731],[-119.596587683146,34.6428614278206],[-119.596344464459,34.6420814093797],[-119.595141928097,34.641499140171],[-119.594817662781,34.6404591097498],[-119.594416827564,34.6402650158466],[-119.593363045749,34.6368848981945],[-119.59304328804,34.6369508087062],[-119.591440049871,34.6361743972529],[-119.59119690419,34.63539436235191],[-119.58879213528,34.6342296966831],[-119.588711097123,34.6339696827861],[-119.588310310904,34.6337755665514],[-119.588229274844,34.63351555219],[-119.58782849219,34.6333214342056],[-119.587188996276,34.6334532245824],[-119.587107964327,34.633193209351],[-119.58630641001,34.6328049641371],[-119.58622538171,34.6325449481077],[-119.585824609124,34.6323508230431],[-119.58517641477,34.6302706874284],[-119.584775656612,34.630076558279],[-119.58445591975,34.6301424457906],[-119.583654410398,34.6297541810791],[-119.583249334956,34.6284540860494],[-119.581646371447,34.6276775329629],[-119.581160336147,34.6261174066016],[-119.579958162585,34.6255349709148],[-119.579318717679,34.6256667193575],[-119.57851728055,34.6252784174912],[-119.578355292687,34.6247583701768],[-119.576752455,34.6239817467852],[-119.576432736513,34.6240476127883],[-119.575631330673,34.6236592904331],[-119.575469365621,34.6231392381868],[-119.575708098456,34.6228133486365],[-119.575627116286,34.6225533223887],[-119.575226422129,34.6223591588353],[-119.575145442055,34.6220991321229],[-119.574744751464,34.6219049668202],[-119.574663773486,34.6216449396432],[-119.574902505103,34.6213190511999],[-119.574821527208,34.6210590239637],[-119.572818125409,34.620088176621],[-119.573056859999,34.619762291387],[-119.574015969278,34.6195647175128],[-119.573854023675,34.6190446606703],[-119.573453352161,34.6188504902825],[-119.573372381728,34.6185904613311],[-119.573611109355,34.6182645744241]]},"properties":{"segment_id":"f4a250a1a2c1b4fac641d38d","source_kmz":"santaynez","orientation":"unverified"}},{"type":"Feature","geometry":{"type":"LineString","coordinates":[[-119.504297454701,34.6579718012605],[-119.504536595333,34.6576460697156],[-119.503971152944,34.6558256083588],[-119.505166809597,34.6541969440786],[-119.505086031966,34.6539368780113],[-119.505325156784,34.6536111434105],[-119.505163602225,34.65309101103],[-119.504762926881,34.6528966124413],[-119.504197513919,34.6510761426839],[-119.504914866997,34.6500989394451],[-119.505234754164,34.6500332710308],[-119.505473866272,34.6497075347284],[-119.50611363587,34.6495761939036],[-119.50754824756,34.6476217552339],[-119.507467468787,34.6473616889328],[-119.508423834402,34.646058717992],[-119.508262274775,34.64553858557521],[-119.508740443631,34.6448870967579],[-119.509380167763,34.6447557373582],[-119.509858322348,34.6441042434063],[-119.509696757151,34.6435841118534],[-119.509935830492,34.6432583641126],[-119.509855048245,34.6429982982126],[-119.510174901817,34.642932615766],[-119.511370228206,34.6413038649452],[-119.511690073476,34.6412381782296],[-119.511124582623,34.6394177186287],[-119.511363637054,34.6390919664723],[-119.511683473174,34.6390262796146],[-119.51152190631,34.6385061476749],[-119.510720676898,34.63811738643091],[-119.510639897384,34.6378573196002],[-119.509838679137,34.6374685520316],[-119.509518847896,34.6375342339536],[-119.50911824226,34.6373398469648],[-119.50879841094,34.6374055269246],[-119.507997206641,34.6370167465381],[-119.50783566879,34.6364966083503],[-119.508074728049,34.6361708618721],[-119.508394554874,34.6361051838033],[-119.508633610566,34.6357794360412],[-119.508953435297,34.6357137564146],[-119.509431537533,34.6350622577166],[-119.509751358617,34.6349965758545],[-119.509670585627,34.63473650745861],[-119.509909631707,34.6344107565945],[-119.509828858797,34.6341506881399],[-119.510306943982,34.633499184737],[-119.510626757853,34.6334335003659],[-119.511104831875,34.6327819931832],[-119.511024056645,34.6325219250872],[-119.511343865863,34.6324562386827],[-119.511821927794,34.6318047278636],[-119.511418050124,34.6305043871533],[-119.511657075747,34.6301786311929],[-119.511976874729,34.6301129428862],[-119.512215896787,34.629787185642]]},"properties":{"segment_id":"6e5003c7e77229db3707b251","source_kmz":"santaynez","orientation":"unverified"}},{"type":"Feature","geometry":{"type":"LineString","coordinates":[[-119.55125057168,34.6513672050959],[-119.551489493883,34.6510413751807],[-119.551327633931,34.6505213051926],[-119.552044385672,34.6495438122505],[-119.552364230443,34.6494780148299],[-119.552842051757,34.6488263484886],[-119.553481733456,34.6486947482983],[-119.5539595405,34.6480430768278],[-119.553878605079,34.6477830427519],[-119.554117505116,34.6474572061813],[-119.554036569778,34.6471971720472],[-119.554514362881,34.6465454972352],[-119.554352491988,34.6460254288645],[-119.554591384592,34.6456995906952],[-119.554510449499,34.6454395563864],[-119.553708931981,34.6450510928582],[-119.553547069639,34.6445310225167],[-119.552745566389,34.6441425519939],[-119.552664639139,34.6438825159613],[-119.551061663024,34.6431055565965],[-119.550737984306,34.6420654058321],[-119.550337251522,34.6418711611198],[-119.549770845596,34.640050889926],[-119.550248630487,34.6393992274235],[-119.550005890483,34.6386191096716],[-119.549605177412,34.6384248617116],[-119.549443356569,34.6379047818914],[-119.549042648616,34.6377105318496],[-119.548961740563,34.6374504914106],[-119.549200629388,34.6371246611817],[-119.549119721417,34.636864620684],[-119.549358607765,34.6365387899217],[-119.549277699876,34.6362787493654],[-119.549516583747,34.6359529180696],[-119.548869336533,34.6338725894919],[-119.549347090829,34.6332209262343],[-119.549266186452,34.6329608847179],[-119.54846482472,34.6325723798852],[-119.548222124165,34.6317922525534],[-119.5474207798,34.6314037400601],[-119.547258988359,34.6308836531862],[-119.547497864065,34.6305578240766],[-119.547255179598,34.6297776930009],[-119.546854519283,34.6295834337146],[-119.546773627101,34.6293233894281],[-119.546372970351,34.62912912839321],[-119.546292080265,34.6288690836429],[-119.54653095382,34.6285432557845],[-119.546450063816,34.6282832109752],[-119.546769825362,34.6282174273206],[-119.546122716864,34.62613706575921],[-119.546361582689,34.6258112372631],[-119.545795388091,34.6239909145334],[-119.545394761443,34.6237966489992],[-119.545071239852,34.622756460372],[-119.544670621423,34.6225621920898],[-119.544589743936,34.6223021442727]]},"properties":{"segment_id":"018615b13df1ccd8d6ec73f4","source_kmz":"santaynez","orientation":"unverified"}},{"type":"Feature","geometry":{"type":"LineString","coordinates":[[-119.592174886182,34.6199731890056],[-119.592093851592,34.6197131733566],[-119.591693130801,34.6195190656638],[-119.592409084508,34.618541291853],[-119.592328050632,34.618281275954],[-119.592647731718,34.6182153660392],[-119.592566697381,34.6179553502118],[-119.593043984842,34.6173034969121],[-119.592800882335,34.6165234490731],[-119.593039521663,34.6161975217303],[-119.592715390775,34.6151574563954],[-119.592954026247,34.6148315287338],[-119.592710932422,34.6140514785702],[-119.592949564499,34.6137255505179],[-119.592868533853,34.6134655336059],[-119.593345791047,34.6128136758288],[-119.593183729547,34.6122936418972],[-119.593422354203,34.6119677122438]]},"properties":{"segment_id":"ae773863d12a1ad7a10bbbbd","source_kmz":"santaynez","orientation":"unverified"}},{"type":"Feature","geometry":{"type":"LineString","coordinates":[[-119.701443148493,34.6059688784117],[-119.70136176113,34.6057089346778],[-119.701599909239,34.6053827818989],[-119.701437135239,34.6048628941792],[-119.701675280425,34.60453674094],[-119.701105585462,34.6027171302711],[-119.701343725437,34.6023909769298],[-119.701262342174,34.6021310320928],[-119.701500479682,34.6018048782194],[-119.700930808962,34.5999852611702],[-119.700529917433,34.599791522627],[-119.700367162398,34.5992716301839],[-119.700605294876,34.598945477098],[-119.700442541116,34.5984255842705],[-119.700680670669,34.5980994307237],[-119.700436542761,34.5973195907078],[-119.700674668934,34.5969934367717],[-119.700994169434,34.5969272288927],[-119.701232292047,34.5966010736773],[-119.700988163306,34.5958212335132],[-119.701464399759,34.5951689216996],[-119.701057524895,34.5938691861683],[-119.701295637822,34.5935430297128],[-119.700894778779,34.5933492910319],[-119.700650663709,34.5925694473373],[-119.701603094221,34.5912648193192],[-119.701358978587,34.590484975293],[-119.700557293898,34.5900974956275],[-119.700313192497,34.5893176484003]]},"properties":{"segment_id":"666dfefd719c2d18df5adee3","source_kmz":"santaynez","orientation":"unverified"}},{"type":"Feature","geometry":{"type":"LineString","coordinates":[[-119.709689619151,34.59318723002451],[-119.709288740922,34.5929935200759],[-119.709207340841,34.5927335780555],[-119.708806466172,34.5925398663537],[-119.70872506819,34.5922799238659],[-119.708324197081,34.5920862104109],[-119.708242801197,34.5918262674554],[-119.707841933649,34.5916325522472],[-119.707760539864,34.5913726088243],[-119.706557953924,34.5907914536871],[-119.70623848354,34.5908576772376],[-119.704234216095,34.5898890515786],[-119.703914747449,34.5899552688396],[-119.701910532503,34.5889866023295],[-119.701591065596,34.5890528133012],[-119.701190229089,34.5888590746643],[-119.700551294548,34.5889914918071],[-119.700313192497,34.5893176484003]]},"properties":{"segment_id":"a9ae52f3e101df127626e987","source_kmz":"santaynez","orientation":"unverified"}},{"type":"Feature","geometry":{"type":"LineString","coordinates":[[-119.479668749549,34.6345311066238],[-119.480069266528,34.6347255951511],[-119.480149939883,34.6349856839964],[-119.480950982991,34.63537465614341],[-119.481910521071,34.6351778418134],[-119.482311047044,34.635372322519],[-119.48263089245,34.6353067149001],[-119.483031420903,34.6355011931092],[-119.484310798954,34.635238749504],[-119.484711331283,34.6354332219704],[-119.48631054395,34.6351051422512],[-119.486711080619,34.6352996078927],[-119.487030921987,34.6352339882265],[-119.487431461137,34.6354284513714],[-119.487751302427,34.635362829743],[-119.488151844057,34.6355572903913],[-119.489431205645,34.6352947907486],[-119.489670338761,34.6349690814911],[-119.489990176248,34.6349034537022],[-119.490468433331,34.6342520320122],[-119.490868976041,34.6344464835864],[-119.491188810348,34.6343808524793],[-119.491589355538,34.6345753015568],[-119.492229023451,34.6344440345382],[-119.492468142142,34.6341183192503],[-119.492787973733,34.63405268374301],[-119.493188521246,34.6342471274099],[-119.494787673371,34.6339189312619],[-119.495026779653,34.6335932105502],[-119.496306085369,34.6333306350793],[-119.496784279479,34.6326791864133],[-119.497743743754,34.6324822415022],[-119.497982833132,34.632156514226],[-119.49926210502,34.6318939059794],[-119.500463768903,34.6324771675567],[-119.506220409869,34.6312951977756],[-119.506620976882,34.6314895959941],[-119.507580401315,34.6312925700651],[-119.507819445552,34.630966822238],[-119.508139251058,34.6309011444907],[-119.508378291729,34.6305753953796],[-119.509657502112,34.6303126728794],[-119.509896534564,34.6299869204511],[-119.510536133392,34.6298555525658],[-119.510936703798,34.6300499363001],[-119.512215896787,34.629787185642]]},"properties":{"segment_id":"1c5ca3ad54aff9f7d73df62a","source_kmz":"santaynez","orientation":"unverified"}},{"type":"Feature","geometry":{"type":"LineString","coordinates":[[-119.512215896787,34.629787185642],[-119.51317528582,34.6295901134091],[-119.513414301208,34.6292643535254],[-119.513252743103,34.6287442183748],[-119.515171485093,34.6283500485112],[-119.515649489358,34.6276985190795],[-119.515969274684,34.6276328196671],[-119.516208272243,34.6273070533644],[-119.516127485563,34.6270469872233],[-119.516366480643,34.62672122038601],[-119.516285694043,34.6264611541858],[-119.516763677232,34.625809618836]]},"properties":{"segment_id":"5e61480133ba5e9a17e9549d","source_kmz":"santaynez","orientation":"unverified"}},{"type":"Feature","geometry":{"type":"LineString","coordinates":[[-119.516763677232,34.625809618836],[-119.517002665805,34.6254838502518],[-119.517322440818,34.6254181469756],[-119.518123571783,34.6258068684108],[-119.518204363884,34.6260669335285],[-119.51860493394,34.6262612917909],[-119.518766522875,34.6267814209686],[-119.519167098048,34.6269757771504],[-119.519806656196,34.6268443580886],[-119.520045635142,34.6265185836538],[-119.519964836373,34.6262585199391],[-119.520203812841,34.6259327449698],[-119.523081760604,34.6253413052611],[-119.525084673548,34.6263129996035],[-119.52540444512,34.6262472742707],[-119.525805034216,34.6264416078121],[-119.526124805707,34.6263758805174],[-119.526525397281,34.6265702115616],[-119.527804479661,34.6263072892559],[-119.528043423233,34.6259814982724],[-119.528363190917,34.6259157648189],[-119.528602130925,34.625589972552],[-119.528921896514,34.6255242375411],[-119.529877630195,34.6242210597036],[-119.530197389035,34.6241553211028],[-119.530436315869,34.623829524451],[-119.531395584473,34.6236323013373],[-119.533398557643,34.6246038550088],[-119.533718315072,34.6245381068009],[-119.534118916212,34.6247324122078],[-119.53443867356,34.624666662038],[-119.534839277177,34.6248609649475],[-119.536118302982,34.6245979511421],[-119.536835006669,34.6236205235296],[-119.537154757107,34.6235547658465],[-119.537871438013,34.6225773307488],[-119.539470158773,34.6222485189756],[-119.541072585784,34.6230256552023],[-119.541392330155,34.6229598858801],[-119.541792942406,34.6231541653165],[-119.5430719163,34.6228910749019],[-119.543310784954,34.6225652514724],[-119.544589743936,34.6223021442727]]},"properties":{"segment_id":"405f377c8591e3d147bdd3b6","source_kmz":"santaynez","orientation":"unverified"}},{"type":"Feature","geometry":{"type":"LineString","coordinates":[[-119.693142055298,34.6240196433227],[-119.693060676845,34.6237596990087],[-119.6932989156,34.6234335696808],[-119.692159668321,34.6197943364927],[-119.692397898655,34.6194682075704],[-119.692316527497,34.6192082614286],[-119.692792981219,34.6185560019175],[-119.692467498395,34.6175162166111],[-119.692066537158,34.6173224527942],[-119.691415610199,34.6152428731871],[-119.69077644084,34.615375232971],[-119.690375494947,34.6151814628911],[-119.690294135103,34.6149215141062],[-119.689893192773,34.6147277422736],[-119.689649121178,34.6139478941242],[-119.689887344086,34.61362176820781],[-119.689236506912,34.6115421679275],[-119.688835584761,34.6113483917392],[-119.688754234128,34.6110884407768],[-119.688353315539,34.6108946628359],[-119.688271967006,34.6106347114068],[-119.688510185514,34.6103085870998],[-119.688103448764,34.6090088283385],[-119.687702542591,34.6088150477171],[-119.687621198435,34.6085550952347],[-119.688097626115,34.6079028471649],[-119.68801628159,34.60764289469441],[-119.687615382719,34.6074491134799],[-119.688330011075,34.6064707393033],[-119.688649561312,34.6064045658888],[-119.689125967063,34.6057523120672],[-119.689044621343,34.6054923596917],[-119.689282820746,34.6051662319468],[-119.689201475115,34.6049062795112],[-119.688800587464,34.6047125017748],[-119.688637900947,34.6041925958382],[-119.688876098062,34.6038664684515],[-119.688794755166,34.6036065153571],[-119.689114293166,34.6035403404608],[-119.689032949813,34.6032803874381],[-119.688632071015,34.6030866087732],[-119.68855072976,34.6028266552836],[-119.688788923034,34.6025005275794],[-119.68862624125,34.601980620348],[-119.688864431598,34.6016544921829],[-119.688457734421,34.6003547221558],[-119.688695920472,34.6000285937446],[-119.688207899162,34.59846886579101],[-119.688446080457,34.5981427372047],[-119.688364745028,34.5978827821559],[-119.688602923856,34.597556653037],[-119.687870925492,34.5952170523057],[-119.688109098191,34.5948909232257],[-119.687783777973,34.5938510975346],[-119.687382951191,34.5936573125493],[-119.686976320979,34.5923575257908],[-119.687214488644,34.5920313974959],[-119.686726547688,34.5904716494592],[-119.686325741074,34.5902778601156]]},"properties":{"segment_id":"06e7b9f5518dccf88850696c","source_kmz":"santaynez","orientation":"unverified"}},{"type":"Feature","geometry":{"type":"LineString","coordinates":[[-119.757496252637,34.5785585311209],[-119.757414705728,34.5782986185425],[-119.757652533002,34.5779723415812],[-119.757570986187,34.5777124289415],[-119.758046633804,34.5770598733512],[-119.757883539997,34.5765400479592],[-119.758121359886,34.5762137694013],[-119.757795177027,34.5751741173114],[-119.756993368437,34.5747870184744],[-119.756585667708,34.5734874470169],[-119.75618477418,34.5732938937896],[-119.756103237229,34.5730339787641]]},"properties":{"segment_id":"2da2fd8d7b7e575ce5f9a541","source_kmz":"santaynez","orientation":"unverified"}},{"type":"Feature","geometry":{"type":"LineString","coordinates":[[-119.74740563031,34.575671499156],[-119.747725002686,34.5756051618818],[-119.748125887023,34.5757987436524],[-119.748445259306,34.57573240441781],[-119.748683116527,34.5754061447889],[-119.752515522578,34.5746099973601],[-119.752753359177,34.5742837290306],[-119.753711443707,34.5740846703853],[-119.753949273646,34.5737583994281],[-119.754907348591,34.5735593308532],[-119.755145171869,34.5732330572683],[-119.756103237229,34.5730339787641]]},"properties":{"segment_id":"209f25df50d12de23c43ea0f","source_kmz":"santaynez","orientation":"unverified"}},{"type":"Feature","geometry":{"type":"LineString","coordinates":[[-119.545449165126,34.6163148872597],[-119.545849753134,34.6165091542168],[-119.545930628798,34.61676920283],[-119.546731813955,34.6171577318317],[-119.548330384924,34.6168287968577],[-119.548492154156,34.6173488903345],[-119.54889275517,34.6175431466357],[-119.54905452968,34.6180632389223],[-119.549455135809,34.6182574931415],[-119.549778697566,34.6192976748105],[-119.550579928273,34.6196861763364]]},"properties":{"segment_id":"4aeec66bd55e9e3ab3fcb74a","source_kmz":"santaynez","orientation":"unverified"}},{"type":"Feature","geometry":{"type":"LineString","coordinates":[[-119.881239380986,34.5458470251677],[-119.880527753495,34.5468266438541],[-119.88060968074,34.5470864794206],[-119.8801352515,34.5477395556756],[-119.880217178393,34.5479993912503],[-119.879979960319,34.5483259285454],[-119.880143814854,34.548845599436],[-119.879906593876,34.5491721362709],[-119.879268294082,34.5493055368178],[-119.879350219722,34.5495653725427],[-119.879112993188,34.5498919075001],[-119.879276845216,34.5504115786913],[-119.878957689939,34.5504782775886],[-119.878720458949,34.5508048114127],[-119.878802384336,34.5510646470835]]},"properties":{"segment_id":"dde65c38bff2a6dda248199c","source_kmz":"santaynez","orientation":"unverified"}},{"type":"Feature","geometry":{"type":"LineString","coordinates":[[-119.700313192497,34.5893176484003],[-119.699110694489,34.5887364152516],[-119.698947972265,34.5882165144273],[-119.698547146716,34.5880227665385],[-119.698384429782,34.58750286451501],[-119.697983609343,34.5873091145379],[-119.6978208977,34.5867892113152],[-119.697420082372,34.5865954592497],[-119.696781160079,34.5867278561015],[-119.696380347675,34.5865341004544],[-119.696298997784,34.5862741475675],[-119.69589818894,34.5860803901675],[-119.695816841147,34.585820436813],[-119.695416035862,34.5856266776602],[-119.69517200042,34.5848468157979],[-119.694771201797,34.5846530542214],[-119.694608517339,34.5841331449818],[-119.693806932322,34.5837456162349],[-119.693568817978,34.5840717609874],[-119.691971543788,34.5844026947853],[-119.69173341968,34.5847288355561],[-119.691413961651,34.584795019004],[-119.690699572623,34.5857734356641],[-119.690862234251,34.5862933493964],[-119.690624099643,34.5866194872169],[-119.69070543082,34.5868794439561],[-119.690467293746,34.5872055812435],[-119.689508884071,34.5874041180116],[-119.689270740335,34.5877302526682],[-119.688951267799,34.5877964291579],[-119.688713120502,34.5881225625347],[-119.688074170687,34.58825491152651],[-119.686645226109,34.5902116909911],[-119.686325741074,34.5902778601156]]},"properties":{"segment_id":"2d2a9c88aea7248c27110823","source_kmz":"santaynez","orientation":"unverified"}},{"type":"Feature","geometry":{"type":"LineString","coordinates":[[-119.846196921272,34.5512270458668],[-119.846434290807,34.550900578315],[-119.845779774154,34.5488217072138],[-119.845378785472,34.5486284549479],[-119.845215164906,34.5481087351635],[-119.844814181329,34.5479154808029],[-119.844732373422,34.547655620373],[-119.845207100935,34.5470026879973],[-119.845845440415,34.5468694733706],[-119.846794858997,34.5455635959977],[-119.846713046924,34.5453037362675],[-119.848308849983,34.5449706718909]]},"properties":{"segment_id":"26be160d340fe44b23ca9c2c","source_kmz":"santaynez","orientation":"unverified"}},{"type":"Feature","geometry":{"type":"LineString","coordinates":[[-119.488588549639,34.6194223560695],[-119.488989010771,34.6196168172747],[-119.489150386514,34.6201369912054],[-119.489550852762,34.6203314503311],[-119.489873616966,34.6213717952948],[-119.489634526775,34.6216975098626],[-119.489795911207,34.6222176817035],[-119.490596870528,34.6226065932197],[-119.491236441072,34.6224753298977],[-119.491636924684,34.6226697813703],[-119.491956709606,34.6226041473074],[-119.492357195697,34.6227985962837],[-119.492676980541,34.622732960259],[-119.495480442854,34.6240940559133],[-119.495561156972,34.6243541371718],[-119.495961661199,34.6245485734174],[-119.496042377411,34.6248086542127],[-119.496442885204,34.6250030887113],[-119.496604322359,34.625523249245],[-119.497405350194,34.625912112668],[-119.497486072688,34.6261721920738],[-119.498687634206,34.6267554756011],[-119.49932722534,34.6266241685968],[-119.500128278284,34.6270130128806],[-119.500767869102,34.6268816980284],[-119.501168399525,34.6270761158844],[-119.504686115275,34.6263538093793],[-119.505086652818,34.6265482139184],[-119.505406442363,34.626482543329],[-119.505806982385,34.6266769453714],[-119.506046019821,34.6263511995106],[-119.507005381933,34.6261541771835],[-119.507806468633,34.6265429690331],[-119.510684533971,34.6259518350602],[-119.510923548606,34.6256260789612],[-119.511243329375,34.6255603923314],[-119.512044431239,34.6259491553827],[-119.513643331567,34.625620698215],[-119.51484500643,34.6262038159501],[-119.516763677232,34.625809618836]]},"properties":{"segment_id":"3f7e65f8da02ecdc8a3cb4bd","source_kmz":"santaynez","orientation":"unverified"}},{"type":"Feature","geometry":{"type":"LineString","coordinates":[[-119.855714779773,34.5414860419086],[-119.856123976601,34.5427853132641],[-119.856524961837,34.5429785298882],[-119.856606804402,34.5432383834209],[-119.857408783983,34.5436248117344],[-119.858366219062,34.5434248876251],[-119.858767213211,34.5436180964065],[-119.859086357589,34.5435514521995],[-119.859487354193,34.5437446584792],[-119.860763928014,34.543478068547],[-119.861164928426,34.5436712690792],[-119.86180321294,34.5435379666834]]},"properties":{"segment_id":"7e82269006d9856fac0644d7","source_kmz":"santaynez","orientation":"unverified"}},{"type":"Feature","geometry":{"type":"LineString","coordinates":[[-119.808820707946,34.5784029306027],[-119.808657270063,34.5778831769807],[-119.808894879847,34.5775567955529],[-119.808493834376,34.5773634228279],[-119.808969050124,34.5767106596552],[-119.808560465982,34.5754112726639],[-119.80879806858,34.5750848905304],[-119.808552923324,34.5743052569565],[-119.808790522557,34.5739788744342],[-119.808708808116,34.573718996382],[-119.80965918318,34.5724134605511],[-119.809978488641,34.5723469527823],[-119.810216075842,34.5720205666437],[-119.812131887766,34.5716214975463],[-119.812933939359,34.5720082190736],[-119.813572540753,34.5718751846873],[-119.813810111339,34.5715487910634],[-119.81348319968,34.5705092892808],[-119.81395833121,34.5698565007951],[-119.813794876863,34.5693367493915],[-119.814507556402,34.5683575625697],[-119.814425828692,34.5680976868821],[-119.815138488827,34.5671184948491],[-119.815777046062,34.5669854476768],[-119.816014592327,34.566659047779],[-119.815442487011,34.564839919094],[-119.815041491105,34.5646465661019],[-119.814878040488,34.5641268131782],[-119.815115581769,34.5638004140628],[-119.815033856831,34.5635405374725],[-119.815508932472,34.5628877375753],[-119.815263758235,34.5621081074328],[-119.814862776936,34.56191475323411],[-119.814617612293,34.56113512088311],[-119.814936866938,34.5610685987138],[-119.81517439858,34.5607421983581],[-119.815493651124,34.5606756746369],[-119.815968705292,34.560022870769],[-119.815641813334,34.5589833615894],[-119.81611685586,34.5583305558776],[-119.816035133337,34.5580706783919],[-119.81627265114,34.5577442747025],[-119.816190928713,34.5574843971547],[-119.816665957401,34.5568315881089],[-119.816584234617,34.5565717105698],[-119.817296761258,34.5555924926913],[-119.817133314618,34.5550727376392],[-119.818090995364,34.5548731464996],[-119.818565991985,34.5542203278057],[-119.818402539718,34.5537005737286],[-119.818640034117,34.5533741636189],[-119.818239089647,34.5531808191187],[-119.817993918658,34.5524011862049],[-119.818468900923,34.5517483660907],[-119.818788113522,34.5516818326877],[-119.819025600097,34.5513554210521],[-119.820940854856,34.550956198155],[-119.822143679946,34.5515362010104],[-119.822782096523,34.5514031131967],[-119.823494497121,34.5504238517975],[-119.822922335987,34.548604726579],[-119.822521405532,34.5484113957495],[-119.822357938965,34.5478916438128],[-119.822595398847,34.5475652235217]]},"properties":{"segment_id":"51140794e7b0d1e7de766083","source_kmz":"santaynez","orientation":"unverified"}},{"type":"Feature","geometry":{"type":"LineString","coordinates":[[-119.652653874182,34.6382077482788],[-119.652572616991,34.6379477798646],[-119.652811070337,34.63762173822491],[-119.652729813233,34.637361769752],[-119.652968264108,34.6370357275809],[-119.653287970993,34.6369696531343],[-119.654957059909,34.6346873362994],[-119.655276755378,34.6346212562412],[-119.655515187051,34.634295207888],[-119.655834880421,34.6342291262744],[-119.656073308529,34.6339030766415],[-119.656392999799,34.6338369934726],[-119.658300339817,34.6312285692656],[-119.65821907097,34.6309686027756],[-119.658695884939,34.6303164908304],[-119.65861461572,34.6300565243536],[-119.659091420724,34.6294044101375],[-119.659411090805,34.6293383183842],[-119.659649488737,34.6290122596945],[-119.66092815738,34.6287478811843],[-119.661166547091,34.628421819187],[-119.66276486283,34.628091322886],[-119.663165806455,34.6282851849394],[-119.663485468421,34.6282190819587],[-119.66396222099,34.6275669465457],[-119.663880936949,34.6273069829418],[-119.664119309757,34.6269809144017],[-119.665078275385,34.6267825947112],[-119.665316641525,34.6264565235397],[-119.666595248497,34.6261920822728],[-119.666833606415,34.625866007794],[-119.667153255239,34.6257998946033],[-119.667391609593,34.62547381884491],[-119.667310316218,34.6252138570251],[-119.667548668103,34.624887780735],[-119.667386082076,34.6243678568455],[-119.667705724231,34.624301742034],[-119.667944071635,34.6239756646084],[-119.66826371169,34.6239095482418],[-119.66850205553,34.6235834695365],[-119.669780604074,34.623318992575],[-119.670733934486,34.6220146609027],[-119.670652633508,34.6217547004134],[-119.671129285731,34.6211025310984],[-119.671768536082,34.6209702796396],[-119.672483490021,34.6199920170838],[-119.672076971816,34.6186922164994],[-119.672315283482,34.6183661281329],[-119.673274121198,34.6181677392921],[-119.673512426197,34.6178416482944],[-119.673187205744,34.6168018084767],[-119.672786296552,34.6166079783453],[-119.672379791051,34.615308173941],[-119.673332978809,34.6140038094894],[-119.673652573021,34.6139376776514],[-119.673890863382,34.6136115843529],[-119.673809560625,34.6133516236401],[-119.674047848517,34.6130255298094],[-119.673966545849,34.6127655690368],[-119.674681396089,34.6117872841366],[-119.674600092592,34.6115273234478],[-119.674838371526,34.6112012273449],[-119.674350559279,34.6096414608796],[-119.673949684304,34.6094476332008],[-119.673787087699,34.6089277093231],[-119.673386217838,34.6087338795573],[-119.673223626524,34.6082139544834],[-119.671620179594,34.6074386185683],[-119.670981040882,34.6075708712002],[-119.670580185092,34.6073770315138],[-119.670417615503,34.6068571017514],[-119.670655897685,34.6065310124884],[-119.670574613253,34.6062710474813],[-119.670812892966,34.6059449576858],[-119.670011201099,34.6055572750417],[-119.669052511413,34.6057556398814],[-119.66865166987,34.6055617931868],[-119.668570393196,34.6053018265053],[-119.668169555215,34.6051079780586],[-119.667925733128,34.6043280762196],[-119.668402300913,34.6036759054223],[-119.668001471783,34.6034820560486],[-119.667838927727,34.6029621204473],[-119.668553764858,34.6019838623906],[-119.66887331347,34.6019177427435],[-119.669111586942,34.6015916548403],[-119.668949039395,34.6010717196907],[-119.668147407406,34.6006840221554],[-119.667903599493,34.5999041164337],[-119.66814187085,34.599578029778],[-119.66765426703,34.598018215206],[-119.668369060789,34.5970399528983],[-119.667962732425,34.5957401048686],[-119.6682009907,34.5954140165807],[-119.668119726208,34.5951540466507],[-119.668357982015,34.5948279578297],[-119.66787040379,34.5932681359092],[-119.668346903876,34.5926159573094],[-119.668265641834,34.5923559866704],[-119.668503888404,34.592029896535],[-119.668422626451,34.5917699258354],[-119.668660870553,34.5914438351668],[-119.668579608688,34.5911838644065],[-119.668817850323,34.5908577732046],[-119.66857406663,34.59007786034611],[-119.668812304881,34.5897517687533],[-119.668649784234,34.5892318263306],[-119.668888019559,34.5889057342756],[-119.668725500182,34.5883857914674],[-119.668963732581,34.5880596989502],[-119.66856298299,34.5878658481315],[-119.668075444527,34.5863060149568],[-119.66831367326,34.5859799230088],[-119.668069910029,34.5852000048531],[-119.668308135378,34.5848739125137],[-119.668145628373,34.5843539665588],[-119.668383850797,34.5840278737568],[-119.667327602567,34.5806482131007],[-119.667565817025,34.5803221206172],[-119.667484570527,34.5800621458672],[-119.667722782518,34.5797360528499],[-119.669639518706,34.5793393255839],[-119.670115918054,34.5786871296259],[-119.670754819545,34.57855487747071],[-119.670993013105,34.5782287772331]]},"properties":{"segment_id":"e80997766e937a81f7fd0d12","source_kmz":"santaynez","orientation":"unverified"}},{"type":"Feature","geometry":{"type":"LineString","coordinates":[[-119.686325741074,34.5902778601156],[-119.686006255492,34.5903440283613],[-119.684002254845,34.5893750549734],[-119.683363286619,34.5895073780076],[-119.682962493432,34.589313576914],[-119.682323523934,34.5894458942687],[-119.681521945418,34.5890582835015],[-119.681440642823,34.5887983210002],[-119.681039858129,34.5886045131555],[-119.680795958275,34.587824623854],[-119.680395180244,34.5876308135864],[-119.680313882937,34.5873708498867],[-119.678710797106,34.5865955933036],[-119.678071842793,34.58672788779861],[-119.676869552261,34.58614642398871],[-119.676550075658,34.586212566672],[-119.672542575714,34.5842742510387],[-119.672380041499,34.5837543106283],[-119.672856444932,34.5831021067084],[-119.672775177728,34.5828421364473],[-119.673489766438,34.5818638262458],[-119.673327230921,34.5813438857536],[-119.673565422224,34.5810177812858],[-119.673402887976,34.5804978404072],[-119.673002166442,34.5803040031841],[-119.672839637481,34.5797840611068],[-119.672038206644,34.5793963810686],[-119.671956946084,34.5791364091613],[-119.671155526382,34.5787487227846],[-119.670993013105,34.5782287772331]]},"properties":{"segment_id":"039406173ea1e3d3ac724130","source_kmz":"santaynez","orientation":"unverified"}},{"type":"Feature","geometry":{"type":"LineString","coordinates":[[-119.864583721586,34.5307714117724],[-119.86482929338,34.5315509657601],[-119.864354826217,34.5322039893158],[-119.864035733172,34.5322706487825],[-119.863324012761,34.5332501775751],[-119.863487723524,34.5337698806782],[-119.863250478481,34.5340963892112],[-119.863332334236,34.5343562406326],[-119.86309508674,34.5346827486334],[-119.862775982389,34.5347494044688],[-119.86253873134,34.5350759111934],[-119.862219624889,34.535142565478],[-119.861745113683,34.5357955757723],[-119.860149557674,34.5361288272983],[-119.859748598881,34.5359356216332],[-119.859511331422,34.5362621217656],[-119.859192217472,34.5363287676829],[-119.85895494646,34.5366552665392],[-119.858635830409,34.5367219109055],[-119.858398555845,34.5370484084857],[-119.858079437694,34.5371150513011],[-119.85713031321,34.5384210329005],[-119.857531278343,34.5386142470187],[-119.857613119672,34.5388741011253],[-119.857293993316,34.5389407416556],[-119.857056706286,34.5392672356898],[-119.856737577829,34.5393338746691],[-119.856500287246,34.5396603674271],[-119.856582126219,34.5399202219498],[-119.855870241101,34.5408996968192],[-119.85555110489,34.5409663324316],[-119.855714779773,34.5414860419086]]},"properties":{"segment_id":"380e1fa65780144b79a2a6d1","source_kmz":"santaynez","orientation":"unverified"}},{"type":"Feature","geometry":{"type":"LineString","coordinates":[[-119.756103237229,34.5730339787641],[-119.756021700827,34.572774063606],[-119.756497331146,34.5721215107196],[-119.756415794381,34.5718615955711],[-119.757367029124,34.5705564828395],[-119.757122416655,34.5697767374511],[-119.757360218959,34.5694504579723],[-119.757115610057,34.5686707116031],[-119.758073613835,34.568471615914],[-119.758311408115,34.5681453340207],[-119.758950071459,34.5680125978205],[-119.759663432955,34.5670337444707],[-119.759982759151,34.5669673730294],[-119.76069609794,34.5659885122229],[-119.761334739384,34.5658557626576],[-119.761735607249,34.5660492998166],[-119.76237424741,34.5659165445743],[-119.762849781973,34.5652639607972],[-119.76316909813,34.5651975805095],[-119.763644621567,34.5645449929687],[-119.764602557443,34.5643458427885],[-119.765404295881,34.5647328939041],[-119.765723607654,34.5646665065903],[-119.766124480336,34.5648600289385],[-119.767401723763,34.5645944665731],[-119.768114946787,34.5636155578366],[-119.768434251621,34.5635491630261],[-119.768671987067,34.5632228582322],[-119.768991289801,34.563156461869],[-119.769392162833,34.5633499733253],[-119.769629893626,34.563023666508],[-119.769548322326,34.5627637578812],[-119.769786050659,34.5624374505311],[-119.769704479452,34.5621775418424],[-119.769942205325,34.5618512339596],[-119.769779063647,34.56133141632541],[-119.770492226503,34.5603524894806],[-119.770811515828,34.5602860879252],[-119.771762365357,34.5589808409835],[-119.771680791155,34.5587209326667],[-119.772156202979,34.5580683057155],[-119.771911480936,34.5572885803924],[-119.772149182476,34.5569622662237],[-119.772067609103,34.5567023575876],[-119.772305308184,34.55637604288601],[-119.772142162174,34.5558562253564],[-119.771741321094,34.5556627217137],[-119.771578180377,34.5551429029791],[-119.770776510435,34.5547558900918],[-119.770694944,34.5544959798518],[-119.769492458777,34.5539154488727],[-119.769003099587,34.5523559785806],[-119.770191572798,34.5507244222583],[-119.769946893783,34.549944686376],[-119.770184581046,34.5496183735118],[-119.770103022016,34.5493584613555],[-119.77057838962,34.5487058339565],[-119.770089041492,34.5471463590712],[-119.77032671956,34.5468200448891],[-119.770245163002,34.5465601320129],[-119.770958183814,34.5455811860544],[-119.770713513337,34.5448014472615],[-119.771351962716,34.5446686397387],[-119.771433520998,34.5449285523955],[-119.772635881119,34.5455090692544],[-119.7727174446,34.5457689807679],[-119.773519031137,34.5461559842416],[-119.774476713925,34.54595674892541],[-119.775189675639,34.544977776453],[-119.775828118789,34.5448449444723]]},"properties":{"segment_id":"41a1794022d08110af0619dd","source_kmz":"santaynez","orientation":"unverified"}},{"type":"Feature","geometry":{"type":"LineString","coordinates":[[-119.828036536571,34.5259384022657],[-119.828437364385,34.5261317190574],[-119.828519094828,34.5263915972208],[-119.829721594936,34.526971538068],[-119.830130278633,34.5282709218151],[-119.830531123757,34.5284642309043],[-119.830939828928,34.5297636096213],[-119.831340683806,34.5299569156032],[-119.831422428037,34.530216790608],[-119.831823286468,34.5304100948331],[-119.831905032798,34.5306699693666],[-119.832305894781,34.5308632718348],[-119.832387643211,34.5311231458971],[-119.833189376285,34.5315097459004],[-119.833271128365,34.5317696191538],[-119.833671999456,34.5319629166889],[-119.833917263639,34.5327425346345],[-119.834318141384,34.5329358297374],[-119.834645174184,34.5339753171104],[-119.835046060132,34.5341686094436],[-119.835127821255,34.5344284806152],[-119.835929602262,34.5348150603483],[-119.836011367035,34.5350749307111],[-119.835774002072,34.5354013828918],[-119.838179409047,34.5365610904658],[-119.838498542044,34.5364945020239],[-119.839300361295,34.5368810576968],[-119.83993862745,34.5367478738528],[-119.840740456519,34.5371344195211],[-119.841059589677,34.5370678241191],[-119.841141374058,34.5373276902261],[-119.841542293599,34.5375209595116],[-119.843137958415,34.5371879629073],[-119.843538882219,34.5373812253646],[-119.843620675256,34.5376410896421],[-119.844422531973,34.5380276096227],[-119.844741665645,34.5379610042194],[-119.845142597459,34.5381542609987],[-119.845461731034,34.538087653636],[-119.845862665302,34.538280907914],[-119.84618179878,34.5382142985918],[-119.848587449154,34.5393737879589],[-119.848669261252,34.5396336481133],[-119.849070211541,34.53982689103501],[-119.849152025739,34.540086750718],[-119.849552979581,34.54027999188241],[-119.849880248072,34.54131942792831],[-119.85068217417,34.5417059032965],[-119.851320460529,34.5415726579322],[-119.851557778831,34.5412461764105],[-119.851876919635,34.5411795517384],[-119.852114234384,34.5408530689405],[-119.852433373087,34.5407864427173],[-119.852670684283,34.5404599586431],[-119.853308956939,34.5403267022168],[-119.855714779773,34.5414860419086]]},"properties":{"segment_id":"25276bd6295f236734ea3ec4","source_kmz":"santaynez","orientation":"unverified"}},{"type":"Feature","geometry":{"type":"LineString","coordinates":[[-119.588073085961,34.5740520435728],[-119.588712089213,34.5739202396564],[-119.589112566269,34.5741143674294],[-119.591029565723,34.5737189280932],[-119.591430047553,34.5739130479617],[-119.592708038142,34.5736493998301],[-119.594710486656,34.5746199563066],[-119.595349483288,34.5744881161515],[-119.595749979942,34.5746822210364],[-119.598305948368,34.5741548166018],[-119.598706450716,34.5743489114189],[-119.599025944779,34.5742829808273],[-119.599426449597,34.574477073147],[-119.600704422242,34.5742133376643],[-119.601905954282,34.5747955931498],[-119.602225447462,34.574729653837],[-119.602625962622,34.5749237350855],[-119.603903931736,34.5746599647176],[-119.604142395103,34.5743339995002],[-119.605420349301,34.5740702123618],[-119.605658804458,34.5737442438324],[-119.605577772973,34.5734842241532],[-119.60581622566,34.5731582550885],[-119.605654163404,34.5726382154754],[-119.606369506646,34.5716603050689],[-119.607008458948,34.5715284006758],[-119.607089493194,34.57178841993161],[-119.607408969533,34.571722466214],[-119.60812428212,34.5707445440541],[-119.608763223865,34.5706126299232],[-119.609001654275,34.5702866533051],[-119.60932112278,34.5702206942447],[-119.609559549631,34.5698947163442],[-119.61051794723,34.5696968318601],[-119.610918457136,34.5698908857586],[-119.611237922372,34.5698249214244],[-119.611638434747,34.5700189728254],[-119.612596828567,34.5698210713049],[-119.612997344332,34.5700151180454],[-119.613955734626,34.5698172053699]]},"properties":{"segment_id":"117e876bac9a60553ff3232f","source_kmz":"santaynez","orientation":"unverified"}},{"type":"Feature","geometry":{"type":"LineString","coordinates":[[-119.640664614943,34.60636693590701],[-119.640583431538,34.6061069499974],[-119.640821837235,34.6057809213319],[-119.640740653916,34.6055209353624],[-119.640979057144,34.6051949061638],[-119.640816691225,34.6046749339731],[-119.641531886087,34.60369684317801],[-119.641125973956,34.602396911471],[-119.641364365925,34.6020708803538],[-119.641283184678,34.601810893689],[-119.640882433229,34.6016169508678],[-119.640801254079,34.6013569637369],[-119.641039644211,34.60103093290531],[-119.641359212401,34.6009648884571],[-119.64207436608,34.59998679030541],[-119.641749643569,34.5989468424195],[-119.642226398962,34.59829477453211],[-119.641739326063,34.5967348496095],[-119.64133859978,34.5965409072576],[-119.641257424425,34.5962809189751],[-119.641495796984,34.5959548853706],[-119.641414621716,34.5956948970276],[-119.641652991804,34.5953688628895],[-119.641571816623,34.595108874486],[-119.640369670345,34.5945270404028],[-119.640207330926,34.5940070611928],[-119.639806622622,34.5938131129959],[-119.639644288488,34.5932931325896],[-119.640359392905,34.5923150365821],[-119.639953560234,34.5910150843286],[-119.640430281869,34.5903630180102],[-119.640105621882,34.5893230544044],[-119.640343977849,34.5889970206221],[-119.639938162849,34.5876970635046],[-119.639537487918,34.5875031130195],[-119.63937516884,34.5869831285803],[-119.64009021831,34.5860050273368],[-119.640409725217,34.5859389843803],[-119.640247403557,34.5854190002455],[-119.63944607776,34.5850310989944],[-119.638796837757,34.5829511518241],[-119.638396190278,34.5827571963958],[-119.638315039283,34.5824972020712],[-119.63855338176,34.5821711694589],[-119.637904189775,34.58009121068],[-119.638380861353,34.5794391447737],[-119.638137420607,34.5786591584795],[-119.638375752004,34.5783331248309],[-119.638294605721,34.5780731292064],[-119.637493365829,34.5776852113722],[-119.637006518188,34.5761252308355],[-119.636205304937,34.5757373033178],[-119.636124168673,34.5754773054301],[-119.635723566611,34.5752833392118],[-119.635642432443,34.5750233408572],[-119.634841237449,34.5746354035017],[-119.634202306972,34.5747674597359],[-119.633801713407,34.5745734867702],[-119.63348224781,34.5746395124873],[-119.632681067626,34.5742515601435],[-119.632361602402,34.57431758281841],[-119.631961015784,34.5741236034402],[-119.631002618216,34.5743216629467],[-119.6307642681,34.5746476830094],[-119.630444799603,34.5747137004109],[-119.629643633888,34.5743257272587],[-119.629324165764,34.574391741618],[-119.62892358638,34.5741977518358],[-119.628284649416,34.5743297757545],[-119.626682355648,34.5735537938095],[-119.626601253687,34.57329378867071],[-119.623396775004,34.5717417541217],[-119.621799455645,34.5720717326287],[-119.62139890715,34.5718777165292],[-119.620759976509,34.5720096996165],[-119.620283202172,34.5726616990051],[-119.619963732934,34.5727276878777],[-119.618361555842,34.5719515903639],[-119.618037269873,34.5709115440371],[-119.618990826798,34.5696075586216],[-119.61890975483,34.569347546992],[-119.61810870256,34.568959492367],[-119.618027634236,34.5686994799361],[-119.617627112664,34.5685054501648],[-119.617546046435,34.5682454372671],[-119.617145528423,34.568051405745],[-119.616902337655,34.5672713652556],[-119.616501826301,34.5670773313135]]},"properties":{"segment_id":"6f8b53a6bbc6132225aceb24","source_kmz":"santaynez","orientation":"unverified"}},{"type":"Feature","geometry":{"type":"LineString","coordinates":[[-119.530072699451,34.58544560011951],[-119.529672312,34.5852512723574],[-119.529591523974,34.584991203376]]},"properties":{"segment_id":"2bf4d67948146e5f591ab6d4","source_kmz":"santaynez","orientation":"unverified"}},{"type":"Feature","geometry":{"type":"LineString","coordinates":[[-119.763043921066,34.5322759687819],[-119.763444619263,34.53246950739111],[-119.763689177511,34.5332492722731],[-119.764089882361,34.5334428084539],[-119.764660548286,34.5352622528222],[-119.764422881823,34.5355885597208],[-119.764667459785,34.5363683198044],[-119.763954444281,34.5373472375067],[-119.764362078353,34.5386468360348],[-119.764762812836,34.5388403687251]]},"properties":{"segment_id":"cf720714433e9e1524cd5ca6","source_kmz":"santaynez","orientation":"unverified"}},{"type":"Feature","geometry":{"type":"LineString","coordinates":[[-119.723587041136,34.5485030467322],[-119.724300670098,34.5475243880535],[-119.723812262223,34.54596471726801],[-119.724287999364,34.5453122759696],[-119.724206599054,34.5450523305142],[-119.723805933874,34.544858659945],[-119.722991976349,34.5422591947165],[-119.72322983799,34.5419329746785],[-119.723549091829,34.54186670101641],[-119.723786949914,34.5415404796986],[-119.723542767577,34.5407606385681],[-119.724256325697,34.5397819716176],[-119.724093537472,34.5392620772866],[-119.723692902555,34.5390684050645],[-119.723611510812,34.5388084573633]]},"properties":{"segment_id":"c0e8d30aa329553728547ada","source_kmz":"santaynez","orientation":"unverified"}},{"type":"Feature","geometry":{"type":"LineString","coordinates":[[-119.477406544234,34.5943290711939],[-119.479808392702,34.5954960796847],[-119.480128075276,34.5954304760153],[-119.481329028091,34.5960139579259],[-119.481648711516,34.5959483501324],[-119.482049033614,34.5961428401929],[-119.482688399764,34.596011619804],[-119.484289712008,34.5967895572527],[-119.484370359978,34.597049654121],[-119.486608144465,34.5965903233551],[-119.48740882227,34.5969792677883],[-119.48804818624,34.5968480181831],[-119.488448529092,34.5970424861154],[-119.488687548039,34.5967167650591],[-119.49220399913,34.5959948099772],[-119.492920992753,34.595017620793],[-119.493560331144,34.594886340729],[-119.493799321892,34.5945606084307],[-119.494118988724,34.5944949664013],[-119.494357975909,34.5941692328179],[-119.494677640649,34.5941035892309],[-119.495155605879,34.59345211888671],[-119.494913566018,34.5926718471064],[-119.495152544221,34.5923461112355],[-119.4949911861,34.5918259295343],[-119.494590853802,34.591631482897],[-119.494348825339,34.59085120836291],[-119.494587800294,34.5905254729863],[-119.493861740036,34.5881846429363],[-119.494578640295,34.5872074350678],[-119.494417296756,34.58668724959221],[-119.494656258555,34.5863615125623],[-119.494414245926,34.5855812335762],[-119.49465320432,34.5852554961503],[-119.494491864352,34.5847353096443],[-119.495447674087,34.5834323544305],[-119.49576729352,34.5833667070749],[-119.49672306485,34.5820637394307],[-119.496561717619,34.5815435539297],[-119.498159765598,34.5812152924189],[-119.498560052948,34.581409729084],[-119.498879661379,34.5813440730619],[-119.499118587873,34.5810183249579],[-119.49903790702,34.5807582336242],[-119.499515753041,34.5801067357346],[-119.500154956969,34.5799754173885],[-119.500555242918,34.58016984748411],[-119.500874844531,34.5801041859105],[-119.50095553088,34.5803642761653],[-119.502553535838,34.5800359540961],[-119.502953828131,34.5802303759566],[-119.503273427958,34.580164707823],[-119.503673722727,34.5803591271879],[-119.503993322474,34.5802934570935],[-119.504393619719,34.5804878739628],[-119.504713219388,34.5804222019076],[-119.505513820842,34.5808110292403],[-119.506792217797,34.5805483235744],[-119.508393452271,34.581325943966],[-119.509671847955,34.5810632069276],[-119.510472480974,34.5814519999861],[-119.511431274816,34.5812549314849],[-119.511831595735,34.5814493226484],[-119.51215119306,34.5813836303077],[-119.51335216928,34.5819667920672],[-119.51391729246,34.5837873569384],[-119.513439545028,34.584438911071],[-119.51440837841,34.5875598661401],[-119.514808739452,34.5877542457293],[-119.514889480646,34.5880143241317],[-119.515690211867,34.5884030783999],[-119.515770956704,34.5886631560046],[-119.516171326882,34.5888575306836],[-119.516252073812,34.58911760782381],[-119.516652447553,34.5893119807549],[-119.518570193757,34.5889177378182],[-119.51897057229,34.5891121028459],[-119.519290195219,34.58904639153],[-119.519529059526,34.5887206044762],[-119.520807539613,34.588457747707],[-119.521046395709,34.5881319573361],[-119.521685629394,34.5880005223193],[-119.521924480378,34.5876747299864],[-119.526399033631,34.5867545768807],[-119.52679942064,34.5869489155386],[-119.527119027975,34.5868831826392],[-119.527519417459,34.5870775188008],[-119.527839024713,34.5870117839406],[-119.528081379071,34.5877919923678],[-119.52848177568,34.587986325033],[-119.528801385872,34.5879205876058],[-119.52904020663,34.5875947806921],[-119.529359814729,34.5875290417079],[-119.529837447107,34.5868774247052],[-119.52935271358,34.5853170123639],[-119.529591523974,34.584991203376]]},"properties":{"segment_id":"feb0a87e58962b3689dddc3f","source_kmz":"santaynez","orientation":"unverified"}},{"type":"Feature","geometry":{"type":"LineString","coordinates":[[-119.670993013105,34.5782287772331],[-119.670911757285,34.5779688042591],[-119.671149948378,34.5776427034876],[-119.670824928731,34.576602810554],[-119.670023540957,34.5762151153098],[-119.669536046479,34.5746552679222],[-119.669774233168,34.5743291687479],[-119.669286755604,34.5727693170265],[-119.66976311746,34.5721171177127],[-119.671040810922,34.5718526118032],[-119.67095956164,34.5715926370072],[-119.671197732897,34.5712665338108],[-119.670797064715,34.5710726870183],[-119.670477645182,34.5711388142048],[-119.670076979467,34.5709449649137],[-119.669995734378,34.5706849891827],[-119.669595072222,34.5704911381394],[-119.669275654062,34.5705572620807],[-119.668073681018,34.569975697204],[-119.667754263686,34.5700418170215],[-119.666151662908,34.5692663730225],[-119.665664290304,34.5677064973316],[-119.665263654432,34.5675126307783],[-119.665182429125,34.5672526506982],[-119.664381166505,34.5668649126706],[-119.664061758863,34.5669310226171],[-119.663260505192,34.5665432767588],[-119.663179287636,34.5662832950027],[-119.663893844735,34.5653050253893],[-119.663731408513,34.5647850619036],[-119.662128956971,34.5640095581191],[-119.661809559194,34.5640756621161],[-119.661408951788,34.5638817815464],[-119.661089553923,34.5639478835831],[-119.66028834605,34.5635601160302],[-119.660207141616,34.5633001313366],[-119.659806542241,34.5631062450998],[-119.659725339903,34.5628462599387],[-119.659324744086,34.5626523719499],[-119.659081144994,34.56187241466671],[-119.658680555836,34.5616785242556],[-119.65859935878,34.5614185378946],[-119.658198773179,34.5612246457315],[-119.658036383804,34.560704671942],[-119.657635803311,34.5605107776919],[-119.657473419219,34.5599908027024],[-119.657072843834,34.5597969063652],[-119.656829276437,34.55901694188241],[-119.657067468539,34.55869086291191],[-119.65658034573,34.5571309307936],[-119.656260971612,34.5571970201217],[-119.655459857859,34.556809216493],[-119.655140484111,34.5568753027795],[-119.654739930705,34.5566813977587],[-119.654577574114,34.5561614165041],[-119.654815766914,34.5558353410814],[-119.654734588979,34.5555753503257],[-119.65433404332,34.5553814436289],[-119.65425286748,34.5551214524056],[-119.653852325379,34.5549275439569],[-119.653771151634,34.5546675522659],[-119.652569542025,34.5540858174148],[-119.652488373474,34.55382582458561],[-119.651687313539,34.5534379935982],[-119.651606148633,34.5531779999662],[-119.650805099829,34.5527901626421],[-119.650723938566,34.5525301682072],[-119.649922900892,34.5521423245465],[-119.649603541681,34.5522083960318],[-119.649203026313,34.5520144709954],[-119.648964821621,34.5523405363666],[-119.648326099381,34.5524726731869],[-119.647611463961,34.5534508616107],[-119.647292097374,34.553516926675],[-119.646891581027,34.55332299399341],[-119.646485843133,34.5520230076699],[-119.646085336541,34.551829071896],[-119.646004192147,34.5515690738987],[-119.645046109937,34.55176725368371],[-119.64409321209,34.5530714779648],[-119.644174351637,34.5533314768509],[-119.643535613035,34.5534635873117],[-119.64313510638,34.55326964173],[-119.642972834946,34.5527496423445],[-119.642572333398,34.5525556946762],[-119.642410067244,34.55203569409071],[-119.642009570803,34.5518417443358],[-119.641928440093,34.5515817435092],[-119.641527947209,34.5513877920028],[-119.641365690523,34.5508677892821],[-119.639363271714,34.5498980071533],[-119.639282151936,34.5496380039188],[-119.638881675747,34.5494440429088],[-119.639596384523,34.5484659035209],[-119.639915736831,34.5483998591356],[-119.640153967525,34.548073810785],[-119.64111201653,34.5478756703293],[-119.6415884626,34.5472235677541],[-119.641907808079,34.5471575178263],[-119.641664433346,34.5463775106226],[-119.640863504784,34.5459896021085],[-119.640701263884,34.5454695953026],[-119.6411776986,34.544817492636],[-119.6414970345,34.5447514436529],[-119.641735247298,34.5444253907346],[-119.642054581104,34.5443593401969],[-119.642530997579,34.5437072311903],[-119.642449873646,34.5434472283436],[-119.641648971477,34.5430593239379],[-119.641010313358,34.5431914221089],[-119.639808977913,34.5426095483909],[-119.638850990774,34.5428076793278],[-119.638450551017,34.54261371534571],[-119.638212329956,34.5429397622261],[-119.637573666957,34.5430718416101],[-119.63677279312,34.5426839035807],[-119.636691689608,34.5424238964322],[-119.63629125725,34.542229924958],[-119.636210155832,34.5419699173418],[-119.636448382344,34.5416438741914],[-119.636367281013,34.5413838665125],[-119.636605505058,34.5410578228257],[-119.636524403813,34.5407978150842],[-119.636762625392,34.5404717708611],[-119.6343601209,34.5393079196694],[-119.633792489278,34.53748784817691],[-119.634030712178,34.5371618083119],[-119.63313876853,34.5343016835981]]},"properties":{"segment_id":"2045faee4f2ac623b7af34b4","source_kmz":"santaynez","orientation":"unverified"}},{"type":"Feature","geometry":{"type":"LineString","coordinates":[[-119.62451257135,34.5349780269313],[-119.627067032228,34.5344499693672],[-119.627867772193,34.5348379775995],[-119.629464297127,34.5345079022589],[-119.629864672416,34.53470189884611],[-119.630183976227,34.5346358800614],[-119.631785499289,34.535411847925],[-119.632424108948,34.535279799072]]},"properties":{"segment_id":"552746b29bc831a350b29cfc","source_kmz":"santaynez","orientation":"unverified"}},{"type":"Feature","geometry":{"type":"LineString","coordinates":[[-119.703682266116,34.5620448081625],[-119.703281564319,34.5618510708473],[-119.703200217195,34.5615911155851],[-119.702799518955,34.5613973765167],[-119.702718173928,34.5611374207861],[-119.702317479246,34.5609436799646],[-119.702073452094,34.5601638109701],[-119.701272078052,34.5597763230604],[-119.700952731228,34.5598425344508],[-119.700790057401,34.5593226193756],[-119.700389376948,34.5591288715416],[-119.700308042404,34.5588689134694],[-119.699506690619,34.5584814128778],[-119.699344029372,34.5579614949927],[-119.698542691815,34.5575739873888],[-119.698223351746,34.5576401914769],[-119.697422023131,34.55725267604051],[-119.697340700531,34.556992715353],[-119.69613872731,34.5564114305615],[-119.695900706929,34.5567375900579],[-119.695262028629,34.5568699830259],[-119.694460722825,34.5564824469272],[-119.694298099693,34.555962520844],[-119.693496808116,34.5555749777335],[-119.692538798073,34.5557735463998],[-119.692138156667,34.5555797694742],[-119.691894249047,34.5547998745059],[-119.691092981555,34.5544123143888],[-119.691011683208,34.5541523484628],[-119.690611054021,34.5539585659428],[-119.69052975777,34.5536985995485],[-119.690129132141,34.5535048152757],[-119.68917113909,34.5537033567673],[-119.687568662128,34.5529281925265],[-119.687092568535,34.5535804785194],[-119.686453901228,34.5537128237676],[-119.686215848322,34.5540389645055],[-119.685896512299,34.5541051351364],[-119.68549589617,34.5539113350514],[-119.685176560058,34.5539775037223],[-119.684775946394,34.5537837011387],[-119.684137273446,34.5539160336821],[-119.683736662704,34.5537222275185],[-119.683417325868,34.55378839139101],[-119.68301671759,34.5535945827288],[-119.682697380665,34.5536607446413],[-119.682296774851,34.5534669334806],[-119.681977437838,34.5535330934332],[-119.681176233147,34.5531454646977],[-119.680537559311,34.5532777776414],[-119.679736364479,34.5528901389121],[-119.679655105891,34.5526301646336],[-119.679254513035,34.5524363428079],[-119.679092000598,34.5519163931821],[-119.677890243371,34.5513349171897],[-119.677727742416,34.5508149650201],[-119.678203897941,34.5501627151945],[-119.678122647368,34.5499027390512],[-119.677321499584,34.549515082275],[-119.677002174627,34.54958122891131],[-119.676920928702,34.5493212517614],[-119.676119792961,34.5489335864835],[-119.675800469377,34.5489997298757],[-119.67563798737,34.54847977343],[-119.675876067759,34.5481536522246],[-119.675794827117,34.547893673873],[-119.675394268454,34.5476998377665],[-119.675074949342,34.54776597926581],[-119.674674393144,34.547572140661],[-119.674035754196,34.5477044188615],[-119.673635200921,34.5475105766772],[-119.673391505246,34.54673063598051],[-119.672590414012,34.5463429453481],[-119.672509186311,34.5460829641794],[-119.671708106203,34.5456952672085],[-119.671220770051,34.5441353733835],[-119.670901462082,34.5442015037311],[-119.670820242304,34.5439415207596],[-119.670419716563,34.5437476667189],[-119.670013633604,34.5424477481928],[-119.669613117616,34.5422538910577],[-119.669531904211,34.5419939066187],[-119.666327860944,34.5404429958503],[-119.66502871895,34.5362831838204],[-119.663426844612,34.5355076729615],[-119.66334565907,34.5352476822386],[-119.663821840025,34.5345954796366],[-119.664779661538,34.5343971419121],[-119.665017744359,34.5340710376752],[-119.66493655498,34.533811047637],[-119.665174635337,34.53348494286391],[-119.666451706646,34.5332204756723],[-119.666927848951,34.532568258903],[-119.666603075345,34.5315283015019],[-119.666202624412,34.5313344302727],[-119.666040243979,34.53081445010341],[-119.666278310467,34.530488341974],[-119.666197120612,34.5302283517597],[-119.666435184636,34.5299022430941],[-119.665704496362,34.5275623258097],[-119.667370859529,34.5252795525724]]},"properties":{"segment_id":"ef3cf836b5cb1f88d72ac537","source_kmz":"santaynez","orientation":"unverified"}},{"type":"Feature","geometry":{"type":"LineString","coordinates":[[-119.529591523974,34.584991203376],[-119.529510736492,34.5847311342632],[-119.529749544411,34.5844053247389],[-119.529587970151,34.5838851862601],[-119.529826775133,34.5835593762702],[-119.529745988355,34.5832993069042],[-119.529984790862,34.5829734963779],[-119.529823218012,34.5824533573927],[-119.531017195736,34.5808242963627],[-119.530936407812,34.5805642270255],[-119.53189513848,34.5803669903188],[-119.532295506229,34.5805613115205],[-119.533254233394,34.5803640636553],[-119.534054977705,34.5807526953259],[-119.534374553265,34.5806869421159],[-119.534774928901,34.5808812547475],[-119.535414079315,34.5807497435267],[-119.535814457888,34.5809440525807],[-119.536773180822,34.5807467759101],[-119.537173562794,34.5809410803049],[-119.537493136481,34.5808753185746],[-119.537731898864,34.5805494913251],[-119.539968888606,34.5800891298492],[-119.541570447062,34.580866295683],[-119.542209585796,34.5807347472674],[-119.543642008089,34.5787797165058],[-119.543961567344,34.5787139369154],[-119.544200295803,34.5783880956542],[-119.545478521188,34.5781249657901],[-119.546194675903,34.5771474302389],[-119.546833776037,34.5770158559677],[-119.547634553911,34.5774043959745],[-119.548273653719,34.5772728138607],[-119.548751063394,34.5766211120509],[-119.54867022023,34.5763610537642],[-119.548908921589,34.5760352020196],[-119.548828078506,34.5757751436716],[-119.549305474265,34.5751234385032],[-119.549625013596,34.5750576431455],[-119.550341087501,34.5740800788104],[-119.550660621641,34.5740142805419],[-119.550899307371,34.5736884238729],[-119.551218839417,34.573622624048],[-119.551696201745,34.5729709075352],[-119.551534503787,34.572450792783],[-119.55177318101,34.5721249337571],[-119.551692332385,34.5718648762538],[-119.552169679875,34.5712131565224],[-119.553128240463,34.5710157434338],[-119.554082892722,34.5697122885635],[-119.553597777661,34.5681519469452],[-119.554313737429,34.5671743506857],[-119.553990332721,34.5661341211469],[-119.553589985154,34.5659398711919],[-119.553828633628,34.5656140055865],[-119.553505241967,34.56457377288351],[-119.552704567431,34.5641852675516],[-119.552462038686,34.5634050896364],[-119.552939327488,34.56275336057621],[-119.55325881263,34.5626875543622],[-119.552692917748,34.5608671370062],[-119.55340882153,34.559889538304],[-119.554686709929,34.5596263021879],[-119.554925334308,34.5593004320313],[-119.555564272148,34.5591688073445],[-119.555802891419,34.5588429352268],[-119.556441823988,34.5587113056694],[-119.557396268577,34.5574078057114],[-119.55731541643,34.5571477478079],[-119.55779262574,34.5564959943267],[-119.558112080912,34.556430174369],[-119.558827875156,34.5554525375631],[-119.558666165867,34.5549324224638],[-119.558904759005,34.5546065424542],[-119.558743050967,34.5540864269665],[-119.559062495381,34.5540206042297],[-119.558981641173,34.5537605464897],[-119.559697399729,34.5527829014169],[-119.55961654468,34.5525228437546],[-119.559855126384,34.5521969609193],[-119.559450856985,34.5508966709756],[-119.55992800975,34.5502449041823],[-119.559847156578,34.5499848459369],[-119.560085729485,34.5496589616993],[-119.559843171846,34.5488787863796],[-119.560081741359,34.5485529017443],[-119.559677487191,34.5472526072503],[-119.560955145549,34.5469892987757],[-119.561193704553,34.5466634111741]]},"properties":{"segment_id":"cb4bf558f7fd6ae48039b96d","source_kmz":"santaynez","orientation":"unverified"}},{"type":"Feature","geometry":{"type":"LineString","coordinates":[[-119.703991722349,34.5163036922308],[-119.701757554873,34.5167672283526],[-119.701043924468,34.517745783204],[-119.701206512621,34.5182657223272],[-119.700017083952,34.5198966356615],[-119.700179669724,34.5204165749474],[-119.700980630782,34.520804087568],[-119.701061927584,34.5210640563389],[-119.701862899759,34.5214515626187],[-119.702182087405,34.5213853458705],[-119.704585054788,34.522547824212],[-119.704666365528,34.5228077899575],[-119.705467373793,34.5231952707282],[-119.705548688178,34.5234552356682],[-119.70634970756,34.5238427100976],[-119.706668901228,34.5237764812551],[-119.707469929544,34.5241639478534],[-119.707551251672,34.5244239111125],[-119.707951770385,34.5246176419496],[-119.708195744694,34.5253975299191],[-119.709397326805,34.5259787109012],[-119.709559988369,34.526498633531],[-119.70908424272,34.5271510286558],[-119.709246904644,34.5276709510321],[-119.709009027899,34.5279971478261],[-119.709090359225,34.5282571088843],[-119.709490901628,34.5284508335978],[-119.709653569016,34.5289707546425],[-119.710054116523,34.5291644772663],[-119.710135452585,34.5294244372528],[-119.709897574196,34.52975063521091],[-119.710060247048,34.5302705549241],[-119.709346597111,34.531249145586],[-119.709747155642,34.5314428687643],[-119.709828493068,34.5317028282948],[-119.710629619243,34.532090269727],[-119.710710960314,34.5323502284522],[-119.711512097609,34.5327376635427],[-119.711593442325,34.5329976214625],[-119.711994015529,34.5331913365456],[-119.712075362341,34.5334512939961],[-119.7124759391,34.5336450073257],[-119.712557288007,34.533904964307],[-119.712957868321,34.534098675883],[-119.713039219324,34.5343586323951],[-119.713439803192,34.5345523422176]]},"properties":{"segment_id":"38d4e42d3c96991464e5782c","source_kmz":"santaynez","orientation":"unverified"}},{"type":"Feature","geometry":{"type":"LineString","coordinates":[[-119.51082023631,34.5639498813441],[-119.512417860298,34.5636214182505],[-119.513373107189,34.5623182855427],[-119.512888859674,34.5607577619827],[-119.51312766359,34.5604319777064],[-119.513447172983,34.56036628027191],[-119.51368597334,34.5600404947103],[-119.513605265388,34.5597804073306],[-119.513205052146,34.559586017528],[-119.512559420458,34.557505311079],[-119.512798215722,34.5571795262861],[-119.512394711237,34.5558790808207],[-119.512872291102,34.5552275101098],[-119.513511266791,34.555096114991],[-119.513911457576,34.5552905047249],[-119.514230945069,34.5552248047657],[-119.514631138328,34.5554191920043],[-119.515270112613,34.5552877872865],[-119.515670308809,34.5554821709488],[-119.5159897956,34.5554164661902],[-119.517990809058,34.5563883578808],[-119.518949273118,34.5561912221158],[-119.519349483231,34.5563855929677],[-119.519668970628,34.5563198782067],[-119.520069183215,34.5565142465632],[-119.521027643538,34.556317093762],[-119.521427859524,34.5565114574612],[-119.525261657515,34.55572275415661],[-119.525180915153,34.5554626735194],[-119.52541965096,34.5551368621637],[-119.525338908678,34.5548767814645],[-119.525816373335,34.55422515706981],[-119.526135846317,34.5541594244509],[-119.526374574081,34.5538336106647],[-119.526694044972,34.5537678764892],[-119.526451811188,34.5529876354387],[-119.526929254813,34.5523360051074],[-119.527248719048,34.5522702693032],[-119.527726151535,34.5516186351865],[-119.529323449087,34.5512899362038],[-119.529562154573,34.5509641148471],[-119.53083997665,34.5507011371271],[-119.531556062469,34.54972366128281],[-119.532194960961,34.5495921630839]]},"properties":{"segment_id":"4541f578804926d5dd20c2f7","source_kmz":"santaynez","orientation":"unverified"}},{"type":"Feature","geometry":{"type":"LineString","coordinates":[[-119.532194960961,34.5495921630839],[-119.532595170212,34.5497864899671],[-119.532914619106,34.5497207384682],[-119.532995381473,34.5499808154356],[-119.533634279642,34.5498493093969],[-119.535305017641,34.5475684817362],[-119.535624455075,34.547502722657],[-119.535863122343,34.5471768870263],[-119.536182557685,34.5471111263907],[-119.537383183012,34.5476940634093],[-119.537702619197,34.5476282986521],[-119.538179934995,34.546976618377],[-119.538018382222,34.546456469725],[-119.538257036182,34.5461306288154],[-119.53857646517,34.5460648615509],[-119.538976672202,34.5462591673263],[-119.539296101109,34.5461933981019],[-119.539696310614,34.5463877013817],[-119.54001573944,34.5463219301974],[-119.541216381398,34.5469048283056],[-119.541297168731,34.547164900353],[-119.542097609849,34.5475534913499],[-119.542259192336,34.5480736337126],[-119.542020549238,34.5483994820916],[-119.542262925655,34.5491796948541],[-119.544179546534,34.5487850136607],[-119.545780499285,34.5495621490443],[-119.546257758973,34.5489104371586],[-119.546176953144,34.5486503690562],[-119.546415579511,34.5483245122719],[-119.547054441187,34.5481929325353],[-119.548255165204,34.5487757570109],[-119.549213457799,34.5485783710851],[-119.549613704543,34.5487726398377],[-119.549933134783,34.5487068416902],[-119.550333383998,34.548901107947],[-119.550652814157,34.5488353078395],[-119.551053065843,34.5490295716004],[-119.55137249592,34.548963769533],[-119.551772750078,34.5491580307981],[-119.552411609525,34.5490264218643],[-119.553212125718,34.5494149358258],[-119.553531555549,34.5493491278786],[-119.553931817122,34.5495433816559],[-119.554890104741,34.5493459492972],[-119.554647600473,34.5485657629072],[-119.554247342161,34.5483715113705],[-119.554004847429,34.5475913227889],[-119.554243437562,34.54726544961421],[-119.555521114623,34.547002200625],[-119.55592136905,34.5471964480936],[-119.556240787418,34.5471306325679],[-119.556641044316,34.5473248775405],[-119.557279880345,34.54719324169041],[-119.557518455457,34.54686736167541],[-119.559434941212,34.5464724289676],[-119.560235466244,34.5468608958795],[-119.561193704553,34.5466634111741]]},"properties":{"segment_id":"b00aa18650b53e5c2730200a","source_kmz":"santaynez","orientation":"unverified"}},{"type":"Feature","geometry":{"type":"LineString","coordinates":[[-119.510935636171,34.5489853293324],[-119.512136100323,34.5495685247904],[-119.513413958561,34.5493057374221],[-119.513652724919,34.548979947876],[-119.514930568285,34.5487171437306],[-119.515330729641,34.5489115299944],[-119.519483666641,34.5480573053241],[-119.519883836023,34.5482516761231],[-119.52020328938,34.5481859592983],[-119.520603461235,34.548380327602],[-119.521561819436,34.5481831686102],[-119.522362171955,34.5485718944894],[-119.522681624528,34.5485061709055],[-119.525883118722,34.5500610091953],[-119.526522029641,34.5499295420969],[-119.526922226387,34.550123888356],[-119.530755651848,34.549334998949],[-119.531155856154,34.5495293308232],[-119.531794753721,34.5493978347861],[-119.532194960961,34.5495921630839]]},"properties":{"segment_id":"dfed371f1eccb82453c865e7","source_kmz":"santaynez","orientation":"unverified"}},{"type":"Feature","geometry":{"type":"LineString","coordinates":[[-119.682960946808,34.5120836826399],[-119.683123401609,34.5126036502943],[-119.683523798017,34.5127974675705],[-119.683686258096,34.5133174340196],[-119.68488746864,34.5138988753313],[-119.68504994019,34.5144188392311],[-119.686251178069,34.5150002657753],[-119.686013243363,34.5153264203667],[-119.686581940294,34.5171462832475],[-119.686982368859,34.5173400876546],[-119.687144861705,34.5178600466063],[-119.687545295372,34.5180538489246],[-119.687307356733,34.518380005025],[-119.687707793497,34.5185738066713],[-119.687789043379,34.5188337853448],[-119.688189483696,34.5190275852382],[-119.688270735672,34.5192875634425],[-119.688671179543,34.5194813615829],[-119.68891494339,34.5202612943884],[-119.688677003737,34.5205874524656],[-119.688758258987,34.5208474298706],[-119.688044426626,34.5218259006758],[-119.688125681051,34.5220858781564],[-119.688526139037,34.5222796761799],[-119.688688652623,34.5227996300695],[-119.689007857097,34.52273344946191]]},"properties":{"segment_id":"cac6cc9f905ab35e121446f2","source_kmz":"santaynez","orientation":"unverified"}},{"type":"Feature","geometry":{"type":"LineString","coordinates":[[-119.657675220415,34.50292863862741],[-119.657756353023,34.5031886428234],[-119.658156637221,34.5033825492272],[-119.658237771921,34.50364255295411],[-119.658638059672,34.5038364576058],[-119.658719196464,34.5040964608635],[-119.659119487767,34.5042903637629],[-119.659200626653,34.5045503665515],[-119.659600921508,34.5047442676988],[-119.659763204009,34.5052642722043],[-119.659525187644,34.5055903763723],[-119.660093190361,34.507410388425],[-119.660412355813,34.5073442848926],[-119.660493502241,34.5076042858787],[-119.660893816125,34.507798181916],[-119.661212982492,34.5077320762223],[-119.661613298839,34.5079259697624],[-119.661932465118,34.5078598621099],[-119.662332783928,34.50805375315301],[-119.662651950119,34.5079876435417],[-119.663052271392,34.5081815320877],[-119.663690603054,34.5080493080692],[-119.664090927247,34.5082431930374],[-119.664410092718,34.5081770786302],[-119.665210748035,34.5085648421559],[-119.665454241139,34.5093448336176],[-119.665854576448,34.5095387122482],[-119.666016911006,34.5100587052179],[-119.666417251416,34.5102525817604],[-119.666660761986,34.5110325692078],[-119.667061109045,34.5112264433262],[-119.667223455246,34.5117464336198],[-119.666985450378,34.5120725506051],[-119.667066623839,34.5123325456212],[-119.667466978638,34.5125264180606],[-119.667548154192,34.5127864126077],[-119.667310147494,34.5131125298702],[-119.667553676057,34.5138925129199],[-119.667077653901,34.5145447460419],[-119.667158830264,34.5148047402641],[-119.66692081572,34.515130855985],[-119.667245524797,34.5161708318189],[-119.667645899895,34.5163647027996],[-119.667727080076,34.5166246960893],[-119.668127458728,34.5168185653176],[-119.668289823821,34.5173385508259],[-119.668690207575,34.517532417966],[-119.668771392488,34.5177924101846],[-119.670372953753,34.5185678632359],[-119.670454145404,34.5188278539782],[-119.670854542282,34.5190217133636],[-119.67126051646,34.5203216633992],[-119.672061331716,34.5207093745622],[-119.672142531285,34.5209693634984],[-119.67254294347,34.5211632166191],[-119.672624145132,34.5214232050863],[-119.673024560871,34.5216170564546],[-119.673105764627,34.5218770444529],[-119.67350618392,34.5220708940686],[-119.67358738977,34.522330881598],[-119.673987812617,34.5225247294613],[-119.675043558446,34.5259045508668],[-119.674567525529,34.5265568056633],[-119.674892385292,34.5275967467443]]},"properties":{"segment_id":"5f2a4d66be6c5a8778776dc9","source_kmz":"santaynez","orientation":"unverified"}},{"type":"Feature","geometry":{"type":"LineString","coordinates":[[-119.540509976834,34.5030528282056],[-119.540748486511,34.5027269661835],[-119.541067734303,34.5026611888674],[-119.541306240425,34.5023353255597],[-119.541944731288,34.5022037669374],[-119.542183232311,34.5018779016668],[-119.545694876258,34.5011542589749],[-119.546094869002,34.5013485502274],[-119.546733343589,34.5012169652467],[-119.547133339264,34.5014112529244],[-119.548091048459,34.5012138656235],[-119.548806458747,34.5002362291863],[-119.549444919553,34.5001046291971],[-119.549364153957,34.4998445489246],[-119.550317992023,34.4985410200143],[-119.550637214424,34.4984752161953],[-119.551829459112,34.4968457879815],[-119.553425524318,34.4965167387829],[-119.554140823852,34.4955390643979],[-119.55397927118,34.4950189075168],[-119.554298475947,34.4949530934136],[-119.554775327332,34.4943013063677],[-119.555094528465,34.4942354900321],[-119.555332949601,34.4939095949194]]},"properties":{"segment_id":"52e91fdee98c8a6397300072","source_kmz":"santaynez","orientation":"unverified"}},{"type":"Feature","geometry":{"type":"LineString","coordinates":[[-119.555332949601,34.4939095949194],[-119.555652148645,34.4938437770284],[-119.555890566228,34.4935178806303],[-119.556848155466,34.4933204196554],[-119.558048102266,34.4939031796329],[-119.558209679943,34.4944233315397],[-119.559409654082,34.4950060767765],[-119.55972885418,34.4949402478112],[-119.559648059428,34.4946801731299],[-119.56028645599,34.4945485129669],[-119.56068645122,34.4947427556442],[-119.561494458696,34.4973434890887],[-119.561256052921,34.4976693955196],[-119.5619024943,34.4997499732427],[-119.566702940632,34.5020807116653],[-119.56797982963,34.5018173128193],[-119.568379881712,34.5020115275036],[-119.568460713446,34.5022715939626],[-119.569260826726,34.5026600184169],[-119.569341662096,34.5029200840735],[-119.570541851708,34.5035027091385],[-119.57086107737,34.5034368503459],[-119.572461360127,34.5042136596351],[-119.572780587087,34.504147795643],[-119.573580741429,34.5045361896369],[-119.573899968767,34.5044703226057],[-119.574700132058,34.504858708779],[-119.574780987995,34.5051187700152],[-119.575581162407,34.5055071498587],[-119.575662021981,34.5057672102923],[-119.575981252624,34.5057013376578],[-119.577981733815,34.5066722554273],[-119.57806260267,34.5069323138522],[-119.579663029938,34.5077090212565],[-119.579824781652,34.5082291350292],[-119.579586419525,34.5085550748808],[-119.579748172493,34.5090751882594],[-119.580148291602,34.5092693609791],[-119.580471810246,34.5103095848019]]},"properties":{"segment_id":"2cd137c9c1513c27b5d468e4","source_kmz":"santaynez","orientation":"unverified"}},{"type":"Feature","geometry":{"type":"LineString","coordinates":[[-119.567922462111,34.4863315113849],[-119.568722407994,34.4867199465934],[-119.569360723502,34.4865882355673],[-119.569760700374,34.4867824488893],[-119.570079857774,34.4867165909788],[-119.570479837112,34.48691080180601],[-119.571437307435,34.4867132195642],[-119.57183729016,34.4869074257365],[-119.572156446309,34.4868415621525],[-119.578556450112,34.4899486511984],[-119.57887561308,34.4898827694557],[-119.57927563083,34.4900769494136],[-119.579594793715,34.4900110657125],[-119.579994813931,34.49020524317531],[-119.580313976733,34.4901393575158],[-119.581114024104,34.4905277060361],[-119.581433187283,34.4904618173381],[-119.581833214438,34.4906559883956],[-119.582471540084,34.4905242062043],[-119.582871570165,34.4907183736865],[-119.583509894559,34.4905865858217],[-119.583909927566,34.4907807497286],[-119.584229089408,34.4907148533986],[-119.58502916236,34.491103174807],[-119.585348324578,34.4910372754384],[-119.585748364523,34.4912314329398],[-119.586067526658,34.4911655316128],[-119.586467569069,34.491359686619],[-119.587744214015,34.4910960682071],[-119.588144260271,34.4912902174776],[-119.588782580404,34.4911584008414],[-119.589182629586,34.49135254653661],[-119.589820948465,34.4912207242268],[-119.590221000571,34.4914148663465],[-119.590540159656,34.4913489527941],[-119.590940214228,34.4915430924184],[-119.592536003797,34.4912135060806],[-119.592936062673,34.4914076388891],[-119.593255219416,34.4913417179064],[-119.596055690935,34.4927006003769],[-119.596298437458,34.4934807500666],[-119.596698517481,34.4936748694671],[-119.596779435622,34.493934918762],[-119.597579604779,34.4943231526468],[-119.598217933849,34.4941912848284],[-119.598618022355,34.4943853974874],[-119.601490480397,34.4937919391066],[-119.601728704867,34.4934659490284],[-119.602128798427,34.4936600498051],[-119.604043739468,34.4932643608215],[-119.605244040448,34.4938466352156],[-119.605324987468,34.4941066785298],[-119.606125201244,34.4944948537113],[-119.60644435948,34.4944288968704],[-119.606844469836,34.4946229812577],[-119.607163627987,34.49455702245821],[-119.607563740808,34.4947511043498],[-119.607882898875,34.4946851435918],[-119.608683131452,34.4950733009679],[-119.608764091304,34.4953333415314],[-119.609164212148,34.4955274177609],[-119.609407099608,34.4963075376457],[-119.609807227098,34.49650161145391],[-119.609888192219,34.4967616508136],[-119.611803170307,34.4963658358361],[-119.6121270603,34.4974059870943],[-119.611412475848,34.4983840148217],[-119.611736369035,34.4994241647724],[-119.610545345649,34.50105420020981],[-119.610226163595,34.5011201677742],[-119.609987951353,34.5014461723629],[-119.609668767208,34.5015121383727],[-119.60871589199,34.5028161479475],[-119.609120737725,34.5041163378498],[-119.608882511609,34.5044423390691],[-119.608563314171,34.5045083018291],[-119.608644283487,34.504768339681],[-119.608325084502,34.5048343017647],[-119.607848619144,34.5054862998136],[-119.607929587083,34.5057463378722],[-119.609130110808,34.5063285639968],[-119.609449315269,34.5062625998224],[-119.609849494316,34.5064566712857],[-119.609930469991,34.5067167076684],[-119.611531212431,34.5074929780243],[-119.611774161285,34.5082730823519]]},"properties":{"segment_id":"800fb133959912410e127ddd","source_kmz":"santaynez","orientation":"unverified"}},{"type":"Feature","geometry":{"type":"LineString","coordinates":[[-119.516873915027,34.5045995162532],[-119.518782770144,34.5019929943141],[-119.521975379937,34.5013357822341],[-119.522691121088,34.5003583061385],[-119.524287382467,34.5000296569866],[-119.525087250883,34.5004183853802],[-119.525167935525,34.5006784822835],[-119.525967815065,34.5010672043517],[-119.527244825817,34.5008042511278],[-119.527960495527,34.4998267421093],[-119.528279742221,34.4997609995747],[-119.52851829323,34.4994351613403],[-119.532029954076,34.4987119280187],[-119.532268486069,34.4983860817256],[-119.532587723165,34.4983203272926],[-119.533064778037,34.4976686315256],[-119.533384011499,34.4976028748596],[-119.534099574112,34.4966253246116],[-119.53401886369,34.4963652326862],[-119.534338090967,34.4962994733113],[-119.534257380084,34.4960393814543],[-119.534495894471,34.4957135296137],[-119.534253763691,34.4949332534502],[-119.535207795625,34.4936298408203],[-119.535527010615,34.4935640779863],[-119.535765512034,34.4932382226296],[-119.535684799547,34.4929781308523],[-119.53616179544,34.492326418449],[-119.536000370248,34.4918062347687],[-119.536477356266,34.4911545202033],[-119.536877274226,34.4913488452777],[-119.537834885107,34.4911515399194],[-119.538550331915,34.4901739551739],[-119.538388895164,34.4896537735215],[-119.53910432114,34.4886761837059],[-119.5394235124,34.488610409836],[-119.539900449924,34.48795867889351],[-119.539819729052,34.4876985884103],[-119.540058194342,34.487372722094],[-119.539977473551,34.4871126315459],[-119.540215936373,34.4867867646889],[-119.540135215663,34.4865266740758],[-119.540373676017,34.4862008066781]]},"properties":{"segment_id":"99078975c6885336cbee897a","source_kmz":"santaynez","orientation":"unverified"}},{"type":"Feature","geometry":{"type":"LineString","coordinates":[[-119.540373676017,34.4862008066781],[-119.540692855996,34.4861350291482],[-119.541892569864,34.4867179601059],[-119.54205402403,34.4872381386524],[-119.542853849492,34.4876267508805],[-119.54301531201,34.48814692755611],[-119.54421507453,34.4887298332824],[-119.544699502924,34.4902903540919],[-119.545099437053,34.4904846511644],[-119.545180178563,34.4907447371654],[-119.545980055933,34.4911333263978],[-119.54757602825,34.4908043550977],[-119.547814470463,34.490478474079],[-119.548452852501,34.4903468780553],[-119.548691289615,34.4900209950738],[-119.549648853966,34.4898235924186],[-119.551248642551,34.4906007047474],[-119.552206207551,34.4904032812264],[-119.552444629043,34.4900773905928],[-119.553402184522,34.4898799571345],[-119.553640599369,34.4895540638614],[-119.553959781898,34.4894882502747],[-119.554759690343,34.4898767798506],[-119.555405892112,34.4919574120629],[-119.554213797953,34.4935868859157],[-119.554294573312,34.4938469646851],[-119.554694549885,34.494041228066],[-119.555332949601,34.4939095949194]]},"properties":{"segment_id":"4b7ccfa490b5710d8cb9bf44","source_kmz":"santaynez","orientation":"unverified"}},{"type":"Feature","geometry":{"type":"LineString","coordinates":[[-119.520973052824,34.4871532670461],[-119.521372911208,34.4873476461687],[-119.522649711316,34.4870847391351],[-119.522888246964,34.4867589077031],[-119.523207444091,34.4866931780709],[-119.523607305707,34.4868875496349],[-119.524884090643,34.4866246180013],[-119.525122615472,34.4862987818281],[-119.525522479859,34.4864931469132],[-119.526799251789,34.4862301941943],[-119.527037767346,34.4859043539573],[-119.527676146968,34.485772870972],[-119.527914657426,34.4854470287714],[-119.528714393426,34.4858357387595],[-119.529033581802,34.4857699931122],[-119.53223260978,34.4873247678569],[-119.53287099229,34.4871932566494],[-119.533270880742,34.4873875949686],[-119.535505205683,34.4869272705095],[-119.535743686753,34.4866014127283],[-119.536062872317,34.4865356479],[-119.536301349834,34.4862097888327],[-119.538854802457,34.4856836331631],[-119.539254698129,34.4858779512997],[-119.539573877729,34.4858121768079],[-119.540373676017,34.4862008066781]]},"properties":{"segment_id":"6e4839e8f844ff784f3c228b","source_kmz":"santaynez","orientation":"unverified"}},{"type":"Feature","geometry":{"type":"LineString","coordinates":[[-119.477693444702,34.5184660166005],[-119.478409903352,34.5174888313457],[-119.479048625967,34.51735761927821],[-119.479448535062,34.5175521354338],[-119.479767896021,34.5174865270014],[-119.48016780759,34.5176810406632],[-119.480487168471,34.5176154302716],[-119.480887082513,34.5178099414396],[-119.483761310252,34.5172193986377],[-119.484716466911,34.5159164322261],[-119.485035816656,34.5158508092527],[-119.485274599251,34.5155250654492],[-119.485593946908,34.515459440919],[-119.487026590994,34.513504961239],[-119.486784883061,34.5127246024307],[-119.487501173805,34.5117473549852],[-119.488139833635,34.5116160922939],[-119.488539735911,34.5118105785557],[-119.488859065477,34.5117449448116],[-119.489258970226,34.5119394285795],[-119.489420123299,34.5124596649641],[-119.48982003315,34.512654146651],[-119.490303514644,34.514214850623],[-119.491103358929,34.5146038057515],[-119.491586878475,34.5161645009506],[-119.492386749354,34.5165534464201],[-119.492467340933,34.5168135611557],[-119.493267222943,34.5172025003025],[-119.494863956529,34.5168742601027],[-119.495102700921,34.5165484965648],[-119.495422044466,34.5164828452102],[-119.495660785302,34.5161570803858],[-119.495980126759,34.51609142747451],[-119.496218864039,34.5157656613633],[-119.498454228249,34.51530606163],[-119.4988541755,34.5155005117205],[-119.499173511541,34.5154348500199],[-119.499573461264,34.5156292976162],[-119.499892797226,34.5155636339564],[-119.500692703627,34.5159525227469],[-119.501650711038,34.5157555200128],[-119.501889423416,34.51542974217481],[-119.502528089222,34.5152984012688],[-119.502766796498,34.5149726214666],[-119.502524925309,34.5141922965792],[-119.502124975597,34.5139978587834],[-119.502044354497,34.5137377498887],[-119.50164440834,34.5135433103451],[-119.5012413187,34.5122427622148],[-119.50148002197,34.511916983915],[-119.501318788981,34.5113967638724],[-119.501557489316,34.5110709851011],[-119.501476873171,34.5108108749496],[-119.501715571034,34.510485095638],[-119.501634954968,34.5102249854226],[-119.503544461847,34.5076187295549],[-119.503463842621,34.5073586197559],[-119.503702521478,34.5070328351004],[-119.503541283727,34.50651261524151],[-119.50377995965,34.5061868301142],[-119.503538105698,34.5054064995364],[-119.503776778224,34.5050807140057],[-119.503696160861,34.5048206036163],[-119.503934830916,34.504494817545],[-119.503451135336,34.5029341528327],[-119.504167125122,34.5019567921972],[-119.503925280482,34.5011764586654],[-119.504641248028,34.5001990931635],[-119.504560632844,34.49993898192601],[-119.504799284213,34.4996131922755],[-119.504557440522,34.4988328579714],[-119.504157565046,34.4986384237467],[-119.504076953111,34.4983783117124],[-119.504315601705,34.4980525224721],[-119.503915730866,34.4978580872454],[-119.503351470071,34.4960372974272],[-119.502551756058,34.4956484180563],[-119.501906943802,34.493567502092],[-119.50262286647,34.4925901405017],[-119.503580579924,34.4923931166821],[-119.503819212161,34.4920673262339],[-119.503577401913,34.4912869831835],[-119.503816030754,34.4909611923305],[-119.503735427959,34.4907010777827],[-119.504212678692,34.4900494943849],[-119.504531905229,34.4899838161151],[-119.504931736953,34.4901782509759]]},"properties":{"segment_id":"4e3dc553b59db3178bb7d70a","source_kmz":"santaynez","orientation":"unverified"}},{"type":"Feature","geometry":{"type":"LineString","coordinates":[[-119.504931736953,34.4901782509759],[-119.505331570684,34.4903726844229],[-119.506608475117,34.4901099539188],[-119.506847087578,34.4897841564266],[-119.507485533454,34.4896527845475],[-119.507404919695,34.4893926721473],[-119.507724140816,34.4893269850909],[-119.508201349518,34.4886753843497],[-119.508520567007,34.4886096950596],[-119.50892040165,34.48880411655131],[-119.509558835929,34.4886727331756],[-119.509958673504,34.4888671510938],[-119.510281163916,34.48990759346],[-119.511480707235,34.4904908347212],[-119.512438372183,34.4902937376962],[-119.512838225358,34.4904881453825],[-119.512361044505,34.4911397637472],[-119.512441676731,34.4913998722025],[-119.51220308283,34.4917256805392],[-119.512364347984,34.4922458971875],[-119.512764211054,34.4924403046944],[-119.512925481466,34.4929605201427],[-119.513725219812,34.4933493295779],[-119.513805858922,34.4936094364343],[-119.514605608391,34.4939982395451],[-119.515244075847,34.4938668258272],[-119.51548266355,34.4935410120657],[-119.516759585779,34.4932781713761],[-119.517559346658,34.4936669543806],[-119.517878576785,34.4936012398517],[-119.518355726375,34.4929496007445],[-119.518194419504,34.4924293927989],[-119.517794542858,34.4922350039067],[-119.517713891781,34.4919748994002],[-119.517314018688,34.49178050875971],[-119.517233369699,34.491520403786],[-119.516833500159,34.4913260113972],[-119.516510915802,34.4902855888361],[-119.51674948714,34.4899597711517],[-119.516668841943,34.4896996652471],[-119.516907410812,34.4893738470217],[-119.516826765695,34.4891137410523],[-119.517065332094,34.48878792228591],[-119.517384542526,34.4887222087432],[-119.517623105372,34.4883963886901],[-119.518580728782,34.4881992407584],[-119.518819284984,34.4878734180639],[-119.520415305437,34.4875448172188],[-119.520653851904,34.4872189905282],[-119.520973052824,34.4871532670461]]},"properties":{"segment_id":"931e06bc317a79db515511c7","source_kmz":"santaynez","orientation":"unverified"}},{"type":"Feature","geometry":{"type":"LineString","coordinates":[[-119.495249643588,34.4830390151922],[-119.495649416149,34.4832334834168],[-119.495968621851,34.4831678280744],[-119.496368396883,34.4833622938057],[-119.496448967295,34.483622415625],[-119.496210330076,34.4839481941352],[-119.496290900566,34.4842083158894],[-119.496690681779,34.4844027802845],[-119.496771254356,34.4846629015716],[-119.4974096751,34.4845315840815],[-119.497809460791,34.4847260445696],[-119.498767089235,34.4845290585055],[-119.499566669415,34.4849179687622],[-119.499885878739,34.4848523028242],[-119.500124503282,34.4845265171298],[-119.501720534055,34.4841981708719],[-119.502120328849,34.4843926166559],[-119.503077942204,34.4841955951185],[-119.503877540589,34.4845844759669],[-119.504038734942,34.4851047083679],[-119.504838347539,34.4854935822245],[-119.50771119308,34.48490242767761],[-119.507949784856,34.4845766259912],[-119.509545783478,34.4842481726593],[-119.509945598176,34.4844425916052],[-119.510264796738,34.4843768972233],[-119.510664613906,34.48457131367561],[-119.511941404586,34.4843085230431],[-119.512179976736,34.4839827124813],[-119.512579796677,34.4841771224553],[-119.51289899191,34.4841114208435],[-119.513298814321,34.4843058283237],[-119.513618009474,34.4842401247536],[-119.514017834354,34.4844345297402],[-119.51465622396,34.4843031178047],[-119.51545588159,34.4846919192169],[-119.516094270877,34.4845604994482],[-119.516494103627,34.4847548958738],[-119.516813297921,34.4846891835918],[-119.51721313314,34.4848835775237],[-119.517532327353,34.4848178632834],[-119.517932165042,34.4850122547214],[-119.518251359176,34.4849465385228],[-119.518651199334,34.485140927467],[-119.518970393387,34.48507520931],[-119.519370236015,34.4852695957605],[-119.519450885671,34.4855297011133],[-119.519850731851,34.4857240858154],[-119.519931383595,34.4859841907008],[-119.520731085068,34.4863729551941],[-119.520973052824,34.4871532670461]]},"properties":{"segment_id":"57bf9a32c2ab92456285b6f4","source_kmz":"santaynez","orientation":"unverified"}},{"type":"Feature","geometry":{"type":"LineString","coordinates":[[-119.456780197236,34.4903908531617],[-119.457579626992,34.4907800486459],[-119.457898896056,34.49071449807761],[-119.458298614411,34.4909090926203],[-119.460533485969,34.4904502064757],[-119.460933209581,34.4906447920478],[-119.461252475248,34.4905792322892],[-119.461652201332,34.4907738153685],[-119.461971466922,34.4907082536513],[-119.46237119548,34.4909028342378],[-119.462690460993,34.4908372705621],[-119.463090192023,34.4910318486558],[-119.46340945746,34.4909662830216],[-119.464608663994,34.491550005584],[-119.465247196028,34.4914188652011],[-119.465485986523,34.4910931528471],[-119.465885725898,34.4912877213027],[-119.466204990023,34.4912221480353],[-119.466604731871,34.4914167139979],[-119.466923995918,34.4913511387719],[-119.467323740238,34.4915457022416],[-119.468600792874,34.4912833882305],[-119.46940029125,34.4916725022924],[-119.469480779713,34.4919326402636],[-119.470280289215,34.492321748005],[-119.470918818006,34.4921905766871],[-119.471157587024,34.4918648530087],[-119.471476849063,34.4917992653535],[-119.471876607136,34.491993813119],[-119.472515130518,34.4918626330128],[-119.47275389181,34.4915369059446],[-119.473073151144,34.4914713138953],[-119.474028170043,34.490168396812],[-119.473947668138,34.4899082614554],[-119.474186417377,34.489582530728],[-119.476101909645,34.4891889408446],[-119.476901424087,34.48957800441651],[-119.477062447598,34.4900982711151],[-119.477462210922,34.4902928001134],[-119.48257014947,34.4892430141713],[-119.482808860388,34.4889172655469],[-119.483128100404,34.4888516457781],[-119.483527872529,34.4890461542622],[-119.483847112466,34.488980532535],[-119.484246887063,34.4891750385258],[-119.487120026319,34.4885843937199],[-119.487519807091,34.4887788885798],[-119.487839042544,34.4887132559057],[-119.488238825787,34.4889077482723],[-119.489515764037,34.4886452044698],[-119.490315340252,34.48903417632451],[-119.490634574388,34.4889685360176],[-119.49103436597,34.4891630187447],[-119.491672833543,34.4890317333353],[-119.491911505517,34.4887059660028],[-119.492230736946,34.4886403213023],[-119.492469405367,34.4883145526825],[-119.49278863471,34.4882489064255],[-119.493027299577,34.4879231365184],[-119.493346526833,34.4878574887051],[-119.49374631949,34.4880519623826],[-119.494384773304,34.48792066196041],[-119.494784568895,34.4881151320648],[-119.495103795453,34.4880494794559],[-119.496303195662,34.4886328780477],[-119.49821855197,34.4882389245067],[-119.499417978578,34.4888222909394],[-119.501333323724,34.4884282863303],[-119.502132957053,34.4888171772595],[-119.503090625091,34.4886201566143],[-119.503567868425,34.4879685743067],[-119.503887086931,34.4879028976458],[-119.504286906291,34.4880973351792],[-119.504367508228,34.4883574501192],[-119.504767331142,34.4885518859047],[-119.504847935166,34.4888120003777],[-119.50460931729,34.4891377941414],[-119.504931736953,34.4901782509759]]},"properties":{"segment_id":"354f22ce8d05d3c85758eb35","source_kmz":"santaynez","orientation":"unverified"}},{"type":"Feature","geometry":{"type":"LineString","coordinates":[[-120.587113542811,34.6890469714943],[-120.591754620943,34.6912395747162],[-120.592073733374,34.6911709395122],[-120.59247731827,34.6913615906241],[-120.593115542288,34.69122431541511],[-120.593519130036,34.691414962921],[-120.593838241623,34.6913463229159],[-120.594241831793,34.6915369679027],[-120.594880054123,34.6913996830913],[-120.595283647144,34.6915903244722],[-120.596240977672,34.691384387426],[-120.596644573973,34.6915750241139],[-120.599516538778,34.6909571559017],[-120.600323745079,34.6913384054162],[-120.600961954954,34.6912010873881],[-120.601365561951,34.691391707823],[-120.601684666467,34.69132304640841],[-120.602491887297,34.6917042808074],[-120.603449200011,34.6914982847875],[-120.603852814702,34.6916888965777],[-120.604650572466,34.6915172244896]]},"properties":{"segment_id":"4442f49ab1a0ffd6e2a0093b","source_kmz":"santaynez","orientation":"unverified"}},{"type":"Feature","geometry":{"type":"LineString","coordinates":[[-120.586911762784,34.6889516366231],[-120.587113542811,34.6890469714943]]},"properties":{"segment_id":"d2436747118929247922a5eb","source_kmz":"santaynez","orientation":"unverified"}},{"type":"Feature","geometry":{"type":"LineString","coordinates":[[-120.564784986717,34.6776161205016],[-120.565423146341,34.6774789943542],[-120.566230043417,34.6778604847485],[-120.567506359306,34.6775862132516],[-120.568716725025,34.6781584250664],[-120.569354882149,34.6780212775438],[-120.5713722025,34.6789749244012],[-120.571456591692,34.6792342301962],[-120.570987204376,34.67989000103731],[-120.571240372773,34.6806679180762],[-120.571005674836,34.68099580284391],[-120.571174455742,34.681514413685],[-120.57319188981,34.6824680255163],[-120.573510982487,34.6823994403046],[-120.573914475709,34.6825901572887],[-120.574552660222,34.6824529820645],[-120.575359654363,34.6828344073905],[-120.575829022447,34.6821786211065],[-120.576467200158,34.6820414353728],[-120.576889254077,34.6833379402813],[-120.580520884036,34.6850542349286],[-120.580689737712,34.6855728297388],[-120.581647032549,34.6853670107986],[-120.583261159785,34.6861297553863],[-120.583345596716,34.6863890505762],[-120.583749135071,34.6865797327979],[-120.583833574133,34.6868390275084],[-120.584237116044,34.68702970795291],[-120.584321557237,34.6872890021839],[-120.585128650164,34.68767035808631],[-120.585213095051,34.6879296514927],[-120.585616646068,34.6881203269506],[-120.585701093086,34.6883796198775],[-120.586911762784,34.6889516366231]]},"properties":{"segment_id":"ef695ceb1521b37e976bb167","source_kmz":"santaynez","orientation":"unverified"}},{"type":"Feature","geometry":{"type":"LineString","coordinates":[[-120.559389975251,34.6757234438626],[-120.561003681089,34.6764865036474],[-120.561322759874,34.6764179512449],[-120.563743380998,34.6775624914549],[-120.564381542028,34.6774253709838],[-120.564784986717,34.6776161205016]]},"properties":{"segment_id":"30f8784090171ea61edd0536","source_kmz":"santaynez","orientation":"unverified"}},{"type":"Feature","geometry":{"type":"LineString","coordinates":[[-120.553562164332,34.6766978398274],[-120.558986553773,34.67553267533751],[-120.559389975251,34.6757234438626]]},"properties":{"segment_id":"a474f8c8f16cbb072815bea6","source_kmz":"santaynez","orientation":"unverified"}},{"type":"Feature","geometry":{"type":"LineString","coordinates":[[-120.525763845818,34.6804451630148],[-120.529274205095,34.6796920994493],[-120.529509076221,34.6793642979993],[-120.533657574057,34.6784741684849],[-120.53406094832,34.6786650237747],[-120.537252039735,34.6779801971663],[-120.538058802859,34.6783618817224],[-120.538697016074,34.6782249015437],[-120.539100401488,34.6784157395019],[-120.541015030133,34.6780047714251],[-120.54182181211,34.6783864300096],[-120.547565591279,34.6771532974733],[-120.548035160818,34.6764976187041],[-120.549630606851,34.6761550248741],[-120.550437412078,34.6765366247873],[-120.551713762156,34.6762625252661],[-120.55211716948,34.6764533187295],[-120.552755341982,34.6763162615409],[-120.553562164332,34.6766978398274]]},"properties":{"segment_id":"a528b3229fd60f6faf9c5e26","source_kmz":"santaynez","orientation":"unverified"}},{"type":"Feature","geometry":{"type":"LineString","coordinates":[[-120.519026607436,34.6796709165998],[-120.51911082162,34.6799302599335],[-120.519514167535,34.6801211650957],[-120.519598383846,34.6803805079508],[-120.521211793696,34.6811441129118],[-120.521530927018,34.6810756694421],[-120.521934284897,34.6812665660184],[-120.524487334563,34.6807189780319],[-120.524890697886,34.6809098644853],[-120.525528955508,34.6807729565557],[-120.525763845818,34.6804451630148]]},"properties":{"segment_id":"90d6c085f73eb14b03f2b871","source_kmz":"santaynez","orientation":"unverified"}},{"type":"Feature","geometry":{"type":"LineString","coordinates":[[-120.500909924759,34.6680205699711],[-120.502186309701,34.6677470085307],[-120.502589550161,34.6679379746077],[-120.502908645416,34.6678695809715],[-120.503311888301,34.6680605445317],[-120.503630983422,34.6679921489332],[-120.504840725336,34.6685650277713],[-120.50492487978,34.668824384466],[-120.506134644324,34.6693972493948],[-120.506218804019,34.6696566049219],[-120.506622064417,34.6698475566924],[-120.506874551579,34.6706256214355],[-120.507277818657,34.6708165707419],[-120.507361983737,34.6710759250435],[-120.507127043828,34.6714036849712],[-120.50729537482,34.6719223933242],[-120.507060432053,34.6722501528146],[-120.507565436005,34.6738062751115],[-120.508775298166,34.6743791095978],[-120.508859472157,34.6746384618112],[-120.509497706361,34.6745016404427],[-120.509901000163,34.6746925798929],[-120.510539232969,34.6745557528477],[-120.510942529628,34.6747466886943],[-120.512218990183,34.6744730197466],[-120.512622290562,34.6746639498171],[-120.512941404719,34.6745955293038],[-120.513748012322,34.6749773829796],[-120.514386240666,34.6748405349797],[-120.517612757741,34.6763678750663],[-120.517931874517,34.6762994410614],[-120.518016081348,34.6765587861381],[-120.517781169975,34.6768865655065],[-120.517949584472,34.6774052554103],[-120.518352914329,34.677596165104],[-120.519026607436,34.6796709165998]]},"properties":{"segment_id":"ffe92839188126542eb8f8d7","source_kmz":"santaynez","orientation":"unverified"}},{"type":"Feature","geometry":{"type":"LineString","coordinates":[[-120.49328613593,34.6718732950845],[-120.493924374864,34.67173655830591],[-120.494159371808,34.6714088250285],[-120.494478488866,34.6713404546593],[-120.494713482254,34.6710127201263],[-120.495116721286,34.6712037112927],[-120.49535171155,34.670875975428],[-120.495670825351,34.6708076017648],[-120.495905812059,34.6704798646446],[-120.496544034841,34.6703431133584],[-120.496779016431,34.6700153743168],[-120.497417233829,34.6698786181949],[-120.497652210301,34.6695508772319],[-120.498290422315,34.6694141162743],[-120.498525393668,34.66908637339],[-120.499801804668,34.6688128382996],[-120.500271728897,34.6681573454354],[-120.500909924759,34.6680205699711]]},"properties":{"segment_id":"59cc424cc631f7e24e95cc54","source_kmz":"santaynez","orientation":"unverified"}},{"type":"Feature","geometry":{"type":"LineString","coordinates":[[-120.475933073248,34.6678230756551],[-120.476571309425,34.667686432993],[-120.478451719555,34.6650648176805],[-120.478367658096,34.6648054408743],[-120.479072777691,34.6638223256224],[-120.479710975258,34.663685665223],[-120.479946008011,34.6633579576267]]},"properties":{"segment_id":"28b6e20bbb291f4e7468adfd","source_kmz":"santaynez","orientation":"unverified"}},{"type":"Feature","geometry":{"type":"LineString","coordinates":[[-120.479946008011,34.6633579576267],[-120.480752335116,34.663740043582],[-120.480987363617,34.6634123339118],[-120.481625554409,34.663275663],[-120.482028720689,34.6634667009183],[-120.483305097228,34.66319334423821],[-120.484111439229,34.6635754070955],[-120.4850687183,34.6633703738708],[-120.485875070872,34.6637524244905],[-120.485959156393,34.6640117961973],[-120.486765520064,34.66439384040711],[-120.486849609273,34.6646532112911],[-120.488059174421,34.6652262658454],[-120.488984244532,34.6680793253554],[-120.489387454083,34.6682703368926],[-120.489555659114,34.668789072553],[-120.490362090446,34.669171089959],[-120.491119069162,34.6715053875963],[-120.491925536587,34.671887393084],[-120.492882897929,34.6716822977451],[-120.49328613593,34.6718732950845]]},"properties":{"segment_id":"dc8151b459f7138259e168fd","source_kmz":"santaynez","orientation":"unverified"}},{"type":"Feature","geometry":{"type":"LineString","coordinates":[[-120.442306117601,34.6672510669704],[-120.443515392837,34.6678245806568],[-120.443599340544,34.6680839816462],[-120.444002437841,34.6682751496719],[-120.444170338069,34.6687939505615],[-120.444573440484,34.6689851164701],[-120.444657393005,34.6692445163703],[-120.445060498978,34.6694356805055],[-120.445379651301,34.6693674439981],[-120.447395213262,34.6703232377976],[-120.44771436719,34.6702549949838],[-120.448923729611,34.6708284508481],[-120.449562038377,34.6706919560753],[-120.450368291702,34.6710742484915],[-120.452283209669,34.6706647301107],[-120.452518380016,34.6703370801693],[-120.452837529475,34.6702688233727],[-120.453072696266,34.6699411721746],[-120.454030136573,34.6697363945283],[-120.454265296684,34.6694087407407],[-120.454903584278,34.6692722165962],[-120.455373892268,34.6686169045844],[-120.456331310058,34.6684121077982],[-120.456566456376,34.6680844489077],[-120.458481267356,34.6676748276806],[-120.458884399345,34.6678659444831],[-120.459522666025,34.6677293948925],[-120.46032893772,34.6681116198634],[-120.460967203876,34.6679750624239],[-120.461773485283,34.6683572773307],[-120.462092618382,34.6682889951246],[-120.462495762511,34.6684800993469],[-120.463772290994,34.6682069574167],[-120.464175438851,34.6683980558647],[-120.465132830588,34.6681931869592],[-120.465535981738,34.6683842807189],[-120.469046379419,34.6676330153227],[-120.469449537327,34.6678240957054],[-120.47008778498,34.66768748843521],[-120.470490945749,34.6678785652156],[-120.471448314295,34.6676736444811],[-120.471851478357,34.667864716573],[-120.472489722097,34.6677280961973],[-120.47289288902,34.6679191646869],[-120.473212010476,34.6678508520988],[-120.473615179826,34.66804191807221],[-120.474253421911,34.6679052880954],[-120.474656594121,34.6680963504663],[-120.475933073248,34.6678230756551]]},"properties":{"segment_id":"b05ed5881bcae3afdab36ab3","source_kmz":"santaynez","orientation":"unverified"}},{"type":"Feature","geometry":{"type":"LineString","coordinates":[[-120.439065932231,34.6593459805582],[-120.439872015193,34.6597283500992],[-120.440291654199,34.6610253782898],[-120.440694706478,34.6612165591973],[-120.441198301255,34.6627729865406],[-120.440963105921,34.6631006164253],[-120.442306117601,34.6672510669704]]},"properties":{"segment_id":"a78a51df7bb5fa3a7a4e9d37","source_kmz":"santaynez","orientation":"unverified"}},{"type":"Feature","geometry":{"type":"LineString","coordinates":[[-120.413435291986,34.630710281994],[-120.413200076539,34.6310378675691],[-120.413283882522,34.6312973008041],[-120.413048664647,34.6316248858621],[-120.413216277432,34.6321437520785],[-120.41133445569,34.634764412431],[-120.411502063775,34.6352832793079],[-120.410796345109,34.63626601762321],[-120.410963952838,34.6367848844123],[-120.410728708425,34.6371124628169],[-120.410980122935,34.6378907622181],[-120.410744875224,34.6382183402558],[-120.411247716829,34.6397749358822],[-120.412859207027,34.6405400692952],[-120.413178268422,34.6404719185251],[-120.413581146392,34.6406631972203],[-120.418047952902,34.6397089792508],[-120.419224039403,34.6380710123419],[-120.419543084989,34.6380028440111],[-120.42001350251,34.6373476517722],[-120.424161003341,34.6364613664168],[-120.426175444501,34.63741756053301],[-120.426259300964,34.637676982634],[-120.426662196738,34.6378682168258],[-120.426746055324,34.6381276384487],[-120.427551855975,34.638510101857],[-120.427719581076,34.6390289433245],[-120.428525395945,34.6394113996406],[-120.428693129539,34.6399302391955],[-120.429096043085,34.6401214645221],[-120.429179912286,34.6403808837542],[-120.429582829387,34.6405721073078],[-120.4297505726,34.6410909446815],[-120.430153494815,34.641282166118],[-120.430321243402,34.64180100226681],[-120.430724170732,34.6419922215865],[-120.431059680904,34.6430298908971],[-120.43146261647,34.6432211074123],[-120.431714259694,34.6439993569536],[-120.432117201935,34.6441905710081],[-120.432452740361,34.645228233808],[-120.432855690838,34.645419445058],[-120.432939578413,34.6456788600785],[-120.433342532445,34.6458700695553],[-120.434181454784,34.6484642089387],[-120.433711089729,34.6491194501763],[-120.434517039494,34.6495018609336],[-120.434600937079,34.6497612735967],[-120.435406897943,34.6501436779487],[-120.435490799214,34.6504030897902],[-120.435893784198,34.6505942894782],[-120.437488045048,34.6555230824419],[-120.437891061683,34.6557142741691],[-120.439065932231,34.6593459805582]]},"properties":{"segment_id":"dd6f392fca7ae48365739cda","source_kmz":"santaynez","orientation":"unverified"}},{"type":"Feature","geometry":{"type":"LineString","coordinates":[[-120.393371868939,34.631943951993],[-120.395385811289,34.6329006815277],[-120.395704856547,34.6328325778855],[-120.396510448319,34.6332152575279],[-120.397148538889,34.6330790432741],[-120.397232293198,34.6333384874319],[-120.397870383513,34.6332022692553],[-120.39827318569,34.6333936022488],[-120.398592230439,34.6333254907611],[-120.398995035045,34.6335168212405],[-120.399633123725,34.6333805934661],[-120.400035931196,34.6335719203462],[-120.400993061302,34.6333675688578],[-120.401395872072,34.6335588910533],[-120.403310119707,34.6331501579098],[-120.40371293508,34.6333414721647],[-120.404351013994,34.6332052186041],[-120.405292040239,34.6318949471373],[-120.40504070252,34.6311166303518],[-120.405275952791,34.6307890612293],[-120.405024618831,34.6300107434586],[-120.405259865804,34.6296831739684],[-120.405008535602,34.6289048552123],[-120.405243779277,34.6285772853542],[-120.405076227752,34.6280584056608],[-120.405311468564,34.62773083536],[-120.405060144191,34.6269525150356],[-120.405295381706,34.6266249443668],[-120.405044061091,34.6258466230562],[-120.405279295307,34.6255190520192],[-120.405111750174,34.6250001706224],[-120.407463973981,34.6217244291732],[-120.407380197913,34.6214649890191],[-120.407615408893,34.6211374116914],[-120.407447857575,34.6206185311285],[-120.40999971327,34.6200734066277],[-120.410234908914,34.6197458235223],[-120.410553886786,34.6196776783511],[-120.410956649875,34.6198689704867],[-120.411124223124,34.62038784644821],[-120.411526991325,34.6205791364674],[-120.411694569942,34.621098011203],[-120.412500118564,34.6214805855795],[-120.412583911834,34.62174002205791],[-120.413389471549,34.6221225900313],[-120.413808461933,34.6234197669666],[-120.414211252578,34.623611047091],[-120.414295053902,34.6238704817306],[-120.414059862915,34.624198071513],[-120.414143664367,34.6244575060926],[-120.41454646125,34.62464878484201],[-120.413840878399,34.6256315530848],[-120.412883878074,34.6258360115433],[-120.412178263244,34.6268187684565],[-120.413435291986,34.630710281994]]},"properties":{"segment_id":"745959bb56066863db42c4a6","source_kmz":"santaynez","orientation":"unverified"}},{"type":"Feature","geometry":{"type":"LineString","coordinates":[[-120.353323567917,34.6113684741727],[-120.358959842865,34.6140492202006],[-120.359278842386,34.6139812145898],[-120.359362448891,34.6142406913498],[-120.359681448848,34.6141726846542],[-120.360084057305,34.6143641532906],[-120.360403057137,34.614296144634],[-120.360805668024,34.6144876107575],[-120.361762665458,34.6142835762765],[-120.362165279648,34.6144750377175],[-120.367907166,34.6132506457219],[-120.373544083857,34.6159306825544],[-120.373627740356,34.6161901485424],[-120.385708213014,34.6219321316308],[-120.387303249934,34.6215917326359],[-120.387538546384,34.6212641957765],[-120.3881765541,34.621128028712],[-120.388579269354,34.6213193976709],[-120.388814559568,34.6209918581432],[-120.390409563403,34.6206514163904],[-120.390644843826,34.6203238729349],[-120.392239825815,34.6199834059459],[-120.395461636453,34.6215142075197],[-120.395545372568,34.621773656203],[-120.39594810943,34.6219649996273],[-120.395712846485,34.6222925531661],[-120.396115586465,34.6224838959033],[-120.39737173591,34.6263756008258],[-120.397136465572,34.6267031556327],[-120.397303960853,34.6272220474859],[-120.395892291729,34.6291873647856],[-120.395573261684,34.6292554692137],[-120.395337974957,34.629583019357],[-120.39501894279,34.629651122242],[-120.394783652509,34.6299786711261],[-120.39414558337,34.6301148729337],[-120.393910287976,34.6304424198915],[-120.393591251003,34.6305105188141],[-120.393355952055,34.6308380645126],[-120.393439691203,34.6310975120302],[-120.393204389825,34.6314250572112],[-120.393371868939,34.631943951993]]},"properties":{"segment_id":"7befb269f995055b30c2ffa0","source_kmz":"santaynez","orientation":"unverified"}},{"type":"Feature","geometry":{"type":"LineString","coordinates":[[-120.288021061607,34.608631415538],[-120.288492414656,34.6079767320319],[-120.288811451021,34.6079089183857],[-120.289047122994,34.60758157507271],[-120.289366157242,34.6075137598819],[-120.289601825662,34.6071864153062],[-120.290558920375,34.606982962471],[-120.291030241881,34.6063282675269],[-120.292306347867,34.6060569794651],[-120.292708747092,34.6062486819548],[-120.294941914083,34.6057738865164],[-120.29816120425,34.607307394332],[-120.298244598383,34.6075669166966],[-120.298647020192,34.6077585984095],[-120.298730416442,34.6080181202972],[-120.299132841804,34.6082098002405],[-120.299451869796,34.60814195755411],[-120.300256727382,34.6085253109905],[-120.300575755689,34.6084574652587],[-120.300978187913,34.6086491387518],[-120.301297216098,34.6085812910591],[-120.302102087409,34.6089646315949],[-120.30242111591,34.6088967808569],[-120.302823554996,34.6090884478996],[-120.304099665148,34.6088170318459],[-120.306111899269,34.6097753239612],[-120.306195322755,34.6100348399382],[-120.306597777124,34.6102264937372],[-120.306931482902,34.61126455493121],[-120.307333945498,34.6114562059327],[-120.307584235387,34.6122347493902],[-120.307986704652,34.6124263979367],[-120.308153570495,34.6129454255517],[-120.308556044872,34.6131370719858],[-120.309056665195,34.6146941495527],[-120.313484117885,34.6168021435173],[-120.31603650903,34.6162590691413],[-120.316507671296,34.6156042781701],[-120.316826714551,34.6155363885937],[-120.317631735283,34.6159196191755],[-120.317715204076,34.6161791251558],[-120.320905624525,34.6155001574165],[-120.321376740919,34.6148453462599],[-120.324248043353,34.6142341883494],[-120.324483584533,34.6139067758697],[-120.326397751581,34.6134992938234],[-120.326633281417,34.61317187674311],[-120.327271329499,34.6130360410486],[-120.328076375968,34.613419200725],[-120.328714423555,34.6132833571868],[-120.331532155162,34.6146243559003],[-120.33161566922,34.61488385231991],[-120.332018211846,34.6150754175115],[-120.332185244762,34.6155944092619],[-120.332587792499,34.6157859723402],[-120.332838350754,34.6165644579297],[-120.333240905162,34.6167560185518],[-120.333491473139,34.61753450190371],[-120.333894034217,34.6177260600696],[-120.333977559556,34.6179855539088],[-120.33679555388,34.6193264186954],[-120.337114594672,34.6192584740007],[-120.337517173708,34.6194500193174],[-120.339112371438,34.619110277276],[-120.340996260157,34.616490735275],[-120.341398834397,34.6166822678046],[-120.344459866665,34.6124254214074],[-120.344778872237,34.6123574552654],[-120.345014320736,34.6120300007209],[-120.345333324189,34.6119620330352],[-120.34573588559,34.6121535515826],[-120.346054888918,34.612085581936],[-120.346860018576,34.6124686125779],[-120.347498025296,34.6123326663172],[-120.347900593989,34.6125241773269],[-120.353323567917,34.6113684741727]]},"properties":{"segment_id":"f1b31c89ec0ca70ee87e706d","source_kmz":"santaynez","orientation":"unverified"}},{"type":"Feature","geometry":{"type":"LineString","coordinates":[[-120.232847528961,34.6161856235104],[-120.23365213979,34.6165694322985],[-120.233971259678,34.6165017690735],[-120.235982823907,34.6174612606649],[-120.236621066408,34.6173259207403],[-120.237023386127,34.6175178126113],[-120.237342506979,34.6174501402496],[-120.237744829135,34.61764202961],[-120.238702189659,34.6174390040111],[-120.239104515133,34.61763088869191],[-120.241019223733,34.6172248073172]]},"properties":{"segment_id":"7d4dfa236efaee2447ccf37b","source_kmz":"santaynez","orientation":"unverified"}},{"type":"Feature","geometry":{"type":"LineString","coordinates":[[-120.270553076345,34.5998671593263],[-120.275380964812,34.6021684100022],[-120.275699988706,34.6021006317256],[-120.2758666155,34.6026197113777],[-120.277475989735,34.6033867422087],[-120.2775593102,34.6036462804641],[-120.277878338283,34.60357849634981],[-120.279128227366,34.6074715509449],[-120.279530601272,34.6076632985248],[-120.279780598867,34.6084419047917],[-120.282597304807,34.6097840907135],[-120.283554450112,34.6095806958517],[-120.283956845974,34.609772427737],[-120.284594940924,34.6096368246114],[-120.284830636018,34.6093094904329],[-120.288021061607,34.608631415538]]},"properties":{"segment_id":"2e571b2ae5f9a15c10ca96b5","source_kmz":"santaynez","orientation":"unverified"}},{"type":"Feature","geometry":{"type":"LineString","coordinates":[[-120.205312387294,34.6078836770812],[-120.205395470313,34.6081432654363],[-120.205714580137,34.6080756787604],[-120.206116774977,34.608267679014],[-120.20619986111,34.6085272666863],[-120.207406462289,34.6091032578695],[-120.20757264557,34.6096224307641],[-120.207974853073,34.6098144242911],[-120.2081410417,34.6103335959672],[-120.208945468926,34.6107175773788],[-120.209028567191,34.6109771623333],[-120.209430785358,34.6111691505591],[-120.209513885738,34.6114287350383],[-120.210318331179,34.6118127065303],[-120.210401435231,34.6120722901927],[-120.210803662506,34.6122642734588],[-120.211052982683,34.6130430226189],[-120.211455216626,34.613235003435],[-120.211538326025,34.6134945858792],[-120.211857452568,34.6134269828254],[-120.212259690507,34.6136189607901],[-120.21275837396,34.615176449351],[-120.212522355846,34.6155036359005],[-120.212605471268,34.6157632169327],[-120.213007723222,34.6159551918247],[-120.21309084076,34.6162147723817],[-120.213493096269,34.6164067455066],[-120.213576215922,34.6166663255884],[-120.21518526417,34.6174342024647],[-120.215823542847,34.6172989761477],[-120.216628080722,34.6176829016936],[-120.218223772051,34.6173448097137],[-120.218626046189,34.6175367649259],[-120.220540860001,34.6171310191103],[-120.220776849142,34.6168038169541],[-120.222053374285,34.6165332995322],[-120.222289355199,34.6162060941043],[-120.222608483532,34.6161384618879],[-120.22301076228,34.61633040226],[-120.223329890494,34.6162627680825],[-120.22373217168,34.6164547059442],[-120.224051299776,34.6163870698056],[-120.224453583401,34.616579005157],[-120.225091838799,34.6164437280807],[-120.225896413802,34.6168275901681],[-120.226534668728,34.6166923052472],[-120.226936960107,34.6168842319831],[-120.227894339627,34.6166812947731],[-120.228296634325,34.6168732168298],[-120.229892257889,34.6165349651899],[-120.230128205625,34.6162077439312],[-120.230447327104,34.6161400903041],[-120.230683271285,34.6158128677813],[-120.2316406277,34.6156098996329],[-120.232847528961,34.6161856235104]]},"properties":{"segment_id":"85590595f6c73860e727f090","source_kmz":"santaynez","orientation":"unverified"}},{"type":"Feature","geometry":{"type":"LineString","coordinates":[[-120.25619621415,34.5965395807361],[-120.256515231631,34.59647185443121],[-120.256917492203,34.59666368223861],[-120.257236509564,34.5965959539731],[-120.258443304574,34.5971714255847],[-120.259400357255,34.596968225772],[-120.261411728776,34.5979273003346],[-120.261494989433,34.5981868516206],[-120.262701840968,34.598762278215],[-120.26302086192,34.5986945343096],[-120.263825440468,34.5990781427387],[-120.264463482451,34.5989426479617],[-120.264865775597,34.5991344478681],[-120.265503816222,34.5989989474171],[-120.266308410256,34.5993825386134],[-120.266627430607,34.5993147849047],[-120.268236644382,34.6000819458423],[-120.269193707347,34.5998786664468],[-120.269596017097,34.6000704498621],[-120.270553076345,34.5998671593263]]},"properties":{"segment_id":"705828f1cc7bdd0feec08017","source_kmz":"santaynez","orientation":"unverified"}},{"type":"Feature","geometry":{"type":"LineString","coordinates":[[-120.241019223733,34.6172248073172],[-120.241962822696,34.61591582984081],[-120.241879608528,34.61565626974931],[-120.245389775859,34.6149116781186],[-120.250342777154,34.6080392372399],[-120.250259543329,34.60777968084961],[-120.251202870547,34.6064706150361],[-120.251036401058,34.6059515024425],[-120.251272226992,34.6056242346488],[-120.251105758859,34.6051051216659],[-120.251341581918,34.6047778534244],[-120.25125834825,34.6045182968053],[-120.251494168873,34.6041910280423],[-120.251078006723,34.602893243302],[-120.250675728228,34.6027013967144],[-120.250093135589,34.6008844900472],[-120.253158568008,34.59662996309031],[-120.253963076137,34.5970136403309],[-120.25619621415,34.5965395807361]]},"properties":{"segment_id":"a2f8027813bbb2c3bcf2e966","source_kmz":"santaynez","orientation":"unverified"}},{"type":"Feature","geometry":{"type":"LineString","coordinates":[[-120.194257066867,34.6063440816788],[-120.194576179,34.6062765252935],[-120.194978336815,34.6064685642763],[-120.195297448831,34.6064010059301],[-120.195699609085,34.6065930424034],[-120.197295163004,34.6062552321002],[-120.197697327462,34.6064472617274],[-120.198654654444,34.606244561772],[-120.199056822224,34.6064365867212],[-120.200014145509,34.6062338756225],[-120.200818489708,34.6066179147397],[-120.201137597236,34.6065503404516],[-120.201220664804,34.60680993216],[-120.201858880184,34.6066747805388],[-120.202663238134,34.6070588067663],[-120.203301453048,34.6069236473015],[-120.205312387294,34.6078836770812]]},"properties":{"segment_id":"9350c56920a057c189d50fde","source_kmz":"santaynez","orientation":"unverified"}},{"type":"Feature","geometry":{"type":"LineString","coordinates":[[-120.187070416012,34.60731089748471],[-120.187708660259,34.6071758232454],[-120.188110805692,34.6073678856775],[-120.192259344671,34.6064898035406],[-120.19266149784,34.6066818504536],[-120.194257066867,34.6063440816788]]},"properties":{"segment_id":"0faa153cdda2b20748a49eef","source_kmz":"santaynez","orientation":"unverified"}},{"type":"Feature","geometry":{"type":"LineString","coordinates":[[-120.168618790026,34.595416131192],[-120.170214231559,34.5950786865811],[-120.172224446802,34.5960392985139],[-120.172543535647,34.59597180154201],[-120.173749690094,34.5965481483502],[-120.17383265496,34.5968077624103],[-120.174234711995,34.596999874822],[-120.17440064651,34.5975191018582],[-120.174802708655,34.5977112121625],[-120.175217562475,34.5990092757033],[-120.175619634399,34.599201382877],[-120.175785582939,34.5997206066734],[-120.176187659973,34.5999127117399],[-120.176270636636,34.6001723230961],[-120.176672717224,34.6003644263964],[-120.176838675334,34.6008836480248],[-120.177240761033,34.6010757492178],[-120.177738658074,34.6026334088426],[-120.177502530062,34.6029605291821],[-120.177668499317,34.6034797481325],[-120.17807060058,34.6036718459144],[-120.178236575177,34.6041910636472],[-120.181051361757,34.6055357034417],[-120.18137048209,34.6054681830696],[-120.184185369674,34.6068127454414],[-120.184823614849,34.6066776868895],[-120.185627888195,34.6070618304037],[-120.186266132907,34.6069267640081],[-120.187070416012,34.60731089748471]]},"properties":{"segment_id":"5006bead04a7c232b448af9c","source_kmz":"santaynez","orientation":"unverified"}},{"type":"Feature","geometry":{"type":"LineString","coordinates":[[-120.15906597181,34.5921701590472],[-120.160271966487,34.5927466474654],[-120.160591052176,34.59267918289881],[-120.16099305484,34.5928713417716],[-120.16163122543,34.5927364078404],[-120.162033230977,34.5929285631207],[-120.162352315879,34.5928610937561],[-120.162754323866,34.5930532465279],[-120.163073408654,34.5929857752027],[-120.163475419081,34.5931779254658],[-120.163794503753,34.59311045218],[-120.165804588069,34.5940711767037],[-120.166136333537,34.5951096575753],[-120.166538362618,34.5953017968413],[-120.166857453382,34.5952343153475],[-120.167259484903,34.5954264521048],[-120.167897665646,34.5952914843192],[-120.168299700049,34.5954836174838],[-120.168618790026,34.595416131192]]},"properties":{"segment_id":"ae6ac6b1d8e2b11401d42410","source_kmz":"santaynez","orientation":"unverified"}},{"type":"Feature","geometry":{"type":"LineString","coordinates":[[-120.143874447464,34.585126501308],[-120.144276369322,34.5853187193334],[-120.144914506744,34.585183875606],[-120.144997362609,34.5854435134254],[-120.145399288905,34.5856357275183],[-120.146037426986,34.5855008777027],[-120.151262662163,34.5879995031021],[-120.15221988237,34.5877971795404],[-120.152621838851,34.5879893682711],[-120.152940911582,34.5879219242466],[-120.15302379733,34.5881815555771],[-120.155033619695,34.5891424707378],[-120.15535269508,34.5890750202111],[-120.15575466599,34.5892671978855],[-120.155837562627,34.5895268268294],[-120.156641513551,34.5899111772223],[-120.156807314717,34.5904304333442],[-120.157611279856,34.5908147766743],[-120.157694184385,34.5910744038523],[-120.158498160628,34.5914587408016],[-120.15866397758,34.59197799339171],[-120.15906597181,34.5921701590472]]},"properties":{"segment_id":"9f919b447e066d6b6fb4d06d","source_kmz":"santaynez","orientation":"unverified"}},{"type":"Feature","geometry":{"type":"LineString","coordinates":[[-120.136179946889,34.5834264004885],[-120.136983736678,34.5838108888054],[-120.140174402903,34.5831368332033],[-120.14178202417,34.5839057494017],[-120.142101089504,34.5838383346848],[-120.143306827762,34.5844150036264],[-120.143472527605,34.5849342818581],[-120.143874447464,34.585126501308]]},"properties":{"segment_id":"7f054e3ee7e6c85591159fb5","source_kmz":"santaynez","orientation":"unverified"}},{"type":"Feature","geometry":{"type":"LineString","coordinates":[[-120.09580863253,34.5839102112376],[-120.096765947042,34.5837083412923],[-120.097167744388,34.583900721724],[-120.097486848558,34.5838334289048],[-120.099495867496,34.5847953042896],[-120.100134078613,34.5846607051858],[-120.100535889286,34.5848530738246],[-120.100854994455,34.5847857718738],[-120.101256807571,34.5849781380053],[-120.101575912629,34.5849108340941],[-120.101658622686,34.585170502713],[-120.102462258914,34.5855552278569],[-120.103738681142,34.5852859939485],[-120.103975067145,34.5849590163732],[-120.104932373318,34.5847570797223],[-120.106350619373,34.5827951896475],[-120.10666971099,34.582727871654],[-120.106906076781,34.5824008872119]]},"properties":{"segment_id":"3e52402575fce6f483219021","source_kmz":"santaynez","orientation":"unverified"}},{"type":"Feature","geometry":{"type":"LineString","coordinates":[[-120.106906076781,34.5824008872119],[-120.107863343634,34.58219892595831],[-120.108572415022,34.5812179630112],[-120.108489685978,34.5809582981429],[-120.108808768154,34.5808909741664],[-120.109210580817,34.5810833137683],[-120.10984874439,34.5809486610178],[-120.111456018577,34.5817179965188],[-120.112094183477,34.5815833315932],[-120.112496007908,34.5817756597417],[-120.113772332815,34.5815063150339],[-120.113855080182,34.5817659760004],[-120.115131400196,34.581496616436],[-120.115935065261,34.5818812504448],[-120.116254144763,34.5818139061945],[-120.117057818709,34.5821985323403],[-120.11801505654,34.5819964878275],[-120.118416897842,34.5821887955139],[-120.120331361159,34.5817846763116],[-120.12073320712,34.5819769760732],[-120.121052282837,34.5819096187202],[-120.12145413124,34.5821019159742],[-120.121773206845,34.5820345566609],[-120.122175057689,34.5822268514073],[-120.122494133182,34.5821594901337],[-120.122895986468,34.5823517823724],[-120.123853210941,34.5821496900399],[-120.124656926168,34.58253426374401],[-120.125295074811,34.5823995268041],[-120.125696936308,34.5825918093529],[-120.126016010239,34.5825244384841],[-120.126417874178,34.5827167185253],[-120.127056021258,34.5825819719902],[-120.128663500544,34.5833510692447],[-120.128982575023,34.5832836903277],[-120.130991971308,34.584245024433],[-120.131949198054,34.5840428661681],[-120.132185460969,34.58371583105251],[-120.132823606243,34.5835810531515],[-120.133059864049,34.5832540160982],[-120.133698003988,34.5831192333497],[-120.133934256686,34.5827921943588],[-120.134891457758,34.5825900116494],[-120.135695232447,34.5829745091939],[-120.135778054992,34.58323415419361],[-120.136179946889,34.5834264004885]]},"properties":{"segment_id":"039b58aa2ddb520e1367437c","source_kmz":"santaynez","orientation":"unverified"}},{"type":"Feature","geometry":{"type":"LineString","coordinates":[[-120.034278933838,34.5874462265375],[-120.034917280199,34.5873119842616],[-120.036122272559,34.5878897572176],[-120.03636975452,34.5886688989654],[-120.037574778877,34.58924665606041],[-120.037893956906,34.5891795264888],[-120.038130633174,34.5888526836881],[-120.038532311299,34.5890452647137],[-120.038851487665,34.5889781325102],[-120.039253168237,34.5891707110296],[-120.039572344494,34.5891035768655]]},"properties":{"segment_id":"ce6995d9c314ba62ec34cf00","source_kmz":"santaynez","orientation":"unverified"}},{"type":"Feature","geometry":{"type":"LineString","coordinates":[[-120.008424044199,34.59288008950701],[-120.008743262518,34.592813039875],[-120.009546515496,34.5931984009252],[-120.009865734155,34.5931313482493],[-120.010267364093,34.5933240255574],[-120.010504169813,34.592997240265],[-120.011142603257,34.592863128771],[-120.011379403866,34.5925363415363],[-120.014571522319,34.591865724704],[-120.014973157409,34.5920583861022],[-120.017207610509,34.5915888945299],[-120.017609250729,34.5917815469227],[-120.017846020697,34.591454746184],[-120.019761237968,34.5910522800888],[-120.020162881763,34.5912449238153],[-120.024950844414,34.5902386041397],[-120.025424310844,34.5895849711752],[-120.029573737248,34.5887126503198],[-120.029810447254,34.5883858242108],[-120.030129628468,34.5883187157938],[-120.030366334918,34.5879918884145],[-120.031962224907,34.587656329813],[-120.032363881456,34.58784893231],[-120.032600577025,34.58752210023121],[-120.033558101046,34.5873207492788],[-120.033959759826,34.5875133463595],[-120.034278933838,34.5874462265375]]},"properties":{"segment_id":"ae56fa3efa7031d87918747d","source_kmz":"santaynez","orientation":"unverified"}},{"type":"Feature","geometry":{"type":"LineString","coordinates":[[-120.039572344494,34.5891035768655],[-120.040375712533,34.5894887274691],[-120.040694889128,34.5894215902612],[-120.042703346467,34.59038443645301],[-120.043660879619,34.5901830033152],[-120.044134187547,34.5895292944751],[-120.045410878219,34.58926069930661],[-120.047419390097,34.5902234645705],[-120.047666993356,34.5910025803458],[-120.048068706397,34.5911951281106],[-120.04870705976,34.591060811026],[-120.049108775693,34.5912533552011],[-120.052938854647,34.5904473660027],[-120.053175471202,34.5901204931803],[-120.053813806822,34.5899861480236],[-120.054050418267,34.5896592732605],[-120.054688748559,34.5895249232527],[-120.055398561564,34.5885442913459],[-120.05603688031,34.5884099338027],[-120.057929602104,34.5857948783124],[-120.058567893757,34.5856605065238],[-120.058804471872,34.585333620552],[-120.059123615312,34.5852664326709],[-120.059525327079,34.585458942262],[-120.059844470411,34.58539175242041],[-120.059679331204,34.5848723560003],[-120.060152471214,34.58421857838],[-120.059987332443,34.5836991817149],[-120.060933584902,34.5823916198711],[-120.061252714351,34.582324425951],[-120.061962378033,34.5813437462701],[-120.061879805362,34.58108404845],[-120.062352903594,34.5804302591479],[-120.073521777897,34.5780778091726],[-120.075932069463,34.5792325574784],[-120.076251172842,34.5791653223352],[-120.077054620248,34.5795502248837],[-120.077373723962,34.579482986697],[-120.077775451109,34.5796754347528],[-120.078094554713,34.5796081946057],[-120.081710193007,34.5813401533045],[-120.082667512496,34.5811383983517],[-120.082903974904,34.58081146191961],[-120.084499488513,34.5804751827708],[-120.084582136488,34.5807348647662],[-120.084983888075,34.5809272877543],[-120.085302990575,34.5808600280039],[-120.085704744605,34.5810524484851],[-120.086662050111,34.5808506607216],[-120.087867328197,34.581427903874],[-120.088824632707,34.5812260984672],[-120.092842369604,34.5831501172736],[-120.093161474441,34.5830828362169],[-120.093563259571,34.5832752291841],[-120.093882364297,34.583207946167],[-120.095087733012,34.58378511327631],[-120.095406838516,34.583717826132],[-120.09580863253,34.5839102112376]]},"properties":{"segment_id":"0fd1078db4250eb9e592c151","source_kmz":"santaynez","orientation":"unverified"}},{"type":"Feature","geometry":{"type":"LineString","coordinates":[[-119.850392010445,34.6325975762698],[-119.851350565904,34.6323977295561],[-119.851752004154,34.6325909432567],[-119.852079693123,34.6336302660523],[-119.852481139598,34.6338234769853],[-119.853759225512,34.6335569904563],[-119.853996815972,34.6332305374881],[-119.854316334519,34.633163912986],[-119.855029089191,34.6321845484566],[-119.855668115304,34.6320512927754],[-119.855586181845,34.6317914643372],[-119.856225203747,34.6316582055519],[-119.856462777952,34.631331746886],[-119.858379821109,34.6309319454057],[-119.858781269317,34.6311251352722],[-119.860378792392,34.6307919377976],[-119.861091448361,34.6298125337301],[-119.861009499042,34.6295527084522],[-119.861247046565,34.6292262393013],[-119.861083148675,34.628706588495],[-119.861320693286,34.6283801188892],[-119.861238744715,34.6281202933609],[-119.861476286867,34.6277938232272],[-119.863712702644,34.6273272873195],[-119.863950231908,34.6270008118709],[-119.864269716118,34.626934159697],[-119.864507241821,34.6266076829742],[-119.86546568648,34.6264077191618],[-119.865867128899,34.6266008856518],[-119.866825569956,34.626400910684],[-119.867063083224,34.6260744285737],[-119.867382560919,34.6260077678209],[-119.867620070626,34.6256812844366],[-119.868897969679,34.6254146299482],[-119.86881599878,34.6251548088826],[-119.86905349981,34.6248283222768],[-119.86897152901,34.6245685011518],[-119.869209027582,34.6242420140181],[-119.868963117131,34.6234625500683],[-119.86920061234,34.6231360625523],[-119.869118642839,34.6228762410441],[-119.870781049961,34.6205908121222],[-119.870699077847,34.6203309909907],[-119.871337978936,34.620197647878],[-119.871575454082,34.6198711543552],[-119.871976877821,34.6200643012521],[-119.872935222014,34.619864274726],[-119.874597451511,34.6175787838852],[-119.875236323126,34.6174454190497],[-119.875637743414,34.6176385538881],[-119.875957178847,34.6175718690698],[-119.876432071976,34.6169188607488],[-119.876350084762,34.6166590425255],[-119.876669515532,34.6165923556873],[-119.878094134744,34.6146333127037]]},"properties":{"segment_id":"434f52a4148946bba6d770c4","source_kmz":"santaynez","orientation":"unverified"}},{"type":"Feature","geometry":{"type":"LineString","coordinates":[[-119.815239269758,34.6280143161513],[-119.816190202147,34.6267088060338],[-119.816509726298,34.6266422844243],[-119.817713696003,34.6272222839619],[-119.817959101508,34.6280018524125],[-119.818360433421,34.6281951817431],[-119.81844223791,34.628455037293],[-119.818843573385,34.6286483648675],[-119.819007187122,34.6291680748987],[-119.820211214918,34.6297480470853],[-119.821808875689,34.6294153763944],[-119.822997418984,34.6277834229487],[-119.8236364639,34.6276503417825],[-119.824439154485,34.6280369601767],[-119.825717241345,34.6277707786358],[-119.827724012014,34.6287372781115],[-119.828363056677,34.6286041712376],[-119.83237675766,34.6305370420384],[-119.832458611755,34.6307968871012],[-119.83285999445,34.6309901660354],[-119.83413810114,34.6307238932632],[-119.834539487655,34.6309171664445],[-119.835178538604,34.6307840226205],[-119.835579928034,34.6309772922153],[-119.836218977688,34.6308441427106],[-119.836382712917,34.631363827145],[-119.837988306774,34.632136879965],[-119.838627361866,34.6320037174607],[-119.839430172653,34.6323902310175],[-119.839512052428,34.6326500706073],[-119.840314874354,34.6330365778108],[-119.840634403891,34.6329699907028],[-119.841109690074,34.6323171371149],[-119.842068266055,34.632117366477],[-119.842871095231,34.6325038563472],[-119.843510144944,34.6323706671959],[-119.843592038415,34.6326305039325],[-119.843911563449,34.6325639078342],[-119.844312983962,34.6327571470525],[-119.844632508899,34.6326905489924],[-119.845033931872,34.6328837857072],[-119.845672980999,34.6327505847847],[-119.846148223267,34.6320977105478],[-119.846467743896,34.6320311074213],[-119.846705360464,34.6317046687279],[-119.847663914381,34.6315048520566],[-119.850072490857,34.6326641900841],[-119.850392010445,34.6325975762698]]},"properties":{"segment_id":"4568c2794926c4cfa8fa25c9","source_kmz":"santaynez","orientation":"unverified"}},{"type":"Feature","geometry":{"type":"LineString","coordinates":[[-119.75132214863,34.6413004360696],[-119.751560195528,34.6409741943342],[-119.751233827584,34.6399345986848],[-119.750431379912,34.6395474826377],[-119.750349792406,34.6392875827258],[-119.750825880002,34.6386351011664],[-119.75114550966,34.63856875917731],[-119.751859621317,34.6375900302975],[-119.751778031074,34.6373301308218],[-119.752492123274,34.6363513967404],[-119.753450977972,34.6361523539643]]},"properties":{"segment_id":"b9227e73ddca462c42214a9a","source_kmz":"santaynez","orientation":"unverified"}},{"type":"Feature","geometry":{"type":"LineString","coordinates":[[-119.984617388845,34.5865197677222],[-119.985420456199,34.5869052973858],[-119.985739669791,34.5868383101798],[-119.986141206918,34.58703107179551],[-119.986460420404,34.586964082629],[-119.986861959982,34.5871568417396],[-119.98750038619,34.5870228586077],[-119.989508118583,34.5879866219991],[-119.989672793075,34.5885061156966],[-119.990877465856,34.5890843546328],[-119.995346465535,34.588146247364],[-120.000567003905,34.590651604382],[-120.000814136429,34.5914308190173],[-120.00402698087,34.592972449575],[-120.004346203383,34.5929054119675],[-120.005551054419,34.5934834967086],[-120.005787880559,34.5931567210368],[-120.006189500467,34.5933494123616],[-120.006508722661,34.5932823688719],[-120.006591122377,34.5935421022641],[-120.00754878864,34.5933409659128],[-120.007785605901,34.5930141861385],[-120.008424044199,34.59288008950701]]},"properties":{"segment_id":"bc33f9cdd6f69e49058684fe","source_kmz":"santaynez","orientation":"unverified"}},{"type":"Feature","geometry":{"type":"LineString","coordinates":[[-119.766704203636,34.6317391962901],[-119.767023791137,34.6316728103723],[-119.767261742092,34.6313465331969],[-119.768220496641,34.6311473681466],[-119.769825403765,34.63192135745],[-119.770144989339,34.63185496301],[-119.770546221598,34.6320484557056],[-119.770865807078,34.6319820593036],[-119.771267041802,34.63217554949721],[-119.771586627188,34.6321091511333],[-119.771987864376,34.6323026388249],[-119.772627034411,34.6321698372946],[-119.77302827452,34.632363321401],[-119.773347859169,34.6322969182345],[-119.773749101742,34.6324903998389],[-119.775027436668,34.6322247740522],[-119.775265355531,34.6318984807801],[-119.775584936336,34.6318320714618],[-119.775822851636,34.6315057769131],[-119.776781586094,34.6313065416618],[-119.777182832121,34.6315000116881],[-119.778461138862,34.6312343480507],[-119.778936939485,34.63058174621],[-119.778855265584,34.6303218636379],[-119.779093162427,34.62999556188731],[-119.778929815362,34.6294757964932],[-119.779405601201,34.6288231914765],[-119.779323927582,34.6285633087271]]},"properties":{"segment_id":"2496afb8fe795793e654f2a4","source_kmz":"santaynez","orientation":"unverified"}},{"type":"Feature","geometry":{"type":"LineString","coordinates":[[-119.779323927582,34.6285633087271],[-119.779963054085,34.6284304665248],[-119.780765534212,34.6288173845404],[-119.780928892232,34.6293371477465],[-119.780453116091,34.6299897585945],[-119.780534795015,34.63024964014521],[-119.78093604495,34.6304430975106],[-119.781894753041,34.6302438200771],[-119.782370518572,34.6295912035428],[-119.782690083729,34.6295247746252],[-119.782927961928,34.6291984647808],[-119.783730464873,34.6295853621073],[-119.784057226237,34.6306248788206],[-119.784376794219,34.6305584453663],[-119.784778055375,34.6307518894737],[-119.785491668827,34.6297729467115],[-119.78613079473,34.6296400709538],[-119.786368658756,34.6293137541473],[-119.787007779353,34.6291808735258],[-119.787409039942,34.6293743088935],[-119.787490741605,34.6296341857583],[-119.788293271916,34.6300210515641],[-119.788768982043,34.6293684088207],[-119.789088540778,34.6293019623895],[-119.789564239763,34.6286493158903],[-119.790203349371,34.6285164176941],[-119.790441192743,34.6281900921931],[-119.790760745169,34.6281236411025],[-119.790998584979,34.62779731432541],[-119.791318135301,34.6277308616818],[-119.791719399149,34.6279242825586],[-119.792038949377,34.6278578279532],[-119.792440215688,34.6280512463277],[-119.792759765821,34.6279847897605],[-119.79396357817,34.6285650331192],[-119.794283129117,34.628498572424],[-119.794684404371,34.6286919829553],[-119.795962604483,34.6284261270552],[-119.796363883564,34.6286195318348],[-119.798600715779,34.628154242598],[-119.79900200005,34.62834763837651],[-119.799641090931,34.6282146885202],[-119.800042378119,34.6284080807132],[-119.801001011681,34.62820864608921],[-119.801402302241,34.6284020336135],[-119.80300001612,34.6280696195845],[-119.803713373986,34.6270905626656],[-119.805950117696,34.6266251319631],[-119.807956611381,34.6275919721037],[-119.808365461228,34.6288912858088],[-119.808766773759,34.6290846478968],[-119.809093869751,34.6301240951425],[-119.809495190506,34.6303174544656],[-119.810312984523,34.63291605998981],[-119.811271647494,34.63271654210541],[-119.811747180146,34.6320638077841],[-119.812386279826,34.6319307887715],[-119.813575060772,34.6302989357036],[-119.813894602017,34.6302324215088],[-119.815083324991,34.6286005500365],[-119.815001531642,34.6283406921772],[-119.815239269758,34.6280143161513]]},"properties":{"segment_id":"b7e14ba79fb18a86fe9481b2","source_kmz":"santaynez","orientation":"unverified"}},{"type":"Feature","geometry":{"type":"LineString","coordinates":[[-119.98324817585,34.5854219585519],[-119.983330489062,34.5856817106235],[-119.983732014179,34.5858744807712],[-119.983814329498,34.5861342323706],[-119.984617388845,34.5865197677222]]},"properties":{"segment_id":"e24f08d7ed28abc80e79e644","source_kmz":"santaynez","orientation":"unverified"}},{"type":"Feature","geometry":{"type":"LineString","coordinates":[[-119.753450977972,34.6361523539643],[-119.753770595107,34.6360860046144],[-119.754171808329,34.6362795526226],[-119.754491425371,34.6362132013106],[-119.754892641059,34.6364067468171],[-119.755212258008,34.6363403935431],[-119.755926297567,34.6353616374106],[-119.755844695999,34.6351017401353],[-119.75608270471,34.6347754869595],[-119.756402313891,34.6347091303115],[-119.756640319038,34.6343828758587],[-119.756959926116,34.634316517657],[-119.757197927701,34.6339902619272],[-119.757517532676,34.6339239021718],[-119.757993526709,34.6332713875563],[-119.758632728798,34.6331386627097],[-119.758870719693,34.6328124031492],[-119.760788303466,34.6324142034673],[-119.761264260583,34.6317616744429],[-119.76158385285,34.6316953034037],[-119.761821826841,34.6313690373135],[-119.763100184205,34.6311035416691],[-119.764705039136,34.6318776013282],[-119.765024628927,34.6318112208878],[-119.765425848139,34.6320047311725],[-119.766704203636,34.6317391962901]]},"properties":{"segment_id":"c5e4750f1cd04d492bd02336","source_kmz":"santaynez","orientation":"unverified"}},{"type":"Feature","geometry":{"type":"LineString","coordinates":[[-119.9791507532,34.5832344198856],[-119.980355265178,34.5838127707541],[-119.980674470391,34.5837457971614],[-119.981075978836,34.5839385768574],[-119.981158283173,34.5841983308903],[-119.983165863191,34.5851622063469],[-119.98324817585,34.5854219585519]]},"properties":{"segment_id":"9382c0be618565841b619ba2","source_kmz":"santaynez","orientation":"unverified"}},{"type":"Feature","geometry":{"type":"LineString","coordinates":[[-119.975537325361,34.581499290499],[-119.9791507532,34.5832344198856]]},"properties":{"segment_id":"7044f14d8fd48d411437eec6","source_kmz":"santaynez","orientation":"unverified"}},{"type":"Feature","geometry":{"type":"LineString","coordinates":[[-119.955571769488,34.5840235976429],[-119.957579025991,34.5849879130969],[-119.957898255771,34.58492100184831],[-119.958299713528,34.5851138595915],[-119.975537325361,34.581499290499]]},"properties":{"segment_id":"c358f4b151cdeb2b91fe7bbb","source_kmz":"santaynez","orientation":"unverified"}},{"type":"Feature","geometry":{"type":"LineString","coordinates":[[-119.932610453875,34.5727680984712],[-119.934617131938,34.5737328206947],[-119.934699269376,34.5739926104034],[-119.955571769488,34.5840235976429]]},"properties":{"segment_id":"153a0ba2e473416cf1162fb2","source_kmz":"santaynez","orientation":"unverified"}},{"type":"Feature","geometry":{"type":"LineString","coordinates":[[-119.878094134744,34.6146333127037],[-119.878331564259,34.61430680343731],[-119.8786509836,34.614240111008],[-119.878888409555,34.61391360046761],[-119.881124318627,34.6134467241594],[-119.881361731698,34.6131202083056],[-119.881681143521,34.6130535075041],[-119.882630769534,34.6117474353892],[-119.882548766971,34.6114876200263],[-119.882786168009,34.6111611005683],[-119.882704165545,34.6109012851454],[-119.882941564126,34.6105747651592],[-119.886774327052,34.6097742434929],[-119.88701170498,34.6094477148279],[-119.887650487975,34.6093142809099],[-119.888362600405,34.6083346872716],[-119.888681986414,34.608267966976],[-119.889631435366,34.6069618310229],[-119.889950814608,34.6068951071566],[-119.890188170279,34.6065685709935],[-119.890507547416,34.6065018455761],[-119.890982249636,34.6058487701015],[-119.891620996041,34.60571531394001],[-119.892022396348,34.6059083949962],[-119.892341769175,34.6058416645153],[-119.892579111513,34.6055151231122],[-119.892898482234,34.6054483910801],[-119.893299884347,34.605641467804],[-119.895216099804,34.6052410506736],[-119.895617506627,34.6054341194785],[-119.89753370494,34.6050336642395],[-119.897771022868,34.6047071119953],[-119.898409748119,34.6045736185452],[-119.898811159453,34.6047666765193],[-119.900407965186,34.6044329221131],[-119.90064526913,34.6041063638119],[-119.901046683619,34.6042994142044],[-119.901283984455,34.6039728545572],[-119.90160334129,34.6039060986129],[-119.901840638567,34.6035795376922],[-119.901758580112,34.6033197334611],[-119.901995874933,34.6029931720122],[-119.901585588674,34.6016941492285],[-119.901822879237,34.6013675875407],[-119.901740823189,34.6011077826581],[-119.903656882556,34.6007072250527],[-119.904131438122,34.6000540919444],[-119.90404937571,34.599794288304],[-119.904523922357,34.5991411529378],[-119.905481922944,34.5989408548224],[-119.906430973542,34.5976345688072],[-119.907388950521,34.5974342547155],[-119.907863454473,34.59678110406671],[-119.908182775922,34.5967143296011],[-119.908420023338,34.5963877527029],[-119.909058661475,34.5962541997923],[-119.908976586541,34.5959943985148],[-119.909688306091,34.5950146603957],[-119.910965553095,34.5947475367856],[-119.910883473353,34.5944877364121],[-119.911120702531,34.5941611532185],[-119.91103862289,34.5939013527843],[-119.911275849613,34.5935747690623],[-119.911029612648,34.5927953671787],[-119.911987517759,34.5925950142922],[-119.91269916787,34.5916152541159],[-119.912617085628,34.5913554540538],[-119.912854297874,34.5910288661991],[-119.91572791848,34.5904277377595],[-119.917862612704,34.587488365541],[-119.918181887144,34.5874215630482],[-119.919842081806,34.5851353463077],[-119.920799869197,34.5849349194355],[-119.92103702719,34.584608312623],[-119.921994804957,34.5844078758329],[-119.922231956287,34.5840812664016],[-119.923189724428,34.5838808196937],[-119.92366401176,34.583227594993],[-119.924302514883,34.5830939567751],[-119.931652847762,34.5729686249321],[-119.932610453875,34.5727680984712]]},"properties":{"segment_id":"9a8dee2ada18a4e912191f44","source_kmz":"santaynez","orientation":"unverified"}},{"type":"Feature","geometry":{"type":"LineString","coordinates":[[-119.918163849535,34.5658210497557],[-119.932610453875,34.5727680984712]]},"properties":{"segment_id":"3f636604ce817a22f0eb7edd","source_kmz":"santaynez","orientation":"unverified"}},{"type":"Feature","geometry":{"type":"LineString","coordinates":[[-119.901146516916,34.5668886054675],[-119.901228534667,34.5671484206968],[-119.901629758816,34.5673414770507],[-119.901711778671,34.5676012918085],[-119.903717937219,34.5685665505792],[-119.904037145768,34.5684997853424],[-119.904438383937,34.5686928317522],[-119.918163849535,34.5658210497557]]},"properties":{"segment_id":"c00fd03d3e924d0e7af8584a","source_kmz":"santaynez","orientation":"unverified"}},{"type":"Feature","geometry":{"type":"LineString","coordinates":[[-119.899588284328,34.5619520907781],[-119.901146516916,34.5668886054675]]},"properties":{"segment_id":"982e659851cbf9b2b5145c71","source_kmz":"santaynez","orientation":"unverified"}},{"type":"Feature","geometry":{"type":"LineString","coordinates":[[-119.878802384336,34.5510646470835],[-119.879621668478,34.5536629964505],[-119.879147190569,34.5543160638549],[-119.879548293055,34.55450919886771],[-119.879876024719,34.5555485340946],[-119.880195200121,34.5554818330669],[-119.880432439229,34.5551552979639],[-119.880833549274,34.5553484283784],[-119.881152723025,34.5552817247177],[-119.881553835524,34.5554748526297],[-119.88131660017,34.5558013898942],[-119.881562420015,34.5565808866585],[-119.881325181306,34.5569074235344],[-119.882062666507,34.5592459072641],[-119.881825421736,34.5595724441787],[-119.883429979456,34.5603449343347],[-119.883749171583,34.5602782239496],[-119.884551463362,34.5606644583415],[-119.885509039144,34.5604643154262],[-119.885910189391,34.5606574272449],[-119.887506140271,34.560323832754],[-119.88845502064,34.5590176364125],[-119.888291088731,34.5584979831369],[-119.888765515096,34.5578448816401],[-119.888683549066,34.55758505494461],[-119.890106777397,34.5556257364371],[-119.890425944295,34.5555590074434],[-119.890900334615,34.5549058951133],[-119.891219497859,34.5548391638959],[-119.891456688463,34.5545126061551],[-119.891775849605,34.554445873387],[-119.892013036656,34.5541193143713],[-119.894566293551,34.5535854152495],[-119.896170854301,34.5543577354832],[-119.896252842058,34.5546175578636],[-119.896653988803,34.5548106340329],[-119.896899960032,34.5555900993587],[-119.897301113434,34.5557831730931],[-119.898449066434,34.5594206573291],[-119.898850243566,34.559613724909],[-119.899588284328,34.5619520907781]]},"properties":{"segment_id":"739f2185f59efa9cb8313cc3","source_kmz":"santaynez","orientation":"unverified"}},{"type":"Feature","geometry":{"type":"LineString","coordinates":[[-119.544589743936,34.6223021442727],[-119.544828604373,34.621976317528],[-119.545148341206,34.6219105378514],[-119.545387198078,34.6215847098237],[-119.545706932816,34.6215189285901],[-119.546423486694,34.6205414388399],[-119.546342605425,34.6202813916545],[-119.546820297016,34.6196297289352],[-119.547779471679,34.6194323704037],[-119.5481800817,34.6196266287001],[-119.548260968466,34.6198866748021],[-119.54906219765,34.6202751864822],[-119.549381923844,34.620209395097],[-119.549620757612,34.6198835578016],[-119.550579928273,34.6196861763364]]},"properties":{"segment_id":"3f9ff9c3b5b7fb38ef08dc94","source_kmz":"santaynez","orientation":"unverified"}},{"type":"Feature","geometry":{"type":"LineString","coordinates":[[-119.550579928273,34.6196861763364],[-119.550899650739,34.6196203807553],[-119.551138476288,34.6192945401451],[-119.552097635765,34.6190971460921],[-119.556103917726,34.6210395180261],[-119.557382807902,34.6207762703564],[-119.557621609692,34.6204504169125],[-119.557941329324,34.6203846021187],[-119.558418923761,34.6197328920596],[-119.558738639746,34.6196670750319],[-119.558977432394,34.6193412184168],[-119.559297146283,34.6192753998323],[-119.559774722435,34.6186236834309],[-119.559374088476,34.618429464674],[-119.559293165848,34.6181694258474],[-119.558892535453,34.61797520534161],[-119.558730694933,34.6174551266286],[-119.559447046437,34.6164775526196],[-119.559766748081,34.6164117325413],[-119.56056799907,34.6168001668152],[-119.560729850581,34.6173202433605],[-119.561130482197,34.6175144577073],[-119.561535128259,34.6188146451113],[-119.562336413044,34.6192030662237],[-119.562656123501,34.619137238438],[-119.563133670478,34.6184855082079],[-119.563052735144,34.6182254720015],[-119.563291505151,34.6178996060496],[-119.563048701028,34.617119496859],[-119.563287467636,34.616793630516],[-119.563607167317,34.6167277999523],[-119.566011012165,34.61789300636681],[-119.566330714074,34.617827168431],[-119.566731362389,34.6180213634634],[-119.567690466234,34.617823841132],[-119.567929215448,34.617497965558],[-119.566727275651,34.6169153881986],[-119.566646329871,34.6166553540293],[-119.567123827872,34.616003605699],[-119.568722288159,34.6156743913103],[-119.568803239895,34.615934424324],[-119.569604531342,34.6163227968308],[-119.569924223695,34.6162569489477],[-119.570401691598,34.6156051869338],[-119.572805603948,34.6167702550033],[-119.573210442495,34.6180704030355],[-119.573611109355,34.6182645744241]]},"properties":{"segment_id":"be275bd948968327ba4c568f","source_kmz":"santaynez","orientation":"unverified"}},{"type":"Feature","geometry":{"type":"LineString","coordinates":[[-119.573611109355,34.6182645744241],[-119.574250502752,34.618132856136],[-119.575921518064,34.6158516213575],[-119.576241203087,34.6157857561554],[-119.578150801695,34.6131785889528],[-119.578470473764,34.6131127174558],[-119.578709162981,34.6127868181541],[-119.579348502383,34.6126550711679],[-119.579587186486,34.6123291699069],[-119.581185517698,34.611999783666],[-119.581424192034,34.6116738784152],[-119.582063517603,34.6115421164088],[-119.582302186823,34.6112162091988],[-119.583261166437,34.6110185575627],[-119.583499828992,34.6106926477167],[-119.585417764201,34.6102973166386],[-119.585818421432,34.6104914478376],[-119.586138075854,34.6104255551645],[-119.586219080675,34.6106855776208],[-119.587020405198,34.6110738329396],[-119.587340061004,34.6110079370203],[-119.587740726745,34.6112020614737],[-119.588699692276,34.6110043651931],[-119.588938331858,34.61067844423241],[-119.589577636385,34.6105466409612],[-119.589978305354,34.6107407578402],[-119.590617608623,34.6106089488872],[-119.59181963037,34.6111912845359],[-119.591900655104,34.6114513028314],[-119.593102699614,34.6120336247347],[-119.593422354203,34.6119677122438]]},"properties":{"segment_id":"cf4f67553baa5e167809746e","source_kmz":"santaynez","orientation":"unverified"}},{"type":"Feature","geometry":{"type":"LineString","coordinates":[[-119.86180321294,34.5435379666834],[-119.86371805329,34.5431380384325],[-119.864921077372,34.5437176055435],[-119.865166693652,34.5444971474259],[-119.865567710338,34.5446903326096],[-119.866140845096,34.5465092566294],[-119.866541874642,34.54670243802801],[-119.866705635482,34.5472221287277],[-119.867343939742,34.5470887965656],[-119.868948093973,34.5478614966019],[-119.869586399643,34.547728152273],[-119.86998744411,34.5479213215681],[-119.870306596571,34.5478546470052],[-119.870707643491,34.5480478137984],[-119.871665098928,34.5478477815975],[-119.872066149204,34.5480409437246],[-119.872704450981,34.5479075823717],[-119.873907616531,34.5484870537406],[-119.874382102918,34.5478340033492],[-119.874783159906,34.5480271561439],[-119.875102308671,34.5479604684764],[-119.875184218896,34.5482203075186],[-119.875986342883,34.5486066060079],[-119.876150171189,34.5491262823398],[-119.875912932496,34.549452810955],[-119.876314001696,34.5496459581377],[-119.876633155819,34.5495792664062],[-119.877435301129,34.5499655543473],[-119.877517221311,34.5502253911656],[-119.877918298521,34.550418532668],[-119.878000220806,34.5506783690148],[-119.878802384336,34.5510646470835]]},"properties":{"segment_id":"3e75c77b31f5dbbee71f72ad","source_kmz":"santaynez","orientation":"unverified"}},{"type":"Feature","geometry":{"type":"LineString","coordinates":[[-119.848308849983,34.5449706718909],[-119.849110806074,34.5453571564645],[-119.849429965941,34.5452905387922],[-119.853840872619,34.5474160905417],[-119.855436688556,34.5470829295072],[-119.855837694347,34.5472761475565],[-119.856476017777,34.5471428748349],[-119.857278037176,34.5475293023463],[-119.857597198969,34.547462662505],[-119.857998212124,34.5476558730491],[-119.85831737382,34.5475892312481],[-119.858554681051,34.5472627377147],[-119.85983131613,34.5469961590402],[-119.859749458761,34.5467363088694],[-119.860461348472,34.5457568167861],[-119.861099651403,34.5456235185512],[-119.861336940866,34.5452970186383],[-119.861656089955,34.545230367531],[-119.861410506716,34.544450818906],[-119.861647791271,34.5441243179296],[-119.86156593084,34.5438644681916],[-119.86180321294,34.5435379666834]]},"properties":{"segment_id":"4c00f7a891a5333dfbcd6b85","source_kmz":"santaynez","orientation":"unverified"}},{"type":"Feature","geometry":{"type":"LineString","coordinates":[[-119.822595398847,34.5475652235217],[-119.8230703126,34.5469123811301],[-119.823708689432,34.54677928755571],[-119.823946140201,34.5464528641077],[-119.824265326243,34.5463863153299],[-119.824502773458,34.5460598906049],[-119.825141140792,34.5459267890683],[-119.82505940106,34.5456669142736],[-119.826336125134,34.5454007014828],[-119.826573560588,34.54507427218271],[-119.827211916229,34.5449411591729],[-119.827449346578,34.5446147279221],[-119.827768522024,34.5445481694268],[-119.828169445571,34.5447414830746],[-119.829126969972,34.5445417990762],[-119.82952789688,34.5447351080592],[-119.830166244639,34.544601978841],[-119.830968106275,34.5449885882217],[-119.831287280236,34.5449220201322],[-119.83208915079,34.545308621672],[-119.832170913753,34.545568491648],[-119.832972795422,34.5459550868354],[-119.833210204578,34.5456286442396],[-119.83352937925,34.5455620700671],[-119.835534115247,34.5465285240653],[-119.835853291632,34.5464619436055],[-119.836254245293,34.5466552290651],[-119.839445983449,34.545989365371],[-119.839683365399,34.5456629096223],[-119.842236703962,34.5451301500796],[-119.842637666667,34.5453234139011],[-119.843275996717,34.5451902130742],[-119.843513360057,34.54486374924251],[-119.846704961833,34.5441976857088],[-119.848308849983,34.5449706718909]]},"properties":{"segment_id":"5cf6c1ff4b0b18d2fa078763","source_kmz":"santaynez","orientation":"unverified"}},{"type":"Feature","geometry":{"type":"LineString","coordinates":[[-119.775828118789,34.5448449444723],[-119.776228914048,34.5450384364385],[-119.776310489102,34.5452983455789],[-119.777913696385,34.5460722979118],[-119.778158443439,34.5468520204924],[-119.778559254922,34.547045504019],[-119.77864083992,34.5473054109428],[-119.779442472001,34.5476923730668],[-119.780080930249,34.5475595182304],[-119.780318567445,34.547233183856],[-119.780637794196,34.5471667544464],[-119.781350689105,34.5461877456776],[-119.781269096183,34.5459278403207],[-119.781981971691,34.5449488263294],[-119.781900377954,34.5446889210508],[-119.782850848753,34.5433835608911],[-119.783808473195,34.5431842483872],[-119.784209279806,34.5433777133119],[-119.785166900676,34.5431783896612],[-119.785567710653,34.5433718499223],[-119.78652532795,34.543172515125],[-119.786926141294,34.5433659707224],[-119.787245346417,34.5432995229524],[-119.790051099115,34.5446536648408],[-119.790370306866,34.5445872086209],[-119.790771137151,34.5447806507058],[-119.79085276078,34.5450405497552],[-119.792456108161,34.5458143025596],[-119.793413737938,34.5456149117953],[-119.793814581155,34.5458083432044],[-119.794133790438,34.5457418767787],[-119.794534636112,34.5459353056873],[-119.7948538453,34.5458688373019],[-119.795655543569,34.5462556886994],[-119.795737185161,34.5465155839006],[-119.79605639571,34.5464491122699],[-119.796293962114,34.5461227449676],[-119.796130676567,34.5456029549806],[-119.79636824006,34.5452765872159],[-119.796286597656,34.5450166920931],[-119.796761717722,34.5443639548941],[-119.796680074959,34.5441040597792],[-119.797155186102,34.5434513203069],[-119.797073542981,34.5431914251998],[-119.797311095093,34.5428650546287],[-119.797949482818,34.5427321013338],[-119.798350322439,34.5429255177947],[-119.798988708878,34.5427925588246],[-119.799226251687,34.542466184209],[-119.799545442533,34.542399702733],[-119.801549672013,34.5433667438065],[-119.801631330354,34.543626635731],[-119.801950523921,34.5435601477647],[-119.803153091667,34.5441403511261],[-119.803472286045,34.5440738590367],[-119.804274008801,34.5444606520198],[-119.804593203537,34.544394156889],[-119.804994068374,34.5445875501704],[-119.806270843646,34.5443215565414],[-119.8066717123,34.54451494407691],[-119.807948480606,34.5442489320747],[-119.808349353077,34.5444423138641],[-119.810583679659,34.5439767514897],[-119.810984557306,34.5441701242878],[-119.812261305093,34.5439040650051],[-119.812662186555,34.5440974320571],[-119.813300558063,34.5439643949851],[-119.814503217189,34.5445444811362],[-119.814830032849,34.5455840103935],[-119.815230929434,34.5457773682567],[-119.815476051594,34.54655701278821],[-119.819084252898,34.5482971605909],[-119.820361040929,34.5480310139466],[-119.820598509663,34.5477045977692],[-119.821236897283,34.5475715178322],[-119.821637820176,34.5477648532567],[-119.822595398847,34.5475652235217]]},"properties":{"segment_id":"d1012d29a62884bf7480603b","source_kmz":"santaynez","orientation":"unverified"}},{"type":"Feature","geometry":{"type":"LineString","coordinates":[[-119.764762812836,34.5388403687251],[-119.765401223244,34.5387075928597],[-119.76580196064,34.5389011219687],[-119.766759573508,34.538701948341],[-119.767160314273,34.5388954727871],[-119.767241852391,34.5391553900653],[-119.76764259671,34.5393489127564],[-119.768050303267,34.5406484954653],[-119.768851813418,34.5410355332251],[-119.768376478374,34.5416881592349],[-119.769578765208,34.5422687097062],[-119.770217195637,34.5421359080111],[-119.771419503238,34.5427164392277],[-119.771738718994,34.5426500338183],[-119.773742607357,34.54361755207031],[-119.773824172562,34.5438774633646],[-119.774143391043,34.5438110514655],[-119.774224957798,34.544070962423],[-119.775828118789,34.5448449444723]]},"properties":{"segment_id":"6e11121c0af3407ed7d41c4c","source_kmz":"santaynez","orientation":"unverified"}},{"type":"Feature","geometry":{"type":"LineString","coordinates":[[-119.593422354203,34.6119677122438],[-119.5943813147,34.6117699694949],[-119.594619932691,34.6114440372061],[-119.595259233861,34.6113122029564],[-119.595659921064,34.6115063001846],[-119.595979571293,34.6114403806586],[-119.596380260969,34.6116344753887],[-119.596699911113,34.6115685539011],[-119.597177124287,34.6109166791016],[-119.597496770784,34.6108507553812],[-119.597253643638,34.6100707112258],[-119.596852959874,34.6098766191544],[-119.596690880938,34.6093565883932],[-119.597168080534,34.6087047120301],[-119.597487717892,34.6086387881727],[-119.597888396834,34.6088328783339],[-119.598208034108,34.608766952515],[-119.598608715522,34.608961040178],[-119.599085896505,34.608309155695],[-119.599004850897,34.6080491414765],[-119.59924343791,34.6077231983986],[-119.599081347409,34.6072031697106],[-119.599558513556,34.6065512820245],[-119.599878139972,34.606485351469],[-119.600116718477,34.6061594060414],[-119.600436342796,34.6060934739301],[-119.600913490669,34.6054415799058],[-119.601233111341,34.6053756455618],[-119.600431774511,34.6049874852761],[-119.60011215476,34.6050534174561],[-119.600031109114,34.6047934030092],[-119.600269681753,34.6044674566564],[-119.599945502777,34.6034273978405],[-119.599544846686,34.6032333135691],[-119.599463804855,34.6029732982026],[-119.600418070441,34.6016695111557],[-119.601057280898,34.6015376437465],[-119.601138326583,34.6017976584226],[-119.601939633898,34.6021858152381],[-119.602020683229,34.6024458291146],[-119.603222663941,34.6030280527148],[-119.603542272666,34.602962111876],[-119.603942937387,34.6031561824952],[-119.604582154123,34.6030242960157],[-119.604820702115,34.6026983397279],[-119.605140308114,34.6026323944927],[-119.604816071312,34.6015923470726],[-119.603614100921,34.6010101389384],[-119.603370943002,34.600230098986],[-119.603609487479,34.5999041441586],[-119.603929082961,34.5998382020323],[-119.604406162781,34.5991862892083],[-119.604806810103,34.59938035767951],[-119.606404766128,34.5990506216841],[-119.605837353968,34.5972305362074],[-119.607754840973,34.5968348325112],[-119.608155484515,34.5970288900046],[-119.609433800122,34.5967650656285],[-119.609910814567,34.5961131280928],[-119.609586540934,34.5950730863693],[-119.610063543652,34.5944211469813],[-119.609982475687,34.59416113636371],[-119.611580301777,34.5938313276494],[-119.611818791906,34.593505353736],[-119.612138353937,34.5934393886792],[-119.612376840505,34.593113413484],[-119.612696400441,34.5930474468715],[-119.612934883447,34.5927214703945],[-119.612691657567,34.5919414426485],[-119.611890402444,34.5915533551647],[-119.611809331342,34.5912933449841],[-119.611008087364,34.590905251167],[-119.610927019908,34.5906452401861],[-119.610526402485,34.590451190819],[-119.610283208041,34.5896711560832],[-119.610521690807,34.5893451833066],[-119.610841236753,34.5892792214927],[-119.611079715959,34.58895324743401],[-119.611399259809,34.5888872840645],[-119.611876209087,34.5882353327778],[-119.612195749291,34.5881693671763],[-119.612672687427,34.5875174121147],[-119.612591617926,34.5872574013066],[-119.612830083517,34.5869314229386],[-119.61201941389,34.5843313083211],[-119.611618826435,34.5841372613337],[-119.612572654657,34.582833347631],[-119.612892171947,34.5827673797261],[-119.613369070896,34.5821154178883],[-119.61296374545,34.5808153571041],[-119.613202189609,34.5804893756308],[-119.613121125695,34.5802293631493],[-119.613836444733,34.5792514153077],[-119.614155946146,34.579185443681],[-119.615109670523,34.5778815020406],[-119.614866469378,34.5771014658981],[-119.614465912227,34.5769074271087],[-119.614384847819,34.5766474144628],[-119.613984294227,34.5764533739228],[-119.613903231914,34.5761933608105],[-119.614380081805,34.5755413900515],[-119.614699567428,34.5754754166637],[-119.615653236892,34.5741714651713],[-119.615572171359,34.5739114525535],[-119.615810583241,34.5735854632367],[-119.615567388536,34.5728054248037],[-119.615166851874,34.5726113874856],[-119.614842606097,34.5715713330554],[-119.614442077644,34.5713772929829],[-119.613955734626,34.5698172053699]]},"properties":{"segment_id":"c944bb223127855046929c02","source_kmz":"santaynez","orientation":"unverified"}},{"type":"Feature","geometry":{"type":"LineString","coordinates":[[-119.613955734626,34.5698172053699],[-119.614670946821,34.5688392410181],[-119.616587684802,34.5684433797611],[-119.61682607555,34.5681173863738],[-119.616501826301,34.5670773313135]]},"properties":{"segment_id":"077d18d393d2e21d66787261","source_kmz":"santaynez","orientation":"unverified"}},{"type":"Feature","geometry":{"type":"LineString","coordinates":[[-119.723611510812,34.5388084573633],[-119.724087205651,34.5381560116167],[-119.724005813543,34.5378960639227],[-119.724243657498,34.5375698402123],[-119.723843030967,34.5373761681354],[-119.723517472378,34.5363363749642],[-119.723755313599,34.5360101516744],[-119.723592536673,34.5354902544304],[-119.723830374977,34.5351640306758],[-119.725426496504,34.5348326428386],[-119.725664325056,34.5345064151042],[-119.725983546171,34.5344401342273],[-119.726221371168,34.534113905213],[-119.726139976143,34.5338539578205],[-119.726615619209,34.5332014981171],[-119.726934834128,34.5331352145404],[-119.727172651104,34.5328089831063],[-119.727811076202,34.5326764119687],[-119.728211688333,34.5328700714524],[-119.728449499112,34.5325438373185],[-119.728768709747,34.5324775486763],[-119.729970556255,34.5330585131428],[-119.730051963311,34.5333184580971],[-119.731253832513,34.5338994087955],[-119.731335244764,34.5341593526076],[-119.732136504022,34.534546645312],[-119.732217919918,34.53480658831811],[-119.733419828492,34.5353875157329],[-119.733501249583,34.5356474575967],[-119.73430253509,34.5360347347785],[-119.734383959827,34.5362946758365],[-119.734784607138,34.5364883119643],[-119.734947461354,34.53700819300821],[-119.736149424612,34.5375890908668],[-119.736230857189,34.5378490301799],[-119.736631517168,34.5380426596276],[-119.736950743476,34.5379763490171],[-119.737032179152,34.5382362876573],[-119.738234177135,34.5388171632399],[-119.738553405265,34.5387508483037],[-119.740556777614,34.5397189405108],[-119.740876007473,34.5396526192893],[-119.741276688414,34.5398462323957],[-119.741595918181,34.5397799092146],[-119.741996601582,34.5399735198216],[-119.746465767231,34.5390448879445],[-119.746703520026,34.5387186188945],[-119.749895700029,34.5380551982922],[-119.750296395264,34.5382487807813],[-119.750934825606,34.538116083961],[-119.751335523756,34.5383096628692],[-119.751654738561,34.5382433120605],[-119.75205543917,34.5384368884692],[-119.752374653883,34.538370535701],[-119.752537630233,34.5388903910855],[-119.754140466935,34.53966467552121],[-119.758609468964,34.538735578311],[-119.759010189519,34.53892913073371],[-119.759329400298,34.5388627589804],[-119.760531575353,34.5394434044951],[-119.761808418449,34.5391778957234],[-119.762209149295,34.5393714370658],[-119.762528359155,34.53930505659631],[-119.76332982777,34.5396921328636],[-119.76428745679,34.53949297969771],[-119.764762812836,34.5388403687251]]},"properties":{"segment_id":"912d0dd745596d555cc2d16b","source_kmz":"santaynez","orientation":"unverified"}},{"type":"Feature","geometry":{"type":"LineString","coordinates":[[-119.713439803192,34.5345523422176],[-119.714078266191,34.5344198464699],[-119.714478852978,34.5346135527125],[-119.714560209631,34.534873508013],[-119.714960799972,34.535067212502],[-119.715204877859,34.5358470765968],[-119.715605474854,34.5360407786598],[-119.716012290012,34.5373405478095],[-119.715298650144,34.5383191670503],[-119.715542741694,34.5390990275747],[-119.715943356369,34.5392927277666],[-119.716262605554,34.5392264738383],[-119.716425341091,34.539746379111],[-119.717627207815,34.5403274659212],[-119.717946459828,34.5402612074643],[-119.718347086537,34.5404548991512],[-119.718985589833,34.5403223774399],[-119.71938621946,34.5405160655466],[-119.721301718964,34.5401184728471],[-119.72153958115,34.5397922554659],[-119.721858827604,34.5397259862672],[-119.722096686235,34.5393997676061],[-119.723373660385,34.5391346793292],[-119.723611510812,34.5388084573633]]},"properties":{"segment_id":"652d2664c2de27473d887f0c","source_kmz":"santaynez","orientation":"unverified"}},{"type":"Feature","geometry":{"type":"LineString","coordinates":[[-119.616501826301,34.5670773313135],[-119.616101316957,34.5668832959553],[-119.615939198701,34.5663632669634],[-119.615538694465,34.5661692295199],[-119.615214470692,34.5651291686122],[-119.615691241325,34.5644771844161],[-119.615367022593,34.5634371219576],[-119.6145660493,34.563049040455],[-119.614322900269,34.5622689902156],[-119.614561281533,34.5619429991945],[-119.615200139603,34.5618110485374],[-119.615119088546,34.5615510320019],[-119.615595837931,34.5608990455768],[-119.615352685274,34.5601189955991],[-119.615591055573,34.5597930016884],[-119.615428955607,34.5592729678494],[-119.615667322978,34.5589469734731],[-119.615505224272,34.5584269392458],[-119.616458669992,34.5571229562415],[-119.61933332046,34.5565291006646],[-119.619571662925,34.5562030973113],[-119.620529865292,34.5560051276051],[-119.621721524249,34.5543750916031],[-119.621559394426,34.5538550631105],[-119.621797719273,34.5535290542321],[-119.621554527248,34.552749010711],[-119.621235141321,34.55281500453701],[-119.621073018037,34.5522949744562],[-119.620272131477,34.551906927242],[-119.620110016569,34.5513868952923],[-119.620586661262,34.5507348810367],[-119.62154479331,34.5505369017817],[-119.621783107997,34.5502108917158],[-119.622102482708,34.550144896197],[-119.622817410073,34.5491668603334],[-119.622736346663,34.5489068453902],[-119.622974651309,34.5485808322933],[-119.622893587985,34.5483208172877],[-119.623370190333,34.5476687894153],[-119.623289126636,34.5474087744173],[-119.62400401372,34.5464307282719],[-119.6246427276,34.5462987236408],[-119.625844006256,34.5468807510337],[-119.626802077124,34.54668272776661],[-119.628403815621,34.5474587314907],[-119.628642091926,34.5471327062921],[-119.62896144808,34.5470666917782],[-119.629437991568,34.5464146382102],[-119.629356908794,34.54615462705931],[-119.629595177068,34.545828599436],[-119.629433012236,34.54530857687671],[-119.629671277583,34.5449825487872],[-119.629590195526,34.5447225373787],[-119.629189769076,34.5445285420438],[-119.628946530819,34.5437485060181],[-119.628546111023,34.5435545082619],[-119.628465034243,34.5432944956532],[-119.628064618004,34.5431004961459],[-119.627745277455,34.5431665085012],[-119.627664203772,34.5429064952224],[-119.627344863682,34.5429725064966],[-119.62574322867,34.5421964843174],[-119.625662162731,34.5419364693635],[-119.625900433583,34.5416104477322],[-119.626219769284,34.5415444403086],[-119.626057636115,34.5410244105479],[-119.626295902492,34.5406983877738],[-119.626214836266,34.5404383727644],[-119.626534166862,34.5403723643933],[-119.626772429224,34.5400463404064],[-119.628369066288,34.5397162819909],[-119.628769465779,34.5399102811945],[-119.629088792017,34.5398442657945],[-119.629489193974,34.5400382625008],[-119.630766495311,34.5397741877907],[-119.631957688676,34.5381440174944],[-119.631876606102,34.5378840056684],[-119.632114838293,34.53755796986],[-119.6317094313,34.5362579090887],[-119.632424108948,34.535279799072]]},"properties":{"segment_id":"d06766a0c5a1981bfd5c69a9","source_kmz":"santaynez","orientation":"unverified"}},{"type":"Feature","geometry":{"type":"LineString","coordinates":[[-119.674892385292,34.5275967467443],[-119.676894672151,34.5285659437208],[-119.67721391049,34.5284997958096],[-119.680417677432,34.5300504286494],[-119.681056159788,34.52991811289511],[-119.681456640597,34.5301119334621],[-119.684649024197,34.5294502911829],[-119.685124989944,34.5287979973989],[-119.685444222204,34.5287318269895],[-119.68592017683,34.5280795294319],[-119.686239405446,34.5280133567934],[-119.686477378202,34.5276872064306],[-119.686796604724,34.5276210322384],[-119.687510506311,34.5266425754896],[-119.687829727641,34.5265763983929],[-119.687342186953,34.5250165382103],[-119.687818102735,34.5243642301681],[-119.687736846951,34.5241042531444],[-119.688450704213,34.5231257867469],[-119.688769910235,34.52305960681461],[-119.689007857097,34.52273344946191]]},"properties":{"segment_id":"26085243f127ef8899938c14","source_kmz":"santaynez","orientation":"unverified"}},{"type":"Feature","geometry":{"type":"LineString","coordinates":[[-119.689007857097,34.52273344946191],[-119.690923072473,34.5223363473739],[-119.69172400705,34.5227239226923],[-119.692292892609,34.5245437424699],[-119.692693373746,34.5247375256516],[-119.692774646844,34.5249974990369],[-119.693175131535,34.5251912804655],[-119.693744069351,34.5270110880829],[-119.696147084656,34.528173732785],[-119.696466304916,34.5281075321768],[-119.696866814942,34.5283013002529],[-119.697186035112,34.5282350976854],[-119.697987062095,34.528622627424],[-119.699902377125,34.5282253806032],[-119.700302896365,34.52841913686011],[-119.700941331251,34.5282867120653],[-119.702543431914,34.5290617142721],[-119.702868678096,34.5301015744767],[-119.702154938784,34.53108012134311],[-119.702317562414,34.531600051066],[-119.702718105165,34.5317937982937],[-119.702799419348,34.5320537626195],[-119.703199965653,34.5322475080939],[-119.703281281932,34.5325074719507],[-119.704082383658,34.5328949579756],[-119.704326345067,34.5336748467312],[-119.704726903585,34.5338685866097],[-119.704889550355,34.5343885111094],[-119.705290113977,34.5345822488985],[-119.705534092876,34.5353621336421],[-119.70529617684,34.5356883200305],[-119.704976932864,34.5357545442256],[-119.704739013273,34.5360807293336],[-119.70378127342,34.5362793946234],[-119.702980138167,34.53589190801321],[-119.70266089137,34.5359581258575],[-119.702260327208,34.5357643793453],[-119.700983336381,34.5360292376148],[-119.700745399112,34.5363554144798],[-119.700426148491,34.5364216261763],[-119.699712320001,34.5374001511138],[-119.699874940501,34.5379200805274],[-119.699399042985,34.5385724277396],[-119.699561663844,34.5390923569016],[-119.699962238476,34.5392861119482],[-119.700043551274,34.5395460759939],[-119.700444129461,34.5397398292874],[-119.700525444355,34.5399997928642],[-119.7017271956,34.5405810432332],[-119.702046462269,34.5405148282887],[-119.702447050486,34.5407085744958],[-119.703404848584,34.5405099211482],[-119.703805440176,34.5407036626942],[-119.705082498483,34.54043877494271],[-119.705163829694,34.5406987350825],[-119.705802357575,34.540566285531],[-119.706040286475,34.54024009990711],[-119.705958952802,34.5399801402435],[-119.706434803672,34.5393277673206],[-119.706353469632,34.5390678076642],[-119.706672726099,34.5390015799515],[-119.70691064652,34.5386753919773],[-119.708506912908,34.5383442368637],[-119.708744823576,34.5380180449084],[-119.709383323207,34.5378855753649],[-119.709621228771,34.5375593814541],[-119.710578969471,34.5373606685265],[-119.711054765285,34.5367082748387],[-119.711374007993,34.5366420340894],[-119.711611901343,34.5363158356627],[-119.711931141955,34.53624959336],[-119.7128826891,34.5349447909015],[-119.713201922969,34.5348785450201],[-119.713439803192,34.5345523422176]]},"properties":{"segment_id":"5927837300de3c147f1eee82","source_kmz":"santaynez","orientation":"unverified"}},{"type":"Feature","geometry":{"type":"LineString","coordinates":[[-119.632424108948,34.535279799072],[-119.63313876853,34.5343016835981]]},"properties":{"segment_id":"7361c6cac0a955123865ae88","source_kmz":"santaynez","orientation":"unverified"}},{"type":"Feature","geometry":{"type":"LineString","coordinates":[[-119.667370859529,34.5252795525724],[-119.667608903386,34.5249534396858],[-119.668566595869,34.5247550687165],[-119.671770034542,34.5263059455339],[-119.671851239004,34.5265659330244],[-119.672251679413,34.5267597859158],[-119.67257091427,34.5266936505713],[-119.672971357143,34.5268875009649],[-119.673290591911,34.5268213636612],[-119.674892385292,34.5275967467443]]},"properties":{"segment_id":"7925ffdf78bb341b175b3f27","source_kmz":"santaynez","orientation":"unverified"}},{"type":"Feature","geometry":{"type":"LineString","coordinates":[[-119.636747140328,34.5197162480924],[-119.637385612026,34.5195841697434],[-119.639387221816,34.5205540190191],[-119.63970645914,34.5204879731232],[-119.640907450466,34.5210698624523],[-119.64122668862,34.5210038124357],[-119.641627023534,34.5211977716322],[-119.642584736102,34.5209996130697],[-119.645787498636,34.5225512097185],[-119.645949725667,34.5230712229211],[-119.646350083109,34.5232651654582],[-119.64643119899,34.5235251715246],[-119.646831559986,34.5237191123099],[-119.647318276009,34.5252791439032],[-119.648119022599,34.5256670171995],[-119.64820014694,34.5259270213289],[-119.649801670392,34.5267027495836],[-119.650120924188,34.5266366756544],[-119.650921698869,34.5270245291217],[-119.652198712268,34.5267602159733],[-119.655401905908,34.5283115385965],[-119.655721161559,34.52824544946591],[-119.656521980949,34.5286332637953],[-119.657479747379,34.5284349846474],[-119.657717842617,34.5281088931053],[-119.658037095454,34.5280427976235],[-119.658275187138,34.5277167047995],[-119.658594437882,34.5276506077635],[-119.658832526011,34.5273245136576],[-119.65915177466,34.5272584150674],[-119.659389859234,34.5269323196796],[-119.667370859529,34.5252795525724]]},"properties":{"segment_id":"05f1e8922299a9d3b9df7699","source_kmz":"santaynez","orientation":"unverified"}},{"type":"Feature","geometry":{"type":"LineString","coordinates":[[-119.63313876853,34.5343016835981],[-119.633853410047,34.5333235626667],[-119.63344799603,34.5320235017149],[-119.631045803654,34.53085957118751],[-119.630721519407,34.5298195119916],[-119.63095973164,34.5294934755695],[-119.630716522798,34.5287134299869],[-119.630316176354,34.5285194350086],[-119.630154042947,34.5279994032857],[-119.629753701606,34.527805406221],[-119.629672637268,34.5275453898251],[-119.628471629934,34.526963389129],[-119.628309512179,34.5264433539275],[-119.628547724182,34.5261173211835],[-119.628385607689,34.5255972855897],[-119.628623816767,34.525271252378],[-119.628542758878,34.5250112344512],[-119.630448355588,34.5224029474738],[-119.631086860195,34.5222709039944],[-119.63148717625,34.5224648977013],[-119.631806428195,34.5223988735632],[-119.63204461302,34.5220728321872],[-119.632363862873,34.5220068064946],[-119.633316575915,34.5207026322194],[-119.633235507046,34.5204426162069],[-119.636747140328,34.5197162480924]]},"properties":{"segment_id":"650f7558317094307bab6ed5","source_kmz":"santaynez","orientation":"unverified"}},{"type":"Feature","geometry":{"type":"LineString","coordinates":[[-119.611774161285,34.5082730823519],[-119.614175362987,34.5094374393826],[-119.61425635631,34.5096974718812],[-119.616657639527,34.5108617759354],[-119.622403457539,34.5096739217771],[-119.623604151016,34.5102559963424],[-119.623685176866,34.5105160220517],[-119.624485652309,34.510904064012],[-119.624647711833,34.5114241136902],[-119.625448201491,34.5118121486458],[-119.626405839345,34.5116141207726],[-119.627606593008,34.5121961528614],[-119.628883441362,34.5119320904331],[-119.630084218585,34.5125140968113],[-119.630403430689,34.5124480757666],[-119.631203959785,34.51283607077761],[-119.631523172261,34.5127700466933],[-119.631923440278,34.5129640409942],[-119.632004496907,34.5132240601247],[-119.632404768477,34.5134180526742],[-119.632647946275,34.514198108261],[-119.633048224495,34.5143920983884],[-119.633129286397,34.5146521163158],[-119.633529568171,34.5148461046918],[-119.633610632166,34.5151061221508],[-119.634010917493,34.5153001087754],[-119.63409198358,34.5155601257659],[-119.634492272461,34.515754110639],[-119.634897618807,34.5170541919189],[-119.634421302071,34.5177062894224],[-119.634502372057,34.5179663054179],[-119.634026046378,34.5186184006331],[-119.633387576915,34.51875046074291],[-119.632911237019,34.519402550827],[-119.633073370943,34.5199225837829],[-119.633392611049,34.5198565551146],[-119.633792920397,34.5200505414417],[-119.636346825306,34.5195222718274],[-119.636747140328,34.5197162480924]]},"properties":{"segment_id":"e0d47e0f1137f143f62fbea7","source_kmz":"santaynez","orientation":"unverified"}},{"type":"Feature","geometry":{"type":"LineString","coordinates":[[-119.580471810246,34.5103095848019],[-119.58087193755,34.5105037547672],[-119.581033703227,34.5110238652114],[-119.581352950975,34.5109579782711],[-119.583353635377,34.5119287981197],[-119.584630630139,34.5116652199644],[-119.585030774882,34.5118593753667],[-119.585988516627,34.5116616792844],[-119.586788814893,34.5120499793605],[-119.587108061975,34.5119840767485],[-119.588308525808,34.5125665130067],[-119.588627773726,34.5125006062747],[-119.589027932811,34.512694747783],[-119.589666427936,34.5125629295226],[-119.590066589948,34.5127570674546],[-119.590705083818,34.5126252435192],[-119.591505415704,34.5130135108153],[-119.593420889784,34.512618004959],[-119.593821061497,34.5128121300011],[-119.594059376794,34.5124861626455],[-119.59469786163,34.51235431681801],[-119.59549821074,34.5127425568429],[-119.595579144781,34.5130026013267],[-119.595898388306,34.5129366747322],[-119.596698749458,34.5133249062646],[-119.597975721799,34.5130611824577],[-119.598214020368,34.5127352067079],[-119.598533260546,34.5126692728835],[-119.598771555562,34.5123432958498],[-119.599729268192,34.5121454870763],[-119.600920689957,34.5105155826498],[-119.601559146852,34.5103836989774],[-119.60179742209,34.510057714917],[-119.602116648174,34.5099917710866],[-119.602593189536,34.5093397997907],[-119.602912411983,34.5092738537291],[-119.603388942223,34.5086218786507],[-119.604027379296,34.5084899811866],[-119.604265638312,34.5081639913835],[-119.606500140102,34.5077023178543],[-119.6073005003,34.50809047896311],[-119.610173400278,34.5074968160182],[-119.611774161285,34.5082730823519]]},"properties":{"segment_id":"917ca6d501cba11327c5a78a","source_kmz":"santaynez","orientation":"unverified"}},{"type":"Feature","geometry":{"type":"LineString","coordinates":[[-119.561193704553,34.5466634111741],[-119.561909369506,34.545685744726],[-119.561505099605,34.544385452361],[-119.561104845702,34.5441912234246],[-119.560943144642,34.5436711048844],[-119.561181693466,34.5433452160885],[-119.561019993658,34.5428250971587],[-119.561497083433,34.5421733180237],[-119.563732822248,34.5417124814716],[-119.564133069926,34.541906701939],[-119.56429478874,34.54242681709441],[-119.564695041523,34.5426210354782],[-119.564775903294,34.5428810925231],[-119.565176159634,34.5430753091575],[-119.565814946056,34.5429436259642],[-119.565248900173,34.5411232290382],[-119.564048166924,34.5405405743552],[-119.563724742669,34.539500340618],[-119.564201789164,34.5388485479823],[-119.565479293366,34.5385851874897],[-119.565717807408,34.5382592875531],[-119.565556087738,34.5377391719234],[-119.565155858045,34.5375449554225],[-119.565075000573,34.5372848970747],[-119.564674774437,34.5370906788244],[-119.564593919056,34.5368306200099],[-119.564193696477,34.5366364000102],[-119.564112843188,34.536376340729],[-119.563312407151,34.5359878958157],[-119.562989011813,34.5349476546923],[-119.563943053032,34.5336440663033],[-119.563862203711,34.5333840059692],[-119.564339211346,34.5327322082687],[-119.564658562853,34.5326663686329],[-119.565058766068,34.5328605879097],[-119.565378117493,34.5327947463145],[-119.566578740573,34.5333773924122],[-119.567217444558,34.533245700101],[-119.567932909329,34.5322679819153],[-119.567771187292,34.53174786583431],[-119.567370983024,34.5315536556151],[-119.566885839243,34.5299933021858],[-119.56648564627,34.5297990885449],[-119.565838830705,34.5277186072089],[-119.566077309745,34.5273927025345],[-119.565996459783,34.5271326418403],[-119.566473410915,34.5264808308072],[-119.566792734812,34.5264149848656],[-119.567508141804,34.5254372617283],[-119.567427289078,34.5251772014498],[-119.567904216109,34.5245253831254],[-119.567742510443,34.5240052624475],[-119.568457883164,34.523027530819],[-119.568377029764,34.5227674704887],[-119.568615482861,34.5224415587998],[-119.568934788271,34.5223757066951],[-119.569173237812,34.5220497937217],[-119.56909238303,34.521789733599],[-119.569330830102,34.5214638200871],[-119.569249975402,34.5212037599009],[-119.569488420006,34.5208778458504],[-119.569326711315,34.5203577252182],[-119.569803592655,34.5197058955709],[-119.569722738203,34.519445835194],[-119.569961175401,34.5191199195279],[-119.570280465964,34.5190540634928],[-119.570757331241,34.5184022289838],[-119.571395904548,34.51827051157021],[-119.57163433108,34.5179445920506],[-119.571953615371,34.51787873134901],[-119.57314571018,34.5162491212509],[-119.573464986192,34.5161832562867],[-119.573941806967,34.5155314066398],[-119.574261079341,34.5154655394435],[-119.575214690612,34.5141618301499],[-119.575533956254,34.5140959593679],[-119.576010746749,34.5134440997212],[-119.576330008754,34.5133782267071],[-119.57776032278,34.5114226291205],[-119.577517706819,34.5106424568003],[-119.577836955987,34.5105765794529],[-119.578075331705,34.51025064392471],[-119.579671561659,34.5099212406257],[-119.580471810246,34.5103095848019]]},"properties":{"segment_id":"c9cb7fc0caf58f478da7973f","source_kmz":"santaynez","orientation":"unverified"}}]}