{"type":"FeatureCollection","features":[{"type":"Feature","geometry":{"type":"LineString","coordinates":[[-78.616413986794,34.5472487679848],[-78.6171818364216,34.5468187898104],[-78.61750582728561,34.5468675846166],[-78.6178897482409,34.5466525925032],[-78.6188617213101,34.5467989683485],[-78.6192456381575,34.5465839717588],[-78.6195696293396,34.5466327608494],[-78.6211052727607,34.545772757127],[-78.6224012310433,34.5459678876084],[-78.6262401639176,34.5438177441165]]},"properties":{"segment_id":"0eec2036cd91c2c6fe775f89","source_kmz":"waccamaw","orientation":"unverified"}},{"type":"Feature","geometry":{"type":"LineString","coordinates":[[-78.6863119222185,34.5596632801986],[-78.6865763050217,34.559975699773],[-78.6865165992429,34.5602395170338],[-78.6849813961746,34.5611003671232],[-78.6843332106776,34.5610031527758],[-78.6839494032509,34.5612183599063],[-78.683625310453,34.5611697503254],[-78.6828576878723,34.5616001585376],[-78.6822095008567,34.5615029324538],[-78.68182568504231,34.5617181324817],[-78.68176596171752,34.5619819467964],[-78.6814418670925,34.5619333311958],[-78.6810580470073,34.5621485285961],[-78.6807339521293,34.5620999110394],[-78.6791986477921,34.562960683287],[-78.6782263576788,34.5628148125579],[-78.6778425242749,34.5630299991738],[-78.6762220456003,34.5627868579762],[-78.6759576950084,34.5624744159413],[-78.67563360197111,34.5624257842439],[-78.6753692549898,34.56211334075],[-78.67472107308811,34.5620160731464],[-78.6744567311926,34.5617036274426],[-78.673484465822,34.5615577170172],[-78.6731006254655,34.5617728883467],[-78.6727765371635,34.5617242486798],[-78.6723926940116,34.5619394176415],[-78.6717445173103,34.5618421334932],[-78.6713606707029,34.5620572990334],[-78.6668234702053,34.56137619418331],[-78.6664396122229,34.5615913436562],[-78.6648191995384,34.5613480437958],[-78.66443533612141,34.5615631866855],[-78.6631390106736,34.5613685263407],[-78.6627551424822,34.561583663701],[-78.6617829006986,34.5614376558069],[-78.6613990283928,34.5616527886915],[-78.661074947954,34.561604116535],[-78.6602820982524,34.560666684183],[-78.6599580226476,34.5606180088722],[-78.6591902738857,34.5610482617225],[-78.6591304738861,34.5613120646487],[-78.6587465948273,34.5615271888422],[-78.6586269906537,34.5620547938476],[-78.6582431065089,34.5622699162062],[-78.6581833023349,34.5625337182854],[-78.6584475813342,34.56284620054],[-78.6580289453126,34.5646928123495],[-78.6568772422084,34.5653381676725],[-78.6566978073718,34.56612956876001],[-78.6551621556323,34.5669900210004],[-78.6548380567574,34.5669413318226],[-78.6540702167566,34.56737154794921],[-78.6537461169706,34.5673228557612],[-78.6525943389758,34.56796816693191],[-78.6519461366703,34.5678707735251],[-78.651681866769,34.5675582783157],[-78.65103366904731,34.5674608797983],[-78.6507694042326,34.5671483823801],[-78.6501212110948,34.5670509787523],[-78.6498569513668,34.5667384791252],[-78.6499167871875,34.5664746825567],[-78.6496525302541,34.5661621822649],[-78.6492686007688,34.5663772741219],[-78.64847584522842,34.5654397666201],[-78.6478276692964,34.5653423500726],[-78.6475634246712,34.5650298446556],[-78.6465911682615,34.5648837108156],[-78.6457984604772,34.5639461835639],[-78.6458583079781,34.5636823882492],[-78.6455940769793,34.56336987779301],[-78.64526999929592,34.563321161858],[-78.6450057719077,34.5630086499436],[-78.6446816961081,34.5629599323559],[-78.6441532506875,34.5623349049032],[-78.6438291782474,34.5622861849122],[-78.64171549376232,34.5597860407931],[-78.6413914335352,34.5597373138958],[-78.64112723405631,34.5594247919461],[-78.640803175713,34.5593760633962],[-78.64027478611031,34.5587510158731],[-78.6399507311264,34.5587022849201],[-78.63889398343801,34.5574521783808],[-78.63662565129711,34.5571110154362],[-78.6363614800399,34.5567984817793],[-78.6360374357,34.5567497398568],[-78.6357732680527,34.556437204742],[-78.6354492255966,34.5563884611669],[-78.6351850615593,34.5560759245941],[-78.6345369808231,34.5559784332367],[-78.6342728218711,34.5556658944556],[-78.63330070825621,34.55551964840231],[-78.6317158259228,34.55364438735],[-78.6313917977209,34.5535956323592],[-78.6311276596105,34.5532830856237],[-78.6304796073827,34.5531855714352],[-78.628366602933,34.5506851600734],[-78.6284264996106,34.5504213697671],[-78.6281623843158,34.55010881520551],[-78.6282821777627,34.5495812343512],[-78.6280180659188,34.5492686791674],[-78.628137859049,34.5487410979621],[-78.6260250516503,34.5462406317009],[-78.6260849528702,34.5459768412757],[-78.62582086220542,34.5456642798514],[-78.6262401639176,34.5438177441165]]},"properties":{"segment_id":"89dcd9cc893034f32f241ee5","source_kmz":"waccamaw","orientation":"unverified"}},{"type":"Feature","geometry":{"type":"LineString","coordinates":[[-78.6262401639176,34.5438177441165],[-78.62700792489,34.5433876996415],[-78.6273073991093,34.5420687396597],[-78.6276912690197,34.5418537141453],[-78.6277511611634,34.5415899215603],[-78.6281350274653,34.5413748944703],[-78.62837458605641,34.5403197219941],[-78.6302938560648,34.5392445616046]]},"properties":{"segment_id":"ceeb6612d7764b12e63734d7","source_kmz":"waccamaw","orientation":"unverified"}},{"type":"Feature","geometry":{"type":"LineString","coordinates":[[-78.6257338759921,34.5371941077669],[-78.625997937399,34.5375066723746],[-78.6276177286495,34.5377505175918],[-78.62788179956421,34.5380630777407],[-78.6282057605142,34.5381118433281],[-78.6284698350371,34.538424402019],[-78.6291177611119,34.5385219289875],[-78.6293818407179,34.53883448547011],[-78.6297058058426,34.5388832468512],[-78.6299698890569,34.5391958018757],[-78.6302938560648,34.5392445616046]]},"properties":{"segment_id":"99fff6966cfd0e1a0a8ca95c","source_kmz":"waccamaw","orientation":"unverified"}},{"type":"Feature","geometry":{"type":"LineString","coordinates":[[-78.6302938560648,34.5392445616046],[-78.6325969096749,34.5379543257546],[-78.6327166540722,34.5374267331196],[-78.6331004859242,34.5372116886882],[-78.6331603560358,34.5369478919458],[-78.6335441842797,34.5367328459389],[-78.6336040525083,34.5364690488262],[-78.6339878771442,34.53625400124381],[-78.6340477434898,34.5359902037609],[-78.6348153834125,34.5355601041304],[-78.63487524640041,34.5352963060162],[-78.6367943015024,34.5342210326309],[-78.6368541567088,34.5339572331026],[-78.6376217608681,34.5335271140249],[-78.6379210160331,34.5322081121332],[-78.6394561692626,34.5313478529848]]},"properties":{"segment_id":"0c9f626d53d13caf0f609f4e","source_kmz":"waccamaw","orientation":"unverified"}},{"type":"Feature","geometry":{"type":"LineString","coordinates":[[-78.6500366218019,34.5482156817662],[-78.6497724267466,34.5479031753324],[-78.6491243960931,34.5478057640633],[-78.6483318325821,34.5468682360109],[-78.6476838124104,34.5467708166303],[-78.6474196317916,34.5464583043626],[-78.6470956237926,34.5464095925687],[-78.6455105937429,34.5445344995922],[-78.645570427211,34.5442706986654],[-78.6447779429708,34.5433331427469],[-78.6448377780077,34.5430693418383],[-78.6445736215209,34.5427568218253],[-78.64463345680872,34.54249302085],[-78.6441051515541,34.5418679787849],[-78.6442248235414,34.5413403766765],[-78.64369652945712,34.540715331949],[-78.6433725478493,34.5406666095048],[-78.64284426524921,34.5400415604444],[-78.6429639430088,34.5395139585417],[-78.64269980622682,34.5392014330342],[-78.6427596451534,34.5389376319614],[-78.6417031219954,34.5376875230207],[-78.6417629631491,34.537423722008],[-78.641498838352,34.537111193045],[-78.6416185207527,34.5365835907765],[-78.6413543994065,34.5362710611902],[-78.6414740814926,34.53574345856911],[-78.6393611980598,34.5332431970643],[-78.6390372504635,34.5331944621745],[-78.6394561692626,34.5313478529848]]},"properties":{"segment_id":"c8bc735040116d58070ea70f","source_kmz":"waccamaw","orientation":"unverified"}},{"type":"Feature","geometry":{"type":"LineString","coordinates":[[-78.5106880440674,34.51571984017],[-78.51042452279711,34.515407007178],[-78.5101007313218,34.5153579134286],[-78.5090466734429,34.51410657140301],[-78.5093480440957,34.5127878714074],[-78.5101161461292,34.5123585810898],[-78.5101764160764,34.5120948402349],[-78.5105604624229,34.5118801928386],[-78.5108617986215,34.5105614855981]]},"properties":{"segment_id":"7b91ccb295ddf2102f1613f8","source_kmz":"waccamaw","orientation":"unverified"}},{"type":"Feature","geometry":{"type":"LineString","coordinates":[[-78.4997490081654,34.506419946242],[-78.5026470482063,34.5098613706628],[-78.5029708119638,34.5099104854045],[-78.5037389208105,34.5094812356705],[-78.50379921024391,34.5092174972484],[-78.5041832599974,34.5090028701437],[-78.5042435475445,34.5087391313485],[-78.5053956796016,34.5080952413459],[-78.5054559623114,34.5078315016521],[-78.5062240367512,34.5074022345416],[-78.50719530521012,34.5075495466939],[-78.50772227028841,34.5081752321435],[-78.5076619950318,34.5084389729052],[-78.5079254814193,34.5087518146128],[-78.5078652064061,34.5090155553067],[-78.5086556803082,34.50995407631821],[-78.5099507545991,34.5101504631552],[-78.5102142560611,34.5104632990848],[-78.5108617986215,34.5105614855981]]},"properties":{"segment_id":"2f50c13e2058609db1d7531f","source_kmz":"waccamaw","orientation":"unverified"}},{"type":"Feature","geometry":{"type":"LineString","coordinates":[[-78.6394561692626,34.5313478529848],[-78.6406075117876,34.53070264482171],[-78.6406673512749,34.5304388422885],[-78.641051126376,34.530223770011],[-78.6413750628057,34.5302724994741],[-78.64143489934412,34.530008696419],[-78.6422024388812,34.5295785452918],[-78.6423819372025,34.5287871339043],[-78.6427656993483,34.5285720555862],[-78.642825529832,34.5283082513105],[-78.6451280490694,34.5270177522343],[-78.64578606017,34.5241158807545]]},"properties":{"segment_id":"0ca78765704d49432730ef82","source_kmz":"waccamaw","orientation":"unverified"}},{"type":"Feature","geometry":{"type":"LineString","coordinates":[[-78.5108617986215,34.5105614855981],[-78.5123979331999,34.5097028775933],[-78.5133692422695,34.5098501379578],[-78.5156733684697,34.508562167487],[-78.5158541114154,34.5077709325669],[-78.5162381205689,34.5075562654261],[-78.5162983659211,34.5072925199696],[-78.5166823714697,34.5070778512496],[-78.5167426149361,34.5068141054203],[-78.5171266168799,34.5065994351212],[-78.517450376178,34.5066485098604],[-78.518218372368,34.5062191632054],[-78.5185421307679,34.5062682349358],[-78.5189261250141,34.50605355858],[-78.5189863600395,34.5057898112847],[-78.5197543391928,34.50536045409851],[-78.5198145708575,34.5050967061677],[-78.5248062085467,34.5023057526976]]},"properties":{"segment_id":"4cd8969a71d2ad3f14fe4e0b","source_kmz":"waccamaw","orientation":"unverified"}},{"type":"Feature","geometry":{"type":"LineString","coordinates":[[-78.56589168512781,34.5027933940909],[-78.5666593743414,34.5023637267003],[-78.5669831472796,34.5024126642001],[-78.5677508266606,34.5019829894403]]},"properties":{"segment_id":"a993fe6f9a546021ec3fb888","source_kmz":"waccamaw","orientation":"unverified"}},{"type":"Feature","geometry":{"type":"LineString","coordinates":[[-78.5690562547488,34.5065458930884],[-78.5687324632144,34.5064969615728],[-78.5682050165895,34.5058715506487],[-78.5682650835835,34.5056077778893],[-78.56800136412261,34.5052950714081],[-78.5681214981944,34.504767525643],[-78.5678577821757,34.5044548185382],[-78.5681581134718,34.5031359524083],[-78.5678944028627,34.5028232448057],[-78.5679544685499,34.5025594712912],[-78.5676907607269,34.502246763023],[-78.5677508266606,34.5019829894403]]},"properties":{"segment_id":"c30f5ade85641870fd2b45a8","source_kmz":"waccamaw","orientation":"unverified"}},{"type":"Feature","geometry":{"type":"LineString","coordinates":[[-78.6792122059955,34.518499440235],[-78.6786749013763,34.5208738688903],[-78.6792033424668,34.5214987692699],[-78.6791436412378,34.5217625942122],[-78.6796720921804,34.52238749183941],[-78.67943328847181,34.523442790849],[-78.6796975197815,34.5237552387663],[-78.6795184147056,34.5245467120002],[-78.6797826501277,34.5248591593341],[-78.6796035433677,34.5256506317091],[-78.6798677829023,34.5259630784596],[-78.6797483776799,34.5264907262466],[-78.67859742420771,34.5271363235999],[-78.6782734774931,34.5270876972936],[-78.6775061631914,34.5275180868537],[-78.6745906492058,34.5270803905493]]},"properties":{"segment_id":"63fb00b3a2b47433c6a9fa33","source_kmz":"waccamaw","orientation":"unverified"}},{"type":"Feature","geometry":{"type":"LineString","coordinates":[[-78.5677508266606,34.5019829894403],[-78.568231339397,34.4998727968131],[-78.5679676396065,34.499560088214],[-78.5680877650096,34.4990325390391],[-78.5675603744419,34.4984071198857],[-78.5678606873457,34.4970882454376],[-78.5686283090668,34.4966585622966],[-78.5692758101277,34.4967564261011]]},"properties":{"segment_id":"9094b83aec65a900fed286ed","source_kmz":"waccamaw","orientation":"unverified"}},{"type":"Feature","geometry":{"type":"LineString","coordinates":[[-78.5137549388448,34.4861678753219],[-78.5136947012644,34.4864316258158],[-78.5139581371423,34.4867444617439],[-78.5138978998054,34.487008212169],[-78.5141613384656,34.4873210474321],[-78.5141011013724,34.4875847977884],[-78.5148914320858,34.4885232994617],[-78.5148311965441,34.488787049833],[-78.5150946450263,34.4890998823522],[-78.5154183298709,34.4891489637096],[-78.5159452361704,34.4897746251301],[-78.5158247699084,34.4903021260967],[-78.5160882275591,34.4906149558304],[-78.5159075270508,34.4914062065772],[-78.5161709887923,34.4917190357296],[-78.5161107551229,34.4919827857994],[-78.5163742196473,34.492295614287],[-78.5156063513302,34.4927249556117],[-78.5154256409737,34.4935162037066],[-78.5150416991976,34.4937308716057],[-78.5146802585557,34.4953133632357],[-78.5149437286333,34.4956261937661],[-78.5147630047343,34.4964174382162],[-78.5155534336279,34.497355925945],[-78.5154931934697,34.4976196740003],[-78.5157566746798,34.4979325018718],[-78.5160803968688,34.4979815808973],[-78.516343881683,34.4982944073134],[-78.5162836434872,34.4985581554948],[-78.5166073686262,34.4986072330229],[-78.5171343489001,34.4992328823216],[-78.517781806309,34.499331031679],[-78.5180453025897,34.4996438537707],[-78.5186927645901,34.4997419980257],[-78.51895626595,34.50005481791321],[-78.5202512007749,34.5002510926135],[-78.5205147101639,34.5005639087991],[-78.520838446371,34.5006129744723],[-78.5211019593643,34.50092578920241],[-78.52272065392901,34.501171100306],[-78.5229841764266,34.5014839105851],[-78.5233079180454,34.5015329693533],[-78.5238349723789,34.5021585862936],[-78.5248062085467,34.5023057526976]]},"properties":{"segment_id":"6c71aec1457076f01c994e43","source_kmz":"waccamaw","orientation":"unverified"}},{"type":"Feature","geometry":{"type":"LineString","coordinates":[[-78.5248062085467,34.5023057526976],[-78.5254537013765,34.5024038591273],[-78.5273734596534,34.5013303457148],[-78.5280209475786,34.5014284380034],[-78.5284048915364,34.5012137292649],[-78.5287286354597,34.5012627730037],[-78.5291125766334,34.5010480618954],[-78.5297600644011,34.5011461445621],[-78.530144002136,34.5009314300304],[-78.5304677459804,34.5009804689583],[-78.5308516809312,34.5007657520568],[-78.5311754245311,34.5008147890298],[-78.5319432867348,34.5003853491712],[-78.532590772546,34.5004834161992],[-78.5331178947418,34.5011089919414],[-78.5330577114989,34.5013727479357],[-78.5333212764459,34.5016855347885],[-78.5401200917548,34.5027149769369],[-78.5405040085358,34.5025002286909],[-78.54115152287461,34.5025982479634],[-78.5414151246919,34.5029110160908],[-78.5420626436197,34.5030090302599],[-78.5421829508841,34.5024815098544],[-78.5425668607855,34.5022667547622],[-78.5428906180793,34.5023157591367],[-78.5433718104263,34.5002056697879],[-78.5506654573169,34.4961250130963],[-78.5507255765002,34.4958612464449],[-78.551373048255,34.495959209719],[-78.55252459807951,34.4953148449728],[-78.5528483326055,34.4953638220978],[-78.5536160205302,34.4949342369145],[-78.5536761287378,34.4946704683842],[-78.5540599680314,34.4944556735565],[-78.5542402857744,34.4936643665166],[-78.5546241185157,34.4934495695857],[-78.5547443253484,34.4929220304826],[-78.5551281530118,34.4927072317111],[-78.5553084557672,34.4919159214414],[-78.5556922768785,34.4917011205669],[-78.5557523755039,34.4914373499938],[-78.5565200083899,34.4910077437726]]},"properties":{"segment_id":"74f51012f294184abac91bc5","source_kmz":"waccamaw","orientation":"unverified"}},{"type":"Feature","geometry":{"type":"LineString","coordinates":[[-78.719469097568,34.5122607636748],[-78.7190856295254,34.5124760981548],[-78.71714217100262,34.5121849963745],[-78.71522477896931,34.5132616174941],[-78.71490086733361,34.5132130921098],[-78.7141338942657,34.51364372926],[-78.7138099817149,34.5135952008681],[-78.7134264913203,34.5138105164206],[-78.7131025785151,34.51376198607391],[-78.71271908532671,34.5139772992604],[-78.7123951722671,34.5139287669589],[-78.71124467792,34.5145746954806],[-78.7105968490564,34.5144776218545],[-78.71053726024222,34.5147414649465],[-78.7097702477563,34.5151720726628],[-78.7094463315463,34.5151235322401],[-78.708679309206,34.5155541325976],[-78.7083553920813,34.5155055891672],[-78.705670742066,34.51701264168],[-78.70555152654661,34.5175403212038],[-78.7013325471916,34.5199084108333],[-78.7012729226177,34.5201722475668],[-78.7001222426618,34.5208180618309],[-78.6997983088764,34.5207694949336],[-78.6986476077381,34.5214152942179],[-78.6983236723785,34.5213667232595],[-78.6979401004052,34.5215819860077],[-78.6978804629783,34.5218458205069],[-78.6974968873981,34.5220610816812],[-78.697377608378,34.5225887498307],[-78.6962268599958,34.5232345239103],[-78.69590291854152,34.52318594633151],[-78.6947521489765,34.5238317054305],[-78.6944282059485,34.5237831237904],[-78.6936610142503,34.5242136211827],[-78.6933370703087,34.5241650365344],[-78.6929534705991,34.5243802822071],[-78.6923055826157,34.5242831080984],[-78.6919219794524,34.5244983503513],[-78.6915980354108,34.5244497608908],[-78.6908308213633,34.5248802393498],[-78.6907114925519,34.5254078989985],[-78.6899442640758,34.5258383711613],[-78.6898845961127,34.5261022003007],[-78.6895009772006,34.5263174341513],[-78.68917702706521,34.5262688380697],[-78.6884097815201,34.5266992997237],[-78.6880858304714,34.5266507006338],[-78.6877022038384,34.5268659284371],[-78.6873782525367,34.5268173273921],[-78.686227357856,34.5274629997608],[-78.6859034049812,34.5274143946541],[-78.6855197684938,34.5276296150965],[-78.6848718626452,34.5275324000708],[-78.6841045806298,34.5279628328018],[-78.6831327209497,34.5278169971788],[-78.682749074762,34.5280322084141],[-78.68210116902381,34.527934978049],[-78.6817175193828,34.5281501858642],[-78.6810696139529,34.5280529497846],[-78.6806859608587,34.5282681541795],[-78.6748548733843,34.5273928481453],[-78.6745906492058,34.5270803905493]]},"properties":{"segment_id":"4c53a01c95e261dd3fc44eaa","source_kmz":"waccamaw","orientation":"unverified"}},{"type":"Feature","geometry":{"type":"LineString","coordinates":[[-78.73614113408561,34.5125744458814],[-78.73516936971,34.5124290411261],[-78.7346405388385,34.5118043878923],[-78.7347000432387,34.5115405316181],[-78.7327565495101,34.5112496896411],[-78.7323731234407,34.5114650680406],[-78.731725294121,34.5113681113935],[-78.7313418645959,34.5115834863747],[-78.7274549148264,34.5110016580916],[-78.7270714752359,34.5112170191273],[-78.7254519267729,34.5109745470779],[-78.7250684817445,34.51118990153701],[-78.72409675555411,34.5110444043254],[-78.7229464017209,34.51169045035],[-78.72100294840482,34.511399412624],[-78.719469097568,34.5122607636748]]},"properties":{"segment_id":"446a19abef41d4347d1a948e","source_kmz":"waccamaw","orientation":"unverified"}},{"type":"Feature","geometry":{"type":"LineString","coordinates":[[-78.5894567966249,34.5022602311303],[-78.5891930029803,34.5019475713732],[-78.58931298745881,34.5014200017875],[-78.5887854091873,34.5007946803167],[-78.5888454021263,34.5005308954422],[-78.5862076451591,34.4974042460336],[-78.5858838810201,34.4973553616152],[-78.5848288437779,34.496104679033],[-78.5848888465623,34.4958408947838],[-78.5846250932335,34.4955282224102],[-78.5849851052917,34.4939455148506],[-78.58472135803041,34.4936328420188],[-78.5848413600917,34.4931052720336],[-78.5845176147904,34.4930563835831],[-78.5842538724454,34.492743709377],[-78.5839301290267,34.4926948192757],[-78.5834026536741,34.4920694672407],[-78.58346265819,34.4918056825111],[-78.58293519266951,34.4911803277274],[-78.583595229798,34.4882786893354]]},"properties":{"segment_id":"ee020163c3a984ffb39eb5f3","source_kmz":"waccamaw","orientation":"unverified"}},{"type":"Feature","geometry":{"type":"LineString","coordinates":[[-78.5416719366851,34.4797560083348],[-78.5419354628558,34.4800687834407],[-78.5418753259941,34.4803325503183],[-78.5426659192416,34.4812708715156],[-78.54396060003,34.4814668872049],[-78.5442241412655,34.48177965652651],[-78.5455188345033,34.4819756548021],[-78.5468366020907,34.4835394758173],[-78.5467764792271,34.48380324417481],[-78.5473036024735,34.4844287677115],[-78.54724348051002,34.4846925360416],[-78.5475070459815,34.4850052967904],[-78.5474469242634,34.4852690650515],[-78.5480943033098,34.4853670477106],[-78.5483578745132,34.4856798062953],[-78.5493289505765,34.485826771278],[-78.54959252833092,34.486139526908],[-78.549916222645,34.4861885126841],[-78.550443387489,34.4868140203235],[-78.5503832743683,34.4870777895531],[-78.550646860639,34.4873905423532],[-78.5505867477638,34.4876543115139],[-78.5509104490387,34.4877032944458],[-78.5511740395676,34.4880160458309],[-78.5544110895793,34.4885058180925],[-78.554938306506,34.4891313037576],[-78.5548782068974,34.4893950746056],[-78.55514181921,34.4897078164186],[-78.5550817198471,34.4899715871978],[-78.5558725715264,34.4909098085165],[-78.5565200083899,34.4910077437726]]},"properties":{"segment_id":"a62d0c0ff4afd57ed22b0eeb","source_kmz":"waccamaw","orientation":"unverified"}},{"type":"Feature","geometry":{"type":"LineString","coordinates":[[-78.7376219105347,34.508977368375],[-78.7375624180635,34.5092412269079],[-78.7378268354659,34.5095535481671],[-78.7375293703325,34.5108728393954],[-78.7377937931746,34.5111851601504],[-78.7377342995925,34.5114490181089],[-78.7379987252296,34.511761338195],[-78.7378797381712,34.5122890538662],[-78.7375558164128,34.51224059132791],[-78.7371723987886,34.5124559852578],[-78.7365245551659,34.5123590553698],[-78.73614113408561,34.5125744458814]]},"properties":{"segment_id":"62340dad58c8ce3650aa5bdd","source_kmz":"waccamaw","orientation":"unverified"}},{"type":"Feature","geometry":{"type":"LineString","coordinates":[[-78.72123669275851,34.4999781012116],[-78.7220296588764,34.5009151837302],[-78.7223535235291,34.5009636900008],[-78.7222344464277,34.5014913961888],[-78.722498775526,34.5018037549392],[-78.7220819975125,34.5036507234308],[-78.7223463333682,34.5039630817588],[-78.722167710114,34.5047546381628],[-78.7224320500845,34.5050669959042],[-78.72225342515982,34.5058585514452],[-78.71995282164531,34.5071506029426],[-78.7195359541053,34.5089975511023],[-78.71915250241271,34.5092128866005],[-78.7190333908027,34.5097405845682],[-78.7186499340318,34.5099559182327],[-78.7184712591541,34.5107474635818],[-78.71952865402982,34.5119969152788],[-78.719469097568,34.5122607636748]]},"properties":{"segment_id":"8fe9a0f62dfb423ca4bb5858","source_kmz":"waccamaw","orientation":"unverified"}},{"type":"Feature","geometry":{"type":"LineString","coordinates":[[-78.7613617618581,34.4942525458272],[-78.7621551548774,34.4951893616041],[-78.7606700766216,34.5017862081513],[-78.7622570195276,34.5036598266341],[-78.76213821027642,34.5041875718903],[-78.7624621137183,34.5042359666176],[-78.76092886621691,34.5050978696898],[-78.7602810544431,34.5050010709137],[-78.75874776750801,34.5058629445683],[-78.7584238595813,34.5058145396173],[-78.7580405318515,34.5060300036975],[-78.757716623668,34.5059815967919],[-78.7565666256911,34.5066279780005],[-78.75650719959522,34.506891846894],[-78.7545637406888,34.5066013666703],[-78.7541803983201,34.5068168178732],[-78.7535325806023,34.5067199818107],[-78.7508491150154,34.5082280887459],[-78.7495534659166,34.5080343763254],[-78.7476366275411,34.5091115351373],[-78.747577169101,34.50937539873561],[-78.7471937935527,34.5095908263001],[-78.747015411384,34.5103824156584],[-78.74663202928541,34.5105978411304],[-78.7465131028684,34.5111255663021],[-78.7461297156915,34.5113409899415],[-78.74601078470852,34.5118687141555],[-78.7437103991697,34.5131612253066],[-78.7430625414597,34.5130643318015],[-78.7426791350786,34.51327974362711],[-78.7423552061703,34.5132312944687],[-78.74158838568371,34.5136621120763],[-78.740940526438,34.5135652068428],[-78.7406760827703,34.5132528940644],[-78.73614113408561,34.5125744458814]]},"properties":{"segment_id":"a508f90c9863b099fce5128a","source_kmz":"waccamaw","orientation":"unverified"}},{"type":"Feature","geometry":{"type":"LineString","coordinates":[[-78.5732693498216,34.45861430096951],[-78.5739165387592,34.4587121432731],[-78.5741801235169,34.4590248530426],[-78.5748273170346,34.4591226902438],[-78.5756180929112,34.4600608108062],[-78.5753780639034,34.461115971278],[-78.5756416627398,34.4614286768788],[-78.5755216470946,34.46195625653121],[-78.5757852493699,34.46226896150531],[-78.5757252415897,34.4625327512062],[-78.5762524538357,34.4631581591112],[-78.5761924469576,34.463421948783],[-78.5767196690274,34.4640473539364],[-78.576599656667,34.4645749331113],[-78.57686327220522,34.4648876347073],[-78.5768032660674,34.4651514241696],[-78.5760360019266,34.4655811766006],[-78.5759759924344,34.465844965427],[-78.5756523666637,34.4657960508431],[-78.5755323443248,34.46632362786],[-78.5751487039876,34.4665385002621],[-78.57502867706792,34.4670660763108],[-78.5746450316565,34.4672809468725],[-78.5738647976746,34.4707101769795],[-78.5741284230525,34.4710228825574],[-78.5739483612119,34.4718142408177],[-78.5735646892855,34.4720291066542],[-78.5740919487249,34.4726545175132],[-78.5739719051295,34.473182088773],[-78.5735882264926,34.47339695435],[-78.5731680507174,34.4752434484368],[-78.5734316887123,34.4755561539653],[-78.5728314094057,34.4781939936712],[-78.5730950560852,34.4785066989043],[-78.5729749966282,34.4790342656011],[-78.5745569292828,34.4809104826264],[-78.5744969028747,34.481174266057],[-78.5747605664248,34.4814869664579],[-78.5746405136934,34.4820145330703],[-78.575167849804,34.4826399319136],[-78.5754915456562,34.4826888468981],[-78.575755218379,34.4830015445084],[-78.5776974109203,34.4832950109939],[-78.5782247804363,34.4839203950979],[-78.5781647641887,34.4841841795082],[-78.5784884683885,34.4842330860878],[-78.5783684367961,34.48476065488091],[-78.5794232151461,34.4860114120922],[-78.5807180681287,34.4862070186222],[-78.5812454818697,34.4868323869844],[-78.5818929167084,34.486930181844],[-78.5824203448624,34.4875555443764]]},"properties":{"segment_id":"f964e8236266eabcbb154eba","source_kmz":"waccamaw","orientation":"unverified"}},{"type":"Feature","geometry":{"type":"LineString","coordinates":[[-78.5628044327491,34.4619432976351],[-78.5639553818163,34.4612987949416],[-78.564278981411,34.4613477422459],[-78.5650462688396,34.4609180651003],[-78.5651063117324,34.4606542804082],[-78.56548995078191,34.4604394395994],[-78.5658135477565,34.4604883826926],[-78.56619718402311,34.4602735395155],[-78.5665207807515,34.460322480655],[-78.5672880455909,34.4598927882487],[-78.5673480800556,34.45962900209131],[-78.5681153334379,34.4591993038977],[-78.5687625207525,34.459297174748],[-78.5691461429417,34.4590823215726],[-78.5720585001958,34.4595226863262],[-78.5728257263968,34.4590929570797],[-78.5729457559658,34.4585653784663],[-78.5732693498216,34.45861430096951]]},"properties":{"segment_id":"4dc19d6b77a4c1f5b272b972","source_kmz":"waccamaw","orientation":"unverified"}},{"type":"Feature","geometry":{"type":"LineString","coordinates":[[-78.56965254771411,34.4509729296165],[-78.5695325074825,34.4515005094492],[-78.5700595946656,34.4521259532947],[-78.5699995752468,34.4523897431258],[-78.5705266722501,34.4530151842188],[-78.5704666537328,34.45327897402031],[-78.57152087589081,34.4545298478676],[-78.5718444519912,34.4545787745531],[-78.572898714082,34.4558296340683],[-78.5728387014609,34.4560934242365],[-78.5731022729582,34.4564061373849],[-78.57304226058372,34.4566699274829],[-78.573832989808,34.4576080627999],[-78.5737729789906,34.4578718529092],[-78.5733893756278,34.4580867216089],[-78.5732693498216,34.45861430096951]]},"properties":{"segment_id":"85b6b4c7e3b01eb783a6ea6f","source_kmz":"waccamaw","orientation":"unverified"}},{"type":"Feature","geometry":{"type":"LineString","coordinates":[[-78.6732956041214,34.478055496213],[-78.6733552915799,34.4777916611277],[-78.6728271959003,34.4771667031466],[-78.672946572232,34.4766390328083],[-78.6726825289055,34.47632655283471],[-78.6728615923291,34.4755350466224],[-78.6725975531091,34.4752225660612],[-78.67265724076232,34.4749587304772],[-78.6730406520929,34.4747435394175],[-78.6727766148488,34.4744310589784],[-78.6728363012821,34.4741672230635],[-78.6725722668271,34.4738547419553],[-78.672248546752,34.4738060959709],[-78.6719845158994,34.4734936134025],[-78.67004221282012,34.4732017140632],[-78.6696588007915,34.4734168956437],[-78.6693350843765,34.4733682415464],[-78.6681848335328,34.4740137752479],[-78.667861115549,34.4739651170918],[-78.6667108435564,34.4746106358113],[-78.6637973822304,34.4741726434254],[-78.6630305117327,34.4746029637243],[-78.6623830777242,34.4745056179574],[-78.6616161960719,34.4749359287907],[-78.6613522042657,34.4746234225534],[-78.6610284880273,34.4745747454625],[-78.6602615981647,34.4750050473528],[-78.6599378810167,34.4749563672555],[-78.659878150038,34.475220196327],[-78.659494699781,34.4754353439873],[-78.6593154999868,34.4762268297556],[-78.65899177832691,34.4761781470998],[-78.65860832086491,34.4763932916092],[-78.6576371563522,34.4762472350757],[-78.6572536947853,34.4764623751135],[-78.65239791729842,34.4757319549675],[-78.6521339599747,34.4754194281468],[-78.6518102462044,34.475370725509],[-78.6510183914309,34.4744331385396],[-78.6510781519816,34.4741693137697],[-78.650286318353,34.4732317205382],[-78.6504058421805,34.4727040709118],[-78.6498779663766,34.4720790053735],[-78.6495542679858,34.4720302962863],[-78.64770678006971,34.469842539304],[-78.6464120317964,34.4696476729377],[-78.6416619337571,34.4640217984966],[-78.64279776743551,34.4590091402125],[-78.6431811827528,34.4587940434071],[-78.6432409579293,34.4585302179184],[-78.6427132365172,34.4579051097718],[-78.6427730126014,34.4576412842534]]},"properties":{"segment_id":"3a3389b74cea3df5d3e9028d","source_kmz":"waccamaw","orientation":"unverified"}},{"type":"Feature","geometry":{"type":"LineString","coordinates":[[-78.56187730293831,34.44543083403871],[-78.5628479001988,34.445577693237],[-78.5632314708626,34.44536285613061],[-78.5634949670831,34.4456755948652],[-78.5641420356026,34.4457734928902],[-78.5662501054995,34.4482753652764],[-78.5672207466802,34.4484221875795],[-78.5674842694067,34.4487349161922],[-78.5678078187568,34.4487838544091],[-78.5688619368253,34.4500347587786],[-78.5688019149489,34.4502985486285],[-78.5693289880573,34.4509239966435],[-78.56965254771411,34.4509729296165]]},"properties":{"segment_id":"79b1fea1ac2aa48cc0f672ed","source_kmz":"waccamaw","orientation":"unverified"}},{"type":"Feature","geometry":{"type":"LineString","coordinates":[[-78.6220723516214,34.4515212182001],[-78.6244462198709,34.4543346235873],[-78.6247698285289,34.4543834033678],[-78.6251532709991,34.4541683647137],[-78.6267713171173,34.4544122448379],[-78.6270351005442,34.45472483660051],[-78.62832955066,34.4549199214807],[-78.628712985905,34.4547048712505],[-78.629683825799,34.4548511722918],[-78.6300672569445,34.45463611759],[-78.6316853282975,34.4548799293748],[-78.63221294011852,34.4555050896141],[-78.6321531297217,34.4557689103645],[-78.63571296663,34.4563052021574],[-78.636863225058,34.4556599756967],[-78.6379185514042,34.4569102453422],[-78.6411548486896,34.4573976271457],[-78.6414187003153,34.4577101852834],[-78.6417423337551,34.4577589177573]]},"properties":{"segment_id":"4e3df5403e141cb0bbda9366","source_kmz":"waccamaw","orientation":"unverified"}},{"type":"Feature","geometry":{"type":"LineString","coordinates":[[-78.6180227644001,34.45609457242831],[-78.6199400914456,34.4550194790985],[-78.6201794946266,34.4539642195948],[-78.6205629477628,34.4537491959364],[-78.6202991937716,34.4534365891779],[-78.6204188912861,34.4529089583176],[-78.6201551407366,34.4525963509307],[-78.6205385871704,34.4523813270137],[-78.6206582814243,34.4518536952663],[-78.6214251620196,34.4514236424399],[-78.6220723516214,34.4515212182001]]},"properties":{"segment_id":"9d7ede28fff1db137a9d8902","source_kmz":"waccamaw","orientation":"unverified"}},{"type":"Feature","geometry":{"type":"LineString","coordinates":[[-78.6129505897237,34.44305161250551],[-78.6142690559713,34.4446147410472],[-78.6149161796885,34.4447123573049],[-78.6151798822646,34.4450249793859],[-78.6158270105555,34.4451225905405],[-78.61740928835772,34.44699829913371],[-78.617732861944,34.4470470988615],[-78.6185240339882,34.4479849413326],[-78.618847612397,34.4480337379103],[-78.6191113421396,34.448346349899],[-78.6194349224275,34.4483951448259],[-78.6220723516214,34.4515212182001]]},"properties":{"segment_id":"289e95e644d002ecdc996ead","source_kmz":"waccamaw","orientation":"unverified"}},{"type":"Feature","geometry":{"type":"LineString","coordinates":[[-78.57321651875742,34.4367770299616],[-78.573743535528,34.4374024677728],[-78.5740670415145,34.4374513892552],[-78.5743305545617,34.4377641063485],[-78.5753010793875,34.4379108631437],[-78.57556459897711,34.4382235772806],[-78.5755046090662,34.4384873741761],[-78.57655871131341,34.439738223797],[-78.5768822288283,34.4397871373329],[-78.5764987236141,34.4400020207426],[-78.5764387355064,34.44026581757701],[-78.5760552266933,34.4404806994086],[-78.5754081873248,34.440382866923],[-78.5746411606977,34.4408126224305],[-78.5745211701713,34.4413402135819],[-78.5741376507233,34.441555088837],[-78.5740776533753,34.441818883983],[-78.574341181318,34.4421315994748],[-78.5741611887882,34.4429229843668],[-78.5744247208229,34.4432356992712],[-78.5741847276841,34.4442908777322],[-78.5738011926986,34.4445057511484],[-78.5736811907339,34.4450333391862],[-78.5732976506769,34.4452482107615],[-78.5732376476096,34.4455120043508],[-78.5728541039533,34.4457268743479],[-78.5727340936486,34.4462544606674],[-78.5723505449207,34.4464693288235],[-78.5722905376833,34.4467331215537],[-78.571906985356,34.4469479881316],[-78.57154692451711,34.4485307406025],[-78.57039622827051,34.4491753277132],[-78.5702761958879,34.4497029094044],[-78.5705397353029,34.4500156306477],[-78.5701561618706,34.4502304906513],[-78.5700961442489,34.4504942811081],[-78.56971256721681,34.4507091395335],[-78.56965254771411,34.4509729296165]]},"properties":{"segment_id":"074417abe5d6b8a7f15d0896","source_kmz":"waccamaw","orientation":"unverified"}},{"type":"Feature","geometry":{"type":"LineString","coordinates":[[-78.6201134483427,34.4321268553733],[-78.6200536147987,34.4323906770302],[-78.6189035618123,34.4330357549367],[-78.6185800459904,34.4329869576693],[-78.6184005264837,34.4337784191569],[-78.6180171661641,34.4339934406572],[-78.61771795148212,34.4353125396],[-78.6173345816795,34.4355275584734],[-78.6172747360496,34.4357913776659],[-78.6168913626484,34.4360063949623],[-78.6167716672237,34.4365340324888],[-78.6163882887527,34.4367490479457],[-78.6159094789837,34.4388595915057],[-78.615526086615,34.4390746035485],[-78.6154063771548,34.4396022378022],[-78.6146395801492,34.4400322568943],[-78.6143160378029,34.4399834481845],[-78.6140765979655,34.4410387126538],[-78.61330977936561,34.4414687222836],[-78.6129505897237,34.44305161250551]]},"properties":{"segment_id":"07684be936ecc13090613fee","source_kmz":"waccamaw","orientation":"unverified"}},{"type":"Feature","geometry":{"type":"LineString","coordinates":[[-78.6292317751708,34.4332288944961],[-78.62896805605111,34.4329162999507],[-78.6279974922965,34.4327699892463],[-78.627733779717,34.4324573917419],[-78.6274102607508,34.4324086189556],[-78.6271465517696,34.4320960199916],[-78.6268230346815,34.4320472455547],[-78.6265593292986,34.4317346451312],[-78.6262358140887,34.4316858690437],[-78.625972112304,34.4313732671607],[-78.6256485989722,34.4313244894225],[-78.6253849007858,34.43101188608],[-78.62312032916242,34.4306704114409],[-78.6228566433996,34.4303578021408],[-78.6215626173157,34.4301626509581],[-78.6207959478673,34.430592715247],[-78.62073611783102,34.4308565377227],[-78.62035277844501,34.4310715676329],[-78.6201134483427,34.4321268553733]]},"properties":{"segment_id":"8ea5135d6b81aed5b540618b","source_kmz":"waccamaw","orientation":"unverified"}},{"type":"Feature","geometry":{"type":"LineString","coordinates":[[-78.4879045697144,34.4527707418521],[-78.4879648689208,34.4525069945047],[-78.4877016544289,34.4521940875847],[-78.4854370729104,34.4518499461373],[-78.485053254544,34.4520645255576],[-78.48375921438532,34.451867849276],[-78.4833753912833,34.4520824231673],[-78.48272837236301,34.4519840775165],[-78.4823445458303,34.4521986479848],[-78.4810505103084,34.4520019416637],[-78.4806666790404,34.4522165066028],[-78.4790491406173,34.4519705981722],[-78.4786653039621,34.4521851565289],[-78.4780182901635,34.4520867847462],[-78.4776344500781,34.4523013396798],[-78.4753699101572,34.4519570026997],[-78.4751067484033,34.45164406714451],[-78.4747832458173,34.4515948717969],[-78.474520087663,34.4512819347866],[-78.4741965869616,34.4512327377904],[-78.4736702799778,34.4506068601531],[-78.4733467826347,34.4505576607601],[-78.4715047854679,34.4483670615259],[-78.4715651370717,34.4481033213277],[-78.4710388726014,34.4474774295522],[-78.4707153899951,34.447428222679],[-78.46992601365221,34.4464893774699],[-78.4700467242716,34.4459618974549],[-78.4687311460607,34.4443971417118],[-78.4697571753749,34.4399135470613],[-78.4671262891383,34.4367839895138],[-78.4671866466229,34.4365202480568],[-78.4675704374663,34.4363057236216],[-78.4676307930668,34.4360419817887],[-78.4679542261847,34.4360911978693],[-78.4694893598099,34.4352330816898],[-78.4698127907321,34.4352822926585],[-78.4705803434922,34.4348532245607],[-78.4728443623243,34.4351976613894],[-78.4751469422356,34.4339103812679],[-78.475267597725,34.4333828881837],[-78.47500449945791,34.4330699456884],[-78.47512515460832,34.4325424522388],[-78.4738097016618,34.4309777295606],[-78.4739906910841,34.43018648915871],[-78.473727608824,34.4298735426233],[-78.4740895804921,34.428291059046],[-78.4738265042667,34.4279781120471],[-78.4751536215955,34.4221756387187],[-78.473575294868,34.4202979472195],[-78.4745404088585,34.41607793648281],[-78.4742773722624,34.4157649860695],[-78.4745789520919,34.4144462270365],[-78.474315920877,34.414133276117],[-78.475401535032,34.4093857211271],[-78.4757851688057,34.4091711628901],[-78.4762676095295,34.4070611246755]]},"properties":{"segment_id":"4cb8d077ad59c78f2f2d5888","source_kmz":"waccamaw","orientation":"unverified"}},{"type":"Feature","geometry":{"type":"LineString","coordinates":[[-78.4997064929879,34.4362787425268],[-78.498916879023,34.4353400816147],[-78.498593429393,34.4352909514234],[-78.4975406464192,34.4340393906409],[-78.4976008982551,34.43377563260881],[-78.4970745208249,34.4331498480531],[-78.4972552777866,34.4323585735308],[-78.4969920942167,34.4320456803133],[-78.4971728494447,34.431254404908],[-78.4969096699572,34.43094151110461],[-78.4969699215321,34.4306777524534],[-78.4967067448221,34.4303648579829],[-78.4967669966393,34.4301010992606],[-78.4965038227068,34.4297882041229],[-78.496925578511,34.4279418902232],[-78.49587292229701,34.4266903037299],[-78.4959331740952,34.4264265443165],[-78.4956700160062,34.4261136459643],[-78.4957905196769,34.425586126883],[-78.4955273650173,34.425273227904],[-78.4956478683523,34.4247457084566],[-78.496415173718,34.42431646498541],[-78.4964754218256,34.4240527045661],[-78.49621226960721,34.4237398065778],[-78.4963327658968,34.4232122854844],[-78.4958064704433,34.422586487546],[-78.4954830760069,34.4225373479965],[-78.4946936531782,34.4215986435358],[-78.49487440750761,34.4208073621193],[-78.4946112727703,34.4204944593378],[-78.4946715240455,34.4202306986822],[-78.4943481401576,34.4201815558485],[-78.4935587550659,34.4192428411336],[-78.49323537600482,34.4191936951551],[-78.4929722533619,34.4188807880864],[-78.4923254994145,34.4187824919321],[-78.4915361530655,34.4178437619902],[-78.4908894095918,34.417745457746],[-78.4901000911946,34.4168067169451],[-78.4894533581948,34.41670840461121],[-78.4881378847384,34.4151438149725],[-78.4878145262146,34.4150946537148],[-78.487288354645,34.4144688114085],[-78.4869649994758,34.4144196477544],[-78.4864388393465,34.4137938011207],[-78.4861154875318,34.4137446350704],[-78.4858524121253,34.4134317099438],[-78.4855290621929,34.4133825422451],[-78.4852659903824,34.4130696156627],[-78.48494264233231,34.4130204463158],[-78.48310120943212,34.4108299351841],[-78.4824545351721,34.4107315833177],[-78.4816653903324,34.4097927777277],[-78.4797254038955,34.4094976870603],[-78.4791993356188,34.4088718041526],[-78.4779060313095,34.4086750530539],[-78.4775224058607,34.40888961839881],[-78.4762291055104,34.4086928486875],[-78.4765306246283,34.4073740737617],[-78.4762676095295,34.4070611246755]]},"properties":{"segment_id":"07a4849ae0d171dd8322b6d4","source_kmz":"waccamaw","orientation":"unverified"}},{"type":"Feature","geometry":{"type":"LineString","coordinates":[[-78.594018336779,34.4232764423971],[-78.5935390010955,34.4253869268979],[-78.5931556133225,34.4256018686949],[-78.5930956930554,34.425865678493],[-78.593359243484,34.4261783567465],[-78.5931794822014,34.4269697855922],[-78.5937065933701,34.4275951402111],[-78.5936466734374,34.4278589496834],[-78.59391023286702,34.4281716259689],[-78.5937304725877,34.4289630538374],[-78.5942576017591,34.4295884045204],[-78.594197682161,34.4298522136672],[-78.5944612505921,34.4301648879848],[-78.59440133124151,34.4304286970603],[-78.5946649024548,34.4307413707086],[-78.5946049833517,34.4310051797128],[-78.5955754619051,34.4311517688151],[-78.5958390403146,34.4314644395461],[-78.59680952695321,34.43161101829331],[-78.5970731119034,34.4319236860669],[-78.5973966097367,34.4319725430983],[-78.5976601982852,34.4322852094132],[-78.5979836979976,34.4323340647945],[-78.5979237889605,34.4325978750188],[-78.5987145737481,34.4335358675797],[-78.5986546662699,34.433799677813],[-78.5991818680745,34.4344250027206],[-78.5991219614997,34.4346888129229],[-78.5993855662482,34.4350014743529],[-78.5992058460437,34.4357929044125],[-78.5994694548863,34.4361055652536],[-78.6023811207784,34.4365451841102],[-78.6029083713309,34.4371704901746],[-78.6032318947454,34.437219330711],[-78.603495524684,34.4375319819298],[-78.6031960491483,34.4388510381776],[-78.60477789312992,34.4407269318008],[-78.6047180007347,34.4409907429582],[-78.6050415412396,34.4410395782556],[-78.60530519147682,34.4413522240011],[-78.6062758198528,34.4414987222393],[-78.6065394766321,34.441811365027],[-78.6068630217112,34.4418601952217],[-78.6072464518988,34.4416452123694],[-78.6095112742774,34.4419869911409],[-78.6098946977448,34.4417719996079],[-78.6118359860334,34.442064911391],[-78.6120996671726,34.4423775413957],[-78.6124232181191,34.4424263561234],[-78.6129505897237,34.44305161250551]]},"properties":{"segment_id":"74cd11d7b2aadf4326a829bb","source_kmz":"waccamaw","orientation":"unverified"}},{"type":"Feature","geometry":{"type":"LineString","coordinates":[[-78.612551694907,34.424164812238],[-78.612875170109,34.4242136267393],[-78.61392968126822,34.4254641589169],[-78.6138698318188,34.4257279794335],[-78.6146607394875,34.4266658712343],[-78.6175721368732,34.4271051153496],[-78.6178357902542,34.4274177377843],[-78.6181592823605,34.42746653743241],[-78.6189502596782,34.428404398229],[-78.6188904250485,34.4286682204254],[-78.6191540890647,34.4289808393113],[-78.6190344198954,34.42950848345],[-78.6200891024808,34.4307589522157],[-78.6198497697534,34.4318142397963],[-78.6201134483427,34.4321268553733]]},"properties":{"segment_id":"e429215d113317eed3062cb2","source_kmz":"waccamaw","orientation":"unverified"}},{"type":"Feature","geometry":{"type":"LineString","coordinates":[[-78.6877620409071,34.4644059321178],[-78.6879409226931,34.4636143919367],[-78.68767686327992,34.4633019412519],[-78.6877961170908,34.4627742473262],[-78.6875320611254,34.4624617960119],[-78.6875916880804,34.46219794892371],[-78.687327634904,34.4618854969395],[-78.6873872621117,34.4616216497811],[-78.6877705665085,34.461406406996],[-78.6878301918389,34.4611425594658],[-78.6889800878357,34.4604968224459],[-78.6890397083464,34.4602329740212],[-78.6887756560274,34.4599205246111],[-78.6891929928437,34.4580735828254],[-78.69034283192832,34.4574278300853],[-78.6904024454361,34.4571639800325],[-78.6907261073635,34.457212576545],[-78.6918759208898,34.4565668080438],[-78.6921995812466,34.4566154004987],[-78.6929661116304,34.4561848794935],[-78.6932897710754,34.4562334689429],[-78.69367303241361,34.4560182054182],[-78.6939966916056,34.4560667929142],[-78.69591296305431,34.4549904503299],[-78.6962366193574,34.4550390316644],[-78.6966198665986,34.4548237581555],[-78.69759083596601,34.4549694935949],[-78.6983573201047,34.4545389363251],[-78.6986809760542,34.4545875108982],[-78.6998306843113,34.453941661988],[-78.70042645117991,34.4513030973929],[-78.6998983177026,34.4506782430265],[-78.69957467732051,34.4506296716146],[-78.6997534066171,34.4498381007706],[-78.7001366183606,34.4496228144105],[-78.7003153395937,34.44883124178641],[-78.7000512806627,34.4485188138169],[-78.7001108542546,34.4482549560941],[-78.7004940571749,34.4480396681661],[-78.7009706195395,34.4459288003074],[-78.7007065678577,34.4456163727769],[-78.7008257057096,34.4450886547846],[-78.7000335673942,34.4441513681674],[-78.7001527075772,34.4436236499712],[-78.6996246286491,34.4429987888318],[-78.6996841994499,34.4427349296471],[-78.6991561303565,34.442110065744],[-78.6972145116602,34.4418186085114],[-78.6964224504541,34.4408812938152],[-78.6964820305307,34.4406174356223],[-78.6961584343102,34.4405688541616],[-78.6958944202953,34.4402564137972],[-78.695247232012,34.440159246671],[-78.6941912090044,34.438909472101],[-78.6942507951624,34.43864561444791],[-78.69457438215571,34.4386942013131],[-78.6943103809145,34.4383817566839],[-78.6939867953915,34.4383331690682],[-78.6931948088519,34.4373958286642],[-78.6928712281452,34.4373472378958],[-78.69260723835991,34.4370347889223],[-78.6909893482646,34.4367918178105],[-78.6888775654226,34.434292170415],[-78.68947355415472,34.431653601978]]},"properties":{"segment_id":"534427aead699e8673e8860e","source_kmz":"waccamaw","orientation":"unverified"}},{"type":"Feature","geometry":{"type":"LineString","coordinates":[[-78.4670725758623,34.4048428610118],[-78.4674562102054,34.40462832906941],[-78.4675768724511,34.4041008260253],[-78.4702622327975,34.4025990618494],[-78.470503511148,34.4015440470061],[-78.4720379325164,34.4006858628428],[-78.4715119860876,34.400059938802],[-78.4718135518663,34.3987411628297],[-78.4729643186003,34.3980975116375],[-78.4732875968178,34.3981467150838],[-78.4740547627238,34.3977176056],[-78.4741150662284,34.3974538485934]]},"properties":{"segment_id":"0be1c46aa4fc1f652bad50fa","source_kmz":"waccamaw","orientation":"unverified"}},{"type":"Feature","geometry":{"type":"LineString","coordinates":[[-78.4762676095295,34.4070611246755],[-78.4764485180305,34.4062698584945],[-78.4748704837532,34.4043921498353],[-78.4749307896742,34.4041283944577],[-78.4756980056747,34.4036992771422],[-78.47581861039822,34.4031717649923],[-78.4755556124295,34.4028588127677],[-78.4756762168144,34.4023313002489],[-78.4754132222714,34.4020183473964],[-78.4757147293101,34.4006995643349],[-78.4743998047226,34.3991347904536],[-78.4740765216795,34.3990855901508],[-78.4738135446027,34.398772632503],[-78.474580713791,34.3983435198683],[-78.4746410159932,34.398079762782],[-78.4741150662284,34.3974538485934]]},"properties":{"segment_id":"03ff532950a9961c13bf7dc3","source_kmz":"waccamaw","orientation":"unverified"}},{"type":"Feature","geometry":{"type":"LineString","coordinates":[[-78.7483078024811,34.4407479385808],[-78.74777935490451,34.4401232936278],[-78.747455728634,34.4400748545727],[-78.74719150951012,34.4397625302776],[-78.7462206375349,34.4396172054507],[-78.7459564249495,34.4393048781905],[-78.7453091819282,34.4392079889637],[-78.7449261472328,34.4394234263962],[-78.7446025256689,34.4393749793793],[-78.7443383204311,34.4390626483635],[-78.744397735948,34.4387987651552],[-78.7438693331822,34.4381741010678],[-78.7439287496149,34.4379102178277],[-78.742607783271,34.4363485453527],[-78.7422841759975,34.4363000917261],[-78.74201999058711,34.4359877543451],[-78.7420794116408,34.4357238713812],[-78.74181522902,34.435411533328],[-78.7408444216388,34.4352661629848],[-78.7405802455559,34.4349538219668],[-78.7399330455974,34.4348569023962],[-78.7396688745829,34.4345445591645],[-78.7341677652843,34.4337205844943],[-78.73390362138,34.433408227784],[-78.7335800318281,34.4333597498236],[-78.7330517533463,34.4327350327663]]},"properties":{"segment_id":"afa820c6f2afd68a1f646092","source_kmz":"waccamaw","orientation":"unverified"}},{"type":"Feature","geometry":{"type":"LineString","coordinates":[[-78.7212261122943,34.4555136745252],[-78.7204336206035,34.4545765378322],[-78.7204931294357,34.4543126715395],[-78.7199648136124,34.4536879102695],[-78.7200243233587,34.4534240439461],[-78.719760169302,34.4531116622846],[-78.7199386980877,34.4523200627712],[-78.7203218660095,34.4521047106713],[-78.7204408802324,34.4515769765874],[-78.7201767307937,34.4512645952054],[-78.7202362379569,34.4510007280375],[-78.7206193985269,34.4507853746323],[-78.72067890381442,34.4505215070927],[-78.7198864698045,34.4495843612923],[-78.7204815201779,34.4469456810083],[-78.72086466001352,34.4467303257903],[-78.7211026629343,34.4456748495341],[-78.72148579475962,34.4454594919587],[-78.7219022739784,34.4436124024208],[-78.7216381457993,34.443300021482],[-78.7217571375341,34.4427722806971],[-78.72122889020311,34.4421475168447],[-78.7212883867818,34.4418836463655],[-78.7210242669702,34.4415712634122],[-78.7211432602311,34.44104352220091],[-78.7208791438681,34.4407311386157],[-78.7209981368273,34.4402033970406],[-78.7199416979456,34.438953855905],[-78.7201796895535,34.437898372059],[-78.7196514881645,34.4372735975407],[-78.71971098637242,34.4370097263813],[-78.7194468895312,34.4366973380948],[-78.7196253837019,34.4359057240702],[-78.7193612909682,34.4355933351911],[-78.7197777678012,34.4337462321964],[-78.7195136818123,34.4334338428826],[-78.719751662298,34.4323783531753],[-78.7205177998586,34.431947638978],[-78.7205772910279,34.4316837657513],[-78.7209008654454,34.43173227991011],[-78.7209603551451,34.431468406422],[-78.7217264769927,34.4310376838251]]},"properties":{"segment_id":"ce6e889ca8dc2daa35dc90b3","source_kmz":"waccamaw","orientation":"unverified"}},{"type":"Feature","geometry":{"type":"LineString","coordinates":[[-78.7384673057309,34.4591874768552],[-78.7382030576597,34.45887513906381],[-78.7382625092694,34.4586112650096],[-78.7379982639893,34.458298926547],[-78.7382360690195,34.4572434293861],[-78.7374433538876,34.4563064102107],[-78.7371196664801,34.4562579433593],[-78.7363269749345,34.45532091553],[-78.7363864302066,34.4550570413537],[-78.7361222046127,34.45474469736141],[-78.7363005699799,34.4539530742893],[-78.7360363484973,34.4536407297055],[-78.7360958034699,34.4533768551671],[-78.7353031537849,34.4524398172681],[-78.7354815222145,34.4516481933483],[-78.7362477628679,34.4512173853274],[-78.7354551334377,34.4502803461312],[-78.73551458781111,34.4500164708678],[-78.7347219795334,34.4490794253896],[-78.7347814354822,34.4488155501351],[-78.7345172376434,34.4485032002595],[-78.7345766938474,34.4482393249341],[-78.7343124987988,34.4479269743871],[-78.7343719552578,34.4476630989909],[-78.73404830588021,34.4476146231288],[-78.7337841150918,34.4473022711591],[-78.7340813999378,34.4459828934691],[-78.7334341159876,34.4458859390422],[-78.7331699335693,34.4455735850578],[-78.732522654179,34.4454766255235],[-78.73213955294722,34.4456920193721],[-78.7318159131996,34.4456435372012],[-78.73102339438361,34.4447064618492],[-78.7306997594509,34.444657976524],[-78.7304355922419,34.4443456158998],[-78.7301119591841,34.4442971289222],[-78.72984779557491,34.4439847668357],[-78.7295241643921,34.443936278206],[-78.7292600043827,34.4436239146572],[-78.7289363750749,34.4435754243751],[-78.7286722186651,34.4432630593642],[-78.7280249642045,34.4431660745941],[-78.7277608128643,34.44285370737],[-78.7271135629639,34.4427567174929],[-78.7268494166932,34.4424443480556],[-78.7265257938205,34.4423958510142],[-78.725997510608,34.441771108504],[-78.7256738910802,34.4417226090594],[-78.7246173560899,34.4404731125003],[-78.7246768398444,34.4402092397814],[-78.7241485864457,34.4395844873135],[-78.7242080711143,34.439320614563],[-78.7236798275526,34.4386958593291],[-78.7233562223184,34.438647353277],[-78.72282799021391,34.4380225936963],[-78.7230659396494,34.4369671028212],[-78.7228018294293,34.4366547221221],[-78.7229208030354,34.4361269760986],[-78.7226566962636,34.4358145947673],[-78.7227756695683,34.4352868483795],[-78.7225115662447,34.4349744664159],[-78.7226305392479,34.4344467196636],[-78.7215741525207,34.4331971850116],[-78.7219905637359,34.4313500689903],[-78.7217264769927,34.4310376838251]]},"properties":{"segment_id":"2cfe9bde7e59d1672b809ff8","source_kmz":"waccamaw","orientation":"unverified"}},{"type":"Feature","geometry":{"type":"LineString","coordinates":[[-78.4741150662284,34.3974538485934],[-78.4742356720068,34.3969263342432],[-78.473709733338,34.3963004173826],[-78.47383034007991,34.3957729027424],[-78.473567375232,34.3954599433298],[-78.473687981635,34.3949324283199],[-78.4731620609117,34.3943065075303],[-78.4732223648,34.3940427499364],[-78.4724335015881,34.3931038635616],[-78.47249380701932,34.3928401059747]]},"properties":{"segment_id":"86d87377464bd8abe76e7853","source_kmz":"waccamaw","orientation":"unverified"}},{"type":"Feature","geometry":{"type":"LineString","coordinates":[[-78.7217264769927,34.4310376838251],[-78.7219049348439,34.4302460611273],[-78.7213767717005,34.4296212888989],[-78.72143625815951,34.4293574145232]]},"properties":{"segment_id":"facd3cf892930d9637b424bc","source_kmz":"waccamaw","orientation":"unverified"}},{"type":"Feature","geometry":{"type":"LineString","coordinates":[[-78.4780495017918,34.3934127092041],[-78.4767346536566,34.3918479483805],[-78.4747951349406,34.3915527694361],[-78.4744115855935,34.391767328818],[-78.4740883332587,34.3917181281251],[-78.4733212268946,34.3921472408339],[-78.47326092481671,34.3924109990626],[-78.47249380701932,34.3928401059747]]},"properties":{"segment_id":"9a523fc809c820ff1fcb77f4","source_kmz":"waccamaw","orientation":"unverified"}},{"type":"Feature","geometry":{"type":"LineString","coordinates":[[-78.7913176864307,34.4518134183167],[-78.790788816683,34.4511889764088],[-78.7885229297269,34.4508507244296],[-78.7877296719461,34.44991404044131],[-78.7874059798327,34.4498657128687],[-78.7863483385044,34.4486167879077],[-78.7867040110203,34.4470333761127],[-78.7864396099858,34.446721143329],[-78.7864988879868,34.446457241016],[-78.786234489745,34.4461450075595],[-78.7859108143096,34.4460966756249],[-78.7853820271569,34.4454722050722],[-78.7844110120892,34.4453271993495],[-78.7830891035345,34.4437659992304],[-78.7827654399989,34.4437176584286],[-78.7814435920574,34.4421564367473],[-78.7798253171669,34.44191470042711],[-78.7795609613162,34.4416024501966],[-78.778590005636,34.4414573953324],[-78.77832565632332,34.4411451421352],[-78.7776783574945,34.4410484328821],[-78.7771496711369,34.4404239213453],[-78.7758550900797,34.4402304860099],[-78.7755907559731,34.4399182261673],[-78.7749434708066,34.4398215015881],[-78.7741504900837,34.4388847132789],[-78.7738268525139,34.4388363473828],[-78.7730338953707,34.4378995504103],[-78.7727102626122,34.4378511813584],[-78.7724459492941,34.4375389135252],[-78.7721223184087,34.4374905428205],[-78.7710650923137,34.4362414613609],[-78.7707414677087,34.4361930867492],[-78.7704771679793,34.4358808138526],[-78.77053649204682,34.4356169163584],[-78.7700079003,34.4349923685074],[-78.77006722528542,34.434728470981],[-78.7695386433804,34.43410392036],[-78.769716619878,34.4333122273519],[-78.7694523341031,34.4329999510908],[-78.7695116594551,34.4327360532392],[-78.76898309561682,34.4321114986591],[-78.7690424218865,34.431847600775],[-78.7687781438229,34.4315353224559],[-78.768896796472,34.4310075264339],[-78.76863252185991,34.4306952474809],[-78.7687511742146,34.430167451094],[-78.7679583671214,34.429230610197],[-78.7680176946751,34.4289667119547],[-78.7677534305641,34.4286544302704],[-78.7667826592061,34.4285092748692],[-78.7646686582331,34.426010977724],[-78.7647279945234,34.4257470801726],[-78.764463754645,34.4254347898636],[-78.7641401792843,34.4253863963156],[-78.7638759430039,34.4250741045431],[-78.7639352812761,34.424810207109],[-78.76367104778572,34.4244979146634],[-78.7633474768312,34.4244495188616],[-78.7630832469388,34.4241372249524],[-78.7631425871927,34.4238733276354],[-78.7623499122726,34.4229364417518],[-78.762409254104,34.4226725444409]]},"properties":{"segment_id":"5abe5c157b5bee758fe3086e","source_kmz":"waccamaw","orientation":"unverified"}},{"type":"Feature","geometry":{"type":"LineString","coordinates":[[-78.5167604275058,34.42167481843431],[-78.515790217007,34.4215275714028],[-78.5152637759098,34.4209018601399],[-78.5149403761734,34.4208527744985],[-78.51336111270952,34.4189756192236],[-78.5134814848834,34.4184480774899],[-78.5129550833376,34.4178223535604],[-78.5130754564838,34.41729481154],[-78.5128122602033,34.4169819485933],[-78.5130530041912,34.4159268633708],[-78.512789812646,34.4156139998764],[-78.51303055269112,34.4145589130242],[-78.5141812119007,34.4139148665439],[-78.5142413914726,34.4136510937594],[-78.51462493882181,34.4134364087029],[-78.5146851165125,34.4131726355425],[-78.5150686602655,34.4129579489059],[-78.5153695352174,34.4116390801053],[-78.51510634888051,34.4113262202855],[-78.5154072168583,34.4100073488861],[-78.5143545058061,34.4087559033231],[-78.5140311573139,34.4087068144655],[-78.5132416507433,34.4077682206103],[-78.5133620063285,34.4072406721299],[-78.513098843025,34.4069278061746],[-78.51345990386791,34.4053451582836],[-78.5138434122898,34.4051304737262],[-78.5139035861923,34.40486669842151],[-78.5146705937213,34.4044373248299],[-78.5147307642716,34.4041735488851],[-78.5151142633788,34.403958859851],[-78.5151744320482,34.40369508353],[-78.5155579275601,34.4034803929157],[-78.5157384266979,34.4026890624879],[-78.5154752692542,34.4023762002433],[-78.5155354354671,34.4021124232497],[-78.5152722807998,34.4017995603364],[-78.5153926133026,34.4012720060922],[-78.515129462064,34.4009591425499],[-78.5154904536622,34.3993764773644],[-78.5152273084622,34.399063613352],[-78.5158890952942,34.3961620504591],[-78.5162725515695,34.3959473556072],[-78.5163327100816,34.395683576225],[-78.5167161627624,34.3954688797927],[-78.5168364756168,34.3949413201633],[-78.517219923232,34.3947266218867],[-78.5173402315072,34.3941990612801],[-78.517723674057,34.3939843611591],[-78.5180845802347,34.3924016750598],[-78.5184680118355,34.392186972038],[-78.519069474685,34.389549150247],[-78.5209865272991,34.3884756021889],[-78.5210466639798,34.3882118180711],[-78.5205204066422,34.3875861062898],[-78.5205805442186,34.3873223221386],[-78.5203174193869,34.387009465224],[-78.5206782401685,34.3854267581929],[-78.5204151213743,34.3851139008058],[-78.5205353930001,34.3845863309749],[-78.5202722776336,34.3842734729575]]},"properties":{"segment_id":"98f082e600fcf5813963cfbf","source_kmz":"waccamaw","orientation":"unverified"}},{"type":"Feature","geometry":{"type":"LineString","coordinates":[[-78.5417028840564,34.4047174357582],[-78.54064982041712,34.4034662201557],[-78.5407099018239,34.4032024305033],[-78.5393936233385,34.4016383952479],[-78.5395137914583,34.4011108160037],[-78.5374078667905,34.3986083233648],[-78.5377683926906,34.3970255848431],[-78.5375051655842,34.3967127703105],[-78.5375652524563,34.3964489802039],[-78.5379486501212,34.3962342140684],[-78.5381289038723,34.3954428422841],[-78.537076023864,34.3941915808481],[-78.53675272173112,34.3941425542259],[-78.5359630884366,34.3932040984584],[-78.5360832668264,34.3926765175643],[-78.5358200612816,34.3923636976361],[-78.536000327759,34.3915723255715],[-78.53573712629681,34.3912595050526],[-78.5357972149579,34.3909957141793],[-78.5352708197101,34.390370071093],[-78.5353309092683,34.3901062801863],[-78.5340149615744,34.3885421602587],[-78.5333684086952,34.3884440884737],[-78.5331052284678,34.388131260864],[-78.5331653236579,34.3878674703847],[-78.5329021462066,34.3875546421053],[-78.532578874383,34.3875056035174],[-78.5323157005256,34.3871927737805],[-78.5316691610461,34.3870946924073],[-78.531405992253,34.38678186046441],[-78.5278500705272,34.3862423403204],[-78.5274666942966,34.3864570757194],[-78.5261736415085,34.3862608553654],[-78.5259104977145,34.3859480106998],[-78.5246174573524,34.3857517729506],[-78.5243543215637,34.3854389245826],[-78.5227380376669,34.38519360340241],[-78.52279816584472,34.3849298173683],[-78.52182840359971,34.3847826143145],[-78.5217682722373,34.3850463998932],[-78.521242030558,34.3844206890572],[-78.5202722776336,34.3842734729575]]},"properties":{"segment_id":"068358d921d9ab90a262b958","source_kmz":"waccamaw","orientation":"unverified"}},{"type":"Feature","geometry":{"type":"LineString","coordinates":[[-78.7946172659778,34.429667538703],[-78.79435289230841,34.4293553176063],[-78.7940292819318,34.4293070072791],[-78.7919143810053,34.4268092068374],[-78.7912671849579,34.426712571453],[-78.7910028348637,34.4264003416877],[-78.7897084534843,34.4262070570965],[-78.7894441113937,34.4258948236123],[-78.7887969260619,34.4257981744055],[-78.7882682541437,34.425173702293],[-78.78794466502,34.4251253748345],[-78.787680333724,34.4248131369578],[-78.7867095731791,34.4246681469198],[-78.7861809257867,34.4240436645193],[-78.7858573426823,34.423995331201],[-78.7854744959105,34.4242109056716],[-78.7832094208519,34.4238725398493],[-78.7824165033989,34.4229357904969],[-78.7791807602489,34.4224523115971],[-78.7789164733745,34.4221400528734],[-78.7785929027482,34.42209169927501],[-78.7783286194716,34.4217794390874],[-78.7780050507175,34.4217310838363],[-78.7777407710387,34.4214188221847],[-78.7774172041567,34.421370465281],[-78.7771529280758,34.4210582021654],[-78.7765057984598,34.4209614841514],[-78.776241527445,34.4206492188206],[-78.7759179647111,34.4206008577103],[-78.775653697294,34.4202885909156],[-78.7753301364322,34.42024022815281],[-78.7750658726128,34.4199279598942],[-78.773151567856,34.4210056469203],[-78.7728280055623,34.4209572772493],[-78.7728873102038,34.4206933739979],[-78.7725637493786,34.4206450035756],[-78.7722994953241,34.4203327291895]]},"properties":{"segment_id":"5704a2b3250e88c76c459ab3","source_kmz":"waccamaw","orientation":"unverified"}},{"type":"Feature","geometry":{"type":"LineString","coordinates":[[-78.6685493562671,34.4132304391069],[-78.6688728210476,34.4132790987629],[-78.6692559378055,34.4130639048329],[-78.6699028672699,34.4131612193392],[-78.6698432178257,34.4134250723257],[-78.6706346770616,34.4143625974281],[-78.67128161909501,34.4144599041316],[-78.67154544603382,34.4147724095771],[-78.6741332421655,34.4151615943558],[-78.6757163190137,34.4170365760911],[-78.67701026209461,34.4172311288547],[-78.6777764873641,34.4168006881395],[-78.67939391877081,34.4170438483085],[-78.6801601289524,34.4166133918239],[-78.6808071017249,34.4167106453791],[-78.6815733007652,34.4162801794345],[-78.6818967864444,34.4163288027577],[-78.6822798821155,34.4161135667637],[-78.6825183164016,34.4150581319848],[-78.68290140406721,34.4148428936295],[-78.6829610101548,34.4145790343945],[-78.6841102559788,34.4139333106621],[-78.6844337334557,34.413981927074],[-78.6859660288061,34.4131209395039],[-78.6862895040569,34.4131695508091],[-78.6865278746968,34.4121141042158],[-78.6876770542664,34.41146834345],[-78.6877366415043,34.4112044807373],[-78.688119695637,34.4109892242601],[-78.6884431633431,34.411037829706],[-78.6892092639106,34.4106073107087],[-78.6911500707682,34.4108989118495],[-78.6915331139126,34.4106836440726],[-78.6921800514601,34.4107808351432],[-78.6929461287344,34.4103502914439],[-78.6932695968002,34.4103988835252],[-78.6951847494672,34.4093224960384],[-78.695244309502,34.4090586288283],[-78.6956273321844,34.4088433471293],[-78.6956868903447,34.4085794795458],[-78.700665972538,34.4057806945552],[-78.7007255111962,34.4055168234558],[-78.7016958707336,34.405662533016],[-78.7019597903194,34.4059749727686],[-78.702283245778,34.4060235400699],[-78.7026662339183,34.4058082344684],[-78.7029896891237,34.4058567998175],[-78.7033726744784,34.4056414918518],[-78.7040195847882,34.4057386177449],[-78.70516852413832,34.4050926796619],[-78.7058154321183,34.4051897956442],[-78.7065813784151,34.4047591594854],[-78.7069048316959,34.4048077140229],[-78.7069643483726,34.4045438394365],[-78.7077302819058,34.4041131953995],[-78.7083771849216,34.4042102972664],[-78.7086411264889,34.4045227224095],[-78.7089645800731,34.4045712712411],[-78.7093475424835,34.40435594331021],[-78.7096709958144,34.4044044901897],[-78.7097900093139,34.4038767378314],[-78.7109388729937,34.4032307414366]]},"properties":{"segment_id":"7bdb1a29b637c5caaa9b9cf9","source_kmz":"waccamaw","orientation":"unverified"}},{"type":"Feature","geometry":{"type":"LineString","coordinates":[[-78.7122921714371,34.4031610283966],[-78.7117642702763,34.4025361929533]]},"properties":{"segment_id":"886fbb5e8460002a18815ccc","source_kmz":"waccamaw","orientation":"unverified"}},{"type":"Feature","geometry":{"type":"LineString","coordinates":[[-78.5202722776336,34.3842734729575],[-78.5186936300155,34.3823963099655],[-78.519460388786,34.3819668935742],[-78.519580662026,34.3814393227871],[-78.51721283089871,34.3786235453269],[-78.5168896062265,34.37857446267691],[-78.5166265259625,34.3782615942215],[-78.5159800807864,34.3781634247251],[-78.5160402264988,34.3778996400106],[-78.5155140795243,34.3772738980584],[-78.5155742261319,34.3770101133098],[-78.51531115648041,34.3766972413094],[-78.5153713033309,34.3764334564874],[-78.5143190485573,34.3751819615524],[-78.51437919760691,34.3749181767745],[-78.5133269793986,34.3736666706518],[-78.5136878807525,34.3720839605583]]},"properties":{"segment_id":"18f682ad211392eb29c5cd10","source_kmz":"waccamaw","orientation":"unverified"}},{"type":"Feature","geometry":{"type":"LineString","coordinates":[[-78.529510309368,34.3774882177419],[-78.5287209332701,34.3765496946011],[-78.5279542793312,34.3769791746886],[-78.5269846067129,34.3768320132017],[-78.52621794036861,34.3772614817153],[-78.5258947156754,34.3772124239829],[-78.5256316037064,34.3768995753743],[-78.5256917156128,34.3766357852856],[-78.52536849386,34.3765867260566],[-78.5238351396327,34.3774456367858],[-78.523775020784,34.3777094256657],[-78.5231285711636,34.3776112957905],[-78.5228654689994,34.377298441078],[-78.5225422462729,34.3772493740421],[-78.5222791477016,34.37693651787221],[-78.5219559268543,34.376887449188],[-78.5216928318758,34.3765745915607],[-78.5213696129078,34.3765255212282],[-78.5211065215221,34.3762126621436],[-78.5194904401683,34.37596729324],[-78.5192273582564,34.37565442970501],[-78.5192874909791,34.3753906425381],[-78.51896427846691,34.3753415654609],[-78.5185809315185,34.3755562743472],[-78.5180547799429,34.3749305421571],[-78.5174083607223,34.37483238020651],[-78.5170250119835,34.3750470840986],[-78.5160553842642,34.3748998312678],[-78.5161155271898,34.3746360455058],[-78.5155894017466,34.3740103015009],[-78.5149429933158,34.373912125758],[-78.5150031392587,34.3736483402652],[-78.5147400833131,34.373335465742],[-78.5148002294988,34.3730716801756],[-78.5142741252782,34.3724459290801],[-78.5143342723589,34.3721821434793],[-78.5136878807525,34.3720839605583]]},"properties":{"segment_id":"09912573a49046a109927958","source_kmz":"waccamaw","orientation":"unverified"}},{"type":"Feature","geometry":{"type":"LineString","coordinates":[[-78.4472528965592,34.3788957562046],[-78.4467272979496,34.37826970433981],[-78.4467876792672,34.3780059554979],[-78.4465248837944,34.3776929285434],[-78.446706027233,34.3769016814597],[-78.4464432358313,34.3765886539159],[-78.4468658940313,34.3747424070489],[-78.4472494353733,34.3745279341166],[-78.4473701882208,34.3740004334659],[-78.4477537244994,34.37378595868601],[-78.44823670769611,34.3716759494469],[-78.4497707845242,34.370818028669],[-78.45019333207782,34.3689717572322],[-78.4505768356856,34.3687572718883],[-78.4506975569216,34.3682297642167],[-78.4510810554666,34.3680152770252],[-78.45132248712942,34.3669602592657],[-78.4517059776701,34.3667457696961],[-78.4519473968823,34.3656907490682],[-78.452330879419,34.3654762571205],[-78.4523912317251,34.36521250141581],[-78.4527747106703,34.3649980078858],[-78.45289541110992,34.36447049560701],[-78.4532788849929,34.3642560002294],[-78.4536020096821,34.364305260261],[-78.4557742458103,34.3548099468791]]},"properties":{"segment_id":"cea222cef4dc7819c295f532","source_kmz":"waccamaw","orientation":"unverified"}},{"type":"Feature","geometry":{"type":"LineString","coordinates":[[-78.3923578364455,34.3645061316736],[-78.3927414778193,34.364291835745],[-78.3928020318024,34.3640281106149],[-78.393185669585,34.3638138131022],[-78.3932462216848,34.363550087593],[-78.3993841143992,34.3601211438764],[-78.3995656976016,34.3593299539049],[-78.3993031559706,34.35901681355481],[-78.4002715475377,34.3547971171152],[-78.4010386884243,34.3543684668926],[-78.4010992064575,34.3541047343699],[-78.401866335925,34.3536760783436],[-78.4022899300432,34.3518299437866],[-78.4034405774601,34.3511869442771],[-78.4037636160333,34.3512363433836],[-78.4041471602859,34.351022006526],[-78.4051162765289,34.3511701952936],[-78.4078010133487,34.3496697782996],[-78.40812404838101,34.3497191653933],[-78.40965813449301,34.3488617510538],[-78.4097186189326,34.3485980123399],[-78.4100416507233,34.3486473941744],[-78.4108086768266,34.3482186764622],[-78.4117777707756,34.348366810258],[-78.4121612787035,34.3481524462697],[-78.41280734209491,34.3482511955331]]},"properties":{"segment_id":"c5c94c9182d4a5f5b1b1857a","source_kmz":"waccamaw","orientation":"unverified"}},{"type":"Feature","geometry":{"type":"LineString","coordinates":[[-78.3879553147283,34.3458148376345],[-78.3882783210731,34.34586428002801],[-78.38880322845641,34.3464906194469],[-78.3894492482645,34.3465894985498],[-78.3902163677861,34.3461609155048],[-78.3905393770122,34.3462103516034],[-78.3916900384618,34.3455674639943],[-78.391750581406,34.3453037335974],[-78.3932847611286,34.3444465306005],[-78.3936077651728,34.344495958284],[-78.3939913041593,34.3442816531877],[-78.3988364044812,34.345022944748],[-78.4009364029892,34.347528097453],[-78.4012594247348,34.3475775037221],[-78.4015219355538,34.347890643879],[-78.4021679832209,34.3479894522259],[-78.4024304991003,34.3483025901815],[-78.4069528994293,34.3489941374287],[-78.4084869841482,34.3481367377915],[-78.4091330427322,34.3482355074508],[-78.4095165573177,34.3480211521433],[-78.4095770415832,34.3477574132417],[-78.4115152169565,34.3480536934089],[-78.4118987240621,34.3478393302064],[-78.4125447845122,34.3479380809636],[-78.41280734209491,34.3482511955331]]},"properties":{"segment_id":"88c80298ea17454fdb8879dd","source_kmz":"waccamaw","orientation":"unverified"}},{"type":"Feature","geometry":{"type":"LineString","coordinates":[[-78.7928615699959,34.4032204948551],[-78.79056518982742,34.4045140913047],[-78.7899181815796,34.4044174459251],[-78.78985894736242,34.4046813628323],[-78.7883279735181,34.4055437247832],[-78.7882687330271,34.4058076405357],[-78.7871204758897,34.4064543974438],[-78.7870612305922,34.40671831230261],[-78.7866784724879,34.4069338950544],[-78.7865599777475,34.4074617239166],[-78.786177214579,34.407677304835],[-78.7861179651359,34.40794121883851],[-78.7857351983708,34.4081567981843],[-78.7856759470565,34.40842071181581],[-78.7845276295851,34.4090674412003],[-78.7843498600111,34.4098591790801],[-78.7839670788594,34.4100747521355],[-78.78390782005991,34.410338664279],[-78.7835250353114,34.4105542357618],[-78.7834065135662,34.4110820591936],[-78.783023723753,34.411297628843],[-78.782845933705,34.4120893623749],[-78.781314735547,34.4129516247243],[-78.780991201778,34.4129032772702],[-78.78060839625512,34.4131188385272],[-78.7802848622288,34.4130704891209],[-78.7799020539161,34.4132860480151],[-78.7786079192031,34.41309263717471],[-78.7759281828996,34.4146014832749],[-78.7758096032391,34.4151292964939],[-78.7754267723149,34.4153448401675],[-78.7753674804109,34.4156087463496],[-78.7746018092391,34.4160398292392],[-78.7745425139948,34.4163037347885],[-78.7737768313704,34.4167348119086],[-78.7736582337974,34.4172626216304],[-78.7732753863551,34.4174781577008],[-78.7730974825623,34.4182698706681],[-78.7727146285858,34.4184854046439],[-78.77265532504562,34.4187493084834],[-78.7729195751354,34.4190615826362],[-78.7726823595795,34.4201171970397],[-78.7722994953241,34.4203327291895]]},"properties":{"segment_id":"0936fc1fbb0395a8618a763c","source_kmz":"waccamaw","orientation":"unverified"}},{"type":"Feature","geometry":{"type":"LineString","coordinates":[[-78.4053076688058,34.3896897026427],[-78.4064588529639,34.3890467018614],[-78.4071052497916,34.3891454780339],[-78.4073679249303,34.3894585897291],[-78.407691125434,34.3895079757187],[-78.4079538041663,34.38982108596],[-78.408277006554,34.3898704703028],[-78.40942816877322,34.3892274403077],[-78.4101543420734,34.3860627196631],[-78.4109217376139,34.3856340200395],[-78.4113452907261,34.3837879217827],[-78.4124963372152,34.3831448568885],[-78.4157281302938,34.3836385376235],[-78.4164954710334,34.3832098000575],[-78.416818651306,34.3832591610778],[-78.4173440422621,34.3838853442514],[-78.4179904099292,34.3839840606044],[-78.4183740768154,34.3837696851137],[-78.4184345588396,34.3835059526834],[-78.4192018833048,34.383077197218],[-78.4195250647472,34.3831265507352],[-78.4199087231489,34.3829121699736],[-78.4199691992855,34.3826484364817],[-78.4203528540941,34.382434054137],[-78.42041332834762,34.3821703202669],[-78.4201506252273,34.3818572353293],[-78.4203925207249,34.3808022988802],[-78.42077616523072,34.3805879146777],[-78.4208366366051,34.380324180018],[-78.4212202775181,34.3801097942324],[-78.4213412160895,34.3795823240437],[-78.4210785179897,34.37926924025081],[-78.4211994562145,34.3787417696902],[-78.4209367615341,34.3784286852695],[-78.42142050317682,34.3763187988301],[-78.4221877400298,34.3758900200828],[-78.42351782910511,34.3700877834308],[-78.4239014119783,34.3698733862403],[-78.4239618643732,34.369609646646],[-78.4243454436545,34.3693952478722],[-78.424405894167,34.3691315078994],[-78.4251730434257,34.3687027058681],[-78.4252334905845,34.3684389652512],[-78.426000628419,34.3680101574185],[-78.4260610722243,34.3677464161576],[-78.4272117586592,34.3671031937301],[-78.4272721976399,34.3668394515597],[-78.4264841673528,34.3659002241662],[-78.4284180600702,34.3574604187702],[-78.4288015669661,34.3572460022552],[-78.4288619928628,34.3569822562038],[-78.4292454961681,34.3567678381056],[-78.4293059201831,34.3565040916753],[-78.42968941989781,34.356289671994],[-78.4305352923825,34.3525972063596],[-78.4309187693881,34.3523827816421],[-78.4313416651445,34.3505365386388],[-78.4340258727798,34.3490355157107]]},"properties":{"segment_id":"377773d7ff3352ed10340398","source_kmz":"waccamaw","orientation":"unverified"}},{"type":"Feature","geometry":{"type":"LineString","coordinates":[[-78.41280734209491,34.3482511955331],[-78.4131303744074,34.3483005688157],[-78.4135138782708,34.3480862003541],[-78.4136348193174,34.347558718324],[-78.4144018148046,34.347129976384],[-78.4145227483244,34.3466024928365],[-78.4152897294529,34.34617374456201],[-78.4340258727798,34.3490355157107]]},"properties":{"segment_id":"2f035f550fa6635b7e809953","source_kmz":"waccamaw","orientation":"unverified"}},{"type":"Feature","geometry":{"type":"LineString","coordinates":[[-78.7117167797825,34.3864333088493],[-78.7113339124606,34.3866486490717],[-78.7100403936435,34.3864544705972],[-78.7097765079358,34.3861420420389],[-78.7091297538926,34.38604494589651],[-78.7083640065901,34.3864756082139],[-78.7081260119735,34.3875311309971],[-78.7077431292605,34.38774645913831],[-78.707419746619,34.3876979059624],[-78.7066539734977,34.3881285562039],[-78.7056838240537,34.38798288496621],[-78.704918038478,34.3884135236501],[-78.7010374613591,34.3878307324145]]},"properties":{"segment_id":"ecb90bf31b431809954689be","source_kmz":"waccamaw","orientation":"unverified"}},{"type":"Feature","geometry":{"type":"LineString","coordinates":[[-78.5136878807525,34.3720839605583],[-78.5131617922052,34.3714582037121],[-78.511545835051,34.3712127231794],[-78.51148567923902,34.3714765076395],[-78.5111624879745,34.3714274086815],[-78.5108994550533,34.3711145246669],[-78.5096066999681,34.3709181168431],[-78.5090806522532,34.3702923407019],[-78.5091408153257,34.3700285571179],[-78.50817126531251,34.3698812377679],[-78.5079082497003,34.3695683464287],[-78.50758506865121,34.3695192374308],[-78.5067960389566,34.3685805569146],[-78.506149686907,34.3684823317309],[-78.5056236836005,34.3678565381828],[-78.5053005111299,34.367807422745],[-78.5047745192507,34.3671816248648],[-78.504834694554,34.3669178425431],[-78.5037827388626,34.3656662384305],[-78.5038429163628,34.365402456152],[-78.50331695255,34.36477664991961],[-78.5033771309441,34.3645128676061],[-78.5031141528715,34.3641999634654],[-78.5031743315079,34.363936181078],[-78.5029113562083,34.36362327626721],[-78.5022650503831,34.3635250289464],[-78.5009502204077,34.3619604867765],[-78.4996576430689,34.3617639663778],[-78.4991317376884,34.361138138563],[-78.4988085973169,34.361089004718],[-78.4982827033615,34.3604631725711],[-78.4979595663394,34.3604140363305],[-78.4976966240135,34.3601011184456],[-78.496727219813,34.3599537020814],[-78.4962013503447,34.3593278596971],[-78.4958782193699,34.35927871761371],[-78.495352361326,34.3586528708975],[-78.4950292337004,34.3586037264187],[-78.4918742812423,34.3548485775895],[-78.4915511716648,34.3547994232367],[-78.4912882742157,34.3544864888111],[-78.4903189523493,34.3543390181109],[-78.4890045189627,34.3527743241305]]},"properties":{"segment_id":"14f83d5798efce339366e123","source_kmz":"waccamaw","orientation":"unverified"}},{"type":"Feature","geometry":{"type":"LineString","coordinates":[[-78.7390208044998,34.3943475625833],[-78.7387567751743,34.3940352025855],[-78.7388161751838,34.3937713084266],[-78.7380241019483,34.3928342242743],[-78.7377006791443,34.3927857554704],[-78.7374366604546,34.3924733919107],[-78.7371132395228,34.3924249214553],[-78.7368492244282,34.3921125564323],[-78.7352321331738,34.3918701868883],[-78.7349681275456,34.3915578173991],[-78.73270422704861,34.3912184569475],[-78.7327636454981,34.3909545650082],[-78.7324402338225,34.3909060814905],[-78.7321762427234,34.3905937053212],[-78.7318528329201,34.3905452201519],[-78.7310608767877,34.3896080851177],[-78.73073747179241,34.3895595967954],[-78.7302095146074,34.3889348350428],[-78.72859251037652,34.3886923724125],[-78.72744400917581,34.3893385538644],[-78.7229164234597,34.3886594945614],[-78.7218606558781,34.387409895989],[-78.7215372658044,34.3873613819949],[-78.7207715744146,34.3877921252278],[-78.7198014026698,34.3876465715358],[-78.7194185518093,34.3878619380305],[-78.7190951613784,34.3878134172808],[-78.7187123077327,34.3880287814118],[-78.71774213689271,34.3878832106057],[-78.7174782152946,34.3875708000214],[-78.7158612793289,34.3873281602438],[-78.7155973671972,34.3870157451946],[-78.7149505985801,34.3869186814775],[-78.714567737842,34.3871340322089],[-78.7142443534822,34.3870854979483],[-78.7139804486904,34.3867730791464],[-78.7117167797825,34.3864333088493]]},"properties":{"segment_id":"452228e510e1b179cde36327","source_kmz":"waccamaw","orientation":"unverified"}},{"type":"Feature","geometry":{"type":"LineString","coordinates":[[-78.5576288126809,34.3891195521747],[-78.5573655323007,34.3888067796449],[-78.5570422397977,34.388757809035],[-78.55651568834931,34.3881322603495],[-78.5565757039032,34.3878684577987],[-78.5563124320182,34.387555682431],[-78.555989145396,34.3875067088262],[-78.5557258771049,34.3871939320004],[-78.5554025923612,34.3871449567466],[-78.5535597840773,34.3849554938594],[-78.5536198072278,34.3846916918523],[-78.5529732616713,34.3845937284657],[-78.5524467713182,34.3839681583392],[-78.5525668232546,34.3834405547507],[-78.5520403440087,34.3828149819429],[-78.55210037067101,34.38255118005841],[-78.5528669459492,34.3821215438132],[-78.552926969263,34.3818577412887],[-78.5536935331077,34.3814280992537],[-78.5537535530732,34.381164296089],[-78.554076811845,34.3812132762629],[-78.5544600884589,34.3809984519567],[-78.5545201054845,34.3807346482643],[-78.5552866494024,34.3803049951776],[-78.5559331621273,34.3804029462124],[-78.5563164295945,34.3801881155926],[-78.5569629426456,34.3802860609236],[-78.5588792415974,34.3792118775773],[-78.5589992424122,34.3786842644219],[-78.5597657412504,34.3782545808201],[-78.5598857345532,34.3777269661598],[-78.5602689778478,34.3775121218581],[-78.5604489603318,34.3767206982328],[-78.5601857106679,34.3764079275414],[-78.5604256842133,34.3753526946226],[-78.5596359558019,34.3744143787569],[-78.5596959501283,34.3741505703628],[-78.5589062427847,34.3732122482258],[-78.55825978624252,34.3731143128723],[-78.5579965576465,34.3728015359097],[-78.558116554548,34.3722739197007],[-78.5584397790224,34.3723228882734],[-78.5581765523865,34.3720101114274],[-78.5582965468392,34.3714824945433],[-78.558679763682,34.3712676538995],[-78.5589197418119,34.37021241772481],[-78.5593029506538,34.3699975747098],[-78.5593629426965,34.3697337651207],[-78.5597461479461,34.3695189205264],[-78.5598661278685,34.3689913004827],[-78.5602493280564,34.3687764540451],[-78.5604292904713,34.3679850223433],[-78.5608124841283,34.3677701737985],[-78.5609324540926,34.367242551573],[-78.5613156426881,34.3670277011849],[-78.5614356080817,34.3665000779811],[-78.5618187916158,34.3662852257497],[-78.5618787722314,34.3660214137149],[-78.5622619521735,34.3658065599042],[-78.5623219309118,34.3655427474927],[-78.562705107262,34.3653278921028],[-78.563064962309,34.3637450136847],[-78.563831291011,34.3633152957911],[-78.5641544817644,34.3633642490147],[-78.5649208006695,34.3629345237574],[-78.564980768145,34.3626707090862],[-78.56536392294461,34.3624558442207],[-78.5654238885431,34.3621920291728],[-78.5661901888366,34.361762294968],[-78.5666698754371,34.3596517663037]]},"properties":{"segment_id":"d1c8b9ab0610d68e78e2fe0a","source_kmz":"waccamaw","orientation":"unverified"}},{"type":"Feature","geometry":{"type":"LineString","coordinates":[[-78.5669330943827,34.3599645284869],[-78.5666698754371,34.3596517663037]]},"properties":{"segment_id":"e22225a7a510db634a0e4333","source_kmz":"waccamaw","orientation":"unverified"}},{"type":"Feature","geometry":{"type":"LineString","coordinates":[[-78.5058596400358,34.3506978028491],[-78.505596698777,34.3503848992297],[-78.5052735990979,34.3503357827078],[-78.50489033781722,34.3505504528283],[-78.5039210392804,34.3504030947103],[-78.5031545064489,34.350832424694],[-78.5025083068648,34.3507341772446],[-78.5021250359653,34.35094883815921],[-78.5020648638349,34.35121262403491],[-78.5005317531505,34.3520712534711],[-78.5004113959056,34.3525988227645],[-78.5000281099932,34.3528134763031],[-78.4990587924201,34.3526660780894],[-78.4982922103255,34.3530953749088],[-78.49796910398402,34.3530462382685],[-78.4972025121037,34.3534755277195],[-78.4971423212773,34.3537393102652],[-78.4967590206862,34.3539539527512],[-78.4890045189627,34.3527743241305]]},"properties":{"segment_id":"75e3e9461df887aa6c2edd20","source_kmz":"waccamaw","orientation":"unverified"}},{"type":"Feature","geometry":{"type":"LineString","coordinates":[[-78.8178767019238,34.3930433409449],[-78.8174940970181,34.3932590283722],[-78.8171706228804,34.3932107802863],[-78.8167880151845,34.3934264653519],[-78.8164645407876,34.3933782153145],[-78.815699317687,34.3938095794113],[-78.8150523674544,34.3937130724312],[-78.814669751388,34.3939287504119],[-78.8130523795442,34.3936874619401],[-78.8122871344101,34.3941188034629],[-78.8119636599261,34.3940705409643],[-78.8116993377821,34.3937583463095],[-78.8113758651677,34.3937100821581],[-78.8109932388902,34.3939257480619],[-78.810669766017,34.393877481959],[-78.8102871369496,34.394093145501],[-78.8099636638176,34.3940448774465],[-78.8099045057538,34.3943088077318],[-78.8095218724296,34.3945244686512],[-78.8088749239224,34.394427927439],[-78.8088157618605,34.3946918570533],[-78.8078453389277,34.3945470380285],[-78.8047841575166,34.3962722340693],[-78.804724980123,34.3965361610377],[-78.8043423214016,34.3967518043808],[-78.804283142138,34.3970157309771],[-78.8035178153755,34.3974470132078],[-78.8032218983427,34.3987666419116],[-78.8016911899316,34.3996291854202],[-78.8013676990559,34.3995808938046],[-78.8013085075074,34.3998448180188],[-78.7993950634573,34.4009229613402],[-78.7990715686138,34.4008746634207],[-78.798306174771,34.4013059094676],[-78.7982469714839,34.4015698315955],[-78.7979234746567,34.4015215305239],[-78.7975407724137,34.4017371502686],[-78.7972172753283,34.4016888472452],[-78.7968345702955,34.4019044646278],[-78.796511072952,34.40185615965251],[-78.7953629430982,34.40250300077891],[-78.7950394441742,34.4024546917505],[-78.7942740123062,34.4028859105089],[-78.793950512463,34.4028375984779],[-78.7935677926749,34.4030532048391],[-78.7932442925738,34.4030048908562],[-78.7928615699959,34.4032204948551]]},"properties":{"segment_id":"69f28b11111d77ada0915a14","source_kmz":"waccamaw","orientation":"unverified"}},{"type":"Feature","geometry":{"type":"LineString","coordinates":[[-78.6802394350023,34.3896158033993],[-78.6813883335226,34.3889700877373],[-78.6814479248712,34.3887062213233],[-78.68183088532422,34.3884909798802],[-78.6821288286414,34.387171644821],[-78.6825117796262,34.3869564007529],[-78.6828351435696,34.3870050231316],[-78.6829543129952,34.3864772874994],[-78.6837202013986,34.3860467922717],[-78.6837797825664,34.3857829237631],[-78.6853115279901,34.3849219164983],[-78.6856348852054,34.3849705312189],[-78.6856944590315,34.3847066613988],[-78.6864603147369,34.3842761472598],[-78.6866390249731,34.383484535554],[-78.6870219452324,34.3832692757276],[-78.6892854135213,34.3836095272731],[-78.690051238457,34.3831789889669],[-78.6905788328892,34.3838039369146],[-78.6909021887444,34.3838525370735],[-78.691285098987,34.3836372633221],[-78.691344652564,34.3833733902006],[-78.6921104637355,34.3829428382337],[-78.6943135525854,34.3731794346164]]},"properties":{"segment_id":"498ac1fec8a90176674575f4","source_kmz":"waccamaw","orientation":"unverified"}},{"type":"Feature","geometry":{"type":"LineString","coordinates":[[-78.7948967893636,34.3792482113781],[-78.7918359238129,34.3809730979338],[-78.7917767140286,34.38123702303891],[-78.7913940947949,34.38145262769541],[-78.7908019601187,34.3840918699961],[-78.7904193240898,34.3843074707296],[-78.7901232343034,34.3856270863899],[-78.79065165155271,34.3862515788312],[-78.7905332154596,34.3867794244664],[-78.7907974285972,34.387091669693],[-78.7907382106068,34.3873555923813],[-78.791002426533,34.3876678369326],[-78.7909432088003,34.3879317595475],[-78.791207427515,34.3882440034234],[-78.79114821004,34.3885079259648],[-78.7914124315433,34.3888201691654],[-78.7913532143261,34.3890840916334],[-78.7918816650378,34.3897085759707],[-78.7918224487392,34.3899724984033],[-78.7928793783408,34.3912214586703],[-78.7932028290553,34.3912697743306],[-78.793731309558,34.3918942486811],[-78.7936720978857,34.3921581713805],[-78.79393634199,34.3924704075239],[-78.79369949391382,34.3935260973597],[-78.7939637427901,34.3938383329424],[-78.7939045304244,34.394102255161],[-78.7941687820898,34.3944144900686],[-78.793991144557,34.3952062561707],[-78.7942554003337,34.3955184904795],[-78.7941961876776,34.395782412329],[-78.7938135033965,34.3959980212704],[-78.7937542888701,34.3962619427476],[-78.79401854729082,34.3965741772093],[-78.7930710706199,34.4007969063166],[-78.7926883584596,34.4010125103009],[-78.7926291362734,34.4012764296632],[-78.7928934072542,34.4015886648524],[-78.792834185326,34.4018525841419],[-78.7930984590964,34.4021648186563],[-78.7928615699959,34.4032204948551]]},"properties":{"segment_id":"8d5dc779b86c180c0ee30aad","source_kmz":"waccamaw","orientation":"unverified"}},{"type":"Feature","geometry":{"type":"LineString","coordinates":[[-78.7452757715873,34.371005894041],[-78.74521641098981,34.3712697985229],[-78.7444510099763,34.3717007055426],[-78.7443916460409,34.3719646093889],[-78.7428608126328,34.3728264066332],[-78.7422141282433,34.3727294927184],[-78.7418314132579,34.3729449366476],[-78.7415080710101,34.3728964772887],[-78.7411253532396,34.3731119188549],[-78.7408020107369,34.3730634575448],[-78.7400365674996,34.3734943346391],[-78.739713224083,34.3734458703272],[-78.7396538426918,34.3737097712176],[-78.7369747095061,34.37521779052],[-78.7366513608179,34.3751693178035],[-78.7355031270124,34.3758155889519],[-78.735443729482,34.376079486962],[-78.7351203781583,34.3760310100431],[-78.7350015797587,34.3765588054277],[-78.7315567179814,34.3784975314725],[-78.73123335900621,34.3784490438971],[-78.7308505852967,34.3786644502887],[-78.7289104359842,34.3783734996178],[-78.7281448742815,34.3788042958551],[-78.7278215161606,34.3787557988229],[-78.7270559446358,34.3791865877084],[-78.7264092269725,34.3790895867391],[-78.7237296504393,34.3805972917804],[-78.723406287604,34.3805487825896],[-78.7218750516027,34.3814102952456],[-78.7217561548227,34.3819380737874],[-78.7190763894123,34.38344566672861],[-78.7190169301411,34.3837095539982],[-78.7186935572771,34.3836610318978],[-78.7179278866278,34.3840917582978],[-78.7176045128515,34.384043233195],[-78.7175450481138,34.3843071195287],[-78.7167793647067,34.384737838052],[-78.7158092386657,34.3845922505839],[-78.71466069168181,34.3852383090651],[-78.7140139390611,34.3851412399445],[-78.7132482278068,34.3855719348309],[-78.7131887470732,34.3858358184681],[-78.7128653689902,34.3857872803048],[-78.7117167797825,34.3864333088493]]},"properties":{"segment_id":"f960b6c0b10a78092c43ece7","source_kmz":"waccamaw","orientation":"unverified"}},{"type":"Feature","geometry":{"type":"LineString","coordinates":[[-78.6120905512148,34.3908065340393],[-78.6128568755729,34.3903765071346],[-78.6129167011836,34.3901126762882],[-78.6140661673759,34.389467625283],[-78.6150361628422,34.3896140593854],[-78.6154193120238,34.3893990366002],[-78.6157426440046,34.3894478451154],[-78.61600616197181,34.3897604853839],[-78.6166528300933,34.3898580982142],[-78.6169163531242,34.3901707362735],[-78.6185330378976,34.3904147488444],[-78.6196824618461,34.38976964263731],[-78.6197422637659,34.3895058080985],[-78.6205085328347,34.3890757301955],[-78.6208318666702,34.3891245246003],[-78.6212149973617,34.3889094826258],[-78.6221849993427,34.3890558572833],[-78.6224485419509,34.3893684831176],[-78.6240652274034,34.3896124191238],[-78.6248314735491,34.3891823128325],[-78.6254781479552,34.3892798767262],[-78.6257417046011,34.3895924950266],[-78.6260650438837,34.3896412748733],[-78.6263286041239,34.3899538917135],[-78.6282686571776,34.3902465473867],[-78.6290348862739,34.3898164137593],[-78.6293582285615,34.3898651844504],[-78.6301244478457,34.3894350434632],[-78.63018421398,34.3891712034611],[-78.6309504218253,34.388741056691],[-78.6310101846145,34.38847721605121],[-78.6317763810211,34.38804706349841],[-78.632423054696,34.3881445889594],[-78.63280614839991,34.387929508609],[-78.6331294851914,34.3879782689375],[-78.63389566491232,34.3875481021915],[-78.6342190007985,34.3875968595169],[-78.635368252474,34.3869515963875],[-78.6356915867989,34.38700034965851],[-78.63760696047711,34.3859248795699],[-78.6376666984487,34.3856610346465],[-78.64034812206411,34.3841553194896],[-78.6404078493466,34.3838914726143],[-78.6407908998942,34.3836763649298],[-78.6409103503022,34.3831486703172],[-78.6412933957871,34.382933560793],[-78.64147256394462,34.3821420172451],[-78.6418556028981,34.3819269056183],[-78.6419153233357,34.3816630572819],[-78.6426813919305,34.3812328295605],[-78.6433280224944,34.3813302952464],[-78.6437110522923,34.3811151773124],[-78.6440343675276,34.3811639077535],[-78.6448251854825,34.3821016434261],[-78.6457951468449,34.3822478225996],[-78.6460587614861,34.3825603974858],[-78.6464417897846,34.3823452708796],[-78.6470884343493,34.3824427155579],[-78.6474714592103,34.3822275855354],[-78.6477947814457,34.3822763054727],[-78.6493268570147,34.3814157680387],[-78.6496253260818,34.3800965052936],[-78.6500083323183,34.3798813663364],[-78.6501277141648,34.3793536599281],[-78.6508937143888,34.3789233770209],[-78.6509534017656,34.3786595231231],[-78.6524853708409,34.3777989404909],[-78.653131985092,34.3778963521287],[-78.6533956145111,34.3782089119979],[-78.6537786009672,34.3779937601647],[-78.6547485278255,34.3781398654656],[-78.6550121645871,34.37845242158581],[-78.6553354758204,34.3785011208021],[-78.655718458338,34.3782859626625],[-78.6621847551281,34.3792597368726],[-78.66448252682,34.377968634321],[-78.6646018072382,34.3774409118981],[-78.6649847588125,34.3772257230164],[-78.6651040346709,34.3766979996198],[-78.6654869811835,34.3764828088992],[-78.6655466170358,34.3762189467701],[-78.6659295599552,34.3760037544731],[-78.6659891939335,34.3757398919693],[-78.6671380055372,34.3750943064087],[-78.6678535287752,34.3719279381592],[-78.6682364441091,34.3717127371932],[-78.6684749330011,34.3706572764696],[-78.6688578403381,34.37044207313931],[-78.668917460079,34.3701782074152],[-78.6693003638233,34.3699630025086],[-78.6694195991523,34.3694352701984],[-78.6705682888294,34.3687896460212],[-78.6706279014817,34.3685257789097],[-78.67101079232361,34.3683105679609],[-78.6711896234434,34.3675189651647],[-78.671572507757,34.36730375211431],[-78.6716917235402,34.3667760158301],[-78.6724574799223,34.366345584738],[-78.6725766882122,34.365817846954],[-78.6729595602809,34.3656026289122],[-78.6731383652712,34.3648110206059],[-78.6728747018406,34.36449850052891],[-78.6735302961415,34.3615959285097],[-78.6750616777393,34.3607350316477],[-78.6751212689182,34.3604711597391],[-78.6758869440363,34.360040702902],[-78.67594653187481,34.3597768303556],[-78.67632936478,34.3595615997041],[-78.6763889507457,34.3592977267825],[-78.68021714829,34.3571453454041],[-78.6802767191764,34.3568814697428]]},"properties":{"segment_id":"e5395c24bee39d570e470a77","source_kmz":"waccamaw","orientation":"unverified"}},{"type":"Feature","geometry":{"type":"LineString","coordinates":[[-78.5666698754371,34.3596517663037],[-78.5661434439131,34.3590262398068],[-78.5663832826529,34.3579709730773],[-78.5671495359382,34.3575412304246],[-78.5676759654974,34.3581667534647],[-78.5686454819124,34.3583135793056],[-78.5690286050425,34.3580987012784],[-78.569088554811,34.3578348829914],[-78.5698547917663,34.3574051224635],[-78.5699746842046,34.35687748449531],[-78.5703577965611,34.35666260173061],[-78.5704776844309,34.3561349627833],[-78.5708607917275,34.3559200781754],[-78.5712204367402,34.3543371570425],[-78.571603533102,34.3541222695355],[-78.5719631546273,34.3525393427571],[-78.5723462400548,34.3523244523508],[-78.5725859737116,34.3512691645189],[-78.5729690511427,34.3510542717415],[-78.5732087724038,34.3499989810476],[-78.5735918418386,34.3497840858988],[-78.5737116970868,34.3492564393465],[-78.5740947614627,34.3490415423545],[-78.5742146121437,34.34851389482251],[-78.5745976714607,34.3482989959874],[-78.5746575947215,34.3480351717879],[-78.5758067555358,34.3473904666001],[-78.5752803335427,34.3467649723905],[-78.5758795127563,34.3441267170262],[-78.5762625458042,34.3439118115999],[-78.5764422872183,34.3431203319954],[-78.5768253137398,34.3429054244618],[-78.5768852252615,34.3426415974369],[-78.5772682481931,34.3424266883242],[-78.5776276999589,34.3408437222165]]},"properties":{"segment_id":"8350be85f736da0f3624cf0b","source_kmz":"waccamaw","orientation":"unverified"}},{"type":"Feature","geometry":{"type":"LineString","coordinates":[[-78.5461543612258,34.3396221464732],[-78.5499851969471,34.3374739999245],[-78.5503082713387,34.3375229930767],[-78.5514574787401,34.3368785203076],[-78.55210362483211,34.336976497607],[-78.55325280923032,34.3363320066933],[-78.5535758809304,34.3363809908406],[-78.5539589375021,34.3361661568543],[-78.5542220255541,34.3364789564362],[-78.5555143196955,34.3366748768308],[-78.5557774157416,34.3369876727084],[-78.5596543549333,34.3375753385377],[-78.5615695619165,34.3365010569361],[-78.5622157176286,34.3365989781356],[-78.5637944862431,34.338475652008],[-78.5637345334321,34.33873947359],[-78.5639976696114,34.33905225011991],[-78.564320759417,34.3391012042812],[-78.5645838991858,34.339413979352],[-78.56555317545332,34.3395608341916],[-78.5658163217482,34.3398736063061],[-78.5661394161208,34.3399225553711],[-78.5664025660052,34.3402353260265],[-78.56672566225372,34.3402842734431],[-78.5669888157276,34.3405970426393],[-78.567635012384,34.340694933276],[-78.5678981709158,34.3410077002643],[-78.5711291933341,34.341497091974],[-78.5715122265572,34.3412822015138],[-78.5744201756968,34.3417225676607],[-78.5746833650617,34.3420353189268],[-78.5758324368083,34.3413906089206],[-78.5764786512265,34.3414884503634],[-78.5776276999589,34.3408437222165]]},"properties":{"segment_id":"429b69cbca8a36079a8d26f8","source_kmz":"waccamaw","orientation":"unverified"}},{"type":"Feature","geometry":{"type":"LineString","coordinates":[[-78.4979312238206,34.3268381847081],[-78.49760822701832,34.326789045542],[-78.4972250608142,34.3270036963949],[-78.4965790671353,34.3269054132622],[-78.4961958975104,34.3271200606966],[-78.4942579223868,34.3268251834058],[-78.4938747467388,34.3270398232172],[-78.493551751666,34.326990672803],[-78.493168573248,34.327205310247],[-78.4928455779338,34.3271561578822],[-78.4924623967459,34.3273707929587],[-78.4921394011902,34.3273216386434],[-78.4917562172324,34.3275362713524],[-78.4914934113061,34.3272233273146],[-78.49072703866922,34.3276525872117],[-78.4904040430399,34.3276034280959],[-78.4901412423383,34.3272904810292],[-78.4894952552448,34.327192158604],[-78.4864296708606,34.3289091140208],[-78.4854606776795,34.3287615984098],[-78.4823949420506,34.330478444343],[-78.48233471873071,34.3307422263908],[-78.4819514907711,34.3309568259427],[-78.481831039965,34.331484389167],[-78.4787651164846,34.3332011339401],[-78.4784421053422,34.3331519419446],[-78.4780588547196,34.3333665280652],[-78.47547477512181,34.3329729513118]]},"properties":{"segment_id":"bee38e2b0169e026e22c7cc8","source_kmz":"waccamaw","orientation":"unverified"}},{"type":"Feature","geometry":{"type":"LineString","coordinates":[[-78.6481636188655,34.3599581403205],[-78.6484868487211,34.3600068596088],[-78.6487503986298,34.36031943655641],[-78.64939686249471,34.3604168709331],[-78.64966041746301,34.3607294456698],[-78.6500433279835,34.3605143017088],[-78.6503665613368,34.3605630157463],[-78.65060525907441,34.3595075778223],[-78.6521368538085,34.3586469804284],[-78.6522561884994,34.3581192586873],[-78.6534048534437,34.3574737952686],[-78.6537280762394,34.357522500147],[-78.660236805404,34.3538646329069],[-78.6602964417265,34.3536007664568],[-78.6609428641036,34.3536981374878],[-78.66247422947501,34.3528373982106],[-78.6630013954087,34.35346249333071],[-78.66364782002822,34.3535598493566],[-78.6647021891195,34.3548100250557],[-78.66502540790741,34.354858698719],[-78.6652890069571,34.3551712401143],[-78.6659354486845,34.3552685832406],[-78.666199052793,34.3555811224243],[-78.6668454990774,34.3556784604501],[-78.6676111728101,34.3552480556173],[-78.6682576180909,34.3553453858394],[-78.6713202175637,34.353623697157],[-78.6713798160056,34.3533598249556],[-78.6729959047335,34.3536030919796],[-78.6732595316248,34.3539156157871],[-78.6740251523758,34.3534851678743],[-78.6740847415116,34.3532212942452],[-78.6744079595654,34.3532699419478],[-78.6759391670853,34.3524090251073],[-78.676262382918,34.3524576677074]]},"properties":{"segment_id":"d6fb0c2449a6dfffce8f123f","source_kmz":"waccamaw","orientation":"unverified"}},{"type":"Feature","geometry":{"type":"LineString","coordinates":[[-78.6929511122967,34.3555136078091],[-78.6925683454852,34.3557288941429],[-78.6906289134808,34.35543729782171],[-78.6901015115528,34.3548123292974],[-78.6888085767198,34.3546179077426],[-78.6877538218278,34.3533679501449],[-78.6871073685783,34.3532707279651],[-78.6867245966174,34.3534859956522],[-78.6860781436741,34.3533887677701],[-78.685695368275,34.353604032043],[-78.685372141754,34.353555415701],[-78.684989363574,34.3537706776101],[-78.6843429104333,34.3536734401241],[-78.6839601288154,34.3538886986188],[-78.6826672247679,34.3536942086414],[-78.6824035607343,34.3533817060595],[-78.68208033720252,34.3533330805645],[-78.6813147626462,34.3537635815329],[-78.6812551976844,34.3540274586939],[-78.6773765184002,34.3534438555149]]},"properties":{"segment_id":"2545b6615287219334ce6ae3","source_kmz":"waccamaw","orientation":"unverified"}},{"type":"Feature","geometry":{"type":"LineString","coordinates":[[-78.5776276999589,34.3408437222165],[-78.5777475139552,34.3403160659431],[-78.5785135299634,34.339886239547],[-78.5788729445593,34.3383032648438],[-78.5800219262357,34.3376585106332],[-78.5802016148231,34.3368670193779],[-78.5805846000685,34.3366520978854],[-78.5812434107174,34.3337499516673],[-78.5835411807648,34.3324603776655],[-78.58378070083091,34.3314050420339],[-78.5849295396063,34.3307602341121],[-78.58440315689201,34.3301347688755],[-78.5856604653629,34.324594212029],[-78.586043374933,34.3243792694504],[-78.5861032408202,34.3241154318998],[-78.58648614680212,34.3239004877421],[-78.5865460108149,34.3236366498139],[-78.5888433933666,34.32234695567131]]},"properties":{"segment_id":"650fe691b588a299065a93db","source_kmz":"waccamaw","orientation":"unverified"}},{"type":"Feature","geometry":{"type":"LineString","coordinates":[[-78.5988817271898,34.339966110846],[-78.5984987762716,34.3401810917058],[-78.5981756604289,34.3401322324915],[-78.5979123828446,34.3398195336558],[-78.5972661553155,34.3397218110297],[-78.5970028827886,34.339409109985],[-78.5966797711023,34.3393602465731],[-78.596416502165,34.3390475440684],[-78.5965361856285,34.3385198673433],[-78.596009656735,34.3378944603522],[-78.5962490240105,34.3368391058486],[-78.5920371402158,34.3318357499432],[-78.5920969914784,34.3315719116394],[-78.5913073256875,34.3306337622535],[-78.5913671785041,34.3303699239497],[-78.59110396147,34.3300572061031],[-78.5911638145333,34.3297933677239],[-78.5895845607938,34.3279170459367],[-78.58964441737182,34.3276532076704],[-78.5893812164926,34.32734048492111],[-78.5901593234712,34.3239105776411],[-78.5888433933666,34.32234695567131]]},"properties":{"segment_id":"181613a2fc9b8983b723f52e","source_kmz":"waccamaw","orientation":"unverified"}},{"type":"Feature","geometry":{"type":"LineString","coordinates":[[-78.3731238494512,34.3055948139793],[-78.3735072527919,34.3053805665106],[-78.375121401456,34.3056279818187],[-78.3781885261404,34.3039139125563],[-78.37883417814092,34.304012855566],[-78.3790964511945,34.3043260624573],[-78.3794192792814,34.3043755318676],[-78.3799438346759,34.3050019420332],[-78.384786349426,34.3057438529366],[-78.3874699082123,34.30424382418501],[-78.3877927412913,34.3042932703618],[-78.3893261543091,34.3034360778727],[-78.3895077074342,34.3026448505164],[-78.3898910509902,34.3024305482988],[-78.3901331101907,34.3013755758227],[-78.39045593303942,34.3014250147774],[-78.3908392679554,34.3012107091235],[-78.3911620905682,34.3012601461281],[-78.391545422721,34.301045838105],[-78.391868245098,34.3010952731596],[-78.3922515744876,34.3008809627673],[-78.3925743966287,34.3009303958718],[-78.3960242600853,34.2990015335727],[-78.396084751996,34.2987377863574],[-78.3964680581081,34.2985234614678],[-78.3977382624587,34.292984737916],[-78.3985048066415,34.2925560729797]]},"properties":{"segment_id":"031081dcd567fdf3c0de3108","source_kmz":"waccamaw","orientation":"unverified"}},{"type":"Feature","geometry":{"type":"LineString","coordinates":[[-78.3985048066415,34.2925560729797],[-78.4057865542784,34.288483493184]]},"properties":{"segment_id":"fb7cec4f5a41f24177c0680e","source_kmz":"waccamaw","orientation":"unverified"}},{"type":"Feature","geometry":{"type":"LineString","coordinates":[[-78.41073134812362,34.2960651767722],[-78.4065336381679,34.2910548736158],[-78.4067149870093,34.2902636077331],[-78.4064526500648,34.289950457874],[-78.4069362340855,34.2878404107832]]},"properties":{"segment_id":"3af0b5742675bc7f8f4e8658","source_kmz":"waccamaw","orientation":"unverified"}},{"type":"Feature","geometry":{"type":"LineString","coordinates":[[-78.4663728151253,34.29528167592131],[-78.4675220935806,34.2946379999503]]},"properties":{"segment_id":"2437cbbe4bf88e4ed054cb1e","source_kmz":"waccamaw","orientation":"unverified"}},{"type":"Feature","geometry":{"type":"LineString","coordinates":[[-78.4417985507702,34.2931696742335],[-78.4425648534635,34.2927407190504],[-78.4435333155438,34.29288859818],[-78.44429960588,34.2924596314234],[-78.4455908892036,34.2926567826046],[-78.4459740286027,34.2924422930473],[-78.4475881387349,34.2926887065439],[-78.4491206621938,34.2918307141281],[-78.4675220935806,34.2946379999503]]},"properties":{"segment_id":"dafc148696a78345d126e8d3","source_kmz":"waccamaw","orientation":"unverified"}},{"type":"Feature","geometry":{"type":"LineString","coordinates":[[-78.672500101241,34.3232423175175],[-78.6732654236376,34.3228118589991]]},"properties":{"segment_id":"4827ba129d457c77ae5fd9e0","source_kmz":"waccamaw","orientation":"unverified"}},{"type":"Feature","geometry":{"type":"LineString","coordinates":[[-78.4675220935806,34.2946379999503],[-78.4717359515659,34.292277753338]]},"properties":{"segment_id":"03c1c2c565227976ebb2ad0a","source_kmz":"waccamaw","orientation":"unverified"}},{"type":"Feature","geometry":{"type":"LineString","coordinates":[[-78.3547960873566,34.271930909229],[-78.3571547734845,34.2747503415117],[-78.3578001562412,34.2748494047163],[-78.3601590400502,34.277668766197],[-78.3637088200353,34.27821347573],[-78.365625269596,34.2771423453501],[-78.3662706830303,34.2772413612562],[-78.3662101066186,34.27750509972721],[-78.3664722392443,34.2778183449935],[-78.3662299320669,34.2788732978792],[-78.3664920693904,34.2791865425876],[-78.3663103366251,34.2799777561591],[-78.36735891481511,34.281230728361],[-78.37026345106621,34.2816762261511],[-78.3702028847547,34.2819399653017],[-78.3707272142671,34.282566433798],[-78.3704849500754,34.2836213895546],[-78.37074712058802,34.2839346228911],[-78.370565420063,34.284725838617],[-78.3710897713093,34.2853523033914],[-78.3708475033519,34.286407256389],[-78.371371868227,34.2870337186323],[-78.3713113015014,34.2872974566706],[-78.371835676129,34.2879239161562],[-78.3734494566104,34.2881713598125],[-78.3749827095928,34.2873143399291],[-78.3753054643382,34.28736382176],[-78.3760720768461,34.2869353018067],[-78.3768586958991,34.2878749581794],[-78.3775042128519,34.2879739104635],[-78.377766426371,34.2882871263451],[-78.3787347092913,34.2884355457926],[-78.3795013134553,34.2880070037836],[-78.382083408994,34.2884027326178],[-78.3844435860769,34.2912215556794],[-78.3847663630893,34.291271011023],[-78.3851496635809,34.2910567215244],[-78.3854724403578,34.2911061749181],[-78.3858557380873,34.2908918830504],[-78.3868240689447,34.291040234686],[-78.3872073626187,34.2908259383468],[-78.3985048066415,34.2925560729797]]},"properties":{"segment_id":"5f7afa25ef0c3f16d25c664d","source_kmz":"waccamaw","orientation":"unverified"}},{"type":"Feature","geometry":{"type":"LineString","coordinates":[[-78.6201068322864,34.3229805024228],[-78.6203458259147,34.32192507975681],[-78.6200825207779,34.321612424344],[-78.6202020164636,34.3210847124063],[-78.6196754151712,34.3204593995949],[-78.6199144069031,34.3194039746589],[-78.6193878193301,34.3187786592989],[-78.6195073153762,34.3182509463004],[-78.6206556626033,34.3176057756626],[-78.6201290812576,34.31698046232291],[-78.62018882558,34.31671660493641],[-78.6198657937662,34.3166678045852],[-78.6193392251462,34.3160424869741],[-78.6193989714315,34.31577862969941],[-78.6187529170097,34.3156810236025],[-78.6182263640483,34.315055700222],[-78.6175803171177,34.3149580875299],[-78.6170537785059,34.3143327583055],[-78.6160847199561,34.3141863280251],[-78.6152949411433,34.3132483221079],[-78.6149719268389,34.3131995079679],[-78.6141821715118,34.3122614933968],[-78.6122441206149,34.3119685761812],[-78.6119808818797,34.3116558987396],[-78.6106888619403,34.3114605996069],[-78.6103060843442,34.3116756265784],[-78.6093370716941,34.3115291396318],[-78.60907384615811,34.3112164554493],[-78.6087508442207,34.3111676239188],[-78.6084876222718,34.3108549382755],[-78.6075186232974,34.3107084360396],[-78.6072554078686,34.3103957474376],[-78.6056404250386,34.3101515553073],[-78.6053772190631,34.3098388622488],[-78.6044082386418,34.3096923339286],[-78.60414503918632,34.3093796379116],[-78.6038220479919,34.30933079259],[-78.6032956583749,34.308705396923],[-78.6033554535413,34.30844154559],[-78.6030922625668,34.308128846726],[-78.60315205798041,34.3078649953167],[-78.6028888697797,34.307552295778],[-78.6025658869782,34.3075034468627],[-78.6023027023642,34.3071907458634],[-78.6010107810891,34.3069953382108],[-78.6006279987053,34.3072103344797],[-78.5990131029897,34.3069660494226],[-78.5986303152182,34.3071810391256],[-78.5983073366411,34.3071321783653],[-78.5979245460961,34.3073471657034],[-78.597864733315,34.3076110145879],[-78.5962498379607,34.3073666912877],[-78.5954603681912,34.3064285431364],[-78.5951373947399,34.3063796735313],[-78.5948742438566,34.3060669553087],[-78.594228301107,34.3059692119023],[-78.5931757305054,34.3047183259052],[-78.5922068370296,34.3045716950639],[-78.5919437040785,34.3042589695392],[-78.5916207418664,34.3042100900443],[-78.5913576125016,34.3038973630592],[-78.5914174445356,34.3036335163549],[-78.5911543179438,34.3033207886952]]},"properties":{"segment_id":"8d0fdf4b6e2855d0d847aa55","source_kmz":"waccamaw","orientation":"unverified"}},{"type":"Feature","geometry":{"type":"LineString","coordinates":[[-78.713654923788,34.3288863496797],[-78.7137143592894,34.3286224481206],[-78.7134506554308,34.3283100066275],[-78.7135100911854,34.3280461049927],[-78.7129826911526,34.3274212199409],[-78.7131609999355,34.3266295145815],[-78.7128973050758,34.3263170710968],[-78.7129567411857,34.3260531691216],[-78.7126930491064,34.3257407249607],[-78.7128119214283,34.3252129207457],[-78.7131944815836,34.32499756009211],[-78.7132539156727,34.3247336575525],[-78.7136364722393,34.3245182953234],[-78.7139336292941,34.3231987796179],[-78.7136699429797,34.3228863366137],[-78.7138482343349,34.322094625946],[-78.71423077624561,34.3218792610892],[-78.7148770019925,34.3219763362389],[-78.7152595404658,34.32176096796961],[-78.715582653288,34.3218095031444],[-78.71596518898112,34.3215941325126],[-78.71614345395692,34.3208024171148],[-78.7158797668881,34.3204899782306],[-78.7159986094997,34.3199621674744],[-78.7143830865782,34.31971948784341]]},"properties":{"segment_id":"8f0b1c2b3a25fb55ddf640f1","source_kmz":"waccamaw","orientation":"unverified"}},{"type":"Feature","geometry":{"type":"LineString","coordinates":[[-78.4121964837289,34.2736299334899],[-78.4167939970109,34.2710572335588],[-78.4193757188754,34.2714521424015],[-78.4197588260563,34.2712377337717],[-78.4442864432804,34.2749864193834]]},"properties":{"segment_id":"8d6be4e96626ac6f93e21355","source_kmz":"waccamaw","orientation":"unverified"}},{"type":"Feature","geometry":{"type":"LineString","coordinates":[[-78.7728244389748,34.3554897269483],[-78.772560405805,34.35517742937591],[-78.771913831459,34.3550806784087],[-78.7715312860315,34.3552962244157],[-78.7714720267691,34.355560147145],[-78.77108947775,34.3557756915786],[-78.7707661887997,34.3557273124943],[-78.77038363699532,34.3559428545658],[-78.7700603477886,34.3558944735308],[-78.7696777931989,34.3561100132404],[-78.7677380624688,34.3558197018174],[-78.7672100369587,34.3551950831292],[-78.7668867528472,34.3551466932381],[-78.7660947349219,34.3542097576009],[-78.7661540114451,34.3539458371898],[-78.765098019939,34.3526965798328],[-78.7651572986966,34.3524326594589],[-78.7643653293618,34.35149570906041],[-78.7644246096942,34.3512317886862],[-78.7641606248259,34.3509194704968],[-78.7631908328535,34.3507742719849],[-78.7623989041936,34.3498373063768],[-78.7601361011592,34.3494984625626],[-78.7597535505382,34.3497139712808],[-78.7594302939161,34.3496655603696],[-78.7590477405107,34.3498810667258],[-78.75878378188212,34.3495687358457],[-78.7588430797279,34.3493048177152],[-78.757550064751,34.3491111584601],[-78.75728611477051,34.3487988239004],[-78.7569628635008,34.34875040608461],[-78.7566989171112,34.3484380700605],[-78.7563756677109,34.3483896505934],[-78.7561117249123,34.348077313105],[-78.7554652302539,34.3479804699678],[-78.7522981175944,34.3442323464308],[-78.7513284314052,34.3440870479433],[-78.7514470690299,34.3435592157548],[-78.7506553558177,34.3426221622824],[-78.7503321344172,34.3425737256994],[-78.7500682357281,34.3422613723641],[-78.7497450161969,34.3422129341301],[-78.7493624726365,34.3424284105484],[-78.748069595912,34.3422346444084],[-78.7476870475923,34.3424501153144],[-78.7460709574736,34.3422078821308],[-78.7460116216113,34.3424717959619],[-78.7448639496275,34.34311818426941],[-78.7448046089639,34.3433820972015],[-78.7428917725042,34.3444593834916],[-78.738689889315,34.3438293587704],[-78.7376344776913,34.3425798374199],[-78.7373112645979,34.3425313646749],[-78.7370474184689,34.3422189818034],[-78.73666483962252,34.3424344164838],[-78.73601841626251,34.3423374646913],[-78.7354907378568,34.3417126922304],[-78.7355501089206,34.341448783528],[-78.7352269018404,34.3414003049299],[-78.7354643863054,34.3403446695943],[-78.73520055504642,34.3400322817294],[-78.7353786661297,34.3392405541576],[-78.73089389327372,34.3339298532068],[-78.7309532740154,34.3336659444223],[-78.7306894836205,34.3333535438654],[-78.7307488646164,34.3330896350053],[-78.7304850770032,34.3327772337721],[-78.7305444582533,34.3325133248364],[-78.7302806734218,34.3322009229268],[-78.7303994360263,34.3316731047914],[-78.7298718753661,34.3310482989801],[-78.73046567731711,34.3284092022789],[-78.7302019067516,34.328096798673],[-78.7302612853836,34.3278328884196],[-78.7299975175995,34.3275204841372],[-78.7301162749677,34.326992663366],[-78.7298525106228,34.3266802584439],[-78.729911889359,34.326416347926],[-78.7296481277953,34.3261039423274],[-78.7297075067856,34.3258400317336],[-78.7278612398963,34.323653172823],[-78.7275381117237,34.3236046718518],[-78.72759749597641,34.32334076155311],[-78.7273337541796,34.3230283495696],[-78.7275119064879,34.3222366181065],[-78.7272481687874,34.3219242055201],[-78.7274263194345,34.3211324731513],[-78.72716258583011,34.3208200599617],[-78.7273407348159,34.320028326687],[-78.7270770053076,34.3197159128943],[-78.7271957705945,34.31918809022],[-78.7266683205772,34.3185632606407],[-78.72678708687951,34.3180354376615],[-78.7262596479841,34.3174106053747],[-78.7207669827517,34.3165858847422]]},"properties":{"segment_id":"3445b35b2781fe66572e4dff","source_kmz":"waccamaw","orientation":"unverified"}},{"type":"Feature","geometry":{"type":"LineString","coordinates":[[-78.4217139117675,34.268533698053],[-78.4484999411013,34.2726269592273]]},"properties":{"segment_id":"329d55ebbe2b1b3aefb76a1e","source_kmz":"waccamaw","orientation":"unverified"}},{"type":"Feature","geometry":{"type":"LineString","coordinates":[[-78.7968424777183,34.3348034974141],[-78.7965784182823,34.3344912467068],[-78.7966375760696,34.3342273046446],[-78.7963735194186,34.3339150532597],[-78.79649183510611,34.3333871688715],[-78.7962277819,34.3330749168456],[-78.7964052543934,34.3322830895297],[-78.7967876172831,34.3320674559324],[-78.7970242357819,34.331011683556],[-78.7974065906878,34.3307960476004],[-78.7971425426172,34.3304837966927],[-78.79726084784302,34.3299559093793],[-78.7969968032171,34.3296436578304],[-78.79729256254082,34.3283239377604],[-78.7970285233394,34.32801168568],[-78.7970876746572,34.3277477413649],[-78.7968236382403,34.3274354886066],[-78.7968827898157,34.3271715442155],[-78.7966187561833,34.3268592907791],[-78.7971511081969,34.3244837865213]]},"properties":{"segment_id":"91d9e2a2e6201d39f395d5cd","source_kmz":"waccamaw","orientation":"unverified"}},{"type":"Feature","geometry":{"type":"LineString","coordinates":[[-78.8129908385116,34.3238497863833],[-78.8126085611264,34.324065475316],[-78.81228537840852,34.3240172097337],[-78.8115208159435,34.324448581567],[-78.8095817201533,34.3241589565719],[-78.8093176456832,34.3238467308382],[-78.8080249290536,34.323653626495],[-78.80687805202521,34.3243006405647],[-78.80655487189222,34.3242523590796],[-78.8046433643865,34.3253306843917],[-78.8043201813548,34.3252823967588],[-78.8039378728198,34.3254980568381],[-78.8036738164978,34.3251858187918],[-78.8017347315785,34.3248960632819],[-78.8009701018226,34.3253273653373],[-78.8006469210903,34.325279067502],[-78.8002646023656,34.3254947155133],[-78.7989718808185,34.3253015109702],[-78.7987078451431,34.3249892615823],[-78.7974151358899,34.3247960396286],[-78.7971511081969,34.3244837865213]]},"properties":{"segment_id":"cc8b7f422054cdfb18d0d79d","source_kmz":"waccamaw","orientation":"unverified"}},{"type":"Feature","geometry":{"type":"LineString","coordinates":[[-78.619070056087,34.2936250591232],[-78.6175393775175,34.2944852876984],[-78.6171809541059,34.2960684640369],[-78.6164155845125,34.2964985672683],[-78.6154467497456,34.2963521285646],[-78.6151835510569,34.2960394525561],[-78.6145376661744,34.2959418207581],[-78.6133895885151,34.2965869476405],[-78.6117748736087,34.296342836654],[-78.6113921735475,34.2965578710693],[-78.6107462891205,34.2964602182781],[-78.6103635856321,34.29667524927901],[-78.608425938177,34.2963822630176],[-78.6080432286472,34.29659728640381],[-78.6067514691869,34.2964019400396],[-78.6063687549231,34.2966169579111],[-78.6057228763233,34.296519277232],[-78.6053401586328,34.2967342916889],[-78.6046942803511,34.2966366053118],[-78.6043115592339,34.2968516163541],[-78.60301980493212,34.2966562286058],[-78.6018716210218,34.297301241245],[-78.6005798653803,34.297105826504],[-78.599431654553,34.2977508147113],[-78.5981398975736,34.2975553729775],[-78.5977571537788,34.297770362217],[-78.596788338352,34.297623768322],[-78.5964055904778,34.2978387530965],[-78.5951138396532,34.2976432777768],[-78.5947310870465,34.2978582570361],[-78.5921475996853,34.2974672548219],[-78.5917648397338,34.2976822243654],[-78.5915017319107,34.297369495274],[-78.5853660691752,34.2964406001322]]},"properties":{"segment_id":"8a6f06020c2d1db57faf7e9b","source_kmz":"waccamaw","orientation":"unverified"}},{"type":"Feature","geometry":{"type":"LineString","coordinates":[[-78.77527406489641,34.3326689158684],[-78.7744821751108,34.3317320124448],[-78.7741589842047,34.3316836414102],[-78.7738950266567,34.3313713380897],[-78.7739542592091,34.3311074065917],[-78.77369030444471,34.3307951025939],[-78.7738087696594,34.3302672393336],[-78.773544818338,34.3299549346952],[-78.7739594385139,34.3281074099941],[-78.7736954939316,34.3277951048988],[-78.7741100989829,34.3259475749347],[-78.7738461611392,34.3256352693821],[-78.7740238449537,34.3248434692459],[-78.7737599112117,34.3245311630889],[-78.7739375933784,34.3237393620482],[-78.7743199765883,34.3235238000979],[-78.7753267488279,34.3190369039109],[-78.7757091050146,34.31882133619321],[-78.7754451849688,34.3185090316284],[-78.775682052418,34.3174532857094],[-78.775358920215,34.3174049171886],[-78.7748310946964,34.3167803047058],[-78.77597812766902,34.3161336007718],[-78.77609655495071,34.3156057260068],[-78.7764788920989,34.3153901548811],[-78.7768341554936,34.3138065263041],[-78.777216481732,34.3135909522938],[-78.7775125161669,34.3122712573973],[-78.7778948329602,34.3120556807645],[-78.7779540371752,34.3117917411843],[-78.7783363503808,34.3115761629777]]},"properties":{"segment_id":"4c4ed3bdae1c649aa4b9f77d","source_kmz":"waccamaw","orientation":"unverified"}},{"type":"Feature","geometry":{"type":"LineString","coordinates":[[-78.7971511081969,34.3244837865213],[-78.7960950186683,34.3232347669451],[-78.7961541695201,34.3229708216105],[-78.79589015310862,34.3226585649663],[-78.7960084549249,34.3221306740319],[-78.79574444195731,34.321818416746],[-78.7958035929219,34.3215544711463],[-78.7951572697084,34.3214578454442],[-78.794629257323,34.3208333257966],[-78.7943060992484,34.3207850100928],[-78.7940420977063,34.3204727484459],[-78.7937189414985,34.3204244310906],[-78.7934549435448,34.3201121679778],[-78.7928086352648,34.3200155290642],[-78.79254464236402,34.3197032637345],[-78.7918983386221,34.3196066197174],[-78.7916343507741,34.3192943521708],[-78.790341753976,34.3191010503289],[-78.7900777741095,34.3187887790633],[-78.7897546273802,34.3187404506011],[-78.789490651102,34.3184281778697],[-78.7862592205864,34.3179448362218],[-78.7859952610757,34.3176325552653],[-78.78534898273071,34.3175358746306],[-78.7854081657795,34.3172719329759],[-78.78443875446621,34.3171269057197],[-78.78417480506062,34.3168146203299],[-78.7812666060358,34.3163794831894],[-78.7804748100994,34.315442602456],[-78.7798285568637,34.3153458909055],[-78.7795646320609,34.3150335943967],[-78.7792415075113,34.3149852365201],[-78.7787136672051,34.314360639857],[-78.7787728703938,34.314096700583],[-78.7782450399,34.3134721011345],[-78.7784226510055,34.3126802828532],[-78.7781587409212,34.3123679821662],[-78.7783363503808,34.3115761629777]]},"properties":{"segment_id":"c73285db2b51ca20606dda1f","source_kmz":"waccamaw","orientation":"unverified"}},{"type":"Feature","geometry":{"type":"LineString","coordinates":[[-78.5507139771716,34.3004675158555],[-78.5499251278499,34.2995290510761],[-78.55004506635771,34.2990013974796],[-78.5495191800113,34.2983757508869],[-78.54987899357621,34.2967927878099],[-78.5493531235264,34.2961671388188],[-78.5495929963002,34.2951118281193],[-78.5493300670604,34.2947990027056],[-78.5494500023057,34.2942713467463],[-78.5491870764879,34.2939585206957],[-78.5493070114068,34.2934308643547],[-78.54851825057452,34.2924923821582],[-78.548698155762,34.2917008971252],[-78.5481723297093,34.291075238994],[-78.5482922670702,34.2905475818833],[-78.5409316284286,34.2817880714155],[-78.5409916147389,34.2815242437227],[-78.5391517190722,34.279334279239],[-78.5392716995875,34.278806624026],[-78.5376947365562,34.276929484314],[-78.5377547301093,34.2766656567565],[-78.5374919109994,34.2763527976852],[-78.537911859017,34.2745060018387],[-78.5376490465819,34.274193142313],[-78.5377090381767,34.2739293139141]]},"properties":{"segment_id":"43fb8761033ed05491527688","source_kmz":"waccamaw","orientation":"unverified"}},{"type":"Feature","geometry":{"type":"LineString","coordinates":[[-78.7005718380819,34.2979991082639],[-78.6992798231128,34.2978047899288],[-78.6988973583481,34.2980201117924],[-78.6976053472204,34.2978257748623],[-78.6960754564464,34.2986870323933],[-78.694783441285,34.2984926642726],[-78.69451991594342,34.2981801686981],[-78.6941969146286,34.2981315736686],[-78.6939333928731,34.2978190766308],[-78.6936103934277,34.2977704799516],[-78.6933468752582,34.2974579814504],[-78.6907629059697,34.2970691696267],[-78.6904994016407,34.2967566644132],[-78.689207432561,34.2965622339081],[-78.6884424572921,34.296992810718],[-78.6877964725544,34.2968955858684]]},"properties":{"segment_id":"e78508be152ec46dc41cdfcd","source_kmz":"waccamaw","orientation":"unverified"}},{"type":"Feature","geometry":{"type":"LineString","coordinates":[[-78.6703394887194,34.2899009139693],[-78.671486994195,34.2892552199215],[-78.6721328949454,34.2893525362372],[-78.6723115327858,34.2885608576955],[-78.6753714084503,34.2868389259937]]},"properties":{"segment_id":"abe8d671ae79c212c369829a","source_kmz":"waccamaw","orientation":"unverified"}},{"type":"Feature","geometry":{"type":"LineString","coordinates":[[-78.3610185078509,34.23902889108071],[-78.361280489755,34.239342162545],[-78.3616030365195,34.2393916852564],[-78.3647470017392,34.2431508785706],[-78.3658963503699,34.2425081669458],[-78.3662189132175,34.2425576766574],[-78.3670049638541,34.24349744975],[-78.3667022216797,34.2448161963519],[-78.3669642460102,34.2451294528154],[-78.3668431475537,34.2456569507218],[-78.3671051752875,34.24597020655],[-78.3700083919918,34.2464157295635],[-78.3718427377352,34.2486084535126],[-78.3716611309811,34.2493997045039],[-78.3719231907612,34.2497129480568],[-78.3718626550001,34.24997669819341],[-78.3721247175388,34.2502899410743],[-78.3720641820122,34.2505536911325],[-78.37232624730952,34.2508669333412],[-78.3722657120175,34.2511306833211],[-78.3725277800735,34.2514439248578],[-78.3721040260403,34.2532901717473],[-78.3736765058692,34.2551696076324],[-78.3734949024541,34.255960855237],[-78.3737569917593,34.2562740921809],[-78.3736359220522,34.256801590082],[-78.3732527588131,34.2570158504299],[-78.372405204278,34.2607083190913],[-78.372667305206,34.2610215567037],[-78.372546220701,34.2615490504586],[-78.3730704314809,34.2621755237058],[-78.3738368077491,34.2617470055519],[-78.3770633041433,34.2622418303974],[-78.3786360851552,34.2641211789614],[-78.3785755609579,34.264384928022],[-78.3788376991711,34.2646981503389],[-78.3786561260513,34.2654893969422],[-78.3789182683165,34.2658026186619],[-78.378797218807,34.2663301158969],[-78.3790593644783,34.2666433369823],[-78.380027380072,34.266791749513],[-78.3808138429829,34.2677314018008],[-78.3806928033402,34.268258899788],[-78.3809549631643,34.2685721158742],[-78.3808944433726,34.2688358647327],[-78.3879735753166,34.2772924321339],[-78.3886190184708,34.2773913239763],[-78.38914346581231,34.2780177128358],[-78.3894661909425,34.2780671559165],[-78.3897284192538,34.2783803485367],[-78.3901116424354,34.2781660393821],[-78.3906361070464,34.2787924209285],[-78.3909588363459,34.2788418598207],[-78.3908983425242,34.2791056106385],[-78.39122107329212,34.2791550487844],[-78.3914833123532,34.2794682370393],[-78.39180604500031,34.2795176735402],[-78.39206828764482,34.2798308603399],[-78.39194730558552,34.2803583623905],[-78.3922095516383,34.2806715485565],[-78.3919070925332,34.2819903018633],[-78.3915238554355,34.282204615954],[-78.3917861060151,34.2825178023831],[-78.3917256121396,34.2827815524709],[-78.3919878654811,34.2830947382288],[-78.3918063833295,34.2838859879173],[-78.3920686407263,34.2841991730793],[-78.3918871568168,34.2849904218487],[-78.39241168183662,34.2856167902727],[-78.3930571998275,34.2857156564955],[-78.393581739183,34.28634201909901],[-78.393904501732,34.2863914493696],[-78.3941667760514,34.2867046288619],[-78.4057865542784,34.288483493184]]},"properties":{"segment_id":"a085fc2b58892f661aa864b1","source_kmz":"waccamaw","orientation":"unverified"}},{"type":"Feature","geometry":{"type":"LineString","coordinates":[[-78.7783363503808,34.3115761629777],[-78.7783955527289,34.3113122230223],[-78.77813164740441,34.3109999217659],[-78.778190850009,34.310735981734],[-78.7778677442032,34.310687619795],[-78.7773399441707,34.31006301370931],[-78.7773991487525,34.3097990737862],[-78.7777222505682,34.3098474370777],[-78.7777814536858,34.3095834968924],[-78.7775175567084,34.3092711936011],[-78.7783463673137,34.3055760196495],[-78.7772908375398,34.3043268013659],[-78.77735003791422,34.3040628596663],[-78.7770861614371,34.3037505533448],[-78.777145362068,34.3034866115683],[-78.7768814883727,34.3031743045682],[-78.7765584148516,34.3031259385576],[-78.7762945447431,34.3028136300919],[-78.7759714730884,34.3027652624303],[-78.77570760656681,34.302452952499],[-78.7753845367786,34.3024045831866],[-78.77459295434221,34.3014676468519],[-78.7746521617081,34.3012037056267],[-78.7738606003528,34.3002667629678],[-78.7739198092925,34.3000028217377],[-78.7736559604115,34.2996905061247]]},"properties":{"segment_id":"2d706cc81269194d7f4ca163","source_kmz":"waccamaw","orientation":"unverified"}},{"type":"Feature","geometry":{"type":"LineString","coordinates":[[-78.7482277219631,34.29397014065],[-78.7491967764695,34.294115473616],[-78.7515704368045,34.2969268063456],[-78.7513925879011,34.2977185984484],[-78.7517156232354,34.2977670346641],[-78.7515970574068,34.2982948957985]]},"properties":{"segment_id":"3de3e7b5117311a0f1499537","source_kmz":"waccamaw","orientation":"unverified"}},{"type":"Feature","geometry":{"type":"LineString","coordinates":[[-78.778329290163,34.2982077522846],[-78.7771825415945,34.2988544931923],[-78.7768594858604,34.2988061277689],[-78.7764772314335,34.2990217043991],[-78.7755080646696,34.298876599581],[-78.7751258061435,34.2990921717518],[-78.7748027507017,34.2990438006298],[-78.7740382259642,34.299474938938],[-78.7737151696074,34.2994265648175],[-78.7736559604115,34.2996905061247]]},"properties":{"segment_id":"998dd3295bab92083383ae23","source_kmz":"waccamaw","orientation":"unverified"}},{"type":"Feature","geometry":{"type":"LineString","coordinates":[[-78.8068777931306,34.3019321931878],[-78.8064956066802,34.3021478676537],[-78.8058494317169,34.3020512991172],[-78.8054672418236,34.3022669701737],[-78.7993286473172,34.3013493695635],[-78.79894644276672,34.3015650193749],[-78.7976541229333,34.3013717946961],[-78.7973901739365,34.3010595334394],[-78.7970670964468,34.3010112242683],[-78.7968031510368,34.3006989615454],[-78.7958339253708,34.3005540263781],[-78.7954517150292,34.3007696649109],[-78.79512863995191,34.300721350339],[-78.7947464268278,34.3009369865114],[-78.7944233514932,34.3008886699902],[-78.7940411355866,34.3011043038021],[-78.7933949848048,34.3010076659612],[-78.7931310541756,34.3006953949047],[-78.7918387632922,34.3005021054175],[-78.7914565421106,34.3007177308359],[-78.7911334697358,34.3006694051646],[-78.790751245772,34.3008850282225],[-78.7901051009103,34.3007883720813],[-78.78984118425842,34.3004760934787],[-78.7895181138945,34.300427763307],[-78.7887263810675,34.2994909209562],[-78.78834415622052,34.2997065364071],[-78.7873749587376,34.2995615305851],[-78.78711105723642,34.2992492453316],[-78.7845265600241,34.2988625175286],[-78.78414432660821,34.2990781193401],[-78.7838212656079,34.2990297732652],[-78.7834390294101,34.299245372716],[-78.7808545506196,34.2988585633214],[-78.7805906777334,34.2985462630135],[-78.778329290163,34.2982077522846]]},"properties":{"segment_id":"bda517148b0093f884cd16d6","source_kmz":"waccamaw","orientation":"unverified"}},{"type":"Feature","geometry":{"type":"LineString","coordinates":[[-78.7043246634343,34.2783727289975],[-78.7014183523333,34.2779355760496],[-78.700271263003,34.2785815741339],[-78.6999483395985,34.2785329939383],[-78.6972717190268,34.2800402695074],[-78.6969487914336,34.2799916810667],[-78.69656640792911,34.2802069998473],[-78.6962434800839,34.2801584094576],[-78.6958610938032,34.2803737258759],[-78.6958016345594,34.2806376334696],[-78.6954192446942,34.2808529483114],[-78.6953597835821,34.2811168555279],[-78.6949773901323,34.2813321687933],[-78.6947395357857,34.2823877954675],[-78.6950030084232,34.282700296438],[-78.6947056846771,34.2840198274024],[-78.6924111955267,34.2853116699089],[-78.6920882490551,34.285263068277],[-78.6917058261191,34.2854783697166],[-78.6891222636513,34.285089515879],[-78.6888588065725,34.2847770024785],[-78.6884763770771,34.2849922934234],[-78.6878304921201,34.2848950673692],[-78.687711511725,34.2854228713741],[-78.6850344162001,34.2869298528403]]},"properties":{"segment_id":"65633dc39708c0e394b4c278","source_kmz":"waccamaw","orientation":"unverified"}},{"type":"Feature","geometry":{"type":"LineString","coordinates":[[-78.6053128322885,34.2585236667171],[-78.5998256192183,34.2576931785983],[-78.5987736125675,34.25644227099211]]},"properties":{"segment_id":"007652e5643425b5e9582365","source_kmz":"waccamaw","orientation":"unverified"}},{"type":"Feature","geometry":{"type":"LineString","coordinates":[[-78.5280145150875,34.2446153530161],[-78.5283971899217,34.2444005796379],[-78.5296878874457,34.2445968083746],[-78.5419322819645,34.2377232313373]]},"properties":{"segment_id":"b76c1345e3373bc3f0174519","source_kmz":"waccamaw","orientation":"unverified"}},{"type":"Feature","geometry":{"type":"LineString","coordinates":[[-78.35911193374011,34.2138883832149],[-78.3598779108955,34.2134599320924],[-78.3599384588832,34.2131961765494],[-78.3683636180827,34.2084828602896]]},"properties":{"segment_id":"dac48ccbf42ff53f2dd36cf1","source_kmz":"waccamaw","orientation":"unverified"}},{"type":"Feature","geometry":{"type":"LineString","coordinates":[[-78.3722901920172,34.2262877045688],[-78.3715042515254,34.2253479476722],[-78.3716252867047,34.2248204319617],[-78.37136331205441,34.2245071783166],[-78.371484346881,34.2239796622155],[-78.3709604064957,34.223353152942],[-78.37108144225971,34.222825636523],[-78.3708194765245,34.2225123808946],[-78.3711825778298,34.2209298290754],[-78.3706586604342,34.2203033161252],[-78.3703361871111,34.2202538174031],[-78.3700742330468,34.2199405591177],[-78.3691068199408,34.219792055326],[-78.3691673415453,34.2195282970013],[-78.36654796746441,34.2163956531081],[-78.3683636180827,34.2084828602896]]},"properties":{"segment_id":"05a2f361aaecc76a03f63ac3","source_kmz":"waccamaw","orientation":"unverified"}},{"type":"Feature","geometry":{"type":"LineString","coordinates":[[-78.8007173802719,34.2742772986205],[-78.800453511036,34.2739650342053],[-78.80051260955311,34.2737010711521],[-78.7997210165528,34.2727642737186],[-78.7993980553089,34.2727159693881],[-78.7991341966812,34.2724037013946],[-78.7988112373015,34.2723553954133],[-78.7977558298559,34.2711063132787],[-78.7974328767279,34.2710580033936],[-78.7971690316327,34.2707457303198],[-78.7968460803688,34.270697418784],[-78.7963183994676,34.2700728689876],[-78.7943807178706,34.2697829718655],[-78.7933254166232,34.2685338456627],[-78.7926795376712,34.26843720008311],[-78.7922974766066,34.2686528365321],[-78.7916515979443,34.2685561852559],[-78.7912695334409,34.2687718182962],[-78.7909465940536,34.2687234902598],[-78.7905645267702,34.2689391209401],[-78.7905053980703,34.2692030804429],[-78.7901824573655,34.2691547503091],[-78.7890362364241,34.2698016305481],[-78.7889771018741,34.2700655890006],[-78.7882129410484,34.2704968354115],[-78.7878899963913,34.2704484989852],[-78.7852153620699,34.2719578127741],[-78.7850970633159,34.2724857243133],[-78.784714961288,34.2727013347981],[-78.783945961173,34.2761327453127],[-78.7842097714015,34.2764450463731],[-78.7841506153908,34.2767090002685],[-78.7852058801553,34.2779581974985],[-78.7855288543676,34.2780065409449],[-78.7863203296069,34.2789434291037],[-78.7862611788661,34.27920738328311],[-78.7865250088481,34.2795196779409],[-78.7862884044995,34.2805754936655],[-78.7868160760994,34.2812000811194],[-78.786697774148,34.2817279884432],[-78.7869616144484,34.2820402811683],[-78.7867841604824,34.2828321414098],[-78.7864020122332,34.2830477547672],[-78.7858696154541,34.2854233270051],[-78.7854874519149,34.285638936689],[-78.784955009394,34.288014497381],[-78.7845728305637,34.2882301033916],[-78.78483668441,34.2885423985101],[-78.7846591939174,34.2893342493538],[-78.7843361731335,34.2892859041469],[-78.7839220071456,34.2911335511061],[-78.7831576109244,34.2915647534202],[-78.783098439819,34.2918287020078],[-78.7815696160545,34.2926910898487],[-78.7812465832303,34.2926427362545],[-78.780482157296,34.2930739202076],[-78.7801591235563,34.2930255636152],[-78.7793946878149,34.293456740224],[-78.7793355024767,34.2937206863009],[-78.7789532799588,34.2939362723756],[-78.7787757171394,34.2947281091397],[-78.7790395697504,34.2950404149869],[-78.778329290163,34.2982077522846]]},"properties":{"segment_id":"c9119fda9fb79b4780a2ce6c","source_kmz":"waccamaw","orientation":"unverified"}},{"type":"Feature","geometry":{"type":"LineString","coordinates":[[-78.6922649507529,34.253365025986],[-78.6912115148979,34.2521149489969],[-78.6908887071644,34.2520663420976],[-78.6901241793276,34.252496952927],[-78.6881873335447,34.2522052800584],[-78.687923991736,34.2518927522081],[-78.6876011869826,34.2518441361661],[-78.6873378487557,34.2515316068519],[-78.6866922433874,34.251434370571],[-78.6864289102056,34.2511218390434],[-78.6861061095907,34.2510732188044],[-78.6858427799906,34.25076068581301],[-78.6851971828992,34.250663441138],[-78.6849338583441,34.2503509059332],[-78.683965470127,34.2502050299275],[-78.6824363658743,34.2510661571924],[-78.6817907705087,34.2509688936337],[-78.6810262030514,34.2513994451919],[-78.6807628927799,34.2510869008157],[-78.6804400958564,34.2510382648399],[-78.6804995846268,34.2507743557252],[-78.68023627859212,34.2504618099207],[-78.6802957676135,34.2501979007271],[-78.6795058641845,34.2492602591348],[-78.6791830756367,34.2492116195613],[-78.6789197801936,34.2488990701861],[-78.6790387643823,34.2483712520383],[-78.6787754723673,34.2480587020196],[-78.6789539475844,34.2472669740459],[-78.6784273738388,34.2466418720782],[-78.6777818202523,34.2465445857349],[-78.6772552608319,34.2459194779126],[-78.67693248757132,34.2458708318932],[-78.6764059395495,34.2452457197154],[-78.6754376309715,34.2450997717653]]},"properties":{"segment_id":"c72d0a6ae3e80d65acb479ce","source_kmz":"waccamaw","orientation":"unverified"}},{"type":"Feature","geometry":{"type":"LineString","coordinates":[[-78.6754376309715,34.2450997717653],[-78.6731782584362,34.2447591950769],[-78.672915002234,34.2444466304224],[-78.672592237809,34.2443979722637],[-78.6714454039811,34.2450437119867],[-78.67138588884652,34.2453076182893],[-78.6710036052049,34.2455228619729],[-78.6705869776998,34.2473702010359],[-78.6686754765063,34.2484463905069],[-78.6683526981215,34.2483977208097],[-78.66797039087402,34.2486129537151],[-78.6673248340083,34.2485156095251],[-78.6669425233335,34.2487308390192],[-78.6653286349732,34.248487457563],[-78.665065397717,34.2481748765355],[-78.6647426227217,34.2481261967973],[-78.6643603068103,34.24834141789901],[-78.6630692082556,34.2481466857585],[-78.6619222399597,34.248792328595],[-78.6618031388525,34.249320128945],[-78.661038476878,34.2497505498785],[-78.6609789227906,34.2500144493532],[-78.6605965871628,34.2502296575856],[-78.6605370312072,34.2504935566816],[-78.660214249417,34.2504448645045],[-78.65906722347161,34.2510904773807],[-78.6587098465425,34.2526738638972],[-78.6579451344248,34.2531042627424],[-78.6578259996899,34.2536320562756],[-78.6575627751887,34.2533194601948],[-78.6569171922608,34.2532220587545],[-78.6561275402482,34.2522842617344],[-78.6554819677213,34.2521868522017],[-78.6549555494913,34.2515616476229],[-78.6539872025185,34.2514155220845],[-78.653604840631,34.2516307069553],[-78.6377889904432,34.2492427928896]]},"properties":{"segment_id":"30b564fc646bd5f19bb70adc","source_kmz":"waccamaw","orientation":"unverified"}},{"type":"Feature","geometry":{"type":"LineString","coordinates":[[-78.5204726981312,34.2205394656988],[-78.5215229583209,34.2217911357511],[-78.5218455338912,34.2218402147096],[-78.5213654805836,34.2239509056759],[-78.5287184356807,34.2327122640988],[-78.5290410611238,34.23276132243181],[-78.5293036987895,34.2330742170184],[-78.5296263261046,34.2331232737051],[-78.5298889673499,34.23343616683201],[-78.536018991546,34.2343680589344],[-78.5389084909627,34.2378096800544],[-78.5395537974428,34.2379077386365],[-78.5403190151449,34.23747811110441],[-78.5419322819645,34.2377232313373]]},"properties":{"segment_id":"ebbb246a533afb00e6ef1853","source_kmz":"waccamaw","orientation":"unverified"}},{"type":"Feature","geometry":{"type":"LineString","coordinates":[[-78.313944724792,34.1954711426983],[-78.3173918587145,34.1935443682202],[-78.3219044993945,34.1942393483354],[-78.3234364680722,34.1933829110334],[-78.3240811324663,34.1934821711465],[-78.3243428120729,34.1937955431728],[-78.32627682392591,34.1940932974992],[-78.3308724756097,34.1915237488249],[-78.33119480463951,34.1915733588057],[-78.3315777612602,34.1913592201279]]},"properties":{"segment_id":"fdcaf01a0e0a1281b5f0c33d","source_kmz":"waccamaw","orientation":"unverified"}},{"type":"Feature","geometry":{"type":"LineString","coordinates":[[-78.3280607048871,34.206656397796],[-78.3288267818734,34.2062281476584],[-78.3291491705611,34.2062777624278],[-78.3292098172017,34.2060140206114],[-78.3295928504201,34.2057998922457],[-78.3306843932004,34.201052514829],[-78.3329823898448,34.1997676879239],[-78.3333047543965,34.1998172915504],[-78.3333653819018,34.199553545491],[-78.3337483718491,34.1993394017394],[-78.3343546096203,34.1967019320567],[-78.336652417041,34.1954170257332],[-78.33671302976042,34.1951532765124],[-78.3370959888148,34.1949391205746],[-78.3372172100881,34.1944116212463],[-78.3376001641013,34.1941974634525],[-78.3376607726554,34.193933713345],[-78.33804372309332,34.1937195539638],[-78.338225541891,34.1929283021363],[-78.338608485822,34.1927141406304],[-78.3389721035225,34.1911316322181]]},"properties":{"segment_id":"36cddf988413e1597c3aa396","source_kmz":"waccamaw","orientation":"unverified"}},{"type":"Feature","geometry":{"type":"LineString","coordinates":[[-78.6806195409018,34.2398774632871],[-78.6803221367568,34.2411970253629],[-78.678793169391,34.2420581140531],[-78.6786741932009,34.2425859359681],[-78.6789374662648,34.242898488279],[-78.6787590009136,34.2436902203985],[-78.6781134714337,34.2435929355507],[-78.6754376309715,34.2450997717653]]},"properties":{"segment_id":"e5f0f6e53fa56fca53df87e7","source_kmz":"waccamaw","orientation":"unverified"}},{"type":"Feature","geometry":{"type":"LineString","coordinates":[[-78.3683636180827,34.2084828602896],[-78.3695124242747,34.2078400859139],[-78.3710855748685,34.2009822267032],[-78.3708236827141,34.2006689627717],[-78.3705012907201,34.2006194633268],[-78.3694537490679,34.1993663975182],[-78.3695142535964,34.1991026324649],[-78.3692523741037,34.1987893642736],[-78.3693128788662,34.1985255991397],[-78.3685272549829,34.1975857904132],[-78.3687087726088,34.1967944946355],[-78.3676613113739,34.1955414068222],[-78.3679033394405,34.194486344728],[-78.3676414819848,34.1941730711423],[-78.367823000658,34.1933817734569],[-78.3675611472457,34.1930684992682],[-78.3681056869,34.1906946002481],[-78.36848853752042,34.1904803396492],[-78.3687305386117,34.1894252693178],[-78.3684081945644,34.1893757633847],[-78.3678845121131,34.1887492138732]]},"properties":{"segment_id":"2a439330e486201011d70a09","source_kmz":"waccamaw","orientation":"unverified"}},{"type":"Feature","geometry":{"type":"LineString","coordinates":[[-78.2796758753145,34.1776234019773],[-78.2838890863688,34.1752696328057]]},"properties":{"segment_id":"ed7440d4916f1f6b12de5b0f","source_kmz":"waccamaw","orientation":"unverified"}},{"type":"Feature","geometry":{"type":"LineString","coordinates":[[-78.2838890863688,34.1752696328057],[-78.285038099672,34.1746276680506],[-78.2943829293546,34.1760697117699],[-78.2954289474087,34.1773234898788],[-78.2963956912922,34.177472614808],[-78.29665720547251,34.1777860553279],[-78.29697945572332,34.1778357610981],[-78.2972409734772,34.178149200164],[-78.306264188742,34.1795405765549],[-78.3086183127678,34.1823613085202],[-78.3118410997973,34.1828579911134],[-78.3128874905891,34.1841116015229],[-78.3154657967544,34.1845088591419],[-78.3183436743778,34.1879561636825],[-78.318283004967,34.1882199056279],[-78.3240845993489,34.1891133804754],[-78.3248505254093,34.1886851474062],[-78.3251728388309,34.1887347742716],[-78.3255557980547,34.188520654709],[-78.3258781112445,34.188570279627],[-78.3262610677163,34.1883561576958],[-78.3269056940439,34.1884554027396],[-78.3280545469471,34.1878130227343],[-78.3283768587985,34.1878626407604],[-78.328900216922,34.1884893690435],[-78.3295448477217,34.1885885994223],[-78.3294235834814,34.1891160944887],[-78.3312554328737,34.1913096111971],[-78.3315777612602,34.1913592201279]]},"properties":{"segment_id":"17a193833c0e103d2dd3d850","source_kmz":"waccamaw","orientation":"unverified"}},{"type":"Feature","geometry":{"type":"LineString","coordinates":[[-78.855611482152,34.2631061499308],[-78.8544658955729,34.2637536797453],[-78.8541429378019,34.2637055269607],[-78.8537610707042,34.2639213665635],[-78.8534970234611,34.2636092186918],[-78.8518822446162,34.26336843227091],[-78.8515003728944,34.2635842645355],[-78.8473019861641,34.2629581009225],[-78.8469201037342,34.2631739182486],[-78.846597153052,34.2631257444691],[-78.84621526783981,34.2633415594365],[-78.8455693663562,34.2632452070812],[-78.8453053543284,34.2629330403523],[-78.8449824056489,34.2628848620733],[-78.8447183972045,34.2625726938763],[-78.843749557954,34.2624281513858],[-78.84348555601582,34.2621159802179],[-78.84251672475531,34.2619714273741],[-78.8421348338821,34.2621872292371],[-78.8411660042466,34.2620426651494],[-78.8407841092711,34.26225846255701],[-78.8404611662003,34.2622102716796],[-78.8400792684429,34.2624260667284],[-78.8397563251127,34.2623778739029],[-78.8393744245733,34.2625936665928],[-78.8390514809836,34.262545471819],[-78.8382876722196,34.2629770511707],[-78.8373188398941,34.2628324551598],[-78.8370548624243,34.2625202695411],[-78.8367319205788,34.2624720683197],[-78.8363500111753,34.2626878510501],[-78.8360270690707,34.2626396478804],[-78.8357630974472,34.2623274592563],[-78.8335025241678,34.2619900066133],[-78.8331206081641,34.2622057788599],[-78.8302141797256,34.2617718369514],[-78.8299502344115,34.2614596348037],[-78.8296273013844,34.2614114137856],[-78.8293633596534,34.2610992101702],[-78.8280716374007,34.26090631409451],[-78.8278077036378,34.2605941067577],[-78.8268389205431,34.2604494229991],[-78.8265749932865,34.2601372126922],[-78.8243145236644,34.2597995805034],[-78.82405060876081,34.25948736422171],[-78.8237276875947,34.2594391267015],[-78.823463776274,34.2591269089522],[-78.8228179380682,34.25903042971],[-78.8225540317921,34.2587182097421],[-78.8219081981137,34.2586217253983],[-78.8197970476525,34.2561239278488],[-78.8194741431079,34.2560756783181],[-78.818418624629,34.254826759347]]},"properties":{"segment_id":"7e90f9e80264fee24ed2d20b","source_kmz":"waccamaw","orientation":"unverified"}},{"type":"Feature","geometry":{"type":"LineString","coordinates":[[-78.4372604497901,34.2034775944109],[-78.4376431726797,34.2032631092438],[-78.4378240000888,34.2024717111348],[-78.4382067164723,34.2022572238484],[-78.4379445496498,34.20194411181561],[-78.4391499552822,34.1966680930987],[-78.4406806792554,34.1958101125122],[-78.44132551294692,34.19590872148831],[-78.44138577096501,34.1956449179609],[-78.4452547947897,34.1962364945712]]},"properties":{"segment_id":"a1e614457f4fa2e9c3fd3758","source_kmz":"waccamaw","orientation":"unverified"}},{"type":"Feature","geometry":{"type":"LineString","coordinates":[[-78.4325601091996,34.1948409965754],[-78.43546179117921,34.1952849120835],[-78.436609847425,34.1946414639893],[-78.4395115450739,34.1950852784308],[-78.4406595648592,34.1944417901508],[-78.442594036718,34.1947376071488],[-78.4428561979653,34.1950507114364],[-78.4431786128372,34.19510001038],[-78.4434407776603,34.1954131132097],[-78.4437631944054,34.1954624105088],[-78.4440253628043,34.1957755118806],[-78.4449926198861,34.1959233961503],[-78.4452547947897,34.1962364945712]]},"properties":{"segment_id":"8914abb0dd2d6c590b191709","source_kmz":"waccamaw","orientation":"unverified"}},{"type":"Feature","geometry":{"type":"LineString","coordinates":[[-78.8243242120828,34.2507987869128],[-78.8239423256021,34.2510145319114],[-78.823883323945,34.2512785140607],[-78.8235014338822,34.2514942574861],[-78.8234424303627,34.251758239259],[-78.8226786409518,34.2521897216528],[-78.8225606268645,34.2527176838073],[-78.82217872605491,34.2529334225133],[-78.8218836765123,34.2542533245948],[-78.820356022835,34.2551162610623],[-78.818418624629,34.254826759347]]},"properties":{"segment_id":"c953efd6444a3807c2f7a169","source_kmz":"waccamaw","orientation":"unverified"}},{"type":"Feature","geometry":{"type":"LineString","coordinates":[[-78.7806422474478,34.2491750022688],[-78.7807013944139,34.2489110414267],[-78.78108339058342,34.2486954379665],[-78.781319968582,34.2476395924054],[-78.7810562677717,34.2473272739784],[-78.7812336990256,34.24653538871411],[-78.78017892488,34.2452861082647],[-78.77888758778431,34.24509266203961],[-78.7780965469734,34.2441556851785],[-78.7782740011477,34.2433638014037],[-78.77774665515321,34.2427391467921],[-78.7751640841563,34.2423521847154],[-78.7743731161414,34.2414151794151],[-78.77405030096041,34.2413668028563],[-78.773786650656,34.2410544655739]]},"properties":{"segment_id":"8369d2e3eded92f6bba7a4b0","source_kmz":"waccamaw","orientation":"unverified"}},{"type":"Feature","geometry":{"type":"LineString","coordinates":[[-78.818418624629,34.254826759347],[-78.8176547771517,34.2552582071359],[-78.8170089783209,34.2551616951728],[-78.8166270500821,34.2553774150042],[-78.8153354545969,34.2551843760878],[-78.8140161601002,34.2536231769362],[-78.8127246002656,34.253430108603],[-78.81166922622782,34.2521811243721],[-78.8113463431184,34.2521328520354],[-78.8108186717468,34.2515083541204],[-78.8104957919617,34.251460079382],[-78.8078575769526,34.24833753932091],[-78.8075347121839,34.248289256173],[-78.8071527914244,34.2485049466605],[-78.8070937346312,34.2487689210816],[-78.8067708685446,34.2487206358371],[-78.8054518558894,34.2471593273354],[-78.8051289975114,34.2471110374365],[-78.8043376197464,34.2461742414877],[-78.8043966839308,34.2459102676414],[-78.8040738313986,34.2458619747389],[-78.8038100451709,34.2455497072738],[-78.8028414943664,34.2454048209161],[-78.7997860781283,34.2471301907372],[-78.7994632233931,34.2470818850989],[-78.7990812861639,34.2472975493783],[-78.7981127223912,34.2471526239209],[-78.7977307810658,34.2473682837441],[-78.7974670152167,34.2470560024513],[-78.7964984574662,34.2469110635],[-78.7959709408978,34.2462864942609],[-78.7960300335911,34.24602252470301],[-78.7957662791456,34.245710239044],[-78.795825372096,34.2454462694067],[-78.7951796819459,34.2453496350314],[-78.7947977413426,34.2455652856853],[-78.7931835197015,34.245323678763],[-78.7929197790684,34.2450113863815],[-78.7921558865234,34.2454426717015],[-78.791978569078,34.246234574677],[-78.79068718685221,34.2460412597717],[-78.7901597229007,34.2454166635043],[-78.789191199218,34.2452716633754],[-78.78892747480701,34.2449593619154],[-78.7853762683094,34.2444276172536],[-78.785112562096,34.2441153068199],[-78.78434863502991,34.244546541293],[-78.7833801330387,34.2444014925892],[-78.783116434937,34.2440891776167],[-78.78279360320501,34.2440408254991],[-78.78226621628411,34.2434161919049],[-78.7806520782678,34.2431744103176],[-78.77933368460022,34.2416127950375]]},"properties":{"segment_id":"a155ceec6905bea16371c147","source_kmz":"waccamaw","orientation":"unverified"}},{"type":"Feature","geometry":{"type":"LineString","coordinates":[[-78.77933368460022,34.2416127950375],[-78.7790108655104,34.2415644322684],[-78.778628898646,34.2417800307716],[-78.773786650656,34.2410544655739]]},"properties":{"segment_id":"6f029527c5a24ffede696a2a","source_kmz":"waccamaw","orientation":"unverified"}},{"type":"Feature","geometry":{"type":"LineString","coordinates":[[-78.4452547947897,34.1962364945712],[-78.4455772160991,34.1962857867852],[-78.4463425430837,34.1958567565745],[-78.446664963508,34.1959060457918],[-78.4470866342309,34.1940593992687],[-78.4482345761793,34.1934158353121],[-78.4485569876818,34.1934651194239],[-78.4486172192729,34.1932013113596],[-78.4505304030716,34.1921286718461],[-78.4505906269326,34.1918648623285]]},"properties":{"segment_id":"bb8a492378559b33b6e677db","source_kmz":"waccamaw","orientation":"unverified"}},{"type":"Feature","geometry":{"type":"LineString","coordinates":[[-78.4495634098454,34.2168248529947],[-78.4485143757405,34.21557252530651],[-78.4485746246054,34.2153087243603],[-78.4483123720078,34.2149956406966],[-78.448372621111,34.2147318396704],[-78.4481103712732,34.2144187553314],[-78.4481706206149,34.2141549542252],[-78.4476461285709,34.2135287834858],[-78.4477666286167,34.2130011810689],[-78.4475043870578,34.2126880947041],[-78.4476248867624,34.2121604918956],[-78.4471004125704,34.2115343171757],[-78.4473414122506,34.2104791104545],[-78.4470791809118,34.2101660221706],[-78.4473804245478,34.2088470113414],[-78.445544886966,34.206655374691],[-78.4463103162069,34.2062263501095],[-78.4470332784318,34.2030607088721],[-78.4465088703894,34.202434524553],[-78.4465691158781,34.2021707204339],[-78.4473344953169,34.2017416867628],[-78.44765694077401,34.2017909728731],[-78.4480786198526,34.1999443359896],[-78.44755422441,34.1993181540138],[-78.4476144639374,34.1990543483515],[-78.4483798069314,34.1986253061644],[-78.4487022401274,34.1986745895601],[-78.4488829443024,34.1978831698187],[-78.45156154298421,34.1963814677249],[-78.4516217666406,34.1961176590407],[-78.4520044136847,34.1959031246358],[-78.4521248568428,34.1953755063843],[-78.4525074988467,34.195160970128],[-78.4525677183485,34.1948971605607],[-78.4520433207937,34.194270995001],[-78.4521637611598,34.1937433756593],[-78.4505906269326,34.1918648623285]]},"properties":{"segment_id":"b48f4d7bd101b4b545f7bf89","source_kmz":"waccamaw","orientation":"unverified"}},{"type":"Feature","geometry":{"type":"LineString","coordinates":[[-78.4872932052009,34.2021093019273],[-78.488440933097,34.2014653469552],[-78.4887634034351,34.2015145189691],[-78.4891841046873,34.1996677324108],[-78.490331780882,34.1990237568409],[-78.490976704105,34.1991220897646],[-78.4912771602429,34.1978029475186],[-78.4920422499118,34.1973736170258]]},"properties":{"segment_id":"1d2b6dad47f04decc165d89f","source_kmz":"waccamaw","orientation":"unverified"}},{"type":"Feature","geometry":{"type":"LineString","coordinates":[[-78.4925208573601,34.2231072564378],[-78.4932861892324,34.2226779309536],[-78.4935866972294,34.2213588204937],[-78.49332424294651,34.2210458407677],[-78.4939853317752,34.2181437879858],[-78.49372288674252,34.2178308079399],[-78.4940233685905,34.2165116885964],[-78.493760928915,34.2161987080167],[-78.4945421424281,34.212768984664],[-78.4937548613802,34.2118300400387],[-78.493995228685,34.2107747370402],[-78.4926831488385,34.2092098158037],[-78.49274324288811,34.208945989942],[-78.4924808339061,34.2086330035946],[-78.4925409281965,34.2083691776525],[-78.492278521976,34.2080561906287],[-78.4925188976528,34.20700088584461],[-78.493284070981,34.2065715519792],[-78.4939290605492,34.2066698676074],[-78.4940492358581,34.2061422128497],[-78.4935244284185,34.2055162432092],[-78.4937046922146,34.2047247604163],[-78.49344229360952,34.20441177463401],[-78.4937427283562,34.2030926345067],[-78.4934803351063,34.2027796481888],[-78.4936005074475,34.2022519913978],[-78.4915014478742,34.199748075787],[-78.4920422499118,34.1973736170258]]},"properties":{"segment_id":"c91b27a0b3fdb73a5b5084c5","source_kmz":"waccamaw","orientation":"unverified"}},{"type":"Feature","geometry":{"type":"LineString","coordinates":[[-78.7459168737843,34.2611568676139],[-78.7448624691161,34.2599072887536],[-78.7442167222604,34.2598103729648],[-78.74395312931881,34.2594979749616],[-78.7433073869999,34.2594010540739],[-78.7422530481348,34.2581514489089],[-78.7423123323625,34.2578875104751],[-78.7417851769632,34.2572627036731],[-78.7419037468384,34.2567348266043],[-78.7416401736325,34.2564224222012],[-78.7417587432106,34.2558945447467],[-78.7412316057861,34.2552697339362],[-78.7419430051873,34.2521024604708],[-78.7423251245696,34.2518869852329],[-78.7424436825726,34.2513591041977],[-78.7428257969105,34.25114362712111],[-78.7431486332538,34.2511920898339],[-78.7432671846013,34.2506642075169],[-78.7436492932378,34.2504487275529],[-78.7437678400496,34.2499208442526],[-78.7445320451148,34.2494898793349],[-78.7445913149919,34.2492259369869],[-78.744973412883,34.2490104522966],[-78.745032680895,34.248746509571],[-78.7454147752044,34.2485310233053],[-78.7454740413514,34.2482670802021],[-78.74623822068752,34.2478361032081],[-78.7465937915667,34.2462524390305],[-78.746330235062,34.2459400413176],[-78.7464487567815,34.2454121524146],[-78.7468308307674,34.2451966606278],[-78.74715364490001,34.2452451125644],[-78.7475357161097,34.245029618417],[-78.7475949723816,34.2447656731182],[-78.74797704000991,34.2445501773955],[-78.7480955484218,34.2440222859284],[-78.7484776110066,34.2438067883669],[-78.7482140552234,34.2434943940042],[-78.7483325604149,34.24296650162311],[-78.7487146171514,34.242751003008],[-78.7489516168558,34.2416952158208],[-78.7497157122751,34.2412642125475],[-78.7503613118672,34.2413610999561],[-78.7504797992183,34.2408332040266],[-78.7508618395114,34.2406176977984],[-78.75139499951271,34.2382421580864],[-78.7495502035392,34.2360554141418],[-78.7492274260861,34.236006968324]]},"properties":{"segment_id":"48290f99792bb3a6dce87dd2","source_kmz":"waccamaw","orientation":"unverified"}},{"type":"Feature","geometry":{"type":"LineString","coordinates":[[-78.2719433137365,34.161953949049],[-78.2818766070366,34.1738665092096],[-78.282198831599,34.1739162562368],[-78.2824602766083,34.1742297300912],[-78.2831047299014,34.1743292199646],[-78.2838890863688,34.1752696328057]]},"properties":{"segment_id":"02f1181dbddbd77e62bfb6f0","source_kmz":"waccamaw","orientation":"unverified"}},{"type":"Feature","geometry":{"type":"LineString","coordinates":[[-78.773786650656,34.2410544655739],[-78.7660392419915,34.2398931403137],[-78.7636668003414,34.237081910457],[-78.7637851907827,34.2365539982398],[-78.7634032063091,34.2367695480053],[-78.7511375050987,34.23492943836641],[-78.7492274260861,34.236006968324]]},"properties":{"segment_id":"45456f5afec91f2a3cf14133","source_kmz":"waccamaw","orientation":"unverified"}},{"type":"Feature","geometry":{"type":"LineString","coordinates":[[-78.5419322819645,34.2377232313373],[-78.56450220595491,34.2250465428204],[-78.5658789406911,34.21897778272],[-78.56626138465512,34.2187628780281],[-78.5657359106509,34.2181372443975],[-78.5658556162322,34.217609522856],[-78.56392010772801,34.2173157672517],[-78.5607675623279,34.2135618525749],[-78.5615324231121,34.2131320727017],[-78.5618317360872,34.2118127707955],[-78.5622141559903,34.2115978775569],[-78.5622740159028,34.2113340165634],[-78.5634212585365,34.2106893281601],[-78.5634811136523,34.2104254662535],[-78.5642459285771,34.2099956668782],[-78.5643057803598,34.2097318043242],[-78.5650705839011,34.2093019991575],[-78.5651304323509,34.20903813595621],[-78.5666600082104,34.2081785087804],[-78.5667198504008,34.2079146444],[-78.5671022376171,34.207699734053],[-78.56722191785262,34.2071720044139],[-78.5679866800901,34.2067421787117],[-78.5683092225127,34.2067911295633],[-78.5683690580377,34.2065272638882]]},"properties":{"segment_id":"dbfc30568ae26d91660d5d6e","source_kmz":"waccamaw","orientation":"unverified"}},{"type":"Feature","geometry":{"type":"LineString","coordinates":[[-78.6043785271248,34.2346387429893],[-78.6041155819877,34.2343260187642],[-78.6031475455142,34.2341794666709],[-78.6028846068845,34.233866739487],[-78.6019165784534,34.2337201770583],[-78.6006019390023,34.232156519213],[-78.6006616844159,34.2318926450374],[-78.6001358447521,34.231267176978],[-78.6001955910645,34.2310033027581],[-78.5999326750589,34.230690567694],[-78.600052167771,34.2301628189801],[-78.5984747239968,34.2282863940423],[-78.5973275124496,34.2289314148003],[-78.5972677579923,34.22919528820691],[-78.59694510436901,34.2291464190908],[-78.5966822077245,34.2288336759699],[-78.5963595559706,34.2287848052065],[-78.5960966629055,34.228472060624],[-78.5962161782542,34.2279443144382],[-78.5956904010794,34.2273188232749],[-78.5958099174134,34.2267910767701],[-78.5921297323886,34.222412559738],[-78.5918071101519,34.222363675954],[-78.5929426278885,34.2173500734122],[-78.5903143166114,34.2142224748467],[-78.5903740831626,34.213958600227],[-78.5901112643186,34.2136458364822],[-78.5901710311158,34.2133819617822],[-78.5896454010755,34.2127564322225],[-78.5898247029423,34.2119648076407],[-78.5902070461962,34.2117498223044],[-78.59038634002212,34.2109581958877],[-78.5907686767721,34.2107432084403],[-78.5909479625575,34.2099515801886],[-78.5913302928037,34.2097365906298],[-78.591569328986,34.2086810836166],[-78.5923339714309,34.2082510984306],[-78.59239372653641,34.2079872208576],[-78.5921309197541,34.2076744594126],[-78.5923101845917,34.2068828261057],[-78.5894071780524,34.2064428359173],[-78.5888816010728,34.2058172976263]]},"properties":{"segment_id":"f54864fac6316da0c61041ba","source_kmz":"waccamaw","orientation":"unverified"}},{"type":"Feature","geometry":{"type":"LineString","coordinates":[[-78.60889211730571,34.2058465327199],[-78.6072793012248,34.2056023326218],[-78.60575022531242,34.2064624972426],[-78.6018794767644,34.2058762750141],[-78.6013538032685,34.2052507927269],[-78.6010312464499,34.2052019335369],[-78.6006489653315,34.205416956207],[-78.5983910743907,34.2050749093766],[-78.59686191052151,34.2059349575494],[-78.596802172159,34.206198838079],[-78.5938991657391,34.2057589597807],[-78.5931345564616,34.2061889565721],[-78.5928120009173,34.20614007461541],[-78.5927522486512,34.2064039529962],[-78.5888816010728,34.2058172976263]]},"properties":{"segment_id":"1c9174690c25c9d72230685a","source_kmz":"waccamaw","orientation":"unverified"}},{"type":"Feature","geometry":{"type":"LineString","coordinates":[[-78.7492784883896,34.2253737658815],[-78.7469866380957,34.2266667761791],[-78.7453729577971,34.2264244997459],[-78.7453137079627,34.2266884497624],[-78.7449909720511,34.226639991629],[-78.7447274884946,34.2263275828781],[-78.74434550143542,34.2265430726646],[-78.7440227667311,34.2264946118335],[-78.74414127447021,34.2259667128786],[-78.7438777966114,34.2256543019463],[-78.7439370505338,34.2253903523314],[-78.7434101024837,34.2247655283888],[-78.7417964728077,34.2245232017298],[-78.7414144864903,34.2247386823517],[-78.7407690361242,34.2246417432972],[-78.7396230605252,34.2252881710011],[-78.7393003339765,34.2252396969801],[-78.7390368780406,34.2249272747963],[-78.7382728840153,34.2253582163729],[-78.7376274324231,34.22526125994],[-78.7368634273004,34.2256921920751],[-78.73557252369622,34.2254982600323],[-78.7351905153324,34.2257137199384],[-78.7348677897817,34.2256652336314],[-78.7345120741566,34.22724890131781],[-78.7341300542486,34.2274643572807],[-78.7334845903346,34.2273673780825]]},"properties":{"segment_id":"3af5173ebc9b70b85b0b2efe","source_kmz":"waccamaw","orientation":"unverified"}},{"type":"Feature","geometry":{"type":"LineString","coordinates":[[-78.7911507991841,34.2305600266027],[-78.7910917016752,34.2308239986094],[-78.7907098211147,34.2310396396132],[-78.7905325217961,34.2318315541582],[-78.7897687455511,34.23226283065371],[-78.78953232915,34.2333187130084],[-78.788768532739,34.2337499821544],[-78.7886503162847,34.2342779215936],[-78.78826841197791,34.2344935536736],[-78.788150190995,34.2350214921295],[-78.7877682816464,34.2352371223721],[-78.7877091690914,34.23550109116561],[-78.7873272561622,34.2357167198339],[-78.7872090269248,34.2362446565518],[-78.7868271089537,34.2364602833828],[-78.7867679922713,34.2367242513073],[-78.7852402933474,34.2375867444659],[-78.7850629233542,34.2383786443972],[-78.7842990524072,34.2388098815303],[-78.78423992535,34.2390738474195],[-78.78309409864912,34.2397206924949],[-78.7830349668057,34.2399846574808],[-78.7818891166446,34.2406314899648],[-78.7812434838395,34.2405347776086],[-78.77933368460022,34.2416127950375]]},"properties":{"segment_id":"987359979281ef27be5be4e4","source_kmz":"waccamaw","orientation":"unverified"}},{"type":"Feature","geometry":{"type":"LineString","coordinates":[[-78.4920422499118,34.1973736170258],[-78.4939549371197,34.1963002677629],[-78.4942773895235,34.1963494247784],[-78.49656009358712,34.1863237722333],[-78.4969425684264,34.1861090872395],[-78.4970026301745,34.1858452517481],[-78.4977675705913,34.1854158772787],[-78.4980078018013,34.1843605320164],[-78.4983902629888,34.1841458417398]]},"properties":{"segment_id":"330f4bf6bf9cec9c589ae882","source_kmz":"waccamaw","orientation":"unverified"}},{"type":"Feature","geometry":{"type":"LineString","coordinates":[[-78.5037487822936,34.1972469170299],[-78.502699139773,34.1959950489899],[-78.5034797560622,34.1925651812393],[-78.50321735914541,34.1922522129033],[-78.5034575375134,34.1911968651778],[-78.5031951453032,34.1908838962693],[-78.5033752767468,34.190092384362],[-78.4983902629888,34.1841458417398]]},"properties":{"segment_id":"e10993bf87ab059b8a3f21be","source_kmz":"waccamaw","orientation":"unverified"}},{"type":"Feature","geometry":{"type":"LineString","coordinates":[[-78.4377549651503,34.1896292158528],[-78.438137618519,34.1894147254363],[-78.4381978823195,34.1891509214733],[-78.4412590215636,34.187434948592],[-78.4425485531541,34.1876321585464],[-78.4433138116833,34.1872031437633],[-78.4439585773444,34.1873017391562],[-78.4454890638988,34.1864436853942],[-78.44601335589621,34.1870698865262],[-78.4469805084769,34.1872177558113],[-78.4485109600344,34.1863596621369],[-78.44883334245802,34.1864089459059],[-78.4494957970589,34.1835070242366],[-78.4498783879202,34.18329249353381],[-78.4509020592731,34.1788076732717],[-78.4535799620093,34.1773058896416]]},"properties":{"segment_id":"e5ea569b47676fa17ec580ba","source_kmz":"waccamaw","orientation":"unverified"}},{"type":"Feature","geometry":{"type":"LineString","coordinates":[[-78.4505906269326,34.1918648623285],[-78.4503284452842,34.1915517742833],[-78.4535799620093,34.1773058896416]]},"properties":{"segment_id":"e477eab3e2c7c88f747e8285","source_kmz":"waccamaw","orientation":"unverified"}},{"type":"Feature","geometry":{"type":"LineString","coordinates":[[-78.4534923007272,34.1923083289848],[-78.4519191634373,34.1904298303603],[-78.4515967623888,34.1903805553993],[-78.45472760295291,34.1766622483362]]},"properties":{"segment_id":"8bf28b54f418eb33818a8ea2","source_kmz":"waccamaw","orientation":"unverified"}},{"type":"Feature","geometry":{"type":"LineString","coordinates":[[-78.6596874989265,34.2039738903938],[-78.660213632989,34.2045991095581],[-78.6605362244362,34.2046478044398],[-78.6603576594958,34.20543954497951],[-78.6621992193156,34.2076277850226],[-78.661663543858,34.2100030025927],[-78.6608992678449,34.2104334430871],[-78.6614254553699,34.2110586518523],[-78.6612468847603,34.2118503875883],[-78.6615099836581,34.2121629910027],[-78.6610337828139,34.2142742815112],[-78.66155999741902,34.2148994867505],[-78.6615004718024,34.2151633976155],[-78.661763582933,34.2154759991981],[-78.6617040575661,34.2157399099827],[-78.6620266961797,34.2157886000662],[-78.6630791703284,34.2170389963938],[-78.6623148329761,34.2174694425236],[-78.6619576767823,34.2190529033707],[-78.6627470615357,34.21999069844311],[-78.6625684838679,34.2207824276274],[-78.6630947548762,34.2214076209789],[-78.6626780686601,34.2232549855402],[-78.6600026291717,34.22476150342],[-78.6599430907145,34.2250254103309],[-78.65956087514421,34.2252406216529],[-78.65950133482,34.2255045281843],[-78.6587368944043,34.2259349463588],[-78.6586773507505,34.2261988522461],[-78.658295125905,34.2264140590986],[-78.658235580384,34.2266779646064],[-78.6578533519591,34.22689316988091],[-78.6577938045711,34.2271570750092],[-78.6574115725668,34.2273722787057],[-78.65735202331162,34.2276361834545],[-78.6569697877278,34.2278513855729],[-78.6569102366055,34.2281152899422],[-78.6565279974421,34.2283304904826],[-78.6564684444526,34.2285943944724],[-78.6560862017097,34.2288095934347],[-78.6560266468529,34.2290734970452],[-78.65564440053042,34.2292886944294],[-78.6555848438063,34.2295525976603],[-78.6552025939042,34.2297677934665],[-78.6551430353127,34.230031696318],[-78.6543785262323,34.2304620834607],[-78.6542594019844,34.2309898877608],[-78.6534948785849,34.2314202685911],[-78.6533161804015,34.2322119725926],[-78.6535793163296,34.2325245862513],[-78.65346018349251,34.2330523884154],[-78.65530220342,34.2352406645251],[-78.6559476349468,34.2353380770481],[-78.6562107920451,34.2356506835666],[-78.6565335098783,34.2356993877303],[-78.6567966705569,34.2360119927856],[-78.6577648308728,34.2361580976352],[-78.6580279980577,34.2364706997288],[-78.6583507204351,34.2365193987981],[-78.65861389120042,34.2368319994285],[-78.6585543387794,34.2370959017742],[-78.6588175123161,34.2374085017258],[-78.65875796014481,34.237672403992],[-78.6590211364529,34.2379850032648],[-78.6588424794747,34.2387767094812],[-78.6584601932211,34.23899191360331],[-78.6583410836202,34.2395197166454],[-78.6579587923228,34.2397349189251],[-78.6578992354524,34.2399988200098],[-78.6575169405744,34.2402140207116],[-78.6573978226935,34.2407418220082],[-78.6566332207323,34.2411722184136],[-78.6565736582585,34.2414361183611],[-78.6542797927758,34.2427272744676],[-78.6539570471679,34.2426785644588],[-78.65242775854661,34.2435393047305],[-78.6523681799758,34.2438032017686],[-78.6520454310975,34.24375448651471],[-78.65089843604511,34.2444000239859],[-78.6505756856093,34.2443513046857],[-78.6429285518097,34.2486545647186],[-78.6426057886997,34.2486058235371],[-78.6422234091212,34.2488209716963],[-78.6419006457622,34.2487722285666],[-78.6415182634122,34.2489873743628],[-78.6395816878402,34.248694890408],[-78.6391992994498,34.2489100285955],[-78.6385537761917,34.2488125246527],[-78.6377889904432,34.2492427928896]]},"properties":{"segment_id":"df15cf26071f26a3786e91a6","source_kmz":"waccamaw","orientation":"unverified"}},{"type":"Feature","geometry":{"type":"LineString","coordinates":[[-78.5639066259073,34.1938400824083],[-78.5642889516854,34.1936251776387],[-78.565006993317,34.1904587559801],[-78.5661539053151,34.1898140242008],[-78.5662137350904,34.1895501541782],[-78.5673606236828,34.1889054097671]]},"properties":{"segment_id":"b419dc0455e9d492f6e731d2","source_kmz":"waccamaw","orientation":"unverified"}},{"type":"Feature","geometry":{"type":"LineString","coordinates":[[-78.4983902629888,34.1841458417398],[-78.4976032252414,34.183206890449],[-78.4972207664988,34.18342157838],[-78.4971607073626,34.1836854147654],[-78.4968983658367,34.1833724287604],[-78.4971986606841,34.1820532458455],[-78.4969363245111,34.1817402593018],[-78.4971765556473,34.1806849110178],[-78.4969142241787,34.1803719239006],[-78.4969742815923,34.1801080865738],[-78.4981216046441,34.1794640186594],[-78.4984218636532,34.1781448262763],[-78.4988042931322,34.1779301330043],[-78.499126672439,34.1779792776596],[-78.5006563666489,34.1771204872174],[-78.5013011212985,34.1772187654437],[-78.501421201086,34.1766910841011],[-78.5011588660071,34.1763781050438],[-78.5012789454619,34.1758504233054],[-78.5019236903698,34.1759486982275],[-78.5023060993842,34.1757339928456],[-78.5026284718008,34.175783127911],[-78.5033932821992,34.1753537111021],[-78.50351334491342,34.1748260263914],[-78.50389574402,34.1746113154792],[-78.5042181127876,34.1746604461987],[-78.5046005091346,34.1744457329219],[-78.5047205622571,34.1739180463763],[-78.504458223255,34.1736050737106],[-78.5047583521764,34.1722858554839],[-78.5055231164286,34.1718564228073],[-78.5058232205423,34.1705371990018],[-78.50697032914701,34.1698930361123],[-78.5085820889941,34.1701386394702],[-78.51049387823801,34.1690649821236]]},"properties":{"segment_id":"8054c594676d854313a300dc","source_kmz":"waccamaw","orientation":"unverified"}},{"type":"Feature","geometry":{"type":"LineString","coordinates":[[-78.5130422224761,34.1754589420415],[-78.5125174692207,34.1748330347839],[-78.5143172983992,34.1669175687547]]},"properties":{"segment_id":"58da623ce921ba28a92aa27d","source_kmz":"waccamaw","orientation":"unverified"}},{"type":"Feature","geometry":{"type":"LineString","coordinates":[[-78.8435203907319,34.2201115512766],[-78.8429926782693,34.2194871752901],[-78.8426699115327,34.2194389880601],[-78.841878363114,34.2185024164462],[-78.8419961940396,34.217974412856],[-78.84237786808,34.21775859992831],[-78.8425546070875,34.2169665928969],[-78.8422907643503,34.2166544018781],[-78.8423496772119,34.2163903993391],[-78.8420858372535,34.2160782076367],[-78.8422036630952,34.215550202283],[-78.8419398265748,34.2152380099305],[-78.8419987395549,34.2149740071157],[-78.8417349058131,34.2146618140796]]},"properties":{"segment_id":"8efa56ae41b1f0fcd5b3aeaf","source_kmz":"waccamaw","orientation":"unverified"}},{"type":"Feature","geometry":{"type":"LineString","coordinates":[[-78.5888816010728,34.2058172976263],[-78.5883560325507,34.2051917564815],[-78.587710936152,34.2050939650139],[-78.5863970664755,34.2035300921837],[-78.5847843691501,34.2032855790849],[-78.5834705888991,34.2017216697128],[-78.583769485685,34.2004022930134],[-78.5829812526716,34.1994639393495],[-78.5830410327652,34.199200063767],[-78.5777866452045,34.1929442092636],[-78.5778464379136,34.1926803342581],[-78.575589017177,34.1923378389119],[-78.5734875859799,34.1898353755819],[-78.5746836070023,34.1845578777183],[-78.57659483768,34.1834831511755],[-78.57671441623191,34.1829553961793],[-78.5778611205101,34.1823105428812],[-78.57882846365452,34.1824573148622],[-78.5792106922357,34.1822423579882],[-78.5795331401111,34.1822912791369],[-78.5796526968914,34.1817635203464],[-78.5791273651555,34.1811379190983],[-78.5807412580304,34.1740131318818]]},"properties":{"segment_id":"2a99c3d19f78e2eaa14db44c","source_kmz":"waccamaw","orientation":"unverified"}},{"type":"Feature","geometry":{"type":"LineString","coordinates":[[-78.8840190023796,34.21796666356631],[-78.8836962165538,34.2179185902231],[-78.8833146564782,34.2181345388225],[-78.8832558814298,34.2183985615505],[-78.8835198945888,34.2187106588506],[-78.8834611198019,34.2189746814979],[-78.8837839098678,34.2190227554327],[-78.8834023446157,34.2192387040309],[-78.8817883949752,34.2189983201237],[-78.8814068242994,34.2192142621748],[-78.88011566913171,34.21902193466671],[-78.8797340936931,34.2192378712181],[-78.87876572952851,34.219093612999],[-78.8772393986462,34.2199573335374],[-78.8767114164144,34.2193331106214],[-78.8750974855104,34.21909263379851],[-78.8747158957848,34.2193085538505],[-78.8740703248983,34.2192123547294],[-78.8736887317318,34.2194282713766],[-78.8727203764169,34.2192839628056],[-78.872338779149,34.2194998750003],[-78.8710476416807,34.2193074467885],[-78.8706660396513,34.2195233534832],[-78.86776099777882,34.2190903279551],[-78.8673793876865,34.219306223912],[-78.8664110456078,34.2191618627349],[-78.8661470996138,34.2188497267335],[-78.8632421080958,34.2184165878645],[-78.8628604887606,34.2186324691554],[-78.8622149381664,34.2185362040835],[-78.8618333153913,34.2187520819693],[-78.8615105400336,34.2187039470365],[-78.8607472868041,34.2191356967827],[-78.8604245105261,34.2190875588553],[-78.8601605888243,34.21877540922651],[-78.8585467207294,34.2185347023394],[-78.8580188982809,34.2179103934146],[-78.8576961287807,34.2178622478359],[-78.8576372669254,34.2181262576817],[-78.8573144967652,34.2180781110554],[-78.8570505909796,34.21776595398],[-78.8567278226789,34.2177178057028],[-78.8564639204725,34.2174056471584],[-78.8554956223483,34.2172611946758],[-78.855113987173,34.2174770508246],[-78.8489815034322,34.2165619772077],[-78.8487176362578,34.2162498006314],[-78.8451673329904,34.2157198644949],[-78.8446396371127,34.215095492662],[-78.8417349058131,34.2146618140796]]},"properties":{"segment_id":"d93bf4c2b34be0b6ed9a705c","source_kmz":"waccamaw","orientation":"unverified"}},{"type":"Feature","geometry":{"type":"LineString","coordinates":[[-78.4018869786579,34.161200812703],[-78.4013632162615,34.1605743925825],[-78.4015443135151,34.15978300970341],[-78.4019269198897,34.1595686307755],[-78.4023494555745,34.1577220647549],[-78.4042624045911,34.156650140959],[-78.4049866170046,34.1534845697749],[-78.40536918292051,34.15327017784221],[-78.4054898763332,34.1527425804705],[-78.4052280080465,34.1524293756375],[-78.4049057940767,34.1523799687684],[-78.4049661418683,34.15211617009301],[-78.4057312582479,34.1516873843235],[-78.4095978247632,34.1522801805322],[-78.4115105401154,34.1512081301222],[-78.4109867675084,34.1505817457281],[-78.4103423479682,34.150482962839],[-78.4100804677536,34.1501697680825],[-78.4103821063272,34.1488507564987],[-78.408287166307,34.1463451742055],[-78.408468160022,34.1455537666752]]},"properties":{"segment_id":"c3043ac9549a4a945ab890f1","source_kmz":"waccamaw","orientation":"unverified"}},{"type":"Feature","geometry":{"type":"LineString","coordinates":[[-78.4385568170878,34.1539852539385],[-78.439704238306,34.1533417427107],[-78.44034871877241,34.153440362237],[-78.4422610388298,34.1523678067005],[-78.44232125995332,34.1521039886209],[-78.445865884585,34.1526462724982],[-78.4462483336991,34.1524317456368],[-78.4467299834902,34.1503211813462],[-78.4464679573688,34.1500080686462],[-78.44676897845,34.1486889623367],[-78.4465069576682,34.1483758490957],[-78.4465671613059,34.1481120275172],[-78.446305143279,34.1477989135982],[-78.4466875673563,34.1475843840095],[-78.4473320089847,34.1476829654622]]},"properties":{"segment_id":"d887125c7252fecf71b69225","source_kmz":"waccamaw","orientation":"unverified"}},{"type":"Feature","geometry":{"type":"LineString","coordinates":[[-78.6086138242219,34.17905727099],[-78.6038842110293,34.1734279176671],[-78.6032393585603,34.1733302086466],[-78.6024511650221,34.17239195610221],[-78.5992269708246,34.1719033346564],[-78.5969342044382,34.1731934677842],[-78.5962893626454,34.1730957201374],[-78.5960266580909,34.1727829541883],[-78.5934473188204,34.17239192168641],[-78.5933875946356,34.1726558112645],[-78.5930054523476,34.1728708173217],[-78.592683035055,34.1728219330187],[-78.5923008900033,34.1730369367133],[-78.5913336386039,34.1728902752701],[-78.5908082728504,34.1722647200763],[-78.5904858594511,34.1722158296359],[-78.58969783105,34.1712774892449],[-78.5877633854744,34.1709841142736],[-78.582773147035,34.1650410572621]]},"properties":{"segment_id":"504e817be0465de4bd9a1c04","source_kmz":"waccamaw","orientation":"unverified"}},{"type":"Feature","geometry":{"type":"LineString","coordinates":[[-78.5800981631707,34.1665458415573],[-78.580480310059,34.1663308763158],[-78.5808388826652,34.16474756467821],[-78.5816031525679,34.164317627056],[-78.5817226676807,34.1637898545152]]},"properties":{"segment_id":"72b78da35af146d5015c17c0","source_kmz":"waccamaw","orientation":"unverified"}},{"type":"Feature","geometry":{"type":"LineString","coordinates":[[-78.3761100496643,34.1441377009564],[-78.3764926491708,34.1439234017371],[-78.3771369713752,34.1440223733463],[-78.3775195674865,34.1438080707113],[-78.3778417285594,34.1438575541211],[-78.3781034577549,34.1441708240306],[-78.3800364415768,34.1444677011733],[-78.3808016201002,34.14403907570531],[-78.38144594874221,34.1441380233791],[-78.3817076933912,34.1444512850524],[-78.3826741938169,34.1445996975967],[-78.383721211049,34.1458527282299],[-78.3840433845304,34.1459021943008],[-78.3844259708626,34.1456878693963],[-78.3848488464815,34.1438413355683],[-78.388674491455,34.1416979952356],[-78.3899631316248,34.1418958001518],[-78.3914933202965,34.1410384103441],[-78.397292235727,34.1419282792916],[-78.3976747660265,34.1417139096675],[-78.3979969312389,34.1417633372582],[-78.3991445075581,34.1411202173349],[-78.399466671246,34.141169640882],[-78.4009967409201,34.1403121250116],[-78.4013189024389,34.1403615434664],[-78.4021043445873,34.1413011962547],[-78.4030708447656,34.1414494395227],[-78.4036742817078,34.1388114215184],[-78.4071166824053,34.1368818507487],[-78.4206473850457,34.1389559485489],[-78.421171157162,34.13958229832]]},"properties":{"segment_id":"1a4fd1062d9ae7371aa492b7","source_kmz":"waccamaw","orientation":"unverified"}},{"type":"Feature","geometry":{"type":"LineString","coordinates":[[-78.6947670263222,34.2081721868296],[-78.6955310925411,34.2077415223687],[-78.6960657176948,34.2053661422516],[-78.698357786645,34.2040741030825],[-78.6984171786552,34.203810169796],[-78.7018551260904,34.2018720200571],[-78.7015918998263,34.2015595041287],[-78.7018887913486,34.2002398242383],[-78.6992566778269,34.19711462731151],[-78.6989340934108,34.1970660395174],[-78.6970917500626,34.1948783538534],[-78.6967691762767,34.1948297599143],[-78.6973630615496,34.1921904002639],[-78.6981269563547,34.1917597103463],[-78.6984495182536,34.1918083006964],[-78.69862766403571,34.1910164885165],[-78.6993915403048,34.1905857896645],[-78.6995102963009,34.1900579132425],[-78.699832852005,34.1901064998516],[-78.6999516042734,34.1895786226696],[-78.7003335327372,34.1893632691681],[-78.7003929068061,34.1890993301394],[-78.7001297296532,34.1887868060313],[-78.7001891039736,34.1885228669211],[-78.7009529471,34.1880921564883],[-78.70101231809612,34.1878282167334],[-78.7033037879443,34.1865360523452],[-78.70394887527961,34.1866332040107],[-78.7054764743019,34.1857717264509],[-78.7055358281738,34.1855077836358],[-78.7061809097677,34.1856049230249],[-78.70644410047,34.1859174346341],[-78.7079716577909,34.1850559234997],[-78.7080310026479,34.1847919791785],[-78.70835354183292,34.1848405424348],[-78.7090062970413,34.1819371456409]]},"properties":{"segment_id":"fde0f236d190bb043f33e4ec","source_kmz":"waccamaw","orientation":"unverified"}},{"type":"Feature","geometry":{"type":"LineString","coordinates":[[-78.30257456474692,34.1448336981402],[-78.30372297443,34.1441915244891],[-78.3066220299507,34.1446386860988],[-78.3093015384,34.1431401686437],[-78.310267884166,34.1432891843326],[-78.3137127974836,34.1413623957422],[-78.3150012411529,34.1415610329971],[-78.3169149953301,34.1404905277477],[-78.3172371040651,34.140540179573],[-78.31776005418371,34.1411669944516],[-78.3193706186657,34.1414152326735],[-78.3212843091464,34.1403446551842],[-78.3218072905508,34.1409714519769],[-78.3224515186555,34.1410707275151],[-78.3225121371767,34.1408069681322],[-78.3228948678495,34.1405928447511],[-78.3231979469718,34.1392740447269],[-78.3262596579706,34.1375609994239],[-78.3265817605405,34.137610625493],[-78.3268432623363,34.1379240133654],[-78.327165366781,34.1379736377925],[-78.3275480707151,34.137759498318],[-78.327608669383,34.137495735196],[-78.3299048399751,34.1362108690415],[-78.3304278630296,34.1368376301826],[-78.3310720679075,34.1369368583747],[-78.3318374419717,34.1365085517937],[-78.3321595437419,34.13655816244621],[-78.3322201258446,34.1362943965254],[-78.3328643285107,34.1363936148352],[-78.3331258515165,34.1367069890212],[-78.3347363726869,34.1369550153721],[-78.3349979051177,34.1372683851222],[-78.335763260835,34.1368400528255],[-78.3358238309428,34.1365762851156],[-78.3362065041783,34.1363621167201],[-78.3363882076468,34.1355708120767],[-78.3375362015428,34.1349282965544],[-78.3380592774365,34.1355550242925],[-78.33799871570031,34.1358187935017],[-78.3399313389121,34.136116341609],[-78.3403139985816,34.1359021595478],[-78.3406361032443,34.1359517467104],[-78.3410187601649,34.1357375622818],[-78.3419850746877,34.1358863152402],[-78.3427503783536,34.1354579361341],[-78.3453272248561,34.1358545544356],[-78.3464751491305,34.1352119507141],[-78.3471193610029,34.1353110900251],[-78.3472404214482,34.13478354164161],[-78.3480056853405,34.134355127296],[-78.3480662120207,34.1340913523893],[-78.3483883141271,34.1341409181458],[-78.3484488393439,34.1338771429697],[-78.3515097821013,34.1321634201566],[-78.3518318784213,34.132212976473],[-78.3525970917617,34.1317845304899],[-78.3532412830605,34.1318836362362],[-78.3551542731212,34.1308124877218],[-78.3554763661707,34.1308620340051],[-78.35585895722092,34.130647799299],[-78.3561810500374,34.1306973436365],[-78.3569462245328,34.1302688681722],[-78.35759040882381,34.1303679499607],[-78.3606510122641,34.128653978599],[-78.3608324492031,34.1278626281718],[-78.3617987038008,34.1280112175904],[-78.3629463763812,34.1273684447196],[-78.36326846013732,34.1274179695855],[-78.3636510128083,34.1272037082772],[-78.3639126288791,34.1275170166261],[-78.3674555862637,34.1280617112101],[-78.3685021359817,34.1293149046961],[-78.3696497724215,34.12867206656251],[-78.3702939596623,34.1287710780239],[-78.3714415732834,34.1281282217369],[-78.3717636655879,34.1281777229759],[-78.3729112583208,34.127534851682],[-78.3732333491044,34.1275843488778],[-78.373615875159,34.1273700547621],[-78.3745821480371,34.1275185378208],[-78.3748438091675,34.1278318214003],[-78.3754879960601,34.1279308041297],[-78.3766355543891,34.127287895807],[-78.37727973905841,34.127386868656],[-78.3775414106041,34.1277001462033],[-78.377863505016,34.12774963053671],[-78.3781251801311,34.128062906627],[-78.3790914702124,34.1282113520078],[-78.3796148355392,34.1288378975808],[-78.3799369359778,34.1288873760891],[-78.3803194499782,34.1286730602203],[-78.3806415501825,34.1287225367828],[-78.3810240614326,34.1285082185476],[-78.3813461614025,34.1285576931643],[-78.3817286699022,34.12834337256281],[-78.3822520573465,34.1289699061387],[-78.382131243272,34.1294974947998],[-78.38265464171832,34.1301240256659],[-78.38684207367251,34.1307670655812],[-78.3894593824841,34.133899580289],[-78.3902244051985,34.133470887111],[-78.390546531555,34.1335203358857],[-78.3909290391075,34.1333059862717],[-78.391190785496,34.1336192307437],[-78.3931235571428,34.133915893785],[-78.39350605954151,34.1337015357815],[-78.3951167106146,34.133948725066],[-78.3956402435327,34.1345751939097],[-78.3953384104311,34.1358941903821],[-78.3956001832727,34.1362074239072],[-78.3978551795598,34.1365534408625],[-78.398116964749,34.1368666684556],[-78.4003719913277,34.1372126362252],[-78.4008955885086,34.137839078835],[-78.4028285019453,34.1381355786944],[-78.406653371156,34.135991630673],[-78.4214725667099,34.1382632407128],[-78.4218550123715,34.1380487904286]]},"properties":{"segment_id":"8fa48bd1979814fdaedf89bb","source_kmz":"waccamaw","orientation":"unverified"}},{"type":"Feature","geometry":{"type":"LineString","coordinates":[[-78.5162595999078,34.1481040733893],[-78.5165219003982,34.1484170291894],[-78.5168441686084,34.14846612643351],[-78.518418024632,34.1503438417709],[-78.5193848580141,34.1504911146668],[-78.52148348596451,34.152994677235],[-78.5218057762661,34.1530437604268],[-78.5236421967484,34.155234334992]]},"properties":{"segment_id":"9a89be9a5ce97ac4faa952bf","source_kmz":"waccamaw","orientation":"unverified"}},{"type":"Feature","geometry":{"type":"LineString","coordinates":[[-78.7512282624015,34.1899231804918],[-78.7515242671069,34.1886033551905],[-78.7504707561048,34.1873537173562],[-78.750589160423,34.1868257866975],[-78.7509709350853,34.1866102659769],[-78.7507075631336,34.1862978555778],[-78.7507667638861,34.1860338898449],[-78.7502400276431,34.1854090669643],[-78.7499174599748,34.1853606200815],[-78.7493907351155,34.1847357928348],[-78.74944993914852,34.1844718272696],[-78.7489232240652,34.18384699722381],[-78.7486006636963,34.183798546591],[-78.7480739599962,34.1831737121792],[-78.7484291978464,34.1815899180618],[-78.7481658531061,34.1812774999819],[-78.74840267292561,34.1802216350631],[-78.7468226646557,34.1783471123373]]},"properties":{"segment_id":"fcbb65e2388433214043f38c","source_kmz":"waccamaw","orientation":"unverified"}},{"type":"Feature","geometry":{"type":"LineString","coordinates":[[-78.8417349058131,34.2146618140796],[-78.8414121598916,34.2146136230734],[-78.8411483297288,34.2143014285686],[-78.8401800987445,34.2141568478999],[-78.8399162750799,34.21384465042411],[-78.8392707926774,34.2137482573123],[-78.8390069740513,34.2134360576168],[-78.8386842349101,34.2133878589606],[-78.8384204198627,34.2130756577964],[-78.8355157987397,34.2126418226587],[-78.8351341307722,34.2128576143837],[-78.8335204630841,34.2126165581465],[-78.8331387897019,34.212832343323],[-78.832874998811,34.21252012935611],[-78.8319068054039,34.2123754794252],[-78.8313792387372,34.2117510448329],[-78.83105651132172,34.2117028248885],[-78.8307927326264,34.2113906057652],[-78.8278882170423,34.2109565790352],[-78.8276244536036,34.2106443524353],[-78.8273017331117,34.2105961219954],[-78.8267742155098,34.2099716651417],[-78.8254833492245,34.2097787283808],[-78.8244283628001,34.2085297940499],[-78.824105653069,34.2084815546075],[-78.8233422925269,34.2089130639546],[-78.8181789702217,34.2081410770486],[-78.8162704791009,34.209219743668],[-78.815947771569,34.2091714816042],[-78.8158887745215,34.2094354730597],[-78.814597944164,34.2092424152181],[-78.8143342399198,34.208930157796],[-78.813688830065,34.2088336219778],[-78.8110519333268,34.2057109932989],[-78.810406554272,34.2056144388672],[-78.8077698985427,34.2024917234599],[-78.8051885151381,34.2021054097038],[-78.8048068147397,34.2023211045481],[-78.8012574472089,34.2017898176461],[-78.8008757374545,34.2020054996555],[-78.799585067748,34.20181227325301],[-78.7976764740518,34.2028906426823],[-78.7973538043382,34.2028423285954],[-78.7962086207339,34.2034893313775],[-78.7936272616755,34.203102761169],[-78.7928364704583,34.2021658369693],[-78.7925138067608,34.2021175093953],[-78.7917230389821,34.2011805764918],[-78.7914003800655,34.2011322457669],[-78.791136796501,34.2008199326148],[-78.7908141394454,34.2007716002403],[-78.7905505594583,34.2004592856206],[-78.7902279042638,34.2004109515965],[-78.7899643278541,34.2000986355094],[-78.7896416745207,34.2000502998356],[-78.7891145309735,34.1994256640098],[-78.7852427573026,34.1988455477821],[-78.7847156572625,34.1982208910768],[-78.7843930149844,34.1981725407128],[-78.7841294696002,34.19786021053451],[-78.7834841891676,34.1977635056084],[-78.7821665086036,34.1962018364596],[-78.7822256100987,34.1959378578946],[-78.7806124578296,34.1956960618281],[-78.78034893602481,34.1953837221294],[-78.779703680846,34.1952869959087],[-78.7791766494269,34.1946623113592],[-78.7788540253593,34.1946139453996],[-78.7777999937641,34.1933645646972],[-78.776186908643,34.1931227064065],[-78.7759234133356,34.192810355687],[-78.7756007989753,34.1927619805816],[-78.7729659769216,34.1896384264607],[-78.7733798626654,34.1877905920739],[-78.7702184107623,34.1840422353196],[-78.7698958363246,34.1839938438493],[-78.7699549701933,34.1837298675972],[-78.7694280954039,34.1831051300018],[-78.7691055253449,34.1830567362808],[-78.7656810645094,34.17899586226301]]},"properties":{"segment_id":"a001c9b70f2ebbd10e8516e3","source_kmz":"waccamaw","orientation":"unverified"}},{"type":"Feature","geometry":{"type":"LineString","coordinates":[[-78.5808783894658,34.1483761633743],[-78.5778218695134,34.1500958969312],[-78.5755656844202,34.1497533832471],[-78.5753031419909,34.1494405614511],[-78.5749808329173,34.1493916265852],[-78.5744557573139,34.14876597935461],[-78.5741334515676,34.148717042095],[-78.57360838733021,34.1480913905116],[-78.5732860849111,34.1480424508584],[-78.57249850877,34.1471039658825],[-78.5721762111391,34.1470550230878],[-78.57191369144141,34.1467421925861],[-78.5709468053643,34.1465953565714],[-78.569800570139,34.147240169852],[-78.56883368186192,34.1470933163243],[-78.5685711754736,34.1467804782775],[-78.5672820026253,34.1465846580124]]},"properties":{"segment_id":"63030d7a99dc3b486c0777b2","source_kmz":"waccamaw","orientation":"unverified"}},{"type":"Feature","geometry":{"type":"LineString","coordinates":[[-78.4272437727409,34.1246758545233],[-78.4275056362384,34.1249890204046],[-78.4273248839258,34.1257804777011],[-78.427586751466,34.1260936429714],[-78.4274662491724,34.1266212806496],[-78.4279899931555,34.1272476091883],[-78.427809240523,34.128039065028],[-78.4274268604544,34.12825353758541],[-78.42700507978032,34.1301002618913],[-78.42662268736882,34.1303147312523],[-78.4263816550048,34.1313699986291],[-78.4244696320888,34.1324423203092],[-78.4243490988322,34.1329699506088],[-78.4239666850015,34.1331844104569],[-78.4233223930484,34.1330856975133],[-78.4229399758197,34.1333001539472],[-78.421329249862,34.1330533506429],[-78.4209468273001,34.1332678005172],[-78.42040430154272,34.1356421142832],[-78.4222374559253,34.1378343388273]]},"properties":{"segment_id":"f77f5aa9ba3ee97de7587a96","source_kmz":"waccamaw","orientation":"unverified"}},{"type":"Feature","geometry":{"type":"LineString","coordinates":[[-78.4625154669353,34.1278894090377],[-78.4627774831478,34.1282024940509],[-78.463099633701,34.128251741736],[-78.4636236753734,34.1288779081308],[-78.4639458292577,34.1289271534256],[-78.4638856993717,34.129190990259],[-78.464147725478,34.1295040716743],[-78.4640274657757,34.1300317450568],[-78.4642894952828,34.1303448258265],[-78.4632070962109,34.135093865784],[-78.4634691394618,34.1354069464482],[-78.4632285909804,34.1364622836422],[-78.4640147411414,34.1374015217645],[-78.4637741938937,34.1384568574912],[-78.4642983097157,34.1390830129468],[-78.4640577611158,34.1401383470718],[-78.464319824776,34.1404514238661],[-78.4641995493225,34.1409790902943],[-78.4644616163845,34.1412921664439],[-78.4644014786926,34.1415559995164],[-78.4646635485099,34.1418690749873],[-78.4646034110568,34.1421329079768],[-78.4648654836295,34.1424459827689],[-78.4648053464153,34.1427098156754],[-78.4650674217434,34.14302288978891],[-78.4642254669766,34.1467165386751],[-78.465011732774,34.1476557581691],[-78.4656561981971,34.1477542378716],[-78.4667045938202,34.149006514582],[-78.4686380349744,34.1493019142286]]},"properties":{"segment_id":"230b4bd6ef4f8755827f9290","source_kmz":"waccamaw","orientation":"unverified"}},{"type":"Feature","geometry":{"type":"LineString","coordinates":[[-78.8234765350703,34.1933827622904],[-78.8235944528842,34.1928547612398],[-78.8233307680889,34.1925425180107],[-78.8234486856184,34.192014516567],[-78.8231850042576,34.1917022726869],[-78.8233029215027,34.1911742708499],[-78.8219845530459,34.1896130410182],[-78.8210166651115,34.1894682962926],[-78.8206350706514,34.1896840464692],[-78.8203714084903,34.1893717953134],[-78.8200487807803,34.1893235434751],[-78.81928558579271,34.18975503623351],[-78.8186403289406,34.1896585256703],[-78.8178771228503,34.1900900089966],[-78.8172318649668,34.1899934906476],[-78.816968215422,34.18968123188381],[-78.8160003359775,34.1895364453646],[-78.8157366929274,34.1892241836309],[-78.815414068706,34.1891759189089],[-78.8151504292324,34.1888636557069],[-78.8145051849093,34.18876712206411],[-78.8142415504712,34.1884548566431],[-78.8135963106684,34.1883583179025],[-78.8133326812657,34.1880460502625],[-78.8133916707633,34.1877820532263],[-78.8128644196258,34.1871575158602],[-78.8130413896637,34.1863655242606],[-78.8125141509431,34.1857409842239],[-78.8125731414709,34.1854769868602],[-78.8123095259442,34.1851647157988],[-78.8077930888465,34.1844887912428],[-78.8074114821379,34.1847044992804],[-78.8067662819317,34.1846079221506],[-78.8063846717905,34.1848236267827],[-78.8028360920675,34.1842923767694],[-78.8017818151193,34.183043198006],[-78.8020179123652,34.1819872261924],[-78.8004365762272,34.1801134373212],[-78.799468846644,34.1799685113381],[-78.7976240814247,34.17778237591691],[-78.7966563860868,34.1776374260822],[-78.7963928610409,34.1773251159008],[-78.7941349294929,34.1769868629046],[-78.7929900998133,34.1776338543693],[-78.792667537795,34.1775855257752],[-78.7924040289422,34.1772732065217],[-78.7911137907137,34.1770798801545],[-78.7907321741034,34.1772955353338],[-78.7868614900197,34.176715457372],[-78.7860982346791,34.1771467386613],[-78.7838403530967,34.1768082854126],[-78.783458717653,34.177023916759],[-78.7818459538409,34.176782132236],[-78.779937728457,34.1778602431156],[-78.7786475114893,34.1776667783703],[-78.7778842012682,34.1780980051642],[-78.7775616467155,34.178049634636],[-78.77717998777412,34.1782652450185],[-78.7768574329658,34.178216872544],[-78.7764757712515,34.1784324805679],[-78.7748629999448,34.1781905994756],[-78.7729546432134,34.1792685937391],[-78.7726320868723,34.1792202095869],[-78.7722504085212,34.1794358034581],[-78.7719278519247,34.1793874173596],[-78.771164487561,34.1798185990727],[-78.7656810645094,34.17899586226301]]},"properties":{"segment_id":"8d040b1ac341d8b20281b294","source_kmz":"waccamaw","orientation":"unverified"}},{"type":"Feature","geometry":{"type":"LineString","coordinates":[[-78.45697484697232,34.1229467366933],[-78.4593327184345,34.1257646059757],[-78.4602991345069,34.1259123754752],[-78.4610851427556,34.1268516456866],[-78.4620515756522,34.1269994003919],[-78.4619914408342,34.1272632368726],[-78.4625154669353,34.1278894090377]]},"properties":{"segment_id":"9ee0c77bfa1f116a660839e0","source_kmz":"waccamaw","orientation":"unverified"}},{"type":"Feature","geometry":{"type":"LineString","coordinates":[[-78.3624086855873,34.1078966000043],[-78.3669980560011,34.1053253491309]]},"properties":{"segment_id":"a04e60d4aac114383d9e0600","source_kmz":"waccamaw","orientation":"unverified"}},{"type":"Feature","geometry":{"type":"LineString","coordinates":[[-78.3669980560011,34.1053253491309],[-78.36891020420572,34.1042539385897]]},"properties":{"segment_id":"55b57035ff0598ac860822df","source_kmz":"waccamaw","orientation":"unverified"}},{"type":"Feature","geometry":{"type":"LineString","coordinates":[[-78.358606678826,34.10266915368],[-78.3631144195667,34.1033626100766],[-78.3636374892713,34.1039892470063],[-78.3634561364796,34.10478062524],[-78.3669980560011,34.1053253491309]]},"properties":{"segment_id":"77d009794f9014ea6ca0339f","source_kmz":"waccamaw","orientation":"unverified"}},{"type":"Feature","geometry":{"type":"LineString","coordinates":[[-78.62760101491811,34.1437213377059],[-78.6287467191254,34.143075950939],[-78.6288658818436,34.1425481161406],[-78.6292477761028,34.1423329840589],[-78.6299031260983,34.13942988141361]]},"properties":{"segment_id":"424e1babbfb8242d68a9b875","source_kmz":"waccamaw","orientation":"unverified"}},{"type":"Feature","geometry":{"type":"LineString","coordinates":[[-78.6578123057937,34.1575694020866],[-78.654757126256,34.1592911415248],[-78.6546976201104,34.1595550668258],[-78.6537304189071,34.1594089227881],[-78.6525846814616,34.160054543182],[-78.65226227991,34.1600058235629],[-78.65035267197821,34.1610818260471],[-78.6502931495204,34.1613457485097],[-78.6467467115918,34.1608097141405],[-78.6454324032749,34.1592464247121],[-78.6451100095522,34.1591976851816],[-78.6448471556877,34.1588850244014],[-78.6445247638293,34.158836283224],[-78.6424220206534,34.1563349652432],[-78.64145488255,34.1561887183533],[-78.6319943689683,34.1449321400812],[-78.6322326544133,34.1438764657659],[-78.6319699040494,34.1435637699356],[-78.6322677550226,34.1422441745874],[-78.6299031260983,34.13942988141361]]},"properties":{"segment_id":"a18336e75a7a3bb4d42d806a","source_kmz":"waccamaw","orientation":"unverified"}},{"type":"Feature","geometry":{"type":"LineString","coordinates":[[-78.3032185237141,34.1072430356589],[-78.303983759064,34.1068148970528],[-78.3047115849341,34.1036497582733],[-78.3070071351546,34.1023652913462],[-78.3074316114793,34.1005189411829],[-78.3071703134531,34.1002054950512],[-78.3072915899876,34.0996779654366],[-78.30805672859,34.0992497959359],[-78.3109541356253,34.0996968741953],[-78.3140145597217,34.0979840679434],[-78.3137532437026,34.0976706356535],[-78.3139956980339,34.0966155588603],[-78.318586001671,34.0940461876065],[-78.318646596678,34.09378241487011],[-78.3181239576551,34.0931555671722],[-78.3184269329453,34.0918367020506],[-78.3188094341586,34.0916225791434]]},"properties":{"segment_id":"ec9bed5eb2d2021dfed7917a","source_kmz":"waccamaw","orientation":"unverified"}},{"type":"Feature","geometry":{"type":"LineString","coordinates":[[-78.2756888199235,34.1196518207145],[-78.2779853208389,34.1183679536911],[-78.2786293059134,34.1184674752508],[-78.2805123460337,34.1102913614517],[-78.2812777361973,34.1098633742627],[-78.2825530578529,34.1043246406707],[-78.2882927549178,34.1011144833608],[-78.2950533201308,34.1021587025146],[-78.29543593632062,34.101944659451],[-78.2964017442309,34.1020937981931],[-78.2975495744113,34.1014516516499],[-78.3017347597818,34.1020977853885],[-78.304412898253,34.1005993018625],[-78.305056770117,34.100698678923],[-78.3054206400534,34.099116096261],[-78.3069509183774,34.0982597760694],[-78.307254102772,34.0969409485266],[-78.310697040119,34.0950141387815],[-78.3110189567634,34.0950638106637],[-78.3113220598151,34.093744967241],[-78.3151472663846,34.0916039182428],[-78.3152078711391,34.0913401465006],[-78.3164954909351,34.0915387794792],[-78.3168779959958,34.0913246628624],[-78.3188094341586,34.0916225791434]]},"properties":{"segment_id":"9a82a3fc6e9103310504f984","source_kmz":"waccamaw","orientation":"unverified"}},{"type":"Feature","geometry":{"type":"LineString","coordinates":[[-78.5334702748421,34.1236989611113],[-78.5347817331459,34.1252635856192],[-78.53510391700152,34.1253126335661],[-78.53536621645,34.1256255555781],[-78.5363327748348,34.1257726917916],[-78.5365950807742,34.1260856108475],[-78.5369172691751,34.1261346537095],[-78.5371795786842,34.126447571304],[-78.5452344571607,34.1276733324505],[-78.5454968052935,34.1279862306463],[-78.5458190071699,34.1280352486757],[-78.5460813588726,34.1283481454098],[-78.5470479713184,34.1284951918699]]},"properties":{"segment_id":"30158203ce5f4b8a809c4ab6","source_kmz":"waccamaw","orientation":"unverified"}},{"type":"Feature","geometry":{"type":"LineString","coordinates":[[-78.4981912459961,34.116137778784],[-78.4966627230034,34.1169966012635],[-78.4965427030448,34.1175243164825],[-78.4911925660586,34.1205300218685],[-78.489991867878,34.12580707325381],[-78.4873164398797,34.1273097917288],[-78.4872563904679,34.1275736411923],[-78.4869342274465,34.1275244605329],[-78.4868141252931,34.128052158807],[-78.485667466575,34.1286961557163],[-78.4853452999113,34.1286469707137],[-78.4849630754748,34.12886163267],[-78.4843187420749,34.1287632578761],[-78.483936514236,34.1289779164201],[-78.4829700152495,34.1288303443541],[-78.4825877833613,34.1290449984376],[-78.4822656172,34.1289958049058],[-78.4812444086096,34.1334811760615],[-78.4800976238143,34.1341251136101],[-78.4797754381974,34.1340759134736],[-78.4795951963793,34.1348674431838],[-78.4734786097758,34.138301547095],[-78.47315641105331,34.1382523288358],[-78.47273566144472,34.140099196341],[-78.4708240630202,34.141172270096],[-78.4705018540906,34.1411230446414],[-78.4701195274325,34.1413376543953],[-78.4694582010267,34.144239843841],[-78.469720300228,34.1445529068573],[-78.4694196842423,34.1458720793705],[-78.4696817887866,34.1461851418441],[-78.4689170790922,34.1466143519544],[-78.4688569523941,34.1468781856047],[-78.4680922313387,34.1473073899141],[-78.4686164415244,34.1479335190371],[-78.46837592413051,34.1489888505997],[-78.4686380349744,34.1493019142286]]},"properties":{"segment_id":"cbaddd82b2132e77e5cca03d","source_kmz":"waccamaw","orientation":"unverified"}},{"type":"Feature","geometry":{"type":"LineString","coordinates":[[-78.3188094341586,34.0916225791434],[-78.3203394179762,34.090766074328],[-78.3232365798398,34.0912128504892],[-78.3243840282991,34.0905704297259],[-78.3311441614956,34.0916125589674],[-78.33382137329771,34.0901133769308],[-78.33639667378641,34.0905102158356],[-78.3390737465663,34.0890109104934],[-78.33939565648,34.0890605039837],[-78.3394561771198,34.0887967187427],[-78.3462163579201,34.0898379717387],[-78.3475234808742,34.0914047755749],[-78.3507427512134,34.0919004341071],[-78.3517885459238,34.093153834564],[-78.35790538355891,34.0940952821157],[-78.35895132303831,34.0953486145561],[-78.3587699427437,34.0961399939683],[-78.3590314348024,34.0964533253991],[-78.3589709745275,34.0967171183337],[-78.3574412988396,34.0975741263597],[-78.3577027903679,34.0978874602266],[-78.35758185817872,34.0984150436506],[-78.3579038187536,34.0984645851864],[-78.3599958487239,34.1009712250749],[-78.3638595479303,34.1015655820171],[-78.3656903074676,34.1037587919554],[-78.36891020420572,34.1042539385897]]},"properties":{"segment_id":"8cd4a3da0675bd158a06a34c","source_kmz":"waccamaw","orientation":"unverified"}},{"type":"Feature","geometry":{"type":"LineString","coordinates":[[-78.86158549463481,34.191435901731],[-78.8610578317293,34.1908115860289],[-78.8615872834403,34.1884353987165],[-78.8607958227767,34.1874989206685],[-78.86091347827582,34.1869708779777],[-78.8606496636096,34.1866587172578],[-78.8607084914195,34.186394695773],[-78.8604446795308,34.1860825343677],[-78.86050350760081,34.1858185128009],[-78.8594482838625,34.1845698601286],[-78.8591256518552,34.1845217165667],[-78.85886185267361,34.1842095508515],[-78.85903834755541,34.1834174863992],[-78.8587745524698,34.1831053200645],[-78.8590098760242,34.1820492326495],[-78.8587460856938,34.181737065728],[-78.8590402344465,34.1804169540356],[-78.8587764495305,34.18010478656],[-78.8588941075543,34.1795767411433],[-78.859275546259,34.1793608626107],[-78.8594520259247,34.1785687928338],[-78.8605963162107,34.1779211470095],[-78.860772779159,34.1771290738301],[-78.86115420064522,34.1769131884799],[-78.8615071070116,34.1753290374351],[-78.8612433294504,34.1750168736199],[-78.8633016865182,34.165775911023]]},"properties":{"segment_id":"fb85ca8b8fe67ab074c121ca","source_kmz":"waccamaw","orientation":"unverified"}},{"type":"Feature","geometry":{"type":"LineString","coordinates":[[-78.874355049834,34.1715167475012],[-78.8737098760578,34.1714205407712],[-78.8734460627804,34.1711084031852],[-78.8724783094817,34.170964084093],[-78.8722145026945,34.1706519435342],[-78.8718919205173,34.17060383462061],[-78.87162811730501,34.1702916925917],[-78.8713055369845,34.1702435820277],[-78.8707779398269,34.1696192943108],[-78.8698102100054,34.1694749527166],[-78.8694288490184,34.1696908684662],[-78.8665256751693,34.1692577857136],[-78.8662618980563,34.1689456309777],[-78.8659393266374,34.1688975054253],[-78.8651480123736,34.1679610346513],[-78.8648254457269,34.1679129059462],[-78.8642979163846,34.1672885870007],[-78.8643567171627,34.16702455740871],[-78.8633016865182,34.165775911023]]},"properties":{"segment_id":"d72f2d9d4da1c02632dcea85","source_kmz":"waccamaw","orientation":"unverified"}},{"type":"Feature","geometry":{"type":"LineString","coordinates":[[-78.7832928023847,34.1524428357283],[-78.7825026505369,34.1515057830886],[-78.7731518450941,34.1501029992304],[-78.77288850766242,34.1497906251601]]},"properties":{"segment_id":"1f266ec5931500bda29b4504","source_kmz":"waccamaw","orientation":"unverified"}},{"type":"Feature","geometry":{"type":"LineString","coordinates":[[-78.8564124211765,34.16229236266111],[-78.85755649735181,34.16164473387211],[-78.8577917725249,34.1605886211568],[-78.858173121187,34.16037274122111],[-78.8584671988831,34.159052596414]]},"properties":{"segment_id":"6daec5a5a406254df50df512","source_kmz":"waccamaw","orientation":"unverified"}},{"type":"Feature","geometry":{"type":"LineString","coordinates":[[-78.8633016865182,34.165775911023],[-78.86171920405631,34.1639029198822],[-78.8617780110276,34.1636388904996],[-78.86125053512582,34.1630145544342],[-78.8613681505073,34.1624864954527],[-78.8584671988831,34.159052596414]]},"properties":{"segment_id":"05c84a222bc0dfa65d080dbd","source_kmz":"waccamaw","orientation":"unverified"}},{"type":"Feature","geometry":{"type":"LineString","coordinates":[[-78.71988888605871,34.1453718936395],[-78.7196257785028,34.1450593969591],[-78.7186586357557,34.144913791312],[-78.716553886396,34.142413774078],[-78.7162315179549,34.14236523107],[-78.7159684352528,34.1420527249408],[-78.7133895138738,34.141664342542],[-78.7130078556661,34.1418797515826],[-78.7117184020138,34.1416855346354],[-78.7113367390762,34.1419009381749],[-78.710047289244,34.1417067026663],[-78.7096656215769,34.1419221007047],[-78.7070867359924,34.1415335781923],[-78.70656065177671,34.1409085231212],[-78.706238295807,34.1408599522663],[-78.7054491897062,34.1399223620371],[-78.7048044877271,34.1398252131365],[-78.7042784333922,34.1392001464034],[-78.7029890459337,34.1390058318291],[-78.70141096864421,34.1371305964484],[-78.7019449292136,34.1347549837376]]},"properties":{"segment_id":"b2bda859c3ebf4e2ebc8c0ec","source_kmz":"waccamaw","orientation":"unverified"}},{"type":"Feature","geometry":{"type":"LineString","coordinates":[[-78.4315730643278,34.0925727026905],[-78.4267433623622,34.0918325476202],[-78.4248323152597,34.0929049278745],[-78.4245311382043,34.0942240683811],[-78.424148915163,34.0944385391364],[-78.4233657880677,34.0978682871555],[-78.4180141784875,34.1008706904956],[-78.4179539146277,34.10113451267541],[-78.4160218621925,34.1008382511658],[-78.4157601261128,34.1005250499862],[-78.4149955677447,34.10095392900401],[-78.4146735606075,34.1009045461045],[-78.4146132854021,34.1011683665373],[-78.4143515538788,34.1008551623079],[-78.4117755147546,34.1004600596454],[-78.411252081406,34.099833637116],[-78.4109300812765,34.0997842437554],[-78.41016550357891,34.1002130913308],[-78.4098435025694,34.1001636949771],[-78.4060204813039,34.1023078433426],[-78.4057792564042,34.103363104535],[-78.4031029753108,34.1048639224814],[-78.4027809595481,34.1048145068075],[-78.4027206410175,34.1050783197761],[-78.4023986246107,34.105028903054],[-78.402136929249,34.1047156727688],[-78.3998828360791,34.1043697253796],[-78.3991181525063,34.1047984976876],[-78.3987961395436,34.1047490709478],[-78.3987358075614,34.10501288186551],[-78.3974477555883,34.1048151653319],[-78.3955359864009,34.1058870454964],[-78.3942479280926,34.105689293647],[-78.3929396252051,34.1041230444509],[-78.3926176189592,34.1040736005182],[-78.3918528982863,34.1045023250891],[-78.389598857005,34.1041561777714],[-78.3893372160741,34.103842918273],[-78.3885724796039,34.1042716213405],[-78.3884517466871,34.1047992327333],[-78.3880693723702,34.1050135817523],[-78.3863185187765,34.1126638861636]]},"properties":{"segment_id":"f0d508fbb0aea32d1de22134","source_kmz":"waccamaw","orientation":"unverified"}},{"type":"Feature","geometry":{"type":"LineString","coordinates":[[-78.3935211206975,34.0826391477472],[-78.3916098418457,34.0837109928035],[-78.3912879208421,34.0836615439223],[-78.3905233932841,34.0840902706271],[-78.3895576288661,34.0839419123157],[-78.3893162377794,34.0849971633961],[-78.3885516862555,34.0854258763873],[-78.3882297601052,34.0853764191225],[-78.3879279921753,34.086695476861],[-78.3863988320785,34.0875528774517],[-78.38666040645812,34.0878661499312],[-78.386600046444,34.0881299600793],[-78.3862177488795,34.0883443074422]]},"properties":{"segment_id":"3189c18caec04ec67447bd15","source_kmz":"waccamaw","orientation":"unverified"}},{"type":"Feature","geometry":{"type":"LineString","coordinates":[[-78.3809666299655,34.0807101812815],[-78.3825358388077,34.0825898950359],[-78.383823485324,34.0827877826282],[-78.3836423870334,34.0835792133025],[-78.3839039369785,34.0838924935522],[-78.3837228369365,34.0846839232608],[-78.3839843909153,34.0849972028971]]},"properties":{"segment_id":"49339bb5b6e33ae62dfdbf99","source_kmz":"waccamaw","orientation":"unverified"}},{"type":"Feature","geometry":{"type":"LineString","coordinates":[[-78.8584671988831,34.159052596414],[-78.8576760747038,34.1581160634],[-78.8577348910222,34.1578520341893],[-78.8574123708767,34.1578038842911],[-78.8568849695714,34.1571795239168],[-78.8562399363074,34.1570832184193],[-78.8557125492965,34.1564588521655],[-78.8557713710258,34.15619482341191],[-78.8555076813535,34.1558826392391],[-78.8556253249319,34.15535458145001],[-78.8540432392427,34.1534814617056],[-78.8541608891296,34.1529534038414],[-78.8538972169051,34.1526412147659],[-78.8540148665125,34.1521131565039],[-78.8537511977214,34.151800966774],[-78.8539864947803,34.1507448489917],[-78.8537228307399,34.1504326586717],[-78.8540169463744,34.1491125090034],[-78.8521713803864,34.1469271577597],[-78.8518489089676,34.14687899175721],[-78.8515852666034,34.1465667950958],[-78.8509403278776,34.1464704588926],[-78.8498857912324,34.1452216590499]]},"properties":{"segment_id":"2fe33f991f3948a2446a95d4","source_kmz":"waccamaw","orientation":"unverified"}},{"type":"Feature","geometry":{"type":"LineString","coordinates":[[-78.6299031260983,34.13942988141361],[-78.629962700946,34.1391659622923],[-78.6289118122628,34.1379151468582],[-78.6290309659587,34.1373873085303],[-78.6287682503695,34.1370746029493],[-78.6288874037522,34.1365467642213],[-78.6286246915775,34.1362340579908],[-78.6283024037215,34.1361852704013],[-78.6280396951178,34.135872562707],[-78.6273951235377,34.1357749833372],[-78.6268697185027,34.1351495628088],[-78.6265474362382,34.1351007702802],[-78.6257593488985,34.1341626318767],[-78.6258785182304,34.1336347943404],[-78.6255562428602,34.13358599896781],[-78.6256158279756,34.1333220801743],[-78.6253531398318,34.1330093652927],[-78.6254127251943,34.1327454464155],[-78.623573971855,34.1305564224426],[-78.6236931504865,34.1300285847987],[-78.6234304811842,34.1297158642922],[-78.623490070545,34.1294519453281],[-78.6232274040049,34.129139224139],[-78.62328699361281,34.128875305091],[-78.62302432983472,34.1285625832193],[-78.6230839196898,34.1282986640874],[-78.6225585997683,34.1276732182632],[-78.6226777808709,34.1271453797805],[-78.622152471997,34.1265199312255],[-78.6222120632445,34.1262560118746],[-78.6225938959552,34.1260408973593],[-78.6226534853392,34.1257769776254],[-78.6216028948949,34.1245260753157],[-78.62128065992052,34.1244772675196],[-78.6213402525602,34.1242133479494],[-78.62107761233601,34.1239006198676],[-78.6214594366273,34.12368550845861],[-78.6215190280547,34.123421588538],[-78.6209937536233,34.1227961318552],[-78.6211725293873,34.1220043715885],[-78.6223179672378,34.1213590309683],[-78.6229138164083,34.1187198144912],[-78.6221259387071,34.117781632402],[-78.6225077300872,34.117566515913],[-78.622567313276,34.1173025934537],[-78.622889519357,34.1173513981103],[-78.6232713065168,34.1171362789939],[-78.6243436895795,34.11238564724041],[-78.6240810771938,34.1120729213736],[-78.62414065084401,34.1118089963083],[-78.6245224073653,34.1115938715962],[-78.6249394013951,34.109746390997]]},"properties":{"segment_id":"270dba9a5662743ccb007571","source_kmz":"waccamaw","orientation":"unverified"}},{"type":"Feature","geometry":{"type":"LineString","coordinates":[[-78.6503577748384,34.1329715394454],[-78.6469417167372,34.1289069166202],[-78.6475367887163,34.12626759843441],[-78.6456975662359,34.1240789075508],[-78.6457570757775,34.1238149753189],[-78.6449688711911,34.1228769542989],[-78.6391685627364,34.1219994428553],[-78.6384050264798,34.12242978180251],[-78.6380827896529,34.1223810205424],[-78.637294692072,34.1214429457281],[-78.636972460026,34.1213941813247],[-78.6359216986362,34.1201434018899],[-78.63559947283001,34.120094633595],[-78.63533678921792,34.1197819361983],[-78.6350145652746,34.1197331662571],[-78.6342265314781,34.1187950675265],[-78.6339043123156,34.1187462944422],[-78.6335225466465,34.1189614481182],[-78.6325558896274,34.1188151203367],[-78.6322932225597,34.11850241555371],[-78.6319710058199,34.1184536370825],[-78.6314456809337,34.1178282238722],[-78.6315647867,34.11730036983],[-78.63194654963371,34.1170852221531],[-78.6321252008777,34.116293439414],[-78.6313372367221,34.1153553170601],[-78.6306928308976,34.1152577535296],[-78.6291169770673,34.1133814805132],[-78.62847259036481,34.1132839044116],[-78.6279473284706,34.1126584713526],[-78.6276251386428,34.1126096804586],[-78.6273625123195,34.112296962107],[-78.6270403243545,34.1122481695669],[-78.6249394013951,34.109746390997]]},"properties":{"segment_id":"5a4b00dbf0c8434d1b541bb4","source_kmz":"waccamaw","orientation":"unverified"}},{"type":"Feature","geometry":{"type":"LineString","coordinates":[[-78.8498857912324,34.1452216590499],[-78.8493585356029,34.1445972548151],[-78.845811497323,34.1440672918727],[-78.8454301942792,34.1442831355296],[-78.8447852821028,34.1441867648543],[-78.844521677201,34.1438745511135],[-78.8441992231689,34.1438263636769],[-78.84425807441461,34.1435623366538],[-78.841356015617,34.1431286106123],[-78.8397745219978,34.1412552682116],[-78.83945208175942,34.1412070674305],[-78.8391885083496,34.1408948404304],[-78.837898757219,34.1407020253162],[-78.8363735105263,34.1415652916784],[-78.83631463403901,34.1418293153526],[-78.8359333156211,34.1420451284038],[-78.83528843375751,34.1419487046934],[-78.8337631336711,34.142811935423],[-78.8334406907068,34.1427637180335],[-78.8326780266572,34.1431953234434],[-78.8326191363979,34.1434593447121],[-78.8318564609735,34.1438909443533],[-78.8316208842822,34.1449470261605],[-78.82933277227161,34.1462417873063],[-78.8292149640403,34.1467698243506],[-78.8273081312896,34.1478487532996],[-78.8267810390528,34.14722424853891],[-78.8268399519708,34.1469602314577],[-78.8252276766507,34.1467190405864],[-78.8248463035225,34.1469348159094],[-78.8242013948777,34.1468383311767],[-78.8238200183189,34.1470541030958],[-78.823175109958,34.1469576126749],[-78.8221210123618,34.1457085613726],[-78.8217985646109,34.1456603118115],[-78.8215350469569,34.1453480464391],[-78.8166984005457,34.1446241839232],[-78.8163170140345,34.1448399317769],[-78.8150272542273,34.1446468634371],[-78.8131202767996,34.1457255621119],[-78.8092509963432,34.14514620801991],[-78.8088695866254,34.1453619312621],[-78.8082247108369,34.1452653575724],[-78.8078432976898,34.1454810774103],[-78.8075208597386,34.1454327881708],[-78.8071394438196,34.1456485056512],[-78.8064945678035,34.1455519223828],[-78.8061131484553,34.1457676364589],[-78.8055862404361,34.1451430338626],[-78.8052638052865,34.1450947383327],[-78.8053227895987,34.1448307314872],[-78.7985517661298,34.1438163208942],[-78.7977888982985,34.144247696453],[-78.7929525413611,34.1435228434368],[-78.7864676558236,34.1471890570272],[-78.7858227927146,34.1470923590898],[-78.7854413085158,34.1473080048195],[-78.7851188769058,34.1472596534561],[-78.7835929163392,34.1481222190762],[-78.7835338558038,34.1483862138013],[-78.7797187917877,34.1505425334285],[-78.7790739092743,34.1504457983949],[-78.7786923899297,34.1506614210521],[-78.77288850766242,34.1497906251601]]},"properties":{"segment_id":"67aca5a31793269bdd95377e","source_kmz":"waccamaw","orientation":"unverified"}},{"type":"Feature","geometry":{"type":"LineString","coordinates":[[-78.3720567725313,34.064319972783],[-78.3724389911567,34.0641056656673],[-78.3740481363372,34.0643531687831],[-78.3744303496471,34.0641388551111],[-78.3747521792676,34.0641883519971],[-78.3746917972723,34.0644521637541],[-78.37521469883191,34.0650787789022],[-78.3751543177127,34.0653425906058],[-78.3756772289698,34.0659692029687],[-78.3755564680749,34.0664968261502],[-78.376079390315,34.0671234357932],[-78.3764012333139,34.0671729279164],[-78.3771856368298,34.0681128348007],[-78.3771252600338,34.068376646528],[-78.37738673272172,34.0686899474303],[-78.3777085830235,34.0687394358272],[-78.3779700592753,34.0690527352716],[-78.3782919114466,34.0691022220267],[-78.378050413728,34.070157469222],[-78.3772859458609,34.0705861158863],[-78.3769840499041,34.0719051695148],[-78.3777685081084,34.0728450668883],[-78.3777081296183,34.0731088773567],[-78.3779696205362,34.0734221750889],[-78.3777884845405,34.07421360588151],[-78.3787541059116,34.0743620640105],[-78.37927710668,34.0749886530624],[-78.3799208621489,34.0750876176843],[-78.3801823686102,34.0754009096508],[-78.3801219963147,34.0756647205329],[-78.3803835055227,34.0759780118198],[-78.3801420148227,34.07703325429501],[-78.3804035287061,34.0773465450008],[-78.380162034034,34.0784017857127],[-78.3804235525931,34.0787150758375],[-78.380182053949,34.0797703147867],[-78.3809666299655,34.0807101812815]]},"properties":{"segment_id":"b9dcb576559458a076587133","source_kmz":"waccamaw","orientation":"unverified"}},{"type":"Feature","geometry":{"type":"LineString","coordinates":[[-78.8631710850416,34.1379298866111],[-78.8631123022251,34.1381939250532],[-78.8615873844428,34.1390575254156],[-78.8614698059603,34.1395855998448],[-78.8610885683131,34.13980149613391],[-78.8610297770168,34.1400655329114],[-78.8606485357975,34.1402814276272],[-78.8605309490946,34.140809500308],[-78.8610582687045,34.1414338567],[-78.8605291206494,34.1438101786085],[-78.8582415231859,34.1451055114068],[-78.8581827182214,34.1453695450154],[-78.8574201658948,34.1458013116088],[-78.8573613576175,34.1460653445749],[-78.8569800768237,34.1462812256434],[-78.855690192346,34.1460886095277],[-78.8554265372479,34.1457764212878],[-78.8505895491922,34.1450539715133],[-78.8502082545676,34.1452698306048],[-78.8498857912324,34.1452216590499]]},"properties":{"segment_id":"5e3421f29602822844887f94","source_kmz":"waccamaw","orientation":"unverified"}},{"type":"Feature","geometry":{"type":"LineString","coordinates":[[-78.4743371994847,34.0789122288972],[-78.4735731759962,34.0793415055071],[-78.4735131170091,34.0796053635879],[-78.4731311006468,34.0798199996501],[-78.4725905383117,34.0821947146476],[-78.4722085067059,34.08240934697631],[-78.4718481047424,34.0839924833846],[-78.4714660622715,34.08420711278581],[-78.4712858514153,34.0849986785911],[-78.4709038024588,34.0852133058704],[-78.4707235835592,34.0860048698081],[-78.4703415281171,34.0862194949656],[-78.4701613011738,34.0870110570358],[-78.4697792392457,34.0872256800715],[-78.4697191613237,34.08748953359041],[-78.4693370958296,34.0877041550414],[-78.4690366928125,34.0890234195242],[-78.4682725409054,34.0894526557922],[-78.4682124561602,34.0897165077979],[-78.4663020322365,34.0907895740918],[-78.4659800346401,34.0907403330075],[-78.46215902238201,34.0928863564014],[-78.4620989142726,34.0931502041102],[-78.4628846135211,34.09408950033],[-78.4628245069416,34.0943533480194],[-78.4624423887676,34.0945679449197],[-78.4623221714657,34.09509563940791],[-78.4619400482647,34.0953102344549],[-78.46181982641241,34.0958379279346],[-78.4614376981842,34.0960525211282],[-78.4613775851865,34.0963163674228],[-78.4609954533916,34.0965309590315],[-78.460875223253,34.0970586507302],[-78.4604930864308,34.0972732404855],[-78.4603728517415,34.0978009311759],[-78.45999070989181,34.0980155190778],[-78.4595097431523,34.1001262749798],[-78.460033566652,34.1007524794287],[-78.4603556018927,34.1008017364086],[-78.4602954815615,34.1010655805832],[-78.4642244579942,34.1057620123009],[-78.4645465166071,34.1058112573387],[-78.4650704188672,34.1064374346152],[-78.4657145431585,34.10653591901361],[-78.4659765003705,34.1068490050891],[-78.466298564588,34.10689824519611],[-78.4676083895564,34.1084636611413],[-78.4675482878883,34.1087275065621],[-78.469120151259,34.1106059823562],[-78.4689398554416,34.1113975185105],[-78.4692018419837,34.1117105954126],[-78.4688412432272,34.1132936647477],[-78.4680768520067,34.1137228867721],[-78.468016747866,34.1139867307136],[-78.4657235148625,34.1152743635874],[-78.4656634015476,34.1155382058019],[-78.4652811872101,34.1157528064057],[-78.4651609564355,34.1162804899459],[-78.4647787370683,34.1164950886968],[-78.4645382647838,34.117550453295],[-78.46415603746422,34.1177650496567],[-78.464095916913,34.1180288902444],[-78.4637136860247,34.1182434850216],[-78.4625712903458,34.1232564287877],[-78.462833291187,34.1235695154695],[-78.4627731616687,34.123833353475],[-78.4630351652639,34.1241464394774],[-78.46285477620191,34.1249379528908],[-78.4631167838436,34.125251038281],[-78.4625154669353,34.1278894090377]]},"properties":{"segment_id":"e0d116c437d22d6243a17632","source_kmz":"waccamaw","orientation":"unverified"}},{"type":"Feature","geometry":{"type":"LineString","coordinates":[[-78.4073591318289,34.0672867217684],[-78.4043019678169,34.069002055885],[-78.40424168217,34.069265881429],[-78.4045032668964,34.0695791208157],[-78.4044429814846,34.0698429462738],[-78.4049661585362,34.0704694229732],[-78.4052880336989,34.0705188346975],[-78.4051674663283,34.0710464856907],[-78.4044031389917,34.0714753106564],[-78.4040414095548,34.0730582575594],[-78.4006017535314,34.0749878901507],[-78.396739092604,34.0743947374786],[-78.3955924795596,34.0750378869123],[-78.3952705918745,34.0749884485514],[-78.3949689834332,34.0763075417213],[-78.3922934237301,34.0778081608572],[-78.3919715266904,34.0777587135092],[-78.3916095154123,34.0793416091783],[-78.3877870143358,34.0814852121695],[-78.3876663114219,34.0820128377214],[-78.3860567581099,34.0817655290883],[-78.3845276742108,34.0826229102804],[-78.3839843909153,34.0849972028971]]},"properties":{"segment_id":"9c449fac3e640a12241dbec6","source_kmz":"waccamaw","orientation":"unverified"}},{"type":"Feature","geometry":{"type":"LineString","coordinates":[[-78.56084418828182,34.1043868855733],[-78.5680998315807,34.1003032120069],[-78.5686245292754,34.1009289255127],[-78.5692687385954,34.101026835519],[-78.5693284895839,34.1007629350234],[-78.5700921949609,34.1003330391974],[-78.570151942626,34.1000691380499],[-78.5739703284214,34.0979195773765],[-78.5742924237904,34.09796851816661],[-78.5746742501252,34.0977535538224],[-78.5747339802812,34.097489649468],[-78.5751158030487,34.09727468354211],[-78.5755936180492,34.0951634423408],[-78.5771208413514,34.094303556941],[-78.5784091733463,34.0944992806027],[-78.5787909713044,34.0942843017782],[-78.578910397985,34.0937564864326],[-78.5792324792382,34.0938054137579],[-78.5799960616961,34.0933754490024],[-78.5803181420554,34.093424373336],[-78.580556970457,34.0923687378994],[-78.58170230888,34.0917237745604]]},"properties":{"segment_id":"ebf708ef108e51c169b0b0ea","source_kmz":"waccamaw","orientation":"unverified"}},{"type":"Feature","geometry":{"type":"LineString","coordinates":[[-78.8095724011133,34.1228211900904],[-78.8091911016835,34.1230369203371],[-78.8085464104612,34.1229403457716],[-78.8077838026334,34.1233717981472],[-78.8074614563085,34.123323507424],[-78.8070801485674,34.1235392305994],[-78.8067578019857,34.1234909379314],[-78.805995178849,34.1239223782572],[-78.8056728313537,34.1238740825979],[-78.8052915159582,34.1240897997482],[-78.8049691682063,34.1240415021441],[-78.8045878500404,34.1242572169373],[-78.8045288788264,34.1245212301169],[-78.80376623324021,34.1249526552425],[-78.8036482837846,34.1254806801958],[-78.8005975935833,34.1272063240391],[-78.8002752358372,34.127158013581],[-78.7998938893938,34.1273737121163],[-78.7992491737887,34.1272770864117],[-78.7988678239184,34.1274927815432],[-78.7975783948844,34.1272995151669],[-78.7973150365786,34.126987187736],[-78.79737403413061,34.126723179029],[-78.796847325173,34.1260985220759],[-78.7965249743431,34.126050201133],[-78.7961436229347,34.1262658876387],[-78.79608462155582,34.1265298958694],[-78.7947952153853,34.1263365983353],[-78.7945318715062,34.1260242642158],[-78.7945908777686,34.1257602566095],[-78.7949722310024,34.1255445750721],[-78.7950312354075,34.1252805670852],[-78.7947678941542,34.1249682330932],[-78.7941232048388,34.1248715786204],[-78.7937418525497,34.125087257547],[-78.79368284391761,34.1253512649413],[-78.793301488058,34.1255669422927],[-78.7932424775686,34.1258309493064],[-78.792920130085,34.125782618333],[-78.79286111813852,34.1260466250823],[-78.7924797565949,34.1262622995474],[-78.79242074279101,34.1265263059161],[-78.7920393776767,34.1267419788058],[-78.7919803620154,34.1270059847938],[-78.7893107368369,34.128515656464],[-78.788988380676,34.1284673147287],[-78.78860699654,34.1286829758196],[-78.7873175732756,34.1284895957078],[-78.7867909330782,34.1278648944745],[-78.7864685811777,34.1278165457002],[-78.7860871932486,34.1280321986828],[-78.7838307365664,34.1276937247818],[-78.7835674320969,34.1273813663044],[-78.7832450842018,34.1273330085464],[-78.7824822931063,34.1277642922682],[-78.7821599442994,34.1277159315185],[-78.7813971434381,34.1281472079026],[-78.7813380906126,34.1284112080175],[-78.7810157398373,34.1283628441279],[-78.7806343341232,34.1285784790422],[-78.7796672822331,34.1284333788433],[-78.7792858724373,34.1286490093064],[-78.7786411718684,34.1285522692554],[-78.7782597586472,34.1287678963141],[-78.7756809671514,34.12838089180191],[-78.774891151234,34.1274437595366],[-78.77524558897682,34.1258597748967],[-78.7739292910547,34.124297874388],[-78.7739883658885,34.1240338767009],[-78.7729353682095,34.1227843434969],[-78.7726130459596,34.12273595592811],[-78.7715600879172,34.1214864082353]]},"properties":{"segment_id":"56183a552233d1b043c7305a","source_kmz":"waccamaw","orientation":"unverified"}},{"type":"Feature","geometry":{"type":"LineString","coordinates":[[-78.72635951912952,34.1239691135162],[-78.7255703419088,34.1230316405519],[-78.72492575473291,34.1229346014026],[-78.7238735596722,34.1216846214128],[-78.7232289857666,34.1215875726754],[-78.7229659451975,34.121275074386],[-78.7213545247552,34.1210324330782],[-78.7200393900361,34.1194699121368],[-78.7197171144426,34.11942137743401],[-78.7194540952924,34.1191088703446],[-78.7188095482266,34.1190117967459],[-78.7182835220932,34.1183867774179],[-78.7179612520788,34.1183382377727],[-78.7181982901289,34.1172823526944],[-78.7179352843036,34.1169698413336],[-78.7181130605831,34.1161779263966],[-78.7139052859452,34.1111776486122],[-78.7135830485045,34.1111290963717],[-78.7106905330155,34.1076912906339],[-78.71036831201,34.1076427292537],[-78.7101053701811,34.1073301964063],[-78.7084942784711,34.1070873722903],[-78.7082313460408,34.1067748349795],[-78.7079091303624,34.1067262667133],[-78.70738327475,34.1061011884415],[-78.7074425614161,34.1058372187435],[-78.70665379579,34.1048995960517],[-78.7063315888566,34.1048510232904],[-78.7060686726605,34.1045384802094],[-78.7054242629147,34.1044413304949],[-78.7048984426849,34.1038162391844],[-78.7049577360357,34.1035522700068],[-78.7046948297404,34.1032397233074]]},"properties":{"segment_id":"803f7a7ac3ba7daa632aa55b","source_kmz":"waccamaw","orientation":"unverified"}},{"type":"Feature","geometry":{"type":"LineString","coordinates":[[-78.4275075551703,34.0534472216014],[-78.425597460138,34.0545196659494],[-78.4252362400619,34.0561027125773],[-78.41988757161822,34.0591053589797],[-78.41976712079551,34.0596330326948],[-78.4191234424702,34.0595342873958],[-78.41644892419062,34.0610354953692],[-78.4160272472067,34.0628823343195],[-78.411441996287,34.0654556609304],[-78.4107982804056,34.0653568701275],[-78.4073591318289,34.0672867217684]]},"properties":{"segment_id":"ad874d7292f790c85171311c","source_kmz":"waccamaw","orientation":"unverified"}},{"type":"Feature","geometry":{"type":"LineString","coordinates":[[-78.4063286585796,34.0499242934458],[-78.4068517170451,34.0505507772881],[-78.4060876000374,34.0509796243798],[-78.40602733438152,34.05124345681631],[-78.4078580983275,34.0534361389043],[-78.4070939585614,34.05386499107561],[-78.4067323655597,34.0554479813146],[-78.406350283764,34.0556624038065],[-78.405506489178,34.0593560273025],[-78.4051243848418,34.0595704447021],[-78.4056474983871,34.0601969263908],[-78.4055872241106,34.0604607555454],[-78.40590905831482,34.0605101661652],[-78.4056679613329,34.0615654822014],[-78.40776053706891,34.0640713757582],[-78.408082387568,34.0641207801209],[-78.4073591318289,34.0672867217684]]},"properties":{"segment_id":"fa46b87196c8612ee188e8e9","source_kmz":"waccamaw","orientation":"unverified"}},{"type":"Feature","geometry":{"type":"LineString","coordinates":[[-78.595969926886,34.077238627066],[-78.5956479036318,34.0771897452111],[-78.5948845662732,34.0776198216936],[-78.5948249196355,34.07788374295901],[-78.5936798934172,34.0785288470254],[-78.5933578662658,34.0784799588896],[-78.59309549263791,34.078167149692],[-78.592451442464,34.078069369233],[-78.5916880788344,34.0784994241999],[-78.5900779539804,34.0782549468814],[-78.5896962657573,34.0784699671594],[-78.5887301937489,34.0783232668603],[-78.5887898613754,34.0780593488755],[-78.58800280610421,34.0771208876347],[-78.5873587709763,34.0770230787619],[-78.5875377835957,34.0762313252847],[-78.5872754409174,34.0759185020394]]},"properties":{"segment_id":"7553b9d6275c58e4a7872542","source_kmz":"waccamaw","orientation":"unverified"}},{"type":"Feature","geometry":{"type":"LineString","coordinates":[[-78.393174397156,34.0331564966841],[-78.3936972373341,34.0337830531084],[-78.3940189538285,34.0338324983957],[-78.3934160029305,34.0364708115801],[-78.3965533151858,34.0402300850689],[-78.3964930255635,34.0404939161148],[-78.3972774028518,34.0414337185302],[-78.3970965373212,34.0422252112412],[-78.3976194698815,34.0428517428094],[-78.3975591818405,34.043115573539],[-78.397820651917,34.043428838285],[-78.3976397872735,34.0442203298559],[-78.39790126138111,34.0445335939845],[-78.3973586511912,34.0469080625624],[-78.395448301601,34.0479800188641],[-78.3959712595301,34.0486065533327],[-78.3959109614557,34.0488703812949],[-78.3962327416485,34.0489198194972],[-78.3958709509346,34.05050278567991],[-78.3969169158658,34.0517558439765],[-78.3964948261235,34.0536026333503],[-78.3993714526826,34.0570484873074],[-78.3996932688483,34.0570979153949],[-78.3991506257668,34.0594723548787],[-78.398768503368,34.0596867512968],[-78.39864790860462,34.0602144026705],[-78.3978836516573,34.0606431904762],[-78.397823350743,34.0609070154456],[-78.3980848815943,34.0612202725933],[-78.3980245809148,34.0614840974765],[-78.398346414549,34.061533529028],[-78.3981655132147,34.06232500341871],[-78.4002578680106,34.0648310300043],[-78.4001372753716,34.0653586795243],[-78.399755126814,34.0655730776125],[-78.399433275597,34.065523650222],[-78.3990511242926,34.0657380459453],[-78.3977637209358,34.0655403232272],[-78.3931777103307,34.06811291887141],[-78.3928760930699,34.0694320179444],[-78.3917295211827,34.0700751331704],[-78.3916088626554,34.070602770352],[-78.3921319415843,34.0712293043624],[-78.3909853370973,34.0718724107826],[-78.3909250041254,34.072136228452],[-78.3882495098014,34.0736367621022],[-78.3881288221829,34.0741643933106],[-78.3874850639179,34.0740654741453],[-78.382515960555,34.0768519739699],[-78.3823952291138,34.0773795970884],[-78.3816307142726,34.07780826852751],[-78.3809666299655,34.0807101812815]]},"properties":{"segment_id":"02e99b43a23e98c8c14ecdd9","source_kmz":"waccamaw","orientation":"unverified"}},{"type":"Feature","geometry":{"type":"LineString","coordinates":[[-78.5152364779205,34.0777855557708],[-78.5151765612842,34.0780494359183],[-78.5158205140686,34.0781476455532],[-78.5160825771868,34.0784606295052],[-78.5176924735478,34.0787061341596],[-78.5184786974263,34.079645070524],[-78.5184187903445,34.0799089517336],[-78.5194671209267,34.0811608570095],[-78.5192874050127,34.0819525003178],[-78.5195494948662,34.0822654749468],[-78.5194895893969,34.0825293558461],[-78.519751682004,34.0828423297928],[-78.5196318711423,34.0833700913022],[-78.5201560652655,34.0839960371809],[-78.5204780691789,34.0840451282555],[-78.5203582613891,34.0845728897231],[-78.5211445766355,34.0855118011344],[-78.5210247711062,34.0860395623247],[-78.5212868816965,34.0863525314306],[-78.5212269789703,34.0866164118814],[-78.5208450597677,34.0868312032265],[-78.5207851551762,34.0870950832915],[-78.5210472683561,34.0874080525269],[-78.5209873640062,34.0876719325065],[-78.5212494799403,34.0879849010597],[-78.5211296713173,34.0885126607304],[-78.52177371812911,34.0886108360224],[-78.5220358403837,34.0889238024319],[-78.52267989173822,34.0890219726412],[-78.5229420190185,34.0893349368421],[-78.52326404676411,34.089384019854],[-78.5235261776108,34.0896969825933],[-78.52481429849,34.0898933026809],[-78.5250764372813,34.0902062617175],[-78.5253984699753,34.0902553387493],[-78.5257803934114,34.090040533326],[-78.5264244587219,34.0901386826034],[-78.529097854712,34.088634993151],[-78.5294198834423,34.0886840591126],[-78.5295396361456,34.0881562909923],[-78.5299215378642,34.0879414713696],[-78.5302209052248,34.0866220476688],[-78.5325122275145,34.08533309427831],[-78.5328342447423,34.085382150961],[-78.5347436188059,34.0843079817336],[-78.5348034739569,34.0840440935435],[-78.53518534099,34.0838292554849],[-78.5353648996322,34.08303758940431],[-78.5357467601815,34.082822749227],[-78.535806610792,34.08255886003],[-78.5361884677754,34.0823440182698],[-78.53624831652141,34.0820801286871],[-78.5370120212501,34.0816504406859],[-78.5370718666726,34.08138655044961],[-78.5382174035884,34.0807420077815],[-78.5382772442287,34.08047811662371],[-78.540568252426,34.0791889941752],[-78.5412122466267,34.0792870626558],[-78.5413319049716,34.0787592761726],[-78.5436228120487,34.0774700906058],[-78.5436826318607,34.0772061955803],[-78.544064440875,34.0769913264491],[-78.544386430888,34.07704035156421],[-78.5451500413007,34.0766106072629],[-78.5454720304231,34.0766596293868],[-78.5458538318215,34.0764447542168],[-78.5464978099861,34.076542793679],[-78.5472614038711,34.0761130352062],[-78.5475833922652,34.0761620514975],[-78.5483469764276,34.0757322856712],[-78.54852638262571,34.0749405912105],[-78.549671729943,34.0742959301996],[-78.549731526823,34.0740320310067],[-78.5501133035905,34.0738171411056],[-78.550173098607,34.073553241527],[-78.5508170583011,34.0736512573553],[-78.55158060000721,34.0732214688852],[-78.551640389595,34.0729575683534],[-78.5520221558298,34.0727426718783],[-78.5520819435542,34.0724787709607],[-78.5528454667875,34.0720489735307],[-78.5531674418951,34.07209797456471],[-78.55354919970381,34.0718830728306],[-78.5538711745684,34.0719320719205],[-78.5540505158662,34.0711403651505],[-78.553788324837,34.0708274641674],[-78.5539676644336,34.0700357564311],[-78.555112894597,34.0693910377166],[-78.5551726692777,34.06912713409841],[-78.5546482938633,34.0685013349147],[-78.55488739372112,34.067445719516],[-78.5552691239852,34.0672308108674],[-78.5553886685678,34.0667030019242],[-78.5557703938093,34.0664880914252],[-78.556092347772,34.0665370846779],[-78.55685579064,34.0661072576422],[-78.558465560046,34.0663521999812],[-78.55884727507961,34.0661372792572],[-78.5589070346123,34.0658733726386],[-78.5586448418036,34.0655604805745],[-78.5589436366347,34.0642409458687],[-78.5593253400042,34.0640260230021],[-78.5595046076703,34.0632342999581],[-78.5587180550086,34.0622956225688],[-78.557430305098,34.0620996723006],[-78.5571681309212,34.0617867754171],[-78.5573474153577,34.0609950534864],[-78.5584924846482,34.0603502940856],[-78.5597802083135,34.060546232985],[-78.5601618912724,34.0603313063685],[-78.560460640353,34.0590117591021],[-78.5608423139171,34.0587968298316],[-78.5610215541346,34.05800509925]]},"properties":{"segment_id":"f2a58e4305112d8d0c7a2cda","source_kmz":"waccamaw","orientation":"unverified"}},{"type":"Feature","geometry":{"type":"LineString","coordinates":[[-78.8250463499894,34.0967623226658],[-78.8247241031229,34.0967140783077],[-78.8244607393879,34.0964018006488],[-78.8241384943763,34.0963535546421],[-78.8238751342092,34.0960412755134],[-78.8232306482951,34.0959447793044],[-78.8229672931514,34.0956324979554],[-78.8226450522489,34.0955842477532],[-78.8223817006731,34.0952719649344],[-78.8220594616255,34.0952237130836],[-78.8215327677218,34.094599143787],[-78.8212105319846,34.0945508895371],[-78.8209471896567,34.0942386030593],[-78.8196582565238,34.0940455740765],[-78.8191315898487,34.0934209929596],[-78.8192493857459,34.0928929312561],[-78.8189271584843,34.0928446705597],[-78.8165572879138,34.0900340137291],[-78.8162350741506,34.0899857453814],[-78.81597176721371,34.0896734458307]]},"properties":{"segment_id":"3eb3c24352fefabd9389b20a","source_kmz":"waccamaw","orientation":"unverified"}},{"type":"Feature","geometry":{"type":"LineString","coordinates":[[-78.81597176721371,34.0896734458307],[-78.8098498092685,34.088756162329],[-78.80905998408761,34.0878192165941],[-78.8045492211347,34.0871430845217],[-78.8030246538578,34.0880059698692],[-78.7952920366551,34.0868463764021],[-78.794910873814,34.0870620693599],[-78.7929777515639,34.0867720838955],[-78.7918342385682,34.087419136077],[-78.791512050959,34.0873707988853],[-78.791130875082,34.0875864792781],[-78.78565373578012,34.0867645918448],[-78.7803168957802,34.0897837307472],[-78.7797266038162,34.0924238468855],[-78.7799897746721,34.0927362276331],[-78.7796085406202,34.0929518687104],[-78.7795495084217,34.0932158794475],[-78.779871712787,34.0932642495204],[-78.7803980634552,34.0938890089841],[-78.7802209715582,34.0946810411259],[-78.7798397286248,34.0948966824408],[-78.7788361150677,34.0993848402139],[-78.7780735733555,34.0998161099033],[-78.7780145307482,34.1000801176032],[-78.7782777206133,34.1003924992582],[-78.7779234604941,34.1019765431942],[-78.7781866564043,34.1022889243192],[-78.7770056983385,34.1075690410605],[-78.7772689094727,34.107881422097],[-78.777150806167,34.1084094312679],[-78.7776772373946,34.1090341913119],[-78.776496142449,34.11431425864],[-78.7761147930473,34.1145298824498],[-78.7760557326374,34.1147938843279],[-78.7756743796662,34.1150095065617],[-78.7756153173988,34.1152735080586],[-78.7744712414388,34.1159203660989],[-78.7742940391203,34.116712367508],[-78.7748205035702,34.1173371340801],[-78.77514280483722,34.1173855158403],[-78.7746702666348,34.11949751616901],[-78.774288886782,34.1197131325917],[-78.77422981624662,34.1199771318442],[-78.7715600879172,34.1214864082353]]},"properties":{"segment_id":"1f5c43b3aff7b49c7ef66731","source_kmz":"waccamaw","orientation":"unverified"}},{"type":"Feature","geometry":{"type":"LineString","coordinates":[[-78.6390045260559,34.0591965795198],[-78.6369046495522,34.0566948520237]]},"properties":{"segment_id":"79cc248781985593d8c5f325","source_kmz":"waccamaw","orientation":"unverified"}},{"type":"Feature","geometry":{"type":"LineString","coordinates":[[-78.6659621644825,34.11103953795781],[-78.6643855461227,34.1091637343186],[-78.66341895279841,34.1090176619095],[-78.663156194833,34.1087050232157],[-78.6615452213111,34.1084615475007],[-78.6597060256786,34.1062730303785],[-78.659765474119,34.10600908513711],[-78.6576636680786,34.1035078799781],[-78.6579014786711,34.1024520988692],[-78.6560625274118,34.1002635076348],[-78.656121983615,34.099999562289],[-78.6558592853833,34.09968690356411],[-78.6559781978839,34.0991590125852],[-78.6557155030655,34.0988463532077],[-78.6559533258367,34.0977905699718],[-78.6556906357349,34.0974779100057],[-78.65586900053611,34.0966860714442],[-78.657013778293,34.0960403680436],[-78.6576580580305,34.096137787699],[-78.6584212300469,34.0957073080127],[-78.6584806747758,34.0954433599613],[-78.6600069876627,34.0945823837666],[-78.6606512590811,34.094679786972],[-78.66141440026,34.0942492868094],[-78.66173653527,34.0942979849721],[-78.6621181020432,34.0940827318745],[-78.6624402368043,34.0941314280928],[-78.6628218008161,34.0939161726355],[-78.6631189390123,34.0925964169872],[-78.6628562376623,34.0922837712284],[-78.6632722187796,34.0904361086185],[-78.6630095241019,34.0901234623653],[-78.6632472213422,34.0890676527064],[-78.6629845313811,34.0887550058632],[-78.6630439553359,34.0884910531869],[-78.6625185830452,34.0878657574132],[-78.6625780079008,34.087601804683],[-78.6612646173438,34.0860385528614],[-78.6613240450552,34.0857746001721],[-78.6594853914185,34.0835860177329],[-78.6591633021246,34.0835373126673],[-78.6589006472126,34.0832246544169],[-78.6596636858203,34.0827941596246],[-78.65972311648191,34.082530206687],[-78.659460462719,34.0822175493115],[-78.6600547536949,34.0795780137907],[-78.6579536516303,34.0770767314971],[-78.6583696678302,34.0752290514037],[-78.6562687371913,34.0727277249793],[-78.6563281716769,34.0724637704611],[-78.6560655654859,34.0721511014626],[-78.6561844345511,34.0716231921359],[-78.65592183177101,34.071310522483],[-78.6559812663507,34.0710465676745],[-78.6557186663301,34.0707338973358],[-78.65577810115832,34.07046994244101],[-78.6561595676731,34.0702547025432],[-78.6562190006416,34.069990747264],[-78.6556938079187,34.06936540612],[-78.65664470147841,34.0651421066466],[-78.6537564068317,34.0617026845709],[-78.653434411597,34.0616539622596],[-78.6531718534593,34.0613412824736],[-78.6525278671114,34.0612438336622],[-78.6514776672893,34.0599931013591],[-78.6498677375997,34.05974944866081],[-78.6490801317104,34.0588113806776],[-78.6481141918395,34.0586651715564],[-78.6473266180257,34.0577270903835],[-78.6392773693598,34.0565083108783],[-78.6385144755668,34.0569386856806],[-78.6369046495522,34.0566948520237]]},"properties":{"segment_id":"c9bb93cb7cbe151307495df6","source_kmz":"waccamaw","orientation":"unverified"}},{"type":"Feature","geometry":{"type":"LineString","coordinates":[[-78.8251211905319,34.0814939104845],[-78.8250623213102,34.0817579481298],[-78.8246812658405,34.0819737402944],[-78.8246223947646,34.0822377775583],[-78.8248857112501,34.0825500603643],[-78.8245913531665,34.0838702450833],[-78.824854675047,34.0841825273234],[-78.8244425615604,34.0860307812358],[-78.8240614834663,34.086246570213],[-78.824002607059,34.0865106057542],[-78.8236215253978,34.0867263931565],[-78.8235037684753,34.0872544633592],[-78.8223605020891,34.087901816117],[-78.8222427348381,34.088429884265],[-78.8218616389084,34.0886456653678],[-78.8208950061883,34.0885009015911],[-78.8205139061767,34.088716678246],[-78.8198694850466,34.0886201624794],[-78.8194883816098,34.0888359357322],[-78.818843960764,34.0887394142814],[-78.8184628539021,34.0889551841321],[-78.8181406434216,34.0889069210137],[-78.81775953379132,34.0891226885081],[-78.8174373230537,34.0890744234458],[-78.8170562106548,34.0892901885839],[-78.8167339996601,34.0892419215776],[-78.81597176721371,34.0896734458307]]},"properties":{"segment_id":"290e781d0ff499830a4c1b7d","source_kmz":"waccamaw","orientation":"unverified"}},{"type":"Feature","geometry":{"type":"LineString","coordinates":[[-78.6369046495522,34.0566948520237],[-78.636117230631,34.0557566923811],[-78.6364146756537,34.0544369422182],[-78.6375589938365,34.0537913967461],[-78.6376184772623,34.0535274455582],[-78.6387627721131,34.052881887465]]},"properties":{"segment_id":"12c917d2b6562ecbac05e5aa","source_kmz":"waccamaw","orientation":"unverified"}},{"type":"Feature","geometry":{"type":"LineString","coordinates":[[-78.4470516505892,34.0217628787689],[-78.4475748473421,34.0223892010193],[-78.44739453677852,34.0231807911307],[-78.4484409632382,34.0244334274313],[-78.4497278159906,34.0246305975775],[-78.4501096262922,34.0244160237446],[-78.4504313398533,34.0244653129936],[-78.4509545819034,34.0250916178431],[-78.4515980160782,34.0251901906684],[-78.4518596431725,34.0255033405294],[-78.45282480186,34.0256511908071],[-78.4530864354305,34.0259643377157],[-78.4543733252081,34.0261614558868],[-78.4546349667129,34.0264745990969],[-78.4543946348182,34.027530061539],[-78.4550380934734,34.0276286149577],[-78.4552997425741,34.0279417560866],[-78.460769231623,34.02877930269881],[-78.4615328299702,34.0283500832015],[-78.46231786912631,34.0292894595894],[-78.4636048371469,34.0294864744053],[-78.4639866330278,34.0292718561633],[-78.4649518613788,34.0294196047227],[-78.4653336532229,34.0292049820243],[-78.4659771395337,34.0293034744883],[-78.4663589279856,34.0290888483803],[-78.4673241585668,34.029236577213],[-78.4677059429816,34.0290219466488],[-78.46931466552371,34.0292681382077],[-78.4695763774853,34.0295812464475],[-78.4708633686677,34.0297781805744],[-78.4726954520999,34.0319698973454],[-78.47251537452321,34.032761516945],[-78.4727771110745,34.0330746165756],[-78.4730988747042,34.0331238423476],[-78.4733606148166,34.0334369405171],[-78.4737424031829,34.0332222912023],[-78.4756729983737,34.03351761625071],[-78.4759347501499,34.0338307084505],[-78.4765782880475,34.0339291414689],[-78.47684004484272,34.0342422314614],[-78.4774835872818,34.0343406594013],[-78.4777453490961,34.0346537471864],[-78.4780671223832,34.0347029590654],[-78.4783288877587,34.0350160453894],[-78.479294214432,34.0351636734084],[-78.4798177602407,34.0357898394341],[-78.483357354739,34.0363310567195],[-78.4837391297473,34.0361163752539],[-78.4843826963743,34.0362147646482],[-78.48514623749891,34.0357853935826],[-78.4864333704639,34.0359821532386],[-78.4868151352892,34.0357674615452],[-78.4871369189004,34.0358166481711],[-78.4875186809768,34.0356019541153],[-78.4878404643487,34.0356511387979],[-78.4882222236761,34.0354364423795],[-78.4888657903472,34.0355348069617],[-78.490392801458,34.0346759997574],[-78.4907145828204,34.0347251765168],[-78.491096329694,34.0345104703799],[-78.4933488060813,34.0348546752654],[-78.4944940205222,34.0342105269801],[-78.4980336451597,34.0347512970717]]},"properties":{"segment_id":"6e713e0428dea7795e375f67","source_kmz":"waccamaw","orientation":"unverified"}},{"type":"Feature","geometry":{"type":"LineString","coordinates":[[-78.7487870858994,34.0640328071873],[-78.7487279711594,34.0642968117623],[-78.7489909226699,34.0646092738143],[-78.7488726932961,34.0651372826732],[-78.7484915081929,34.0653528288873],[-78.7481694387783,34.0653043699505],[-78.7477882509116,34.0655199138072],[-78.7474661812438,34.0654714529269],[-78.746703797874,34.0659025346139],[-78.7465855510349,34.0664305402848],[-78.7458231534055,34.0668616156629],[-78.7457048991413,34.0673896198011],[-78.746493754943,34.0683270207389],[-78.746316376427,34.0691190263427],[-78.7471052571014,34.0700564210901],[-78.747427345502,34.0701048826948],[-78.7476903114018,34.0704173454238],[-78.7475720643961,34.0709453491159],[-78.74719084727121,34.0711608894859],[-78.7471317217115,34.0714248908902],[-78.7468096280365,34.0713764285444],[-78.7467505010212,34.0716404296831],[-78.7463692782211,34.0718559671644],[-78.7447588073136,34.0716136359983],[-78.7443775791335,34.0718291669382],[-78.7439636215018,34.0736771627156],[-78.7442265855668,34.0739896319038],[-78.7434577634952,34.0774216092122],[-78.7411701705944,34.0787147401169],[-78.7411110188927,34.0789787359569],[-78.741373989413,34.0792912095436],[-78.7413148379644,34.0795552052975],[-78.7416369620434,34.0796036824119],[-78.7415778112488,34.0798676781969],[-78.7411965338641,34.0800831964534],[-78.74107822815981,34.08061118714051],[-78.7403156612356,34.0810422186563],[-78.7402565048697,34.0813062132928],[-78.7398752167862,34.0815217268176],[-78.739756899939,34.082049715208],[-78.739375606833,34.08226522689],[-78.7392572854691,34.0827932142805],[-78.7388759873406,34.0830087241196],[-78.7385538508966,34.0829602395415],[-78.7381725500037,34.0831757470228],[-78.737528277011,34.0830787730808],[-78.7371469726999,34.0832942771579],[-78.7361805642574,34.0831488063729],[-78.73579925587421,34.0833643059998]]},"properties":{"segment_id":"d260345b0107da4f260c8ee8","source_kmz":"waccamaw","orientation":"unverified"}},{"type":"Feature","geometry":{"type":"LineString","coordinates":[[-78.44454942578702,34.0093639874173],[-78.4464793194763,34.009659807733],[-78.4472428092214,34.0092306720304],[-78.4475644583057,34.0092799701867],[-78.4478260158045,34.00959313545981],[-78.4481476667531,34.0096424319742],[-78.4484092278107,34.0099555957866],[-78.4487308806235,34.0100048906589],[-78.4489924452399,34.0103180530107],[-78.4488722668134,34.0108457894038],[-78.449515580777,34.0109443755698],[-78.450823456395,34.0125101694572],[-78.4511451212744,34.0125594574667],[-78.45140670416,34.0128726133537],[-78.45237170561111,34.0130204697672],[-78.4527534517722,34.0128058840707],[-78.4537184549514,34.0129537292785],[-78.4541001970785,34.0127391391261],[-78.455386871101,34.0129362493365],[-78.4557686085499,34.0127216536817],[-78.456733616404,34.0128694737895],[-78.4569952227786,34.0131826169344],[-78.4586035846215,34.0134289621264],[-78.458865200385,34.0137421008267],[-78.4595085508832,34.013840631138],[-78.4597701716633,34.0141537676314],[-78.4633086445028,34.0146956120551],[-78.4636903687587,34.01448099077601],[-78.4681939417564,34.0151704394528],[-78.4689573659156,34.0147411636439],[-78.4696007374108,34.0148396377854],[-78.4698624020813,34.0151527510902],[-78.4708274667437,34.01530045334211],[-78.4710891378883,34.0156135636936],[-78.4720542105798,34.0157612556405],[-78.4725775679193,34.0163874697214],[-78.4732209575745,34.0164859235533],[-78.4734826423122,34.0167990280289],[-78.4738043392066,34.01684825285421],[-78.4740660275038,34.0171613558685],[-78.4814652017136,34.0182932623009],[-78.4817269256319,34.0186063474378],[-78.4820486351899,34.0186555492585],[-78.483619031595,34.0205340405823],[-78.4839407503031,34.0205832370291],[-78.4849877291198,34.0218355472884],[-78.4862746313309,34.0220323121714],[-78.4867981450142,34.0226584570393],[-78.4871198744969,34.0227076445263],[-78.4879051651643,34.02364685422491],[-78.4882268994253,34.0236960385766],[-78.4895357665473,34.0252613700375],[-78.48947580327462,34.0255252543102],[-78.4902611507187,34.0264644446971],[-78.4902011889763,34.0267283289442],[-78.4912483509253,34.0279805729047],[-78.49189185985081,34.0280789216067],[-78.4921536585108,34.0283919793161],[-78.4927971719754,34.0284903229393],[-78.4980336451597,34.0347512970717]]},"properties":{"segment_id":"5a67699d50db9a260fd9a5d8","source_kmz":"waccamaw","orientation":"unverified"}},{"type":"Feature","geometry":{"type":"LineString","coordinates":[[-78.6026943755161,34.035674464731],[-78.6021698436454,34.0350488542624],[-78.6018479908376,34.034999987038],[-78.6019075808681,34.0347360479528],[-78.6022890211974,34.034520975675],[-78.602348609368,34.0342570362036],[-78.6015618331931,34.0333186154006],[-78.6016810122174,34.0327907362867],[-78.6020624436511,34.0325756642271],[-78.6021220311016,34.0323117242246],[-78.6015975264573,34.0316861085123],[-78.6017167027436,34.0311582282744],[-78.6014544548771,34.0308454194042],[-78.6023482353016,34.0268863029628]]},"properties":{"segment_id":"88c6977fbcb3471e7630ac28","source_kmz":"waccamaw","orientation":"unverified"}},{"type":"Feature","geometry":{"type":"LineString","coordinates":[[-78.8584656382013,34.0692931522972],[-78.8581434842952,34.0692449991404],[-78.8578800794701,34.0689327866783],[-78.8575579274164,34.0688846318728],[-78.8570311270087,34.0682602032858],[-78.8563868299124,34.0681638879779],[-78.8561234357838,34.0678516711023],[-78.8554791431889,34.0677553507009],[-78.8552157540798,34.0674431316035],[-78.85457146598631,34.0673468061087],[-78.8543080818965,34.0670345847895],[-78.8539859399014,34.0669864199445],[-78.853722559377,34.0666741971541],[-78.8534004192342,34.0666260306604],[-78.8531370422751,34.066313806399],[-78.8528149039847,34.0662656382566],[-78.8525515305909,34.0659534125241],[-78.8519072581134,34.0658570720442],[-78.8516438897388,34.0655448440899],[-78.8509996217629,34.0654484985168],[-78.8507362584075,34.0651362683409],[-78.8500919949333,34.0650399176746],[-78.849565280372,34.0644154521592],[-78.849624053434,34.0641513963548],[-78.8493606999771,34.0638391625467],[-78.8494194732978,34.0635751066553],[-78.8486294275647,34.0626384009988],[-78.8479851873541,34.062542038323],[-78.84772184590632,34.0622298001621],[-78.84514491263401,34.0618443075368],[-78.8447640102092,34.0620601710676],[-78.8434755505096,34.0618673990235],[-78.8435343422903,34.0616033454634],[-78.8427725287608,34.0620350607619],[-78.8411619618123,34.0617940657873],[-78.8407810485971,34.062009916245],[-78.8388483774721,34.0617206863724],[-78.8385850754222,34.0614084271368],[-78.8382629664173,34.06136021826491],[-78.8379996679322,34.0610479575585],[-78.8357449262392,34.0607104650611],[-78.8349830782779,34.0611421296542],[-78.8346609726033,34.061093910758],[-78.8342800448001,34.0613097400441],[-78.83363583333391,34.0612132974674],[-78.8332549021068,34.0614291233526],[-78.8252023769686,34.0602232619786],[-78.824939134678,34.0599109711665],[-78.8239728527773,34.0597662278407],[-78.82265669479261,34.058204751724],[-78.8223346088944,34.0581564984017],[-78.8220713850826,34.0578442002679],[-78.8211051341443,34.0576994326633],[-78.82084191680521,34.0573871315586],[-78.8169769664137,34.056807971335],[-78.8165960105831,34.0570237436697],[-78.8156297799963,34.0568789302773],[-78.8133439888923,34.05817351795],[-78.8131084204374,34.0592296747337],[-78.8123464615539,34.0596611913542],[-78.8122875655335,34.0599252297266],[-78.8119065814721,34.0601409858062],[-78.811788785325,34.0606690616689],[-78.81102680505391,34.0611005688365],[-78.8109679034727,34.0613646060618],[-78.8102059118517,34.0617961074575],[-78.8101470069624,34.0620601440354],[-78.8082419837069,34.0631388732655],[-78.807919886341,34.0630905801922],[-78.8075388747032,34.0633063210611],[-78.8072167770808,34.0632580260444],[-78.7984529118641,34.0682196802555],[-78.7982171111311,34.0692757934678],[-78.7978360423686,34.0694915007757],[-78.7977770897314,34.0697555285206],[-78.7970149429649,34.0701869386742],[-78.7969559870182,34.0704509657717],[-78.7965749090143,34.0706666686173],[-78.796515951213,34.0709306953326],[-78.7957537859634,34.07136209656151],[-78.7956948248524,34.0716261226294],[-78.78731971310751,34.0703693179174],[-78.7850330557292,34.0716633254203],[-78.7843888196962,34.0715666104462],[-78.7801964027637,34.0739388119536],[-78.7798742781401,34.073890441616],[-78.7787308454194,34.0745373749949],[-78.77744234306462,34.0743438721165],[-78.775917726076,34.0752064148666],[-78.7755955988675,34.075158032719],[-78.7755365665527,34.0754220472764],[-78.774011907355,34.0762845638044],[-78.773834790544,34.0770766035906],[-78.77345361610182,34.0772922286491],[-78.7733945749088,34.0775562414116],[-78.7730133969006,34.0777718648937],[-78.77295435385182,34.07803587727371],[-78.7721919885927,34.078467119774],[-78.7713653031193,34.0821632733682],[-78.7660282245926,34.0851817720323],[-78.7657060622688,34.0851333630138],[-78.7653248258882,34.0853489591808],[-78.7650026633101,34.0853005482182],[-78.7638589395385,34.0859473257131],[-78.7622481228335,34.0857052417408],[-78.7618668740806,34.085920826386],[-78.7609003869004,34.0857755620895],[-78.7578503051743,34.0875001669351],[-78.7575281383444,34.0874517353382],[-78.7572650754544,34.0871393015733],[-78.7538335733572,34.0890793652573],[-78.75222272304221,34.0888371429787],[-78.7503162427457,34.0899148840795],[-78.75013885393321,34.0907068741714],[-78.74981667863392,34.090658421346],[-78.7486727500557,34.0913050447412],[-78.7483505731939,34.09125658787921],[-78.7480875342735,34.09094413478],[-78.747765359269,34.0908956762705],[-78.7469762595418,34.0899583104148],[-78.7470945394571,34.0894303198697],[-78.7467723713335,34.0893818585103],[-78.746391061743,34.0895973912874],[-78.7460688933659,34.0895489279839],[-78.74580586936861,34.0892364690448],[-78.7454837028489,34.0891880040939],[-78.7452206824185,34.088875543687],[-78.7448985177562,34.0888270770887],[-78.7446355008929,34.088514615214],[-78.744313338088,34.0884661469683],[-78.7435243045307,34.0875287547865],[-78.7432021464958,34.0874802833944],[-78.7429391409876,34.0871678171478],[-78.74229482903351,34.087070870171],[-78.7420318285484,34.0867584017072],[-78.7404210629634,34.0865160148054],[-78.7396320960157,34.0855785938627],[-78.7393099484709,34.0855301115404],[-78.7377320802932,34.0836552457667],[-78.73579925587421,34.0833643059998]]},"properties":{"segment_id":"3485d48fcb6cb8e1c415717f","source_kmz":"waccamaw","orientation":"unverified"}},{"type":"Feature","geometry":{"type":"LineString","coordinates":[[-78.6535813895744,34.0166381548569],[-78.6520069785299,34.0147619609714],[-78.6522445950006,34.0137060738961],[-78.6519822031286,34.0133933725219],[-78.6520416068907,34.0131294004863],[-78.6509920630537,34.0118785879283],[-78.6445563853022,34.010903756547],[-78.6437939669454,34.0113341908468],[-78.6434721859831,34.01128543777],[-78.6430909729977,34.0115006519047],[-78.642769191788,34.0114518968855],[-78.6423879760479,34.0116671086614],[-78.6420661945908,34.0116183516999],[-78.641279168854,34.0106801737882],[-78.640957392164,34.0106314136858],[-78.6410168311512,34.0103674463816],[-78.640754495553,34.010054718257],[-78.6409922500758,34.0089988479718],[-78.6407299191815,34.0086861192491]]},"properties":{"segment_id":"da5d12825434cb7ba4eecbd9","source_kmz":"waccamaw","orientation":"unverified"}},{"type":"Feature","geometry":{"type":"LineString","coordinates":[[-78.7179146770413,34.0413706305653],[-78.7208122564546,34.0418074982404],[-78.7211934029292,34.0415920366709],[-78.7218373125718,34.0416891064145],[-78.722218455633,34.0414736414419],[-78.7267258589043,34.04215301450491],[-78.7269886474581,34.0424655351446],[-78.7282764972182,34.0426596064326],[-78.7286576272208,34.0424441205475],[-78.7289795900101,34.0424926350805],[-78.7297418423856,34.0420616572836],[-78.7298601663764,34.0415336526412],[-78.7329090682877,34.0398096847245],[-78.7335529777912,34.0399066895938],[-78.7339340797386,34.0396911856103],[-78.7342560344384,34.0397396856534],[-78.7346371336249,34.0395241793127],[-78.7352810429202,34.0396211746157],[-78.7356621386925,34.0394056648721],[-78.7359840932881,34.0394541601321],[-78.7382706197379,34.0381610678529],[-78.7383297500792,34.037897059941],[-78.738710828989,34.0376815397043],[-78.7388290855608,34.0371535229941],[-78.7392101594537,34.0369380009135],[-78.7395057866001,34.0356179557422],[-78.739886851113,34.0354024310193],[-78.7400050962586,34.0348744115923],[-78.740386155755,34.0346588850254],[-78.7404452762726,34.0343948748687],[-78.7408263322069,34.0341793467241],[-78.7411219215147,34.0328592928387],[-78.7415029680698,34.0326437620518],[-78.7416211980806,34.0321157391388],[-78.7420022396196,34.0319002065079],[-78.7428888918258,34.0279400156084],[-78.7423632872701,34.0273150342779],[-78.74242239552,34.0270510206659],[-78.74215959705631,34.0267385289515],[-78.742218705559,34.0264745152512],[-78.7416931162598,34.025849529724],[-78.7417522256683,34.0255855159652],[-78.7414894348327,34.0252730221524],[-78.741548544494,34.0250090083052],[-78.7412857564186,34.0246965138029],[-78.7413448663326,34.0244324998673],[-78.7408192978095,34.0238075087641],[-78.7408784086293,34.0235434947698],[-78.7406156281814,34.0232309981689],[-78.7407338499259,34.0227029698853],[-78.74020829796362,34.0220779746444],[-78.7403265207186,34.0215499460068],[-78.740063749204,34.0212374473667],[-78.74018197166332,34.0207094183154],[-78.739656437567,34.020084418996],[-78.7398928829048,34.0190283597113],[-78.73936736245972,34.0184033577518],[-78.73972202628991,34.0168192656308]]},"properties":{"segment_id":"4f9f9670faa68e8060af4673","source_kmz":"waccamaw","orientation":"unverified"}},{"type":"Feature","geometry":{"type":"LineString","coordinates":[[-78.7115318138862,34.0297637984937],[-78.719915818281,34.0250239404082],[-78.7200341829707,34.0244959344541],[-78.7195087849095,34.0238708467531],[-78.7196863328519,34.0230788371141],[-78.7200673908573,34.022863374157],[-78.7201265712487,34.0225993704409],[-78.7208886780312,34.022168440058],[-78.72121055223352,34.0222169774145],[-78.7215064283693,34.0208969536523],[-78.7218874706772,34.020681484115],[-78.7219466432477,34.0204174787409],[-78.72232768199501,34.0202020076253],[-78.7223868527106,34.0199380018663],[-78.7231489209773,34.0195070551664],[-78.723208088384,34.019243048756],[-78.7235891179035,34.0190275731717],[-78.7238257777062,34.0179715452801],[-78.72420679930322,34.0177560673178],[-78.72426596179801,34.0174920597824],[-78.7246469798345,34.0172765802417],[-78.7248244605526,34.0164845561253],[-78.72672949733001,34.0154071347468],[-78.7268478012663,34.0148791154114],[-78.7287527708459,34.0138016585733],[-78.7290746153977,34.0138501745966],[-78.7294556023421,34.0136346782486],[-78.7297183057032,34.013947203952],[-78.7316493862333,34.0142382704877],[-78.7319121004233,34.0145507909775],[-78.7325558000452,34.0146478044812],[-78.73281851924911,34.0149603227535],[-78.7334622233807,34.0150573311705],[-78.73372494759862,34.0153698472253],[-78.7343686562397,34.0154668505557],[-78.7346313854716,34.0157793643929],[-78.7368843885069,34.0161188425461],[-78.7371471300216,34.0164313504201],[-78.7381127131191,34.0165768253528],[-78.7383754611017,34.01688933026001],[-78.7393410521642,34.0170347948709],[-78.73972202628991,34.0168192656308]]},"properties":{"segment_id":"ea680e01e97d99ea12157d96","source_kmz":"waccamaw","orientation":"unverified"}},{"type":"Feature","geometry":{"type":"LineString","coordinates":[[-78.7590021744539,34.021359377258],[-78.7635733260633,34.0187721782144],[-78.7638952127875,34.018820597195],[-78.7642761277377,34.0186049877068],[-78.764335155164,34.018340960017],[-78.76380944339732,34.0177160684012],[-78.7634875612873,34.0176676491147],[-78.7635465906747,34.0174036215135],[-78.7643084065485,34.0169724027453],[-78.7648986493632,34.0143321149048]]},"properties":{"segment_id":"22a2a7ab8dd8addb82eead01","source_kmz":"waccamaw","orientation":"unverified"}},{"type":"Feature","geometry":{"type":"LineString","coordinates":[[-78.8154504103449,34.0352953095411],[-78.8150695554489,34.0355110826982],[-78.8150106869061,34.0357751304729],[-78.813868105204,34.0364224412862],[-78.8135461147751,34.036374162223],[-78.8131652493342,34.03658992882831],[-78.8129886207077,34.0373820678194],[-78.8126077487974,34.03759783231831],[-78.8125488703371,34.0378618781478],[-78.8121679948643,34.0380776410711],[-78.8120502338397,34.0386057318462],[-78.8097649192695,34.039900278683],[-78.8087989136968,34.0397554052341],[-78.8057516937627,34.0414813692128],[-78.803175654519,34.04109493362951],[-78.80127104730092,34.0421735767152],[-78.8007448786118,34.0415488715361],[-78.7965588645487,34.0409207037542],[-78.795506628077,34.0396712457602],[-78.7945406518622,34.0395262534241],[-78.7934884665778,34.0382767749119],[-78.7928444960621,34.0381801028679],[-78.7925814579205,34.0378677299402],[-78.7922594747156,34.0378193918221],[-78.7917334076661,34.0371946423071],[-78.7914114277682,34.0371463017919],[-78.7900963043143,34.0355844116559],[-78.7875205376626,34.0351976252312],[-78.78675867209051,34.0356289866881],[-78.78611473180392,34.0355322769262],[-78.7855887294535,34.0349074977182],[-78.7857066641933,34.0343794313904],[-78.7837748830186,34.0340892733411],[-78.781671038205,34.031590092203],[-78.7812901079187,34.0318057553397],[-78.780646206008,34.0317090147247],[-78.7795943490249,34.0304593977627],[-78.7797123176484,34.0299313345733],[-78.7789234509724,34.0289941144713],[-78.7789824366477,34.0287300827887],[-78.7768788901631,34.0262307977446],[-78.77705586049441,34.0254387027012],[-78.7767929286319,34.02512628892],[-78.7768519185973,34.0248622570324],[-78.7760631376189,34.0239250114578],[-78.7741316514565,34.023634688824],[-78.7738687374001,34.0233222676952],[-78.7722591838573,34.0230803037426],[-78.7648986493632,34.0143321149048]]},"properties":{"segment_id":"da5fa46caf47449aebee0916","source_kmz":"waccamaw","orientation":"unverified"}},{"type":"Feature","geometry":{"type":"LineString","coordinates":[[-78.7648986493632,34.0143321149048],[-78.7646358036851,34.01401966915]]},"properties":{"segment_id":"0f9ef49020862a48ad442147","source_kmz":"waccamaw","orientation":"unverified"}},{"type":"Feature","geometry":{"type":"LineString","coordinates":[[-78.7801817433656,34.0114448482278],[-78.77942006932,34.0118761743847],[-78.7792431537991,34.0126682866282],[-78.77886230925661,34.0128839469423],[-78.7786264104906,34.01394009387991],[-78.7778647034596,34.0143714084474],[-78.7777467458672,34.0148994801425],[-78.77698502459491,34.0153307884023],[-78.7760193844687,34.0151856372299],[-78.7756385187096,34.0154012862586],[-78.7730634907229,34.0150141686266],[-78.7725377314269,34.0143893139877],[-78.7712502386501,34.0141957276418],[-78.77048848831271,34.01462699357101],[-78.7701666148099,34.0145785926514],[-78.7697857358267,34.01479422260451],[-78.7646358036851,34.01401966915]]},"properties":{"segment_id":"15ad2a9d85718f8ae9f37f43","source_kmz":"waccamaw","orientation":"unverified"}},{"type":"Feature","geometry":{"type":"LineString","coordinates":[[-78.7812333532045,34.0126944899005],[-78.7804446426647,34.0117572597264],[-78.78012277483082,34.0117088862926],[-78.7801817433656,34.0114448482278]]},"properties":{"segment_id":"043a68b1356fcf33a07efc6b","source_kmz":"waccamaw","orientation":"unverified"}},{"type":"Feature","geometry":{"type":"LineString","coordinates":[[-78.7646358036851,34.01401966915],[-78.7591165311175,34.0074581419841],[-78.7562200139214,34.0070222131025],[-78.7559572276694,34.0067097447643],[-78.755635395878,34.006661302987],[-78.7553726131855,34.0063488331797],[-78.7524761581395,34.0059128100712],[-78.7522133906315,34.0056003328006],[-78.7473860593539,34.0048734549056],[-78.7468605742514,34.0042484757286],[-78.7462169426949,34.004151540429],[-78.7459542062091,34.0038390482624]]},"properties":{"segment_id":"cbf4d7841d48fff62df9c123","source_kmz":"waccamaw","orientation":"unverified"}},{"type":"Feature","geometry":{"type":"LineString","coordinates":[[-78.73972202628991,34.0168192656308],[-78.7423887861827,34.015310524227],[-78.7424478852439,34.0150465065946],[-78.74282884106272,34.0148309665959],[-78.74288793827,34.0145669485787],[-78.7432688905285,34.0143514070021],[-78.74344617538792,34.0135593514409],[-78.7438271211791,34.0133438077536],[-78.7439453061769,34.012815769588],[-78.7443262469544,34.0126002240564],[-78.74497621983681,34.0096960027461],[-78.744713469639,34.0093835099625],[-78.7447725563345,34.009119489162],[-78.744509808896,34.0088069956882],[-78.7448643245831,34.0072228685732],[-78.7446015831686,34.0069103745561],[-78.7447197531687,34.006382331295],[-78.74445701516632,34.0060698366169],[-78.7445751848715,34.0055417929403],[-78.7443124502811,34.0052292976011],[-78.7445487875012,34.0041732089427],[-78.7442860576284,34.003860713001],[-78.7443451415859,34.0035966905693]]},"properties":{"segment_id":"4d1a6752a8bc1073ed32bc9d","source_kmz":"waccamaw","orientation":"unverified"}},{"type":"Feature","geometry":{"type":"LineString","coordinates":[[-78.7884688969818,34.0085965707024],[-78.7846608108662,34.0107534292666],[-78.7836952131485,34.0106083412316],[-78.7831693983543,34.0099835313584],[-78.7822038129481,34.0098384307507],[-78.7810613390425,34.0104854392787],[-78.7807394760768,34.0104370674805],[-78.7803586465735,34.01065273332321],[-78.7801817433656,34.0114448482278]]},"properties":{"segment_id":"2cb35d568c3bddf7982d5ba2","source_kmz":"waccamaw","orientation":"unverified"}},{"type":"Feature","geometry":{"type":"LineString","coordinates":[[-78.51567424369931,34.0024957793234],[-78.5164372822419,34.00206618379],[-78.516758945435,34.0021152902551],[-78.5186665017754,34.0010412731759],[-78.5202748076705,34.001286765905],[-78.520536630322,34.001599770091],[-78.5211799584281,34.0016979594152],[-78.521441786094,34.0020109613917],[-78.5227284529915,34.0022073262977],[-78.5229902885843,34.0025203245715],[-78.5262069987416,34.0030111666265],[-78.5269699842892,34.0025815019929],[-78.52708962132552,34.00205367922741],[-78.527411291174,34.0021027561115],[-78.527792777236,34.0018879202382],[-78.5281144468432,34.00193699518],[-78.5286381615575,34.0025629668753],[-78.5294011293214,34.0021332859835],[-78.5296629914516,34.00244626920261],[-78.53094968623232,34.0026425426775],[-78.5314734284485,34.0032685009929],[-78.5321167840923,34.0033666293653],[-78.5326405405424,34.0039925818283],[-78.5329622218837,34.0040416431764],[-78.5353192430894,34.0068583870799],[-78.5356409379406,34.0069074408107],[-78.535902841155,34.007220408027],[-78.5368679325059,34.0073675616006],[-78.5372494182687,34.00715269601861],[-78.5395013077283,34.0074960156594],[-78.5398827868619,34.0072811414402],[-78.5421346916263,34.0076244098333],[-78.5426585571095,34.0082503136153],[-78.542980262321,34.0082993468777],[-78.5437660806858,34.00923819493681],[-78.5440877906704,34.009287225062],[-78.5444692659272,34.0090723362271],[-78.5445290303902,34.0088084180443],[-78.5460549045637,34.0079488484825],[-78.54927198380341,34.0084390466314],[-78.54953394688,34.0087519824182],[-78.55114250895,34.0089970441398],[-78.5515239633406,34.00878213199511],[-78.551845676321,34.008831140604],[-78.5533714702649,34.0079714746948],[-78.5536931810615,34.0080204782232],[-78.5540746236427,34.0078055574134],[-78.5569700331852,34.0082465394131],[-78.5572320265137,34.00855945786701],[-78.5575537421628,34.0086084506374],[-78.5578157390503,34.0089213676276],[-78.5581374565597,34.0089703587545],[-78.5583994570063,34.0092832742809],[-78.55904289615,34.009381252351],[-78.5593049016116,34.0096941656667],[-78.5602700677272,34.0098411238066],[-78.5605320796599,34.0101540341644],[-78.5618189792978,34.0103499628113],[-78.5633446929832,34.0094901672008],[-78.5634043938674,34.009226239425],[-78.5691254986339,34.0060018145561],[-78.56944721120041,34.00605077445451],[-78.5705913734238,34.0054058508556],[-78.5712347958834,34.0055037616878],[-78.5723789352924,34.0048588199851],[-78.5733440661831,34.00500567009671],[-78.5737254398368,34.0047906837631],[-78.5739874887967,34.0051035656886],[-78.574368861155,34.0048885772633],[-78.575012284089,34.0049864671773],[-78.5753936530487,34.0047714753462],[-78.5779673557586,34.0051629907747],[-78.5783487174328,34.0049479892627],[-78.5793138606694,34.0050947896181],[-78.5823646627964,34.003374705114],[-78.5826863728332,34.0034236284065],[-78.5830677129863,34.0032086108842],[-78.5837111329751,34.0033064526879],[-78.584092469729,34.00309143176],[-78.5847358900368,34.003189267886],[-78.5851172233915,34.0029742435525],[-78.5864040662591,34.0031699008631],[-78.5886920066649,34.0018797021697],[-78.5890137145026,34.0019286079816],[-78.5893950298938,34.0017135692213],[-78.5922904127598,34.0021536717727],[-78.59267172021441,34.0019386222871],[-78.5952454161256,34.0023297552238],[-78.60858967039,33.9948019027316],[-78.60923305301172,33.9948996038085],[-78.6096142782621,33.9946844965706],[-78.6109010457476,33.9948798837839],[-78.6112822663002,33.9946647710504],[-78.6132124257268,33.9949578187011],[-78.6185492381241,33.9919460146875],[-78.6188709236895,33.9919948381884],[-78.6189304232348,33.991730875978],[-78.6231123585659,33.9923654979693],[-78.6242558759705,33.9917200331897],[-78.624577564176,33.991768840854],[-78.62469652388542,33.9912409102997],[-78.62622117008031,33.9903802658805],[-78.6279457361975,33.9827251881552]]},"properties":{"segment_id":"441a5ce055612c4491473a31","source_kmz":"waccamaw","orientation":"unverified"}},{"type":"Feature","geometry":{"type":"LineString","coordinates":[[-78.7615900850567,33.9993700484858],[-78.7593050830135,34.0006636643013],[-78.7591870204599,34.001191726267],[-78.7588061765088,34.001407323781],[-78.7585110058635,34.002727475288],[-78.7569875799386,34.0035898469047],[-78.7569285387982,34.0038538757849],[-78.7492049546254,34.0026910860923],[-78.74691964978462,34.0039844521137],[-78.7459542062091,34.0038390482624]]},"properties":{"segment_id":"fca24d73d33f378ca9b8d4cb","source_kmz":"waccamaw","orientation":"unverified"}},{"type":"Feature","geometry":{"type":"LineString","coordinates":[[-78.6564860646404,33.9963323814868],[-78.6549119936969,33.9944561787525],[-78.6542685575743,33.9943587313796],[-78.6532192306588,33.9931079092015],[-78.6536349110631,33.9912600504407],[-78.6533725891433,33.9909473433064],[-78.6534319710999,33.9906833630366],[-78.6531696519339,33.9903706552131],[-78.6535853189225,33.9885227901949],[-78.6517491755054,33.9863338167524],[-78.6518085594443,33.9860698357648],[-78.6507593835119,33.9848189781052],[-78.6508187696477,33.9845549971157],[-78.650556481573,33.9842422809336],[-78.6513185977497,33.9838117873119],[-78.6513779812257,33.983547805697],[-78.651115694296,33.9832350903801],[-78.6507940246943,33.9831863559009],[-78.6481712856157,33.9800591557248]]},"properties":{"segment_id":"0b1a4ef20c6ce1cb2bcd012f","source_kmz":"waccamaw","orientation":"unverified"}},{"type":"Feature","geometry":{"type":"LineString","coordinates":[[-78.6647635762724,33.9787506069625],[-78.6645012518089,33.9784379200545],[-78.6641795936312,33.9783892224601],[-78.6636549539207,33.9777638449908],[-78.6614033782703,33.9774229262533],[-78.6610223802805,33.9776382086579],[-78.6600574233635,33.9774920840446],[-78.6596764213209,33.9777073620015],[-78.6594141207609,33.9773946631531],[-78.6590331174186,33.97760993902],[-78.6589737643732,33.9778739265581],[-78.6586521119731,33.9778252135741],[-78.6578900947726,33.9782557587439],[-78.65762779953002,33.9779430560678],[-78.6573061476855,33.9778943393492],[-78.6569251360843,33.9781096081427],[-78.656662845202,33.9777969032225],[-78.6559008172972,33.9782274353165],[-78.6558414531802,33.978491421041],[-78.6531742790886,33.9799982401407],[-78.6528526215505,33.9799495111787],[-78.6520905515817,33.9803800170154],[-78.6517688931463,33.9803312850668],[-78.6517095134425,33.9805952679644],[-78.6481712856157,33.9800591557248]]},"properties":{"segment_id":"867adc45eaaa5f20ace7e2bc","source_kmz":"waccamaw","orientation":"unverified"}},{"type":"Feature","geometry":{"type":"LineString","coordinates":[[-78.6075144954911,33.9700684462897],[-78.6081576727605,33.9701661564198],[-78.6085387800968,33.9699510459411],[-78.6095035470775,33.9700976012785],[-78.6129334010166,33.9681615196414],[-78.6134094014083,33.96604977884],[-78.613790474152,33.9658346499428]]},"properties":{"segment_id":"5f53662096968976bf96ccc2","source_kmz":"waccamaw","orientation":"unverified"}},{"type":"Feature","geometry":{"type":"LineString","coordinates":[[-78.598319608349,33.9798645561759],[-78.6019886938061,33.9842441975762],[-78.6029536252894,33.9843908048197],[-78.6040020285637,33.9856420961215],[-78.6043236790153,33.9856909604199],[-78.60508606446561,33.9852607719091],[-78.6052051461914,33.9847328570132],[-78.6113038804716,33.9812911511743],[-78.6116255175531,33.9813399954624],[-78.6119230932186,33.98002018392471],[-78.6123042383198,33.9798050637573],[-78.6130183613797,33.9766375006637],[-78.6124941437341,33.9760118900834],[-78.6132563895103,33.975581642476],[-78.6134349063792,33.9747897475804],[-78.612910697811,33.9741641374105],[-78.61416024163591,33.9686208442428],[-78.6133739853938,33.96768242544201],[-78.613790474152,33.9658346499428]]},"properties":{"segment_id":"e32c83eda616e54742495231","source_kmz":"waccamaw","orientation":"unverified"}},{"type":"Feature","geometry":{"type":"LineString","coordinates":[[-78.6908630381264,34.0195470971851],[-78.6981039654973,34.015454859588],[-78.6982224633923,34.0149268695396],[-78.698603540865,34.0147114749569],[-78.6988405260227,34.01365549237],[-78.6985779474463,34.0133428965493],[-78.6991111464421,34.0109669290605],[-78.6988485758361,34.0106543327886],[-78.6989078188143,34.01039033583771],[-78.6986452509655,34.0100777388764],[-78.699000704319,34.0084937548581],[-78.6993817481966,34.00827835596],[-78.6998556519023,34.0061663684888],[-78.7002366820431,34.0059509661428],[-78.7004736184524,34.0048949684909],[-78.70123566078702,34.0044641577268],[-78.7018792389283,34.0045613429131],[-78.7020569219845,34.0037693409363],[-78.7031999527029,34.0031231062751],[-78.7032591752249,34.0028591045778],[-78.70440218263431,34.0022128573065],[-78.70472396418621,34.0022614416904],[-78.704901613105,34.0014694330386],[-78.7052826063516,34.0012540128112],[-78.7053418204022,34.0009900094228],[-78.70572281009,34.0007745876164],[-78.7060188670604,33.9994545675579],[-78.7063998473751,33.9992391431045],[-78.7067216178995,33.9992877221223],[-78.7068400328688,33.998759712437],[-78.7091258491968,33.9974671286895],[-78.7100911451299,33.9976128406615],[-78.7112340190093,33.9969665216702],[-78.7113523998976,33.9964385058152],[-78.7121142994781,33.9960076188599],[-78.7122326729498,33.9954796014617],[-78.7129945582967,33.9950487081907],[-78.7131721067788,33.9942566796003],[-78.7135530419349,33.994041230196],[-78.7137897618209,33.9929851893435],[-78.7141706890592,33.99276973755931],[-78.71434822040662,33.9919777048708],[-78.7147291411804,33.9917622509737],[-78.7149066645622,33.9909702164141],[-78.7152875788718,33.9907547604042],[-78.7153467510779,33.9904907483795],[-78.7164894770182,33.9898443716775],[-78.7165486444645,33.9895803587329],[-78.7176913471022,33.98893396942291],[-78.7177505097889,33.9886699555584],[-78.7185122981174,33.9882390222585],[-78.7185714574975,33.9879750077411],[-78.7189523470517,33.9877595388564],[-78.7190706617044,33.9872315089307],[-78.7202133090209,33.9865850928037],[-78.7203316133542,33.9860570608002],[-78.7207124886779,33.9858415856002],[-78.7209490867272,33.9847855190972],[-78.721329954135,33.9845700415175],[-78.72156653996561,33.9835139720424],[-78.7219473994577,33.9832984920829],[-78.7222691138937,33.9833470288929],[-78.7223282568453,33.9830830108115],[-78.7220656870649,33.9827704560971],[-78.7223613990752,33.9814503640496],[-78.7231230914083,33.9810193964569],[-78.7231822297039,33.9807553771561],[-78.7235630712611,33.9805398911251],[-78.7236813437459,33.9800118516324],[-78.7240621802935,33.9797963637556],[-78.72412131448282,33.9795323435636],[-78.7260254583921,33.9784548831686],[-78.7260845849184,33.9781908615223],[-78.7272270416541,33.9775443687439],[-78.7272861634228,33.9772803461774],[-78.7276669766735,33.9770648456942],[-78.7277260965895,33.9768008227415],[-78.7284877138732,33.9763698173061]]},"properties":{"segment_id":"a534092242b22e836a63845a","source_kmz":"waccamaw","orientation":"unverified"}},{"type":"Feature","geometry":{"type":"LineString","coordinates":[[-78.83703535427972,34.0265233171262],[-78.8362458329617,34.0255864834067],[-78.8359238734448,34.0255382658615],[-78.8346080540202,34.0239768581593],[-78.8346668472619,34.0237127965028],[-78.834403690359,34.0234005128289],[-78.8345800696622,34.0226083272397],[-78.8343169168357,34.0222960429327],[-78.8346108776537,34.0209757314042],[-78.8338214416644,34.0200388745967],[-78.833499506561,34.0199906499769],[-78.8335583005515,34.0197265875522],[-78.833295161547,34.0194142997867],[-78.8334127496447,34.0188861746417],[-78.8328864805843,34.0182615970646],[-78.8329452753473,34.0179975343735],[-78.8313665226999,34.0161237845133],[-78.8310446052839,34.01607555283331],[-78.8307814886739,34.0157632579163],[-78.830840288683,34.0154991954585],[-78.8303140630988,34.0148746035196],[-78.830372864021,34.0146105410019],[-78.8298466481805,34.01398594623721],[-78.8299054500157,34.0137218836597],[-78.8293792439187,34.013097286069],[-78.82984965474992,34.0109847816605],[-78.8295865601082,34.0106724820162],[-78.8311093209253,34.0098091635972],[-78.8313724187534,34.0101214601249],[-78.8320162052172,34.0102179214932],[-78.83239688963711,34.0100020857449],[-78.8330406763827,34.0100985414345],[-78.83342135738341,34.0098827022871],[-78.8337432506978,34.0099309277412],[-78.8345046050641,34.0094992434271],[-78.8345633877382,34.0092351769847],[-78.8349440603074,34.00901933259731],[-78.8354730733859,34.0066427269067],[-78.8362343860635,34.00621102942431],[-78.8362931603996,34.0059469610033],[-78.8374351092521,34.0052994041588],[-78.8376114168038,34.0045071957972],[-78.83799205785012,34.0042913400996],[-78.8382858885484,34.002970989137],[-78.8386665202277,34.0027551308023],[-78.8387840468169,34.0022269890582],[-78.8391646734849,34.0020111288827],[-78.8392234347306,34.0017470575677],[-78.8399846788404,34.001315332756],[-78.8400434367845,34.0010512607917],[-78.8404240542264,34.0008353961556],[-78.8407178307184,33.999515033232],[-78.84109843879412,33.9992991659587],[-78.8413334470175,33.9982428724273],[-78.8420946452336,33.9978111318275],[-78.8421533933913,33.99754705761771],[-78.8418902948134,33.9972347805943],[-78.8420077912466,33.9967066318769],[-78.8423296354769,33.9967548342781],[-78.8424471282112,33.9962266847929],[-78.8428277154487,33.9960108109353],[-78.8428864597674,33.9957467357496],[-78.8432670434462,33.9955308603167],[-78.8433845279869,33.995002709059],[-78.8437651066554,33.9947868317854],[-78.8442937543318,33.9924101428728]]},"properties":{"segment_id":"34f77fe99ed94c660886613a","source_kmz":"waccamaw","orientation":"unverified"}},{"type":"Feature","geometry":{"type":"LineString","coordinates":[[-78.8694201799734,34.0095401265372],[-78.8681039597747,34.0079790677123],[-78.8677820532854,34.0079309376193],[-78.8675188170224,34.0076187229384],[-78.8676948241243,34.0068264711586],[-78.86743159193972,34.0065142558423],[-78.8674902608355,34.0062501717081],[-78.8672270314159,34.0059379556987],[-78.8673443693284,34.0054097871334],[-78.8670811433303,34.0050975704597],[-78.8667592493696,34.0050494373485],[-78.865706372265,34.0038005604336],[-78.8657650449623,34.0035364762641],[-78.865501831613,34.0032242552595],[-78.86561917712821,34.0026960866233],[-78.86509275938,34.0020716425633],[-78.8652101059316,34.0015434735688],[-78.8649469015326,34.0012312505134],[-78.8650642478074,34.0007030811031],[-78.8654447942655,34.0004871341605],[-78.8651815924925,34.0001749112196],[-78.8652989355878,33.9996467408631],[-78.8649770652303,33.9995986024664],[-78.8633979154428,33.9977252455022],[-78.8630760541907,33.9976771017053],[-78.8628128713879,33.9973648722676],[-78.8624910119846,33.9973167268229],[-78.86222783274081,33.9970044959128],[-78.860296693376,33.9967155998977],[-78.8599161510676,33.9969315309608],[-78.8595942952417,33.99688337744],[-78.8592137501695,33.9970993061493],[-78.857604473722,33.996858519864],[-78.8572239232609,33.9970744420424],[-78.85658021415252,33.9969781191584],[-78.8563170597203,33.9966658746839],[-78.8559952072139,33.9966177111455],[-78.8554689075749,33.9959932185303],[-78.8545033611495,33.9958487180292],[-78.8542402188453,33.9955364683878],[-78.8539183722835,33.9954882990091],[-78.8536552335382,33.9951760478957],[-78.8533333888253,33.9951278768694],[-78.8530702536387,33.9948156242838],[-78.8527484107749,33.9947674516099],[-78.8523678570726,33.9949833584066],[-78.8517241712259,33.9948870082783],[-78.85134361410421,33.9951029116768],[-78.8458723374872,33.9942837729218],[-78.8442937543318,33.9924101428728]]},"properties":{"segment_id":"1406e569e9aedb16fab74a22","source_kmz":"waccamaw","orientation":"unverified"}},{"type":"Feature","geometry":{"type":"LineString","coordinates":[[-78.6481712856157,33.9800591557248],[-78.6471222488736,33.978808255531],[-78.646800600025,33.9787595096839],[-78.6470381772961,33.9777035849758],[-78.6449402371673,33.9752017450415],[-78.6446186045548,33.97515299290891],[-78.6446780041142,33.9748890118154],[-78.6433668703903,33.9733253349041],[-78.6411155115921,33.97298401974],[-78.6395913698017,33.9738448793183],[-78.6390669578136,33.9732193868371],[-78.63874533704681,33.9731706182665],[-78.6384831356602,33.9728578702001],[-78.6421663269962,33.9564909635197]]},"properties":{"segment_id":"3c4d110c638c3bb9a5522777","source_kmz":"waccamaw","orientation":"unverified"}},{"type":"Feature","geometry":{"type":"LineString","coordinates":[[-78.613790474152,33.9658346499428],[-78.6145526133339,33.965404388208],[-78.6146121072102,33.965140419264],[-78.61621997404632,33.9653845908333],[-78.6170062413643,33.9663229930628],[-78.61732782029982,33.9663718224453],[-78.6175899150631,33.966684621004],[-78.6179114958547,33.9667334487427],[-78.6186736210873,33.9663031603737],[-78.6193167812847,33.96640080898201],[-78.6203278612982,33.9619132847602],[-78.6252811323311,33.95911619582],[-78.62540003748991,33.9585882425404],[-78.62616204185,33.9581579003915],[-78.6293775700401,33.9586459046659],[-78.631282511734,33.9575699740688],[-78.6338549373006,33.9579602711646],[-78.6426168729953,33.95301037534381],[-78.64314117761042,33.9536358679186],[-78.6434627205983,33.9536846254973],[-78.6442245774262,33.9532541617524],[-78.6442839616468,33.952990173466],[-78.6450458071628,33.9525597039327]]},"properties":{"segment_id":"5ad29b2c2a7e01b3709dd0f5","source_kmz":"waccamaw","orientation":"unverified"}},{"type":"Feature","geometry":{"type":"LineString","coordinates":[[-78.4628195113774,33.9875865185611],[-78.4628795356788,33.9873226353969],[-78.4632611271281,33.9871080080726],[-78.4639042634553,33.9872065173041],[-78.4642858515163,33.9869918865716],[-78.46492898818,33.9870903901268],[-78.4653105728526,33.98687575598611],[-78.465953709853,33.986974253865],[-78.4663352911369,33.9867596163162],[-78.4666568596023,33.9868088628655],[-78.4681831611577,33.9859502953261],[-78.46979099669332,33.986196493711],[-78.4705541284271,33.985767191585],[-78.470875695464,33.9858164264817],[-78.4716388175075,33.985387117],[-78.471960383662,33.9854363489087],[-78.4723419408889,33.985221691148],[-78.4736282069898,33.9854186056383],[-78.4740097595392,33.9852039423776],[-78.4746528937369,33.9853023921545],[-78.4757975349164,33.9846583882012],[-78.4767622334583,33.9848060467322],[-78.4771437743842,33.9845913729781],[-78.4774653407322,33.9846405896504],[-78.4775253132095,33.9843766979082],[-78.4781684450227,33.9844751282648],[-78.47854998045881,33.9842604497871],[-78.4791931126064,33.9843588744675],[-78.4803377024452,33.983714824864],[-78.4803976644915,33.9834509313232],[-78.4810407922952,33.9835493458436],[-78.4814223152955,33.98333465764931],[-78.4817438791615,33.9833838625195],[-78.4821253994168,33.9831691719635],[-78.4824469630441,33.98321837489181],[-78.4828284805544,33.9830036819741],[-78.483150043943,33.9830528829604],[-78.4835315587082,33.9828381876811],[-78.4838531218579,33.9828873867253],[-78.4842346338781,33.98267268908441],[-78.4848777601055,33.9827710823929],[-78.4856407752661,33.9823416789804],[-78.4866054637821,33.9824892559473],[-78.4871287146797,33.9831154307478],[-78.4870687756673,33.9833793278861],[-78.4873304049117,33.9836924142425],[-78.4872105269593,33.9842202082202],[-78.48946153365782,33.9845645105939],[-78.4898430384421,33.9843497949349],[-78.4901646118052,33.9843989763581],[-78.4913091116196,33.9837548183498],[-78.491630683454,33.9838039957391],[-78.4920121785459,33.983589272726],[-78.4926553221417,33.9836876227247],[-78.4934183034442,33.9832581685682],[-78.4937398745607,33.9833073401315],[-78.494121361416,33.9830926100341],[-78.4947645035757,33.9831909483809],[-78.4951459870406,33.9829762148762],[-78.4957891295322,33.9830745475469],[-78.4961706096066,33.9828598106349],[-78.4977784697062,33.983105621401],[-78.498159944455,33.9828908779441],[-78.5000893860825,33.9831858150178],[-78.5019967089642,33.9821120466259],[-78.5032829985877,33.9823086325028],[-78.50404590787392,33.9818791075717],[-78.5072616473963,33.9823704886212],[-78.5076430924361,33.9821557137244],[-78.51246676800882,33.98289260159291],[-78.5128482012674,33.9826778096936],[-78.5144561101523,33.9829233889485],[-78.515218963912,33.9824937907462],[-78.5155405456131,33.9825429018172],[-78.5163033896776,33.9821132962627],[-78.5166249704926,33.98216240434611],[-78.5170063887278,33.9819475985503],[-78.5173279693023,33.9819967046918],[-78.5180907981784,33.9815670870635],[-78.5196987006688,33.9818125938711],[-78.5200801087274,33.9815977778555],[-78.5207232712666,33.9816959722141],[-78.5209850299494,33.9820089831869],[-78.5213066132817,33.9820580782755],[-78.5216880181119,33.9818432570311],[-78.522974352907,33.9820396242411],[-78.5232361217777,33.9823526299882],[-78.523557707944,33.9824017188038],[-78.5243205064631,33.9819720603596],[-78.52528526351611,33.9821193151551],[-78.5256666576865,33.9819044808233],[-78.5259882435346,33.9819535629171],[-78.526369634958,33.9817387262246],[-78.526691220565,33.9817878063765],[-78.5270726092414,33.9815729673233],[-78.5280373665533,33.981720199265],[-78.5284187511909,33.9815053557597],[-78.5287403371251,33.9815544302356],[-78.5291217190156,33.98133958436961],[-78.5294433047086,33.9813886569037],[-78.529824683852,33.9811738086771],[-78.53046785516,33.9812719489653],[-78.5308492309103,33.9810570973324],[-78.5311708165254,33.9811061650866],[-78.5315521895285,33.9808913110931],[-78.5321953606806,33.9809894418216],[-78.5325767302905,33.9807745844219],[-78.5328983158274,33.9808236473962],[-78.5336610474516,33.98039392656091],[-78.533982632101,33.9804429865477],[-78.5343639941152,33.9802281231121],[-78.5346855785232,33.980277181157],[-78.5350669377901,33.980062315361],[-78.5353885219566,33.9801113714641],[-78.5357698784762,33.9798965033075],[-78.5360914624011,33.9799455574689],[-78.5364728161733,33.9797306869519],[-78.5367943998566,33.9797797391714],[-78.5371757508815,33.979564866294],[-78.5378189181694,33.9796629659533],[-78.5382002658007,33.9794480896698],[-78.5385218494052,33.9794971371096],[-78.5389031942892,33.9792822584657],[-78.5392247776519,33.9793313039637],[-78.5403687977577,33.9786866570066],[-78.5410119618193,33.9787847390404],[-78.54215595913641,33.9781400739771],[-78.542799120938,33.9782381461526],[-78.5435617727248,33.9778083586879],[-78.5442049335586,33.9779064230965],[-78.54458625500752,33.9776915253009],[-78.5449078353845,33.9777405551154],[-78.5449675743551,33.9774766261907],[-78.5453488916014,33.9772617257659],[-78.5456704706858,33.9773107534892],[-78.5464330975821,33.97688094660451],[-78.54675467577802,33.97692997134051],[-78.5475172929765,33.9765001571062],[-78.5481604479955,33.9765981997076],[-78.54827990177,33.9760703376135],[-78.5486612030148,33.9758554258952],[-78.5488403762805,33.9750636310489],[-78.5496029637379,33.9746338020542],[-78.5496626844419,33.9743698696612],[-78.55004397356402,33.9741549529229],[-78.5501634108501,33.9736270872396],[-78.5505446949617,33.9734121686486],[-78.5508662614405,33.9734611821827],[-78.551105121142,33.9724054477055],[-78.5514863966873,33.9721905256782],[-78.5515461091478,33.9719265914904],[-78.5519273811374,33.9717116678795],[-78.5521065117304,33.9709198637903],[-78.5518446653888,33.970606918755],[-78.5526805691235,33.9669118191622],[-78.5524187339326,33.9665988738222],[-78.552776958027,33.965015252697],[-78.5531581928464,33.9648003231343],[-78.5532178939938,33.9645363855914],[-78.5535991252581,33.9643214544451],[-78.5536588245472,33.9640575165131],[-78.5540400522566,33.9638425837832],[-78.5540997496874,33.9635786454622],[-78.5544809738418,33.9633637111487],[-78.55460036458311,33.9628358336085],[-78.55536280077291,33.9624059599614],[-78.5554224926292,33.9621420204732],[-78.5558037061189,33.9619270814088],[-78.5567682746544,33.9620740776639],[-78.55829309985012,33.9612142957188],[-78.5586146209172,33.9612632884973],[-78.5589958213181,33.9610483386798],[-78.5593173421425,33.961097329517],[-78.5604609288021,33.9604524690424],[-78.56078244809072,33.9605014558478],[-78.5611636387962,33.9602864986823],[-78.5614851578421,33.96033548354651],[-78.5618663458003,33.9601205240214],[-78.5621878646034,33.9601695069443],[-78.56256904981451,33.9599545450597],[-78.5628905683747,33.9600035260413],[-78.5632717508386,33.9597885617972],[-78.563593269156,33.9598375408375],[-78.5643556264886,33.9594076063159],[-78.5646771439164,33.9594565823698],[-78.5650583187852,33.9592416120923],[-78.56537983597002,33.9592905862049],[-78.5657610080916,33.959075613568],[-78.5664040423788,33.9591735570147],[-78.5667852111064,33.9589585809732],[-78.5671067282087,33.9590075503073],[-78.5682502198474,33.95836261116151],[-78.5705008372831,33.9587053494621],[-78.57355001967171,33.9569853953868],[-78.5738715328877,33.9570343460558],[-78.5765394526658,33.9555293099318],[-78.5768609617568,33.9555782523891],[-78.5783854385428,33.95471819865661],[-78.5787069454493,33.9547671360375],[-78.5825179839027,33.952616899273],[-78.5825775764057,33.9523529424838],[-78.5844830095939,33.951277773482],[-78.5850192585741,33.9489021448742],[-78.5854003258299,33.9486871047111],[-78.58563864241572,33.9476312655766],[-78.5860197017581,33.9474162230236],[-78.5862580060815,33.9463603808915],[-78.5900684258611,33.94420987233761],[-78.590389896796,33.9442587779282],[-78.59115195425461,33.9438286583615]]},"properties":{"segment_id":"206efa644fc77aed4da2e34a","source_kmz":"waccamaw","orientation":"unverified"}},{"type":"Feature","geometry":{"type":"LineString","coordinates":[[-78.5701743236935,33.9395432872338],[-78.5711386426137,33.9396901679688],[-78.5714004625856,33.9400030817602],[-78.5717219044855,33.9400520394665],[-78.5719837280103,33.9403649517928],[-78.5732695054556,33.9405607706716],[-78.5737931704297,33.9411865871942],[-78.575400415842,33.9414313331655],[-78.5756622587446,33.9417442366148],[-78.5775909752656,33.9420378977333],[-78.5787341315803,33.9413928409871],[-78.5790555838048,33.9414417782365],[-78.5794366310632,33.9412267556482],[-78.579758083044,33.9412756909569],[-78.5805201699674,33.9408456397486],[-78.5811630725513,33.94094350349871],[-78.5815441115696,33.9407284738339],[-78.5821870144722,33.9408263319107],[-78.5825680500968,33.9406112988423],[-78.58321095331812,33.9407091512457],[-78.58397301568,33.9402790769877],[-78.5846159179259,33.9403769216281],[-78.5848777942407,33.94068980465],[-78.5851992474212,33.9407387248793],[-78.5854611272889,33.9410516064357],[-78.586104037765,33.9411494427123],[-78.58715158986031,33.9424009557775],[-78.5881159760333,33.9425476945077],[-78.588901675233,33.9434863150394],[-78.59115195425461,33.9438286583615]]},"properties":{"segment_id":"a6ad8a006cee1c7efb82712a","source_kmz":"waccamaw","orientation":"unverified"}},{"type":"Feature","geometry":{"type":"LineString","coordinates":[[-78.8218976564229,33.9765009228763],[-78.8226587500219,33.9760692980688],[-78.8229804971303,33.9761175555036],[-78.8237415809961,33.9756859233674],[-78.82438507378801,33.9757824313694],[-78.8246480299115,33.9760947566831],[-78.825613276438,33.9762395097088],[-78.8261392037092,33.9768641536715],[-78.8267827091881,33.9769606482037],[-78.8271632457664,33.976744820527],[-78.82748499844801,33.9767930654034],[-78.8278655322654,33.9765772353725],[-78.82818728469,33.9766254783077],[-78.82856781574651,33.9764096459227],[-78.8295330734435,33.9765543662138],[-78.8302941253083,33.976122691249],[-78.8309376298094,33.9762191627815],[-78.8313181512727,33.9760033212459],[-78.8316399034652,33.9760515546225],[-78.8327814532538,33.9754040190238],[-78.8331927845829,33.9735554773905],[-78.8339537869333,33.9731237767196],[-78.83401254405861,33.9728596983362]]},"properties":{"segment_id":"479ca95c1eb2beb890d161ee","source_kmz":"waccamaw","orientation":"unverified"}},{"type":"Feature","geometry":{"type":"LineString","coordinates":[[-78.8442937543318,33.9924101428728],[-78.8427152470327,33.9905364868436],[-78.8423934282282,33.9904882851329],[-78.8421303525043,33.990176005852],[-78.841808535549,33.9901278024939],[-78.8415454633833,33.9898155217411],[-78.8409018335689,33.9897191108329],[-78.84011263842142,33.9887822597435],[-78.8394690189064,33.9886858407455],[-78.8384167998157,33.9874366898551],[-78.8384755526121,33.9871726140266],[-78.8382125037619,33.98686032452821],[-78.8388587654718,33.9839554828988],[-78.839239302758,33.9837396174619],[-78.8394742892758,33.9826833067928],[-78.8398548186511,33.9824674389833],[-78.8403247609827,33.9803548098227],[-78.839009615746,33.9787933625508],[-78.8383660800242,33.9786969361957],[-78.8381030601977,33.9783846430756],[-78.8377812943845,33.9783364278024],[-78.8367292419446,33.9770872451034],[-78.83678799265861,33.9768231666477],[-78.8362619803862,33.9761985710237],[-78.8363794832418,33.9756704138687],[-78.8361164815752,33.9753581150303],[-78.8362339841499,33.9748299574565],[-78.8354449957173,33.9738930567792],[-78.83512325007601,33.9738448338434],[-78.8348602595946,33.9735325314238],[-78.834538515802,33.9734843068409],[-78.83401254405861,33.9728596983362]]},"properties":{"segment_id":"9b6737c4face041664aa64b5","source_kmz":"waccamaw","orientation":"unverified"}},{"type":"Feature","geometry":{"type":"LineString","coordinates":[[-78.5407654454914,33.9255027692891],[-78.5407057320911,33.9257667136379],[-78.5417523496647,33.9270186622691],[-78.541692638442,33.92728260661141],[-78.5422159611105,33.9279085766765],[-78.5420965400351,33.9284364651136],[-78.5423582058081,33.9287494491263],[-78.5422387844082,33.9292773371384],[-78.5430237981915,33.9302162850408],[-78.5429043790491,33.9307441727423],[-78.5431660557985,33.9310571539978],[-78.543106346267,33.9313210976964],[-78.5436297073531,33.9319470581112],[-78.5435699987088,33.9322110017466],[-78.5438316830455,33.93252398090581],[-78.5437719746429,33.9327879244494],[-78.5445570421829,33.93372685770571],[-78.5448784413809,33.9337758903638],[-78.545401833142,33.9344018407855],[-78.5460446385628,33.934499900428],[-78.5468068450496,33.9340700675013],[-78.5484138592116,33.9343151904828],[-78.5487949560781,33.9341002668231],[-78.5507233825223,33.9343943785714],[-78.5511044734152,33.9341794473279],[-78.5514258785899,33.9342284617725],[-78.55168760119481,33.9345414223526],[-78.5536160494395,33.9348354857293],[-78.5538777828629,33.9351484411114],[-78.5564490814198,33.9355404694762],[-78.5568301621397,33.9353255196943],[-78.5600443151997,33.9358154640797],[-78.56030607768702,33.9361284045274],[-78.5609489160479,33.93622638116131],[-78.56121068354092,33.9365393193974],[-78.5618535264222,33.9366372909545],[-78.5621152989208,33.9369502269789],[-78.5624963709175,33.9367352589282],[-78.5628177937704,33.9367842415713],[-78.56307957062852,33.9370971753554],[-78.5634009953381,33.9371461563559],[-78.5636627757488,33.9374590886751],[-78.5659127701846,33.9378019253675],[-78.566174562867,33.9381148517409],[-78.5674602886612,33.9383107357262],[-78.5677220892558,33.9386236583941],[-78.5690078273169,33.9388195250582],[-78.5692696358237,33.9391324440204],[-78.5695910728005,33.9391814076999],[-78.5698528848601,33.9394943251971],[-78.5701743236935,33.9395432872338]]},"properties":{"segment_id":"bb59aa16b0fb62cf253c3d5b","source_kmz":"waccamaw","orientation":"unverified"}},{"type":"Feature","geometry":{"type":"LineString","coordinates":[[-78.7658982055223,33.9637201228249],[-78.7664235701325,33.9643450478916],[-78.766364590633,33.964609094782],[-78.7676512528729,33.9648027476481],[-78.7680318936697,33.9645871109948],[-78.7680908675092,33.9643230632477],[-78.7706641975107,33.9647103164024],[-78.7709269011874,33.965022768086],[-78.7712485706852,33.9650711699457],[-78.7720098329058,33.9646398718215],[-78.7721277533366,33.9641117721914],[-78.77277108670881,33.9642085684538],[-78.7765772294607,33.962051972962],[-78.7768988902142,33.9621003593062],[-78.7772794922623,33.9618846915032],[-78.77792281366,33.9619814594129],[-78.7784482628811,33.9626063312966],[-78.7800565878691,33.9628482278845],[-78.780437184836,33.9626325499065],[-78.7823671840667,33.9629227899539],[-78.7827477750093,33.9627071044003],[-78.78306944229051,33.9627554735587],[-78.7857335153895,33.9612456306743],[-78.78605517849581,33.9612939916271],[-78.7875774570691,33.9604311912531],[-78.7878991179604,33.9604795471327],[-78.7898019155597,33.9594010119553],[-78.7901235735822,33.9594493617179],[-78.7943095359231,33.957076457511]]},"properties":{"segment_id":"5292bf376a87ba581a2c43dc","source_kmz":"waccamaw","orientation":"unverified"}},{"type":"Feature","geometry":{"type":"LineString","coordinates":[[-78.8026015871411,33.9676010626887],[-78.8007617568444,33.9654143962088],[-78.8001183788238,33.9653177556439],[-78.7998555572461,33.9650053703332],[-78.7988904975571,33.9648604005107],[-78.7985099407465,33.9650761385369],[-78.79722319745872,33.9648828287083],[-78.7930185137248,33.9598844692263],[-78.7937796049619,33.9594530251],[-78.7943095359231,33.957076457511]]},"properties":{"segment_id":"fda31679b191fdd56bb27cf3","source_kmz":"waccamaw","orientation":"unverified"}},{"type":"Feature","geometry":{"type":"LineString","coordinates":[[-79.0122906741238,34.00107218470701],[-79.0120268826661,34.0007602960528],[-79.0117049175063,34.0007125655191],[-79.0114411296082,34.0004006753884],[-79.0107972033699,34.0003052101231],[-79.0068406816074,33.9956267486879],[-79.006898870104,33.9953625905798],[-79.0065769303707,33.9953148454647],[-79.0060494342272,33.99469103684551],[-79.0062240044807,33.9938985624174],[-79.0056965207412,33.9932747510675],[-79.0050526603809,33.9931792530019],[-79.00511085310812,33.9929150949702],[-79.0047889245742,33.9928673447365],[-79.0048471179621,33.9926031867325],[-79.0043196539995,33.9919793680841],[-79.0043778483144,33.9917152100176],[-79.0047579647059,33.9914988031337],[-79.0048161571774,33.9912346446854],[-79.0045524288934,33.9909227351099],[-79.0046106216313,33.9906585765713],[-79.0042887027192,33.9906108248101],[-79.0040249786547,33.9902989137859],[-79.0041413663784,33.98977059670141],[-79.0036139272206,33.9891467725908],[-79.0032920151596,33.98909901796721],[-79.0027645873382,33.9884751894552],[-79.0014769546296,33.9882841559681],[-79.0009495468387,33.9876603185429]]},"properties":{"segment_id":"e78002b77d28de38fef8b539","source_kmz":"waccamaw","orientation":"unverified"}},{"type":"Feature","geometry":{"type":"LineString","coordinates":[[-78.5597070744293,33.9196543158936],[-78.56049220154601,33.9205931569216],[-78.5608731981591,33.9203781896855],[-78.5611945526394,33.9204271778694],[-78.5615755465082,33.9202122082744],[-78.562218255387,33.920310179866],[-78.5627416958993,33.9209360627125],[-78.5637057709578,33.921083008902],[-78.5639674987194,33.9213959470074],[-78.5649315817653,33.9215428828956],[-78.5667637653624,33.9237334138359],[-78.5665252664199,33.924789246545],[-78.566787017913,33.9251021767763],[-78.5660118601864,33.9285336201299],[-78.5717711089125,33.9354179116147],[-78.5714730242712,33.9367376952377],[-78.5707109276112,33.9371676891403],[-78.5701743236935,33.9395432872338]]},"properties":{"segment_id":"fdb6c45466b058740708bda0","source_kmz":"waccamaw","orientation":"unverified"}},{"type":"Feature","geometry":{"type":"LineString","coordinates":[[-78.83401254405861,33.9728596983362],[-78.8347735350838,33.97242799189381],[-78.8350085480003,33.9713716750447],[-78.8347455663165,33.9710593713782],[-78.8348630716981,33.97053121229661],[-78.8346000934302,33.9702189079644],[-78.8349805754884,33.9700030527392],[-78.8369191583235,33.9612883513415]]},"properties":{"segment_id":"5f7941e8941a6ea12692878b","source_kmz":"waccamaw","orientation":"unverified"}},{"type":"Feature","geometry":{"type":"LineString","coordinates":[[-78.8558958363471,33.9701343978109],[-78.8543741244602,33.9709980856212],[-78.8540523790639,33.9709499151086],[-78.8529110710674,33.971597664084],[-78.8522675775331,33.971501314104],[-78.852004526316,33.971189049696],[-78.8513610372724,33.9710926946274],[-78.8510979910624,33.9707804279967],[-78.8501327648294,33.9706358864153],[-78.84975232161891,33.9708517912574],[-78.8494305796806,33.9708036078922],[-78.8486696856305,33.9712354115595],[-78.8483479427786,33.9711872252094],[-78.8472065839416,33.9718349177559],[-78.8459196086438,33.9716421508577],[-78.8456565823648,33.9713298720842],[-78.8450131000025,33.9712334817526],[-78.84343500396031,33.9693597849462],[-78.8431132720789,33.9693115839341],[-78.842587259813,33.9686870110551],[-78.8422655312303,33.9686388076458],[-78.8420025297066,33.9683265193731],[-78.841680802972,33.96827831431671],[-78.8414178050046,33.9679660245719],[-78.8394874616507,33.9676767708962],[-78.8371206530262,33.964866090196],[-78.83770803698111,33.9622252570684],[-78.8369191583235,33.9612883513415]]},"properties":{"segment_id":"69857d20e8feba0241274932","source_kmz":"waccamaw","orientation":"unverified"}},{"type":"Feature","geometry":{"type":"LineString","coordinates":[[-79.0427159547353,33.9957586293096],[-79.0428901547274,33.9949661007501],[-79.0426262615491,33.9946542793804],[-79.0426843280881,33.9943901029858],[-79.0424204376821,33.9940782809188],[-79.0425946369239,33.9932857511107],[-79.0423307506139,33.9929739284015],[-79.04238881690272,33.99270975159061],[-79.0418610519375,33.9920861040525],[-79.04191911915642,33.9918219271788],[-79.0416552405012,33.9915101023499],[-79.0418294417827,33.9907175711039],[-79.0410378244345,33.9897820925151],[-79.0403939496755,33.9896867905048],[-79.0398662211222,33.9890631314778],[-79.0394862140557,33.9892796542474],[-79.03819847820131,33.9890890292609],[-79.0378184663781,33.9893055465509],[-79.0339552886527,33.988733572883],[-79.0335752667811,33.9889500763475],[-79.0313217679834,33.9886163580351],[-79.0309417393719,33.9888328528901],[-79.0306198118853,33.988785174211],[-79.0302397805024,33.9890016667161],[-79.0286301456679,33.9887632546378],[-79.0282501088683,33.9889797406197],[-79.0279281824211,33.9889320544674],[-79.0275481428503,33.9891485380993],[-79.027284330708,33.9888366794695],[-79.0259966320065,33.9886459187005],[-79.0256165884681,33.9888623960726],[-79.02239736266621,33.9883854208735],[-79.0220173104064,33.9886018865058],[-79.0216953893311,33.9885541830049],[-79.0213153343004,33.9887706462871],[-79.0180961385994,33.9882935514688],[-79.0177160748486,33.9885100030108],[-79.017394156784,33.9884622875481],[-79.0171303875703,33.9881504055172],[-79.0167503218367,33.9883668539294],[-79.0157845723703,33.9882236967682],[-79.0154045025441,33.9884401407434],[-79.0141168394612,33.9882492477869],[-79.0133566881927,33.9886821234695],[-79.01239094105262,33.9885389380659],[-79.0121271915894,33.9882270446706],[-79.0044013769318,33.9870812525333],[-79.0040212810828,33.9872976594635],[-79.0036993764053,33.9872499058598],[-79.0033192777863,33.9874663104395],[-79.0029973728425,33.9874185548948],[-79.002237167955,33.9878513580458],[-79.0009495468387,33.9876603185429]]},"properties":{"segment_id":"9f26b2e55ae466fd129b565e","source_kmz":"waccamaw","orientation":"unverified"}},{"type":"Feature","geometry":{"type":"LineString","coordinates":[[-78.97735637906851,34.0087094179538],[-78.9774146772262,34.0084452790579],[-78.976623652955,34.0075093814622],[-78.9767402520454,34.0069811034864],[-78.9771205195626,34.0067647915153],[-78.9779949406268,34.002802687715],[-78.9787554258312,34.0023700519343],[-78.97898857817361,34.0013134843309],[-78.9793688118115,34.0010971634236],[-78.97948538271342,34.0005688783867],[-78.9792217241971,34.0002569148408],[-78.9794548639021,33.99920034346391],[-78.9791912101355,33.9988883793064],[-78.9795714313853,33.9986720570678],[-78.9796297145345,33.9984079136928],[-78.9803901478055,33.997975264765],[-78.9807120824763,33.9980230825065],[-78.9810922952873,33.9978067550376],[-78.9815002284487,33.9959577415457],[-78.9822606274466,33.9955250789905],[-78.9823771704267,33.9949967873038],[-78.9827573638621,33.994780453537],[-78.9830792867944,33.994828264893],[-78.9836619529659,33.9921867952795],[-78.98404212913691,33.9919704565223],[-78.9841003921335,33.9917063086478],[-78.9856210699256,33.9908409394884],[-78.9859429783505,33.9908887431241],[-78.9860012341002,33.9906245939299],[-78.9871417139675,33.9899755494095],[-78.987374715628,33.9889189482843],[-78.9904158560868,33.9871880969239],[-78.99099821668261,33.9845465647266],[-78.9902072718088,33.9836107314717],[-78.9902655076788,33.9833465776849],[-78.9900018642658,33.9830346318457],[-78.9900601004013,33.9827704779683],[-78.9897964597573,33.9824585314325],[-78.9898546961584,33.9821943774644],[-78.9895910582834,33.9818824302319],[-78.9897075312221,33.9813541219961],[-78.9900876378179,33.9811377604098],[-78.9901458722466,33.9808736058505],[-78.9905259752845,33.9806572426928],[-78.9908171342664,33.9793364668027]]},"properties":{"segment_id":"8ffed2c3a3ea9e9c93c19965","source_kmz":"waccamaw","orientation":"unverified"}},{"type":"Feature","geometry":{"type":"LineString","coordinates":[[-79.0009495468387,33.9876603185429],[-79.0006276425453,33.987612556423],[-79.0003639432631,33.9873006358719],[-79.0000420408131,33.9872528721024],[-78.99966193203112,33.9874692646771],[-78.999340029315,33.9874214989665],[-78.9989599177631,33.9876378891905],[-78.9976723082006,33.9874468131976],[-78.99740862129951,33.98713488585151],[-78.99746683540872,33.9868707296296],[-78.9961792421712,33.9866796368493],[-78.9948608715881,33.9851199743545],[-78.9938952025368,33.9849766340655],[-78.9940116509395,33.9844483235842],[-78.9934843288059,33.9838244491155],[-78.9935425537359,33.98356029375271],[-78.99327889649301,33.9832483554595],[-78.9933371216887,33.9829842000062],[-78.993073467215,33.9826722610162],[-78.99313169267641,33.9824081054722],[-78.9910225380918,33.9799125676984],[-78.9910807684392,33.9796484122564],[-78.9908171342664,33.9793364668027]]},"properties":{"segment_id":"be9b7d90fbb98ee2c6693e5a","source_kmz":"waccamaw","orientation":"unverified"}},{"type":"Feature","geometry":{"type":"LineString","coordinates":[[-78.6301839700505,33.9210936178688],[-78.6304459642976,33.9214064055108],[-78.6307673665873,33.9214552003771],[-78.6310293643857,33.9217679865521],[-78.6309699590907,33.9220319786363],[-78.6312319596369,33.9223447641198],[-78.6310537432852,33.923136739734],[-78.6331498388022,33.9256389983727],[-78.6330904377329,33.9259029902277],[-78.6333524597704,33.926215769348],[-78.6332930589475,33.9264797611107],[-78.6351272765482,33.9286691950045],[-78.6350678798611,33.9289331868437],[-78.6353299199957,33.9292459602646],[-78.6347953375653,33.9316218816585],[-78.6344144897836,33.9318370891372],[-78.6343550882746,33.9321010795333],[-78.6335933835063,33.932531490014],[-78.6334745734747,33.933059469371],[-78.63379602564652,33.9331082550914],[-78.6377269820302,33.9377997988532],[-78.6457639614525,33.939018870282],[-78.64707456679972,33.9405825887739],[-78.6480390429846,33.9407288284929],[-78.6501361556458,33.94323072272361],[-78.6504576601281,33.943279461522],[-78.6505170156711,33.943015466659],[-78.6520404347604,33.9421544292721],[-78.652099784093,33.9418904332158],[-78.6524212842798,33.9419391666433],[-78.6525399796392,33.9414111738741],[-78.65330166656611,33.9409806436048],[-78.6545876577314,33.9411755588107]]},"properties":{"segment_id":"b35929c5a5b8486ccbe3dd4a","source_kmz":"waccamaw","orientation":"unverified"}},{"type":"Feature","geometry":{"type":"LineString","coordinates":[[-78.578741556994,33.9119060002061],[-78.5786224073951,33.9124339372043],[-78.578241498434,33.9126489650914],[-78.57818192157822,33.9129129331398],[-78.578443679975,33.913225841796],[-78.5783841033626,33.9134898097518],[-78.5780031885933,33.9137048365607],[-78.5779436101258,33.9139688041263],[-78.577562691806,33.9141838293518],[-78.576609358293,33.9184072896732],[-78.5771329014259,33.9190331089415],[-78.5777756201132,33.9191309942589],[-78.5782991774501,33.919756807665],[-78.5786205403028,33.9198057474863],[-78.57938242388352,33.9193756918774],[-78.5800251482121,33.9194735646548],[-78.5802869359973,33.9197864664889],[-78.5809296648422,33.9198843341897],[-78.58119145763081,33.9201972338112],[-78.5818341909919,33.9202950964352],[-78.5823577886745,33.9209208905344],[-78.582679158864,33.9209698190089],[-78.5829409623059,33.9212827142334],[-78.5832623343506,33.9213316410653],[-78.5835241413437,33.9216445348241],[-78.5838455152436,33.9216934600132],[-78.5841073257879,33.9220063523064],[-78.584428701543,33.9220552758528],[-78.5846905156386,33.9223681666802],[-78.5850118932488,33.9224170885839],[-78.5852737108957,33.9227299779456],[-78.5855950903611,33.9227788982065],[-78.5858569115593,33.9230917861026],[-78.5864996746033,33.9231896224431],[-78.5867615008052,33.9235025081264],[-78.5870828843838,33.923551424206],[-78.5873447141371,33.9238643084235],[-78.5876660995709,33.9239132228603],[-78.5879279328756,33.924226105612],[-78.5888920959506,33.9243728413068],[-78.5891539357116,33.9246857210987],[-78.590760889487,33.9249302589389],[-78.5910227386089,33.9252431342767],[-78.591665525843,33.9253409416481],[-78.5920464597567,33.9251258730866],[-78.5923678533309,33.925174774384],[-78.5927487844984,33.9249597034642],[-78.5943557551753,33.9252041912914],[-78.5947366810088,33.9249891138352],[-78.595700866306,33.9251357926482],[-78.59727211547312,33.9270129663156],[-78.59721259201432,33.9272769392655],[-78.5977363598261,33.927902658127],[-78.5987005867517,33.9280493113924],[-78.6018434222719,33.93180353727991],[-78.6017839106208,33.9320675109522],[-78.6025696686861,33.9330060513351],[-78.6025101585745,33.9332700249721],[-78.6032959374806,33.9342085589707],[-78.6032364289085,33.93447253257271],[-78.6037602933069,33.9350982183678],[-78.6037007856271,33.9353621919064],[-78.60448659991701,33.9363007152934],[-78.604427093777,33.936564688797],[-78.6078325158641,33.9406315490894],[-78.61040426570271,33.9410223757848]]},"properties":{"segment_id":"9051c07095c91e949f34c941","source_kmz":"waccamaw","orientation":"unverified"}},{"type":"Feature","geometry":{"type":"LineString","coordinates":[[-78.6859355433005,33.9511086334439],[-78.6804273409284,33.9445428324872],[-78.6801058125377,33.94449417702351],[-78.6804020893321,33.9431741276078],[-78.6796152930515,33.9422361283061],[-78.6798523150684,33.9411800869543],[-78.6795900564443,33.9408674191933],[-78.6796493115961,33.9406034085838],[-78.6793870557233,33.9402907401311],[-78.6795648207224,33.9394987076673],[-78.6793025689007,33.9391860385792],[-78.6795395858857,33.9381299937275],[-78.678228371294,33.9365666380494],[-78.6779068771363,33.9365179759781],[-78.6755468363161,33.9337038836647],[-78.6756060997065,33.9334398726931],[-78.6743201835431,33.9332451891079],[-78.6740579737468,33.9329325056201],[-78.6724505948223,33.9326891272353],[-78.6719261960478,33.9320637506194],[-78.67160472436892,33.932015070758],[-78.67172327485402,33.9314870515848],[-78.6709367007005,33.9305489791851],[-78.6721221562969,33.9252687626977]]},"properties":{"segment_id":"f857617858981e4c273b461e","source_kmz":"waccamaw","orientation":"unverified"}},{"type":"Feature","geometry":{"type":"LineString","coordinates":[[-78.9455139696781,34.0083399696383],[-78.9447532418214,34.0087723838742],[-78.9444312848411,34.0087244668424],[-78.9440509170891,34.0089406709541],[-78.9417972246956,34.0086052192879],[-78.9415336898286,34.0082931731598],[-78.9408897841798,34.0081973202445],[-78.9406262543236,34.0078852718906],[-78.9399823531594,34.0077894138818],[-78.939718828314,34.0074773633022],[-78.9384310365384,34.0072856335068],[-78.9376404920668,34.0063494684143],[-78.936996607258,34.0062535936225],[-78.9370550403101,34.0059894742392],[-78.9360010247864,34.0047412380976],[-78.936234763576,34.0036847598385],[-78.9359712676034,34.0033726991091],[-78.9363218678632,34.0017879783503],[-78.9374629244032,34.0011394323427],[-78.937930334438,33.9990264583762],[-78.9383106707967,33.9988102716422],[-78.9384275164466,33.9982820264411],[-78.9388078477957,33.9980658378701],[-78.9391297573094,33.9981137711792],[-78.9395100858908,33.9978975802561],[-78.93983199514152,33.9979455116237],[-78.9398904123631,33.9976813880248],[-78.9402707367265,33.9974651944852],[-78.94067963604591,33.9956163241348],[-78.9425811754721,33.9945353275605],[-78.942639580827,33.9942712014303],[-78.9429614770307,33.9943191243211],[-78.9437220738212,33.9938867139177],[-78.9438388754351,33.9933584599529],[-78.9430484072334,33.9924223152107],[-78.9431068094232,33.9921581881352],[-78.942843324899,33.9918461384692],[-78.9429017273519,33.9915820113035],[-78.94263824559512,33.9912699609423],[-78.9426966483111,33.9910058336864],[-78.94243316932172,33.9906937826299],[-78.94319237719232,33.987260117909],[-78.94266544266512,33.9866360143528],[-78.9433078115985,33.9837305907445],[-78.9430443547424,33.9834185381878],[-78.943161145269,33.9828902778674],[-78.9428976918384,33.982578224643],[-78.94318966452612,33.9812575719097],[-78.9421358850565,33.9800093523327],[-78.9421942810417,33.979745221542],[-78.941930842103,33.9794331648668],[-78.9429819140577,33.9746787908795],[-78.94336211769,33.9744625808552],[-78.944062743752,33.971292973693],[-78.9448231099108,33.9708605433687],[-78.9462824922245,33.9642571270377]]},"properties":{"segment_id":"62c26cd1f1bd04614fc3e424","source_kmz":"waccamaw","orientation":"unverified"}},{"type":"Feature","geometry":{"type":"LineString","coordinates":[[-78.9908171342664,33.9793364668027],[-78.990933595098,33.9788081556189],[-78.9901427091923,33.977872315077],[-78.990259172406,33.9773440035848],[-78.9899955493081,33.9770320553437],[-78.99005378098332,33.9767678994476],[-78.989790160654,33.9764559505096],[-78.9898483925947,33.9761917945226],[-78.989584775034,33.9758798448877],[-78.9897012390518,33.9753515326135],[-78.9894376249195,33.975039582309],[-78.9894958569967,33.9747754260218],[-78.9873870251253,33.9722797977274],[-78.9848123760802,33.9718973665524],[-78.98454879317362,33.9715854037421],[-78.9829396575848,33.9713463513311],[-78.9821489432449,33.9704104472786],[-78.98150530046311,33.9703148155219],[-78.9811252228032,33.9705311519239],[-78.9791942999701,33.9702442288554],[-78.9788142162449,33.9704605576903],[-78.9749524052846,33.9698866021104],[-78.9741618015752,33.9689506417678],[-78.9734016167112,33.969383265803],[-78.97243618193421,33.969239743692],[-78.9712958828947,33.96988866054811],[-78.9711793023775,33.97041695798481],[-78.9700389756729,33.9710658614858],[-78.9677862659005,33.9707308992899],[-78.9674061481687,33.9709471905383],[-78.965475265523,33.9706600388255],[-78.9639547576975,33.9715251657017],[-78.9613802485303,33.9711422131095],[-78.9610001110321,33.9713584832122],[-78.96067829850472,33.9713106090565],[-78.9572569602329,33.9732569717377],[-78.9566133245033,33.9731612019531],[-78.9550926696382,33.9740262096812],[-78.9538053923798,33.97383464264841],[-78.9524880863233,33.9722744723583],[-78.9525464414624,33.9720103337413],[-78.9509657477048,33.9701381056721],[-78.9510241064008,33.9698739671016],[-78.9462824922245,33.9642571270377]]},"properties":{"segment_id":"4d6c8377536ed60a698691ce","source_kmz":"waccamaw","orientation":"unverified"}},{"type":"Feature","geometry":{"type":"LineString","coordinates":[[-78.7943095359231,33.957076457511],[-78.7946900653278,33.9568607310834],[-78.7948078204778,33.9563326031075],[-78.7951294689516,33.9563809391505],[-78.7970320666343,33.9553022794698],[-78.7973537122384,33.9553506093961],[-78.7984952436351,33.95470339473],[-78.7991385321165,33.9548000456288],[-78.7998995399111,33.9543685584567],[-78.8008644716991,33.9545135218156],[-78.8020059617247,33.9538662718339],[-78.8039358242883,33.9541561555492],[-78.8043163128319,33.9539403966711],[-78.80849772241,33.9545683537346],[-78.8092586761813,33.954136804906],[-78.810223622487,33.9542816902889],[-78.811365031474,33.9536343478241],[-78.8116866790768,33.9536826380266],[-78.8124476065709,33.9532510677445],[-78.8134125478433,33.9533959267082],[-78.8164561579418,33.9516695681193],[-78.8165149581327,33.9514054913699],[-78.816836599734,33.9514537674],[-78.8172170394218,33.9512379653705],[-78.8172758367122,33.9509738880884],[-78.8176562728453,33.9507580844823],[-78.8177738633317,33.9502299290275],[-78.818534723484,33.9497983168197],[-78.81859351523,33.9495342383806],[-78.8189739406994,33.94931843004521],[-78.8197381783331,33.945885396013],[-78.8201185828474,33.9456695829047],[-78.8201773661224,33.9454055022617],[-78.8205577670826,33.945189687577],[-78.8206165485098,33.9449256065482],[-78.8209969459159,33.944709790287],[-78.8215259478077,33.9423330532565]]},"properties":{"segment_id":"27efcf637931b6230544119b","source_kmz":"waccamaw","orientation":"unverified"}},{"type":"Feature","geometry":{"type":"LineString","coordinates":[[-78.6610094626245,33.9170334041139],[-78.6631063543944,33.9195351396489],[-78.66407060054281,33.9196812497228],[-78.6644513072365,33.9194659412765],[-78.6647727227724,33.9195146417984],[-78.6650348503008,33.9198273517329],[-78.6653562676889,33.9198760506109],[-78.6658805319486,33.9205014668238],[-78.6657619586248,33.9210294874872],[-78.6662862338818,33.9216549009309],[-78.6661676615503,33.9221829212242],[-78.6664298036275,33.9224956269216],[-78.6658369243978,33.9251357214497],[-78.6660990750669,33.9254484267056],[-78.6659804957064,33.9259764442239],[-78.6672912870522,33.9275399599821],[-78.6669105488107,33.9277552755313],[-78.6667919714352,33.9282832923113],[-78.66731630367052,33.9289086952382],[-78.6672570156796,33.9291727035039],[-78.6695072249196,33.9295135295111]]},"properties":{"segment_id":"48715c5002c13a754d9e1e52","source_kmz":"waccamaw","orientation":"unverified"}},{"type":"Feature","geometry":{"type":"LineString","coordinates":[[-78.865854501652,33.9462475139398],[-78.8642764105047,33.9443740412941],[-78.8578436513381,33.9434109781682],[-78.8574633621983,33.9436269158778],[-78.8568200937046,33.9435305877482],[-78.8545383068033,33.9448261739851],[-78.8542166692204,33.9447780023141],[-78.8538363633818,33.9449939277268],[-78.8537776943318,33.945258025588],[-78.8518761263202,33.9463376316784],[-78.8515544841508,33.9462894527027],[-78.8500331892353,33.9471531098286],[-78.8493899008468,33.9470567408383],[-78.8490095705457,33.9472726497587],[-78.8486879262923,33.9472244628747],[-78.8483075932313,33.9474403694419],[-78.8466993746476,33.9471994163518],[-78.84631903620651,33.9474153163914],[-78.8447108242804,33.947174335663],[-78.843950134534,33.9476061213773],[-78.84298520821662,33.9474615159169],[-78.8426048582216,33.94767740367871],[-78.8397100948355,33.9472435294778],[-78.8386584307358,33.94599431459991],[-78.8382780759219,33.9462101885495],[-78.8379564426771,33.9461619717775],[-78.8378977190035,33.9464260611893],[-78.8337165093164,33.9457991596387],[-78.8321950265537,33.9466625828308],[-78.8318733952038,33.9466143491827],[-78.8311126398866,33.9470460508321],[-78.8307910076252,33.9469978141999],[-78.8304106261554,33.9472136620161],[-78.8262294344372,33.9465864906247]]},"properties":{"segment_id":"0808b27e008aa64e26fc0a53","source_kmz":"waccamaw","orientation":"unverified"}},{"type":"Feature","geometry":{"type":"LineString","coordinates":[[-78.6901655241103,33.9129858444158],[-78.6906899408362,33.9136111537528],[-78.6967967572481,33.9145349324327]]},"properties":{"segment_id":"a0bf92e7f2c627fb26d7071f","source_kmz":"waccamaw","orientation":"unverified"}},{"type":"Feature","geometry":{"type":"LineString","coordinates":[[-79.02855699385131,33.9603829177735],[-79.0286150825246,33.9601187368851],[-79.0280876481519,33.9594950006478],[-79.0281457377534,33.9592308196946],[-79.02788202439041,33.9589189505149],[-79.0275602222127,33.9588712615094],[-79.0265053956346,33.9576237745289],[-79.0265634892005,33.9573595937366],[-79.0262416942607,33.9573119009706],[-79.02629978848742,33.957047720205],[-79.0266796751523,33.9568312317963],[-79.026737767538,33.9565670506483],[-79.0262103721841,33.9559433030205],[-79.0263265584181,33.9554149404759]]},"properties":{"segment_id":"1cbf90fb902663a07756c456","source_kmz":"waccamaw","orientation":"unverified"}},{"type":"Feature","geometry":{"type":"LineString","coordinates":[[-78.9099840191745,33.997589736032],[-78.91074483069971,33.9971575440181],[-78.9110667191985,33.9972055553752],[-78.9122079186991,33.9965572544071],[-78.9125298056207,33.9966052617348],[-78.9155729062531,33.9948763932197],[-78.91568990003832,33.994348168331],[-78.9160117799844,33.9943961661165],[-78.9162457585829,33.9933397143344],[-78.9159823775669,33.99302760404],[-78.9160408718839,33.992763490827],[-78.9164212383714,33.9925473742562],[-78.9165382229158,33.9920191469462],[-78.9169185843943,33.9918030285374],[-78.9172695198167,33.9902183421803],[-78.9156893040119,33.9883456761034],[-78.9153674492378,33.9882976770523],[-78.9151040887657,33.9879855627583],[-78.914782235838,33.9879375620587],[-78.91372882083081,33.9866890946495],[-78.9130851277659,33.9865930845502],[-78.9128217821844,33.9862809643887],[-78.9115344066103,33.9860889304175],[-78.9094277642485,33.9835919190704],[-78.9086670777631,33.9840241098929],[-78.9077015811025,33.9838800507069],[-78.907438266228,33.9835679172249],[-78.9071164362506,33.9835198949506],[-78.904220127686,33.9800863706796],[-78.9029328755463,33.9798942395714],[-78.89898386181751,33.97521197500921],[-78.8986620715242,33.9751639287271],[-78.8987206110931,33.9748998182553],[-78.8974043890774,33.9733390236425],[-78.89746293153532,33.9730749131913],[-78.8966732255807,33.9721384278324],[-78.897200107601,33.9697614291813],[-78.8950943650564,33.9672641050808],[-78.8947726099451,33.9672160475014],[-78.89483115671831,33.9669519363149],[-78.8963523416046,33.9660877123859],[-78.8966740930351,33.9661357656442],[-78.896791171688,33.9656075404997],[-78.8971714590869,33.9653914796711],[-78.8986347722405,33.9587886186235],[-78.8990150212952,33.9585725498536],[-78.8998928685615,33.9546107935729],[-78.911678870785,33.9479118891901],[-78.9117373458474,33.9476477629271],[-78.9121175043244,33.9474316480336],[-78.9122929227902,33.9466392677343],[-78.9126730748152,33.9464231507362],[-78.9127315453967,33.9461590234663],[-78.9138719844908,33.9455106638245],[-78.9139889157742,33.9449824073353],[-78.9143690550301,33.944766284307],[-78.914485981833,33.9442380268107],[-78.9179071143054,33.94229285589621],[-78.9181993592027,33.9409721981303],[-78.9204799759772,33.9396753506793],[-78.9217666078589,33.9398672966073],[-78.9221467006565,33.9396511466135],[-78.9231116767495,33.9397950935121],[-78.9238718520844,33.9393627833409],[-78.9241935102587,33.9394107617603],[-78.92571383303232,33.9385461215453]]},"properties":{"segment_id":"50a8602c73a664ff654d38b8","source_kmz":"waccamaw","orientation":"unverified"}},{"type":"Feature","geometry":{"type":"LineString","coordinates":[[-79.0457452415707,33.9547451527904],[-79.0405965547216,33.9539828114638]]},"properties":{"segment_id":"3dc337c59ce38f4bcf3ee31d","source_kmz":"waccamaw","orientation":"unverified"}},{"type":"Feature","geometry":{"type":"LineString","coordinates":[[-79.0405965547216,33.9539828114638],[-79.0396311871393,33.9538398468868],[-79.03849167233561,33.9544894381879],[-79.0384336212962,33.9547536259359],[-79.0355375124436,33.9543246542812],[-79.0343979564772,33.9549742048784],[-79.0340761665878,33.9549265337457],[-79.0336963097216,33.9551430469555],[-79.0330527298009,33.9550476999122],[-79.0326728695047,33.9552642097299],[-79.0320292898352,33.9551688570112],[-79.0316494261091,33.9553853634368],[-79.0303622688464,33.9551946430588],[-79.029602529783,33.9556276436479],[-79.02907511787672,33.9550039083215],[-79.0281097587796,33.9548608478454],[-79.0277298856768,33.9550773414938],[-79.0270863135908,33.9549819612702],[-79.0263265584181,33.9554149404759]]},"properties":{"segment_id":"6ebe839f81742b9603f91e68","source_kmz":"waccamaw","orientation":"unverified"}},{"type":"Feature","geometry":{"type":"LineString","coordinates":[[-78.8195924084405,33.9196644218036],[-78.819709938986,33.9191362432498],[-78.8194471944996,33.9188238838874]]},"properties":{"segment_id":"36032706413b461a18838a60","source_kmz":"waccamaw","orientation":"unverified"}},{"type":"Feature","geometry":{"type":"LineString","coordinates":[[-78.9071170426259,33.9264935705873],[-78.9070585677766,33.92675770170211],[-78.9073216894711,33.9270698587724],[-78.9072047398984,33.927598120697],[-78.9074678650107,33.9279102770968],[-78.9074093902873,33.9281744079066],[-78.9087250507024,33.9297351791809],[-78.90936826946032,33.92983122050971],[-78.9104208472642,33.9310798184935],[-78.9113856957471,33.9312238647523],[-78.9116488498049,33.9315360101864],[-78.9119704682055,33.9315840230616],[-78.9127599473532,33.9325204527683],[-78.91308157049411,33.9325684624945],[-78.9136079033474,33.9331927438446],[-78.9139295297804,33.9332407511725],[-78.91419270081292,33.933552890011],[-78.9145143290898,33.9336008956912],[-78.9147775036757,33.933913033055],[-78.9150991337964,33.9339610370875],[-78.9153623119357,33.9342731729767],[-78.9156839439003,33.9343211753616],[-78.915947125593,33.9346333097761],[-78.9162687594015,33.9346813105133],[-78.9167951319989,33.935305575669],[-78.9171167690996,33.9353535740077],[-78.9173799600044,33.9356657047489],[-78.91770159894891,33.93571370144],[-78.9179647934073,33.9360258307064],[-78.9186080753798,33.9361218198962],[-78.91887127484,33.9364339469371],[-78.9195145612914,33.93652993103761],[-78.9200409723209,33.9371541799444],[-78.9206842661478,33.9372501574539],[-78.9206258291577,33.9375142917642],[-78.9208890413842,33.9378264136569],[-78.92571383303232,33.9385461215453]]},"properties":{"segment_id":"bafb0f8e5c36cfe9fd3e8287","source_kmz":"waccamaw","orientation":"unverified"}},{"type":"Feature","geometry":{"type":"LineString","coordinates":[[-79.0263265584181,33.9554149404759],[-79.0259466776695,33.9556314281186],[-79.0253031031931,33.9555360380485],[-79.0247757262782,33.9549122830604],[-79.0180183500964,33.9539104390082],[-79.0174910424092,33.9532866495332],[-79.0162039543938,33.9530957712081],[-79.0159403095022,33.9527838723748],[-79.0146532335748,33.9525929766835],[-79.0123738055844,33.9538916577704],[-79.0120520336252,33.9538439253472],[-79.0109122891937,33.9544932451183],[-79.0096251973722,33.9543022939373],[-79.00924527570541,33.9545187270757],[-79.0079581875437,33.9543277573651],[-79.00719833260581,33.95476061137781],[-79.0043023953997,33.9543308582607],[-79.0024026914683,33.9554129234887],[-79.0021390939217,33.9551009941504],[-79.0018173232384,33.9550532333509],[-79.0010574271676,33.955486046649],[-78.9988050341776,33.9551516813252],[-78.9982778717246,33.9545278053301],[-78.9983360585612,33.9542636376674],[-78.99801429365961,33.9542158662452],[-78.9964328695286,33.9523442165126],[-78.9968402014378,33.9504950416962],[-78.9965766427434,33.9501830977246],[-78.9967512096304,33.9493905925307],[-78.9964876550224,33.9490786479145],[-78.9965458438563,33.9488144793057],[-78.9949645644188,33.9469427965443],[-78.9954882818128,33.9445652751612],[-78.995224748551,33.944253325737],[-78.9953411271793,33.9437249863976],[-78.9950775973436,33.9434130363017],[-78.9952521643097,33.9426205264808],[-78.9944615933798,33.9416846720822],[-78.9959162296767,33.9350803839324]]},"properties":{"segment_id":"8ee2997398c0ac3b519039e3","source_kmz":"waccamaw","orientation":"unverified"}},{"type":"Feature","geometry":{"type":"LineString","coordinates":[[-79.0938422140587,33.9490352655662],[-79.0930828874118,33.9494686861215],[-79.0924392818492,33.9493736685856],[-79.0916799441162,33.949807079749],[-79.0881401269677,33.9492843961923],[-79.0870010826892,33.9499344687463],[-79.0866792814946,33.9498869435467],[-79.08629959518831,33.9501036307443],[-79.0859777937234,33.9500561036047],[-79.0855981046459,33.950272788454],[-79.0849545015675,33.9501777293973],[-79.0845748090563,33.9503944108561],[-79.0836094053921,33.950251812412],[-79.0786731850115,33.9530685118942],[-79.0786152710906,33.953332720251],[-79.0779716512805,33.9532376227401],[-79.0775919244873,33.9534542804418],[-79.0753392628729,33.9531214035824],[-79.07420005593491,33.9537713469595],[-79.0722692065049,33.9534859701665],[-79.0715097167239,33.9539192467113],[-79.0695788734753,33.9536338250954],[-79.0691991214497,33.9538504551536],[-79.0672682883571,33.9535649949703],[-79.0668885302513,33.9537816174672],[-79.0662449210365,33.9536864548071],[-79.0658651594983,33.9539030739128],[-79.0648997466344,33.9537603200635],[-79.064519981002,33.9539769347354],[-79.0613019570207,33.9535010198049],[-79.0609221826621,33.9537176227449],[-79.0593131820858,33.9534796264091],[-79.0589334023102,33.95369622283],[-79.05828980350502,33.9536010159278],[-79.0579100202976,33.9538176089572],[-79.05758822082241,33.9537700031172],[-79.0572084348449,33.9539865937979],[-79.0555994400518,33.953748545922],[-79.0552196486579,33.9539651300834],[-79.0532888638978,33.9536794367585],[-79.0529090664265,33.9538960133578],[-79.0500129098477,33.9534674034049],[-79.0496331043153,33.9536839693142],[-79.0495750916012,33.9539481629205],[-79.0488154713168,33.9543812902928],[-79.0484936750674,33.954333659204],[-79.0481138611011,33.9545502198879],[-79.0448959136052,33.9540738492116],[-79.044516090918,33.9542903981624],[-79.0409763867898,33.95376627528901],[-79.0405965547216,33.9539828114638]]},"properties":{"segment_id":"56e054e3bd05f6ac642719f1","source_kmz":"waccamaw","orientation":"unverified"}},{"type":"Feature","geometry":{"type":"LineString","coordinates":[[-78.8035567234198,33.9096139043614],[-78.8039369959233,33.9093981343553],[-78.8045799178247,33.9094947606492],[-78.8068615008667,33.9082001005784],[-78.8075044165215,33.9082967107684],[-78.8078846716986,33.9080809274177],[-78.8079434680539,33.9078168401964],[-78.8083237196803,33.9076010552685],[-78.8085001020134,33.9068087920827],[-78.8088803471918,33.9065930050437]]},"properties":{"segment_id":"73bcfaddd229e4beb8184af2","source_kmz":"waccamaw","orientation":"unverified"}},{"type":"Feature","geometry":{"type":"LineString","coordinates":[[-78.7374294490601,33.914121710182],[-78.7358550908528,33.9122464105972],[-78.7359141339865,33.9119823614849],[-78.7356517489566,33.9116698090565],[-78.7357107923419,33.9114057598512],[-78.735448410064,33.9110932067285],[-78.7356255397769,33.9103010584726],[-78.73510078543,33.9096759502263],[-78.7344579482022,33.9095789378342],[-78.7346941291727,33.90852273987291],[-78.7350745865791,33.9083071959883],[-78.7366816583807,33.9085497120801],[-78.7401056512072,33.9066097111479],[-78.7401646757026,33.9063456579415],[-78.7404860843508,33.9063941489322],[-78.74162737117722,33.9057474544172],[-78.741745408172,33.9052193457417],[-78.7423882185578,33.9053163181842],[-78.7431490575356,33.9048851767061],[-78.7432080704345,33.9046211213575],[-78.7435884853228,33.9044055483838],[-78.7439098881106,33.9044540299831],[-78.7446707102829,33.90402287801511],[-78.74493310571772,33.904335413078],[-78.7452545090517,33.9043838909456],[-78.7455169080367,33.9046964245381],[-78.746159718801,33.9047933760875],[-78.74642212278572,33.9051059074609],[-78.746743530216,33.9051543811428],[-78.7471239379406,33.9049387966909],[-78.7473009352321,33.904146624256],[-78.7476813365077,33.9039310376898],[-78.7486455478316,33.9040764457718],[-78.7488225277301,33.9032842701242],[-78.7507244710865,33.9022062979585],[-78.7513143056805,33.8995656912544],[-78.75169467355721,33.8993500902106],[-78.7520485464695,33.8977657188009]]},"properties":{"segment_id":"73edaef8348971fcf6836124","source_kmz":"waccamaw","orientation":"unverified"}},{"type":"Feature","geometry":{"type":"LineString","coordinates":[[-78.7685305214922,33.9147156550071],[-78.768209061177,33.9146672424619],[-78.7676840166027,33.9140422855845],[-78.7673625595853,33.913993870645],[-78.7668375263164,33.9133689093821],[-78.762658659065,33.9127394141378],[-78.7621336718897,33.9121144305144],[-78.7585977918256,33.911581645915],[-78.7580728449457,33.9109566429283],[-78.7581907785692,33.9104285210385],[-78.7579283095846,33.9101160185166],[-78.758046242916,33.9095878962001],[-78.7559465771087,33.9070878504729],[-78.7560645192711,33.9065597281079],[-78.7531777126756,33.9031220903959],[-78.753885418144,33.8999533496546],[-78.7520485464695,33.8977657188009]]},"properties":{"segment_id":"ff26fed91cc6886cd60af609","source_kmz":"waccamaw","orientation":"unverified"}},{"type":"Feature","geometry":{"type":"LineString","coordinates":[[-78.6872477268383,33.8904322984077],[-78.6880087251078,33.8900015113748],[-78.688067913199,33.8897374791066],[-78.68903183808492,33.8898833867698],[-78.6898182199896,33.8908213854727],[-78.69046084727951,33.8909186482812],[-78.6905792078705,33.8903905817431],[-78.6909005200167,33.8904392115082],[-78.6912810101592,33.8902238066318],[-78.6916952421279,33.8883755670294],[-78.69207572002401,33.888160158961],[-78.6930396329279,33.888306033518],[-78.6934201067769,33.8880906210072],[-78.6940627160812,33.888187864146],[-78.6944431865324,33.8879724482362],[-78.69476449113532,33.8880210674185],[-78.695525424442,33.8875902295759],[-78.6958467281461,33.8876388457755],[-78.6969881104154,33.8869925760414],[-78.6976307151268,33.8870897994925],[-78.6983916235469,33.8866589422695],[-78.6993555297168,33.8868047644673],[-78.6997359788297,33.8865893307576],[-78.7003785836436,33.8866865389904],[-78.7007590293585,33.8864711018819],[-78.7026868495004,33.886762698821],[-78.7030672892186,33.8865472541402],[-78.7037098978323,33.8866444438668],[-78.7040903341521,33.8864289957873],[-78.705375553579,33.8866233603176],[-78.7061620989488,33.8875612518445],[-78.7068047197573,33.8876584242458],[-78.7083778845674,33.889534178844],[-78.70869920426782,33.8895827592117],[-78.7094858193612,33.8905206245275],[-78.7107711195534,33.8907149280608],[-78.7110333345811,33.891027545397],[-78.7113546620779,33.8910761182924],[-78.7112955517081,33.8913401620118],[-78.7115577709346,33.8916527779052],[-78.7112622163395,33.8929729948258],[-78.7115244409155,33.8932856101323],[-78.7114653294473,33.8935496531813],[-78.7117275567729,33.8938622677934],[-78.7120488963662,33.8939108385813],[-78.7123111272409,33.8942234517237],[-78.7190593814704,33.895243215604],[-78.72115754758,33.8977439690526],[-78.7214789090117,33.8977925133953],[-78.72136074617511,33.8983206064586],[-78.722147601366,33.8992583750149],[-78.722468969646,33.89930691651151]]},"properties":{"segment_id":"33e98fd9d08e4fdf96694702","source_kmz":"waccamaw","orientation":"unverified"}},{"type":"Feature","geometry":{"type":"LineString","coordinates":[[-78.9454450697203,33.9259352218782],[-78.9436022217252,33.9237507109966],[-78.9441273479003,33.921373351413]]},"properties":{"segment_id":"78cf7bc7176bfa657262165c","source_kmz":"waccamaw","orientation":"unverified"}},{"type":"Feature","geometry":{"type":"LineString","coordinates":[[-78.8454440608815,33.9079872560391],[-78.8439234447391,33.9088508754792],[-78.8436019619213,33.9088026720749],[-78.8434259313075,33.9095949866859],[-78.8430457670162,33.9098108864291],[-78.842928408392,33.9103390950367],[-78.8414077186133,33.9112026787806],[-78.8410862276644,33.9111544685316],[-78.8384249350183,33.9126656823596],[-78.8381621374327,33.9123533628943],[-78.8378406437497,33.9123051436973],[-78.8378993419498,33.9120410427059],[-78.8343629492145,33.9115105739871],[-78.8341001717676,33.9111982448283],[-78.8312068083155,33.9107641375412],[-78.83006619068881,33.9114117113889],[-78.8297447058852,33.9113634696345],[-78.8293644951508,33.9115793239209],[-78.8258281813435,33.9110485939838],[-78.8255654395974,33.91073624525291],[-78.8249224815138,33.9106397357482],[-78.8246597447672,33.9103273847951],[-78.8243382677702,33.9102791279485],[-78.82355007449041,33.909342068503],[-78.8232286022365,33.9092938085112],[-78.8229658767964,33.9089814531673],[-78.82264440638862,33.9089331915295],[-78.8223816844993,33.9086208347131],[-78.8220602159375,33.9085725714294],[-78.82179749759912,33.9082602131405],[-78.8211545645649,33.9081636823848],[-78.8208918512258,33.9078513218739],[-78.8205703867535,33.90780305440201],[-78.8203076769651,33.9074906924187],[-78.8196647521102,33.9073941532865],[-78.8180885549062,33.9055199572118],[-78.8177671017662,33.905471681804],[-78.8172417224114,33.9048469424971],[-78.8169202725659,33.9047986646939],[-78.81639490451592,33.9041739209965],[-78.8160734579649,33.904125640798],[-78.8139720814263,33.9016266310978],[-78.814383469416,33.8997779809226]]},"properties":{"segment_id":"e2dc5934c8dec459a45b807b","source_kmz":"waccamaw","orientation":"unverified"}},{"type":"Feature","geometry":{"type":"LineString","coordinates":[[-79.06091292149051,33.9340762635126],[-79.0586348043985,33.9353758863287],[-79.0583130805243,33.9353282813763],[-79.0575536899769,33.9357614764479],[-79.0572319651726,33.9357138685134],[-79.0557131561416,33.936580238813],[-79.054747976149,33.9364373971174],[-79.0543682666386,33.9366539832997],[-79.0537248139508,33.9365587489312],[-79.0533451010103,33.9367753317225],[-79.0510930243426,33.9364419758697],[-79.0507133046667,33.9366585500581],[-79.0500698564019,33.9365632953679],[-79.0496901332963,33.9367798661653],[-79.0493684090919,33.9367322364318],[-79.0474697586455,33.9378150656119],[-79.0471480315287,33.937767429769],[-79.0466206001003,33.9371437600953],[-79.0427599400537,33.9365720419354],[-79.0423801966211,33.93678858874401],[-79.0414150384657,33.9366456358871],[-79.0406555413133,33.93707871933031],[-79.0403338213923,33.9370310644985],[-79.0399540689942,33.9372476032179],[-79.0386671905967,33.9370569707479],[-79.0360088463024,33.93857267601361],[-79.0337567918629,33.9382389835635],[-79.03349312701332,33.937927118766],[-79.0328496893188,33.9378317684861],[-79.03258602947,33.9375199014586],[-79.0318264748159,33.9379529264686],[-79.031504756684,33.9379052471456],[-79.0314466943279,33.93816943701371],[-79.0308032571361,33.9380740753854],[-79.0300436871961,33.9385070883857],[-79.0299275513029,33.9390354661281],[-79.0244583403915,33.9382247069917],[-79.0240785381401,33.9384411932805],[-79.01281873284292,33.9367711302937],[-79.01167924413372,33.9374204718496],[-79.0068537311527,33.9367043471903],[-79.0026753347849,33.9390849935591],[-79.0023536298117,33.9390372332685],[-79.0020900877752,33.9387252972615],[-79.0017102210467,33.9389417099954],[-78.9984932008498,33.9384640397979],[-78.9961215546617,33.9356565084411],[-78.99617973472722,33.93539233546051],[-78.9959162296767,33.9350803839324]]},"properties":{"segment_id":"862919a49eecdfb6dbcb05c2","source_kmz":"waccamaw","orientation":"unverified"}},{"type":"Feature","geometry":{"type":"LineString","coordinates":[[-78.9929223610994,33.9245414101525],[-78.9944416325048,33.9236758507097]]},"properties":{"segment_id":"4f588831426834b37cd3fb2d","source_kmz":"waccamaw","orientation":"unverified"}},{"type":"Feature","geometry":{"type":"LineString","coordinates":[[-78.7810921724224,33.9015952445353],[-78.7811510545114,33.9013311687252],[-78.7787883575291,33.8985190558419],[-78.7791416769189,33.8969345998967],[-78.77861666408191,33.8963096782969],[-78.779377215213,33.8958782935253],[-78.7794360987908,33.8956142166314],[-78.7797574876273,33.8956625991736],[-78.7779199921446,33.8934753671074],[-78.7786805195195,33.8930439853311],[-78.7812515529912,33.8934310386653],[-78.7823923126475,33.8927839311363],[-78.7849633559515,33.8931709020862],[-78.7853435997511,33.8929551886105],[-78.7869505114938,33.8931970111155],[-78.7877109862676,33.8927655698019],[-78.8185654953001,33.8974040170969]]},"properties":{"segment_id":"17b2d0618d64115e6a152bfc","source_kmz":"waccamaw","orientation":"unverified"}},{"type":"Feature","geometry":{"type":"LineString","coordinates":[[-78.7520485464695,33.8977657188009],[-78.752107523892,33.8975016564777],[-78.75324858448691,33.89685483985701],[-78.7538913402949,33.8969517494247],[-78.7542716883229,33.8967361391757],[-78.7545930661738,33.8967845915722],[-78.75497341145,33.8965689789689],[-78.7597941172973,33.8972956417412],[-78.7632170423076,33.8953549284741],[-78.7633349175756,33.8948267906698],[-78.7659970546704,33.8933172698597],[-78.7663506100586,33.8917328423129],[-78.76608817125862,33.8914203507371],[-78.76644171621001,33.8898359190106],[-78.7687233570015,33.8885419782878],[-78.7690447100937,33.8885903910425],[-78.7701855001808,33.887943399856],[-78.7702444088574,33.8876793249233],[-78.7715298131891,33.8878729538764],[-78.77229032130171,33.8874416109849],[-78.77261167207702,33.8874900138969],[-78.7737524165385,33.8868429866],[-78.8595667810922,33.8997336667685]]},"properties":{"segment_id":"d3027b224b2d49ab2674b3b2","source_kmz":"waccamaw","orientation":"unverified"}},{"type":"Feature","geometry":{"type":"LineString","coordinates":[[-78.7004696249717,33.8744158300057],[-78.7014333839342,33.8745616372057],[-78.7019576328836,33.8751869266298],[-78.7029214041379,33.8753327212803],[-78.7039699446056,33.8765832824928],[-78.7058975326828,33.8768748296556],[-78.70615968174002,33.8771874636661],[-78.7068022171948,33.8772846373918],[-78.7070643712485,33.8775972691844],[-78.7073856410244,33.8776458539555],[-78.7079099583259,33.8782711138797],[-78.70823123139951,33.8783196962588],[-78.7087555599937,33.8789449518002],[-78.7093981131359,33.8790421108785],[-78.7096602834792,33.8793547360705],[-78.70998156209882,33.8794033135179],[-78.7102437359898,33.8797159372401],[-78.7105650164581,33.8797645130435],[-78.7108271938969,33.8800771352959],[-78.7153251826973,33.8807570920154],[-78.7195206317686,33.8857587823048],[-78.7194615530327,33.8860228320204],[-78.7205105018688,33.8872732258343],[-78.7204514253342,33.887537275536],[-78.7207136684418,33.8878498722122],[-78.7206545921579,33.8881139218199],[-78.7209168380151,33.8884265178012],[-78.7205364383915,33.8886420206731],[-78.7203001260648,33.8896982169309],[-78.71991971854472,33.8899137174184],[-78.719860638015,33.8901777659128],[-78.7201228876248,33.8904903628567],[-78.7199456455891,33.8912825076963],[-78.7207324128683,33.8922202944403],[-78.7213750901398,33.8923173852879],[-78.7213160127127,33.8925814337019],[-78.7236764598756,33.8953947417423],[-78.7236173879022,33.8956587902777],[-78.72393874228162,33.895707327917]]},"properties":{"segment_id":"754d3e3b770798fd742956af","source_kmz":"waccamaw","orientation":"unverified"}},{"type":"Feature","geometry":{"type":"LineString","coordinates":[[-78.8482597363951,33.8953100170846],[-78.8493108714568,33.8965592264108],[-78.8496323073907,33.8966074147136],[-78.8498950978589,33.8969197144865],[-78.85085941238431,33.8970642717675],[-78.8511222092978,33.8973765685672],[-78.85272941534612,33.8976174756926],[-78.8529922216005,33.8979297680193],[-78.8539565543328,33.8980742992887],[-78.8542193670326,33.8983865886422],[-78.8616127365286,33.8994943764437]]},"properties":{"segment_id":"573100c24dc2f2a110666432","source_kmz":"waccamaw","orientation":"unverified"}},{"type":"Feature","geometry":{"type":"LineString","coordinates":[[-78.82108814232791,33.8890494129089],[-78.8216134461732,33.8896741475408]]},"properties":{"segment_id":"c1fe9d8c2a08abb6dad7572c","source_kmz":"waccamaw","orientation":"unverified"}},{"type":"Feature","geometry":{"type":"LineString","coordinates":[[-78.7725631786671,33.8817507810908],[-78.82108814232791,33.8890494129089]]},"properties":{"segment_id":"eeaf01711406091280032a06","source_kmz":"waccamaw","orientation":"unverified"}},{"type":"Feature","geometry":{"type":"LineString","coordinates":[[-78.7352985245875,33.8731283180305],[-78.7351214758562,33.8739205040032],[-78.73564599015181,33.874545641165],[-78.73628854052632,33.8746426513666],[-78.7365508037195,33.8749552173674],[-78.7364917907279,33.8752192794901],[-78.73727859485311,33.8761569732389],[-78.7385637277642,33.8763509715062],[-78.7388260057981,33.876663531651],[-78.7387669992078,33.8769275943475],[-78.7390292799914,33.8772401537965],[-78.7388522597785,33.8780323412401],[-78.739114544613,33.8783449000463],[-78.73905553772802,33.8786089623122],[-78.7395801149961,33.8792340778112],[-78.7440783053248,33.8799129167869],[-78.7444585974647,33.8796973340385],[-78.7460651097048,33.8799397287618],[-78.7463274298087,33.8802522704303],[-78.7462684458692,33.8805163357209],[-78.7465897520121,33.8805648113767]]},"properties":{"segment_id":"3f75f38c2cdb2fc81f552b0f","source_kmz":"waccamaw","orientation":"unverified"}},{"type":"Feature","geometry":{"type":"LineString","coordinates":[[-78.7299811766766,33.8731442694511],[-78.7318826461368,33.8720665649243],[-78.732203908591,33.8721150810866],[-78.7325841955364,33.8718995352041],[-78.7329054577393,33.8719480494276],[-78.7332857419357,33.8717325011907],[-78.7345707921363,33.8719265449552],[-78.7353575400333,33.8728642557977],[-78.7352985245875,33.8731283180305]]},"properties":{"segment_id":"91390f6ae6a520ce28f0df71","source_kmz":"waccamaw","orientation":"unverified"}},{"type":"Feature","geometry":{"type":"LineString","coordinates":[[-78.9467495153535,33.9034832628958],[-78.9470710397601,33.903531179946],[-78.9474508855954,33.9033149367152],[-78.9477140897574,33.9036270113564],[-78.9631477631242,33.905925889135],[-78.9634110388268,33.9062379269995]]},"properties":{"segment_id":"85987861129f2da239aa7d5f","source_kmz":"waccamaw","orientation":"unverified"}},{"type":"Feature","geometry":{"type":"LineString","coordinates":[[-78.7940429330474,33.879252526077],[-78.794567954649,33.879877391488],[-78.7948892880991,33.87992573296961],[-78.7945091340999,33.8801414814807],[-78.79403855538712,33.882254197079],[-78.7950886472785,33.8835039201699],[-78.8195122812189,33.8871751916558],[-78.82108814232791,33.8890494129089]]},"properties":{"segment_id":"9000bac4a0423aa4dd7bcf4f","source_kmz":"waccamaw","orientation":"unverified"}},{"type":"Feature","geometry":{"type":"LineString","coordinates":[[-78.7388782496037,33.8660255312168],[-78.7387602524484,33.8665536638636],[-78.7390224983744,33.8668662275532],[-78.7389634998488,33.8671302937211],[-78.7392257485238,33.8674428567146],[-78.7391667502498,33.8677069227877],[-78.7387865018788,33.8679224914987],[-78.73819648271721,33.8705631428902],[-78.7366754103152,33.8714253938911],[-78.7365573901092,33.8719535205712],[-78.7361771138649,33.8721690795067],[-78.7361181017151,33.872433142397],[-78.7357378219236,33.87264869975301],[-78.7356788079263,33.8729127622541],[-78.7352985245875,33.8731283180305]]},"properties":{"segment_id":"f1f21f29341d4b9e729ffb54","source_kmz":"waccamaw","orientation":"unverified"}},{"type":"Feature","geometry":{"type":"LineString","coordinates":[[-78.7984408164583,33.8684506470078],[-78.7992282958785,33.8693879272727],[-78.7989931059148,33.8704443104306],[-78.8003056266568,33.8720064302599],[-78.8009482362966,33.8721030814283],[-78.8003014900748,33.8750081298053],[-78.7942193962218,33.878460255532],[-78.7940429330474,33.879252526077]]},"properties":{"segment_id":"e60f2608845610fa8ee3cac4","source_kmz":"waccamaw","orientation":"unverified"}},{"type":"Feature","geometry":{"type":"LineString","coordinates":[[-78.7779141330266,33.8443431691733],[-78.778701123264,33.8452806187663],[-78.7786422751323,33.8455447126113],[-78.7794292862064,33.8464821557706],[-78.7797504729539,33.8465305414301],[-78.78001281562172,33.8468430202876],[-78.7803340042138,33.84689140430271],[-78.7802751603878,33.8471554984219],[-78.7847353424557,33.8524675160339],[-78.7845588418159,33.8532597989677],[-78.7848212263079,33.8535722641589],[-78.7845858891598,33.8546286398102],[-78.7851106696527,33.8552535682279],[-78.7846399866907,33.8573663141271],[-78.7854271888106,33.858303701946],[-78.7853095180026,33.8588318873643],[-78.7866215700315,33.8603941861891],[-78.7865627372895,33.8606582788455],[-78.7870875740977,33.8612831933646],[-78.7870287422616,33.8615472859515],[-78.7872911644661,33.8618597421521],[-78.78711466852651,33.8626520192643],[-78.7873770947856,33.8629644748191],[-78.7873182626621,33.8632285669737],[-78.7881055559903,33.86416592937691],[-78.7880467254245,33.8644300214881],[-78.78830916138432,33.864742474202],[-78.7881915003633,33.8652706581133],[-78.78924127041091,33.8665204619448],[-78.7890647837192,33.8673127372155],[-78.7893272334355,33.86762518644331],[-78.7887389251272,33.8702660964141],[-78.7897027972342,33.8704111685821],[-78.79180255745321,33.87291072047461],[-78.7921238605322,33.8729590700795],[-78.7916532605729,33.8750717957209],[-78.7937532085018,33.8775712970153],[-78.7935179198465,33.878627657774],[-78.7940429330474,33.879252526077]]},"properties":{"segment_id":"336a4414101d0b688f6d306f","source_kmz":"waccamaw","orientation":"unverified"}},{"type":"Feature","geometry":{"type":"LineString","coordinates":[[-78.9005722068484,33.8840390228986],[-78.90092298972691,33.8824541664425],[-78.900660043923,33.882141976791],[-78.9008938938887,33.88108540351741],[-78.8958983728062,33.8751536644001],[-78.8959568467629,33.8748895212677],[-78.8943794753523,33.8730162862947],[-78.8973613233198,33.8595448345127]]},"properties":{"segment_id":"28feba87547ce8cb89f8acad","source_kmz":"waccamaw","orientation":"unverified"}},{"type":"Feature","geometry":{"type":"LineString","coordinates":[[-78.93177554180292,33.8720540809747],[-78.93145415635172,33.8720061194482],[-78.9298759920187,33.8701333618345],[-78.93005105673352,33.8693408753934],[-78.92873598743701,33.8677802244803],[-78.9284146214355,33.8677322542375],[-78.9281516153273,33.8674201211282],[-78.92783025116601,33.8673721492385],[-78.92756724860521,33.8670600146532],[-78.9272458862842,33.8670120411167],[-78.9269828872707,33.8666999050554],[-78.926340166704,33.86660395379241],[-78.9260771726834,33.8662918155045],[-78.9215781931677,33.865620045773],[-78.915502194552,33.8690785904074],[-78.913574021199,33.868790535283],[-78.9128144756731,33.8692228173074],[-78.9124931135186,33.8691748028989],[-78.9121133369475,33.8693909409065],[-78.9115874459439,33.8687666011548],[-78.9112660864205,33.8687185833071],[-78.9113245035945,33.8684544301913],[-78.90682552646432,33.8677820882597],[-78.9057738590499,33.8665333551338],[-78.9054525122877,33.8664853209869],[-78.9051896021333,33.8661731351426],[-78.9048682572122,33.8661250993491],[-78.904605350605,33.8658129120294],[-78.90396266484,33.8657168362533],[-78.9036997632258,33.86540464670791],[-78.9030570819334,33.8653085658464],[-78.90279418531222,33.8649963740754],[-78.9024728467046,33.86494833155],[-78.9022099536305,33.8646361383037],[-78.9014503856188,33.8650683480092],[-78.9011290475417,33.8650203017532],[-78.9010705984611,33.8652844508991],[-78.9001065834495,33.8651403063163],[-78.897740700716,33.8623304932771],[-78.8978576165796,33.8618021961952],[-78.8973318905932,33.8611777854239],[-78.8976241798859,33.8598570408597],[-78.8973613233198,33.8595448345127]]},"properties":{"segment_id":"4c68776739ebd3a369df0693","source_kmz":"waccamaw","orientation":"unverified"}},{"type":"Feature","geometry":{"type":"LineString","coordinates":[[-79.0779123430048,33.912585726739],[-79.0765935911869,33.9110268470971],[-79.0753070556344,33.910836615645],[-79.0739883853835,33.9092777027794],[-79.0743357608983,33.907692374806],[-79.0740720371354,33.9073805902044],[-79.0748310599613,33.9069472708774],[-79.0751205176372,33.9056261584389],[-79.074065650605,33.904379019492],[-79.0721360231804,33.9040936223071],[-79.0718723203575,33.9037818312383],[-79.0712291172408,33.9036866901619],[-79.0712870193313,33.9034224686004],[-79.0707596271058,33.902798881323],[-79.0691516458867,33.902561006133],[-79.0692674620667,33.9020325642004],[-79.0690037776598,33.9017207657599],[-79.0693512207601,33.9001354372477],[-79.0697307111102,33.899918791693],[-79.06984651945211,33.8993903473717],[-79.0693191659649,33.898766750269],[-79.068997586422,33.8987191727717],[-79.0691133979463,33.8981907283628],[-79.0675314046235,33.8963199153929],[-79.0677051308679,33.8955272483367],[-79.06609730869512,33.8952893284436],[-79.0653063680785,33.8943539010848],[-79.0655959402133,33.8930327909283],[-79.06480502845801,33.8920973574023],[-79.0644834791308,33.8920497669427],[-79.064541395417,33.8917855447727],[-79.0635767529449,33.8916427684464],[-79.063313126343,33.8913309528329],[-79.061383860649,33.8910453714496],[-79.06112024482012,33.8907335505957],[-79.059512541411,33.8904955376832],[-79.0563494023393,33.8867535855913],[-79.0560278801683,33.8867059712922],[-79.0552371470965,33.885770464653],[-79.0542725959368,33.8856276096056],[-79.0511099050825,33.8818854905335]]},"properties":{"segment_id":"6bc8448da82910c0d01c3517","source_kmz":"waccamaw","orientation":"unverified"}},{"type":"Feature","geometry":{"type":"LineString","coordinates":[[-79.0870204122521,33.9073852827269],[-79.0854378035763,33.9055147369947],[-79.0855535139069,33.9049862807842],[-79.0849102842027,33.9048912159328],[-79.0835915226301,33.9033324005511],[-79.0836493826222,33.9030681726824],[-79.0833277766346,33.903020635293],[-79.0828002909622,33.902397102595],[-79.0829160145238,33.9018686468897],[-79.0825944139234,33.9018211073875],[-79.0820669422112,33.9011975703765],[-79.0817453448918,33.9011500284721],[-79.0812178844936,33.9005264870471],[-79.08127575043892,33.9002622594055],[-79.08101202406031,33.8999504876273],[-79.08069043251972,33.8999029427131],[-79.08042670969182,33.8995911694552],[-79.0801051199876,33.8995436228914],[-79.0798414007104,33.8992318481538],[-79.0807094042454,33.8952684246662],[-79.0796545878742,33.8940213199503],[-79.0790114556742,33.8939262209455],[-79.07742931162191,33.892055533022],[-79.077107754776,33.8920079776598],[-79.0771656283161,33.8917437491557],[-79.0768440729147,33.891696193041],[-79.0757893665246,33.8904490472927],[-79.0754678172924,33.8904014872715],[-79.0755256951907,33.8901372590372],[-79.075204147403,33.89008969826371],[-79.0736221722796,33.888218948942],[-79.073680054805,33.8879547208825],[-79.0733585171278,33.8879071548426],[-79.0734164003141,33.887642926808],[-79.0728890976481,33.887019336477],[-79.0729469817646,33.8867551083727],[-79.0726254494729,33.8867075402205],[-79.0723618034029,33.8863957432365],[-79.0720402729472,33.8863481734351],[-79.07098571549612,33.8851009752164],[-79.07104360463052,33.8848367474061],[-79.0511099050825,33.8818854905335]]},"properties":{"segment_id":"aa59e0c1ce6b8f3cef517f0f","source_kmz":"waccamaw","orientation":"unverified"}},{"type":"Feature","geometry":{"type":"LineString","coordinates":[[-79.0511099050825,33.8818854905335],[-79.05078840614702,33.8818378613659],[-79.0499977851214,33.8809023129817]]},"properties":{"segment_id":"d96fed39f3114f1d32c4b365","source_kmz":"waccamaw","orientation":"unverified"}},{"type":"Feature","geometry":{"type":"LineString","coordinates":[[-79.0337398573277,33.9095926094949],[-79.0337978906702,33.9093284087396],[-79.034177524337,33.9091118824251],[-79.034235555841,33.9088476812859],[-79.0346151859564,33.9086311534005],[-79.034673215622,33.9083669518775],[-79.0354324666442,33.9079338916583],[-79.0355485190149,33.9074054871963],[-79.037066984226,33.9065393489647],[-79.0372990611262,33.9054825343763],[-79.0388174695188,33.9046163710105],[-79.0392815582184,33.9025027276369],[-79.0390179919814,33.9021908610442],[-79.0391340115507,33.9016624490568],[-79.0383433294334,33.9007268450723],[-79.03840134060951,33.9004626389756],[-79.0391604940931,33.9000295498555],[-79.0392185019861,33.8997653431103],[-79.0395980741246,33.89954879632611],[-79.0397720911126,33.8987561745797],[-79.04053122040231,33.8983230755052],[-79.0411743418995,33.8984183879384],[-79.0419334601274,33.897985279471],[-79.041991457119,33.8977210706352],[-79.0423130160834,33.8977687232778],[-79.0431829080731,33.8938055742149],[-79.0429193556101,33.8934937129962],[-79.0433252796094,33.8916442343983],[-79.0430617338722,33.8913323726294],[-79.0444533431787,33.8849912592221],[-79.041554653229,33.8815607384152],[-79.0417865951809,33.8805038805731],[-79.0415230931791,33.8801920107833],[-79.0402371510665,33.8800013816972],[-79.0397101649318,33.8793776339212],[-79.0397681556271,33.8791134198151]]},"properties":{"segment_id":"ab15355924539650b830215b","source_kmz":"waccamaw","orientation":"unverified"}},{"type":"Feature","geometry":{"type":"LineString","coordinates":[[-79.0840137808656,33.8832088343396],[-79.083255039702,33.8836422272623],[-79.08229046361842,33.8834996055198],[-79.0819110878953,33.8837162968984],[-79.0806249892863,33.8835261178523],[-79.0802456088135,33.8837428037595],[-79.0796025605357,33.8836477067721],[-79.0792231766356,33.8838643892907],[-79.0708636743675,33.8826277749047],[-79.0704842711783,33.8828444290394],[-79.0672691418888,33.8823686362679],[-79.0668897299874,33.8825852786818],[-79.0537080824863,33.8806335479634],[-79.0533286414017,33.8808501463689],[-79.0523641544981,33.8807072744893],[-79.0519847093283,33.880923868464],[-79.0506987296386,33.8807333559032],[-79.0503192797236,33.8809499444055],[-79.0499977851214,33.8809023129817]]},"properties":{"segment_id":"9121d7115753f04dcd8571d9","source_kmz":"waccamaw","orientation":"unverified"}},{"type":"Feature","geometry":{"type":"LineString","coordinates":[[-78.838919553581,33.8491505678274],[-78.8391821416168,33.849462911249],[-78.8390648475164,33.8499911574088],[-78.8393860855531,33.8500393771121],[-78.8390928486121,33.8513599911248],[-78.8398806433716,33.8522970153266],[-78.8398219967537,33.85256113784201],[-78.8390622011784,33.8529929443632],[-78.8387409511983,33.8529447239461],[-78.8385063449919,33.8540012100735],[-78.8406072252698,33.8564999288231],[-78.8409284910198,33.8565481438292],[-78.8411911119495,33.8568604796646],[-78.8508293121895,33.85830649075],[-78.8597611487112,33.8689247135933],[-78.8597025568291,33.8691888404544],[-78.8618045235459,33.8716871243613],[-78.8634112339462,33.8719278910881],[-78.8691924948883,33.878797850352],[-78.8699523748758,33.8783658603406],[-78.876379925874,33.879328331524],[-78.8775196908115,33.8786802741428],[-78.8795683115144,33.8694355607479],[-78.8833668851168,33.8672751910739],[-78.8840689841925,33.8641055090554],[-78.8863479233858,33.8628092052236],[-78.8864649170071,33.8622809199978],[-78.8879841562183,33.8614166891332],[-78.8881011366898,33.860888401291],[-78.8884809383489,33.8606723397695],[-78.8885394265455,33.8604081954007],[-78.8892990206696,33.8599760678979],[-78.889357505579,33.859711922875],[-78.8897372980441,33.85949585689381],[-78.8897957811122,33.8592317114834],[-78.8901755700308,33.8590156439267],[-78.8903510125251,33.858223206171],[-78.8918701298435,33.8573589196565],[-78.8919286041011,33.8570947724297],[-78.8923083767334,33.8568786972626],[-78.89236684915,33.8566145496483],[-78.892746618236,33.8563984729057],[-78.8928050888115,33.8561343249039],[-78.8931848543512,33.855918246586],[-78.8933017914249,33.8553899496866],[-78.8936815519728,33.8551738695266],[-78.893740018471,33.854909720629],[-78.8941197754728,33.8546936388936],[-78.8941782401301,33.8544294896085],[-78.8945579935858,33.8542134062977]]},"properties":{"segment_id":"247696cd6cce69141d1eaeb4","source_kmz":"waccamaw","orientation":"unverified"}},{"type":"Feature","geometry":{"type":"LineString","coordinates":[[-79.0499977851214,33.8809023129817],[-79.0497342489886,33.8805904620661],[-79.0500240334932,33.8792693672929],[-79.04976050276541,33.8789575157746],[-79.0494390167052,33.8789098826738],[-79.04864844148102,33.8779743215],[-79.0482689992845,33.8781909040519],[-79.0480054792028,33.8778790480961],[-79.0473625184931,33.8777837711052],[-79.0470990034043,33.8774719129183],[-79.0467775250821,33.8774242723258],[-79.0459869967743,33.8764886911465],[-79.0456655231771,33.8764410474013],[-79.0441477384757,33.8773073323453],[-79.0438262626311,33.8772596835372],[-79.0404111180165,33.8792087388697],[-79.0397681556271,33.8791134198151]]},"properties":{"segment_id":"0a272b1908d0d708e93d2a91","source_kmz":"waccamaw","orientation":"unverified"}},{"type":"Feature","geometry":{"type":"LineString","coordinates":[[-78.840005765863,33.8427633591874],[-78.8405309097908,33.8433880455965],[-78.8403549953999,33.8441804230111],[-78.8395952842577,33.8446122377736],[-78.8392740684025,33.8445640183091],[-78.8390394945658,33.8456205171077],[-78.8393020712185,33.8459328617005],[-78.8390088482682,33.8472534825993],[-78.8392714302857,33.8475658265938],[-78.8395926584791,33.847614045876],[-78.8393580797937,33.8486705411014],[-78.8389782006897,33.8488864445912],[-78.838919553581,33.8491505678274]]},"properties":{"segment_id":"84b02430956e7cbf894355cf","source_kmz":"waccamaw","orientation":"unverified"}},{"type":"Feature","geometry":{"type":"LineString","coordinates":[[-78.8973613233198,33.8595448345127],[-78.8975951502591,33.8584882367895],[-78.8970694486702,33.8578638221218],[-78.8973617300015,33.8565430725031],[-78.8970988856336,33.8562308642074],[-78.8973911603585,33.8549101116952],[-78.8971283213664,33.8545979027999],[-78.897362136652,33.8535412987163],[-78.8970993023806,33.8532290891963],[-78.8973915658698,33.8519083314987],[-78.89712873697391,33.85159612137861],[-78.897245640913,33.8510678175038]]},"properties":{"segment_id":"634eb2703d7a0e7c0f4cce30","source_kmz":"waccamaw","orientation":"unverified"}},{"type":"Feature","geometry":{"type":"LineString","coordinates":[[-78.820851360017,33.8393404327245],[-78.8245263109071,33.8437138055435],[-78.8258111263124,33.843906842193],[-78.8276487965062,33.846093454397],[-78.82797001147232,33.8461417060745],[-78.8282325456276,33.8464540756006],[-78.8301598524321,33.8467435623577],[-78.8306849443938,33.8473682902447],[-78.831648611828,33.8475130170336],[-78.8331681699457,33.8466494900261],[-78.8334893906053,33.8466977263288],[-78.833869274234,33.8464818402606],[-78.8345117154369,33.8465783080943],[-78.8348915956606,33.8463624186322],[-78.8352128162039,33.8464106501631],[-78.8355926936755,33.8461947583492],[-78.8361178253837,33.8468194620018],[-78.836059170158,33.8470835845014],[-78.8376652952657,33.8473247167453],[-78.83804517040501,33.8471088171292],[-78.8383663959629,33.8471570398484],[-78.8388915563129,33.8477817301111],[-78.8386569676446,33.8488382236815],[-78.838919553581,33.8491505678274]]},"properties":{"segment_id":"96b9fc257071501e52f077c6","source_kmz":"waccamaw","orientation":"unverified"}},{"type":"Feature","geometry":{"type":"LineString","coordinates":[[-78.8135853342942,33.8346998778944],[-78.8164722701314,33.8381363137928],[-78.8167934454887,33.8381845970356],[-78.8173183730833,33.8388093926508],[-78.820851360017,33.8393404327245]]},"properties":{"segment_id":"3f300daae6cc908c172e6b6a","source_kmz":"waccamaw","orientation":"unverified"}},{"type":"Feature","geometry":{"type":"LineString","coordinates":[[-78.8199944502676,33.8222891598094],[-78.8197009898045,33.8236097726824],[-78.81932117820702,33.8238256186595],[-78.8189103067808,33.82567446969971],[-78.8185304829672,33.8258903124915],[-78.8178847726947,33.8287956348604],[-78.81750493088151,33.8290114733953],[-78.8173875209649,33.8295397117106],[-78.8158681211676,33.8304030506083],[-78.8158094098312,33.8306671685121],[-78.8154295531913,33.8308829996939],[-78.8151946980945,33.8319394690231],[-78.8140550982374,33.8325869514944],[-78.8139963791335,33.8328510677194],[-78.81425881279002,33.8331634744282],[-78.8142000939414,33.8334275905568],[-78.8164481844963,33.8337656007415],[-78.81881027878121,33.8365771815599],[-78.8191314491753,33.8366254584037],[-78.819656384989,33.8372502446767],[-78.819538977237,33.8377784794638],[-78.820851360017,33.8393404327245]]},"properties":{"segment_id":"036c372dda4fc0ff9abefff1","source_kmz":"waccamaw","orientation":"unverified"}},{"type":"Feature","geometry":{"type":"LineString","coordinates":[[-78.9629587311265,33.8450516178519],[-78.9648562980321,33.84397004539881],[-78.9654988796754,33.8440657853626],[-78.96587838543931,33.8438494648665],[-78.9668422588858,33.8439930649664],[-78.9672217605776,33.84377674003861],[-78.9758967632416,33.8450687498602],[-78.977794151469,33.843986965019]]},"properties":{"segment_id":"cc9ba94a97943cf696bb60e2","source_kmz":"waccamaw","orientation":"unverified"}},{"type":"Feature","geometry":{"type":"LineString","coordinates":[[-79.1125182314953,33.8666885753972],[-79.1117598089687,33.86712216465671],[-79.1091880191877,33.8667424479704],[-79.1088087994734,33.866959232314],[-79.10784438276661,33.8668168206356],[-79.1074651589626,33.8670336005509],[-79.1068222151217,33.8669386528657],[-79.1060637585531,33.8673722046164],[-79.104456399173,33.867134809298],[-79.1040771644239,33.8673515780101],[-79.102469811506,33.8671141550657],[-79.1016787206649,33.866178942241],[-79.1017364919565,33.865914692569],[-79.1012091099083,33.8652912137599],[-79.1013824254065,33.8644984641698],[-79.1008550557447,33.8638749825934],[-79.1009706001016,33.86334648236381],[-79.10070691975021,33.8630347405317],[-79.1007646920037,33.8627704902611],[-79.100501014418,33.8624587477249],[-79.1008476437001,33.8608732437259],[-79.1012268559627,33.8606564837749],[-79.1013423930443,33.8601279809528],[-79.100815053204,33.8595044956362],[-79.1008728224812,33.85924024409331],[-79.1006091563787,33.85892850036661],[-79.1006669259265,33.8586642487279],[-79.1004032625893,33.858352504297],[-79.10008183048602,33.8583050107282],[-79.0998181706959,33.8579932648165],[-79.0994967404262,33.8579457695985],[-79.0981784802509,33.8563870253521],[-79.0978570575862,33.8563395254751],[-79.09759341330602,33.8560277736883],[-79.097271992475,33.8559802721621],[-79.0967447131121,33.8553567648986],[-79.095459045239,33.8551667438075],[-79.0949317858341,33.8545432276111]]},"properties":{"segment_id":"11bf72d96af15b20258c47ca","source_kmz":"waccamaw","orientation":"unverified"}},{"type":"Feature","geometry":{"type":"LineString","coordinates":[[-78.9291075787956,33.8375461961939],[-78.9317645583504,33.8360327489055],[-78.9319395275257,33.8352402242557],[-78.9323190832999,33.8350240114685],[-78.9329605906966,33.8321180755001],[-78.9311203038869,33.8299330990404],[-78.9311786249655,33.82966892248731]]},"properties":{"segment_id":"eb2d781412503e60574dd880","source_kmz":"waccamaw","orientation":"unverified"}},{"type":"Feature","geometry":{"type":"LineString","coordinates":[[-78.9830904713498,33.8545979981588],[-78.9884033950104,33.851568625363],[-78.9891592304549,33.8481340429647],[-78.9895386904643,33.8479176459357],[-78.9919801056758,33.8368211522634]]},"properties":{"segment_id":"4e2f933aad2ef1df25422130","source_kmz":"waccamaw","orientation":"unverified"}},{"type":"Feature","geometry":{"type":"LineString","coordinates":[[-79.0949317858341,33.8545432276111],[-79.0946681592875,33.8542314684204],[-79.0943467476248,33.8541839586487],[-79.0938195037285,33.8535604365775],[-79.0925338725288,33.8533703825048],[-79.0922702595074,33.8530586173672],[-79.0855208286339,33.8520605823158],[-79.08499366949991,33.8514370182577],[-79.0846722752165,33.8513894814115],[-79.0844087002476,33.8510776975378],[-79.0840873077981,33.8510301590427],[-79.0838237363755,33.8507183736885],[-79.0835023457599,33.8506708335446],[-79.0832387778835,33.8503590467099],[-79.0809890646252,33.8500262353316],[-79.0807255089519,33.849714442503],[-79.0794399728948,33.8495242418387],[-79.0790607542296,33.849740933469],[-79.0774538396573,33.8495031572607],[-79.0771902998551,33.8491913561578],[-79.0717268879998,33.8483827366048],[-79.0679344482202,33.8505493443172],[-79.0678186993377,33.8510778203344],[-79.0670601803716,33.8515111251479],[-79.0667707868841,33.852832310437],[-79.0595643000018,33.8569484204844],[-79.0595063927081,33.8572126521499],[-79.0583684526172,33.8578625203721],[-79.05644003147492,33.85757684405781],[-79.05512263667431,33.8560176082008],[-79.053837059283,33.8558271243533],[-79.0500437621186,33.8579931239329],[-79.0461869883936,33.8574214613765],[-79.0448698008407,33.8558621083622],[-79.04454841279582,33.8558144602289],[-79.0440215553835,33.855190712427],[-79.0437001706177,33.8551430618935],[-79.0431733245045,33.8545193096779],[-79.0428519430178,33.8544716567442],[-79.0429099046025,33.8542074324789],[-79.0426464868033,33.8538955545524],[-79.0427044486554,33.8536313301912],[-79.0421776206849,33.8530075722043],[-79.0418562460236,33.852959916408],[-79.04191420985391,33.8526956921196],[-79.0412714638103,33.8526003781268],[-79.0404812525953,33.8516647289969],[-79.040159884492,33.8516170684004],[-79.0398964864027,33.8513051831503],[-79.0395751201348,33.85125752090551],[-79.0382581684465,33.8496980799838],[-79.0372940936468,33.8495550765941],[-79.0367673363506,33.8489312906225],[-79.0368253144006,33.8486670674936],[-79.0365619395655,33.8483551734407],[-79.0362405874646,33.8483075017408],[-79.0359772161755,33.8479956062087],[-79.03565586591,33.84794793286061],[-79.0353924981668,33.8476360358494],[-79.0354504799047,33.8473718129621],[-79.034486438945,33.8472287857183],[-79.0342230782934,33.8469168857486]]},"properties":{"segment_id":"0ac8c3e225ec76e14e64d1b4","source_kmz":"waccamaw","orientation":"unverified"}},{"type":"Feature","geometry":{"type":"LineString","coordinates":[[-78.863676178611,33.8168386637053],[-78.86393875701812,33.8171509641224],[-78.8638216787043,33.8176792577993],[-78.86487201854021,33.8189284524102],[-78.8648134814036,33.8191925991639],[-78.8650760722612,33.819504896028],[-78.8650175353825,33.8197690426846],[-78.8652801289918,33.8200813388479],[-78.8652215923709,33.8203454854075],[-78.8654841887319,33.82065778087],[-78.86542565236891,33.8209219273326],[-78.8656882514816,33.8212342220943],[-78.8655711788758,33.8217625147039],[-78.8660963860102,33.8223871021496],[-78.8664175272649,33.8224352484671],[-78.8663589927248,33.8226993947847],[-78.8670012785194,33.82279568502461],[-78.867263890222,33.823107975435],[-78.87304455958011,33.8239744128762],[-78.8733071993868,33.8242866890658],[-78.8736283528866,33.8243348152203],[-78.8738909962366,33.8246470899349],[-78.8751756199692,33.8248395825966],[-78.8757009245229,33.8254641238514],[-78.8764602500288,33.8250320609268],[-78.8771025674311,33.8251282947176],[-78.8769855661405,33.82565659618301],[-78.8772482273443,33.8259688627232],[-78.877569390182,33.8260169778169],[-78.8780947217753,33.8266415072215],[-78.8800217244413,33.826930169975],[-78.8799632325105,33.8271943216204],[-78.8802259107779,33.8275065807601],[-78.8801674191058,33.8277707323087],[-78.8814808451963,33.8293320172498],[-78.8818020244586,33.829380120366],[-78.88206471741832,33.8296923744283],[-78.8823858985208,33.8297404758988],[-78.8826485950243,33.8300527284859],[-78.88329096130491,33.8301489272397],[-78.88618079316981,33.8335836413274],[-78.8865019927966,33.8336317311111],[-78.8867647188244,33.8339439727444],[-78.8874071221536,33.83404014812431],[-78.8881953215023,33.8349768641724],[-78.8881368511752,33.8352410171624],[-78.8884580588172,33.8352891014044],[-78.8892462833583,33.8362258087486],[-78.890531135218,33.83641812775781],[-78.8907938867105,33.8367303590884],[-78.893042402795,33.8370668776128],[-78.8935679323079,33.8376913275972],[-78.8942103748113,33.8377874646837],[-78.8944731456071,33.8380996870877],[-78.89832785115722,33.8386764253495],[-78.8994668411518,33.838028117219],[-78.8997880672179,33.8380761697923],[-78.9001677256952,33.8378600634233],[-78.9004889515015,33.8379081140589],[-78.9008686072242,33.8376920053397],[-78.9047233398496,33.8382685305849],[-78.9062419103059,33.8374040326229]]},"properties":{"segment_id":"69e3719a223d04b1a449da29","source_kmz":"waccamaw","orientation":"unverified"}},{"type":"Feature","geometry":{"type":"LineString","coordinates":[[-78.8517126595571,33.8079477103295],[-78.8520923045697,33.8077317533685],[-78.8524133769988,33.80777993954061],[-78.8529383850793,33.8084045983022],[-78.8539016134078,33.8085491469489],[-78.8541641249274,33.8088614729933],[-78.8548062820139,33.8089578327812],[-78.8550687985198,33.8092701566013],[-78.8553898791011,33.8093183344025],[-78.85565239914881,33.8096306567479],[-78.8562945643875,33.8097270081647],[-78.8565570894215,33.8100393282857],[-78.8568781740788,33.8100875019013],[-78.8571407026549,33.8103998205475],[-78.85778287604552,33.810496163593],[-78.8580454096079,33.8108084800148],[-78.8599719479424,33.8110974831613],[-78.8607312208286,33.81066551543761],[-78.86233667378852,33.8109063163509],[-78.8627163038191,33.8106903253179],[-78.8636795783823,33.8108347919949],[-78.8639421366379,33.81114709487551],[-78.8637665320949,33.8119395414836],[-78.8640290944081,33.8122518437117],[-78.86315102809091,33.8162140606954],[-78.863676178611,33.8168386637053]]},"properties":{"segment_id":"90b7a5b7147342106ae88f4c","source_kmz":"waccamaw","orientation":"unverified"}},{"type":"Feature","geometry":{"type":"LineString","coordinates":[[-78.875825335838,33.8069242571263],[-78.8755627442986,33.8066119795169],[-78.8736362588835,33.8063232346755],[-78.8731110994263,33.8056986682831],[-78.87083360551361,33.806994808338],[-78.8704825512243,33.8085797300878],[-78.8701029528989,33.8087957472435],[-78.86978186540101,33.8087476103048],[-78.8671246138149,33.8102596864537],[-78.8668035221386,33.8102115413294],[-78.8660442872139,33.8106435492223],[-78.8657231946262,33.8105954011195],[-78.8654305505647,33.811916150331],[-78.8646712914987,33.812348148229],[-78.863676178611,33.8168386637053]]},"properties":{"segment_id":"0f444cf4f5957fa506d4a978","source_kmz":"waccamaw","orientation":"unverified"}},{"type":"Feature","geometry":{"type":"LineString","coordinates":[[-79.1000627372172,33.8386612258998],[-79.0989254046296,33.8393115091006],[-79.0988098819781,33.8398400239049],[-79.0993370731219,33.8404635344149],[-79.0996584313868,33.8405110311638],[-79.1009764532629,33.8420697909249],[-79.1012978191296,33.8421172830152],[-79.1028795234427,33.8439877661679],[-79.1032008983536,33.844035252847],[-79.1045190503361,33.845593965007],[-79.1044613034783,33.8458582230888],[-79.1047249408465,33.84616996335861],[-79.1039666742318,33.8466035131189],[-79.1039089247598,33.8468677705753],[-79.1035297868548,33.8470845432332],[-79.1034142838543,33.8476130572562],[-79.103677922966,33.8479247991979],[-79.1035624197254,33.8484533127875],[-79.1038838134176,33.84850079728991],[-79.1027463694113,33.8491511097102],[-79.1025153451401,33.8502081328496],[-79.1017570270774,33.8506416658214],[-79.1016415068276,33.8511701756119],[-79.1005040052999,33.8518204636934],[-79.1003307090115,33.8526132250976],[-79.0999515333001,33.8528299843876],[-79.099778229167,33.8536227439167],[-79.0993990470238,33.8538395011081],[-79.0990776340972,33.8537920044669],[-79.0979400730606,33.8544422650864],[-79.0976186585414,33.8543947644257],[-79.0972394666603,33.8546115143139],[-79.096596637472,33.8545165082206],[-79.0962174421649,33.8547332547216],[-79.0949317858341,33.8545432276111]]},"properties":{"segment_id":"9fdfa89408681bebe8fe76e3","source_kmz":"waccamaw","orientation":"unverified"}},{"type":"Feature","geometry":{"type":"LineString","coordinates":[[-78.9523092295077,33.812083564633],[-78.9562531957648,33.8167650001639],[-78.9561949690532,33.8170291938484],[-78.9567208682235,33.8176533729451],[-78.9573632235718,33.8177491614529],[-78.9578891369138,33.8183733346397],[-78.9655975931454,33.8195224811728],[-78.9658605876058,33.8198345486578],[-78.9665029720743,33.819930286073],[-78.9680810002541,33.8218026667087],[-78.9696870116086,33.8220419720424],[-78.9700663988539,33.8218256315379],[-78.97295723816,33.8222563153218],[-78.9732202711996,33.82256836493],[-78.9770747904757,33.8231424880688],[-78.9781270129139,33.8243906431872],[-78.9787694498442,33.8244863118252],[-78.98613602874842,33.8332230299093],[-78.9864572882186,33.8332708418553],[-78.9867204122261,33.8335828562089],[-78.987041673533,33.8336306665076],[-78.9873048010849,33.83394267938321],[-78.9876260642283,33.8339904880347],[-78.98788919532471,33.8343024994322],[-78.9882104603047,33.8343503064363],[-78.9884735949457,33.8346623163558],[-78.9887948617622,33.8347101217127],[-78.98905799994772,33.835022130154],[-78.9893792686008,33.8350699338636],[-78.9896424103309,33.83538194082681],[-78.9909274946475,33.8355731436988],[-78.9911906442529,33.8358851469304],[-78.991511917758,33.8359329446568],[-78.9917750709081,33.8362449464103],[-78.9927388981121,33.8363883319589]]},"properties":{"segment_id":"353658982fb421da0c9fcf59","source_kmz":"waccamaw","orientation":"unverified"}},{"type":"Feature","geometry":{"type":"LineString","coordinates":[[-79.027612165711,33.8211079330029],[-79.0279334007284,33.8211556303955],[-79.0281966494868,33.8214675552453],[-79.0285178863387,33.8215152509903],[-79.0293076495475,33.8224510189179],[-79.0299501330824,33.8225464032102],[-79.0302133945724,33.822858322894],[-79.0305346383703,33.8229060129444],[-79.0310611705386,33.82352984862511],[-79.0313824176136,33.8235775362762],[-79.031645688292,33.8238894522732],[-79.0319669372015,33.8239371382766],[-79.03223021142351,33.8242490527941],[-79.03287271330342,33.8243444206091],[-79.0336625572321,33.8252801552851],[-79.0343050693351,33.8253755150057],[-79.0348316482308,33.8259993314773],[-79.0351529077553,33.82604700849011],[-79.0354162017977,33.8263589148824],[-79.0357374631567,33.8264065902473],[-79.0362640604307,33.8270303993451],[-79.0369065900948,33.8271257443798],[-79.0376965104218,33.8280614480574],[-79.038339050309,33.8281567849973],[-79.0388656801382,33.8287805808029],[-79.0395082273633,33.8288759111512],[-79.0400348713692,33.8294997010385],[-79.0406774259321,33.829595024795],[-79.0412040841149,33.8302188087639],[-79.0415253648694,33.8302664677943],[-79.04178869855582,33.8305783579352],[-79.0427525474981,33.8307213273937],[-79.0435109994381,33.8302881703048],[-79.0441483335344,33.8273816009784],[-79.0445275404838,33.8271650175557]]},"properties":{"segment_id":"d455934d10c421fef5862d5d","source_kmz":"waccamaw","orientation":"unverified"}},{"type":"Feature","geometry":{"type":"LineString","coordinates":[[-78.9199621993965,33.805343059737],[-78.9218593971886,33.8042621368873],[-78.9223849363375,33.8048864827531],[-78.92270604031572,33.8049344737143],[-78.92308547450101,33.8047182826308],[-78.9240487868357,33.8048622470171],[-78.9244282169578,33.8046460515023],[-78.9250704258416,33.8047420211993],[-78.9262086996873,33.80409342056],[-78.9313463960618,33.8048609991869],[-78.9316092044771,33.8051731506529],[-78.9325725381066,33.8053170438671],[-78.9330981698921,33.8059413401171],[-78.9340615157268,33.8060852207677],[-78.9343243390971,33.8063973655517],[-78.9372144108625,33.8068289523809],[-78.9379732152783,33.80639647467671],[-78.9392576966159,33.806588259428],[-78.9395205424222,33.8069003921814],[-78.9424106614592,33.8073318487166],[-78.9426735223528,33.807643973989],[-78.9433157782457,33.8077398418648],[-78.9435786441244,33.8080519649095],[-78.944863166408,33.80824368690981],[-78.9451260401583,33.8085558062258],[-78.94641057451412,33.8087475108916],[-78.94678996164501,33.8085312430372],[-78.9503224563886,33.809058345515],[-78.9505853546724,33.8093704520715],[-78.9509064943631,33.8094183643532],[-78.9511693961891,33.8097304694322],[-78.9509946790522,33.810523049783],[-78.9523092295077,33.812083564633]]},"properties":{"segment_id":"99f9a7f7e9ccaee6344dd935","source_kmz":"waccamaw","orientation":"unverified"}},{"type":"Feature","geometry":{"type":"LineString","coordinates":[[-79.0479612039539,33.8205807434706],[-79.0476399590854,33.8205331017278],[-79.0471133148023,33.8199093391483],[-79.0451858711215,33.8196234608508],[-79.0444275319391,33.8200566350089]]},"properties":{"segment_id":"f57b79224217c51e10d59e9c","source_kmz":"waccamaw","orientation":"unverified"}},{"type":"Feature","geometry":{"type":"LineString","coordinates":[[-78.95986447669222,33.8033867377354],[-78.9593988293103,33.8055003356641],[-78.9590194917672,33.805716645793],[-78.9589612826314,33.8059808447208],[-78.9585819415464,33.8061971532756],[-78.9584655192089,33.8067255502335],[-78.9539132278348,33.8093211445039],[-78.9538549987599,33.8095853396014],[-78.9530962512578,33.8100179198071],[-78.953038018903,33.81028211425001],[-78.9526586405602,33.8104984021248],[-78.9523092295077,33.812083564633]]},"properties":{"segment_id":"c3945d972968f0e92c2ed1f7","source_kmz":"waccamaw","orientation":"unverified"}},{"type":"Feature","geometry":{"type":"LineString","coordinates":[[-78.9805000272027,33.8015504140999],[-78.9793622409214,33.8021995518242],[-78.9790411134571,33.8021517181961],[-78.9785151403821,33.8015276279576],[-78.9765884011574,33.8012405983668],[-78.976209131841,33.8014569661599],[-78.9742824028237,33.8011698980757],[-78.9739031274692,33.801386258317],[-78.9732608862945,33.8012905597077],[-78.972881607528,33.8015069165602],[-78.9715971272693,33.801315504429],[-78.9704592704993,33.8019645546532],[-78.9653213808571,33.8011987128451],[-78.9630455476431,33.8024966780769],[-78.9624033106408,33.802400919237],[-78.96202399644692,33.8026172401179],[-78.96138175970552,33.8025214756132],[-78.95986447669222,33.8033867377354]]},"properties":{"segment_id":"541050e022bf62d70586a7a9","source_kmz":"waccamaw","orientation":"unverified"}},{"type":"Feature","geometry":{"type":"LineString","coordinates":[[-78.9605548214251,33.7882082721735],[-78.9603220553985,33.78926509471601],[-78.9599427991615,33.7894814125206],[-78.9593026442833,33.7923876615328],[-78.9589233700825,33.7926039750953],[-78.9597120082553,33.7935402542126],[-78.9595956123978,33.794068661148],[-78.9598584972972,33.7943807527793],[-78.95980029943442,33.7946449560879],[-78.9603260768403,33.7952691372155],[-78.9601514848281,33.7960617465515],[-78.9612030726931,33.7973101003609],[-78.960737497682,33.7994237206553],[-78.9610004051429,33.7997358074773],[-78.960593010953,33.8015852190161],[-78.9602136957078,33.8018015341852],[-78.95986447669222,33.8033867377354]]},"properties":{"segment_id":"dd2d07c90570938255a23092","source_kmz":"waccamaw","orientation":"unverified"}},{"type":"Feature","geometry":{"type":"LineString","coordinates":[[-79.0616877079132,33.80788310464],[-79.0610453061919,33.8077878949988],[-79.06110317167631,33.8075236454111],[-79.0604607736203,33.80742843247401],[-79.0601974434234,33.8071165753854],[-79.0602553112765,33.8068523259884],[-79.0599919838395,33.8065404681943],[-79.0600498519607,33.8062762186992],[-79.0597865272835,33.8059643601996],[-79.0598443956727,33.8057001106065],[-79.0588808239492,33.8055572790126],[-79.0586175063563,33.8052454175521],[-79.0579751300461,33.8051501905054],[-79.0577118174368,33.8048383268127],[-79.0557847065443,33.8045526196562],[-79.056247742544,33.8024386316175],[-79.0557211514684,33.8018148933944]]},"properties":{"segment_id":"ce614211a77c8db6e01f3f1b","source_kmz":"waccamaw","orientation":"unverified"}},{"type":"Feature","geometry":{"type":"LineString","coordinates":[[-79.0824296730114,33.7888569639821],[-79.0819029645852,33.7882333339423],[-79.0820185252657,33.787704800097],[-79.0781649844578,33.7871341516668]]},"properties":{"segment_id":"f30bbe147c70811d5f5d9015","source_kmz":"waccamaw","orientation":"unverified"}},{"type":"Feature","geometry":{"type":"LineString","coordinates":[[-79.08157516687461,33.7851837456589],[-79.0781649844578,33.7871341516668]]},"properties":{"segment_id":"98d2be07277a85e981df4df9","source_kmz":"waccamaw","orientation":"unverified"}},{"type":"Feature","geometry":{"type":"LineString","coordinates":[[-78.8937831272779,33.7782285385702],[-78.8932579955879,33.7776040405636],[-78.893374815079,33.7770756890846],[-78.8941335731731,33.7766434823871],[-78.8941919794415,33.7763793059289],[-78.8953300965321,33.77573098526571],[-78.8959720322731,33.7758271204189],[-78.8963513991367,33.7756110088326],[-78.8966723669453,33.7756590740254],[-78.8970517310588,33.7754429600899],[-78.8986565727498,33.7756832674205],[-78.8990359314984,33.7754671469726],[-78.9009617506206,33.7757554799792],[-78.90247914895991,33.7748909601253],[-78.9040839959962,33.7751311921944],[-78.90484267604862,33.7746989140098],[-78.9058055850784,33.7748430362629],[-78.9088402057365,33.7731138462148],[-78.9088985597,33.7728496610822],[-78.9086359505267,33.772537444588],[-78.9087526585793,33.7720090740023],[-78.9084900528105,33.7716968568275],[-78.9089568744865,33.7695833697797],[-78.9112326472834,33.7682864139117],[-78.9112909895662,33.7680222258748],[-78.9128081237388,33.7671575613946],[-78.913974771284,33.7618737535568],[-78.9143540207472,33.7616575788136],[-78.9147039756306,33.7600724253107],[-78.9158416854924,33.7594238884141]]},"properties":{"segment_id":"273c3b5167b8701bcbd39c06","source_kmz":"waccamaw","orientation":"unverified"}},{"type":"Feature","geometry":{"type":"LineString","coordinates":[[-78.91849707818952,33.7639148831808],[-78.9158709976414,33.7607928667592],[-78.9155500790348,33.7607448539876],[-78.9158416854924,33.7594238884141]]},"properties":{"segment_id":"28e459f8d89df6c9dec516fd","source_kmz":"waccamaw","orientation":"unverified"}},{"type":"Feature","geometry":{"type":"LineString","coordinates":[[-79.0781649844578,33.7871341516668],[-79.07551250275941,33.7886510610076],[-79.0745491124985,33.7885083568995],[-79.0746069180869,33.7882440938141],[-79.0743435960789,33.7879322610674],[-79.0747482288746,33.786082416227],[-79.0742216003883,33.7854587488625],[-79.0744528158086,33.7844016921762],[-79.0733995945805,33.7831543490569],[-79.0721151704324,33.7829640502333],[-79.0718518761364,33.7826522096229],[-79.0702463619436,33.7824143121762],[-79.0703041775663,33.7821500491103],[-79.0683775797267,33.78186454347411],[-79.06811430403451,33.781552693887],[-79.0674721107615,33.7814575166709],[-79.0667142651023,33.7818908589541],[-79.06618772890441,33.781267151488],[-79.0658666344171,33.7812195579525],[-79.0662136057806,33.7796339883797],[-79.0656870887682,33.7790102767633],[-79.0653660038507,33.7789626816932],[-79.0648394981163,33.7783389656563],[-79.0645184164703,33.7782913681869],[-79.0646340799349,33.7777628447794],[-79.0641075881135,33.7771391244118],[-79.0637865118384,33.7770915248314],[-79.0639021784742,33.7765630013152],[-79.0623227699367,33.774691818469],[-79.062380606621,33.7744275566629],[-79.0621173798701,33.7741156903251],[-79.0623487253338,33.7730586419729],[-79.0618222833983,33.7724349072884],[-79.0619379564202,33.7719063824712]]},"properties":{"segment_id":"5f1e3a6b8fbb75aedcdacdbd","source_kmz":"waccamaw","orientation":"unverified"}},{"type":"Feature","geometry":{"type":"LineString","coordinates":[[-79.0437491115006,33.7656607865149],[-79.0440122365703,33.7659726982287],[-79.0443332551713,33.7660203534993],[-79.0450910710429,33.7655871489825],[-79.04637514409352,33.765777752789],[-79.0471329463077,33.7653445347292],[-79.04745396423192,33.7653921813619],[-79.0475118442675,33.7651279237403],[-79.0481538791906,33.7652232140303],[-79.0485327737358,33.7650065996557],[-79.0491748089068,33.7651018842833],[-79.049437953729,33.7654137838622],[-79.0513640772662,33.7656996117398],[-79.0517429652296,33.7654829869667],[-79.0527060303014,33.7656258856941],[-79.0546004287699,33.7645427266423]]},"properties":{"segment_id":"c8d7d0795ae531dc7746e41b","source_kmz":"waccamaw","orientation":"unverified"}},{"type":"Feature","geometry":{"type":"LineString","coordinates":[[-79.0262192741491,33.7881596898762],[-79.0353162886722,33.7829624704841],[-79.035053141125,33.7826505459907],[-79.0352269440671,33.781857809593],[-79.03598496382381,33.7814246739658],[-79.0372692746932,33.7816153750426],[-79.037648278791,33.7813988011091],[-79.0382904352581,33.7814941441924],[-79.0390484345244,33.7810609882462],[-79.0391642741926,33.7805324923133],[-79.0398064253949,33.7806278270755],[-79.0413223819483,33.7797614890602],[-79.0414961149289,33.7789687401899],[-79.0418750944977,33.7787521516228],[-79.0420488196344,33.7779594008591],[-79.0424277927821,33.7777428101877],[-79.0425436047021,33.7772143085379],[-79.0428646685459,33.77726196718021],[-79.0440015647774,33.77661218261331],[-79.045606879992,33.7768504467873],[-79.0461332223309,33.7774742517409],[-79.04741749306892,33.777664840944],[-79.0475332711586,33.7771363342356],[-79.0482911770041,33.7767031151131],[-79.0495754403383,33.7768936805093],[-79.0499543874793,33.7766770648289],[-79.0512386544376,33.7768676117324],[-79.05199653715582,33.7764343681337],[-79.0526386703477,33.77652963205071],[-79.0526965411085,33.7762653757419],[-79.0534544099162,33.7758321222275],[-79.0537754747323,33.7758797506181],[-79.05475915102872,33.7713873632471],[-79.0551380571394,33.77117072897],[-79.0557166230755,33.768528129062],[-79.055453442744,33.7682162450871],[-79.0555691525572,33.767687723688],[-79.0553059756409,33.7673758390285],[-79.0553638306197,33.7671115781684],[-79.0543111465727,33.7658640323262],[-79.0546004287699,33.7645427266423]]},"properties":{"segment_id":"37864bc86fc15d315ed6e737","source_kmz":"waccamaw","orientation":"unverified"}},{"type":"Feature","geometry":{"type":"LineString","coordinates":[[-78.8670358431954,33.7567509925316],[-78.8677945496565,33.7563189472535],[-78.8681154207631,33.7563670930637],[-78.8695188073414,33.7500269693031],[-78.8706567455288,33.74937886913151],[-78.8708906038771,33.7483221717461],[-78.8703658556174,33.74769754477931],[-78.8704243205225,33.7474333701715],[-78.8711829179306,33.7470012972519],[-78.8715037529138,33.7470494342416],[-78.8718830478238,33.746833394778],[-78.8722038825493,33.7468815298322],[-78.87296246478131,33.7464494448977],[-78.8730209199877,33.7461852685345],[-78.87275854347331,33.7458729593662],[-78.8729339086818,33.7450804296077],[-78.8740717466521,33.7444322914865],[-78.87535505392891,33.74462480261441],[-78.8756174366211,33.7449371064004],[-78.8759382658686,33.7449852311955],[-78.8766968090973,33.7445531206223],[-78.8786217850381,33.7448418381139],[-78.883172821497,33.74224898983531],[-78.88349364436921,33.7422970938002],[-78.8843698512511,33.7383343334849]]},"properties":{"segment_id":"a6f5de23c591492ba07138e1","source_kmz":"waccamaw","orientation":"unverified"}},{"type":"Feature","geometry":{"type":"LineString","coordinates":[[-78.8846322488266,33.7386466194005],[-78.8843698512511,33.7383343334849]]},"properties":{"segment_id":"7b37eee9b9c4f52f4f52affd","source_kmz":"waccamaw","orientation":"unverified"}},{"type":"Feature","geometry":{"type":"LineString","coordinates":[[-78.8843698512511,33.7383343334849],[-78.8838450623824,33.7377097594724],[-78.8839034743248,33.7374455745132],[-78.8833786951378,33.7368209976373],[-78.8834371079912,33.7365568126],[-78.8826499568736,33.73561994190041],[-78.8827083712905,33.7353557568075],[-78.8824459924252,33.73504346514251],[-78.8825044071003,33.734779279949]]},"properties":{"segment_id":"2242f405b306c035da5a4f92","source_kmz":"waccamaw","orientation":"unverified"}},{"type":"Feature","geometry":{"type":"LineString","coordinates":[[-79.0546004287699,33.7645427266423],[-79.0549793021685,33.7643260909142],[-79.0550950094312,33.7637975672551],[-79.0543055299082,33.7628619030032],[-79.0544790937955,33.7620691167994],[-79.05523681520792,33.7616358434074],[-79.0558788308798,33.7617310911784],[-79.0566365412664,33.7612978084039],[-79.0572785558682,33.7613930484331],[-79.0576574065975,33.7611764030076],[-79.0579784138263,33.761224020639],[-79.0583572617991,33.7610073728679],[-79.0593202838548,33.7611502172688],[-79.0596991277542,33.7609335650727],[-79.0600201352292,33.760981177042],[-79.060398976372,33.7607645225003],[-79.0607199835792,33.7608121325342],[-79.0615095191313,33.7617477554702],[-79.0640776254095,33.7621285854578],[-79.0659717817369,33.7610452347701]]},"properties":{"segment_id":"b5075c7e4d4d0eb08aaedd2a","source_kmz":"waccamaw","orientation":"unverified"}},{"type":"Feature","geometry":{"type":"LineString","coordinates":[[-78.9540578136074,33.7574935683007],[-78.9537950757931,33.7571814481793],[-78.954027834534,33.756124593745],[-78.9537651014364,33.755812472986],[-78.9543469773299,33.7531703285578],[-78.9540842528793,33.7528582072957],[-78.9541424389624,33.7525939922021],[-78.9544633477929,33.7526418982032],[-78.9552215313319,33.7522092760956],[-78.9555424392452,33.7522571791212],[-78.95630061308991,33.7518245497035],[-78.956037885365,33.7515124323279],[-78.9561542419427,33.7509839990999],[-78.95653332205342,33.7507676826681],[-78.95659149831201,33.7505034656031],[-78.9563287738626,33.7501913483395],[-78.9560078739403,33.7501434473681],[-78.9557451530277,33.7498313286261],[-78.9554242549392,33.7497834260091],[-78.9551615375634,33.7494713057888],[-78.9535570602189,33.7492317755234],[-78.9531779793215,33.7494480826236],[-78.9528570843764,33.7494001728447],[-78.9525943785276,33.7490880466215],[-78.9522734854163,33.749040135197],[-78.951894401899,33.7492564381367],[-78.9515735085259,33.749208524777],[-78.9508153338939,33.7496411246536],[-78.94953175909211,33.7494494539413],[-78.9490063756886,33.7488251856708],[-78.94804370735962,33.7486814187349],[-78.9472556609407,33.7477450041171],[-78.9473138662787,33.7474807906637],[-78.9469929829924,33.7474328644554],[-78.9467303071398,33.7471207240657],[-78.9464094256874,33.747072796212],[-78.9465840475943,33.7462801560528],[-78.9463213772423,33.745968014252],[-78.9464959975757,33.7451753730567],[-78.9462333312833,33.7448632305949],[-78.9468153800597,33.7422210855301]]},"properties":{"segment_id":"6bef1d4141c333ee2b3d5cd2","source_kmz":"waccamaw","orientation":"unverified"}},{"type":"Feature","geometry":{"type":"LineString","coordinates":[[-78.874836646129,33.7289889711192],[-78.8750989743364,33.72930128261661],[-78.875419739173,33.7293494098598],[-78.8759444047505,33.7299740291747],[-78.87626517286401,33.7300221540242],[-78.87757688065142,33.7315836858407],[-78.8775184517288,33.7318478696697],[-78.8771392449983,33.7320639319823],[-78.87684708726181,33.7333848479394],[-78.8760886531065,33.7338169659542],[-78.8760302174931,33.7340811482396],[-78.87734198862222,33.7356426742404],[-78.87958754235,33.7359794996421],[-78.8803459781428,33.7355473598817],[-78.8806667718052,33.7355954721361],[-78.8818044078325,33.7349472495599],[-78.8821251999316,33.7349953577986],[-78.8825044071003,33.734779279949]]},"properties":{"segment_id":"874e76a3f174d599bba507e1","source_kmz":"waccamaw","orientation":"unverified"}},{"type":"Feature","geometry":{"type":"LineString","coordinates":[[-78.9158416854924,33.7594238884141],[-78.9241843148171,33.7546675914506],[-78.924505213794,33.7547155806075],[-78.9248843994631,33.7544993692084],[-78.92520529817942,33.7545473564297],[-78.9267220172828,33.7536824935924],[-78.9270429137758,33.7537304757573],[-78.9274220876582,33.7535142557378],[-78.9287056749487,33.7537061712841],[-78.9306014998403,33.7526250307624],[-78.9306597650446,33.7523608274323],[-78.9309806585317,33.7524087987344],[-78.9310389222947,33.75214459513671],[-78.9314180774491,33.7519283615333],[-78.9314763393774,33.7516641575455],[-78.9318554909949,33.7514479223666],[-78.9315928620535,33.7511357492024],[-78.9316511228014,33.750871544847],[-78.9319720107885,33.7509195134883],[-78.9331094444201,33.750270798499],[-78.9337512176484,33.7503667268547],[-78.9345094936406,33.7499342394952],[-78.9345677436458,33.7496700332442],[-78.9348886284934,33.7497179938538],[-78.9352677612506,33.7495017469045],[-78.935909530817,33.7495976633578],[-78.93602602047841,33.7490692490827],[-78.9371633936033,33.7484204925417],[-78.9374260356546,33.7487326541615],[-78.93774691840991,33.7487806068846],[-78.9388842730712,33.7481318331355],[-78.93894250696331,33.7478676240413],[-78.9393216195516,33.7476513632419],[-78.93943808327391,33.7471229441506],[-78.9398171908847,33.7469066815083],[-78.939875420715,33.7466424715112],[-78.94101272665162,33.7459936749357],[-78.9413336003729,33.7460416178625],[-78.9417126975063,33.7458253486818],[-78.9420335709662,33.7458732896733],[-78.9424126653495,33.7456570181448],[-78.9424708854866,33.74539280639741],[-78.9428499763335,33.7451765332938],[-78.9443635244526,33.7383069778549]]},"properties":{"segment_id":"71ea3fd7d3c1d6b580ed82bf","source_kmz":"waccamaw","orientation":"unverified"}},{"type":"Feature","geometry":{"type":"LineString","coordinates":[[-78.9468153800597,33.7422210855301],[-78.94550211276221,33.740660363415],[-78.9456767295503,33.7398677178374],[-78.9443635244526,33.7383069778549]]},"properties":{"segment_id":"44a096cbe2241833b8326bf5","source_kmz":"waccamaw","orientation":"unverified"}},{"type":"Feature","geometry":{"type":"LineString","coordinates":[[-78.992060770867,33.748969961847],[-78.9904836377386,33.74709772805041],[-78.9905997551279,33.7465692570189],[-78.9896370382243,33.7464258365815],[-78.9870087070425,33.7433053665504],[-78.9847624821419,33.7429706349776],[-78.98266004876511,33.7404741644532],[-78.9756008633885,33.7394217332429],[-78.9740849610639,33.7402872547216],[-78.9737640908911,33.7402394024849],[-78.9732385760319,33.7396152368597],[-78.9733547987716,33.73908677790301],[-78.9727130695554,33.7389910683206],[-78.97192482555782,33.7380548100482],[-78.9655077061519,33.7370974722552],[-78.9632337402001,33.738395551787],[-78.9625920290336,33.7382997858356],[-78.961455013839,33.7389488017135],[-78.9611341568796,33.7389009142753],[-78.9599971208611,33.7395499152674],[-78.9596762623292,33.7395020238144],[-78.9574021297852,33.7407999842599],[-78.95734396347721,33.7410642051576],[-78.9557396518215,33.7408247025425],[-78.9553606176816,33.7410410192403],[-78.955039755874,33.7409931149918],[-78.9531445504682,33.7420746736688],[-78.9528236857791,33.7420267633252],[-78.9527655031007,33.7422909814818],[-78.9521237728057,33.7421951578195],[-78.9517447220331,33.742411462245],[-78.9514238568201,33.7423635480311],[-78.9510448032973,33.742579850109],[-78.94976134375561,33.7423881801418],[-78.9493822855182,33.7426044767521],[-78.9468153800597,33.7422210855301]]},"properties":{"segment_id":"c290a2fab9b788d20e2a500b","source_kmz":"waccamaw","orientation":"unverified"}},{"type":"Feature","geometry":{"type":"LineString","coordinates":[[-79.10318927011781,33.75755381711731],[-79.1029259374916,33.757242036845],[-79.1026049192802,33.7571945439552],[-79.1023415901918,33.7568827622006],[-79.100415497743,33.7565977815383],[-79.1001521793879,33.7562859945412],[-79.09854712026151,33.7560484822628],[-79.0977896928817,33.7564820431169],[-79.0974686809069,33.756434535895],[-79.0970899634095,33.7566513133249],[-79.09676895116512,33.7566038041678],[-79.0963902309097,33.756820579253],[-79.0912540774742,33.756060294289],[-79.0894111612833,33.7538776221326],[-79.0890901650824,33.75383009144531],[-79.088563639363,33.7532064627545],[-79.0856747170108,33.7527786327301],[-79.0851482255893,33.7521549875853],[-79.0845062528915,33.7520599013868],[-79.0842430132064,33.7517480762157],[-79.0839220288818,33.7517005310211],[-79.0836587927339,33.7513887043681]]},"properties":{"segment_id":"34fa04444957e66839a29f6d","source_kmz":"waccamaw","orientation":"unverified"}},{"type":"Feature","geometry":{"type":"LineString","coordinates":[[-79.0844162491016,33.7509552332979],[-79.0836587927339,33.7513887043681]]},"properties":{"segment_id":"b5f646329ee7d9fbb9b55418","source_kmz":"waccamaw","orientation":"unverified"}},{"type":"Feature","geometry":{"type":"LineString","coordinates":[[-79.0836587927339,33.7513887043681],[-79.0826958464182,33.7512460611551],[-79.0826380954844,33.7515103412865],[-79.0818806238923,33.7519438003664],[-79.0815596402005,33.7518962486146],[-79.0811809005983,33.752112975157],[-79.0805389330672,33.7520178668876],[-79.07948605072441,33.750770525562],[-79.0788440962675,33.7506754076958],[-79.0785808838053,33.7503635690359],[-79.0782021433715,33.7505802862472],[-79.0778811675088,33.7505327241794],[-79.0776179593641,33.7502208832642],[-79.077239216954,33.750437597357],[-79.0765972679602,33.75034246695211],[-79.0758397742112,33.75077588706311],[-79.0745558756368,33.75058560719],[-79.07429268056691,33.750273758714],[-79.0739139286913,33.7504904618797],[-79.072309068158,33.750252582931],[-79.0719303108914,33.7504692795937],[-79.0706464268564,33.7502789561558],[-79.0702676648577,33.7504956473547],[-79.0696257238653,33.7504004781832],[-79.0693625490673,33.7500886183883],[-79.0694781381213,33.7495600702906],[-79.0686886302649,33.7486244866577],[-79.0674047843846,33.7484341266927]]},"properties":{"segment_id":"ea6ade4850911302ce5513f8","source_kmz":"waccamaw","orientation":"unverified"}},{"type":"Feature","geometry":{"type":"LineString","coordinates":[[-79.0138489432888,33.7478472175363],[-79.0153645521076,33.7469811825586],[-79.01542252689241,33.7467169345558],[-79.0161803158414,33.7462839086946],[-79.0165012367058,33.7463316426072],[-79.0165592071709,33.7460673938043],[-79.0173169835396,33.7456343601044],[-79.0173749507333,33.7453701106457],[-79.0177538343328,33.7451535915693],[-79.0178117996952,33.7448893417215],[-79.01970617904321,33.7438067254098],[-79.0197641368152,33.743542474106],[-79.0200850486228,33.7435901982282],[-79.0204639161057,33.7433736697402],[-79.0211057395813,33.7434691132192],[-79.0214846036538,33.7432525813455],[-79.0217475646225,33.7435645531166],[-79.02206847773012,33.7436122717222],[-79.0223314422352,33.743924242013],[-79.02265235717401,33.7439719589722],[-79.023410079532,33.743538884055],[-79.0234680245982,33.7432746307968],[-79.0324537355989,33.7446102798598],[-79.0328325737929,33.7443937110649],[-79.0341162692012,33.7445844566088],[-79.034495102669,33.7443678823493],[-79.0360997274426,33.7446062889339],[-79.0364785555266,33.7443897081702],[-79.0377622597551,33.7445804131616],[-79.044580759351,33.7406816612235],[-79.0449016745502,33.7407293165206],[-79.045075284617,33.7399365210506],[-79.0465903945834,33.7390700669105],[-79.0466482580671,33.7388058004432],[-79.0463852138334,33.7384938834347],[-79.0469638337537,33.7358512122442],[-79.0467007981928,33.7355392947221],[-79.0469900967874,33.7342179546427],[-79.046727066611,33.7339060364987],[-79.047016358725,33.7325846934648],[-79.0457012557283,33.7310250923357],[-79.0457591162665,33.7307608234689],[-79.044475619218,33.7305702039033]]},"properties":{"segment_id":"3f4dd739d96b4f030c0d8efb","source_kmz":"waccamaw","orientation":"unverified"}},{"type":"Feature","geometry":{"type":"LineString","coordinates":[[-79.0731183941622,33.7329105549262],[-79.0719823745712,33.7335606640345],[-79.0716614722896,33.733513083588],[-79.0712827942404,33.7337297829738],[-79.07075654565041,33.7331060563137],[-79.070435645978,33.7330584724293],[-79.0704934245008,33.7327941918883],[-79.0693573847952,33.7334442752553],[-79.06924181872742,33.73397283461721],[-79.0681057515172,33.73462290463641],[-79.067990175256,33.7351514619109],[-79.06761147911452,33.7353681487736],[-79.0674958984145,33.7358967050258],[-79.0671171972985,33.7361133900503],[-79.0669438190048,33.73690622271201],[-79.06580769012481,33.7375562675552],[-79.0656342953683,33.738349096719],[-79.0637406837092,33.7394324746841],[-79.0634197623622,33.7393848716922],[-79.063361955086,33.7396491463601],[-79.0607945899774,33.7392682890365]]},"properties":{"segment_id":"2763478de3e7be444839af88","source_kmz":"waccamaw","orientation":"unverified"}},{"type":"Feature","geometry":{"type":"LineString","coordinates":[[-78.8825044071003,33.734779279949],[-78.8844004115355,33.733698871072],[-78.8847212001134,33.7337469721744],[-78.8862379633611,33.7328826173575],[-78.8865587497227,33.7329307134042],[-78.8888338278625,33.7316341356813],[-78.8891546107021,33.7316822245921],[-78.8910504483075,33.7306017019717],[-78.8913712282775,33.7306497847868],[-78.8925087037566,33.7300014523925],[-78.8928294821623,33.7300495311923],[-78.894725229487,33.7289689458325],[-78.8950460050226,33.7290170185369],[-78.8961834263333,33.7283686484999],[-78.8965042003042,33.7284167171891],[-78.8976416008121,33.7277683322564],[-78.8979623732183,33.7278163969305],[-78.9013744558018,33.725871162122],[-78.9016952227252,33.7259192165408],[-78.9039698463109,33.7246223282218],[-78.9042906097098,33.72467037550571],[-78.9046697056597,33.7244542218337],[-78.9049904687992,33.7245022671827],[-78.9065068290491,33.7236376352525],[-78.90682758997,33.7236856755468],[-78.9147879179754,33.7191459926823],[-78.9148462116338,33.7188817855024],[-78.9171204128387,33.7175846256912],[-78.9171786974621,33.717320416779],[-78.9190738003592,33.7162394129582],[-78.9191320773884,33.7159752025818],[-78.9217851234364,33.7144617404206],[-78.9218433899917,33.7141975280437],[-78.922222386756,33.71398131366361],[-78.9222806514781,33.7137171008953],[-78.9234176248906,33.7130684491029],[-78.92347588489942,33.7128042354068],[-78.9242338538275,33.7123717938026],[-78.9242921105632,33.712107579447],[-78.9250500682379,33.7116751320749],[-78.9251083217007,33.7114109170597],[-78.9262452381928,33.710762235388]]},"properties":{"segment_id":"b842dd15eef9e3c01b010638","source_kmz":"waccamaw","orientation":"unverified"}},{"type":"Feature","geometry":{"type":"LineString","coordinates":[[-78.9290463980098,33.7190962290151],[-78.9298043970867,33.7186637544658],[-78.9287543665649,33.7174149839822],[-78.9284336178904,33.7173670042439],[-78.92790861807211,33.7167426131332],[-78.9283745877498,33.7146288924077],[-78.927587119412,33.7136923008017],[-78.9276453658134,33.7134280852217],[-78.9273828812081,33.7131158865849],[-78.9274993741385,33.7125874550986],[-78.9268579182781,33.7124914871267],[-78.9263329637218,33.7118670847555],[-78.926012239261,33.7118190979275],[-78.9262452381928,33.710762235388]]},"properties":{"segment_id":"56598afa051abdfdfb6ffbfd","source_kmz":"waccamaw","orientation":"unverified"}},{"type":"Feature","geometry":{"type":"LineString","coordinates":[[-79.0410039104428,33.7297816594051],[-79.0421401324344,33.7291318520175],[-79.0424609987917,33.7291795148383],[-79.042923948763,33.7270653682429],[-79.04330267306621,33.7268487599958]]},"properties":{"segment_id":"75763f2118adddbaecf38396","source_kmz":"waccamaw","orientation":"unverified"}},{"type":"Feature","geometry":{"type":"LineString","coordinates":[[-78.9372322136809,33.6984862681378],[-78.9390695814642,33.7006715294319],[-78.9393902682631,33.7007194806762]]},"properties":{"segment_id":"c1af25d2d5b4b33b022b509d","source_kmz":"waccamaw","orientation":"unverified"}},{"type":"Feature","geometry":{"type":"LineString","coordinates":[[-78.9747916285085,33.6798074711141],[-78.9753167544481,33.6804316798683],[-78.975258693414,33.6806959312386],[-78.9755793205567,33.680743783151],[-78.9761044590517,33.6813679875276],[-78.9767457202648,33.6814636856673],[-78.9775334523301,33.6823999822581],[-78.9778540878385,33.6824478277351],[-78.978116670817,33.6827599243892],[-78.9793992225202,33.6829512943489],[-78.9812374022336,33.6851359294883],[-78.9811793576885,33.6854001821589],[-78.9814419638165,33.6857122699954],[-78.981325874861,33.6862407750075],[-78.98368943598351,33.68904953307751],[-78.9840101024767,33.6890973610072],[-78.9845353641821,33.6897215199408],[-78.98613871690522,33.6899606386634],[-78.9866640013659,33.6905847871742],[-78.9876260263289,33.6907282431679],[-78.9878886760139,33.6910403140774],[-78.988209353223,33.691088130202],[-78.9884720064396,33.6914001996314],[-78.9887926854786,33.6914480141107],[-78.9890553422267,33.6917600820601],[-78.9893760230955,33.691807894894],[-78.990426676775,33.6930561563931],[-78.9903686573682,33.6933204108624],[-78.9908939980789,33.693944537276],[-78.9915353803442,33.694040151542]]},"properties":{"segment_id":"50560c957f0ab04d81c763e8","source_kmz":"waccamaw","orientation":"unverified"}},{"type":"Feature","geometry":{"type":"LineString","coordinates":[[-79.0274598678862,33.7023912232585],[-79.0282484168022,33.7033271468347],[-79.0285691689503,33.7033748499384],[-79.0283375733246,33.7044319290462],[-79.0286004312166,33.7047439014444],[-79.0284846323717,33.7052724403017],[-79.02953609013952,33.7065203227618],[-79.0308191565409,33.706711114663],[-79.0310820319728,33.7070230804489],[-79.0317235703949,33.7071184695271],[-79.0321022291952,33.7069018922433],[-79.0353099381854,33.7073787735396],[-79.03583573141461,33.7080026833517],[-79.0371188374569,33.7081934047994],[-79.0374974865309,33.7079768101183],[-79.03910137459,33.7082151865931],[-79.0394800182847,33.7079985854106],[-79.0410839128254,33.7082369343126],[-79.0448702016969,33.7060707987069],[-79.0453907917553,33.7036922985414],[-79.0457693961779,33.7034756753959],[-79.0460007536333,33.7024185599446],[-79.0454749169078,33.7017946917807],[-79.0458219492617,33.7002090151615],[-79.0484720099846,33.6986926086994],[-79.0485298372796,33.69842832696321],[-79.0489084075663,33.6982116919783],[-79.0495444662353,33.6953045818166],[-79.0510586631812,33.6944380170715],[-79.0511164786046,33.6941737325225],[-79.0514950211673,33.6939570878048],[-79.051552834763,33.6936928028657],[-79.0523099107298,33.6932595089788],[-79.0523677210604,33.6929952233825],[-79.0527462544647,33.6927785742134],[-79.0529774861353,33.6917214295282],[-79.0537345351613,33.6912881251367],[-79.0550174109067,33.6914786517782],[-79.0552803315968,33.69179056881],[-79.0559217746849,33.6918858252583],[-79.0561847003442,33.692197740057],[-79.0565054239108,33.6922453661874]]},"properties":{"segment_id":"1b896ebc0dfe1990cdf0570b","source_kmz":"waccamaw","orientation":"unverified"}},{"type":"Feature","geometry":{"type":"LineString","coordinates":[[-79.1189630567552,33.7110510615168],[-79.1191358509599,33.7102581233218],[-79.1188726139132,33.7099463596947],[-79.1194485759103,33.7073032246076],[-79.11839567505962,33.70605616360841],[-79.1185684639869,33.7052632209353],[-79.1183052459926,33.7049514539185],[-79.118420437985,33.7044228248968],[-79.1171043860479,33.7028639790452],[-79.1171619847567,33.7025996644525],[-79.1149163732674,33.7022674482464],[-79.1146531798857,33.7019556716383],[-79.1143323812369,33.7019082078473],[-79.1138060036351,33.7012846509328],[-79.1134852082491,33.7012371847427],[-79.113222024029,33.7009254044363],[-79.1096933162594,33.700403208987],[-79.10931490362582,33.7006200428028],[-79.1077109578144,33.70038264023251],[-79.1071846431988,33.6997590518204],[-79.1072999026283,33.6992304302114],[-79.1063375547188,33.6990879742756],[-79.10595913914891,33.6993047974657],[-79.1043552304543,33.6990673478089],[-79.1039768094951,33.6992841645011],[-79.0998066838558,33.6986666771529],[-79.0961231789424,33.6943012342801],[-79.0962385050083,33.6937726198391],[-79.0853330888221,33.6921565896444],[-79.08495464859911,33.6923733459408],[-79.0843131662316,33.6922782510405],[-79.0839347225976,33.6924950039544],[-79.0836139813401,33.692447454123],[-79.0813432715938,33.6937479379646],[-79.0810225267782,33.6937003810064],[-79.0806440671635,33.6939171227061],[-79.08000257738532,33.6938220040272],[-79.07962411435982,33.6940387423443],[-79.0793033693972,33.6939911806236],[-79.0789249036189,33.6942079165968],[-79.0779626690953,33.694065222948],[-79.0774366338568,33.6934414935081],[-79.0755121925759,33.6931560730257],[-79.0736711955874,33.690972965397],[-79.0733504667975,33.69092538692371],[-79.0734082043967,33.6906610899545],[-79.07020094840641,33.6901852574316]]},"properties":{"segment_id":"ea84e2458f98d7705f6fe0ce","source_kmz":"waccamaw","orientation":"unverified"}},{"type":"Feature","geometry":{"type":"LineString","coordinates":[[-78.95925394249312,33.6736663396697],[-78.9643834069327,33.67443258225531],[-78.9651407786267,33.6739998495115],[-78.9664231551831,33.6741913660648],[-78.9666856649364,33.6745034922332],[-78.9708534507416,33.6751258124307],[-78.9747916285085,33.6798074711141]]},"properties":{"segment_id":"af0a9bb416ec0f5c96aef2cf","source_kmz":"waccamaw","orientation":"unverified"}},{"type":"Feature","geometry":{"type":"LineString","coordinates":[[-79.07020094840641,33.6901852574316],[-79.0698224758313,33.6904019646461],[-79.0682188591651,33.6901640096282],[-79.067840381208,33.690380710344],[-79.0646331705393,33.68990472279591],[-79.0641072694153,33.689280929062],[-79.064165036996,33.689016636135],[-79.0645435185305,33.6887999470824],[-79.06460128428421,33.6885356537652],[-79.0649797622871,33.6883189631402],[-79.0659616960209,33.6838259533496],[-79.0656987595299,33.6835140573165],[-79.0660453014227,33.681928280768]]},"properties":{"segment_id":"c59610b57b367ca9b628e579","source_kmz":"waccamaw","orientation":"unverified"}},{"type":"Feature","geometry":{"type":"LineString","coordinates":[[-79.1222702276637,33.6943516851583],[-79.1162172485665,33.687180947508],[-79.1158965094904,33.6871334871214],[-79.1151070765052,33.6861981427203],[-79.1147863421268,33.686150679183],[-79.1132730108914,33.6870180901321],[-79.1129522742667,33.6869706215461],[-79.1127218662459,33.6880278930525],[-79.1051545791302,33.6923645925648],[-79.1041923194972,33.6922221174104],[-79.1036660877464,33.6915985060811],[-79.0956474654926,33.690410862246],[-79.0952690622563,33.6906276528983],[-79.0910994662591,33.6900098435131],[-79.0884505250479,33.6915272470289],[-79.0801114106987,33.6902909854383],[-79.0798483961512,33.6899791243961],[-79.07952766767932,33.6899315630386],[-79.0795853836984,33.6896672626228],[-79.0770195783269,33.6892867406896],[-79.0747488507252,33.6905871002361],[-79.0705794188869,33.6899685489116],[-79.07020094840641,33.6901852574316]]},"properties":{"segment_id":"0165378f5716d6dee55763a8","source_kmz":"waccamaw","orientation":"unverified"}},{"type":"Feature","geometry":{"type":"LineString","coordinates":[[-79.0158139063709,33.6709130315461],[-79.0150568445579,33.67134609890481],[-79.0149989243242,33.6716103735122],[-79.0146203888415,33.6718269049644],[-79.0145045443275,33.6723554532726],[-79.0129903699715,33.6732215638764],[-79.0127586532574,33.6742786547257],[-79.0130213479068,33.674590675323],[-79.0129634184066,33.6748549477465],[-79.0132261158045,33.6751669676339],[-79.0129364657177,33.6764883279987],[-79.0134618733477,33.6771123657862],[-79.013346013199,33.6776409091484],[-79.0138714318233,33.6782649440964],[-79.0138135024738,33.678529215633],[-79.0144547864672,33.6786247044224],[-79.0152429406932,33.6795607469244],[-79.0151850150129,33.6798250186867],[-79.0167613839147,33.6816970840961],[-79.0167034617778,33.6819613558578],[-79.0186274133218,33.6822477619399]]},"properties":{"segment_id":"6a21ca2b9f4afdc9f85b4928","source_kmz":"waccamaw","orientation":"unverified"}},{"type":"Feature","geometry":{"type":"LineString","coordinates":[[-78.9720025356342,33.6548280466876],[-78.9719444823954,33.6550923055605],[-78.97456925408011,33.6582134895325],[-78.9748897887949,33.6582613448201],[-78.9746576022679,33.6593183804537],[-78.975970086803,33.6608789417171],[-78.9749252287712,33.6656355793357],[-78.9751877437284,33.6659476897636],[-78.9744330536309,33.669383014446],[-78.9754831684007,33.6706314499195],[-78.97536706159121,33.6711599597144],[-78.9756876497685,33.6712078119431],[-78.9752812709197,33.67305759333501],[-78.9768565497985,33.6749302212566],[-78.9766823933386,33.6757229832229],[-78.975925068751,33.6761557907694],[-78.9756044601773,33.6761079395213],[-78.9747916285085,33.6798074711141]]},"properties":{"segment_id":"98940791c8591c93b109b4a0","source_kmz":"waccamaw","orientation":"unverified"}},{"type":"Feature","geometry":{"type":"LineString","coordinates":[[-79.03106438494432,33.6587194644264],[-79.0291722200543,33.6598023912791],[-79.0269282093846,33.6594684428353],[-79.0261713196022,33.6599015898961],[-79.0258507468997,33.6598538773204],[-79.0257349958551,33.6603824454904],[-79.0242211770675,33.661248717643],[-79.02375811129662,33.6633629768024],[-79.0233796398753,33.66357953943361],[-79.0233217534598,33.6638438210036],[-79.021807841103,33.6647100573956],[-79.0217499485497,33.664974337771],[-79.0206144880008,33.6656240005468],[-79.0196527109708,33.6654808148874],[-79.0195948105777,33.66574509390421],[-79.0192163161394,33.6659616421671],[-79.0191005113074,33.6664901992939],[-79.0187220119028,33.666706745715],[-79.0180850415858,33.6696137981186],[-79.0158139063709,33.6709130315461]]},"properties":{"segment_id":"51703532964289eca1e9d372","source_kmz":"waccamaw","orientation":"unverified"}},{"type":"Feature","geometry":{"type":"LineString","coordinates":[[-79.0977952545222,33.6866362766911],[-79.0932545676219,33.6892377762122],[-79.0931392280925,33.6897663909039],[-79.0905733536373,33.6893861705851],[-79.08399765284031,33.6815900121616],[-79.0836769562023,33.6815424618049],[-79.0848307989263,33.6762563286136],[-79.0840418465751,33.6753207578366],[-79.08496484019761,33.6710918167016],[-79.0799687794994,33.6651663882845],[-79.0800841716809,33.6646377691741],[-79.0795583171489,33.6640140245829],[-79.0796737104027,33.663485405057],[-79.0811869589882,33.6626184074729],[-79.0818792168876,33.6594466671097]]},"properties":{"segment_id":"cf9866ab8c16c83497b40398","source_kmz":"waccamaw","orientation":"unverified"}},{"type":"Feature","geometry":{"type":"LineString","coordinates":[[-79.0152432830682,33.6372606459764],[-79.0144865431897,33.6376937293956],[-79.0141660684449,33.6376459828828],[-79.0137028708643,33.6397602695061],[-79.0139654535635,33.6400723025818],[-79.0138496515731,33.6406008730339],[-79.0141122376733,33.6409129054178],[-79.0134753060078,33.6438200342363],[-79.0140004988921,33.6444440972427],[-79.0131898085821,33.6481440581919],[-79.0137150281738,33.6487681188264],[-79.0136571201038,33.6490324008597],[-79.013919733692,33.6493444301005],[-79.01374600910371,33.6501372755153],[-79.0140086267488,33.6504493040846],[-79.0137769911162,33.6515064296462],[-79.0140396134736,33.651818457564],[-79.0137500634194,33.6531398618237],[-79.0140126911444,33.6534518891099],[-79.01378104669,33.6545090103645],[-79.0140436791276,33.6548210369995],[-79.013290799999,33.6582566676341],[-79.0135534430467,33.6585686937976],[-79.0125108978058,33.6633256866116],[-79.0127735547412,33.6636377124052],[-79.01219431478572,33.66628046905021],[-79.0153464398639,33.6700247240124],[-79.0152885215843,33.6702889992384],[-79.0158139063709,33.6709130315461]]},"properties":{"segment_id":"51a949cad48b18b0b62259fe","source_kmz":"waccamaw","orientation":"unverified"}},{"type":"Feature","geometry":{"type":"LineString","coordinates":[[-79.0584559507232,33.6303181896364],[-79.0597696176612,33.63187785774841],[-79.0610515356128,33.6320683326174],[-79.0634163195209,33.6348756620731],[-79.0630380952888,33.6350923632841],[-79.06286489922041,33.6358852980202],[-79.0633904321428,33.6365091426154],[-79.0630440373689,33.6380950089653],[-79.0626657965705,33.638311708003],[-79.06260806131002,33.6385760183591],[-79.0622298169846,33.6387927158238],[-79.06217207989931,33.6390570257882],[-79.0617938320468,33.6392737216798],[-79.0609277074998,33.6432383522388],[-79.0625044330406,33.645109884994],[-79.0624466922271,33.6453741928217],[-79.06297228545691,33.6459980312589],[-79.062914545567,33.6462623390014],[-79.0631773459766,33.6465742571419],[-79.0629463851483,33.6476314869497],[-79.0642604317118,33.649191067067],[-79.06554264381342,33.6493814874818],[-79.0692223328787,33.6537481724375],[-79.0691646083607,33.6540124805246],[-79.069427459645,33.6543243811252],[-79.0693697353945,33.6545886891079],[-79.07147262626292,33.6570838677314],[-79.07243439477341,33.657226622676],[-79.0728126998649,33.6570098971546],[-79.0734538795049,33.6571050605679],[-79.0733961667886,33.6573693695683],[-79.0765508576226,33.6611119956178],[-79.07783329468322,33.6613022762184]]},"properties":{"segment_id":"eb09379ce705f6a2a9dd3660","source_kmz":"waccamaw","orientation":"unverified"}},{"type":"Feature","geometry":{"type":"LineString","coordinates":[[-79.0958493544597,33.6287739466594],[-79.0972320298219,33.6224299796674]]},"properties":{"segment_id":"efb73488a8cbf910155b05a8","source_kmz":"waccamaw","orientation":"unverified"}},{"type":"Feature","geometry":{"type":"LineString","coordinates":[[-78.6745906492058,34.5270803905493],[-78.6740622072491,34.526455473231],[-78.6727664456319,34.526260912083],[-78.6712317636437,34.5271216143276],[-78.6709078216194,34.52707296757271],[-78.668989417836,34.5281488105488],[-78.6676936406232,34.5279541934441],[-78.6673099508288,34.5281693538843],[-78.6643944699946,34.5277314031542],[-78.66362707213831,34.5281617011331],[-78.6626552485708,34.5280156950014],[-78.66227154446511,34.5282308388598],[-78.6619476034316,34.5281821672921],[-78.66118018750191,34.5286124489601],[-78.659884422169,34.5284177452428],[-78.6595007083676,34.5286328798923],[-78.6591767673939,34.5285842006547],[-78.65879305080021,34.5287993329368],[-78.6568494095619,34.5285072322507],[-78.6564656868805,34.5287223568985],[-78.6509587718529,34.5278945440537],[-78.64673755835152,34.5302606314574],[-78.6462093196062,34.5296355902804],[-78.645885382799,34.5295868742016],[-78.6459452034332,34.5293230686295],[-78.6456810893933,34.5290105462704],[-78.6462792798936,34.5263724849523],[-78.6460151745735,34.5260599623057],[-78.6463142578251,34.5247409277526],[-78.64578606017,34.5241158807545]]},"properties":{"segment_id":"cc7dc9f0baf5ed6a5018dece","source_kmz":"waccamaw","orientation":"unverified"}},{"type":"Feature","geometry":{"type":"LineString","coordinates":[[-78.5565200083899,34.4910077437726],[-78.5568437274358,34.4910567100488],[-78.5576113504935,34.4906270964581],[-78.5582587871922,34.4907250220936],[-78.55852241768561,34.4910377557904],[-78.5594935802261,34.49118463523671],[-78.5597572172712,34.4914973659784],[-78.5596370468022,34.4920249111048],[-78.56042797464711,34.4929630993347],[-78.5603678907648,34.4932268718575],[-78.5606315382944,34.493539599894],[-78.5605714546582,34.4938033723482],[-78.5613624119911,34.49474155233791],[-78.5626573653186,34.4949373574387],[-78.56304118101932,34.4947225331211],[-78.5633649197189,34.4947714810897],[-78.5634249945902,34.494507707488],[-78.5641926153428,34.4940780522747],[-78.5651638267693,34.4942248839969],[-78.5654274970666,34.4945376008361],[-78.5657512365014,34.4945865421916],[-78.56627858643341,34.4952119722486],[-78.56660232922582,34.4952609112042],[-78.5668660088607,34.495573624422],[-78.5675134986214,34.4956714981305],[-78.5677771833344,34.4959842091421],[-78.5681009303027,34.496033143895],[-78.56836461861981,34.4963458534496],[-78.5690121167324,34.4964437187528],[-78.5692758101277,34.4967564261011]]},"properties":{"segment_id":"315660e4651f93b13bd8d010","source_kmz":"waccamaw","orientation":"unverified"}},{"type":"Feature","geometry":{"type":"LineString","coordinates":[[-78.5692758101277,34.4967564261011],[-78.56953950565301,34.4970691327418],[-78.5698632582714,34.4971180625427],[-78.5701269574008,34.4974307677264],[-78.5710982221336,34.4975775494728],[-78.571482027501,34.4973626980268],[-78.5718057825744,34.4974116224196],[-78.5718658307385,34.4971478452653],[-78.5722496318459,34.4969329911884],[-78.5723096781266,34.4966692136617],[-78.5730772710032,34.496239501037],[-78.5731373139266,34.4959757228757],[-78.5742886828444,34.495331143286],[-78.5744087586197,34.4948035850597],[-78.574792541051,34.4945887220412],[-78.575032681797,34.4935336032167],[-78.5754164562025,34.493318737834],[-78.5755365211734,34.4927911772357],[-78.5759202905011,34.4925763100132],[-78.5759803208991,34.4923125292865],[-78.5763640866232,34.4920976604864],[-78.5764241151383,34.4918338793871],[-78.5775753951099,34.4911892643078],[-78.5776354187945,34.4909254823117],[-78.57840292517892,34.4904957318241],[-78.5785229654261,34.4899681664521],[-78.5789067124762,34.4897532887109],[-78.5789667305126,34.4894895055972],[-78.5824203448624,34.4875555443764]]},"properties":{"segment_id":"511fbaee94e0395125efa908","source_kmz":"waccamaw","orientation":"unverified"}},{"type":"Feature","geometry":{"type":"LineString","coordinates":[[-78.5824203448624,34.4875555443764],[-78.583211503066,34.4884935828649],[-78.583595229798,34.4882786893354]]},"properties":{"segment_id":"62815bf17bb89e9494a7918d","source_kmz":"waccamaw","orientation":"unverified"}},{"type":"Feature","geometry":{"type":"LineString","coordinates":[[-78.64578606017,34.5241158807545],[-78.6458458769143,34.5238520735995],[-78.6455817819445,34.5235395490799],[-78.645701415527,34.5230119345253],[-78.643588743082,34.520511713538],[-78.6437083855703,34.5199840992164],[-78.6429161725416,34.5190465049091],[-78.6429759951495,34.5187826977097],[-78.64271192906331,34.518470164899],[-78.642064153714,34.51837271119031],[-78.6412719770936,34.5174351040059],[-78.6413318040597,34.5171712971673],[-78.640036280207,34.5169763705312],[-78.6395081862299,34.5163512896143],[-78.6396278501011,34.5158236769876],[-78.6380436272418,34.5139484177371],[-78.6393000823439,34.5084084639248],[-78.6390360664847,34.5080959191131],[-78.6390958938527,34.5078321106229],[-78.6388318807835,34.5075195651443],[-78.6391908403778,34.5059367121466],[-78.6386628285317,34.5053116195631],[-78.6387226550199,34.5050478104289],[-78.6384586529523,34.5047352631158],[-78.6381348252121,34.5046865241452],[-78.6370788441514,34.503436324806],[-78.6371386745879,34.5031725159212],[-78.6358433955431,34.50297753962541],[-78.6347874747934,34.5017273171121],[-78.6334922258483,34.5015323143883],[-78.63322825688311,34.5012197539879],[-78.6329044471398,34.5011710003029],[-78.63252079342142,34.5013860528787],[-78.6318731738426,34.5012885406977],[-78.6308173402384,34.5000382798428],[-78.63087718938371,34.4997744731494],[-78.63061323696841,34.4994619062057],[-78.6309968864507,34.4992468594326],[-78.6310567343724,34.49898305240921],[-78.6313805338018,34.4990318113449],[-78.6321478221105,34.4986017112261],[-78.6322675087059,34.4980740955004],[-78.6320035564747,34.4977615310973],[-78.6320633998185,34.4974977231109],[-78.6317994503761,34.4971851580406],[-78.6319789799338,34.4963937335456],[-78.6314510913885,34.4957686015276],[-78.631127305561,34.4957198426064],[-78.6308633659581,34.4954072747843],[-78.6295682326193,34.495212227084],[-78.6290403715922,34.4945870833135],[-78.6287165922236,34.4945383176346],[-78.6284526663796,34.4942257439363],[-78.62851251908862,34.4939619367084],[-78.628248596033,34.4936493623428],[-78.6279248210841,34.4936005944138],[-78.6276609016325,34.4932880185896],[-78.6273371285647,34.4932392490091],[-78.6265453874141,34.4923015150345],[-78.6266052451336,34.4920377082062],[-78.6260774296683,34.4914125487625],[-78.6261372882949,34.4911487419067],[-78.6258733844156,34.4908361611632],[-78.6259931017601,34.4903085472038],[-78.62572920132631,34.4899959658343],[-78.6257890600442,34.4897321587306],[-78.6247334822438,34.4884818263307],[-78.62491306383902,34.4876904048538],[-78.6246491766872,34.4873778201059],[-78.6248886157337,34.4863225900918],[-78.6235692250757,34.4847596565456],[-78.6238685311398,34.4834406175769],[-78.6242521199809,34.48322558905601]]},"properties":{"segment_id":"c69be9cea08797cf36ff5ea3","source_kmz":"waccamaw","orientation":"unverified"}},{"type":"Feature","geometry":{"type":"LineString","coordinates":[[-78.583595229798,34.4882786893354],[-78.5838952303231,34.48695975838021],[-78.5861975017842,34.48567036171781],[-78.5863174814504,34.4851427854171],[-78.5867011829599,34.4849278808458],[-78.5871810734902,34.4828175691295],[-78.5967726244688,34.4774444749859],[-78.5974200004264,34.4775421846956],[-78.5981872643856,34.4771122974454],[-78.5985109516642,34.4771611488426],[-78.5988945797934,34.4769462021921],[-78.5995419542628,34.4770439001772],[-78.6006928219359,34.4763990460186],[-78.6010165078139,34.4764478905007],[-78.6017837409695,34.4760179790479],[-78.6021074259429,34.476066820523],[-78.6024910386702,34.4758518617714],[-78.6034620940703,34.475998377631],[-78.6038457026988,34.4757834144059],[-78.605140446321,34.4759787520567],[-78.6059076519376,34.4755488132393],[-78.6114103628587,34.4763788015863],[-78.614839880112,34.4804427885401],[-78.6161347293499,34.48063800307391],[-78.61651832578141,34.4804229993027],[-78.6170459891818,34.4810482098541],[-78.6169861073937,34.4813120150876],[-78.617633541168,34.4814096121445],[-78.617897379666,34.4817222148985],[-78.618221098638,34.4817710113251],[-78.6187487849696,34.4823962132074],[-78.6242521199809,34.48322558905601]]},"properties":{"segment_id":"e2477136f8e2f4ddfb7d76ab","source_kmz":"waccamaw","orientation":"unverified"}},{"type":"Feature","geometry":{"type":"LineString","coordinates":[[-78.6242521199809,34.48322558905601],[-78.6254028737233,34.4825804956055],[-78.6257266010111,34.4826292711494],[-78.6261455636775,34.4807826035709],[-78.6253539643007,34.4798448481609],[-78.6255933704552,34.4787896076099],[-78.6259769314715,34.4785745722713],[-78.626036780518,34.4783107615958],[-78.6263604903578,34.4783595356182],[-78.6267440471142,34.4781444976506],[-78.6273914667024,34.4782420408859],[-78.6331445427426,34.47501628205031],[-78.63326418610121,34.4744886510828],[-78.634031220809,34.4740585265121],[-78.6340910389322,34.4737947103391],[-78.63447455161901,34.4735796458204],[-78.6346539991265,34.4727881958537],[-78.6354210092765,34.4723580613024],[-78.6348932567651,34.4717329276848],[-78.6358502221295,34.4675118373295],[-78.6389179760663,34.4657912256932],[-78.6390375658504,34.46526358322],[-78.6385098324877,34.4646384608835],[-78.6381861723398,34.4645897198211],[-78.63830576525372,34.4640620773706],[-78.6386892180535,34.4638469965881],[-78.6389283931059,34.4627917093123],[-78.6393118378887,34.4625766261682],[-78.6402086642239,34.4586192791886],[-78.6417423337551,34.4577589177573]]},"properties":{"segment_id":"345a54c4471427e579b3ae4b","source_kmz":"waccamaw","orientation":"unverified"}},{"type":"Feature","geometry":{"type":"LineString","coordinates":[[-78.6417423337551,34.4577589177573],[-78.642389601856,34.4578563800015],[-78.6427730126014,34.4576412842534]]},"properties":{"segment_id":"f44839a566272f0b4f404670","source_kmz":"waccamaw","orientation":"unverified"}},{"type":"Feature","geometry":{"type":"LineString","coordinates":[[-78.6427730126014,34.4576412842534],[-78.64353982770501,34.4572110888145],[-78.643863460394,34.4572598154278],[-78.6499976641236,34.4538180458399],[-78.6494699202931,34.4531929648916],[-78.6495296697331,34.4529291344785],[-78.6514464811316,34.4518535190861],[-78.6517700964127,34.4519022240496],[-78.6571368759813,34.448890311454],[-78.6571965959962,34.4486264758042],[-78.6575799199565,34.4484113290735],[-78.6576396380935,34.4481474930511],[-78.6580229584539,34.4479323447447],[-78.6582021060117,34.4471408352268],[-78.6589687315198,34.4467105331012],[-78.6590881553075,34.4461828584877],[-78.66062136901101,34.4453222363749],[-78.6612685569546,34.4454195951905],[-78.6616518537432,34.4452044342735],[-78.6632698274283,34.4454478102827],[-78.6644196951549,34.4448023038677],[-78.6644793872208,34.4445384632436],[-78.6651265734649,34.4446358007253],[-78.6743247587035,34.4394712669656],[-78.6746483366439,34.4395199091076],[-78.6754147954197,34.4390894950345],[-78.6773562636952,34.43938131634041],[-78.6777394859414,34.4391661010221],[-78.67806306475082,34.4392147337006],[-78.680745556265,34.4377081823292],[-78.6808051872802,34.4374443311868],[-78.68348756420012,34.4359377136204],[-78.683547184517,34.4356738605353],[-78.68393037123532,34.4354586239387],[-78.6841092253395,34.4346670632323],[-78.68947355415472,34.431653601978]]},"properties":{"segment_id":"fda01e4d688a977637101186","source_kmz":"waccamaw","orientation":"unverified"}},{"type":"Feature","geometry":{"type":"LineString","coordinates":[[-78.7330517533463,34.4327350327663],[-78.7324045813348,34.432638071138],[-78.7321404482267,34.4323257100402],[-78.7301989507259,34.4320347990204],[-78.7299348285638,34.4317224327055],[-78.7296112485336,34.4316739436304],[-78.7296707085308,34.431410065679],[-78.7291424748521,34.4307853294916],[-78.7284953240134,34.4306883459348],[-78.7282312133065,34.430375975272],[-78.7230540884225,34.4295999650338],[-78.72228798816572,34.43003069707561],[-78.721759823402,34.4294059264276],[-78.72143625815951,34.4293574145232]]},"properties":{"segment_id":"effc13583d34f3aa337d1d1c","source_kmz":"waccamaw","orientation":"unverified"}},{"type":"Feature","geometry":{"type":"LineString","coordinates":[[-78.762409254104,34.4226725444409],[-78.7594972057349,34.4222369173245],[-78.7575826275118,34.4233143456627],[-78.7569355034936,34.4232175192114],[-78.7550208654388,34.4242949042317],[-78.7549614972094,34.4245587972827],[-78.7545785617422,34.4247742700889],[-78.7543410789061,34.4258298401394],[-78.7531922421026,34.4264762475525],[-78.7534564401135,34.4267885630427],[-78.7533970646472,34.4270524545341],[-78.7530141125099,34.4272679215765],[-78.7529547351704,34.427531812696],[-78.7525717794349,34.4277472781651],[-78.7525124002219,34.4280111689127],[-78.75136351583251,34.4286575566631],[-78.7507163549714,34.4285606962723],[-78.74956744745661,34.4292070659036],[-78.749329882786,34.4302626203203],[-78.7473883724733,34.4299719949906],[-78.7471241880639,34.4296596668944],[-78.7468006058967,34.429611225434],[-78.7460346375292,34.4300421135716],[-78.7459752342992,34.4303060002863],[-78.7444432661358,34.4311677597681],[-78.7434725069853,34.4310224106039],[-78.739642417721,34.4331766858921],[-78.7393188255465,34.4331282238537],[-78.7385527808214,34.4335590610582],[-78.7330517533463,34.4327350327663]]},"properties":{"segment_id":"8e435a297e1bb400767808f8","source_kmz":"waccamaw","orientation":"unverified"}},{"type":"Feature","geometry":{"type":"LineString","coordinates":[[-78.7722994953241,34.4203327291895],[-78.7715337604257,34.420763789553],[-78.7712102001512,34.4207154153759],[-78.77044445541442,34.4211464683892],[-78.7703851421089,34.4214103702584],[-78.7696193859181,34.421841417502],[-78.7689722591657,34.4217446577352],[-78.76820649181512,34.42217569552611],[-78.7659415516569,34.4218369932376],[-78.7651757665405,34.4222680110641],[-78.765116434438,34.4225319099076],[-78.7647928707884,34.4224835180092],[-78.7644099729072,34.4226990236422],[-78.7640864090011,34.4226506297914],[-78.7637035083301,34.4228661330611],[-78.762409254104,34.4226725444409]]},"properties":{"segment_id":"f6ea91be6473c81ce1473101","source_kmz":"waccamaw","orientation":"unverified"}},{"type":"Feature","geometry":{"type":"LineString","coordinates":[[-78.68947355415472,34.431653601978],[-78.6933049621815,34.42950097204761],[-78.6938328981818,34.430125871568],[-78.6941564493407,34.4301744600722],[-78.6949227073339,34.4297439130629],[-78.6949822839545,34.4294800522391],[-78.69574853049421,34.4290494994534],[-78.6958081037695,34.4287856379953],[-78.696191222377,34.4285703593709],[-78.696310364771,34.42804263559811],[-78.70243992600422,34.4245979906389],[-78.7030869933638,34.42469511957291],[-78.7042778152441,34.419417767655],[-78.7050439106761,34.4189871487268],[-78.7052225111567,34.4181955405333],[-78.7056055512728,34.4179802283146],[-78.7057246132946,34.4174524884395],[-78.7064906812659,34.4170218590163],[-78.7065502087304,34.4167579883885],[-78.7069332380549,34.4165426714457],[-78.70699276364492,34.416278800445],[-78.7073757893723,34.4160634819275],[-78.70749483639821,34.415535739069],[-78.7078778570594,34.4153204187151],[-78.7079373784953,34.4150565468573],[-78.7083203955595,34.4148412249287],[-78.70837991512111,34.4145773526979],[-78.7087629285883,34.4143620291947],[-78.7095961393386,34.4106678026131]]},"properties":{"segment_id":"3f01c8abd6db8d6a606fb020","source_kmz":"waccamaw","orientation":"unverified"}},{"type":"Feature","geometry":{"type":"LineString","coordinates":[[-78.72143625815951,34.4293574145232],[-78.7211721804404,34.4290450273812],[-78.7205250541097,34.4289479993673],[-78.7202609814584,34.4286356100124],[-78.719290299409,34.4284900589805],[-78.7166497340598,34.4253661037801],[-78.71567909974,34.4252205221157],[-78.7154150593207,34.4249081204307],[-78.7159505729817,34.4225332614796],[-78.7156865406225,34.4222208594366],[-78.71622202739981,34.4198459918378],[-78.7159580031003,34.4195335894362],[-78.7160769970239,34.4190058399365],[-78.71581297617071,34.4186934369017],[-78.7159319697919,34.4181656870357],[-78.71566795238482,34.4178532833676],[-78.7157274492468,34.4175894083069],[-78.7138793915957,34.4154025629811],[-78.7135558897384,34.4153540284076],[-78.7095961393386,34.4106678026131]]},"properties":{"segment_id":"d68c35731d64092c7ff090a1","source_kmz":"waccamaw","orientation":"unverified"}},{"type":"Feature","geometry":{"type":"LineString","coordinates":[[-78.7095961393386,34.4106678026131],[-78.70774841965,34.4084808424508],[-78.7078674524953,34.4079530945605],[-78.707603502367,34.4076406689117],[-78.7083694629456,34.4072100222244],[-78.7084289764814,34.4069461476276],[-78.7087524400438,34.4069946969113],[-78.7088119521108,34.4067308220526],[-78.7099608662345,34.40608483745001],[-78.7102843271626,34.4061333825288],[-78.7109388729937,34.4032307414366]]},"properties":{"segment_id":"ba3057e2dc8aadb8bc89cafc","source_kmz":"waccamaw","orientation":"unverified"}},{"type":"Feature","geometry":{"type":"LineString","coordinates":[[-78.7109388729937,34.4032307414366],[-78.7117047714774,34.4028000706086],[-78.7117642702763,34.4025361929533]]},"properties":{"segment_id":"5aa21488c5d9faeef7e8c3e2","source_kmz":"waccamaw","orientation":"unverified"}},{"type":"Feature","geometry":{"type":"LineString","coordinates":[[-78.47249380701932,34.3928401059747],[-78.4719679101264,34.3922141782645],[-78.4720282164494,34.3919504206448],[-78.4717652718377,34.3916374557674],[-78.4718255784015,34.391373698075],[-78.4712996968476,34.3907477662759],[-78.471360004303,34.3904840085505],[-78.47109706736072,34.3901710416287],[-78.4711573750568,34.3899072838305],[-78.470105651115,34.3886554092221],[-78.4697824144847,34.3886061963995],[-78.46794198959421,34.38641538334171],[-78.4680023051007,34.3861516260199],[-78.4674764898189,34.385525673139],[-78.4676574377811,34.3847344007359],[-78.466605840491,34.383482486953],[-78.4667264756202,34.3829549717715],[-78.4656749174868,34.3817030469762],[-78.4657352370385,34.3814392893748],[-78.4649465926698,34.38050033846221],[-78.4650672344462,34.3799728231586],[-78.4648043585347,34.3796598381839],[-78.4649853200738,34.37886856450191],[-78.4644595785193,34.3782425926653],[-78.4645198995128,34.3779788346248],[-78.4632055860072,34.3764138928381],[-78.4635675228679,34.3748313434116],[-78.4633046704341,34.3745183531664],[-78.463545956071,34.3734633181173],[-78.463020262771,34.3728373358174],[-78.462697096558,34.3727881024185],[-78.4631796670313,34.3706780287521],[-78.4623911630126,34.369739048692],[-78.4625118054307,34.3692115293827],[-78.4622489763007,34.3688985346914],[-78.4623092975447,34.3686347749067],[-78.4619861492918,34.3685855392918],[-78.461723324404,34.368272543184],[-78.4610770320706,34.3681740677601],[-78.4608142122453,34.3678610694489],[-78.4609951869622,34.3670697910224],[-78.4604695575761,34.3664437925107],[-78.4605298829617,34.3661800328879],[-78.4602670721003,34.3658670326088],[-78.4599439366738,34.3658177911659],[-78.4598836095775,34.36608155059741],[-78.4593579958583,34.365455546341],[-78.4580654657786,34.3652585649837],[-78.457014287321,34.3640065360116],[-78.457134957388,34.3634790187236],[-78.4558210385326,34.3619139669638],[-78.4558813762008,34.361650208346],[-78.4556185994416,34.3613371959083],[-78.455739274847,34.360809678412],[-78.4554765015083,34.3604966653442],[-78.4564418560718,34.3562765097137],[-78.4561790952526,34.35596349656261],[-78.4562394270756,34.3556997359132],[-78.4559766690265,34.3553867220927],[-78.4560370010892,34.3551229613691],[-78.4557742458103,34.3548099468791]]},"properties":{"segment_id":"f14a64ec4145259566127ee8","source_kmz":"waccamaw","orientation":"unverified"}},{"type":"Feature","geometry":{"type":"LineString","coordinates":[[-78.7117642702763,34.4025361929533],[-78.71097243448921,34.40159893445],[-78.7110319348588,34.4013350567996],[-78.7107679945093,34.40102263591371],[-78.7112439881545,34.39891161100491],[-78.7116269162801,34.3986962741607],[-78.7116864121948,34.3984323952833],[-78.7114224790891,34.3981199748234],[-78.7110990508787,34.3980714324518],[-78.7107161243731,34.3982867677175],[-78.7101882690995,34.3976619215829],[-78.705013509271,34.3968850802942],[-78.7047496083201,34.3965726441512],[-78.7043666715836,34.396787958919],[-78.7040432533476,34.3967393968802],[-78.7037793568022,34.3964269584859],[-78.70413647600752,34.3948437034127],[-78.7033448109796,34.3939063846551],[-78.7034638514231,34.3933786323026],[-78.70319996865,34.3930661913704],[-78.7036761194857,34.3909551778015],[-78.7010374613591,34.3878307324145]]},"properties":{"segment_id":"604797df50487c2cfbe5b77e","source_kmz":"waccamaw","orientation":"unverified"}},{"type":"Feature","geometry":{"type":"LineString","coordinates":[[-78.7010374613591,34.3878307324145],[-78.6939141464044,34.3793943742854],[-78.6944500041843,34.3770194882683],[-78.6939224247107,34.3763945528958],[-78.6945773319005,34.37349190295],[-78.6943135525854,34.3731794346164]]},"properties":{"segment_id":"9279900e92d94e1c4988cec8","source_kmz":"waccamaw","orientation":"unverified"}},{"type":"Feature","geometry":{"type":"LineString","coordinates":[[-78.4340258727798,34.3490355157107],[-78.43862712995951,34.3464621833659],[-78.4389501712414,34.34651148509451],[-78.4392520823352,34.3451927106938],[-78.4419359520783,34.3436914958983],[-78.4419963227746,34.3434277388185],[-78.4423797227903,34.3432132740273],[-78.442621195591,34.3421582435113],[-78.4430045876072,34.3419437763403],[-78.4430649533114,34.34168001816211],[-78.445365252084,34.3403931858806],[-78.4456066755184,34.3393381456576],[-78.4459900453502,34.3391236679379],[-78.4468349550983,34.3354310091372],[-78.4472183022339,34.3352165263811],[-78.4472786483837,34.334952763921],[-78.4476619919306,34.3347382795821],[-78.4477223362005,34.3344745167427],[-78.4484890139981,34.3340455435822],[-78.4487303752187,34.3329904889636],[-78.453330193476,34.3304165266115]]},"properties":{"segment_id":"3cde1b7c224cf0dc4627f5e5","source_kmz":"waccamaw","orientation":"unverified"}},{"type":"Feature","geometry":{"type":"LineString","coordinates":[[-78.4557742458103,34.3548099468791],[-78.45498599269462,34.3538708991586],[-78.4551066607881,34.3533433776836],[-78.4545811719111,34.3527173424836],[-78.4546415066421,34.3524535816542],[-78.4543787660335,34.3521405630304],[-78.4544391010041,34.3518768021267],[-78.4539136274465,34.3512507628316],[-78.4539739633065,34.3509870018925],[-78.4537112303574,34.3506739812211],[-78.4537715664569,34.3504102202077],[-78.4503562394714,34.3463408875131],[-78.4504769273306,34.3458133661562],[-78.4502142260074,34.3455003356824],[-78.4503349135247,34.3449728139498],[-78.4500722156203,34.344659782845],[-78.453330193476,34.3304165266115]]},"properties":{"segment_id":"e9b09d794873460a4f7fa091","source_kmz":"waccamaw","orientation":"unverified"}},{"type":"Feature","geometry":{"type":"LineString","coordinates":[[-78.4890045189627,34.3527743241305],[-78.4876901385928,34.3512096124246],[-78.4880514584474,34.34962694007],[-78.4812176365459,34.3414901594827],[-78.4812778720044,34.3412263813649],[-78.4810150619723,34.3409134187311],[-78.4810752976717,34.3406496405384],[-78.4802868822457,34.339710748498],[-78.4803471194869,34.3394469703075],[-78.4795587250902,34.3385080720004],[-78.4796792022461,34.3379805155101],[-78.47547477512181,34.3329729513118]]},"properties":{"segment_id":"7e8233c26f6ffdcd9fa34730","source_kmz":"waccamaw","orientation":"unverified"}},{"type":"Feature","geometry":{"type":"LineString","coordinates":[[-78.6943135525854,34.3731794346164],[-78.6943730878295,34.3729155567144],[-78.6938455368902,34.3722906179874],[-78.6939646087935,34.3717628619999],[-78.6900082674286,34.367075731904],[-78.6901869018293,34.3662840987969],[-78.689659429716,34.3656591362405],[-78.6870732071684,34.3652702738617],[-78.6836449982117,34.3612078698043],[-78.6829984847813,34.3611106257034],[-78.6819437352296,34.359860625013],[-78.6821224353096,34.35906899757],[-78.6828880577395,34.3586384939777],[-78.6823606964099,34.3580134927394],[-78.68171421121001,34.357916241141],[-78.68145053666622,34.3576037379536],[-78.6808040560218,34.357506481254],[-78.6802767191764,34.3568814697428]]},"properties":{"segment_id":"a746c5e4111b50c3c2dc512a","source_kmz":"waccamaw","orientation":"unverified"}},{"type":"Feature","geometry":{"type":"LineString","coordinates":[[-78.453330193476,34.3304165266115],[-78.4678942717758,34.3222643947046],[-78.4679545375925,34.3220006174837]]},"properties":{"segment_id":"6abda551cae78267623f2b3a","source_kmz":"waccamaw","orientation":"unverified"}},{"type":"Feature","geometry":{"type":"LineString","coordinates":[[-78.47547477512181,34.3329729513118],[-78.471270890552,34.32796520556451],[-78.4713311493195,34.327701428377],[-78.4710684251963,34.3273884382779],[-78.4713697161391,34.32606955082701],[-78.4679545375925,34.3220006174837]]},"properties":{"segment_id":"813ebe4df73792f689090488","source_kmz":"waccamaw","orientation":"unverified"}},{"type":"Feature","geometry":{"type":"LineString","coordinates":[[-78.6802767191764,34.3568814697428],[-78.6773765184002,34.3534438555149]]},"properties":{"segment_id":"09f4f2f33b082c4299fc0654","source_kmz":"waccamaw","orientation":"unverified"}},{"type":"Feature","geometry":{"type":"LineString","coordinates":[[-78.6773765184002,34.3534438555149],[-78.6768492367801,34.3528188254886],[-78.676526019075,34.35277018453871],[-78.676262382918,34.3524576677074]]},"properties":{"segment_id":"a25012ae1039543a8698b3df","source_kmz":"waccamaw","orientation":"unverified"}},{"type":"Feature","geometry":{"type":"LineString","coordinates":[[-78.4057865542784,34.288483493184],[-78.4069362340855,34.2878404107832]]},"properties":{"segment_id":"d62d75004e2337929b325340","source_kmz":"waccamaw","orientation":"unverified"}},{"type":"Feature","geometry":{"type":"LineString","coordinates":[[-78.676262382918,34.3524576677074],[-78.6752078595286,34.3512075932608],[-78.6745614400061,34.3511103011612],[-78.67429781740262,34.3507977792694],[-78.6739746097165,34.3507491311193],[-78.6737109907039,34.3504366077654],[-78.6717717619022,34.3501446954608],[-78.67124454785412,34.3495196376183],[-78.6729130699539,34.342131138766],[-78.6718587408559,34.3408810187531],[-78.672514173629,34.33797837168381],[-78.67066922998,34.3357906371257],[-78.6709075753883,34.3347351267656],[-78.6706440231261,34.3344225905576],[-78.6732654236376,34.3228118589991]]},"properties":{"segment_id":"024a2747477f3c896a80afef","source_kmz":"waccamaw","orientation":"unverified"}},{"type":"Feature","geometry":{"type":"LineString","coordinates":[[-78.4679545375925,34.3220006174837],[-78.468135332585,34.3212092851384],[-78.4684582874941,34.321258506438],[-78.4688415048725,34.3210439488587],[-78.4690222885941,34.3202526142373],[-78.4694054994474,34.3200380545444],[-78.4703093407347,34.316081362093],[-78.47004666006,34.3157683653735],[-78.4745645334487,34.2959845214674],[-78.4716757216637,34.2925415418457],[-78.4717359515659,34.292277753338]]},"properties":{"segment_id":"d122d558adf36f8b0c6ad61e","source_kmz":"waccamaw","orientation":"unverified"}},{"type":"Feature","geometry":{"type":"LineString","coordinates":[[-78.5888433933666,34.32234695567131],[-78.5898608696617,34.3178616665984],[-78.5895977011111,34.3175489407079],[-78.5900166323358,34.3157020477082],[-78.5897534704793,34.3153893213681],[-78.5899330082904,34.3145977942072],[-78.5903158567202,34.3143828350192],[-78.59043554362641,34.3138551491492],[-78.5899092311805,34.3132296962806],[-78.5913453785029,34.3068974322113],[-78.5910822411392,34.3065847056037],[-78.5913215788625,34.305529322047],[-78.5907953157206,34.304903866994],[-78.5904723515489,34.3048549843484],[-78.5905920227031,34.3043272923383],[-78.5909748186622,34.3041123283561],[-78.5911543179438,34.3033207886952]]},"properties":{"segment_id":"d16a035e93e15ff6d6b03f8a","source_kmz":"waccamaw","orientation":"unverified"}},{"type":"Feature","geometry":{"type":"LineString","coordinates":[[-78.5911543179438,34.3033207886952],[-78.5901018327735,34.3020698709401],[-78.5894559292874,34.3019721005686],[-78.5886665964648,34.3010339002876],[-78.5883436497313,34.3009850115066],[-78.588080544496,34.3006722759076],[-78.5881403851809,34.3004084298754],[-78.5876141823751,34.2997829566165],[-78.587733865137,34.2992552643589],[-78.5853660691752,34.2964406001322]]},"properties":{"segment_id":"5c700596df186200e25fec0c","source_kmz":"waccamaw","orientation":"unverified"}},{"type":"Feature","geometry":{"type":"LineString","coordinates":[[-78.4069362340855,34.2878404107832],[-78.4077026767117,34.2874116825942],[-78.408993783093,34.2876092412672],[-78.4093769986434,34.2873948709925],[-78.4109908876209,34.287641793857],[-78.4113740978188,34.28742741701],[-78.4116968761985,34.2874767978356],[-78.4182111148492,34.2838321719813],[-78.4195021884443,34.2840296148368],[-78.4198853573216,34.2838152090196],[-78.42634081080412,34.2848021865769],[-78.4428145139646,34.27558058659851],[-78.4431372630826,34.2756298808593],[-78.4442864432804,34.2749864193834]]},"properties":{"segment_id":"836c4c609ffa860e028b98e9","source_kmz":"waccamaw","orientation":"unverified"}},{"type":"Feature","geometry":{"type":"LineString","coordinates":[[-78.7207669827517,34.3165858847422],[-78.71541182194142,34.3196011930742],[-78.7147656152996,34.3195041206214],[-78.7143830865782,34.31971948784341]]},"properties":{"segment_id":"496c7646df3b1784d0c1cd03","source_kmz":"waccamaw","orientation":"unverified"}},{"type":"Feature","geometry":{"type":"LineString","coordinates":[[-78.4442864432804,34.2749864193834],[-78.4484999411013,34.2726269592273]]},"properties":{"segment_id":"4345e80d240ff78b21eb22f8","source_kmz":"waccamaw","orientation":"unverified"}},{"type":"Feature","geometry":{"type":"LineString","coordinates":[[-78.7143830865782,34.31971948784341],[-78.7140005557342,34.3199348537528],[-78.7104464336384,34.3194008678122],[-78.7101827742626,34.3190884154981],[-78.70985967614432,34.3190398651713],[-78.7095960203566,34.3187274113936],[-78.7089498282634,34.3186303065396],[-78.7086861775292,34.3183178505483],[-78.7083630835544,34.3182692960212],[-78.7073085077048,34.3170194619223],[-78.7060161592952,34.3168252228115],[-78.7057525265007,34.316512759503],[-78.7054294418744,34.3164641967252],[-78.7051658126678,34.3161517319534],[-78.7045196475587,34.3160546021977],[-78.70425602340532,34.3157421352123],[-78.7039329429226,34.3156935682344],[-78.703669322357,34.3153810997857],[-78.7030231655353,34.3152839616298],[-78.70308262676622,34.3150200612456],[-78.7028190119106,34.3147075906203],[-78.6970037187726,34.3138331744227],[-78.6939432589709,34.3155556198337],[-78.6929740404277,34.31540983025531],[-78.6927104649403,34.3150973368719],[-78.6917412544345,34.3149515369442],[-78.69147768546591,34.3146390405979],[-78.6901854163175,34.3144446250955],[-78.6890376940365,34.3150904842417],[-78.6887741354797,34.3147779818223],[-78.68883364476332,34.314514088565],[-78.6895987905232,34.3140835181611],[-78.689658296471,34.3138196242643],[-78.6893947397307,34.313507122779],[-78.6877794343818,34.3132640719044],[-78.6859346479069,34.3110765152955],[-78.6861131949886,34.310284836059],[-78.6850590858426,34.3090347884646],[-78.6847360452899,34.3089861677916],[-78.6847955638602,34.3087222747832],[-78.6841494860904,34.3086250310377],[-78.6836224543522,34.3079999985364],[-78.68528890619702,34.3006109587459],[-78.6868189545217,34.2997498450685],[-78.68714195794992,34.2997984604922],[-78.6877964725544,34.2968955858684]]},"properties":{"segment_id":"2ed94226af9550dd4bae21ea","source_kmz":"waccamaw","orientation":"unverified"}},{"type":"Feature","geometry":{"type":"LineString","coordinates":[[-78.4717359515659,34.292277753338],[-78.4721190168621,34.2920631775642],[-78.4724418530744,34.2921123895134],[-78.4743571445526,34.2910394856419],[-78.5001851068435,34.2949731084166],[-78.5377090381767,34.2739293139141]]},"properties":{"segment_id":"e97e4c77e9e3d4cd566f493b","source_kmz":"waccamaw","orientation":"unverified"}},{"type":"Feature","geometry":{"type":"LineString","coordinates":[[-78.5377090381767,34.2739293139141],[-78.5380918306255,34.2737145161891],[-78.5451935614753,34.274792966071],[-78.54634188313982,34.2741484956995]]},"properties":{"segment_id":"7df41ae96fa299ad0d41b9b9","source_kmz":"waccamaw","orientation":"unverified"}},{"type":"Feature","geometry":{"type":"LineString","coordinates":[[-78.7515970574068,34.2982948957985],[-78.7496854260024,34.299372351345],[-78.7495668439199,34.2999002093996],[-78.7453610358609,34.3022704903611],[-78.7450379857543,34.3022220367573],[-78.7448007480781,34.3032777393524],[-78.7440360150831,34.3037086782694],[-78.7437394442706,34.3050283013399],[-78.7433570672673,34.3052437675168],[-78.743179115547,34.3060355392131],[-78.7434428633762,34.3063479215813],[-78.742908992358,34.3087232308885],[-78.7434365062273,34.3093479941381],[-78.7433771865246,34.3096119169017],[-78.7429947859393,34.3098273807128],[-78.7429354643686,34.31009130310081],[-78.742553060196,34.3103067653371],[-78.7422299784007,34.3102583043984],[-78.7414651623714,34.3106892228352],[-78.7411420796636,34.3106407588973],[-78.7403772538276,34.311071669986],[-78.7397310869905,34.3109747352116],[-78.738583828369,34.3116210857052],[-78.7382607435819,34.3115726138191],[-78.7382014045831,34.31183653324521],[-78.7374365506432,34.3122674243884],[-78.7361442060215,34.3120735188481],[-78.7315548724999,34.3146587050889],[-78.7310274181718,34.3140338919113],[-78.7290888835683,34.3137429220184],[-78.72870642297922,34.3139583378025],[-78.72838333463392,34.3139098386205],[-78.7280008712646,34.3141252520425],[-78.7257392595489,34.3137857252198],[-78.7207669827517,34.3165858847422]]},"properties":{"segment_id":"cd574b1a2cd85bad07427d84","source_kmz":"waccamaw","orientation":"unverified"}},{"type":"Feature","geometry":{"type":"LineString","coordinates":[[-78.6732654236376,34.3228118589991],[-78.6744133913159,34.3221661613713],[-78.6745920814151,34.3213745102475],[-78.6743285596826,34.3210619774385],[-78.67444768570252,34.3205342095314],[-78.6741841674043,34.3202216760838],[-78.6751371277447,34.3159995171298],[-78.6755197469881,34.3157842780052],[-78.6769489579632,34.309450978922],[-78.6764219785916,34.3088259144154],[-78.6764815253002,34.3085620256114],[-78.6762180394526,34.3082494923255],[-78.6763371329671,34.3077217144511],[-78.6760736505527,34.3074091805257],[-78.6761331973586,34.3071452914553],[-78.6758697177215,34.30683275685371],[-78.6759292647785,34.3065688677067],[-78.6756657879185,34.3062563324288],[-78.6758444286282,34.3054646644178],[-78.6755809558572,34.305152128537],[-78.6758191404263,34.3040965697486],[-78.6755556723998,34.3037840333015],[-78.6767033396833,34.3031382984793],[-78.6772987353704,34.3004993860324],[-78.6784463396054,34.2998536314867],[-78.6787440002941,34.2985341670567],[-78.6782170805651,34.29790910255661],[-78.6783361446311,34.2973813161363],[-78.6754382521878,34.2939434111942],[-78.6754977908266,34.2936795182149],[-78.675234359439,34.2933669771591],[-78.6752938983287,34.2931030841027],[-78.6742401966065,34.2918529128928],[-78.6753714084503,34.2868389259937]]},"properties":{"segment_id":"13a973543b368eebea427a22","source_kmz":"waccamaw","orientation":"unverified"}},{"type":"Feature","geometry":{"type":"LineString","coordinates":[[-78.6877964725544,34.2968955858684],[-78.6879154699518,34.2963677890071],[-78.6876519794632,34.2960552770816],[-78.6878899720291,34.2949996821427],[-78.6876264862855,34.2946871696494],[-78.6882214459516,34.2920481747187],[-78.68795796888901,34.2917356618756],[-78.6882554368374,34.2904161603331],[-78.6864111797364,34.2882285517234],[-78.6860882248902,34.2881799335992],[-78.6850344162001,34.2869298528403]]},"properties":{"segment_id":"d5a1fefb91318d248192755a","source_kmz":"waccamaw","orientation":"unverified"}},{"type":"Feature","geometry":{"type":"LineString","coordinates":[[-78.54634188313982,34.2741484956995],[-78.5471074203294,34.2737188422084],[-78.54807584368132,34.2738658540906],[-78.548458607146,34.273651022222],[-78.5491042234478,34.2737490235481],[-78.5494869834923,34.2735341882641],[-78.5565888559919,34.2746119423944],[-78.5592680166775,34.2731078968809],[-78.5597938104683,34.2737335182903],[-78.5601166259072,34.2737824879286],[-78.5600567105401,34.2740463279275],[-78.5694185660122,34.2754660606938],[-78.5728629005407,34.2735318979807],[-78.57346159692702,34.2708934252574],[-78.5746096263488,34.2702486727333]]},"properties":{"segment_id":"8d93eecaa75b8692debf8b62","source_kmz":"waccamaw","orientation":"unverified"}},{"type":"Feature","geometry":{"type":"LineString","coordinates":[[-78.5853660691752,34.2964406001322],[-78.574055635291,34.2829919642525],[-78.5741155100008,34.2827281198691],[-78.5738525239166,34.2824153452737],[-78.57391239887191,34.2821515008129],[-78.5736494155584,34.2818387255424],[-78.5737092907592,34.2815748810042],[-78.5734463102161,34.2812621050586],[-78.5735061856623,34.2809982604429],[-78.5732432078898,34.2806854838222],[-78.5734827082156,34.2796301043644],[-78.5732197351702,34.2793173271785],[-78.5735191046854,34.2779981004706],[-78.5732561370193,34.2776853227558],[-78.5737351123082,34.27557455437771],[-78.57347215197761,34.2752617762434],[-78.5746096263488,34.2702486727333]]},"properties":{"segment_id":"0803b4e19eaac1737071a271","source_kmz":"waccamaw","orientation":"unverified"}},{"type":"Feature","geometry":{"type":"LineString","coordinates":[[-78.7736559604115,34.2996905061247],[-78.7710715155592,34.2993034795654],[-78.7708076805119,34.2989911572313],[-78.7698385247268,34.2988460051689],[-78.7687832233292,34.2975966996765],[-78.7684601780616,34.2975483108526],[-78.7679325430252,34.2969236523168],[-78.7643791038629,34.2963912993394],[-78.7632322659387,34.297037904107],[-78.76317302293,34.297301840828],[-78.7615578242379,34.2970598097173],[-78.7604109529457,34.2977063861514],[-78.7597648723385,34.2976095611115],[-78.7593825763466,34.2978250818672],[-78.7593233196512,34.2980890163796],[-78.7580311563932,34.2978953507056],[-78.7572665498484,34.2983263793616],[-78.7553283091497,34.2980358412598],[-78.7549459987446,34.2982513473239],[-78.75462295938031,34.2982029201077],[-78.75385833088731,34.2986339262014],[-78.7528892112633,34.298488632857],[-78.75262545212722,34.2981762689836],[-78.7519793773211,34.2980794007531],[-78.7515970574068,34.2982948957985]]},"properties":{"segment_id":"0b675b0b3f739d331c39cf12","source_kmz":"waccamaw","orientation":"unverified"}},{"type":"Feature","geometry":{"type":"LineString","coordinates":[[-78.4484999411013,34.2726269592273],[-78.458458100179,34.2670494199602],[-78.4585183552013,34.2667856302505],[-78.45928430527,34.26635655136401],[-78.4593445569491,34.2660927610067],[-78.45972752734342,34.2658782193219],[-78.459908275525,34.2650868467621],[-78.46029123940312,34.2648723029613],[-78.46197800379,34.2574861017771],[-78.4677215921412,34.2542676748524],[-78.4690123000806,34.2544645750038],[-78.4693951864568,34.2542499984752],[-78.4700405415825,34.2543484410589],[-78.4704234245464,34.2541338611135],[-78.47494094713281,34.2548228438508],[-78.4787695696229,34.2526768249755],[-78.48393244684911,34.2534638501308],[-78.4868203487215,34.2569066865264],[-78.4871430481487,34.2569558597396],[-78.4875258967195,34.256741224139],[-78.48758604504621,34.2564774161092],[-78.4879087431749,34.2565265872222],[-78.4882915875149,34.2563119489891],[-78.5208861358034,34.2612734958607],[-78.5277170551656,34.2694087234719],[-78.5286853880631,34.2695558976082],[-78.5294736763345,34.2704945400466],[-78.52979645918082,34.2705435940504],[-78.5300592276378,34.2708564726928],[-78.5310275830211,34.2710036270668],[-78.53155313508262,34.2716293777304],[-78.531875923958,34.2716784258947],[-78.5321387046304,34.2719912994116],[-78.54634188313982,34.2741484956995]]},"properties":{"segment_id":"be6ceda25b9fe3cc9ac062f2","source_kmz":"waccamaw","orientation":"unverified"}},{"type":"Feature","geometry":{"type":"LineString","coordinates":[[-78.6753714084503,34.2868389259937],[-78.67651882684,34.28619317993671],[-78.6774117197348,34.282234728367]]},"properties":{"segment_id":"4e0e70b9a4867d1469463756","source_kmz":"waccamaw","orientation":"unverified"}},{"type":"Feature","geometry":{"type":"LineString","coordinates":[[-78.6850344162001,34.2869298528403],[-78.6838870577403,34.2875756823438],[-78.6796887321301,34.2869434849451],[-78.679161883442,34.2863184160768],[-78.678838941079,34.286269777711],[-78.6790175034637,34.2854780859543],[-78.6787540857316,34.285165549809],[-78.6789921658704,34.2841099593528],[-78.6774117197348,34.282234728367]]},"properties":{"segment_id":"a41228aba992d9e5639d95e9","source_kmz":"waccamaw","orientation":"unverified"}},{"type":"Feature","geometry":{"type":"LineString","coordinates":[[-78.5746096263488,34.2702486727333],[-78.5845584163386,34.2646603218358],[-78.5848812096728,34.264709223251],[-78.5986540707513,34.25697000165901],[-78.5987736125675,34.25644227099211]]},"properties":{"segment_id":"d91c8c23885b20a389c8d658","source_kmz":"waccamaw","orientation":"unverified"}},{"type":"Feature","geometry":{"type":"LineString","coordinates":[[-78.5987736125675,34.25644227099211],[-78.5969326824436,34.2542531552435],[-78.5866046446763,34.252688915136],[-78.58581584698481,34.2517506401249],[-78.5812975227739,34.251065964169],[-78.5805088056494,34.2501276513119],[-78.5798633460511,34.2500298215875],[-78.5794807858112,34.2502447629257],[-78.5759307799064,34.2497066236235],[-78.5754050187806,34.2490810571309]]},"properties":{"segment_id":"ed49655e2bfa7e4e0708650a","source_kmz":"waccamaw","orientation":"unverified"}},{"type":"Feature","geometry":{"type":"LineString","coordinates":[[-78.6774117197348,34.282234728367],[-78.6755679623715,34.2800469264202],[-78.676877474916,34.27424115669],[-78.6758240035888,34.2729909716224],[-78.67594304571881,34.2724631719282],[-78.6727828509298,34.2687125490786],[-78.672459985759,34.2686638919732],[-78.6690368048098,34.2646005915069],[-78.6677454243025,34.2644059151186],[-78.6669806467574,34.2648363673308],[-78.6669211012911,34.2651002650608],[-78.6643383407423,34.2647108511275],[-78.6588097324924,34.2581465807156],[-78.6536447809905,34.2573673284036],[-78.6525919123684,34.2561169075484],[-78.636775180083,34.2537288684984],[-78.6338807551717,34.2502897485096],[-78.6335579909463,34.2502409823003]]},"properties":{"segment_id":"816282ced8be47b3f0df6fe7","source_kmz":"waccamaw","orientation":"unverified"}},{"type":"Feature","geometry":{"type":"LineString","coordinates":[[-78.6335579909463,34.2502409823003],[-78.6312986527136,34.2498995936605],[-78.6232674457209,34.2544166408558],[-78.6184258677031,34.2536846148913],[-78.6180433961825,34.2538996821826],[-78.6167523215079,34.2537044368955],[-78.6163698452571,34.2539194986752],[-78.6147560077738,34.2536754165901],[-78.61437352614001,34.2538904718087],[-78.6130824608423,34.2536951857596],[-78.6126999744788,34.2539102354665],[-78.5855890483796,34.2498058174484],[-78.5852065050827,34.2500207776887],[-78.5848837725673,34.2499718763128],[-78.5845012265016,34.250186834189],[-78.5835330294366,34.2500401215192],[-78.583270116084,34.2497273559491],[-78.5787519319687,34.24904257937221],[-78.5779868129449,34.2494724539293],[-78.5754050187806,34.2490810571309]]},"properties":{"segment_id":"33c6c7a377a50f79892fdab7","source_kmz":"waccamaw","orientation":"unverified"}},{"type":"Feature","geometry":{"type":"LineString","coordinates":[[-78.6377889904432,34.2492427928896],[-78.6374065943926,34.2494579250374],[-78.6370838314099,34.2494091685697],[-78.63670143258801,34.2496242983545],[-78.6363786693567,34.2495755399385],[-78.63523145822461,34.2502209182624],[-78.6339404015067,34.2500258630169],[-78.6335579909463,34.2502409823003]]},"properties":{"segment_id":"b29134a5790c4cf3d9717d71","source_kmz":"waccamaw","orientation":"unverified"}},{"type":"Feature","geometry":{"type":"LineString","coordinates":[[-78.3315777612602,34.1913592201279],[-78.3318394639328,34.1916725760744],[-78.3324841248712,34.1917717897529],[-78.3328670789186,34.1915576468757],[-78.3331894093613,34.1916072513187],[-78.3343382569181,34.1909648116257],[-78.3345999693872,34.1912781615026],[-78.3362116254468,34.1915261507796],[-78.3365945680192,34.1913119955477],[-78.3369168998212,34.1913615896606],[-78.3372998396409,34.1911474320602],[-78.3376221712105,34.1911970242256],[-78.3380051082774,34.1909828642569],[-78.3389721035225,34.1911316322181]]},"properties":{"segment_id":"fea4d0649a5855e8c9a1b14d","source_kmz":"waccamaw","orientation":"unverified"}},{"type":"Feature","geometry":{"type":"LineString","coordinates":[[-78.3389721035225,34.1911316322181],[-78.3425177844072,34.1916770456278],[-78.342779532233,34.1919903767993],[-78.3485816891544,34.1928826237756],[-78.3489646043359,34.1926684281132],[-78.3505763350009,34.1929162176327],[-78.3509592448533,34.1927020154029],[-78.3525709825699,34.1929497772323],[-78.352953887093,34.1927355684352],[-78.3535985837674,34.1928346647839],[-78.3581932580393,34.1902640311971],[-78.35851559926381,34.190313565428],[-78.3600470872715,34.1894566411827],[-78.36036942633,34.1895061703171],[-78.3653465208767,34.1867210072142],[-78.3656688519707,34.1867705218055],[-78.3661925032459,34.1873970828214],[-78.366131996558,34.1876608499098],[-78.3670990042586,34.1878093842799],[-78.3678845121131,34.1887492138732]]},"properties":{"segment_id":"12fe21616b62f40afdfd0e75","source_kmz":"waccamaw","orientation":"unverified"}},{"type":"Feature","geometry":{"type":"LineString","coordinates":[[-78.7492274260861,34.236006968324],[-78.7476135448576,34.235764725745],[-78.7462959408647,34.2342027218118],[-78.7464144449168,34.2336748254623],[-78.7457689140979,34.2335779152299],[-78.74538689428951,34.2337934065494],[-78.745064128827,34.2337449490358],[-78.7446821062433,34.2339604379949],[-78.7443593405265,34.2339119785335],[-78.742449192546,34.234989398407],[-78.7421264239482,34.2349409328042],[-78.7418629237635,34.2346285206955],[-78.7415401570302,34.2345800534433],[-78.741276660426,34.234267639869],[-78.7406311310907,34.2341707011665],[-78.7393136944654,34.2326086150622],[-78.7380226698632,34.2324147118635],[-78.7367053154335,34.2308525928715],[-78.7363232838922,34.2310680551052],[-78.7353550396263,34.2309226038676],[-78.7345646679598,34.2299853147826],[-78.7346239568128,34.2297213713022],[-78.7343605044834,34.229408940211],[-78.73441979359002,34.2291449966506],[-78.7340970542721,34.2290965084044],[-78.734274922353,34.2283046774834],[-78.7334845903346,34.2273673780825]]},"properties":{"segment_id":"b823826e789822093bb2ffdf","source_kmz":"waccamaw","orientation":"unverified"}},{"type":"Feature","geometry":{"type":"LineString","coordinates":[[-78.4535799620093,34.1773058896416],[-78.45472760295291,34.1766622483362]]},"properties":{"segment_id":"2514ee004f4702322abb3dad","source_kmz":"waccamaw","orientation":"unverified"}},{"type":"Feature","geometry":{"type":"LineString","coordinates":[[-78.51049387823801,34.1690649821236],[-78.5143172983992,34.1669175687547]]},"properties":{"segment_id":"3110b2a8831ee4b9def0dd79","source_kmz":"waccamaw","orientation":"unverified"}},{"type":"Feature","geometry":{"type":"LineString","coordinates":[[-78.3678845121131,34.1887492138732],[-78.3709471862623,34.1870350939396],[-78.3719141953773,34.1871835883289],[-78.3799530320432,34.1826835560525],[-78.3805575729851,34.1800457919035],[-78.3809403368779,34.1798314874714],[-78.381000787252,34.1795677101471],[-78.38214906188011,34.1789247881384],[-78.3822095074501,34.1786610098923],[-78.382592259976,34.178446699652],[-78.3827131469565,34.1779191422732],[-78.3830958944439,34.1777048301783],[-78.3832772174459,34.1769134924303],[-78.38365995843012,34.1766991782124],[-78.3837808354525,34.1761716185938],[-78.3841635713983,34.1759573025213],[-78.38422400783,34.1756935222687],[-78.38690309014092,34.174193270985],[-78.3871447907634,34.1731381412924],[-78.390971813353,34.1709948024306],[-78.3910322228407,34.1707310170317],[-78.3905084836917,34.170104555267],[-78.3906897135652,34.16931319858001],[-78.3910723967283,34.1690988579346],[-78.3911328044025,34.1688350718704],[-78.3915154839925,34.168620729639],[-78.3915758897928,34.1683569431896],[-78.3923412397175,34.167928254237],[-78.3924016421798,34.167664467134],[-78.3927843125147,34.1674501204129],[-78.393025912411,34.1663949697597],[-78.3934085747806,34.1661806206472],[-78.3934689722666,34.1659168324236],[-78.3938516310632,34.1657024817251],[-78.39463674207481,34.1622732206989],[-78.3943748854034,34.1619599950524],[-78.3944956668589,34.1614324147501],[-78.39564356226171,34.1607893450107],[-78.3958247181988,34.1599979712645],[-78.3985030362654,34.1584974234542],[-78.398825271505,34.1585468477247],[-78.3988856446979,34.1582830542113],[-78.3992682510218,34.1580686836508],[-78.3995904849717,34.1581181058232],[-78.3999730885423,34.1579037328963],[-78.4011803868014,34.1526278243025],[-78.4038583478667,34.1511271393379],[-78.4035964915848,34.1508139302017],[-78.4038378931937,34.1497587354877],[-78.40651570425561,34.1482579839154],[-78.4068777329373,34.1466751770553],[-78.4080253082909,34.1460319732166],[-78.4080856405833,34.1457681708579],[-78.408468160022,34.1455537666752]]},"properties":{"segment_id":"d29f49c1e079b8d01b067a70","source_kmz":"waccamaw","orientation":"unverified"}},{"type":"Feature","geometry":{"type":"LineString","coordinates":[[-78.4769013606752,34.155478271949],[-78.4775459059403,34.1555766846872],[-78.4778080758764,34.1558897250701],[-78.4787749012189,34.1560373352044],[-78.4790370776524,34.1563503726343],[-78.4796816328439,34.1564487734084],[-78.4799438143121,34.1567618086321],[-78.4802660939818,34.1568110069258],[-78.4805282790225,34.1571240406901],[-78.4808505605623,34.1571732373392],[-78.4813749398983,34.1577993012363],[-78.4845978069632,34.1582912034166],[-78.4848600144215,34.1586042268277],[-78.4851823048319,34.1586534113613],[-78.4875422800728,34.1614705832701],[-78.4874221296371,34.1619982600999],[-78.4884710675681,34.1632503182497],[-78.4900826313519,34.1634961804104],[-78.4903448784237,34.1638091894316],[-78.4932457320669,34.1642516780363],[-78.4935079944129,34.164564679622],[-78.493830314984,34.1646138397864],[-78.4940925809031,34.1649268399124],[-78.4940325254363,34.1651906806553],[-78.4948193378006,34.1661296768602],[-78.4947592838701,34.1663935175897],[-78.4950215595273,34.1667065149337],[-78.4953438899297,34.1667556707669],[-78.49560616916031,34.1670686666512],[-78.4959285014327,34.1671178208395],[-78.4961907842366,34.1674308152641],[-78.5000588208303,34.1680205865252],[-78.5003211232972,34.1683335712723],[-78.5006434637902,34.1683827122941],[-78.5014082123848,34.1679533046668],[-78.5019328298345,34.1685792674026],[-78.5022551723638,34.168628403935],[-78.5026375444756,34.1684136955359],[-78.5026975732438,34.168149851386],[-78.5038446725263,34.1675057174924],[-78.5041670118144,34.1675548487816],[-78.5049317328188,34.1671254175096],[-78.5055764100236,34.1672236731998],[-78.5055163917347,34.1674875191377],[-78.5063033659513,34.1684264348631],[-78.51049387823801,34.1690649821236]]},"properties":{"segment_id":"572642353a150d637f4b680e","source_kmz":"waccamaw","orientation":"unverified"}},{"type":"Feature","geometry":{"type":"LineString","coordinates":[[-78.45472760295291,34.1766622483362],[-78.4557509074441,34.1721773489469],[-78.4630183863228,34.1681005924101],[-78.4630785492269,34.167836768666],[-78.4642259718662,34.1671930260181],[-78.4642861299728,34.1669292013547],[-78.4684931677438,34.1645687073379],[-78.4687337317166,34.1635133957438],[-78.4721756109587,34.1615819543509],[-78.472295864166,34.1610542930376],[-78.4726782817175,34.1608396813217],[-78.4731592665323,34.1587290292624],[-78.4743064714218,34.1580851797944],[-78.4743665883007,34.1578213469593],[-78.47305579641,34.1562561027749],[-78.4731760354157,34.155728437097],[-78.4743231959216,34.155084585089],[-78.4769013606752,34.155478271949]]},"properties":{"segment_id":"40f42c3e9a7c57963583b7f5","source_kmz":"waccamaw","orientation":"unverified"}},{"type":"Feature","geometry":{"type":"LineString","coordinates":[[-78.4723078082695,34.1536847302167],[-78.4728320953487,34.1543108353859],[-78.4734766257945,34.1544092708599],[-78.4737387754235,34.1547223208822],[-78.4766391957738,34.15516522936],[-78.4769013606752,34.155478271949]]},"properties":{"segment_id":"66abfd47bfa399677b899edb","source_kmz":"waccamaw","orientation":"unverified"}},{"type":"Feature","geometry":{"type":"LineString","coordinates":[[-78.4473320089847,34.1476829654622],[-78.4495875675428,34.1480279722747],[-78.4498495995498,34.1483410786955],[-78.4517829601518,34.1486367593385],[-78.4521653732433,34.1484222119234],[-78.4524274169511,34.1487353123726],[-78.4550052604728,34.1491294886072],[-78.4553876671005,34.148914930706],[-78.4556497254341,34.1492280236903],[-78.4562941920277,34.1493265551833],[-78.4565562553955,34.1496396459623],[-78.457522962734,34.1497874342305],[-78.4577850325985,34.1501005220576],[-78.4581072706567,34.150149782272],[-78.4583693440929,34.1504628686401],[-78.4593360651031,34.1506106416583],[-78.45959814503621,34.1509237250745],[-78.4615316068478,34.1512192423967],[-78.46179369766561,34.1515323206211],[-78.462438191125,34.1516308177213],[-78.4627002869771,34.1519438937401],[-78.4633447849934,34.1520423857567],[-78.46360688588,34.1523554595699],[-78.4639291369626,34.1524047034851],[-78.464453347989,34.153030847481],[-78.4670313947355,34.153424754543],[-78.46779618176951,34.1529955604545],[-78.4723078082695,34.1536847302167]]},"properties":{"segment_id":"87e0e55208aeede29cbc6f95","source_kmz":"waccamaw","orientation":"unverified"}},{"type":"Feature","geometry":{"type":"LineString","coordinates":[[-78.4686380349744,34.1493019142286],[-78.4723078082695,34.1536847302167]]},"properties":{"segment_id":"68f5fb3ed8a8ccc1a0bc9810","source_kmz":"waccamaw","orientation":"unverified"}},{"type":"Feature","geometry":{"type":"LineString","coordinates":[[-78.5143172983992,34.1669175687547],[-78.5169935669084,34.165414301117],[-78.5171135220234,34.16488659592041],[-78.517878145321,34.1644570779727],[-78.5179980929594,34.1639293712423],[-78.5177357342262,34.163616424746],[-78.5188152014192,34.1588670438262],[-78.5218733697245,34.1571488829363],[-78.52193332456352,34.1568850251974],[-78.52269784261,34.156455471286],[-78.5228177452203,34.1559277543903],[-78.523582248977,34.1554981941488],[-78.5236421967484,34.155234334992]]},"properties":{"segment_id":"aa851c158737691fab70820d","source_kmz":"waccamaw","orientation":"unverified"}},{"type":"Feature","geometry":{"type":"LineString","coordinates":[[-78.408468160022,34.1455537666752],[-78.40901111907742,34.1431795377602],[-78.4101586252444,34.1425363100581],[-78.4109427838914,34.1391068410661],[-78.4113252627141,34.1388924257063],[-78.41196958752,34.1389912045496],[-78.41235206294522,34.1387767857753],[-78.4146072081321,34.1391224761207],[-78.4149896769347,34.1389080486886],[-78.4156340065208,34.1390068071855],[-78.4160164719257,34.1387923763388],[-78.421171157162,34.13958229832]]},"properties":{"segment_id":"754469ee86265310ee59040e","source_kmz":"waccamaw","orientation":"unverified"}},{"type":"Feature","geometry":{"type":"LineString","coordinates":[[-78.421171157162,34.13958229832],[-78.4214330463819,34.1398954721376],[-78.4220773923195,34.1399941947409],[-78.423224743501,34.13935083533161],[-78.42354691514711,34.13940019214131],[-78.4239293606798,34.1391857353222],[-78.4242515320892,34.139235090186]]},"properties":{"segment_id":"7912bbd261ea59e2b86f8194","source_kmz":"waccamaw","orientation":"unverified"}},{"type":"Feature","geometry":{"type":"LineString","coordinates":[[-78.4242515320892,34.139235090186],[-78.4255402218134,34.1394325006676],[-78.4259226620115,34.1392180372883],[-78.430755297022,34.1399581829904],[-78.4310172260766,34.140271335034],[-78.4335946807013,34.1406659908798],[-78.4338566235644,34.1409791362416],[-78.4341788086932,34.1410284634379],[-78.4344407551272,34.1413416073413],[-78.4350851295352,34.1414402575491],[-78.4353470810025,34.1417533992479],[-78.4356692702818,34.1418027222594],[-78.4359312253199,34.1421158624999],[-78.4368977999959,34.1422638239112],[-78.4371597615301,34.1425769612007],[-78.4374819553681,34.14262627913],[-78.4377439204732,34.1429394149611],[-78.4380661161822,34.1429887312468],[-78.4383280848582,34.1433018656194],[-78.4386502824382,34.1433511802613],[-78.4389122546852,34.1436643131755],[-78.4392344541362,34.1437136261737],[-78.4397584078806,34.1443398883729],[-78.440402813858,34.1444385086917],[-78.4406647968182,34.1447516372305],[-78.440987001882,34.1448009452974],[-78.4412489884133,34.1451140723776],[-78.4425378186025,34.14531129268521],[-78.4427998130928,34.145624416068],[-78.44441086732941,34.1458709175276],[-78.4446728712413,34.1461840364663],[-78.4449950847761,34.1462333333195],[-78.4452570922593,34.1465464507996],[-78.4455793076649,34.1465957460089],[-78.4458413187194,34.1469088620304],[-78.4464857536808,34.1470074482637],[-78.4467477697692,34.1473205620802],[-78.4470699893248,34.1473698531042],[-78.4473320089847,34.1476829654622]]},"properties":{"segment_id":"8bb6931b54fb14073adca20b","source_kmz":"waccamaw","orientation":"unverified"}},{"type":"Feature","geometry":{"type":"LineString","coordinates":[[-78.7334845903346,34.2273673780825],[-78.7331618589816,34.2273188871346],[-78.7333397325221,34.226527055941],[-78.73307629618252,34.2262146207302],[-78.7331948778419,34.2256867327638],[-78.7326680141416,34.225061860334],[-78.73190398348322,34.2254927599638],[-78.731844688619,34.2257567034076],[-78.7315219649772,34.2257082078105],[-78.7314626686514,34.2259721509905],[-78.7311992417381,34.2256597113142],[-78.7312585387201,34.2253957681688],[-78.7309951145809,34.2250833278116],[-78.7312323011064,34.2240275542217],[-78.7280714081133,34.2202782157866],[-78.728130711611,34.2200142725162],[-78.7268137661407,34.2184520179324],[-78.7272289023068,34.2166044130299],[-78.7267021481236,34.2159795066692],[-78.7269393651771,34.2149237301881],[-78.7266759938849,34.2146112760717],[-78.7267946013071,34.2140833872108],[-78.7265312334439,34.2137709324475],[-78.7265905372068,34.2135069878791],[-78.7263271721165,34.2131945324345],[-78.7263864761325,34.21293058778541],[-78.725859753615,34.212305674818],[-78.7259783630622,34.21177778531241],[-78.7257150062906,34.2114653278238],[-78.7257743110659,34.2112013829328],[-78.7252476051853,34.2105764658773],[-78.7253069108695,34.2103125209399],[-78.7249842554205,34.2102640062761],[-78.7247209077725,34.2099515459593],[-78.7243982541873,34.2099030296467],[-78.7238715681645,34.2092781053666],[-78.7235489179044,34.2092295866553],[-78.7232855795294,34.208917122692],[-78.7229629311331,34.2088686023319],[-78.7226995963361,34.20855613690311],[-78.7220543036742,34.2084590919864],[-78.7202110398197,34.2062718034507],[-78.7202703593193,34.2060078597035],[-78.7200070450337,34.2056953870844],[-78.720066364786,34.2054314432564],[-78.71743334489392,34.2023066780465],[-78.717492670798,34.2020427344444],[-78.7172293811045,34.2017302540215],[-78.7173480330149,34.2012023665402],[-78.7162949006468,34.1999524379642],[-78.71647288335551,34.1991606062872],[-78.7151565253392,34.1975981799746],[-78.7148339289859,34.1975496363685],[-78.7135176311754,34.1959871884151],[-78.7139329633364,34.1941395805589],[-78.713406468196,34.1935145968425],[-78.7134658010609,34.1932506524699],[-78.7132025573195,34.192938159572],[-78.71332122315111,34.1924102705485],[-78.71253150855202,34.1914727877634],[-78.7132953122858,34.1910419977076],[-78.7134139745943,34.1905141073682],[-78.7120978244037,34.1889516299167],[-78.7128616057772,34.1885208413876],[-78.7129209366814,34.188256895685],[-78.7126577120339,34.1879443996478],[-78.71233515728781,34.1878958485299],[-78.7112822856948,34.1866458542244],[-78.7106371890949,34.1865487432957],[-78.71069652604432,34.1862847980938],[-78.709643702601,34.1850347864732],[-78.7097030417671,34.1847708412908],[-78.7089134483598,34.1838333251601],[-78.7092694866845,34.1822496522475],[-78.7090062970413,34.1819371456409]]},"properties":{"segment_id":"ae209c529b254b81a3e77c52","source_kmz":"waccamaw","orientation":"unverified"}},{"type":"Feature","geometry":{"type":"LineString","coordinates":[[-78.4218550123715,34.1380487904286],[-78.4222374559253,34.1378343388273]]},"properties":{"segment_id":"0778421cf0967d2234ee817d","source_kmz":"waccamaw","orientation":"unverified"}},{"type":"Feature","geometry":{"type":"LineString","coordinates":[[-78.4222374559253,34.1378343388273],[-78.4230231251347,34.1387738529517],[-78.4239896337491,34.1389219224735],[-78.4242515320892,34.139235090186]]},"properties":{"segment_id":"ef2ff4ca507cd4f079f4c42f","source_kmz":"waccamaw","orientation":"unverified"}},{"type":"Feature","geometry":{"type":"LineString","coordinates":[[-78.7656810645094,34.17899586226301],[-78.7654176592571,34.1786834823204],[-78.75928929264981,34.1777636312954],[-78.75507554001521,34.1727652266898],[-78.7537854694473,34.1725714844948],[-78.7530220714184,34.1730025505315],[-78.7523770359206,34.1729056698519],[-78.7516136268063,34.173336726452],[-78.751554438592,34.173600696716],[-78.7511727294024,34.1738162227842],[-78.7508502092305,34.1737677778052],[-78.750554249547,34.1750876253276],[-78.7497908089149,34.1755186687913],[-78.7496132195263,34.1763105743334],[-78.7499357494717,34.1763590225975],[-78.7496989622259,34.1774148956321],[-78.7477902758186,34.1784924773245],[-78.7468226646557,34.1783471123373]]},"properties":{"segment_id":"2a55bb9511479bf912717b01","source_kmz":"waccamaw","orientation":"unverified"}},{"type":"Feature","geometry":{"type":"LineString","coordinates":[[-78.3863185187765,34.1126638861636],[-78.3873651651325,34.113916933395],[-78.3873047873079,34.114180735363],[-78.3914917199956,34.1191928109268],[-78.3918137880699,34.1192422570572],[-78.3923371954918,34.1198687521978],[-78.39265926690001,34.1199181959398],[-78.3939678296278,34.1214844176054],[-78.3942899087568,34.12153385672201],[-78.394551629084,34.1218470981739],[-78.3944912694639,34.1221109012887],[-78.3947529925417,34.1224241420625],[-78.39463227336222,34.1229517480071],[-78.3948939998348,34.1232649881368],[-78.3948336402755,34.1235287909667],[-78.3950953694988,34.1238420304184],[-78.3949746504411,34.1243696357932],[-78.3952363830593,34.1246828746009],[-78.39511566365331,34.1252104795734],[-78.3961626203464,34.1264634279572],[-78.39648472147302,34.12651286067661],[-78.3967464673757,34.1268260952473],[-78.3966861113335,34.1270898978784],[-78.3977331185893,34.1283428291791],[-78.3990215606516,34.1285405367758],[-78.3995450886214,34.1291669921893],[-78.3998672030849,34.129216415354],[-78.4001289716928,34.1295296412473],[-78.401276350011,34.1288864905288],[-78.4015984644129,34.1289359089048],[-78.4018602390448,34.1292491310011],[-78.4021823553183,34.1292985477342],[-78.4024441335198,34.1296117683729],[-78.4027662516649,34.1296611834629],[-78.4030280334359,34.129974402644],[-78.4033501534526,34.130023816091],[-78.4036119387933,34.1303370338143],[-78.4045783056852,34.1304852665346],[-78.40562548567,34.1317381213596],[-78.4055651559149,34.132001927006],[-78.4060887598398,34.1326283502154],[-78.4059681016812,34.133155961292],[-78.4066123721936,34.1332547705774],[-78.4068741815315,34.1335679796907],[-78.408484872283,34.1338149834729],[-78.4087466910414,34.1341281881449],[-78.4093909731299,34.1342269818852],[-78.4112237839244,34.1364193842141],[-78.4218550123715,34.1380487904286]]},"properties":{"segment_id":"396910f9c4100f3a8dc1fd15","source_kmz":"waccamaw","orientation":"unverified"}},{"type":"Feature","geometry":{"type":"LineString","coordinates":[[-78.5236421967484,34.155234334992],[-78.524024443999,34.1550195526309],[-78.524204280488,34.1542279736598],[-78.5249687598869,34.153798403389],[-78.5252910557164,34.1538474768553],[-78.5256732916015,34.1536326886985],[-78.5269624763903,34.1538289693923],[-78.5273447075702,34.1536141757268],[-78.5286338962686,34.1538104378622],[-78.529016122743,34.1535956386882],[-78.53062761451811,34.1538409409148],[-78.5310098356379,34.1536261351839],[-78.5319767336339,34.1537733026009],[-78.5323589506967,34.1535584924099],[-78.5324188672082,34.1532946280923],[-78.5335655013482,34.1526501888265],[-78.5342100947426,34.1527482872616],[-78.5353567059942,34.1521038298689],[-78.53541661121902,34.1518399635319],[-78.5369453908275,34.1509806675271],[-78.53706518836582,34.15045293236741],[-78.5374473750686,34.1502381045442],[-78.5375072717669,34.1499742365224],[-78.5401825093636,34.1484704030661],[-78.5402423954256,34.1482065330588],[-78.54329967150602,34.1464877852072],[-78.54362194860931,34.1465368082178],[-78.5447683903709,34.14589225293],[-78.5453071924901,34.143517389831],[-78.5456893223726,34.1433025330355],[-78.5457491857835,34.1430386585074],[-78.5461313120947,34.1428238001298],[-78.5462510347762,34.1422960501895],[-78.545988635367,34.1419831592277],[-78.5463707558339,34.14176829978231],[-78.5464904752676,34.1412405489081],[-78.5462280784548,34.1409276580805],[-78.5471857858536,34.1367056348088]]},"properties":{"segment_id":"e6fba6af5c101f6d96215d52","source_kmz":"waccamaw","orientation":"unverified"}},{"type":"Feature","geometry":{"type":"LineString","coordinates":[[-78.3850102582129,34.1110975611066],[-78.3863185187765,34.1126638861636]]},"properties":{"segment_id":"8393fe3387cc9c22fdcca0d2","source_kmz":"waccamaw","orientation":"unverified"}},{"type":"Feature","geometry":{"type":"LineString","coordinates":[[-78.36891020420572,34.1042539385897],[-78.3715871232787,34.1027539084828],[-78.3719091107035,34.1028034108752],[-78.3721706780156,34.1031167100833],[-78.3724926673118,34.1031662108336],[-78.3724322474326,34.1034300085796],[-78.3727542381909,34.1034795085845],[-78.373015811175,34.1037928056236],[-78.3733378038046,34.1038423039863],[-78.3738609590124,34.10446889443811],[-78.3764369381794,34.1048648371269],[-78.376698530637,34.1051781253218],[-78.377020531337,34.1052276133766],[-78.3772821273619,34.1055409001143],[-78.3776041299332,34.1055903865268],[-78.378650540934,34.1068435233769],[-78.3792945590007,34.1069424875478],[-78.3795561699384,34.1072557684897],[-78.3798781810478,34.1073052484843],[-78.3802605891707,34.1070909270773],[-78.3818706476399,34.107338308355],[-78.3850102582129,34.1110975611066]]},"properties":{"segment_id":"c3337b3d692827582af52e53","source_kmz":"waccamaw","orientation":"unverified"}},{"type":"Feature","geometry":{"type":"LineString","coordinates":[[-78.7090062970413,34.1819371456409],[-78.7087431095132,34.1816246383184],[-78.7088024491338,34.1813606924961],[-78.7085392643756,34.1810481844913],[-78.7088952975697,34.1794645073332],[-78.7086321188549,34.1791519988141],[-78.7088101319789,34.1783601587761],[-78.7085469573433,34.1780476496418],[-78.7086062949005,34.1777837027648],[-78.7083431230344,34.1774711929481],[-78.70846179825,34.1769432989146],[-78.7081986298082,34.176630788449],[-78.7082579674665,34.1763668412924],[-78.7079948017941,34.1760543301444],[-78.7080541397044,34.1757903829057],[-78.7077909768015,34.1754778710751],[-78.7078503149637,34.1752139237543],[-78.7075871548301,34.1749014112413],[-78.7076464932441,34.1746374638384],[-78.70712018063031,34.1740124367312],[-78.7072388588686,34.1734845417123],[-78.7059231208855,34.1719219617487],[-78.7056006367874,34.1718733909745],[-78.7053374969944,34.1715608720842],[-78.70437005149661,34.171415152122],[-78.7039882223382,34.1716305236251],[-78.7014083801644,34.1712418891413],[-78.7003559095994,34.1699917703144],[-78.7004152688057,34.1697278250201],[-78.7001521571046,34.1694152935568],[-78.7003302342697,34.1686234570796],[-78.70006712664572,34.1683109250005],[-78.7001264855493,34.16804697931],[-78.6998633806939,34.1677344465483],[-78.6999820986012,34.1672065548865],[-78.6997189971684,34.1668940214755],[-78.70001578815851,34.1655742904615],[-78.699752692111,34.165261756501],[-78.69993076383402,34.1644699166027],[-78.7003125690785,34.164254556552],[-78.7006686928905,34.1626708720378],[-78.7010504872625,34.1624555090847],[-78.70152528478002,34.1603439211237],[-78.7012622003568,34.1600313885774],[-78.7015589389877,34.1587116425007],[-78.7012958599491,34.15839910940391],[-78.7015925917832,34.1570793605944],[-78.701329518129,34.15676682694701],[-78.7015075543596,34.1559749763689],[-78.7012444847813,34.1556624421046],[-78.7015412070493,34.1543426889867],[-78.7010150807743,34.1537176186396],[-78.7011337694792,34.1531897167125],[-78.7003445998416,34.1522521060178],[-78.70046329086011,34.1517242038245],[-78.6999371909511,34.1510991265784],[-78.7008866820469,34.1468758933686]]},"properties":{"segment_id":"9f751934d929d97968eceb25","source_kmz":"waccamaw","orientation":"unverified"}},{"type":"Feature","geometry":{"type":"LineString","coordinates":[[-78.7468226646557,34.1783471123373],[-78.7462960121571,34.1777222656961],[-78.7463552213545,34.1774582994449],[-78.7424848606005,34.1768767423963],[-78.7422215556963,34.1765643090352],[-78.7418990297058,34.1765158393561],[-78.7416357283766,34.1762034045286],[-78.7413132042478,34.17615493320091],[-78.7410499064937,34.175842496907],[-78.7404048623614,34.1757455500558],[-78.7396413590287,34.1761765264386],[-78.739522896612,34.1767044528055],[-78.7391411388532,34.1769199385003],[-78.7389634378336,34.1777118263914],[-78.7381999072114,34.1781427922591],[-78.7380814320155,34.178670715885],[-78.73711383678682,34.1785252700279],[-78.7367320634162,34.1787407473222],[-78.7344743507013,34.1784013348667],[-78.733947797045,34.1777764322672],[-78.7310450787886,34.1773399666206],[-78.7297287973574,34.1757776638455],[-78.72984732483941,34.1752497468745],[-78.729202299591,34.1751527377211],[-78.7270963931272,34.172653004569],[-78.72633284641832,34.1730838950712],[-78.72601034476531,34.17303538105361],[-78.7257471190436,34.17272290887031],[-78.7258063941703,34.1724589514875],[-78.7248388991767,34.1723134022407],[-78.72299641358042,34.17012606138971],[-78.7231742598196,34.1693341905877],[-78.7226478583262,34.1687092298115],[-78.722325377109,34.1686607052986],[-78.7220621809939,34.1683482230863],[-78.7221214652912,34.1680842661697],[-78.7200159777331,34.1655843829479],[-78.7200752668673,34.1653204261815],[-78.7195489174319,34.1646954482786],[-78.7196082074734,34.1644314914627],[-78.7193450365821,34.1641190014699],[-78.7185815307048,34.1645498455057],[-78.7182590692672,34.164501309451],[-78.7181997745947,34.1647652655553],[-78.717936608232,34.1644527724978],[-78.7180551984841,34.1639248602399],[-78.7177920355452,34.1636123665325],[-78.7179699198698,34.1628204973767],[-78.7174436042631,34.1621955080115],[-78.7171211532944,34.162146968656],[-78.717180449631,34.1618830122544],[-78.7163909984198,34.1609455206844],[-78.7160685532889,34.1608969783307],[-78.7155422659708,34.1602719788696],[-78.7152198241612,34.1602234341184],[-78.7149566851327,34.1599109325638],[-78.714634245185,34.15986238616461],[-78.7143711097299,34.159549883144],[-78.7137262339606,34.1594527861512],[-78.7134631035383,34.1591402809153],[-78.7128182322976,34.1590431788297],[-78.7122919836325,34.1584181632107],[-78.71196955153461,34.1583696093213],[-78.7114433142439,34.1577445893378],[-78.7104760291216,34.1575989177821],[-78.7088973942494,34.1557238271486],[-78.7085749754365,34.1556752636699],[-78.7080487836409,34.1550502262289],[-78.7074039530601,34.1549530935786],[-78.7063516065068,34.1537030041048],[-78.7050619735249,34.1535087160334],[-78.703220489287,34.1513210108916],[-78.702898092263,34.1512724313824],[-78.702635032999,34.15095989846161],[-78.7026943699538,34.1506959458323],[-78.7021682590738,34.1500708779075],[-78.7018458678868,34.150022295401],[-78.7021425584456,34.1487025315877],[-78.7010903809613,34.1474523848025],[-78.7011497204812,34.1471884318231],[-78.7008866820469,34.1468758933686]]},"properties":{"segment_id":"c68f49e73e2a831f6e0fc910","source_kmz":"waccamaw","orientation":"unverified"}},{"type":"Feature","geometry":{"type":"LineString","coordinates":[[-78.3862177488795,34.0883443074422],[-78.3861573869952,34.0886081172027],[-78.3864189639479,34.0889213898144],[-78.386358602298,34.0891851994898],[-78.3852116857558,34.0898282343921],[-78.3849702175307,34.090883468678],[-78.3838232645112,34.0915264884886],[-78.3830987679576,34.0946921703034],[-78.383621940233,34.09531872386181],[-78.3835011876535,34.0958463359772],[-78.38402437092171,34.09647288682],[-78.3837828660002,34.0975281099001],[-78.3840444633652,34.0978413843865],[-78.3835010591487,34.1002156297118],[-78.3848091065035,34.1017819929633],[-78.3846883519448,34.1023096020715],[-78.3849499690184,34.1026228726524],[-78.3848895917688,34.102886677063],[-78.3856744575517,34.1038264846336],[-78.3856140818235,34.1040902890266],[-78.3858757086053,34.1044035568262],[-78.3857549572087,34.1049311653254],[-78.3862782196628,34.1055576989222],[-78.3850102582129,34.1110975611066]]},"properties":{"segment_id":"934088a22e06c408f193dcdb","source_kmz":"waccamaw","orientation":"unverified"}},{"type":"Feature","geometry":{"type":"LineString","coordinates":[[-78.7008866820469,34.1468758933686],[-78.70094602181821,34.1466119403059],[-78.7004199525966,34.1459868613135],[-78.70059797341851,34.14519500162541],[-78.7003349439389,34.1448824611531],[-78.7007503163435,34.1430347847106],[-78.699172211299,34.1411595282078],[-78.6997656054607,34.1385199825171],[-78.70014728384261,34.1383046161327],[-78.7006219585192,34.1361929690838],[-78.70100362311841,34.1359775992645],[-78.7011222848451,34.1354496858082],[-78.7015039444144,34.1352343141458],[-78.7015632732154,34.1349703569779],[-78.7019449292136,34.1347549837376]]},"properties":{"segment_id":"e2173c61c585d5f402ba7477","source_kmz":"waccamaw","orientation":"unverified"}},{"type":"Feature","geometry":{"type":"LineString","coordinates":[[-78.3839843909153,34.0849972028971],[-78.3863384714211,34.0878166875668],[-78.3862177488795,34.0883443074422]]},"properties":{"segment_id":"3232b21a325259332c898aff","source_kmz":"waccamaw","orientation":"unverified"}},{"type":"Feature","geometry":{"type":"LineString","coordinates":[[-78.77288850766242,34.1497906251601],[-78.7694653134568,34.1457296969487],[-78.7698199449373,34.144145764644],[-78.7690300395935,34.1432086107272],[-78.7692073558237,34.142416643301],[-78.7657846780974,34.138355569626],[-78.766257571943,34.1362436547486],[-78.7646780264905,34.1343692736968],[-78.7647371403509,34.1341052840081],[-78.7644738908284,34.1337928846864],[-78.7645330049434,34.1335288949138],[-78.7638882822963,34.1334320734819],[-78.763361796734,34.1328072697501],[-78.7627170815221,34.1327104417249],[-78.7624538448264,34.1323980372826],[-78.76213148927991,34.1323496211726],[-78.7592360411371,34.1289131166894],[-78.7593542970856,34.1283851391811],[-78.7585646777187,34.1274478958065],[-78.75909682732842,34.12507199212811],[-78.7577808668001,34.1235099069259],[-78.7574585509708,34.1234614773028],[-78.7569321844639,34.1228366366977]]},"properties":{"segment_id":"3cc7a961b03cd96c30148bd9","source_kmz":"waccamaw","orientation":"unverified"}},{"type":"Feature","geometry":{"type":"LineString","coordinates":[[-78.7715600879172,34.1214864082353],[-78.7711786897044,34.12170201390331],[-78.7686001675194,34.121314848643],[-78.7678105085508,34.1203776599893],[-78.767165890756,34.120280855192],[-78.7669026782398,34.1199684560382],[-78.7649688432193,34.1196780155887],[-78.7634432001112,34.1205403456559],[-78.7632658750673,34.121332325682],[-78.7640554890014,34.12226954415701],[-78.76329264121591,34.1227007044245],[-78.7632335311177,34.1229646971001],[-78.7624706719662,34.1233958515924],[-78.7595698219306,34.1229600698347],[-78.7591883832872,34.1231756356938],[-78.7569321844639,34.1228366366977]]},"properties":{"segment_id":"54a58c2b00c5a546d853a6e1","source_kmz":"waccamaw","orientation":"unverified"}},{"type":"Feature","geometry":{"type":"LineString","coordinates":[[-78.6249394013951,34.109746390997],[-78.6238889905504,34.1084954845311],[-78.6235668204948,34.1084466821142],[-78.6230416306481,34.1078212230895],[-78.6227194639139,34.1077724182784],[-78.6224568736138,34.1074596869441],[-78.62213470874221,34.1074108804871],[-78.6218721220104,34.10709814768861],[-78.6215499590015,34.1070493395857],[-78.6212873758379,34.1067366053232],[-78.6209652146917,34.1066877955744],[-78.6204400576107,34.1060623234055],[-78.6146412785749,34.1051835674953],[-78.6057157917219,34.0945496446774],[-78.606073520606,34.0929661146455],[-78.6058110470925,34.0926533398755],[-78.60604952753292,34.0915976509675],[-78.6047372045941,34.09003376702],[-78.6044151229272,34.08998491029371],[-78.6040334168019,34.0901999746138],[-78.6037113348891,34.0901511159431],[-78.6029479150134,34.0905812385475],[-78.6026258322048,34.0905323768854],[-78.6023633807422,34.0902195933645],[-78.6020412997962,34.090170730057],[-78.6015164061126,34.0895451593718],[-78.60055017444992,34.0893985595774],[-78.6001684605251,34.0896136113339],[-78.6000491842876,34.0901414512805],[-78.5992857442796,34.0905715497833],[-78.5989636638092,34.0905226779503],[-78.5987250905992,34.0915783536991],[-78.5979616291907,34.0920084427155],[-78.5979019819606,34.0922723608249],[-78.5972578090916,34.0921746087828],[-78.5968760724666,34.0923896489588],[-78.5962318999154,34.0922918912328],[-78.5959694682057,34.0919790939291],[-78.5956473839951,34.0919302129721],[-78.5953849558523,34.0916174142049],[-78.59474079156121,34.0915196481029],[-78.5944783684437,34.0912068471243],[-78.5941562883632,34.09115796197931],[-78.5936314513699,34.0905323563793],[-78.5920210716185,34.0902879097149],[-78.5904466549885,34.0884110533037],[-78.5900649180052,34.0886260720694],[-78.5890987193113,34.0884793767009],[-78.5888363291022,34.0881665617709],[-78.5885142651383,34.0881176607722],[-78.587727111534,34.0871792094451],[-78.5877867893451,34.0869152948944],[-78.5875244096757,34.086602476386]]},"properties":{"segment_id":"51017e39f1ba45e11f8e2dbf","source_kmz":"waccamaw","orientation":"unverified"}},{"type":"Feature","geometry":{"type":"LineString","coordinates":[[-78.7019449292136,34.1347549837376],[-78.7020042561534,34.134491026188],[-78.7023859085805,34.13427565137],[-78.7038095994104,34.1279406288879],[-78.7083888437418,34.125355952286],[-78.7086853293308,34.1240361315698],[-78.7073703981979,34.1224734728507],[-78.707429697378,34.1222095085193],[-78.70611482231,34.1206468320368],[-78.7054702791512,34.1205496845198],[-78.70508870255901,34.1207650731379],[-78.7044441597019,34.1206679199348],[-78.7041811976604,34.120355378709],[-78.7028921226055,34.1201610585293],[-78.7023662165221,34.1195359679333],[-78.7020439516802,34.1194873841449],[-78.7015180569595,34.1188622891827],[-78.7011957954361,34.1188137029978],[-78.7009328527011,34.1185011536921],[-78.700610593038,34.1184525658602],[-78.7006699120777,34.1181886036695],[-78.7004069735658,34.1178760529299],[-78.7004662928566,34.1176120906547],[-78.7002033571096,34.1172995392304],[-78.7003813145285,34.1165076518013],[-78.6998554532893,34.1158825469947],[-78.7001520474756,34.1145627326003],[-78.69988912329,34.1142501792821],[-78.7001263940115,34.1131943257937],[-78.7005079472242,34.1129789514746],[-78.700685891668,34.1121870593355],[-78.7004229733626,34.1118745063061],[-78.7010161018971,34.1092348585713],[-78.7007531922361,34.1089223051451],[-78.701049744687,34.1076024770567],[-78.7014312679401,34.1073870982059],[-78.70172780304841,34.1060672658676],[-78.7024908286457,34.105636501572],[-78.7028130364334,34.1056850849542],[-78.702872338278,34.1054211174557],[-78.7036353512102,34.104990345286],[-78.7037539478629,34.1044624088757],[-78.7041354482477,34.1042470202909],[-78.7042540403772,34.1037190828816],[-78.7046355357362,34.1035036924531],[-78.7046948297404,34.1032397233074]]},"properties":{"segment_id":"c75e3121b0735f45e7e12dcd","source_kmz":"waccamaw","orientation":"unverified"}},{"type":"Feature","geometry":{"type":"LineString","coordinates":[[-78.7046948297404,34.1032397233074],[-78.7049320017365,34.1021838455553],[-78.7044062007046,34.1015587502592],[-78.7045840794,34.1007668409079],[-78.70432118400991,34.1004542922792],[-78.7043804767575,34.10019032229321],[-78.7038546936156,34.0995652229472],[-78.70415115785602,34.0982453715801],[-78.7007338156594,34.0941821579483],[-78.7009117148516,34.0933902469589],[-78.7006488591062,34.0930776871373],[-78.7007081586859,34.0928137166049],[-78.70044530570361,34.0925011560974],[-78.7005046055343,34.0922371854794],[-78.7002417553151,34.0919246242861],[-78.700538251703,34.0906047695971],[-78.7009196930923,34.0903893878738],[-78.7009789897068,34.0901254163186],[-78.70071614471152,34.0898128553778],[-78.7008347380405,34.089284911979],[-78.7005718964612,34.0889723503837],[-78.7006311931757,34.0887083785401],[-78.7001055176527,34.0880832532601],[-78.700164815271,34.0878192813622],[-78.700809080907,34.0879164623059],[-78.7009869650205,34.0871245450167],[-78.7007241301218,34.08681198292441],[-78.70084271882672,34.0862840375417]]},"properties":{"segment_id":"324308b123c24a4dfb26b029","source_kmz":"waccamaw","orientation":"unverified"}},{"type":"Feature","geometry":{"type":"LineString","coordinates":[[-78.7569321844639,34.1228366366977],[-78.7561426505488,34.12189937040661],[-78.755498034668,34.1218025009675],[-78.7552348638365,34.1214900759353],[-78.7549125579552,34.1214416391187],[-78.7543862255449,34.1208167854013],[-78.753241891721,34.1214634296366],[-78.7531827484748,34.12172741759481],[-78.7524198457811,34.1221585066641],[-78.7501637059261,34.1218193756275],[-78.7497822468249,34.1220349108678],[-78.7495190981501,34.1217224729617],[-78.7502289396798,34.1185546321688],[-78.7499658009773,34.1182421939288],[-78.7501432542973,34.1174502312053],[-78.7498801196721,34.1171377923433],[-78.7500575713462,34.1163458286668],[-78.7495313123621,34.115720948981],[-78.749767914217,34.1146649960357],[-78.7492416689209,34.1140401137336],[-78.7489193976144,34.1139916598215],[-78.7486562795918,34.1136792168441],[-78.7422109668655,34.1127099350022],[-78.7377387790533,34.1073980396915],[-78.7385016183899,34.1069670392691],[-78.7385608002039,34.106703053965],[-78.7380346986807,34.1060781146561],[-78.7377124673092,34.1060296291338],[-78.737449421172,34.1057171576531],[-78.7364827338369,34.1055716934496],[-78.7267516726513,34.0940096608546],[-78.7268108844515,34.09374567729251],[-78.7262849647765,34.09312067462561],[-78.7264033897876,34.0925927072762],[-78.7261404344236,34.092280204929],[-78.7262588591365,34.0917522371743],[-78.7254700096303,34.0908147260141],[-78.725147849245,34.0907662046683],[-78.7252070640158,34.0905022208582],[-78.7241553026619,34.089252193056],[-78.7242145196461,34.0889882092545],[-78.7228998687044,34.08742565850631],[-78.7229590885554,34.0871616747446],[-78.7226369448468,34.08711314620291],[-78.722814605156,34.0863211946603],[-78.7208817703278,34.0860300072307]]},"properties":{"segment_id":"ada96dfc49cb3981cd1942bf","source_kmz":"waccamaw","orientation":"unverified"}},{"type":"Feature","geometry":{"type":"LineString","coordinates":[[-78.7208817703278,34.0860300072307],[-78.7202374952638,34.0859329375719],[-78.7194747609,34.0863638291637],[-78.7188304848281,34.0862667517286],[-78.71844911317412,34.0864821934638],[-78.7181269750871,34.0864336523532],[-78.7177456006695,34.08664909173],[-78.7161349129911,34.0864063674792],[-78.7157535331964,34.0866218003122],[-78.7147871234487,34.0864761518496],[-78.71364296552402,34.0871224330587],[-78.7128543147985,34.0861848306848],[-78.7118879158962,34.0860391579829],[-78.7115065261516,34.0862545769475],[-78.7111843933343,34.08620601653841],[-78.7108030008265,34.08642143314451],[-78.7106252181391,34.08721336618051],[-78.7102438191511,34.0874287806769],[-78.7097180751059,34.0868036979742],[-78.709336675615,34.0870191095974],[-78.7086924067636,34.0869219759193],[-78.708429541623,34.0866094312126],[-78.7077852772924,34.0865122924454],[-78.70740387388251,34.0867276977903],[-78.7067596098528,34.0866305533394],[-78.7056153830449,34.0872767552222],[-78.7049711167041,34.0871796009019],[-78.7034454461969,34.088041176669],[-78.7031233110172,34.0879925939766],[-78.7028604646142,34.0876800370646],[-78.7018940658573,34.0875342813539],[-78.7011055524197,34.0865965995711],[-78.7011648455163,34.0863326266725],[-78.70084271882672,34.0862840375417]]},"properties":{"segment_id":"88acd2cbc034c4a42b5d29d3","source_kmz":"waccamaw","orientation":"unverified"}},{"type":"Feature","geometry":{"type":"LineString","coordinates":[[-78.73579925587421,34.0833643059998],[-78.7319336503629,34.0827823295045],[-78.7265950015797,34.0857990107738],[-78.7259507213065,34.0857019728277],[-78.7260099295051,34.0854379869405],[-78.7254840723611,34.0848129741684],[-78.7251027262336,34.0850284381746],[-78.7238141837618,34.0848343419235],[-78.7226701248753,34.0854807135149],[-78.7223479883002,34.0854321840688],[-78.72196663046431,34.0856476375957],[-78.72164449363711,34.0855991062056],[-78.7208817703278,34.0860300072307]]},"properties":{"segment_id":"ea750110831cf171fe97927a","source_kmz":"waccamaw","orientation":"unverified"}},{"type":"Feature","geometry":{"type":"LineString","coordinates":[[-78.4980336451597,34.0347512970717],[-78.4985573387534,34.0353773787502],[-78.4988791281625,34.0354265327953],[-78.4991409795724,34.03573957181521],[-78.4994627708451,34.0357887242172],[-78.4999864828913,34.0364147986184],[-78.5009518678913,34.0365622459656],[-78.5012137314431,34.0368752798539],[-78.5015355287126,34.0369244264299],[-78.5017973958258,34.0372374588564],[-78.502119194959,34.0372866037892],[-78.5023810656337,34.037599634754],[-78.5033464698414,34.03774706193321],[-78.5037281967123,34.03753231500431],[-78.5040499982806,34.0375814545575],[-78.5044317224016,34.03736670526641],[-78.5050753254633,34.0374649795895],[-78.506220481327,34.0368207175436],[-78.5065422815282,34.0368698502203],[-78.5068041685688,34.0371828713544],[-78.5071259706334,34.0372320023878],[-78.5073878612356,34.03754502206],[-78.5077695759799,34.0373302617648],[-78.5080913792618,34.0373793901083],[-78.5084730912561,34.037164627451],[-78.5091166977446,34.0372628793549],[-78.50937859644651,34.0375758945162],[-78.5097004017569,34.03762501837651],[-78.51008211052012,34.037410250486],[-78.51040391559002,34.0374593724031],[-78.5106658201225,34.03777238457781],[-78.5113094343946,34.0378706242288],[-78.5120951693617,34.0388096519809],[-78.5127387940024,34.03890788356531],[-78.5135245566516,34.0398469003992],[-78.5170645692805,34.0403870853609],[-78.5173265104061,34.0407000813277],[-78.518935630567,34.0409455803455],[-78.5197214884342,34.0418845527522],[-78.52004331805601,34.0419336476254],[-78.5203052763446,34.04224663625001],[-78.5202454042005,34.0425105307795],[-78.5207693283841,34.0431365059452],[-78.5207094571277,34.0434004004188],[-78.5212333910223,34.0440263727856],[-78.5211735206538,34.0442902672034],[-78.5224833954522,34.0458551857575],[-78.5234489399524,34.0460024439424],[-78.523710925599,34.0463154232666],[-78.5256420342941,34.0466099109429],[-78.5260237431272,34.046395092978],[-78.5263455953485,34.0464441700719],[-78.5264054498557,34.0461802736979],[-78.5267871544795,34.0459654531028],[-78.52684700712351,34.0457015563419],[-78.5272287081849,34.0454867341632],[-78.527468108876,34.0444311448604],[-78.5286131819407,34.0437866672126],[-78.5287328711081,34.0432588702393],[-78.5284708755677,34.0429459010633],[-78.5285307201903,34.0426820024302],[-78.5289124018193,34.0424671738903],[-78.5301997555191,34.0426634457699],[-78.5317717962946,34.04454122731],[-78.5316521257413,34.0450690265696],[-78.5319141411974,34.0453819877178],[-78.5318543059599,34.0456458872011],[-78.5321163241679,34.0459588476651],[-78.5319966537711,34.0464866463391],[-78.5327827249059,34.0474255236261],[-78.5327228910409,34.0476894228795],[-78.5335089830607,34.048628293821],[-78.5338308492201,34.0486773499914],[-78.5351410519735,34.0502421168486],[-78.5361066747499,34.0503892687742],[-78.5364883732443,34.0501744173683],[-78.5380977494066,34.0504196474073],[-78.5403878767474,34.049130479957],[-78.5404476857584,34.0488665772258],[-78.541211041783,34.0484368436866],[-78.5412708474736,34.0481729403005],[-78.54165252087071,34.0479580712904],[-78.5420711391591,34.04611074239341],[-78.5424528002483,34.0458958701907],[-78.5425723989128,34.0453680603318],[-78.5437173608061,34.044723434225],[-78.5453266471304,34.0449685655722],[-78.5457082936478,34.0447536823407],[-78.5473175868593,34.0449987860345],[-78.5486279985809,34.0465634076626],[-78.5495936012287,34.0467104479103],[-78.5498556942604,34.0470233678472],[-78.5501775640769,34.0470723787222],[-78.5504396606712,34.0473852971961],[-78.5517271498162,34.0475813287393],[-78.5519892543454,34.0478942435088],[-78.5539205089536,34.0481882594345],[-78.5541826243328,34.0485011690051],[-78.5557920215931,34.0487461538764],[-78.5560541463648,34.0490590589952],[-78.5573416772892,34.0492550277593],[-78.557603809996,34.0495679291733],[-78.5579256951964,34.04961691837491],[-78.558187831466,34.0499298183258],[-78.5585097185287,34.0499788058832],[-78.5587718583611,34.0502917043709],[-78.559093747286,34.0503406902842],[-78.5593558906813,34.0506535873088],[-78.5596777814684,34.0507025715779],[-78.55955829049111,34.0512303955387],[-78.5598204387454,34.0515432911629],[-78.5597009474451,34.0520711147132],[-78.5599630991009,34.0523840096841],[-78.5615725947373,34.0526289130964],[-78.562359084201,34.0535675825047],[-78.5622993458001,34.0538314949763],[-78.563908878681,34.0540763655036]]},"properties":{"segment_id":"788a33bcce271030574b5d10","source_kmz":"waccamaw","orientation":"unverified"}},{"type":"Feature","geometry":{"type":"LineString","coordinates":[[-78.70084271882672,34.0862840375417],[-78.7005205925392,34.0862354475133],[-78.7002577625129,34.08592288401741],[-78.6999356380842,34.0858742923422],[-78.6988843449038,34.0846240281869],[-78.6985622267044,34.0845754326181],[-78.6982994101403,34.0842628640364],[-78.6979772937998,34.0842142668209],[-78.6974516699141,34.0835891260069],[-78.6971295568892,34.0835405263958],[-78.6966039443555,34.0829153812137],[-78.6962818346462,34.082866779207],[-78.693128354119,34.0791158388524],[-78.6931876685575,34.078851867568],[-78.6926621193054,34.078226700859],[-78.6927214346469,34.0779627295198],[-78.6924586638372,34.0776501451203],[-78.6925179794292,34.077386173695],[-78.6919924454423,34.0767610028057],[-78.6920517619372,34.0764970313256],[-78.6915262376918,34.0758718576284],[-78.6915855550896,34.0756078860934],[-78.69132279678291,34.0752952981996],[-78.6913821144311,34.0750313265783],[-78.6911193588859,34.07471873799831],[-78.6911786767845,34.0744547662907],[-78.6909159240007,34.07414217702431],[-78.6909752421496,34.0738782052305],[-78.6867714948498,34.0688766798678],[-78.6864494493295,34.0688280496966],[-78.6856613111778,34.0678902409918],[-78.6853392704288,34.0678416076768],[-78.685076563385,34.0675290025912],[-78.68475452449461,34.0674803676299],[-78.6842291196452,34.06685515380811],[-78.6839070840696,34.0668065164519],[-78.683644386264,34.0664939077158],[-78.6833223525469,34.0664452687134],[-78.683059658306,34.0661326585109],[-78.6827376264474,34.0660840178623],[-78.6819495607441,34.0651461807029],[-78.6816275336567,34.0650975369107],[-78.6813648507619,34.0647849223402],[-78.681042825533,34.0647362769019],[-78.6807801462028,34.0644236608651],[-78.6804581228324,34.0643750137806],[-78.6801954470669,34.0640623962775],[-78.679873425555,34.0640137475469],[-78.6796107533539,34.0637011285775],[-78.6789667144494,34.0636038269267],[-78.6787040472691,34.0632912057422],[-78.6783820298765,34.0632425528221],[-78.6781193662607,34.0629299301714],[-78.6777973507266,34.0628812756051],[-78.6775346906753,34.06256865148811],[-78.6768906637264,34.0624713381661],[-78.6766280086957,34.0621587118342],[-78.6759839862685,34.0620613934253],[-78.67572133625852,34.0617487648785],[-78.6753993271045,34.0617001035793],[-78.6751366806588,34.0613874735664],[-78.6741706599796,34.0612414820386],[-78.6739080200107,34.0609288490623],[-78.6735860153785,34.0608801826763],[-78.6733233789738,34.06056754823381],[-78.6713913683671,34.0602755265816],[-78.6711287428081,34.05996288693011],[-78.6691967554238,34.0596708284814],[-78.6680526130994,34.0603166814776],[-78.66676462174,34.0601219453438],[-78.6663832341438,34.0603372228655],[-78.6586554055956,34.05916847944741],[-78.65708001291661,34.057292455073],[-78.6567580338309,34.0572437417236],[-78.6564954772171,34.0569310677353],[-78.6552075707267,34.0567362023713],[-78.6549450220458,34.0564235246721],[-78.6546230478862,34.0563748053395],[-78.6543605027691,34.0560621261746],[-78.6540385304686,34.0560134051964],[-78.6537759889151,34.0557007245658],[-78.652810078799,34.0555545540025],[-78.6525475437219,34.0552418704096],[-78.649327884076,34.0547545693936],[-78.6478022334508,34.0556154479247],[-78.6455484774426,34.0552742545334],[-78.6452859724542,34.0549615543851],[-78.6445231269994,34.055391969566],[-78.64399812656701,34.0547665640007],[-78.6436761661025,34.0547178141616],[-78.6431511770114,34.054092404231],[-78.6428292198627,34.0540436519982],[-78.6420417563984,34.0531055294785],[-78.6417198040219,34.0530567741039],[-78.6414573218708,34.0527440644147],[-78.6411353713537,34.0526953073946],[-78.6403725251594,34.0531256964855],[-78.6400505737442,34.0530769364758],[-78.6397880982248,34.0527642230147],[-78.6390252439136,34.0531946032016],[-78.6387627721131,34.052881887465]]},"properties":{"segment_id":"69abc3b07987c1b3be888518","source_kmz":"waccamaw","orientation":"unverified"}},{"type":"Feature","geometry":{"type":"LineString","coordinates":[[-78.6387627721131,34.052881887465],[-78.6388222507664,34.0526179353579],[-78.6380348499577,34.0516797839381],[-78.6377129059802,34.051631017347],[-78.6371879855549,34.051005577985],[-78.6368660448933,34.0509568090005],[-78.6358162351495,34.0497059186777],[-78.6351723666865,34.0496083720322],[-78.6349099224302,34.0492956461623],[-78.6342660584921,34.049198094432],[-78.6340036192552,34.0488853663488],[-78.6330378307402,34.0487390297805],[-78.63277539797902,34.0484262987359],[-78.6328943886451,34.047898397593],[-78.6323695320432,34.0472729334759],[-78.6324290280719,34.047008982789],[-78.6321666035809,34.04669624968561],[-78.6323450911993,34.04590439700861],[-78.6213252463459,34.0327689629095],[-78.6214442906649,34.0322410631154],[-78.621181959981,34.031928299325],[-78.6212414821853,34.0316643492808],[-78.6209791542565,34.0313515848038],[-78.6210386767073,34.0310876346717],[-78.6199893886445,34.0298365697128],[-78.6196080200924,34.0300517015199],[-78.6195484935877,34.0303156512621],[-78.6192861769923,34.0300028824202],[-78.6193457041465,34.0297389327085],[-78.61829646141621,34.0284878502903],[-78.6157217861398,34.0280972424669],[-78.6154594923672,34.0277844640866],[-78.6148158304922,34.0276868016664],[-78.615232605693,34.0258391618694],[-78.61497032148222,34.0255263814898],[-78.6158633544041,34.021567134239]]},"properties":{"segment_id":"03e969c3fb82c38be22f1507","source_kmz":"waccamaw","orientation":"unverified"}},{"type":"Feature","geometry":{"type":"LineString","coordinates":[[-78.7459542062091,34.0038390482624],[-78.7456914718295,34.0035265553759],[-78.7453105791595,34.0037421078763],[-78.7443451415859,34.0035966905693]]},"properties":{"segment_id":"023c6e05ed9b3b91a7d3d65a","source_kmz":"waccamaw","orientation":"unverified"}},{"type":"Feature","geometry":{"type":"LineString","coordinates":[[-78.7443451415859,34.0035966905693],[-78.7444042251433,34.003332668019],[-78.7441414986823,34.0030201714161],[-78.7443187489121,34.0022281031414],[-78.7440560265157,34.0019156059065],[-78.7441741926405,34.0013875598555],[-78.7439114736556,34.0010750619593],[-78.7439705567707,34.0008110387851],[-78.7437078405445,34.0004985401984],[-78.7439441716146,33.9994424464319],[-78.7442659663439,33.99949092113431],[-78.7443250470582,33.9992268972482],[-78.7440623347489,33.9989143988367],[-78.7441804962827,33.9983863507668],[-78.7439177873847,33.9980738516938],[-78.7439768682042,33.99780982751],[-78.7436550805924,33.997761351901],[-78.743129673325,33.9971363501555],[-78.7415207557972,33.9968939511646],[-78.7394192690697,33.9943938854227],[-78.739097498388,33.9943453969411],[-78.7375214804897,33.9924703129041],[-78.7371997189254,33.9924218190314],[-78.73693705809731,33.9921093017565],[-78.7366152983862,33.992060806238],[-78.7360899859515,33.9914357680304],[-78.7357682295462,33.991387270117],[-78.734980281042,33.9904497051593],[-78.7346585293954,33.9904012041021],[-78.7341332438241,33.9897761556995],[-78.7338114954833,33.9897276522474],[-78.7330235872732,33.9887900719972],[-78.732701843691,33.9887415654014],[-78.7321765849818,33.9881165068038],[-78.7318548447054,33.9880679978133],[-78.73191395878462,33.9878039764251],[-78.7316513346925,33.9874914453265],[-78.7317695629546,33.9869634022515],[-78.731244323694,33.9863383380105],[-78.731303438529,33.9860743163525],[-78.7310408227082,33.9857617831811],[-78.7310999377951,33.9854977614331],[-78.7305747137724,33.9848726929884],[-78.73063382976342,33.9846086711794],[-78.7303712215613,33.984296135906],[-78.7304303378042,33.9840321140069],[-78.7299051290186,33.9834070413582],[-78.7299642461654,33.983143019398],[-78.7297016455817,33.9828304820225],[-78.7298198799787,33.9823024378029],[-78.7292946877337,33.9816773610077],[-78.7293538056359,33.9814133387771],[-78.7290912133223,33.9811007993284],[-78.7291503314763,33.9808367770076],[-78.728362569119,33.9798991544281],[-78.7285399270474,33.979107087011],[-78.72827734575992,33.9787945447976],[-78.7285138200022,33.9777384533563],[-78.728251243427,33.9774259105381],[-78.7284877138732,33.9763698173061]]},"properties":{"segment_id":"a319fca12a9f65d271aab00d","source_kmz":"waccamaw","orientation":"unverified"}},{"type":"Feature","geometry":{"type":"LineString","coordinates":[[-78.59115195425461,33.9438286583615],[-78.5930570611471,33.9427533364529],[-78.5933785279545,33.9428022338338],[-78.5941405547156,33.9423720937842],[-78.5944620206313,33.9424209881795],[-78.5948430302142,33.9422059151393],[-78.5951644958855,33.9422548075938],[-78.595545502721,33.94203973219501],[-78.5961884339773,33.9421375123264],[-78.59695043875841,33.9417073534086],[-78.5975933690366,33.94180512577701],[-78.5979743669822,33.941590042258],[-78.5982958320781,33.9416389260535],[-78.598676827276,33.9414238401759],[-78.5989982921273,33.9414727220307],[-78.5993792845776,33.9412576337947],[-78.6000222141935,33.9413553927267],[-78.6007841902038,33.9409252081348],[-78.6011056543209,33.9409740841673],[-78.6014866385282,33.9407589888561],[-78.6018081024006,33.940807862948],[-78.6025700632196,33.9403776662952],[-78.60353445336771,33.9405242769263],[-78.6039154286844,33.9403091734953],[-78.6100233047912,33.9412375003787],[-78.61040426570271,33.9410223757848]]},"properties":{"segment_id":"cbddec503233fe73b5240d81","source_kmz":"waccamaw","orientation":"unverified"}},{"type":"Feature","geometry":{"type":"LineString","coordinates":[[-78.61040426570271,33.9410223757848],[-78.6106662475712,33.9413352001817],[-78.611309191961,33.9414328964007],[-78.6116901502815,33.941217767628],[-78.6219774586854,33.9427803862554],[-78.6235496951763,33.9446571604103],[-78.6293366440521,33.9455356494251],[-78.629598716967,33.9458484291453],[-78.6344212956735,33.9465802703203],[-78.6354696954988,33.9478313371536],[-78.6373987871701,33.9481239992226],[-78.6400200209774,33.9512515711082],[-78.6419246353764,33.9501754551897],[-78.6428892204841,33.95032173602431],[-78.64327013511301,33.9501065057676],[-78.6442347218906,33.9502527754023],[-78.6444968703671,33.9505655194912],[-78.6443781066556,33.9510934978043],[-78.64516456858792,33.9520317259273],[-78.6454861062293,33.9520804779856]]},"properties":{"segment_id":"ebd6345859ceed44b61e41ac","source_kmz":"waccamaw","orientation":"unverified"}},{"type":"Feature","geometry":{"type":"LineString","coordinates":[[-78.8369191583235,33.9612883513415],[-78.8348155745355,33.9587899042957],[-78.8351680290471,33.9572054005416],[-78.8262294344372,33.9465864906247]]},"properties":{"segment_id":"c662cd1c917e078caa30c680","source_kmz":"waccamaw","orientation":"unverified"}},{"type":"Feature","geometry":{"type":"LineString","coordinates":[[-78.8262294344372,33.9465864906247],[-78.8259665714258,33.946274157106],[-78.8243584459127,33.9460328932374],[-78.8217300040269,33.9429094808387],[-78.8217887797694,33.9426453984412],[-78.8215259478077,33.9423330532565]]},"properties":{"segment_id":"e1124ce711b86f803280d8c1","source_kmz":"waccamaw","orientation":"unverified"}},{"type":"Feature","geometry":{"type":"LineString","coordinates":[[-78.7284877138732,33.9763698173061],[-78.7307725152212,33.9750767695204],[-78.7308316231182,33.9748127443124],[-78.7312124145256,33.9745972314904],[-78.7312715205701,33.9743332058963],[-78.73241387781,33.9736866587598],[-78.7327093802476,33.9723665249963],[-78.7330901545248,33.9721510053258],[-78.7334447355342,33.970566839274],[-78.73318216334332,33.9702543047764],[-78.7333003551166,33.9697262485292],[-78.7330377863336,33.9694137133686],[-78.7330968822721,33.9691496850947],[-78.7328343162452,33.9688371492424],[-78.7328934124356,33.9685731208778],[-78.7326308491645,33.9682605843337],[-78.7328672325334,33.9672044697971],[-78.7326046739739,33.96689193264681],[-78.7326637694679,33.966627903743],[-78.7324012136641,33.9663153659009],[-78.7326375942476,33.9652592492066],[-78.7323750431551,33.9649467107582],[-78.7324341379528,33.9646826813148],[-78.7319090433828,33.9640576023138],[-78.7320272343854,33.96352954318281],[-78.731239612219,33.9625919194493],[-78.7302747101488,33.9624463772379],[-78.7300121779894,33.9621338323062],[-78.729690546218,33.9620853156938],[-78.7289029667164,33.9611476743302],[-78.7279380868687,33.9610021123743],[-78.7276755689307,33.960689561566],[-78.7273539445667,33.96064103837211],[-78.7268289179045,33.9600159330971],[-78.7261856761841,33.9599188810246],[-78.7253981606768,33.958981213217],[-78.7250765447721,33.9589326835897],[-78.7248140452614,33.9586201254644],[-78.724170817556,33.9585230620228],[-78.7239083230521,33.9582105016797],[-78.7235867112514,33.9581619678654],[-78.72332422030252,33.9578494060533],[-78.7230026103537,33.95780087059371],[-78.7227401229598,33.9574883073125],[-78.72241851486291,33.9574397702077],[-78.722156031024,33.9571272054576],[-78.72183442477892,33.9570786667076],[-78.7194721779338,33.9542655448029],[-78.7195313083052,33.9540015183373],[-78.7184814781015,33.9527512233195],[-78.71854061067772,33.9524871968474],[-78.7180157094955,33.9518620450729],[-78.7180748429739,33.9515980185376],[-78.7172875089252,33.95066028555781],[-78.7173466439569,33.9503962589877],[-78.71655933078621,33.94945851960911],[-78.71661846737112,33.9491944930039],[-78.71556874851821,33.9479441638598],[-78.7156870256961,33.9474161105158],[-78.7160677252283,33.9472006399471],[-78.71618599790251,33.9466725855894],[-78.7169473848535,33.94624163944641],[-78.7171247821549,33.9454495554067],[-78.7175054681225,33.9452340795649],[-78.7176237280865,33.9447060224047],[-78.718004409049,33.9444905447161],[-78.71818179164,33.9436984572751],[-78.7185624661461,33.9434829774721],[-78.7186807163037,33.9429549180443],[-78.7190613858049,33.9427394363944],[-78.7192978755139,33.9416833150313],[-78.7190354571741,33.9413707368863],[-78.719331063564,33.9400505826271],[-78.7190686505817,33.9397380039014],[-78.7193051310968,33.9386818784492],[-78.7190427228208,33.9383692991148],[-78.7191609619801,33.9378412357255],[-78.7188985571081,33.9375286557262],[-78.7191350332303,33.936472527621],[-78.7188726330643,33.9361599470126],[-78.7191682224714,33.9348397843232],[-78.7189058276621,33.9345272031334],[-78.7191422945914,33.9334710709349],[-78.7188799044878,33.9331584891358],[-78.7190572524376,33.932366388811],[-78.7187948663884,33.9320538063745],[-78.7188539822226,33.9317897727208],[-78.7185915989261,33.9314771895913],[-78.7187098306964,33.9309491219795],[-78.7184474508033,33.9306365381847],[-78.7185065667393,33.9303725042267],[-78.7182441895988,33.9300599197389],[-78.7183033057857,33.9297958856885],[-78.7180409313976,33.9294833005077],[-78.7182773947489,33.9284271632172],[-78.7180150250657,33.9281145774264],[-78.7181332556432,33.9275865081164],[-78.7176085251845,33.9269613344832],[-78.7177858719557,33.9261692297838],[-78.7172611538074,33.9255440534332],[-78.7173793855915,33.9250159831439],[-78.7168546784516,33.9243908040204],[-78.7169729112388,33.9238627333612],[-78.7164482151069,33.9232375514647],[-78.716507332202,33.9229735160101],[-78.7157203057153,33.9220357378415],[-78.7157794243624,33.9217717023494],[-78.7155170870531,33.9214591082123],[-78.71557620595091,33.9211950726277],[-78.7153138713933,33.9208824777973],[-78.7154321092902,33.9203544063227],[-78.7146451221277,33.9194166176711],[-78.7147042424279,33.9191525818361],[-78.71444191822631,33.9188399842046],[-78.7145010387772,33.9185759482768],[-78.714238717327,33.9182633499519],[-78.7142978381285,33.9179993139314],[-78.7124616513561,33.91581110566271],[-78.7125207763109,33.9155470697143],[-78.7121993473633,33.9154985015977],[-78.7103632782335,33.9133102529558],[-78.7104815381492,33.9127821813771]]},"properties":{"segment_id":"5f31985c21b5f89a4cd49623","source_kmz":"waccamaw","orientation":"unverified"}},{"type":"Feature","geometry":{"type":"LineString","coordinates":[[-78.8215259478077,33.9423330532565],[-78.82126311795011,33.9420207073497],[-78.8213218946032,33.9417566248877],[-78.8210590675037,33.94144427828611],[-78.82117662092472,33.9409161130587],[-78.8206509756544,33.9402914177986],[-78.8207097530765,33.9400273350606],[-78.8204469342514,33.9397149863747],[-78.8205057119298,33.9394509035446],[-78.8202428958626,33.9391385541638],[-78.8203016737973,33.9388744712416],[-78.8200388604881,33.938562121166],[-78.8201564164723,33.938033955018],[-78.8193679930918,33.9370969006218],[-78.8195443299711,33.9363046507497],[-78.81717919108542,33.9334934492953],[-78.81747310735722,33.9321730316801],[-78.8172103279349,33.9318606724878],[-78.8173278929668,33.9313325046587],[-78.8170651169557,33.9310201447986],[-78.8174178064276,33.9294356386027],[-78.8177981371828,33.9292198285554],[-78.8178569159198,33.9289557435039],[-78.8173313777705,33.9283310235515],[-78.8170098311521,33.9282827474615],[-78.8184792292947,33.9216805872856],[-78.8188595193292,33.921464771592],[-78.8194471944996,33.9188238838874]]},"properties":{"segment_id":"dc4bba6a394d1db273e96fdd","source_kmz":"waccamaw","orientation":"unverified"}},{"type":"Feature","geometry":{"type":"LineString","coordinates":[[-78.92571383303232,33.9385461215453],[-78.9287543775126,33.9368167783154],[-78.9293976792714,33.9369127074302],[-78.92951449257731,33.936384429425],[-78.9298945469514,33.9361682530173],[-78.9299529515632,33.9359041135706],[-78.9314731422122,33.9350393937964],[-78.93158993866531,33.9345111124231],[-78.9323500155648,33.9340787436255],[-78.9324084103024,33.9338146022294],[-78.932788444146,33.933598415603]]},"properties":{"segment_id":"2af4c428923319e844560116","source_kmz":"waccamaw","orientation":"unverified"}},{"type":"Feature","geometry":{"type":"LineString","coordinates":[[-78.9462824922245,33.9642571270377],[-78.9439119411808,33.9614486190561],[-78.9429466588972,33.9613048495893],[-78.9387328368844,33.9563117656781],[-78.9387912266532,33.9560476286031],[-78.9348412682044,33.9513664445388],[-78.93595078619651,33.94634782525421],[-78.9356874849831,33.9460357410395],[-78.9359794429704,33.9447150447485],[-78.9357161471518,33.9444029599447],[-78.936008098545,33.9430822608119],[-78.9344283875898,33.9412097375916],[-78.9341067157096,33.9411617877302],[-78.9335801651347,33.9405376060286],[-78.9337553501694,33.9397451862036],[-78.9334920800134,33.93943309434731],[-78.93355047489202,33.9391689541941],[-78.9322341589855,33.9376084841849],[-78.9326429350801,33.9357595007148],[-78.9323796828182,33.9354474047281],[-78.932788444146,33.933598415603]]},"properties":{"segment_id":"c0e69d32511664d368a425e6","source_kmz":"waccamaw","orientation":"unverified"}},{"type":"Feature","geometry":{"type":"LineString","coordinates":[[-78.8194471944996,33.9188238838874],[-78.8178707717381,33.9169497125373],[-78.8146557889204,33.9164669192008],[-78.8130795287884,33.9145926768624],[-78.813197095763,33.9140645014665],[-78.808468792987,33.908441619331],[-78.8088803471918,33.9065930050437]]},"properties":{"segment_id":"941ce1e7ff0b221161f1e57c","source_kmz":"waccamaw","orientation":"unverified"}},{"type":"Feature","geometry":{"type":"LineString","coordinates":[[-78.932788444146,33.933598415603],[-78.934131380722,33.9275231244643],[-78.9398311362554,33.9242800765628],[-78.9404743482988,33.9243759456508],[-78.9408543138456,33.924159729907],[-78.9410877456256,33.9231031329427],[-78.9441273479003,33.921373351413]]},"properties":{"segment_id":"edbf7d79ead66fdf7961dc2b","source_kmz":"waccamaw","orientation":"unverified"}},{"type":"Feature","geometry":{"type":"LineString","coordinates":[[-78.8088803471918,33.9065930050437],[-78.81154200458761,33.9050824590855],[-78.81248246449522,33.9008570029864],[-78.814383469416,33.8997779809226]]},"properties":{"segment_id":"e6c55f10b7290486c1c64c41","source_kmz":"waccamaw","orientation":"unverified"}},{"type":"Feature","geometry":{"type":"LineString","coordinates":[[-78.9959162296767,33.9350803839324],[-78.9959744100078,33.9348162108592],[-78.9957109077232,33.9345042586322],[-78.9958854483313,33.9337117387777],[-78.9945679783957,33.9321519671605],[-78.9946261611073,33.9318877937695],[-78.9943626740987,33.9315758372967],[-78.9944208570758,33.9313116638129],[-78.9941573728328,33.9309997066411],[-78.9943319213785,33.9302071855541],[-78.99354148722041,33.9292713099243],[-78.9937160381545,33.9284787880019],[-78.9934525662919,33.928166828087],[-78.9944416325048,33.9236758507097]]},"properties":{"segment_id":"ec9551be6b0b8bc6b15c6094","source_kmz":"waccamaw","orientation":"unverified"}},{"type":"Feature","geometry":{"type":"LineString","coordinates":[[-78.814383469416,33.8997779809226],[-78.8185654953001,33.8974040170969]]},"properties":{"segment_id":"c9f3c9d501cddea93922f626","source_kmz":"waccamaw","orientation":"unverified"}},{"type":"Feature","geometry":{"type":"LineString","coordinates":[[-78.8185654953001,33.8974040170969],[-78.8193258363221,33.8969723702801],[-78.8254328674402,33.8978893775679],[-78.8258130223828,33.8976735323782],[-78.8393132567671,33.8996994091793],[-78.8400735054269,33.899267627264],[-78.840394946808,33.8993158410694],[-78.8419154162869,33.8984522573514],[-78.8425582950074,33.8985486739301],[-78.8429384058138,33.8983327726408],[-78.8435812848137,33.8984291835484],[-78.8439613922099,33.8982132788637],[-78.8548905558073,33.8998516802715],[-78.8552706388542,33.8996357388202],[-78.8588066357059,33.9001655765414],[-78.8595667810922,33.8997336667685]]},"properties":{"segment_id":"2ca614c89f4eb5df86a3333e","source_kmz":"waccamaw","orientation":"unverified"}},{"type":"Feature","geometry":{"type":"LineString","coordinates":[[-78.8595667810922,33.8997336667685],[-78.8608526047892,33.8999262997964],[-78.86123267171011,33.8997103387747]]},"properties":{"segment_id":"cfb268b70f18e6f930c41d2a","source_kmz":"waccamaw","orientation":"unverified"}},{"type":"Feature","geometry":{"type":"LineString","coordinates":[[-78.9441273479003,33.921373351413],[-78.9471668154583,33.9196434861713],[-78.9469035594802,33.9193314167467],[-78.9473118923921,33.9174823379311],[-78.94807171639252,33.9170498563816],[-78.9481300451922,33.9167857012565],[-78.9488898578792,33.9163532139447],[-78.9489481833899,33.9160890581694],[-78.9493280851292,33.9158728122863],[-78.94938640879802,33.91560865612621],[-78.9497663069855,33.9153924086699],[-78.9498246288126,33.9151282521249],[-78.9502045234483,33.9149120030954],[-78.95102096732852,33.9112137951964],[-78.9574785097701,33.9075372984488],[-78.957800057455,33.9075851854245],[-78.9581798932949,33.9073689080974],[-78.9585014407164,33.907416793134],[-78.9592611047674,33.9069842324718],[-78.9595826512677,33.9070321145267],[-78.9599624794787,33.9068158311916],[-78.9602840257156,33.9068637113073],[-78.9606638511644,33.9066474256221],[-78.9622715849753,33.9068868075372],[-78.9634110388268,33.9062379269995]]},"properties":{"segment_id":"628a292448d5bce856db0c13","source_kmz":"waccamaw","orientation":"unverified"}},{"type":"Feature","geometry":{"type":"LineString","coordinates":[[-78.9634110388268,33.9062379269995],[-78.9669480661986,33.9067644538974],[-78.9756830833489,33.901789048427],[-78.9757995309183,33.901260699809],[-78.9761792861268,33.9010443616118],[-78.97623750787432,33.900780186858],[-78.9766172595323,33.9005638470881],[-78.9766754794398,33.9002996719495],[-78.97705522754731,33.9000833306069],[-78.9771134456147,33.8998191550833],[-78.9774931901717,33.8996028121682],[-78.97755140639902,33.8993386362597],[-78.9779311474057,33.899122291772],[-78.9789789461128,33.8943671001632],[-78.9979620124847,33.8835479703128]]},"properties":{"segment_id":"4b11006f23c76e9d0561f421","source_kmz":"waccamaw","orientation":"unverified"}},{"type":"Feature","geometry":{"type":"LineString","coordinates":[[-78.9944416325048,33.9236758507097],[-79.00165771154572,33.9195641577444],[-79.0017740098229,33.9190357951411],[-79.0025335470819,33.9186029568476],[-79.0028551679504,33.9186507178957],[-79.0029714567616,33.9181223534657],[-79.0033512186803,33.9179059307867],[-79.0036728371772,33.9179536896047],[-79.0048121083207,33.9173044105985],[-79.0049283818809,33.91677604328321],[-79.0053081318246,33.9165596138045],[-79.0060638528,33.9131252111756],[-79.005800383414,33.9128132731985],[-79.0059747730975,33.9120207159578],[-79.0057113077949,33.9117087773325],[-79.0057694375619,33.9114445913726],[-79.0055059750241,33.9111326520474],[-79.0056222346962,33.9106042798209],[-79.0050953185739,33.9099803990962],[-79.0080594758369,33.8965067483895],[-79.00621557103732,33.8943231521389],[-79.0054562903564,33.8947560282058],[-79.0053981719534,33.8950202197178],[-79.0044335978503,33.8948769507108],[-79.0039067973498,33.8942530518638],[-79.00358527632642,33.8942052922314],[-79.0020049340047,33.8923335737545],[-79.0020630618879,33.8920693830269],[-79.00179967952512,33.89175742743141],[-79.0011566609996,33.891661895245],[-79.00089328363201,33.8913499374203],[-78.9999287631301,33.8912066301605],[-78.9975585005385,33.8883989567725],[-78.9983142898142,33.8849644794729],[-78.99805094638681,33.8846525124615],[-78.9981090819287,33.8843883210859],[-78.9978457412637,33.8840763533736],[-78.9979620124847,33.8835479703128]]},"properties":{"segment_id":"6960181f191d21ad591292cb","source_kmz":"waccamaw","orientation":"unverified"}},{"type":"Feature","geometry":{"type":"LineString","coordinates":[[-78.9979620124847,33.8835479703128],[-78.9983416201629,33.8833315543835],[-78.9989845666583,33.8834271032556],[-78.99936417091561,33.8832106839355],[-78.9996856440946,33.8832584559847],[-79.0008244422675,33.8826091870569],[-79.0011459138639,33.8826569550838],[-79.0019051008095,33.88222410051331],[-79.0025480425471,33.8823196297099],[-79.0029276315468,33.8821031983806],[-79.004534989478,33.8823420004714],[-79.0050617146541,33.8829659061085],[-79.0066690968651,33.8832046782672],[-79.0070486787457,33.8829882336592],[-79.0073701557084,33.8830359843591],[-79.0088884595564,33.8821701886914],[-79.0090046532312,33.8816417932215],[-79.0128002366796,33.8794772072718],[-79.0134431691265,33.8795726762316],[-79.0138227145823,33.8793562083657],[-79.0140861031452,33.8796681416046],[-79.0150505071201,33.8798113329391],[-79.0161891272903,33.8791619097954],[-79.016247197391,33.8788977074194],[-79.0170062640956,33.8784647515931],[-79.0179706585646,33.87860791879681],[-79.0183501867838,33.8783914357986],[-79.01867165173331,33.8784391553648],[-79.0194307005419,33.8780061833648],[-79.019752164566,33.8780538999509],[-79.0205112036408,33.8776209206409],[-79.0205692579759,33.8773567155648],[-79.0200424467606,33.8767328760201],[-79.0202166113643,33.8759402602213],[-79.0205961203964,33.8757237690996],[-79.0209444303323,33.8741385326708],[-79.0217034247504,33.8737055433271],[-79.022346320569,33.8738009635002],[-79.0371449784691,33.8653565454735],[-79.0374349193612,33.8640354560393],[-79.0378143228372,33.8638189050463],[-79.0379302935605,33.8632904679013],[-79.0383096920453,33.8630739150721],[-79.0384256583119,33.8625454769163],[-79.0388050518056,33.8623289222508],[-79.0389210136156,33.8618004830841],[-79.0393004021183,33.8615839265823],[-79.039590292561,33.8602628252366],[-79.0372195435976,33.8574558518438],[-79.0364607930456,33.8578889522184],[-79.0361394017928,33.8578412808316],[-79.0361973885784,33.8575770610967],[-79.0343536161918,33.8553938028801],[-79.0344116072,33.8551295831959],[-79.0336214525556,33.8541938902662],[-79.0344333131748,33.850494803069]]},"properties":{"segment_id":"9495a9aa30924f76b00bfb13","source_kmz":"waccamaw","orientation":"unverified"}},{"type":"Feature","geometry":{"type":"LineString","coordinates":[[-79.0397681556271,33.8791134198151],[-79.03912519480711,33.8790180971735],[-79.038745721134,33.8792346481792],[-79.0377812808674,33.8790916543665],[-79.0375177996234,33.8787797748767],[-79.0365533672218,33.87863677073781],[-79.0362898924154,33.8783248882654],[-79.0330751576961,33.8778481419964],[-79.0328116994389,33.8775362512787],[-79.030882886113,33.8772501559641],[-79.0290387978936,33.8750668690115],[-79.0296190161483,33.8724247612581],[-79.0318957799369,33.8711256038238],[-79.0325386669685,33.8712209676443],[-79.0329181189182,33.8710044347496],[-79.0332395623632,33.8710521142733],[-79.0393104969049,33.8675873936228],[-79.0408759081938,33.8604534664231],[-79.0406124774546,33.8601415864072],[-79.0406704508196,33.8598773652229],[-79.0404070228431,33.8595654845041],[-79.0405229697158,33.8590370418235],[-79.0392058679755,33.8574776275637],[-79.0385630858964,33.8573822991066],[-79.038299674745,33.8570704125689],[-79.0379782857374,33.8570227462438],[-79.036661268744,33.85546329888611],[-79.0363398873468,33.8554156279055],[-79.0363978716542,33.8551514072324],[-79.0360764917007,33.8551037355002],[-79.0344961619838,33.853232365793],[-79.0341747910841,33.8531846886538],[-79.0346966867251,33.8508067010988],[-79.0344333131748,33.850494803069]]},"properties":{"segment_id":"cd95285de5f94f6389ef778a","source_kmz":"waccamaw","orientation":"unverified"}},{"type":"Feature","geometry":{"type":"LineString","coordinates":[[-79.0344333131748,33.850494803069],[-79.0331164769622,33.8489353020084],[-79.0333484362023,33.8478784161018],[-79.03410710679991,33.8474453304858],[-79.0342230782934,33.8469168857486]]},"properties":{"segment_id":"f3ae8bad7fd488147111b739","source_kmz":"waccamaw","orientation":"unverified"}},{"type":"Feature","geometry":{"type":"LineString","coordinates":[[-79.0342230782934,33.8469168857486],[-79.0339597197443,33.8466049850514],[-79.0340177055619,33.8463407625262],[-79.0343970325926,33.8461242177389],[-79.0347183745901,33.8461718947008],[-79.0373736003252,33.8446560373236],[-79.037694938101,33.8447037061014],[-79.03883285847452,33.84405403022161],[-79.0388908259218,33.843789804369],[-79.0396494261061,33.8433566800539],[-79.0398233174369,33.8425640001812],[-79.0432368752385,33.8406148689426],[-79.043558199973,33.8406625216707],[-79.04393747300261,33.840445943961],[-79.0442272066411,33.83912479444411],[-79.0449857319643,33.8386916324538],[-79.0452175002787,33.8376347085474],[-79.0436373049283,33.8357634210048],[-79.0437531946451,33.8352349586147],[-79.0434898374288,33.8349230748579],[-79.0436636710428,33.8341303804392]]},"properties":{"segment_id":"3dc71290a6b37493dd419196","source_kmz":"waccamaw","orientation":"unverified"}},{"type":"Feature","geometry":{"type":"LineString","coordinates":[[-78.9262452381928,33.710762235388],[-78.9270031720543,33.7103297744009],[-78.9270614179247,33.7100655579215],[-78.9285772547685,33.7092006191807],[-78.9286354944867,33.7089364015053],[-78.9309091783155,33.707638952551],[-78.9309674090025,33.7073747331433],[-78.9313463475413,33.7071584868055],[-78.9314045763957,33.7068942670063],[-78.9321624443143,33.7064617698711],[-78.9322206698965,33.7061975494123],[-78.93335745175662,33.7055487930969],[-78.9334156726271,33.7052845717102],[-78.9349313467114,33.704419543909],[-78.9349895614311,33.7041553213263],[-78.9361262906979,33.7035065359401],[-78.9361845007063,33.7032423124296],[-78.9373212068168,33.7025935144698],[-78.9373794121142,33.7023292900314],[-78.9377583085255,33.7021130211613],[-78.9378165119906,33.7018487963314],[-78.9389531843482,33.7011999810709],[-78.9390113831026,33.7009357553131],[-78.9393902682631,33.7007194806762]]},"properties":{"segment_id":"a88514701e49a8664b236fb3","source_kmz":"waccamaw","orientation":"unverified"}},{"type":"Feature","geometry":{"type":"LineString","coordinates":[[-78.9443635244526,33.7383069778549],[-78.9419998872672,33.7354976000197],[-78.9421163148199,33.7349691696413],[-78.9418537002497,33.7346570129525],[-78.941970127539,33.734128582127],[-78.94170751637242,33.7338164247543],[-78.9418239433982,33.7332879934817],[-78.9415613356351,33.7329758354251],[-78.9416777623975,33.7324474037053],[-78.9414151580379,33.7321352449647],[-78.9418808546007,33.7300215133478],[-78.9441549313433,33.7287238400591],[-78.9442131330034,33.72845962144751],[-78.9445339368026,33.728507556601],[-78.9448831322279,33.7269222414814],[-78.9452621269515,33.7267059551092],[-78.9454949102829,33.7256490748333],[-78.9511794933961,33.7224046062798],[-78.9512376666466,33.722140381887],[-78.95097505874242,33.7218282405918],[-78.951324093925,33.7202428917826],[-78.9520819810065,33.7198102715432],[-78.9521401492828,33.7195460457755],[-78.9525190882423,33.7193297334269],[-78.95263542073741,33.7188012809868],[-78.95339328661481,33.7183686512962],[-78.9534514493938,33.718104424356],[-78.9538303777515,33.7178881072818],[-78.9538885386982,33.7176238799508],[-78.9542674635219,33.7174075613013],[-78.95432562263632,33.7171433335795],[-78.9540630191826,33.7168311972194],[-78.9541211785588,33.7165669693961],[-78.9545000976239,33.7163506496755],[-78.9546745690782,33.7155579646638],[-78.9577058116615,33.7138273534062],[-78.9577639565113,33.7135631226804],[-78.9587262108387,33.713706815302],[-78.9598628820466,33.7130578043497],[-78.9605043829665,33.7131535887191],[-78.9692182060111,33.7081773993961],[-78.96927630781131,33.7079131608624],[-78.9704128074445,33.7072640409062],[-78.9707032889765,33.705942842374],[-78.9733549978025,33.7044281740231],[-78.9737035022642,33.7028427204728],[-78.9744610972464,33.7024099431103],[-78.9745772565085,33.7018814565364],[-78.9749560479814,33.701665065359],[-78.9750141255856,33.7014008216194],[-78.9757716993728,33.7009680348081],[-78.9764131206954,33.7010637322666],[-78.9771706834886,33.7006309360701],[-78.9778121037594,33.7007266257921],[-78.9781908807057,33.7005102236548]]},"properties":{"segment_id":"9b88749c97c88e49ff928d34","source_kmz":"waccamaw","orientation":"unverified"}},{"type":"Feature","geometry":{"type":"LineString","coordinates":[[-78.9393902682631,33.7007194806762],[-78.9462098432503,33.6968263136154],[-78.94653051867321,33.69687424525541],[-78.9484247214445,33.6957927295812],[-78.9487453939904,33.6958406551298],[-78.9495030591406,33.6954080376291],[-78.9501444027941,33.6955038818849],[-78.9505232309219,33.69528756909471],[-78.9508439026834,33.6953354888412],[-78.9512227280643,33.6951191737043],[-78.9515433995643,33.6951670915168],[-78.9519222221983,33.69495077403311],[-78.9522428934366,33.6949986899116],[-78.9526217133236,33.69478237008121],[-78.9551870921249,33.6951656565848],[-78.9555659046862,33.6949493271326],[-78.9616587675444,33.69585938333611],[-78.9619213309448,33.69617151121371],[-78.9638454309521,33.6964588257767],[-78.9641080050784,33.6967709484238],[-78.9644286912245,33.6968188303025],[-78.9646912688828,33.6971309514703],[-78.9659740231438,33.6973224670361],[-78.9662366086506,33.6976345844737],[-78.9668779910116,33.6977303353875],[-78.9671405814893,33.6980424505955],[-78.968744051448,33.6982818084699],[-78.969006651213,33.6985939191972],[-78.971572235046,33.6989768392648],[-78.9718348484147,33.6992889432604],[-78.9721555495969,33.69933680349191],[-78.9724181664978,33.6996489060079],[-78.9781908807057,33.7005102236548]]},"properties":{"segment_id":"bdbdb15558158fa52dfaea7e","source_kmz":"waccamaw","orientation":"unverified"}},{"type":"Feature","geometry":{"type":"LineString","coordinates":[[-78.9781908807057,33.7005102236548],[-78.9785115907742,33.7005580661344],[-78.9788903649719,33.7003416616508],[-78.9792110747773,33.7003895021962],[-78.9795898462265,33.7001730953665],[-78.9799105557688,33.7002209339778],[-78.9802893244693,33.7000045248018],[-78.9806100337485,33.700052361479],[-78.9851550869911,33.6974553369564],[-78.9854757888018,33.6975031602682],[-78.9915353803442,33.694040151542]]},"properties":{"segment_id":"25fbdcad58b362c5c1fa0562","source_kmz":"waccamaw","orientation":"unverified"}},{"type":"Feature","geometry":{"type":"LineString","coordinates":[[-78.9915353803442,33.694040151542],[-78.9926714940924,33.6933908001624],[-78.9929921838467,33.6934386028359],[-78.9956430380662,33.6919233966079],[-78.9959637236251,33.6919711911132],[-79.0005077986244,33.6893735332932],[-79.0005657808943,33.6891092723171],[-79.0013230945434,33.6886763105191],[-79.0016437702719,33.68872408943921],[-79.0017017482278,33.68845982766021],[-79.0028376967207,33.6878103712442],[-79.00315836982752,33.6878581460084],[-79.0032163420316,33.68759388315901],[-79.0051095371855,33.686511423135],[-79.0054302063594,33.6865591916657],[-79.00959504427361,33.6841776532124],[-79.0102363693727,33.6842731647338],[-79.0106149771301,33.6840566513215],[-79.0109356396106,33.6841044047013],[-79.0116928475344,33.6836713718797],[-79.0120135090946,33.683719122287],[-79.01239210926092,33.6835026028777],[-79.0127127705565,33.6835503513513],[-79.01346996329781,33.683117306536],[-79.0137906236729,33.6831650520372],[-79.0141692162479,33.6829485266312],[-79.0148105368597,33.6830440128715],[-79.01556771310682,33.682610953985],[-79.0162090326593,33.682706432491],[-79.0169661979102,33.682273364224],[-79.0182488364596,33.6824643021881],[-79.0186274133218,33.6822477619399]]},"properties":{"segment_id":"de485fa4d0091f77ebb43929","source_kmz":"waccamaw","orientation":"unverified"}},{"type":"Feature","geometry":{"type":"LineString","coordinates":[[-79.0186274133218,33.6822477619399],[-79.0190059880907,33.6820312203854],[-79.0209299497698,33.6823175880226],[-79.0213085185101,33.6821010389292],[-79.0267598085099,33.682912221309],[-79.0271383640048,33.6826956532504],[-79.0393239837345,33.6845079098873],[-79.0397025121965,33.6842913010507],[-79.0409852391845,33.6844819855847],[-79.0413637629266,33.6842653712875],[-79.0416844449929,33.684313039145],[-79.0424414848826,33.6838798045553],[-79.0434035294842,33.6840227965267],[-79.044160557059,33.6835895504811],[-79.0444812380602,33.6836372106045],[-79.0448597480502,33.6834205845842],[-79.0455011099103,33.6835159000689],[-79.0466366233773,33.6828660079409],[-79.04695730292272,33.682913661225],[-79.0477143001181,33.6824803911998],[-79.04835565775261,33.6825756909287],[-79.0506265912061,33.6812758370501],[-79.0506843983715,33.6810115480201],[-79.05181983252072,33.6803616026513],[-79.05193543705931,33.679833022618],[-79.0523139080475,33.6796163710159],[-79.0524295081519,33.6790877899545],[-79.0531864380993,33.6786544817644],[-79.0533020308958,33.6781258991405],[-79.05405894672091,33.6776925846588],[-79.0541167396604,33.6774282926273],[-79.0544951929956,33.6772116331607],[-79.0546107748309,33.6766830481929],[-79.0549892231988,33.6764663868863],[-79.0550470120947,33.67620209395],[-79.0554254569322,33.6759854310705],[-79.0554832440013,33.6757211377435],[-79.0562401245219,33.6752878075331],[-79.0563556917433,33.6747592194399],[-79.0567341259898,33.6745425518418],[-79.0569074695873,33.673749667974],[-79.0572858974303,33.6735329982687],[-79.057343676413,33.6732687031319],[-79.0577221007257,33.6730520318538],[-79.05777987788191,33.6727877363262],[-79.0581582986645,33.6725710634752],[-79.058331623484,33.67177817534951],[-79.0587100378634,33.6715615003913],[-79.0588255829206,33.6710329071553],[-79.05920399233351,33.6708162303571],[-79.0593195329582,33.6702876360923],[-79.0604547400176,33.669637596261],[-79.0606857993516,33.6685804030418],[-79.0644696293604,33.6664135080538]]},"properties":{"segment_id":"9f79ab0fd27dba7785c64561","source_kmz":"waccamaw","orientation":"unverified"}},{"type":"Feature","geometry":{"type":"LineString","coordinates":[[-78.5754050187806,34.2490810571309],[-78.5751421413925,34.248768272816],[-78.5748194204156,34.24871934342271],[-78.574293674918,34.248093771159],[-78.574413368529,34.2475660599196],[-78.5751784885501,34.2471362078972],[-78.5754178591776,34.2460807819187],[-78.5758004101552,34.245865852874],[-78.5760996069726,34.244546566492],[-78.57351798598401,34.2441551254528],[-78.5714152202164,34.2416527819808],[-78.5714750720384,34.2413889258508],[-78.5712122364913,34.2410761297464],[-78.57127208855832,34.2408122735372],[-78.5710092557788,34.2404994767559],[-78.5668143950462,34.23986316902051],[-78.5649016424921,34.2409376609935],[-78.5642562788868,34.2408397435195],[-78.56387372072571,34.2410546358703],[-78.5635510388817,34.2410056747356],[-78.56302543629101,34.2403800456869],[-78.5627027577827,34.2403310821572],[-78.56372066905672,34.235845581452],[-78.56345788347052,34.2355327657178],[-78.56657079898352,34.2218122060926],[-78.5669532549807,34.2215972998619],[-78.5671328083388,34.2208057188172],[-78.5675152578299,34.2205908104744],[-78.5681137279752,34.2179521968427],[-78.5675882445427,34.2173265709745],[-78.568725250629,34.2123131746432],[-78.5676743586135,34.2110619170211],[-78.5673517988713,34.2110129646607],[-78.5674116408954,34.210749100833],[-78.5681764372729,34.2103192757506],[-78.5684989946561,34.2103682258625],[-78.5707933291408,34.2090787127657],[-78.5709129864434,34.2085509802091],[-78.5706502641793,34.2082381703905],[-78.5703277142793,34.208189226125],[-78.5700649955926,34.2078764148453],[-78.5697424475619,34.2078274689332],[-78.5689543085764,34.2068890285713],[-78.5686317653415,34.2068400795165],[-78.5683690580377,34.2065272638882]]},"properties":{"segment_id":"88048da00db4b78f389900f9","source_kmz":"waccamaw","orientation":"unverified"}},{"type":"Feature","geometry":{"type":"LineString","coordinates":[[-78.5683690580377,34.2065272638882],[-78.5678436497723,34.2059016304924],[-78.5675211113331,34.2058526782951],[-78.5662076349803,34.2042885785858],[-78.5662674757118,34.20402471319],[-78.5660047874338,34.2037118911437],[-78.5663638271978,34.2021286965516],[-78.5658384647921,34.2015030507379],[-78.5663770087354,34.1991282516743],[-78.5653263327126,34.1978769527411],[-78.5673606236828,34.1889054097671]]},"properties":{"segment_id":"15602851c244126dcef1840e","source_kmz":"waccamaw","orientation":"unverified"}},{"type":"Feature","geometry":{"type":"LineString","coordinates":[[-78.5673606236828,34.1889054097671],[-78.5723302544912,34.1861113805826],[-78.572509671183,34.1853197570444],[-78.5728919312977,34.185104821721],[-78.5730713399498,34.1843131963416],[-78.5734535935646,34.184098258905],[-78.5729282959259,34.1834726314],[-78.5732871013071,34.1818893763278],[-78.5727618199271,34.1812637463805],[-78.5735262967787,34.1808338706279],[-78.5736458920798,34.1803061170823],[-78.5744103546318,34.1798762350063],[-78.5750552251288,34.1799741033467],[-78.5753178696316,34.1802869139834],[-78.5756403069509,34.1803358460583],[-78.577551420656,34.1792610982236],[-78.5784481228769,34.1753028966214],[-78.5807412580304,34.1740131318818]]},"properties":{"segment_id":"0c2ab55cf16e66fd5029e575","source_kmz":"waccamaw","orientation":"unverified"}},{"type":"Feature","geometry":{"type":"LineString","coordinates":[[-78.5807412580304,34.1740131318818],[-78.5811234398289,34.1737981664909],[-78.5819601363106,34.1701037953531],[-78.5816974994803,34.1697909958406],[-78.582773147035,34.1650410572621]]},"properties":{"segment_id":"602cf53a5af7919c5b6c62a6","source_kmz":"waccamaw","orientation":"unverified"}},{"type":"Feature","geometry":{"type":"LineString","coordinates":[[-78.582773147035,34.1650410572621],[-78.5817226676807,34.1637898545152]]},"properties":{"segment_id":"b81fbbc748a5f9b452abafc7","source_kmz":"waccamaw","orientation":"unverified"}},{"type":"Feature","geometry":{"type":"LineString","coordinates":[[-78.5817226676807,34.1637898545152],[-78.5790966171291,34.1606617976582],[-78.5787742591798,34.1606128740009],[-78.57798648957831,34.159674440774],[-78.577341783664,34.1595765862777],[-78.5770792009428,34.1592637722779],[-78.5761121494963,34.1591169815543],[-78.5758495732707,34.1588041645965],[-78.5752048772564,34.1587062981281],[-78.5749423060649,34.1583934789605],[-78.5742976145952,34.1582956074041],[-78.5740350484379,34.1579827860265],[-78.5733903615129,34.1578849093824],[-78.57224398020661,34.1585297378374],[-78.5719216354018,34.1584807950239],[-78.5715395034265,34.1586957341649],[-78.5708948137335,34.1585978437475],[-78.57063226023871,34.1582850147897],[-78.57069205057651,34.1580211322714],[-78.5699044047113,34.1570826412151],[-78.5699641965938,34.1568187586817],[-78.56943911120761,34.1561930944748],[-78.5694989039846,34.1559292118925],[-78.5689738283438,34.1553035448967],[-78.5698706908293,34.1513452932022],[-78.5702527913138,34.151130357612],[-78.5703723631617,34.1506025882063],[-78.5690597621992,34.1490384149887],[-78.5691195507646,34.148774530279],[-78.5688570375549,34.1484616935264],[-78.5675678361322,34.1482658768417],[-78.5673053308774,34.1479530363838],[-78.5675445031698,34.1468974990503],[-78.5672820026253,34.1465846580124]]},"properties":{"segment_id":"4e6d050cc3f89a671e807e1f","source_kmz":"waccamaw","orientation":"unverified"}},{"type":"Feature","geometry":{"type":"LineString","coordinates":[[-78.5672820026253,34.1465846580124],[-78.56689991625721,34.146799585026],[-78.5665776234092,34.146750626667],[-78.5650026781002,34.1448735562667],[-78.5650624772242,34.1446096722934],[-78.5631287875796,34.1443158772664],[-78.5623413716646,34.143377319066],[-78.5620190958596,34.1433283478426],[-78.5617566295699,34.1430154929331],[-78.5607898089714,34.1428685716328],[-78.5594775310929,34.1413042751568],[-78.5575439446756,34.1410103858857],[-78.5570190658272,34.1403846533242],[-78.5547632539195,34.1400417311916],[-78.5543811651046,34.1402566187257],[-78.5534143927112,34.1401096354868],[-78.5530322998381,34.140324518562],[-78.5488429865655,34.1396874842018],[-78.5484608831425,34.1399023523383],[-78.54840103133951,34.1401662292855],[-78.547756524285,34.1400682081364],[-78.5474941263347,34.1397553197188],[-78.5478532476188,34.1381720582879],[-78.5475908556732,34.1378591693569],[-78.5476507084489,34.1375952920765],[-78.5473883192623,34.1372824024649],[-78.5474481722813,34.1370185251011],[-78.5471857858536,34.1367056348088]]},"properties":{"segment_id":"a1bc008604fb52d5eef8219c","source_kmz":"waccamaw","orientation":"unverified"}},{"type":"Feature","geometry":{"type":"LineString","coordinates":[[-78.5471857858536,34.1367056348088],[-78.5472456391157,34.1364417573616],[-78.5469832554471,34.1361288663887],[-78.5472825189142,34.1348094775669],[-78.544396473498,34.1313676315689],[-78.5447556190946,34.1297843633251],[-78.5470479713184,34.1284951918699]]},"properties":{"segment_id":"25bea3326361df645664f2a0","source_kmz":"waccamaw","orientation":"unverified"}},{"type":"Feature","geometry":{"type":"LineString","coordinates":[[-78.5470479713184,34.1284951918699],[-78.5493402476017,34.1272059730754],[-78.5510155765056,34.11981724247561],[-78.5701128817964,34.1090715377426],[-78.5704350208789,34.109120488566],[-78.5727263393274,34.1078307768513],[-78.5730484749189,34.1078797204929],[-78.5734303532969,34.1076647628922],[-78.5737524886442,34.1077137045888],[-78.5740148841239,34.1080265460323],[-78.5743370213355,34.1080754860838],[-78.5744564993668,34.107547684378],[-78.57483837222851,34.1073327220536],[-78.5749578457211,34.1068049193446],[-78.5764853044052,34.1059450547655],[-78.5765450347067,34.1056811521666],[-78.5773087484778,34.1052512114561],[-78.5779060000385,34.1026121736736],[-78.5782878391689,34.1023971986756],[-78.5777630539239,34.1017715300277],[-78.5781448893263,34.1015565552755],[-78.5782046106361,34.1012926503826],[-78.5785267226202,34.1013415792089],[-78.5792903828825,34.1009116231325],[-78.5795889634972,34.099592093487],[-78.5793265740459,34.09927926137261],[-78.579446004757,34.0987514487575],[-78.5791836187129,34.0984386159925],[-78.5794821916539,34.0971190825619],[-78.5802458052282,34.0966891179363],[-78.580567899451,34.0967380413745],[-78.5806276088529,34.096474133652],[-78.5803652257355,34.0961613026733],[-78.5807470264424,34.0959463178546],[-78.5809858567648,34.0948906848506],[-78.58046110043101,34.0942650225652],[-78.5812246806117,34.093835049967],[-78.5812843855616,34.0935711409524],[-78.5816064675398,34.0936200616964],[-78.5819646824167,34.0920366042432],[-78.58170230888,34.0917237745604]]},"properties":{"segment_id":"4980f71fba1ef0f9aed7326e","source_kmz":"waccamaw","orientation":"unverified"}},{"type":"Feature","geometry":{"type":"LineString","coordinates":[[-78.58170230888,34.0917237745604],[-78.5824658572885,34.0912937924294],[-78.5827643472178,34.0899742388087],[-78.5873453730804,34.0873942195893],[-78.5875244096757,34.086602476386]]},"properties":{"segment_id":"f0ac3f5ab0a77df6064018d6","source_kmz":"waccamaw","orientation":"unverified"}},{"type":"Feature","geometry":{"type":"LineString","coordinates":[[-78.5875244096757,34.086602476386],[-78.5875840877318,34.0863385617497],[-78.5873217108197,34.0860257425577],[-78.5873813891208,34.0857618278358],[-78.5871190149659,34.0854490079601],[-78.5872980493906,34.0846572631848],[-78.5870356792918,34.0843444426894],[-78.5870953572738,34.0840805275611],[-78.5868329899321,34.0837677063819],[-78.5869523459815,34.08323987583621],[-78.5864276202187,34.0826142314585],[-78.5865469772478,34.08208640057],[-78.5862846188265,34.0817735773714],[-78.5863442973837,34.0815096617826],[-78.5860819417194,34.0811968379001],[-78.5861416205214,34.0809329222255],[-78.5858792676139,34.0806200976592],[-78.5859389466608,34.08035618189881],[-78.5856765965102,34.0800433566486],[-78.5860346661937,34.0784598598053],[-78.5864163644757,34.0782448515775],[-78.5866550636768,34.077189183591],[-78.587036754019,34.0769741729796],[-78.5872754409174,34.0759185020394]]},"properties":{"segment_id":"c3acebc8a4f19e64565651d2","source_kmz":"waccamaw","orientation":"unverified"}},{"type":"Feature","geometry":{"type":"LineString","coordinates":[[-78.5872754409174,34.0759185020394],[-78.5875141213457,34.07486282921471],[-78.5856777997784,34.0726730473418],[-78.5850338043466,34.0725752250114],[-78.58477148403861,34.0722623946706],[-78.5838054982977,34.072115652203],[-78.58354318447041,34.0718028189034],[-78.5832211914902,34.0717539022055],[-78.5829588812279,34.07144106744241],[-78.58263689011,34.0713921490997],[-78.58158767596191,34.07014079989771],[-78.5806217225299,34.0699940305153],[-78.5803594286338,34.0696811891823],[-78.5781055616544,34.069338690656],[-78.5777238840758,34.0695536739207],[-78.5770799244245,34.0694558070309],[-78.5766982434413,34.0696707868877],[-78.57605428411051,34.0695729143156],[-78.5752909132287,34.0700028658989],[-78.57496893287251,34.0699539261736],[-78.5745872436226,34.0701688989469],[-78.5742652630223,34.0701199572775],[-78.5738835710169,34.0703349276896],[-78.57323960973241,34.0702370395658],[-78.5728579143228,34.0704520065699],[-78.5696381256929,34.0699625016536],[-78.5691136284478,34.0693367685555],[-78.5687916547267,34.0692878116347],[-78.56590708653552,34.0658462201998],[-78.5659668219276,34.0655823098466],[-78.56255812381511,34.0615148632716],[-78.5626178672311,34.0612509532113],[-78.5620934850259,34.0606251815267],[-78.5621532293336,34.0603612714115],[-78.56189104203841,34.060048384527],[-78.5619507865895,34.0597844743252],[-78.56162885684911,34.0597354969268],[-78.5611044927885,34.0591097195791],[-78.5612837310615,34.0583179889029],[-78.5610215541346,34.05800509925]]},"properties":{"segment_id":"517cb46683ecc8b3c08de21f","source_kmz":"waccamaw","orientation":"unverified"}},{"type":"Feature","geometry":{"type":"LineString","coordinates":[[-78.5610215541346,34.05800509925],[-78.5615592529297,34.0556299011223],[-78.561297083942,34.0553170110368],[-78.5613568268769,34.0550530995741],[-78.5625017756567,34.0544082957634],[-78.56282368393391,34.0544572710652],[-78.5632053286675,34.0542423327859],[-78.5635272367013,34.054291306144],[-78.563908878681,34.0540763655036]]},"properties":{"segment_id":"9e48e985ddb464053e034c28","source_kmz":"waccamaw","orientation":"unverified"}},{"type":"Feature","geometry":{"type":"LineString","coordinates":[[-78.563908878681,34.0540763655036],[-78.5642905185551,34.0538614235486],[-78.5646124256971,34.0539103939166],[-78.5649940628173,34.0536954496004],[-78.5656378770189,34.0537933855522],[-78.5660195107368,34.0535784378283],[-78.5666633252604,34.053676368099],[-78.5670449555762,34.0534614169675],[-78.5686544957242,34.053706221714],[-78.5689166888378,34.0540190957914],[-78.5688569723035,34.0542830114923],[-78.5691191681712,34.0545958848851],[-78.56905945188072,34.0548598004991],[-78.5695838512304,34.0554855451996],[-78.5699654823503,34.0552705849412],[-78.5702640459863,34.053951004036],[-78.5710272873339,34.0535210768978],[-78.57199301845512,34.0536679292477],[-78.5733040714695,34.0552322547912],[-78.5736259899394,34.0552812000434],[-78.5766788827022,34.0535613742743],[-78.5767385721879,34.0532974543055],[-78.5771201728493,34.0530824699021],[-78.57717986047331,34.0528185495474],[-78.5775614575715,34.0526035635619],[-78.5776808286919,34.0520757219622],[-78.5795887680226,34.0510007696428],[-78.5796484456901,34.0507368473267],[-78.5804116037673,34.0503068566635],[-78.5804712781162,34.0500429336936],[-78.5808528525389,34.0498279361229],[-78.5809125250264,34.0495640127669],[-78.5816756646404,34.0491340131472],[-78.5817353338094,34.0488700891375],[-78.5821168990006,34.0486550870885],[-78.58217656630842,34.0483911626927],[-78.5825581279368,34.0481761590618],[-78.5826774584255,34.0476483093797],[-78.5830590150342,34.047433303899],[-78.5835959691138,34.0450579720629],[-78.5833337472149,34.0447451276683],[-78.5834530671952,34.0442172749095],[-78.5826664180233,34.0432787376137],[-78.5823445434611,34.0432298167299],[-78.5818201241209,34.0426041201223],[-78.5814982528765,34.0425551968467],[-78.5812360478213,34.0422423467207],[-78.5808545116003,34.04245734760461],[-78.5798889027174,34.0423105670147],[-78.5795073624455,34.0425255634452],[-78.579268672593,34.0435812626117],[-78.5788871243882,34.0437962566565],[-78.5782433761385,34.04369839306411],[-78.5779811803045,34.0433855360248],[-78.5781005344607,34.0428576878741],[-78.5778383420289,34.0425448301806],[-78.5780173721767,34.0417530571597],[-78.5777551837955,34.0414401988429],[-78.57787453650302,34.0409123496322],[-78.5782560733812,34.0406973581403],[-78.5783754215581,34.04016950792],[-78.5791384831715,34.0397395199219],[-78.5793771630208,34.0386838159164],[-78.5791149795068,34.0383709594665],[-78.5793536554828,34.0373152536891],[-78.5797351706696,34.0371002563536],[-78.5798545033193,34.036572402218],[-78.5802360134877,34.0363574030324],[-78.58087970359941,34.0364552564619],[-78.581261210366,34.03624025386961],[-78.5822267466191,34.0363870241486],[-78.5827511273873,34.0370127238162],[-78.5833948260697,34.0371105631948],[-78.5841578300354,34.0366805404916],[-78.584217481263,34.0364166110666],[-78.58536196705352,34.035771566352],[-78.5854216135073,34.0355076360049],[-78.585159416414,34.0351947919777],[-78.5852190631123,34.0349308615429],[-78.5844324864084,34.0339923252544],[-78.5831451395647,34.033796653668],[-78.582882957366,34.0334838038154],[-78.5831812188164,34.0321641534673],[-78.5835626982282,34.0319491421349],[-78.5836223478498,34.0316852114416],[-78.5843852974458,34.0312551842984],[-78.5847071238342,34.0313041002529],[-78.5850885948266,34.031089083664],[-78.5860540744703,34.031235823008],[-78.5898686491734,34.0290855534586],[-78.590047526189,34.0282937484249],[-78.591573279661,34.0274336005965],[-78.593825993973,34.0277758553551],[-78.5943504099201,34.0284015093292],[-78.598534112557,34.0290369892872],[-78.6023482353016,34.0268863029628]]},"properties":{"segment_id":"554959ce36e04b92f61010ce","source_kmz":"waccamaw","orientation":"unverified"}},{"type":"Feature","geometry":{"type":"LineString","coordinates":[[-78.6023482353016,34.0268863029628],[-78.6031110345916,34.0264561499317],[-78.6033493490555,34.0254003788979],[-78.6041121282785,34.024970218469],[-78.6044339410897,34.0250190800238],[-78.6055780921912,34.02437382638911],[-78.609761670139,34.0250089041973],[-78.6158633544041,34.021567134239]]},"properties":{"segment_id":"b34a7b778499dbc259529a21","source_kmz":"waccamaw","orientation":"unverified"}},{"type":"Feature","geometry":{"type":"LineString","coordinates":[[-78.6158633544041,34.021567134239],[-78.6166260270497,34.0211368893489],[-78.6168641421961,34.02008108343121],[-78.6199147020093,34.0183600427607],[-78.6202364974321,34.0184088608329],[-78.620617807288,34.0181937237924],[-78.6209396024645,34.0182425399221],[-78.62132090956642,34.0180274005222],[-78.6248606759631,34.0185643072557],[-78.6252419738167,34.0183491550387],[-78.6262073711661,34.0184955621775],[-78.64031383999162,34.0105338907908],[-78.6407299191815,34.0086861192491]]},"properties":{"segment_id":"b47b48780019c9bd24a70d3b","source_kmz":"waccamaw","orientation":"unverified"}},{"type":"Feature","geometry":{"type":"LineString","coordinates":[[-78.6407299191815,34.0086861192491],[-78.6412648491602,34.0063104044254],[-78.6410025262183,34.005997675254],[-78.64112139641921,34.0054697373789],[-78.6366622504545,34.0001532326098],[-78.6363405200956,34.0001044590322],[-78.6342423205114,33.9976024966397],[-78.6343017722995,33.9973385284176],[-78.6324659626617,33.99514927383],[-78.6326443292472,33.9943573690729],[-78.6313331094992,33.9927935946964],[-78.6313925674689,33.9925296263541],[-78.6311303304793,33.9922168693539],[-78.6312492465096,33.991688932371],[-78.6299380996055,33.9901251368932],[-78.62999756026281,33.9898611683709],[-78.62973533784131,33.9895484071503],[-78.6297947987451,33.9892844385384],[-78.6295325790762,33.9889716766292],[-78.6297109613197,33.988179770167],[-78.6294487457014,33.9878670076281],[-78.6295082062933,33.9876030385984],[-78.6292459934272,33.9872902753709],[-78.629424374735,33.9864983676549],[-78.6291621659194,33.9861856037976],[-78.6293405455516,33.9853936950968],[-78.6290783407863,33.9850809306096],[-78.6291378005077,33.9848169608336],[-78.62887559849452,33.9845041956576],[-78.6289350584624,33.9842402257917],[-78.6281484669882,33.9833019260424],[-78.6282079285006,33.9830379561455],[-78.6279457361975,33.9827251881552]]},"properties":{"segment_id":"94cff20932a74551f1deac2d","source_kmz":"waccamaw","orientation":"unverified"}},{"type":"Feature","geometry":{"type":"LineString","coordinates":[[-78.6279457361975,33.9827251881552],[-78.62637262654002,33.9808485651287],[-78.6264320921924,33.98058459531831],[-78.6261699152583,33.9802718223291],[-78.6262888466533,33.9797438824089],[-78.6260266731197,33.9794311087602],[-78.6260861388622,33.9791671386503],[-78.6264672407267,33.9789519716332],[-78.6274321527152,33.9790983758908],[-78.6278132505303,33.9788832044247],[-78.6279321686842,33.9783552618819],[-78.628313261489,33.9781400885662],[-78.6283727185084,33.9778761168476],[-78.6287538077566,33.9776609419505],[-78.6291105326992,33.9760771075215],[-78.6294916111223,33.9758619297024],[-78.6301348636783,33.9759595170205],[-78.6305159387009,33.9757443357979],[-78.6337849668923,33.9612256071774],[-78.6421663269962,33.9564909635197]]},"properties":{"segment_id":"4219cadc85134986f8dfbf91","source_kmz":"waccamaw","orientation":"unverified"}},{"type":"Feature","geometry":{"type":"LineString","coordinates":[[-78.6421663269962,33.9564909635197],[-78.6444519759275,33.95519958677131],[-78.6450458071628,33.9525597039327]]},"properties":{"segment_id":"9c08bc44afc7d9eaea13fbdc","source_kmz":"waccamaw","orientation":"unverified"}},{"type":"Feature","geometry":{"type":"LineString","coordinates":[[-78.6450458071628,33.9525597039327],[-78.6451051880763,33.9522957149899],[-78.6454861062293,33.9520804779856]]},"properties":{"segment_id":"9366e8cb1d833652cb3b00e2","source_kmz":"waccamaw","orientation":"unverified"}},{"type":"Feature","geometry":{"type":"LineString","coordinates":[[-78.6454861062293,33.9520804779856],[-78.6462479362305,33.951650000038],[-78.6463073123843,33.95138601017051],[-78.647069131074,33.9509555264347],[-78.6471285039209,33.9506915359109],[-78.6475094086609,33.9504762918053],[-78.6475687796536,33.95021230089341],[-78.6487114769068,33.9495665598944],[-78.6487708431403,33.9493025680578],[-78.6495326278966,33.9488720669574],[-78.6495919908234,33.9486080744644],[-78.6511155293086,33.9477470554362],[-78.6512935982505,33.9469550740186],[-78.6528170856845,33.9460940307657],[-78.6529951335842,33.9453020450498],[-78.6519464867795,33.9440511329211],[-78.6520058378725,33.9437871375562],[-78.6527675509381,33.9433566121166],[-78.6528268987251,33.94309261609521],[-78.6532077506538,33.9428773511378],[-78.6532670965872,33.94261335472811],[-78.65364794496251,33.9423980881897],[-78.65382597599701,33.9416060974359],[-78.6545876577314,33.9411755588107]]},"properties":{"segment_id":"595ee5bf67046ae0dd08b4b5","source_kmz":"waccamaw","orientation":"unverified"}},{"type":"Feature","geometry":{"type":"LineString","coordinates":[[-78.6545876577314,33.9411755588107],[-78.6561109959862,33.9403144658072],[-78.656170330149,33.9400504670395],[-78.6573128074221,33.939404632698],[-78.6576094504347,33.9380846330344],[-78.6579902647304,33.9378693509536],[-78.6580495906768,33.9376053503925],[-78.6591920166022,33.9369594954689],[-78.6593106585797,33.9364314923766],[-78.660453056885,33.9357856240289],[-78.6605716885462,33.9352576188465],[-78.6609524808758,33.9350423262353],[-78.6610117946527,33.9347783231957],[-78.6613332711045,33.9348270323114],[-78.6617140592322,33.9346117370749],[-78.6623570120412,33.9347091505295],[-78.6642609146738,33.9336326442141],[-78.6645574182318,33.9323126169421],[-78.6695072249196,33.9295135295111]]},"properties":{"segment_id":"f923a176ca06abf22dcfdff7","source_kmz":"waccamaw","orientation":"unverified"}},{"type":"Feature","geometry":{"type":"LineString","coordinates":[[-78.6695072249196,33.9295135295111],[-78.67026870212871,33.9290828809875],[-78.670980008487,33.9259147549853],[-78.6721221562969,33.9252687626977]]},"properties":{"segment_id":"ef8984eedb0651049d4561af","source_kmz":"waccamaw","orientation":"unverified"}},{"type":"Feature","geometry":{"type":"LineString","coordinates":[[-78.6721221562969,33.9252687626977],[-78.6736449906352,33.9244074212732],[-78.6738227777267,33.9236153814335],[-78.6745841735853,33.9231847012368],[-78.6746434322451,33.9229206871798],[-78.6757855059257,33.9222746562368],[-78.6758447598314,33.9220106412546],[-78.6762254454061,33.9217952947138],[-78.68072553646911,33.9224765604931],[-78.6811062108504,33.922261198023],[-78.6823919629827,33.9224558089544],[-78.6835339657277,33.9218097011419],[-78.6844982781873,33.9219556405354],[-78.6902079790953,33.918724877342],[-78.6902671815265,33.9184608537672],[-78.6906478099983,33.9182454587887],[-78.6907070105783,33.9179814348254],[-78.6967967572481,33.9145349324327]]},"properties":{"segment_id":"a89dfb88e401e39c13163396","source_kmz":"waccamaw","orientation":"unverified"}},{"type":"Feature","geometry":{"type":"LineString","coordinates":[[-78.6967967572481,33.9145349324327],[-78.7006025758581,33.912380697872],[-78.7028524465171,33.912720882779],[-78.7032330122755,33.91250544480041],[-78.703875834765,33.9126026303363],[-78.705449431864,33.91447836415611],[-78.7060922733583,33.9145755371282],[-78.7066168283307,33.9152007729747],[-78.707581102275,33.9153465212225],[-78.7098644638137,33.9140537847272],[-78.7101009910462,33.9129976431231],[-78.7104815381492,33.9127821813771]]},"properties":{"segment_id":"389aaf40f5eb07aee8101b0e","source_kmz":"waccamaw","orientation":"unverified"}},{"type":"Feature","geometry":{"type":"LineString","coordinates":[[-78.7104815381492,33.9127821813771],[-78.7120037055558,33.9119203212749],[-78.7132893643294,33.9121145914373],[-78.7144309600238,33.9114681700622],[-78.7145491896346,33.9109400930683],[-78.714286893649,33.91062749176861],[-78.7146415767873,33.9090432580621],[-78.7143792868045,33.908730656205],[-78.714793070159,33.9068823782608],[-78.7151735745058,33.9066668993764],[-78.7152326833643,33.9064028589204],[-78.7156131841608,33.9061873784563],[-78.7159345768983,33.9062359376726],[-78.7166955708895,33.9058049707219],[-78.7169578603176,33.9061175685104],[-78.7166623422791,33.9074377744813],[-78.7169246370596,33.9077503716846],[-78.7172460370469,33.90779892715901],[-78.7176265390904,33.9075834404615],[-78.7176856403471,33.9073193990652],[-78.7180661388402,33.907103910788],[-78.7181843372543,33.9065758270983],[-78.7185648307472,33.9063603369734],[-78.718801216979,33.9053041670768],[-78.719181702572,33.9050886745681],[-78.7192407966808,33.9048246315249],[-78.7200017586662,33.90439364203651],[-78.7200608494756,33.9041295983367],[-78.7204413258681,33.9039141013571],[-78.72017902989562,33.9036015105758],[-78.7202381195061,33.9033374665146],[-78.7197135351628,33.9027122828424],[-78.7197726256745,33.90244823871501],[-78.7195103373036,33.902135645824],[-78.7199239642483,33.9002873337476],[-78.7196616825304,33.8999747403247],[-78.7204225949269,33.8995437453603],[-78.7217080708531,33.8997379250704],[-78.722468969646,33.89930691651151]]},"properties":{"segment_id":"083ca14d846db089c35afe5a","source_kmz":"waccamaw","orientation":"unverified"}},{"type":"Feature","geometry":{"type":"LineString","coordinates":[[-78.722468969646,33.89930691651151],[-78.7228494158924,33.8990914102646],[-78.723085722164,33.8980352216695],[-78.7234661605121,33.8978197130388],[-78.7235843083516,33.8972916174818],[-78.7233220220429,33.8969790311455],[-78.7235583155294,33.8959228386924],[-78.72393874228162,33.895707327917]]},"properties":{"segment_id":"de99b51743561a3f3f86178b","source_kmz":"waccamaw","orientation":"unverified"}},{"type":"Feature","geometry":{"type":"LineString","coordinates":[[-78.86123267171011,33.8997103387747],[-78.8616127365286,33.8994943764437]]},"properties":{"segment_id":"154dd394174341d6a0f562da","source_kmz":"waccamaw","orientation":"unverified"}},{"type":"Feature","geometry":{"type":"LineString","coordinates":[[-78.72393874228162,33.895707327917],[-78.724319166934,33.89549181583011],[-78.7243782364079,33.8952277668791],[-78.724758657511,33.8950122532125],[-78.72481772513612,33.8947482038729],[-78.7251981426898,33.8945326886267],[-78.72525720846612,33.8942686388983],[-78.7256376224707,33.8940531220725],[-78.7256966863981,33.8937890719554],[-78.72721831562092,33.8929269904646],[-78.7278610067711,33.893024045181],[-78.7282414075263,33.8928085194428],[-78.728536674441,33.8914882588708],[-78.7300582274794,33.8906261374416],[-78.7303205194139,33.8909387110774],[-78.7309631980556,33.89103574880511],[-78.7317239609714,33.8906046744982],[-78.7319601215339,33.8895484561481],[-78.7316978277063,33.8892358856667],[-78.7318159068931,33.888707775821],[-78.7337438981042,33.8889988541668],[-78.7341242630158,33.8887833079531],[-78.7341832942623,33.8885192516967],[-78.7387474920393,33.8859325916318],[-78.7393376086812,33.8832919902603],[-78.7397179303603,33.8830764240507],[-78.7413244973933,33.8833188835713],[-78.7415868098757,33.8836314346203],[-78.7422294423793,33.8837284106603],[-78.7429900719242,33.8832972581529],[-78.74363270342042,33.8833942264367],[-78.7438950253931,33.8837067722191],[-78.7442753365125,33.8834911911371],[-78.7443343294376,33.8832271278848],[-78.7447146370086,33.8830115452236],[-78.7448326187648,33.8824834178208],[-78.745212921339,33.8822678333124],[-78.7453898866355,33.8814756404983],[-78.74615047679362,33.8810444659397],[-78.74620946153081,33.8807804008907],[-78.7465897520121,33.8805648113767]]},"properties":{"segment_id":"6717f7a0906c5100557e3839","source_kmz":"waccamaw","orientation":"unverified"}},{"type":"Feature","geometry":{"type":"LineString","coordinates":[[-78.8216134461732,33.8896741475408],[-78.8219348366628,33.8897224132484],[-78.82219749318521,33.89003477873],[-78.8225188855199,33.8900830427918],[-78.82409487746791,33.8919572159967],[-78.8253804855288,33.8921502452935],[-78.8256431639998,33.8924626019648],[-78.827250190253,33.8927038646731],[-78.827512878065,33.8930162168734],[-78.8332982808495,33.8938845636102],[-78.8335609968252,33.894196901594],[-78.8338824133113,33.8942451338154],[-78.8341451328365,33.8945574703262],[-78.8347879698957,33.8946539305809],[-78.83583888059661,33.8959032633936],[-78.86123267171011,33.8997103387747]]},"properties":{"segment_id":"11067052894ca48ceabddc56","source_kmz":"waccamaw","orientation":"unverified"}},{"type":"Feature","geometry":{"type":"LineString","coordinates":[[-78.7465897520121,33.8805648113767],[-78.74723236549431,33.8806617600007],[-78.7474946926942,33.8809742987276],[-78.7478160014822,33.8810227709471],[-78.7481962887089,33.8808071762176],[-78.74825526635,33.8805431100436],[-78.7486355500287,33.8803275137349],[-78.7486945258225,33.8800634471721],[-78.7502156337486,33.8792010477543],[-78.7508582405104,33.8792979764],[-78.7511205776388,33.8796105074555],[-78.7536910322228,33.8799981802141],[-78.7544515621632,33.8795669502275],[-78.75573679381482,33.8797607567614],[-78.7561170530311,33.8795451356294],[-78.7567596699464,33.879642031435],[-78.7570220318444,33.8799545489612],[-78.8216134461732,33.8896741475408]]},"properties":{"segment_id":"09bc6c7c3dd1f301dbecea69","source_kmz":"waccamaw","orientation":"unverified"}},{"type":"Feature","geometry":{"type":"LineString","coordinates":[[-78.8616127365286,33.8994943764437],[-78.8622556481373,33.8995906834081],[-78.8630157688483,33.899158750647],[-78.8633372239379,33.899206900699],[-78.863717280485,33.8989909313117],[-78.8640387353163,33.8990390794245],[-78.8644187891063,33.8988231076852],[-78.8650616986486,33.8989193991361],[-78.8654417490266,33.898703424002],[-78.8673704832383,33.8989922705842],[-78.8677505275848,33.8987762878843],[-78.8683934408498,33.8988725608216],[-78.8687734817841,33.8986565747269],[-78.8694163953247,33.8987528419931],[-78.870176468266,33.8983208617053],[-78.870819380772,33.8984171212148],[-78.8711994127791,33.8982011270217],[-78.8718423255603,33.89829738086],[-78.87222235415481,33.8980813832723],[-78.8725438104848,33.8981295078041],[-78.8729238363219,33.8979135078646],[-78.8732452923931,33.8979616304573],[-78.8736253154726,33.89774562816591],[-78.8739467712849,33.8977937488194],[-78.8743267916069,33.8975777441762],[-78.8746482471604,33.8976258628906],[-78.8750282647248,33.8974098558956],[-78.8756711757102,33.8975060885498],[-78.8760511898619,33.8972900781603],[-78.8766941011217,33.89738630514351],[-78.87707411186071,33.8971702913595],[-78.8773955674297,33.8972184024638],[-78.8781555812897,33.8967863688834],[-78.8784770359445,33.8968344770059],[-78.8788570390655,33.8966184572095],[-78.8791784934612,33.8966665633929],[-78.8795584938245,33.8964505412448],[-78.8798799479611,33.89649864548911],[-78.8817799149638,33.8954185099006],[-78.8821013662202,33.8954666080352],[-78.8843812533089,33.8941703958775],[-78.8854932015206,33.8891518905656],[-78.886633034199,33.8885037516351],[-78.8866915494894,33.8882396177756],[-78.8870714880642,33.8880235685813],[-78.8945579935858,33.8542134062977]]},"properties":{"segment_id":"4e4396a3074ea5112c82063e","source_kmz":"waccamaw","orientation":"unverified"}},{"type":"Feature","geometry":{"type":"LineString","coordinates":[[-78.8945579935858,33.8542134062977],[-78.8946749188233,33.85368510683171],[-78.8950546672874,33.8534690216788],[-78.8951715880527,33.8529407211961],[-78.8959310728975,33.8525085458975],[-78.89598952979631,33.8522443949415],[-78.8967490033484,33.8518122138749],[-78.8968659101784,33.8512839105335],[-78.897245640913,33.8510678175038]]},"properties":{"segment_id":"fb55362d545c056fe0c51fdf","source_kmz":"waccamaw","orientation":"unverified"}},{"type":"Feature","geometry":{"type":"LineString","coordinates":[[-78.897245640913,33.8510678175038],[-78.8976253695472,33.85085172316551],[-78.8980345107676,33.8490026539291],[-78.898414227184,33.8487865564151],[-78.8984726729037,33.8485224029168],[-78.8992320965451,33.8480902034296],[-78.8992905389792,33.8478260492769],[-78.90308751671992,33.8456649706601],[-78.9032627982959,33.8448724994746],[-78.9040221599711,33.84444026644861],[-78.9041390065997,33.8439119506533],[-78.9045186813969,33.843695831644],[-78.90481078383121,33.8423750387051],[-78.9051904493033,33.8421589170537],[-78.9062419103059,33.8374040326229]]},"properties":{"segment_id":"cc6dee08e22c9f71f9483f7a","source_kmz":"waccamaw","orientation":"unverified"}},{"type":"Feature","geometry":{"type":"LineString","coordinates":[[-78.9062419103059,33.8374040326229],[-78.9157322144946,33.8320004460675],[-78.9160534257824,33.8320484538081],[-78.9171921721317,33.8313999653473],[-78.9175133818483,33.8314479690674],[-78.9182725342724,33.8310156348026],[-78.918593743073,33.8310636355438],[-78.9189733154802,33.8308474654076],[-78.9212217835437,33.8311834382199],[-78.9216013492639,33.8309672594851],[-78.9219225599099,33.831015250976],[-78.92306124250621,33.830366703798],[-78.9253097143083,33.8307025972777],[-78.9256892663861,33.8304864049785],[-78.9266529011079,33.8306303427637],[-78.9274119950312,33.8301979479924],[-78.9296604806728,33.8305337568866],[-78.9311786249655,33.82966892248731]]},"properties":{"segment_id":"6369fcf59693f5e540898035","source_kmz":"waccamaw","orientation":"unverified"}},{"type":"Feature","geometry":{"type":"LineString","coordinates":[[-78.977794151469,33.843986965019],[-78.9796914871629,33.8429051474956],[-78.979749653718,33.8426409509595],[-78.9805085703984,33.8422082142675],[-78.9806830590402,33.8414156223391],[-78.9810625098968,33.8411992512345],[-78.981295150138,33.8401424592422],[-78.9816745931179,33.8399260857668],[-78.9819072212918,33.838869290778],[-78.9864603038612,33.8362726943487],[-78.9916007063059,33.8370375604552],[-78.9919801056758,33.8368211522634]]},"properties":{"segment_id":"c37c79164070555ab42b9ec6","source_kmz":"waccamaw","orientation":"unverified"}},{"type":"Feature","geometry":{"type":"LineString","coordinates":[[-78.9919801056758,33.8368211522634],[-78.9927388981121,33.8363883319589]]},"properties":{"segment_id":"f6bfc5dd13cf26a4e89c3e95","source_kmz":"waccamaw","orientation":"unverified"}},{"type":"Feature","geometry":{"type":"LineString","coordinates":[[-78.9311786249655,33.82966892248731],[-78.9319376845131,33.8292364974395],[-78.9322588943909,33.8292844603065],[-78.9345360187048,33.8279871475229],[-78.9354996389007,33.8281310120032],[-78.9358791503032,33.827914785504],[-78.9368427720791,33.8280586387968],[-78.9372222794145,33.8278424078655],[-78.9378646945906,33.8279383034984],[-78.9382441985146,33.8277220691765],[-78.9520564777785,33.829782913664],[-78.954423327641,33.8325917343605],[-78.9547445650982,33.8326396345084],[-78.9557965587541,33.8338879773716],[-78.9561178023809,33.8339358736205],[-78.9566438146993,33.8345600391919],[-78.9569650616078,33.8346079330432],[-78.9572280723617,33.8349200139884],[-78.9575493211078,33.8349679061929],[-78.9586013909046,33.8362162197061],[-78.9679179432829,33.837604616741],[-78.9697594394329,33.839788984994],[-78.9704019927028,33.8398846982212],[-78.9711912455168,33.8408208406396],[-78.9715125270739,33.8408686936561],[-78.97177561699141,33.8411807389248],[-78.9724181841741,33.8412764407672],[-78.9726812790806,33.8415884838074],[-78.9733238507252,33.8416841805632],[-78.97463937121542,33.8432443773554],[-78.9756032532933,33.8433879045027],[-78.9758663680272,33.8436999394283],[-78.977794151469,33.843986965019]]},"properties":{"segment_id":"32ee0f9783626b46a241c8f2","source_kmz":"waccamaw","orientation":"unverified"}},{"type":"Feature","geometry":{"type":"LineString","coordinates":[[-78.9927388981121,33.8363883319589],[-78.9938770710076,33.8357390916993],[-78.9939351842734,33.8354748855435],[-78.9934088680132,33.834850890517],[-78.9934669822014,33.83458668428861],[-78.9942257447088,33.8341538529519],[-78.9948682815902,33.8342494308497],[-78.9952476583769,33.8340330111385],[-79.0013518246259,33.8349408025975],[-79.0021105469005,33.8345079196911],[-79.0021686314167,33.8342437089689],[-79.0029273423997,33.8338108203035],[-79.0031596649906,33.83275397408],[-79.0026332934079,33.8321300188404],[-79.0028656149787,33.8310731708753],[-79.0026024349705,33.8307611922607],[-79.002776673999,33.8299685550895],[-79.0035353401142,33.8295356600014],[-79.0044991061483,33.8296789487261],[-79.0048784340809,33.8294624960987],[-79.0141950021469,33.8308471744236],[-79.0165641169194,33.8336547178014],[-79.0175279576249,33.8337978970812],[-79.0182865791967,33.83336490732421],[-79.0183446081779,33.8331006880786],[-79.019861820332,33.8322346918231],[-79.0208256495659,33.8323778438642],[-79.0212049453757,33.8321613384109],[-79.0221687761649,33.8323044792629],[-79.0224320394682,33.8326164126746],[-79.0227533186255,33.832664123748],[-79.02327985442241,33.8332879868857],[-79.024038439177,33.832854959079],[-79.0244444950416,33.8310054003682],[-79.0248237741661,33.8307888826463],[-79.025145047271,33.8308365871844],[-79.0259348642872,33.8317723666982],[-79.0258188592254,33.8323008136121],[-79.02687198327,33.8335485096351],[-79.0287997033463,33.8338346882141],[-79.0290629982691,33.8341466058914],[-79.029384287764,33.8341942984327],[-79.0299108868005,33.83481813010121],[-79.0302321795734,33.834865820243],[-79.0307587899027,33.8354896474977],[-79.03140138239671,33.8355850220861],[-79.0316646936,33.8358969331187],[-79.0319859918781,33.8359446183169],[-79.0322493066261,33.8362565278703],[-79.0325706067393,33.8363042114205],[-79.0330972454269,33.836928026841],[-79.0375955285795,33.837595481384],[-79.0436636710428,33.8341303804392]]},"properties":{"segment_id":"444cf21791595a464b81162e","source_kmz":"waccamaw","orientation":"unverified"}},{"type":"Feature","geometry":{"type":"LineString","coordinates":[[-79.0436636710428,33.8341303804392],[-79.0443010307929,33.8312238249413],[-79.0440376849062,33.8309119407904],[-79.0441535647223,33.83038347463231],[-79.0438902222555,33.830071589801],[-79.0445275404838,33.8271650175557]]},"properties":{"segment_id":"9a787afcfbf9d32748a860a6","source_kmz":"waccamaw","orientation":"unverified"}},{"type":"Feature","geometry":{"type":"LineString","coordinates":[[-79.0445275404838,33.8271650175557],[-79.0449067453317,33.8269484328269],[-79.0450226133958,33.8264199630445],[-79.0454018132572,33.8262033764787],[-79.0459811156525,33.8235610176615],[-79.0457177888788,33.8232491341978],[-79.0457757176232,33.8229848976749],[-79.0452490716979,33.8223611286105],[-79.0454228595353,33.8215684184576],[-79.0451595417015,33.8212565329039],[-79.0452174708563,33.820992295968],[-79.0444275319391,33.8200566350089]]},"properties":{"segment_id":"fac97cad053e2ae2fd4c561e","source_kmz":"waccamaw","orientation":"unverified"}},{"type":"Feature","geometry":{"type":"LineString","coordinates":[[-79.0444275319391,33.8200566350089],[-79.0441642231689,33.8197447465662],[-79.0443380161909,33.8189520353151],[-79.0440747114986,33.8186401462148],[-79.0444802194548,33.8167904825589],[-79.0448593741085,33.8165738950284],[-79.04538070030631,33.8141957449389],[-79.0461389773542,33.8137625611804],[-79.04619689764552,33.8134983211453],[-79.04733429313531,33.8128485349151],[-79.0474501238916,33.8123200528885],[-79.0478292486361,33.8121034543352],[-79.0478871619851,33.8118392128747],[-79.0490245192884,33.8111894085819],[-79.0490824279204,33.8109251662037],[-79.0524943734144,33.8089756804091],[-79.0525522686791,33.8087114355201],[-79.05293136178871,33.8084948191918],[-79.0529892552204,33.8082305739161],[-79.0533683447877,33.8080139560163],[-79.0537156885099,33.806428480225],[-79.0540947673268,33.806211859426],[-79.0542105425539,33.8056833659951],[-79.0545896163872,33.8054667433592],[-79.0548790403998,33.8041455063333],[-79.055258104925,33.8039288810637],[-79.0557211514684,33.8018148933944]]},"properties":{"segment_id":"d6f4bd5893cb89b4e5030fc8","source_kmz":"waccamaw","orientation":"unverified"}},{"type":"Feature","geometry":{"type":"LineString","coordinates":[[-79.0557211514684,33.8018148933944],[-79.0557790305258,33.8015506443902],[-79.0555157387976,33.8012387742087],[-79.0556893755994,33.8004460265375],[-79.0538464061462,33.7982629153474],[-79.0540200532639,33.7974701670676],[-79.0537567822906,33.7971582911946],[-79.0540461896235,33.7958370417496],[-79.0535196605653,33.7952132880466],[-79.05319851652561,33.795165660165],[-79.05188223783492,33.7936062593961],[-79.0540816291056,33.7835646759605],[-79.0555974844396,33.7826981539173],[-79.0559185787464,33.7827457759148],[-79.0589501833776,33.7810126608256],[-79.0590080361309,33.7807484029262],[-79.0593869758223,33.7805317573979],[-79.05944482674411,33.780267499111],[-79.0598237628957,33.7800508520111],[-79.059997308994,33.7792580756233],[-79.0611340918889,33.7786081240965],[-79.0615389888544,33.7767583026851],[-79.060749301435,33.7758226986236],[-79.0615590655789,33.7721230388522],[-79.0619379564202,33.7719063824712]]},"properties":{"segment_id":"42afc5cbc97a355f5393586a","source_kmz":"waccamaw","orientation":"unverified"}},{"type":"Feature","geometry":{"type":"LineString","coordinates":[[-79.0619379564202,33.7719063824712],[-79.0620536278789,33.771377857167],[-79.061790412694,33.7710659888201],[-79.0630048824758,33.7655164441761],[-79.0637625900557,33.7650831168127],[-79.064051709732,33.7637617860791],[-79.065567070912,33.7628951103646],[-79.0659717817369,33.7610452347701]]},"properties":{"segment_id":"ad5a9a8a8e9fcf92a65a0e08","source_kmz":"waccamaw","orientation":"unverified"}},{"type":"Feature","geometry":{"type":"LineString","coordinates":[[-79.0659717817369,33.7610452347701],[-79.0671082503532,33.7603952086893],[-79.067512911806,33.7585453215335],[-79.0672497180324,33.758233460308],[-79.0673653333928,33.7577049200668],[-79.0671021430346,33.7573930581556],[-79.0671599507875,33.757128787874],[-79.0668967631861,33.7568169252551],[-79.0671279929269,33.7557598429961],[-79.0674489836947,33.7558074346353],[-79.0678277792138,33.755590754221],[-79.0679433867641,33.7550622115393],[-79.06826437516571,33.7551098009553],[-79.0690219528346,33.7546764330666],[-79.069137550967,33.7541478885445],[-79.0688743655101,33.7538360291955],[-79.0689899633979,33.753307484229],[-79.06872678135612,33.7529956241939],[-79.0689579750806,33.7519385328832],[-79.068168449445,33.7510029486615],[-79.0678474779493,33.75095535871811],[-79.0675843083724,33.75064349509961],[-79.0676421095104,33.750379222198],[-79.0673789426898,33.7500673578715],[-79.0674367440958,33.7498030848695],[-79.0671735800314,33.749491219835],[-79.0674047843846,33.7484341266927]]},"properties":{"segment_id":"0e0970898c397bcbb748b5f3","source_kmz":"waccamaw","orientation":"unverified"}},{"type":"Feature","geometry":{"type":"LineString","coordinates":[[-79.0674047843846,33.7484341266927],[-79.0675203842187,33.7479055793885],[-79.066994070284,33.7472818473912],[-79.06710967119,33.7467532996853],[-79.0668465186859,33.7464414326353],[-79.0669043192116,33.7461771586208],[-79.0666411694634,33.7458652908627],[-79.0666989702571,33.7456010167476],[-79.0664358232648,33.7452891482814],[-79.06649362432641,33.7450248740658],[-79.064914790369,33.7431536480703],[-79.06497259498991,33.7428893738626],[-79.0626044915481,33.7400824857951],[-79.0616417227552,33.7399396647783],[-79.0613786149537,33.7396277824222],[-79.0610576942427,33.7395801728741],[-79.0607945899774,33.7392682890365]]},"properties":{"segment_id":"b898504c4a8c8efbae0fd322","source_kmz":"waccamaw","orientation":"unverified"}},{"type":"Feature","geometry":{"type":"LineString","coordinates":[[-79.044475619218,33.7305702039033],[-79.0440968801537,33.7307868149203],[-79.0434551326591,33.7306914976868],[-79.0426661262354,33.7297557124746],[-79.04330267306621,33.7268487599958]]},"properties":{"segment_id":"bdb50954f85fe0bd9e3d1c37","source_kmz":"waccamaw","orientation":"unverified"}},{"type":"Feature","geometry":{"type":"LineString","coordinates":[[-79.0607945899774,33.7392682890365],[-79.0602683877379,33.7386445191717],[-79.0596265561215,33.7385492928802],[-79.0533128525451,33.73106379069511],[-79.05299197185661,33.7310161581716],[-79.0519398110956,33.7297685305923],[-79.051618936553,33.729720894168],[-79.0500407669366,33.7278494263926],[-79.0497199014172,33.7278017845649],[-79.0494568819237,33.7274898699628],[-79.0484942920255,33.7273469368538],[-79.0482312789446,33.7270350192678],[-79.04791041786521,33.7269873723562],[-79.0476474083192,33.726675453289],[-79.0470056902098,33.7265801552773],[-79.0462482626021,33.7270133949303],[-79.0461904064857,33.7272776653693],[-79.0458116880988,33.7274942829703],[-79.0455223944621,33.7288156319933],[-79.04578540273121,33.7291275550096],[-79.045611823833,33.7299203630166],[-79.044475619218,33.7305702039033]]},"properties":{"segment_id":"10027e8a2544a7f23d4070e0","source_kmz":"waccamaw","orientation":"unverified"}},{"type":"Feature","geometry":{"type":"LineString","coordinates":[[-79.04330267306621,33.7268487599958],[-79.0436813952733,33.7266321504427],[-79.0437971231034,33.72610361150101],[-79.0441758403367,33.7258870001086],[-79.0453908579872,33.7203373059945],[-79.0472842616581,33.7192542014405],[-79.0476050906592,33.7193018505877],[-79.0479837644487,33.71908522472],[-79.0502295737901,33.7194187364094],[-79.0513655687786,33.7187688291483],[-79.0524643167879,33.7137475632017],[-79.05167537344461,33.7128118183243],[-79.0518488530045,33.7120189829955],[-79.0515858780531,33.7117070666388],[-79.0525110535505,33.7074785932077],[-79.0528896565811,33.7072619477954],[-79.0529474752936,33.7069976668943],[-79.053326074791,33.7067810199095],[-79.0534417081693,33.7062524572048],[-79.0538203026956,33.7060358083806],[-79.0538781173613,33.7057715265769],[-79.0546352972527,33.7053382244776],[-79.0553290082923,33.7021668268363],[-79.0545401473999,33.7012310869717],[-79.0546557643866,33.7007025191004],[-79.05412987022872,33.7000786889544],[-79.0541876794512,33.6998144048756],[-79.0539247361717,33.6995024887275],[-79.0543032967254,33.6992858363488],[-79.0546240481798,33.6993334672562],[-79.0550026059814,33.6991168125328],[-79.0551182167247,33.6985882426922],[-79.0554967695563,33.6983715861294],[-79.0558175179917,33.6984192137764],[-79.0565746160559,33.6979858946558],[-79.056748013164,33.6971930361383],[-79.0564850684883,33.6968811247253],[-79.0566584640567,33.6960882651617],[-79.0561325849328,33.6954644402676],[-79.0554911122746,33.6953691854515],[-79.0544393906623,33.6941215208855],[-79.0548179237793,33.6939048652459],[-79.0551386535064,33.6939524950677],[-79.0558957121425,33.6935191777938],[-79.0561269034841,33.6924620278508],[-79.0565054239108,33.6922453661874]]},"properties":{"segment_id":"2f71f3cf38c17f74e6b6b8f5","source_kmz":"waccamaw","orientation":"unverified"}},{"type":"Feature","geometry":{"type":"LineString","coordinates":[[-79.0565054239108,33.6922453661874],[-79.057640972624,33.6915953733633],[-79.0576987637347,33.6913310845017],[-79.05807727434622,33.6911144173487],[-79.05825064102622,33.6903215492237],[-79.0586291452314,33.6901048799641],[-79.0588025040893,33.689312009929],[-79.0591810018884,33.6890953385629],[-79.0592965696359,33.6885667573893],[-79.0596750624662,33.6883500841836],[-79.0600795272372,33.686500044324],[-79.0608364864953,33.686066690258],[-79.0608942627428,33.6858023978223],[-79.0612727377935,33.6855857185639],[-79.06161937846781,33.6839999597582],[-79.0613564586854,33.6836880538974],[-79.0614142314236,33.6834237603518],[-79.0617926935412,33.6832070786903],[-79.06211338370042,33.6832546898029],[-79.0624918430668,33.6830380057973],[-79.0637746049738,33.6832284371442],[-79.0660453014227,33.681928280768]]},"properties":{"segment_id":"05a3b585d6a8bbb876bb8dda","source_kmz":"waccamaw","orientation":"unverified"}},{"type":"Feature","geometry":{"type":"LineString","coordinates":[[-79.0660453014227,33.681928280768],[-79.0675590571732,33.6810614837399],[-79.0680787919781,33.67868280097801],[-79.0684572127499,33.6784660960544],[-79.0690346444774,33.6758231008129],[-79.0674571447069,33.6739517354332],[-79.0675148896796,33.6736874353506],[-79.0672519810364,33.67337553858141],[-79.06765618953521,33.6715254346843],[-79.0666045942981,33.6702778408557],[-79.0662839545348,33.6702302413976],[-79.0660210623957,33.669918340361],[-79.0657004244585,33.669870739257],[-79.0643860023464,33.6683112193484],[-79.064443753523,33.6680469187843],[-79.0641808760377,33.6677350126287],[-79.0644696293604,33.6664135080538]]},"properties":{"segment_id":"218ed0e180e97c4c60899855","source_kmz":"waccamaw","orientation":"unverified"}},{"type":"Feature","geometry":{"type":"LineString","coordinates":[[-79.0644696293604,33.6664135080538],[-79.067118185818,33.6648966038834],[-79.0693625230803,33.6652297674678],[-79.0731459512445,33.6630625778675],[-79.0744284119647,33.6632528958434],[-79.07783329468322,33.6613022762184]]},"properties":{"segment_id":"863ef409aef295d5cd005b74","source_kmz":"waccamaw","orientation":"unverified"}},{"type":"Feature","geometry":{"type":"LineString","coordinates":[[-79.07783329468322,33.6613022762184],[-79.0801031223015,33.6600018043967],[-79.0807443352802,33.6600969268705],[-79.0818792168876,33.6594466671097]]},"properties":{"segment_id":"0d6b1a611c9c491f0864a93a","source_kmz":"waccamaw","orientation":"unverified"}},{"type":"Feature","geometry":{"type":"LineString","coordinates":[[-79.0818792168876,33.6594466671097],[-79.0845272007112,33.6579293486523],[-79.0858096050435,33.658119541338],[-79.0865661477525,33.6576860017273],[-79.0868867484934,33.6577335455856],[-79.0872650160507,33.6575167727845],[-79.0875856165233,33.65756431471],[-79.0879638813299,33.6573475395657],[-79.0886050821272,33.6574426186564],[-79.0912528679603,33.6559251415703],[-79.091310519374,33.6556608231156],[-79.0924452490276,33.6550104554158],[-79.0925028957458,33.6547461360362],[-79.0936376022551,33.65409575579],[-79.0937528859121,33.6535671150573],[-79.0941311143582,33.65335031849771],[-79.0952262042482,33.648328201762],[-79.0949632703979,33.64801635746211],[-79.0950209034771,33.6477520343095],[-79.0947579723771,33.6474401892967],[-79.094815605725,33.6471758660395],[-79.09428975111831,33.6465521738561],[-79.0944050192778,33.6460235270472],[-79.0941420964285,33.6457116798958],[-79.0950641962387,33.6414824878846],[-79.09480128600161,33.6411706403086],[-79.09537755441882,33.6385273793743],[-79.0951146528483,33.6382155312574],[-79.0958637522247,33.6347792737443],[-79.0956008612924,33.6344674251428],[-79.0980206072493,33.6233655274888],[-79.0972320298219,33.6224299796674]]},"properties":{"segment_id":"279be3342e25b73db0657c75","source_kmz":"waccamaw","orientation":"unverified"}},{"type":"Feature","geometry":{"type":"LineString","coordinates":[[-79.0972320298219,33.6224299796674],[-79.0919753279754,33.6161928256771],[-79.0920329477335,33.6159284925387],[-79.0915073248678,33.6153047610579],[-79.09156494555111,33.6150404278322],[-79.0907765289055,33.6141048251715],[-79.0920441289915,33.608289463927],[-79.0917813420751,33.607977595315],[-79.0918965704358,33.6074489231581],[-79.0916337869235,33.6071370538501],[-79.0917490150439,33.6066083812316],[-79.0914862349357,33.6062965112274],[-79.0926960501798,33.6007454190126],[-79.0945859121228,33.5996613622915],[-79.0953922601215,33.5959605848501],[-79.0965260920048,33.595310123914],[-79.0990596440001,33.58367891443361],[-79.0994375207287,33.5834620797284],[-79.1020853649416,33.5713019077927]]},"properties":{"segment_id":"c5bb8d00678373f82cfe704e","source_kmz":"waccamaw","orientation":"unverified"}}]}