{"type":"FeatureCollection","features":[{"type":"Feature","geometry":{"type":"LineString","coordinates":[[-82.5533543127131,29.0679522878513],[-82.5533977174972,29.0676840636971],[-82.5527882974674,29.0676076472335],[-82.5525269952472,29.0673012136504],[-82.5519175788019,29.0672247922],[-82.55165628096711,29.06691835622191],[-82.5452575014727,29.0661157063463],[-82.5449962314991,29.0658092534162],[-82.5446915320122,29.065771021728],[-82.54443026518841,29.0654645671692],[-82.5441255672156,29.0654263338514],[-82.5436030417815,29.0648134206138],[-82.5432983465585,29.0647751849002],[-82.5430370879482,29.0644687262215],[-82.5427323942393,29.0644304888782],[-82.5419486335997,29.0635111053685],[-82.5410345652644,29.0633963812624],[-82.5407733192527,29.0630899160692],[-82.5404686316002,29.0630516722073],[-82.5402073887382,29.0627452053855],[-82.5399027025999,29.06270695989402],[-82.5391189892041,29.061787551955],[-82.5388143070511,29.0617493033018]]},"properties":{"segment_id":"9219261dd73d6197f6878bad","source_kmz":"withlacoochee","orientation":"unverified"}},{"type":"Feature","geometry":{"type":"LineString","coordinates":[[-82.5221453534941,29.0725183658038],[-82.5224935735122,29.0722884518033],[-82.5237124274802,29.0724416215297],[-82.52423485481171,29.0730546195663],[-82.52453957147341,29.0730929083071],[-82.5252360012171,29.0726330642571],[-82.5252794985904,29.0723648544962],[-82.529850247282,29.0729390516771],[-82.5308948433107,29.0722492320814],[-82.5311995600862,29.0722875021013],[-82.5317647532766,29.0688007259141],[-82.5312422973344,29.0681877579243],[-82.5315904743216,29.06795781214481],[-82.5318078443759,29.0666167332385],[-82.5321560132699,29.0663867847495],[-82.5322429568686,29.0658503512471],[-82.53259112137691,29.0656204009228],[-82.5335052024306,29.0657351958948],[-82.5338533629901,29.0655052414349],[-82.5344627503963,29.0655817651764],[-82.534810907685,29.0653518075418],[-82.53542029484942,29.065428325907],[-82.5368128994373,29.0645084751563],[-82.5368563554695,29.0642402553919],[-82.5379007851061,29.0635503533043],[-82.5380745916205,29.062477468811],[-82.5384227260623,29.0622474977781],[-82.5385096251767,29.0617110537851],[-82.5388143070511,29.0617493033018]]},"properties":{"segment_id":"40493b3e7dab798a12dac883","source_kmz":"withlacoochee","orientation":"unverified"}},{"type":"Feature","geometry":{"type":"LineString","coordinates":[[-82.5388143070511,29.0617493033018],[-82.5388577552334,29.06148108091701],[-82.5359843078705,29.058109842571],[-82.5356796405438,29.05807158472532],[-82.53385121234571,29.0559261915301],[-82.5338946734149,29.0556579673114],[-82.53284990211381,29.0544320089803],[-82.5328933656168,29.0541637841812],[-82.5321098092673,29.0532443060863],[-82.5326313739779,29.0500255898792],[-82.5333275672534,29.0495656676165]]},"properties":{"segment_id":"23a70f321b1db7e450a6980a","source_kmz":"withlacoochee","orientation":"unverified"}},{"type":"Feature","geometry":{"type":"LineString","coordinates":[[-82.5167473332094,29.0578819570767],[-82.516834366765,29.0573455248014],[-82.5163120917494,29.0567324673451],[-82.5160074384404,29.0566941538476],[-82.5157463050385,29.0563876230602],[-82.5145276995355,29.0562343573725],[-82.513744325639,29.0553147506469],[-82.5138313757775,29.0547783174138],[-82.5135702563273,29.0544717799211],[-82.5142231069522,29.05044850447471],[-82.5139619995787,29.0501419646716],[-82.5153545856203,29.0492223562599],[-82.5153981024984,29.0489541350799],[-82.5171387858287,29.0478045949197],[-82.5174434072904,29.0478429060602],[-82.51779153753971,29.047612993309],[-82.5333275672534,29.0495656676165]]},"properties":{"segment_id":"e612c3e269584f2ba10b9eb3","source_kmz":"withlacoochee","orientation":"unverified"}},{"type":"Feature","geometry":{"type":"LineString","coordinates":[[-82.5333275672534,29.0495656676165],[-82.535416101161,29.0481858707689]]},"properties":{"segment_id":"84bdbd77725489b6d50ff548","source_kmz":"withlacoochee","orientation":"unverified"}},{"type":"Feature","geometry":{"type":"LineString","coordinates":[[-82.6246518039561,29.0672904122551],[-82.62482450559511,29.0662173983788],[-82.6245629439214,29.0659111381933],[-82.62525876367,29.06545064111261],[-82.6253451092517,29.0649141316564],[-82.6250403764138,29.0648761266754],[-82.6239941548226,29.0636510788148],[-82.6236894271992,29.0636130699027],[-82.6234278778233,29.0633068050115],[-82.6236005869369,29.0622337826124],[-82.6225544194722,29.0610087128604],[-82.6219449850596,29.0609326855519],[-82.6216834504494,29.0606264144209],[-82.6218129953299,29.05982164471491],[-82.6215514646759,29.0595153724295],[-82.621637827906,29.05897885812921],[-82.6219857179605,29.0587486157269],[-82.6222016150184,29.057407325131],[-82.6232452551796,29.0567165860562],[-82.6253781771171,29.0569826435818],[-82.6256397138621,29.0572889084988],[-82.62555337803911,29.0578254282247],[-82.6295145957017,29.05831941532991],[-82.6340366995986,29.0553258316733],[-82.63677902880902,29.0556676248673],[-82.6375637576489,29.0565863371149],[-82.6387825926304,29.0567382135423],[-82.6398260875402,29.0560473130333],[-82.6401307949343,29.0560852770997],[-82.6408264472714,29.0556246685846],[-82.6411311535802,29.0556626298665],[-82.6428702475086,29.054511081885],[-82.6431749506892,29.0545490375012],[-82.6432180605499,29.0542807685359],[-82.6435658716763,29.0540504539358],[-82.6436089800267,29.0537821844862],[-82.64395678800452,29.0535518683446],[-82.647003802245,29.0539313558622],[-82.64778862706672,29.0548499976856],[-82.6484842269738,29.0543893384234],[-82.6497030497651,29.0545410923602],[-82.6500508441219,29.0543107570114],[-82.6505740834302,29.0549231704173],[-82.6508787916052,29.0549611042478],[-82.6508357059568,29.0552293758239],[-82.6535781005814,29.0555707423019],[-82.6539258885501,29.05534039504951],[-82.6584965857596,29.0559091693061],[-82.6592815553147,29.0568277231005],[-82.6620240367744,29.0571688736599],[-82.6627195775745,29.0567081252873],[-82.6630242977542,29.0567460246657],[-82.6635476472486,29.0573583715175],[-82.66507126462412,29.0575478477815],[-82.6653329484122,29.05785401607501],[-82.6662471258508,29.0579676891668],[-82.6686814269771,29.0563549558993],[-82.6720333796798,29.0567716167845],[-82.6727288620529,29.0563108034698],[-82.6730335853178,29.0563486746291],[-82.6782494486992,29.0528924009269]]},"properties":{"segment_id":"4f2b5ae450a0deebd88e45e7","source_kmz":"withlacoochee","orientation":"unverified"}},{"type":"Feature","geometry":{"type":"LineString","coordinates":[[-82.6643190153456,29.0506135367933],[-82.6655378118377,29.0507651133316],[-82.6657994761203,29.0510712855908],[-82.6676276865379,29.0512986198842],[-82.667889360136,29.0516047866758],[-82.6782494486992,29.0528924009269]]},"properties":{"segment_id":"ac1ff5f6771139a1bc77cd6d","source_kmz":"withlacoochee","orientation":"unverified"}},{"type":"Feature","geometry":{"type":"LineString","coordinates":[[-82.5076546648097,29.0181456001682],[-82.5076111391354,29.0184138385445],[-82.5065670230703,29.0191035240419],[-82.5063493719932,29.0204447086191],[-82.5056532727105,29.02090448976371],[-82.5056097391885,29.0211727255105],[-82.5052616854448,29.0214026139112],[-82.5051746150942,29.0219390842364],[-82.5048265569691,29.02216897079961],[-82.5043476365069,29.0251195404561],[-82.5036514873529,29.025579303395],[-82.5036079449849,29.02584753524801],[-82.50595695679621,29.0286067525954],[-82.5058698834076,29.0291432139716],[-82.5061308956339,29.0294497891699],[-82.5053471970932,29.03427790479691],[-82.5071744215261,29.0364238948244],[-82.5070873478084,29.0369603468709],[-82.5073483888739,29.0372669132312],[-82.5134400143309,29.03803354451861],[-82.513701082014,29.0383400947025],[-82.5210112094875,29.0392595780529],[-82.5212723087278,29.0395661089958],[-82.5224906838625,29.0397193048125],[-82.5227517899561,29.0400258318296],[-82.5230563856719,29.0400641278597],[-82.5233174949135,29.0403706532482],[-82.5251450824729,29.0406004067038],[-82.5254062010381,29.0409069266347],[-82.5257108011754,29.0409452150898],[-82.5264941720532,29.041864767409],[-82.5267987761746,29.0419030527032],[-82.5270599048614,29.0422095676517],[-82.5273645104967,29.0422478513167],[-82.5276256423316,29.0425543646366],[-82.5413332398597,29.0442762015135]]},"properties":{"segment_id":"382d81dd7b9b30a0153e8e33","source_kmz":"withlacoochee","orientation":"unverified"}},{"type":"Feature","geometry":{"type":"LineString","coordinates":[[-82.6782494486992,29.0528924009269],[-82.6813787598905,29.0508185016566],[-82.6816366684488,29.0492087787981],[-82.6823320350717,29.0487478950559],[-82.6823750164004,29.0484796066538],[-82.683070372897,29.0480187173295],[-82.6835431221957,29.0450675257241],[-82.688410213321,29.0418411157082],[-82.6888397838738,29.0391581532423],[-82.6883163631462,29.0385459016738],[-82.68840227667911,29.0380093064619],[-82.6897927416324,29.0370874214381],[-82.690050446037,29.0354776241769],[-82.6903980500931,29.0352471480529],[-82.6905268948799,29.0344422459313],[-82.6902651921346,29.03413612112241],[-82.690308140528,29.0338678199292]]},"properties":{"segment_id":"a5cb51742e8f8e8ee4888e68","source_kmz":"withlacoochee","orientation":"unverified"}},{"type":"Feature","geometry":{"type":"LineString","coordinates":[[-82.5479360763627,29.0149985788008],[-82.5496756067338,29.0138484179045],[-82.549980119509,29.0138866404027],[-82.5510238127556,29.0131965259559],[-82.5516328350729,29.0132729626003],[-82.5529385057121,29.014805336138],[-82.5525480861634,29.0172196585307],[-82.5567266510707,29.0221230947587],[-82.5560308146314,29.0225831989775],[-82.5550331662458,29.0287530131183],[-82.5558167451276,29.0296723801038],[-82.55568661233862,29.0304771300103],[-82.5559911883555,29.0305153339768],[-82.5565135903787,29.0311282388688],[-82.5568181691424,29.0311664404397],[-82.5573405812853,29.0317793403464],[-82.5576451627959,29.0318175395219],[-82.5581675850588,29.0324304344433],[-82.5584721693162,29.0324686312232],[-82.55925582075992,29.0333879648325],[-82.5595604089986,29.0334261584508],[-82.5598216312067,29.0337326004945],[-82.56012622095781,29.0337707924833],[-82.5603874463132,29.0340772328976],[-82.5606920375767,29.0341154232569],[-82.5609532660794,29.0344218620418],[-82.5682635694075,29.0353381532679]]},"properties":{"segment_id":"10084b7f3b445ead85511a78","source_kmz":"withlacoochee","orientation":"unverified"}},{"type":"Feature","geometry":{"type":"LineString","coordinates":[[-82.6175165456919,29.0343829858339],[-82.6192555223174,29.03323175818131],[-82.6193418731439,29.03269521108241],[-82.6196896602612,29.0324649612158],[-82.6199942726572,29.0325029843266],[-82.62034205718092,29.0322727322485],[-82.620080617996,29.031966435675],[-82.6207761801959,29.0315059291032],[-82.6208193499831,29.0312376539039],[-82.6211671269793,29.03100739845],[-82.6212966309802,29.0302025708131],[-82.6219921718314,29.02974205440511],[-82.6222967753637,29.0297800712706],[-82.6229923072011,29.0293195479371],[-82.62303546875762,29.0290512704085],[-82.6236446720185,29.0291272975149],[-82.6239924324737,29.0288970317598],[-82.6242970338391,29.0289350430576],[-82.6246447917008,29.028704775091],[-82.6248605686488,29.0273633801715],[-82.624337689791,29.026750800659],[-82.6243808457108,29.0264825208969],[-82.6241194098319,29.0261762297466],[-82.6235102276179,29.0261002047687],[-82.6232487961189,29.0257939112208],[-82.6232919550353,29.0255256312626],[-82.6230305261296,29.0252193367528],[-82.6231168444923,29.024682776058],[-82.6228554188597,29.0243764804885],[-82.6229417374758,29.0238399188209],[-82.62328947789811,29.0236096523358],[-82.6233326355579,29.0233413709192],[-82.6250713028059,29.0221900182687],[-82.6253758802553,29.0222280271482],[-82.6257236072856,29.0219977519043],[-82.6260281843317,29.0220357589603],[-82.6263759087688,29.0218054815049],[-82.6269850623307,29.0218814911066],[-82.6273327834946,29.0216512104798],[-82.6282465138716,29.0217652155265],[-82.6285942310823,29.0215349307683],[-82.6288988077476,29.0215729297637],[-82.6292465223652,29.0213426427942],[-82.63016025198,29.0214566317197],[-82.6308556713952,29.0209960482667],[-82.6314648231338,29.02107203272641],[-82.6318125286115,29.020841737203],[-82.6324216800957,29.020917716289],[-82.6331170825911,29.0204571176485],[-82.6340308078098,29.02057107404171],[-82.6343785041472,29.0203407699647],[-82.6349876543147,29.0204167346564],[-82.6356830385294,29.0199561189087],[-82.6362921870816,29.02003207630681],[-82.6366398749588,29.0198017646362],[-82.6372490232559,29.0198777166606],[-82.6379443905499,29.0194170857261],[-82.6388581109865,29.0195310015271],[-82.639381051,29.0201435215488]]},"properties":{"segment_id":"27a18e067bb6ce88fdaae7b0","source_kmz":"withlacoochee","orientation":"unverified"}},{"type":"Feature","geometry":{"type":"LineString","coordinates":[[-82.6796433548253,29.0092832091965],[-82.6793387998804,29.0092453523159],[-82.67899127333801,29.0094758075626],[-82.67807760811252,29.0093622288612],[-82.6773825452013,29.0098231298448],[-82.6767734337036,29.0097474025547],[-82.676425898016,29.0099778492513],[-82.6758167862581,29.0099021165882],[-82.6751217064191,29.0103630023909],[-82.6745125930389,29.0102872624353],[-82.673817502823,29.0107481393968],[-82.6732083878207,29.0106723921487],[-82.6725132872279,29.0111332602689],[-82.6715996127051,29.0110196271628],[-82.67125205749602,29.0112500564678],[-82.6709474991919,29.0112121760792],[-82.6702523816721,29.0116730290177],[-82.6696432631669,29.0115972618113],[-82.6692957001754,29.011827684485],[-82.6686865814107,29.0117519119055],[-82.6679914469644,29.012212749662],[-82.6670777667994,29.0120990785585],[-82.666382620615,29.0125599055536],[-82.6657734991599,29.0124841166618],[-82.6654259218362,29.0127145263638],[-82.6648168001223,29.0126387320988],[-82.664121637012,29.0130995439113],[-82.6632079524241,29.0129858402795],[-82.6628603659568,29.0132162414303],[-82.6625558042983,29.013178337533],[-82.6618606242626,29.0136391341627],[-82.6609469368569,29.0135254115317],[-82.66025174508401,29.0139861973994],[-82.6599471818056,29.0139482862093],[-82.6595995823686,29.0141786763071],[-82.65868589214631,29.0140649346768],[-82.6579906834486,29.0145257053611],[-82.6567724282355,29.0143740300876],[-82.6564248182942,29.014604409714],[-82.6561202545,29.0145664877773],[-82.6557726419649,29.01479686519311],[-82.6545543868249,29.01464516497281],[-82.6535115295734,29.0153362781966],[-82.6529023995755,29.0152604171467],[-82.6525547753042,29.0154907837998],[-82.6522502100387,29.01545285101991],[-82.6515549543956,29.0159135786537],[-82.651250388045,29.0158756430906],[-82.6509027566731,29.0161060040712],[-82.650598189918,29.0160680666848],[-82.6502505559525,29.0162984254547],[-82.6499459887929,29.016260486245],[-82.6495983522337,29.016490842804],[-82.64898921738161,29.0164149598745],[-82.6486415775483,29.0166453132627],[-82.6480324424396,29.0165694249598],[-82.6473371543116,29.0170301241438],[-82.64672801758542,29.0169542285476],[-82.6463803692908,29.0171845743433],[-82.64577123230832,29.0171086733736],[-82.6450759272578,29.0175693573723],[-82.6441622197728,29.0174554936826],[-82.6438145623367,29.01768583092552],[-82.6435099930469,29.0176478736756],[-82.6431623330173,29.0178782087076],[-82.6428577633234,29.0178402496342],[-82.6425101007003,29.0180705824553],[-82.6419009607805,29.0179946597984],[-82.6415532948835,29.0182249894485],[-82.6412487246576,29.0181870258651],[-82.6395103630741,29.0193386505501]]},"properties":{"segment_id":"463a052e98e2cc84b99a6dd1","source_kmz":"withlacoochee","orientation":"unverified"}},{"type":"Feature","geometry":{"type":"LineString","coordinates":[[-82.7372866846082,28.9964570372244],[-82.7383286149018,28.9957650822193],[-82.7422875591402,28.9962550053677],[-82.7429821520239,28.9957936708424]]},"properties":{"segment_id":"3c17e36879e5eb7d4c24a314","source_kmz":"withlacoochee","orientation":"unverified"}},{"type":"Feature","geometry":{"type":"LineString","coordinates":[[-82.725966632783,28.9914978313719],[-82.7262283327765,28.9918039017222],[-82.726185521052,28.99207224499761],[-82.7254908665153,28.9925334755737],[-82.7253624223106,28.9933385024881],[-82.7258858312983,28.9939506424741],[-82.7261903516246,28.993988369354],[-82.7264520602188,28.9942944372801],[-82.7273656265367,28.9944076104371],[-82.7276273407366,28.9947136751946],[-82.7279318646221,28.9947513970859],[-82.728193581966,28.9950574602097],[-82.72880263302181,28.9951328998673],[-82.7290643547405,28.9954389605898],[-82.7315005797836,28.9957406785447],[-82.7318479047599,28.9955100463521],[-82.7321524334424,28.9955477562518],[-82.7335417114871,28.9946252111464],[-82.7429821520239,28.9957936708424]]},"properties":{"segment_id":"b9a5832e093550e2f3850ea5","source_kmz":"withlacoochee","orientation":"unverified"}},{"type":"Feature","geometry":{"type":"LineString","coordinates":[[-82.7429821520239,28.9957936708424],[-82.7450658847564,28.9944096372756],[-82.7459794774682,28.9945226527205],[-82.7463267575126,28.9942919732081],[-82.7466312882818,28.9943296423371],[-82.7469785657303,28.9940989606159],[-82.7491102840068,28.9943626136285],[-82.7511938798456,28.9929784567756],[-82.7530210530428,28.9932043768689],[-82.7533683082227,28.9929736739319],[-82.7588498746645,28.993651230447]]},"properties":{"segment_id":"d69f9e7cb21fa6b912f7ebf4","source_kmz":"withlacoochee","orientation":"unverified"}},{"type":"Feature","geometry":{"type":"LineString","coordinates":[[-82.0783956464228,29.1647701071153],[-82.0797949219294,29.16385638401921],[-82.0806493824935,29.1587649645845],[-82.0803895297906,29.15845746048072],[-82.0809291434513,29.155241790099]]},"properties":{"segment_id":"0c00191c2210e0c1b2a7f139","source_kmz":"withlacoochee","orientation":"unverified"}},{"type":"Feature","geometry":{"type":"LineString","coordinates":[[-82.0879456214439,29.1635441308462],[-82.0809291434513,29.155241790099]]},"properties":{"segment_id":"35ed4a68c174a3694d50a2f7","source_kmz":"withlacoochee","orientation":"unverified"}},{"type":"Feature","geometry":{"type":"LineString","coordinates":[[-82.0712278338579,29.1276964873606],[-82.0799694145306,29.1219854521556]]},"properties":{"segment_id":"55b7dc3364ab5f7cf4990645","source_kmz":"withlacoochee","orientation":"unverified"}},{"type":"Feature","geometry":{"type":"LineString","coordinates":[[-82.0809291434513,29.155241790099],[-82.07599245779,29.14939902872131],[-82.076532182171,29.1461833094364],[-82.0760125872356,29.1455682617583],[-82.0799694145306,29.1219854521556]]},"properties":{"segment_id":"f1a698bd907b19d2eac7f1aa","source_kmz":"withlacoochee","orientation":"unverified"}},{"type":"Feature","geometry":{"type":"LineString","coordinates":[[-82.0799694145306,29.1219854521556],[-82.0817175873213,29.1208431507051]]},"properties":{"segment_id":"d59ad03f2a65e9b49e82c73e","source_kmz":"withlacoochee","orientation":"unverified"}},{"type":"Feature","geometry":{"type":"LineString","coordinates":[[-82.0642610259787,29.1191243467706],[-82.0652997217875,29.1203546309651],[-82.0656043971207,29.1203942099144],[-82.0658640770942,29.1207017780638],[-82.07104362304432,29.1213744752088],[-82.0731415556894,29.1200038809593],[-82.0737509115111,29.120082993835],[-82.0741005589289,29.1198545551261],[-82.0817175873213,29.1208431507051]]},"properties":{"segment_id":"df38e0433c5bb8242639485d","source_kmz":"withlacoochee","orientation":"unverified"}},{"type":"Feature","geometry":{"type":"LineString","coordinates":[[-82.0817175873213,29.1208431507051],[-82.0824168430592,29.12038622131371],[-82.0825516694241,29.1195822292553],[-82.08290129069512,29.1193537617871],[-82.0830810501723,29.1182817684816],[-82.0837802770314,29.1178248274104],[-82.0840849518883,29.1178643544885],[-82.0847841697683,29.1174074064547],[-82.08572770686311,29.1117793637979],[-82.0864268648702,29.1113223983453],[-82.0872354650828,29.1064982830562],[-82.0893327589664,29.1051273246397],[-82.08973695694831,29.102715227482]]},"properties":{"segment_id":"f8024f44291a0e3e567d6bf2","source_kmz":"withlacoochee","orientation":"unverified"}},{"type":"Feature","geometry":{"type":"LineString","coordinates":[[-82.1039935686492,29.13468358982],[-82.1036439409155,29.1349121169959],[-82.1033391946663,29.1348726467168],[-82.1030793327699,29.134565179285],[-82.1000318985507,29.1341704213949],[-82.0987326799437,29.1326330332899],[-82.0987775766211,29.13236503735081],[-82.0984728419581,29.1323255531034],[-82.0986075331306,29.1315215644263],[-82.0978280366572,29.1305991178997],[-82.09800762887191,29.1295271291706],[-82.0990564849904,29.1288415895788],[-82.0995502987836,29.1258935948699],[-82.098511030084,29.12466365665041],[-82.0972922059748,29.1245057085106],[-82.0970323985535,29.1241982187682],[-82.0970772961518,29.1239302180248],[-82.0965576883794,29.1233152357882],[-82.0967372812364,29.122243230132],[-82.0946589479729,29.1197832639955],[-82.0961405895697,29.1109390743652],[-82.0912054568541,29.10509637694051],[-82.0912952686042,29.1045603551114],[-82.08973695694831,29.102715227482]]},"properties":{"segment_id":"b2cf9211169aeb5c7f3cdb35","source_kmz":"withlacoochee","orientation":"unverified"}},{"type":"Feature","geometry":{"type":"LineString","coordinates":[[-82.3500808923871,29.1336921995624],[-82.3511277294207,29.1330042226042],[-82.3523471528103,29.13315930362741],[-82.353045029194,29.1327006383455],[-82.3560935939711,29.1330882611902],[-82.3592338821797,29.1310241186612]]},"properties":{"segment_id":"381a7221ebec633f2b5b7676","source_kmz":"withlacoochee","orientation":"unverified"}},{"type":"Feature","geometry":{"type":"LineString","coordinates":[[-82.1068972328483,29.0931648594198],[-82.1066374874829,29.0928573692404],[-82.1067720365769,29.0920532929142],[-82.1062525555821,29.0914383094253],[-82.1062974060403,29.0911702834071],[-82.1060376690757,29.09086279028501],[-82.10626192039192,29.0895226568101]]},"properties":{"segment_id":"ca938065a1b77e9b8dab96ce","source_kmz":"withlacoochee","orientation":"unverified"}},{"type":"Feature","geometry":{"type":"LineString","coordinates":[[-82.3360423418927,29.1187672130214],[-82.3420382113052,29.1258261126528],[-82.3435623392572,29.1260200933799],[-82.3453874135046,29.128168337211],[-82.34599708402982,29.1282459127525],[-82.3462578190614,29.1285527997643],[-82.3483916834933,29.1288242816026],[-82.3491739261224,29.1297449214288],[-82.3592338821797,29.1310241186612]]},"properties":{"segment_id":"0f14946971c01d2bf18e4436","source_kmz":"withlacoochee","orientation":"unverified"}},{"type":"Feature","geometry":{"type":"LineString","coordinates":[[-82.4423930049578,29.1286985334045],[-82.4418708302004,29.1280852229981],[-82.4406513152653,29.1279311503646]]},"properties":{"segment_id":"965f494aa26d8a208c44c5b2","source_kmz":"withlacoochee","orientation":"unverified"}},{"type":"Feature","geometry":{"type":"LineString","coordinates":[[-82.0334538855876,29.0912914516799],[-82.0331944161697,29.0909837835476],[-82.0357186952046,29.07597571368071]]},"properties":{"segment_id":"b9783e92a67e79507c669234","source_kmz":"withlacoochee","orientation":"unverified"}},{"type":"Feature","geometry":{"type":"LineString","coordinates":[[-82.0372753167108,29.0778217410728],[-82.0357186952046,29.07597571368071]]},"properties":{"segment_id":"f114e907fb0a2c729c8bdfd1","source_kmz":"withlacoochee","orientation":"unverified"}},{"type":"Feature","geometry":{"type":"LineString","coordinates":[[-82.4114697110903,29.1256085102358],[-82.4126891382907,29.1257629130845],[-82.413386621647,29.1253038499238],[-82.4136914777988,29.1253424465519],[-82.41395245225492,29.1256491723111],[-82.4209642499409,29.1265366387556],[-82.4241026892274,29.1244705785621]]},"properties":{"segment_id":"1ffe837b25c7bc0f7e49fef2","source_kmz":"withlacoochee","orientation":"unverified"}},{"type":"Feature","geometry":{"type":"LineString","coordinates":[[-82.4406513152653,29.1279311503646],[-82.439953959761,29.1283903865631],[-82.4399101594781,29.1286585251227],[-82.4392127938326,29.1291177557236],[-82.430981086692,29.1280772973508],[-82.4301979588655,29.1271572463426],[-82.4302417895189,29.1268891107399],[-82.4293271820696,29.126773458789],[-82.4289784789976,29.1270030416199],[-82.4265395327619,29.1266945907117],[-82.4254933958154,29.1273833085864],[-82.4254495496697,29.1276514419396],[-82.4251885267723,29.1273447454489],[-82.4248398099491,29.1275743146037],[-82.4245787895299,29.1272676165824],[-82.4242300713538,29.1274971838126],[-82.4237080373876,29.1268837838488],[-82.4241026892274,29.1244705785621]]},"properties":{"segment_id":"a0c18bfaa4e6e99083fcf18d","source_kmz":"withlacoochee","orientation":"unverified"}},{"type":"Feature","geometry":{"type":"LineString","coordinates":[[-82.3592338821797,29.1310241186612],[-82.36237401527491,29.1289598744924],[-82.3626788611611,29.1289986146983],[-82.3651210749418,29.1273930144502],[-82.36520915373161,29.1268567962812],[-82.364687557009,29.1262431103319],[-82.3648637165973,29.1251706709208],[-82.3655614575898,29.1247119158762],[-82.3656054943007,29.12444380495601],[-82.365954360685,29.1242144252594],[-82.36604243077961,29.123678202255],[-82.3663472591031,29.1237169326104],[-82.364782525624,29.1218758668389],[-82.3649146379223,29.1210715288873],[-82.3656123444189,29.1206127689273],[-82.3665267961027,29.1207289619116],[-82.3668756444547,29.1204995771619],[-82.3690093702121,29.1207706571604],[-82.3697917645393,29.121691165786],[-82.3725351800332,29.1220396143818],[-82.3727959931292,29.1223464419889],[-82.3731008197245,29.1223851534165],[-82.37336163597492,29.1226919793996],[-82.3736664640923,29.1227306891987],[-82.3740153012045,29.1225012825173],[-82.374624956936,29.1225786975995],[-82.3746689634514,29.1223105815917],[-82.3774124196007,29.1226589058209],[-82.3850861609836,29.1176114020807]]},"properties":{"segment_id":"56c41d6e98030a9bf883d0d4","source_kmz":"withlacoochee","orientation":"unverified"}},{"type":"Feature","geometry":{"type":"LineString","coordinates":[[-82.44518393925442,29.12494599284321],[-82.4406513152653,29.1279311503646]]},"properties":{"segment_id":"ec8a2d36f2a073b9e8635e9c","source_kmz":"withlacoochee","orientation":"unverified"}},{"type":"Feature","geometry":{"type":"LineString","coordinates":[[-82.1068991354215,29.0838545779881],[-82.1132949981606,29.0846831650917],[-82.1167888258551,29.082397244117],[-82.1173979488952,29.082476118063],[-82.11765770158,29.08278359017102],[-82.1210079124986,29.08321732679771]]},"properties":{"segment_id":"31596b0b46c6f1a17fcafdab","source_kmz":"withlacoochee","orientation":"unverified"}},{"type":"Feature","geometry":{"type":"LineString","coordinates":[[-82.3850861609836,29.1176114020807],[-82.38648128712471,29.1166936088941]]},"properties":{"segment_id":"6b837b1e591f8d62085fe26a","source_kmz":"withlacoochee","orientation":"unverified"}},{"type":"Feature","geometry":{"type":"LineString","coordinates":[[-82.38510928533381,29.130751859047],[-82.3845875181965,29.13013827500051],[-82.3846314967332,29.1298701598785],[-82.3843706167129,29.129563366472],[-82.3863054227467,29.11776610569901],[-82.3866542044528,29.1175366554345],[-82.3863933554997,29.1172298576832],[-82.38648128712471,29.1166936088941]]},"properties":{"segment_id":"72a89a33ec1c6d103fdb4a01","source_kmz":"withlacoochee","orientation":"unverified"}},{"type":"Feature","geometry":{"type":"LineString","coordinates":[[-82.1008269321457,29.0792337018938],[-82.10134629744141,29.0798487298495],[-82.1025644784101,29.0800066494934],[-82.1028241688914,29.0803141591385],[-82.1034332635854,29.0803931122597],[-82.1055108760592,29.0828531464066],[-82.1058154337757,29.0828926155755],[-82.1060751451709,29.0832001152293],[-82.1063797044172,29.0832395827733],[-82.1068991354215,29.0838545779881]]},"properties":{"segment_id":"f5a3446ea2bad361eaf58335","source_kmz":"withlacoochee","orientation":"unverified"}},{"type":"Feature","geometry":{"type":"LineString","coordinates":[[-82.3644543747808,29.1106119631803],[-82.3659782773309,29.1108056348989],[-82.3662390313138,29.1111124867457],[-82.3665438139105,29.1111512177341],[-82.3668926222499,29.1109218275675],[-82.36780696971041,29.1110380124641],[-82.3688533771712,29.1103498257744],[-82.3694629395084,29.1104272722799],[-82.369723705101,29.1107341159988],[-82.3700284879325,29.1107728371915],[-82.3702892566787,29.1110796792863],[-82.370594041032,29.1111183988507],[-82.37050601336412,29.11165464199931],[-82.3715491178473,29.1128819979689],[-82.3718539093549,29.1129207138085],[-82.3726362615358,29.1138412194682],[-82.377513023538,29.114460518744],[-82.3782954524417,29.1153809799595],[-82.3804290845638,29.1156518378113],[-82.3817332144069,29.1171858958798],[-82.3850861609836,29.1176114020807]]},"properties":{"segment_id":"0af4fc80fb2cf11a0a2ed838","source_kmz":"withlacoochee","orientation":"unverified"}},{"type":"Feature","geometry":{"type":"LineString","coordinates":[[-82.1334166896883,29.1020738304532],[-82.1292589901024,29.0971550126515],[-82.1293485493769,29.0966189488219],[-82.1259707960009,29.0926222455287],[-82.1261051588183,29.0918181446707],[-82.1258453470133,29.0915106996809],[-82.1260692826406,29.0901705272291],[-82.1258094760863,29.0898630809139],[-82.1258990496637,29.0893270103852],[-82.1256392463557,29.0890195630261],[-82.1257736065728,29.0882154554939],[-82.12551380717912,29.08790800699691],[-82.1256481668164,29.0871038974338],[-82.1251285777678,29.0864889973074],[-82.1251733650754,29.0862209602098],[-82.1246537850031,29.0856060564704],[-82.12496729746941,29.08372979002881],[-82.124707514974,29.0834223362169],[-82.1255584191688,29.0783295632028],[-82.1252986512732,29.078022106748],[-82.1259255763581,29.0742694909083]]},"properties":{"segment_id":"b2a5edee8488efabbba0c1e9","source_kmz":"withlacoochee","orientation":"unverified"}},{"type":"Feature","geometry":{"type":"LineString","coordinates":[[-82.38648128712471,29.1166936088941],[-82.3899689684529,29.11439903811682],[-82.3902737740163,29.11443770184381],[-82.3906225309434,29.1142082369044],[-82.3908833859887,29.1145150267068],[-82.3948458912957,29.11501755411181],[-82.3953676393496,29.1156311112489],[-82.4045121384879,29.1167901869205],[-82.40486086614212,29.1165606773365],[-82.40638497060331,29.1167537762325],[-82.4074311319396,29.1160652255215],[-82.4092600544217,29.1162968983742],[-82.4096087669822,29.1160673731887],[-82.41021840871042,29.1161445886389],[-82.4112645308474,29.115455999784],[-82.4118741696463,29.1155332060061],[-82.4121351068109,29.1158399434948],[-82.4124399278715,29.1158785445451],[-82.41270086819,29.1161852804089],[-82.4136153367779,29.1163010760824],[-82.4141372305934,29.1169145406393],[-82.4140494761503,29.1174508116259],[-82.413700770012,29.1176803503698],[-82.4136568911292,29.1179484852813],[-82.4139617205813,29.1179870818394],[-82.4142226730656,29.1182938124491],[-82.416051663123,29.1185253690685],[-82.4168345543685,29.11944554196541],[-82.4167906846114,29.1197136769947],[-82.4177051974634,29.1198294370531],[-82.4180539015704,29.1195998865884],[-82.4189684149268,29.1197156359864],[-82.4214092758522,29.1181087274143],[-82.4215408373087,29.1173043129714],[-82.4218895203494,29.1170747487129],[-82.4219772241027,29.1165384708678],[-82.4237205981919,29.11539062784861],[-82.4237644434525,29.1151224871774],[-82.4258564217312,29.1137450324242],[-82.4259879335282,29.11294060399941],[-82.4263365861561,29.11271102294331],[-82.4265119263272,29.1116384478367]]},"properties":{"segment_id":"1014a905129d5d8967ac6076","source_kmz":"withlacoochee","orientation":"unverified"}},{"type":"Feature","geometry":{"type":"LineString","coordinates":[[-82.4241026892274,29.1244705785621],[-82.4248000991099,29.1240114402816],[-82.4250193278952,29.1226707610024],[-82.425716717726,29.1222116147899],[-82.4269361216727,29.1223658581274],[-82.4279821839365,29.1216771178577],[-82.428287033597,29.1217156736459],[-82.4284623676298,29.12064311894351],[-82.4295083957594,29.1199543610029],[-82.4297713660734,29.1183455179041],[-82.4301200308531,29.1181159276664],[-82.4301638570158,29.117847786182],[-82.43051251864162,29.1176181943988],[-82.4305563432844,29.1173500524295],[-82.4309050017562,29.1171204591008],[-82.43094882487911,29.1168523166467],[-82.4323434346595,29.11593392962691],[-82.4318214133705,29.1153205515621],[-82.43190905156932,29.1147842633614],[-82.4300800994609,29.1145529730826],[-82.4298191004739,29.1142462779785],[-82.4285998096458,29.1140920641239],[-82.4265119263272,29.1116384478367]]},"properties":{"segment_id":"46db08654d52cad18935ac5f","source_kmz":"withlacoochee","orientation":"unverified"}},{"type":"Feature","geometry":{"type":"LineString","coordinates":[[-82.1181155270536,29.0688768873747],[-82.1227906548772,29.0744114075697],[-82.1252269439399,29.0747267533921]]},"properties":{"segment_id":"def2a161e6e36b6753373709","source_kmz":"withlacoochee","orientation":"unverified"}},{"type":"Feature","geometry":{"type":"LineString","coordinates":[[-82.5024206139746,29.1097201175515],[-82.5011143871103,29.1081874896215],[-82.4886164295043,29.10661436737722],[-82.4873105042227,29.105081560918]]},"properties":{"segment_id":"0c3e26871925b43f96bbc934","source_kmz":"withlacoochee","orientation":"unverified"}},{"type":"Feature","geometry":{"type":"LineString","coordinates":[[-82.0758963223579,29.0516241696297],[-82.0755469649841,29.0518526522987],[-82.07493810439851,29.0517735363448],[-82.06480587194231,29.0583989302286],[-82.0645810399761,29.05973907966891],[-82.0642316178181,29.0599675211627],[-82.06418664931832,29.0602355501701],[-82.0638372240099,29.0604639901091],[-82.063027719379,29.0652884735867],[-82.0635467201522,29.0659037043255],[-82.0634567720939,29.0664397537712],[-82.0639757831651,29.0670549807108],[-82.0639308100358,29.0673230049534],[-82.0654878930509,29.06916866467],[-82.0640937069946,29.0774773021071],[-82.0666892045827,29.0805533040776],[-82.0682118624478,29.080751189856],[-82.0695097139042,29.0822891397108],[-82.0710324100438,29.08248698487551],[-82.0712919922769,29.08279456847031],[-82.0755555971877,29.0833484095239],[-82.07581519872902,29.0836559815965],[-82.077337934666,29.0838537371837],[-82.07759754433052,29.084161304591],[-82.0782066432071,29.0842403992629],[-82.0787258732354,29.0848555284626],[-82.0945629774982,29.0869106993718],[-82.0977079755123,29.0848539328669],[-82.0980125368315,29.0848934238496],[-82.0987114029375,29.0844363488551],[-82.0996250846171,29.0845548108459],[-82.1017216250906,29.0831835383156],[-82.1068991354215,29.0838545779881]]},"properties":{"segment_id":"e77996a5a54bc9c11851f09a","source_kmz":"withlacoochee","orientation":"unverified"}},{"type":"Feature","geometry":{"type":"LineString","coordinates":[[-82.4082383851512,29.0978295676525],[-82.4085870235,29.0976000354113],[-82.4088917764291,29.0976386481929],[-82.40958904603352,29.09717957802391],[-82.4111128081448,29.0973726193585],[-82.4114614366979,29.0971430775826],[-82.4123756953147,29.0972588891348],[-82.4127243199269,29.0970293432187],[-82.4130290726862,29.0970679443803],[-82.4133776947087,29.096838396248],[-82.4152062131192,29.0970699793113],[-82.4172978807332,29.0956926295496],[-82.4179073810117,29.0957698054517],[-82.4181704984778,29.0941608955629],[-82.4185190942665,29.0939313292037]]},"properties":{"segment_id":"9d7738edcb72519da6f40e50","source_kmz":"withlacoochee","orientation":"unverified"}},{"type":"Feature","geometry":{"type":"LineString","coordinates":[[-82.5140046442412,29.1188389133083],[-82.5150499445438,29.118149324423],[-82.5150934982781,29.1178811486156],[-82.516138777622,29.1171915475839],[-82.5164436514534,29.1172298550391],[-82.5171404934109,29.1167701128314],[-82.5174453661643,29.1168084174991],[-82.5181421990996,29.1163486683576],[-82.5187519427298,29.1164252712545],[-82.519797173689,29.1157356323775],[-82.5198842479048,29.1151992735834],[-82.5216262488061,29.114049847495],[-82.5213649156576,29.1137433733243],[-82.5210600522863,29.1137050794309],[-82.5205373942121,29.1130921269731],[-82.5205809277084,29.1128239456438],[-82.5202760680492,29.112785649452],[-82.5176629117993,29.1097208268613],[-82.5177064527609,29.109452644483],[-82.5171838458591,29.1088396694365],[-82.5173144711392,29.10803512057],[-82.5165305812622,29.1071156506805],[-82.5167047525341,29.1060429150082],[-82.514875762202,29.1038974524409],[-82.5142661134866,29.1038208253235],[-82.5140048392902,29.1035143256929],[-82.511871086247,29.1032460982103],[-82.5083872185472,29.1055446651058],[-82.5083436497282,29.10581284628631],[-82.5077339930346,29.1057361826604],[-82.5073855931351,29.1059660302456],[-82.50616628038901,29.1058126887815],[-82.5058178758611,29.1060425312672],[-82.5033792583619,29.1057357991833],[-82.5023340170081,29.1064252960436],[-82.4904459336877,29.1049290729556],[-82.490097489631,29.1051588652301],[-82.48826858744101,29.1049285546829],[-82.4879201374023,29.105158339934],[-82.4873105042227,29.105081560918]]},"properties":{"segment_id":"bcd71f5853b201be07f1426b","source_kmz":"withlacoochee","orientation":"unverified"}},{"type":"Feature","geometry":{"type":"LineString","coordinates":[[-82.17931297791611,29.0806174016495],[-82.1754135900969,29.07600743120661],[-82.1754582106437,29.0757393664124],[-82.1751536461917,29.0757000929864],[-82.1743738259375,29.0747780731825],[-82.1728510265844,29.0745816816671],[-82.1723311683771,29.0739669898841],[-82.1720266118469,29.0739277074669],[-82.1712468425852,29.0730056610754],[-82.1709422900643,29.0729663755071],[-82.17068237203831,29.0726590242328],[-82.1688550703677,29.07242328812652],[-82.16850588019662,29.0726520598979],[-82.1672876821295,29.0724948813852],[-82.1658908916432,29.0734099404873],[-82.1655863401663,29.0733706398502],[-82.1652371371009,29.0735994005187],[-82.1647173409517,29.072984670599],[-82.164940604152,29.0716443568674],[-82.16416093428471,29.0707222541436],[-82.1647860612715,29.0669693458509],[-82.1645261844976,29.06666197523951],[-82.1645708349477,29.0663939088074],[-82.16431096075222,29.0660865372443],[-82.1644449123915,29.06528233649651],[-82.163665307281,29.0643602158132],[-82.1648708103101,29.0571223225686],[-82.1630519249098,29.0549706597497]]},"properties":{"segment_id":"81a81444d60cd9bf79aa41da","source_kmz":"withlacoochee","orientation":"unverified"}},{"type":"Feature","geometry":{"type":"LineString","coordinates":[[-82.4359757391605,29.0975086264577],[-82.4360195357435,29.0972404691021],[-82.4339318554776,29.0947868952107],[-82.4336271013894,29.0947483528148],[-82.4328442565887,29.0938282461113],[-82.43253950649562,29.0937897005562],[-82.432278563295,29.09348299583552],[-82.4316690664277,29.0934059006042],[-82.4314081276173,29.0930991934925],[-82.4292749060988,29.0928293276248],[-82.4289263444334,29.0930589293179],[-82.4286215989502,29.093020372635],[-82.4282730346948,29.0932499721122],[-82.4279682888166,29.0932114136039],[-82.4280121088268,29.0929432566786],[-82.4269684244951,29.0917163863394],[-82.4270998909511,29.09091191325801],[-82.426838976681,29.0906051932361],[-82.4273210061482,29.08765544264102]]},"properties":{"segment_id":"8a1d8a110f19b1c46eb336cd","source_kmz":"withlacoochee","orientation":"unverified"}},{"type":"Feature","geometry":{"type":"LineString","coordinates":[[-82.0357186952046,29.07597571368071],[-82.0331244787113,29.0728989329431],[-82.0337104290112,29.0694148172186],[-82.03241343557562,29.0678763886822],[-82.0299776970924,29.0675589434178],[-82.0276433186093,29.0647896633449],[-82.0284097757209,29.0602334537167],[-82.0291088159236,29.059776801706],[-82.0295145311713,29.0573646625798],[-82.0292551814601,29.0570569594094],[-82.029300260153,29.0567889428816],[-82.028003543536,29.0552504137275],[-82.0276991232525,29.0552107224226],[-82.0274397868944,29.054903013264],[-82.0250044449658,29.0545854456871],[-82.0246549363044,29.054813761941],[-82.0240461023812,29.0547343594958],[-82.0222985238139,29.0558759122356],[-82.02077642744192,29.0556773669442],[-82.0205171150977,29.0553696415066],[-82.020562220872,29.0551016275193],[-82.0203029111,29.0547939011323],[-82.0209343709061,29.0510416835028],[-82.0230313606405,29.0496718266853],[-82.0257709522993,29.0500291407215],[-82.0271688833793,29.0491158429677],[-82.0274732812374,29.049155536362],[-82.0276986790681,29.0478154295011],[-82.0283976194111,29.0473587681773],[-82.0284426956262,29.0470907456269],[-82.0287921616946,29.0468624127795],[-82.0309554208689,29.0339970864478],[-82.0316542280417,29.03354038852701],[-82.0318795168733,29.0322002215134],[-82.0322289113905,29.0319718691817]]},"properties":{"segment_id":"da073202a926222474a113cc","source_kmz":"withlacoochee","orientation":"unverified"}},{"type":"Feature","geometry":{"type":"LineString","coordinates":[[-82.0311925515872,29.0381366038036],[-82.0322289113905,29.0319718691817]]},"properties":{"segment_id":"6385ee7b69fc912062dda845","source_kmz":"withlacoochee","orientation":"unverified"}},{"type":"Feature","geometry":{"type":"LineString","coordinates":[[-82.3903195101582,29.0837876495312],[-82.3907588553269,29.0811061626933],[-82.3959879035088,29.0776637529246]]},"properties":{"segment_id":"aad7413487a1723759c19d23","source_kmz":"withlacoochee","orientation":"unverified"}},{"type":"Feature","geometry":{"type":"LineString","coordinates":[[-82.3959879035088,29.0776637529246],[-82.3963364914169,29.0774342489048],[-82.39877388965601,29.0777434187678],[-82.4005167735037,29.0765958413787],[-82.4044775401904,29.0770980620364],[-82.4063031112396,29.07924553323],[-82.4069124815132,29.0793227742873],[-82.4071732875059,29.07962955091501],[-82.4093061009919,29.0798998620641],[-82.40965466167151,29.0796703163072],[-82.4099154788057,29.0799770860504],[-82.4102201681345,29.0800156967484],[-82.4104809884199,29.0803224648662],[-82.4107856792679,29.0803610739359],[-82.4113073280543,29.0809746060603],[-82.4112634607555,29.081242764057],[-82.4120459503111,29.0821630555042],[-82.4123506485869,29.0822016599839],[-82.4126114835034,29.0825084213138],[-82.4119534951405,29.0865307637568],[-82.4132577490849,29.0880645503475],[-82.4130822883419,29.0891371657283],[-82.4127336976132,29.0893667172306],[-82.4126459630775,29.0899030231741],[-82.413167685032,29.0905165319841],[-82.4134724142617,29.0905551325096],[-82.4139941463477,29.0911686363483],[-82.41460361060382,29.0912458317485],[-82.4153862305156,29.0921660764641],[-82.4156909667803,29.0922046705738],[-82.4167344917431,29.0934316484234],[-82.417431683211,29.09297252290221],[-82.41956487014882,29.093242622602]]},"properties":{"segment_id":"42d0010c3550aeb4e5218933","source_kmz":"withlacoochee","orientation":"unverified"}},{"type":"Feature","geometry":{"type":"LineString","coordinates":[[-82.3755001843747,29.0679454922296],[-82.3751955550556,29.0679067824191],[-82.3750196485404,29.0689793888193],[-82.37580162457601,29.0698999704942],[-82.3757136736722,29.0704362719564],[-82.3777990380355,29.0728911170511],[-82.3784083356687,29.072968520171],[-82.3789297008373,29.07358221978532],[-82.3788857336183,29.0738503694679],[-82.3797996924804,29.0739664633812],[-82.380148309392,29.0737370095485],[-82.3804529622354,29.0737757048311],[-82.3809743474362,29.0743893933584],[-82.3807985013907,29.0754619921338],[-82.38044987907331,29.0756914470962],[-82.380405915619,29.0759595960123],[-82.3816245615412,29.0761143682125],[-82.3819731823989,29.075884909695],[-82.3959879035088,29.0776637529246]]},"properties":{"segment_id":"a79c488f6888429286817f24","source_kmz":"withlacoochee","orientation":"unverified"}},{"type":"Feature","geometry":{"type":"LineString","coordinates":[[-81.9814573903373,29.0176692240013],[-81.9778308631865,29.0133592653321],[-81.9779213024996,29.0128232175239]]},"properties":{"segment_id":"f306ebadec924d68c176b91b","source_kmz":"withlacoochee","orientation":"unverified"}},{"type":"Feature","geometry":{"type":"LineString","coordinates":[[-82.3476517179087,29.0633080027053],[-82.3480482638639,29.0608947008072],[-82.3483969133708,29.060665342158],[-82.3487053135189,29.0587883166353]]},"properties":{"segment_id":"b5c770744271e110bbd86ec4","source_kmz":"withlacoochee","orientation":"unverified"}},{"type":"Feature","geometry":{"type":"LineString","coordinates":[[-82.3526134415643,29.0633922154689],[-82.3487053135189,29.0587883166353]]},"properties":{"segment_id":"32f06fe96b0fc33ded097c6c","source_kmz":"withlacoochee","orientation":"unverified"}},{"type":"Feature","geometry":{"type":"LineString","coordinates":[[-82.4873105042227,29.105081560918],[-82.4870493249123,29.1047749970429],[-82.4873547750918,29.1028977801288],[-82.4870936024407,29.102591214725],[-82.4873554100299,29.1009821635426],[-82.4897944091214,29.0993736368096],[-82.4900992059035,29.09941202027551],[-82.4904476260071,29.0991822247684],[-82.4919716107263,29.099374124334],[-82.4930168493804,29.09868471587],[-82.4931476913275,29.0978801762905],[-82.4928865131103,29.0975736211348],[-82.4932349178935,29.0973438156037],[-82.4935397088558,29.0973821895512],[-82.4937141548008,29.0963094654647],[-82.4940625520422,29.0960796565536],[-82.4941497708618,29.09554329276702],[-82.493627423593,29.0949301829377],[-82.4936710339388,29.094662000563],[-82.4939758153262,29.0947003735313],[-82.4940194244348,29.09443219086531],[-82.4934970850622,29.0938190787398],[-82.4931923071065,29.0937807043378],[-82.4929311415297,29.0934741462172],[-82.4926263650909,29.0934357701857],[-82.492365202666,29.093129210438],[-82.4920168130525,29.0933590155317],[-82.4834832020314,29.0922840876356],[-82.4832220767226,29.0919775049161],[-82.482873666783,29.0922072811619],[-82.4816545996452,29.0920536578506],[-82.4813061850813,29.0922834289968],[-82.4810014183194,29.0922450200482],[-82.4804791880579,29.0916318416883],[-82.4805228388492,29.0913636624621],[-82.4794784040106,29.0901372950253],[-82.4804823572538,29.08396911058931],[-82.4789158558869,29.0821295203933],[-82.4776969429131,29.08197584861851],[-82.4769137329152,29.0810560327051],[-82.4769573896195,29.0807878479794],[-82.4766963241254,29.0804812408565],[-82.4770447021883,29.0802514779466],[-82.477393941265,29.0781059900651],[-82.476610770836,29.077186163238],[-82.4766544264918,29.0769179760933],[-82.4770027898285,29.0766882113137],[-82.47621963697581,29.0757683784554],[-82.4759149327258,29.0757299535998],[-82.4752182061441,29.0761894759646],[-82.4746087957761,29.0761126198169],[-82.4743477534834,29.0758060035054],[-82.4744787392177,29.075001441515],[-82.4739566644352,29.0743882057324],[-82.4740003271404,29.0741200178228],[-82.4736956299145,29.0740815865491],[-82.4734345973077,29.0737749665042],[-82.4734782613667,29.0735067784029],[-82.4726951770587,29.0725869128122],[-82.472390486017,29.0725484777109],[-82.4720421272522,29.0727782299393],[-82.4717374358137,29.072739793013],[-82.471476414572,29.0724331672261],[-82.4711717246504,29.0723947286709],[-82.471215395244,29.0721265405777],[-82.4663404098945,29.0715114078311],[-82.4637305197526,29.0684449714987],[-82.4631211763627,29.0683680490548],[-82.4613793231656,29.069516659887],[-82.4610746485085,29.0694781925626],[-82.4596811288043,29.07039705482],[-82.4575483951106,29.0701277324522],[-82.4572000056662,29.0703574381524],[-82.4569390451492,29.07005077543341],[-82.456634370589,29.0700122956289],[-82.4563734132224,29.06970563128341],[-82.4564171298554,29.0694374474118],[-82.4561561750784,29.0691307821091],[-82.455851504229,29.0690923000085],[-82.4542858231675,29.0672522855143],[-82.4539374367398,29.0674819823053],[-82.4536327729162,29.0674434937879],[-82.4533718345664,29.0671368202565],[-82.45306717226012,29.0670983301104],[-82.4528062370605,29.0667916549525],[-82.4528499636065,29.06652347061],[-82.4510220088173,29.0662925075993],[-82.4494564863813,29.06445241044],[-82.449500222443,29.0641842259163],[-82.4487174890789,29.0632641654221],[-82.4484128430175,29.063225661776],[-82.4481519369589,29.0629189724569],[-82.4481956764009,29.0626507874532],[-82.4479347729312,29.0623440971769],[-82.4476301305805,29.062305591235],[-82.4473692302606,29.0619988993322],[-82.4474129717306,29.0617307140406],[-82.4471520739996,29.0614240211805],[-82.4465427969997,29.0613470038421],[-82.4458460288979,29.0618063528466],[-82.4437135587699,29.0615367515068],[-82.4429309138151,29.0606166430837],[-82.4429746687897,29.0603484586815],[-82.44219204307711,29.0594283422195],[-82.4422357997987,29.0591601573351]]},"properties":{"segment_id":"0db0e7bd08926d9d17ae1f5d","source_kmz":"withlacoochee","orientation":"unverified"}},{"type":"Feature","geometry":{"type":"LineString","coordinates":[[-82.0264336992011,28.996153871688],[-82.0177016060331,29.0018623365822],[-82.017611433243,29.0023984321761],[-82.0172621222699,29.0026267538009],[-82.017081768261,29.00369894144911],[-82.0167324504182,29.00392726062641],[-82.0164282220879,29.0038875325197],[-82.0160789016761,29.0041158494742],[-82.01364508011741,29.0037979858857],[-82.0084049656812,29.0072224734675],[-82.0081342479516,29.008830713322],[-82.0077848842997,29.0090590006331],[-82.0077397624255,29.0093270396262],[-82.007390395627,29.0095553253805],[-82.0073452722223,29.0098233638807],[-82.008122646479,29.0107467359604],[-82.0084268957916,29.0107864868213],[-82.0086860255959,29.0110942750417],[-82.00899027643891,29.0111340242795],[-82.0089000378831,29.0116701003372],[-82.0109731654623,29.014132367683],[-82.0108378213931,29.0149364780242],[-82.0111420872212,29.0149762208168],[-82.0124378700512,29.0165151048644],[-82.0123025361987,29.0173192123245],[-82.0105555785952,29.0184606799117],[-82.01025130038092,29.018420935806],[-82.0099019024794,29.0186492245807],[-81.9998608616257,29.0173371536859],[-81.9970106829335,29.0139512550826],[-81.9933596373264,29.0134738051961],[-81.9928414775914,29.0128581578828],[-81.9916244815785,29.0126989742493],[-81.99136540953612,29.0123911462657],[-81.9901484231187,29.0122319457968],[-81.9887507041615,29.0131448468048],[-81.9826657884562,29.0123485605311],[-81.9809185305792,29.0134895621192],[-81.9803100387449,29.0134099048964],[-81.9799605801283,29.0136380995067],[-81.9796563339823,29.0135982686391],[-81.979138274252,29.0129825557],[-81.9779213024996,29.0128232175239]]},"properties":{"segment_id":"e5c242311a142f6d5e156689","source_kmz":"withlacoochee","orientation":"unverified"}},{"type":"Feature","geometry":{"type":"LineString","coordinates":[[-81.9335582372223,28.9993337547976],[-81.9485861075668,28.9895263670104],[-81.9498026849031,28.9896860452934],[-81.9501521257321,28.9894579349163],[-81.9519769964632,28.9896974207105],[-81.95512184252,28.9876443185781],[-81.955425982699,28.9876842211937],[-81.9557753998588,28.98745609146791],[-81.9563836797622,28.9875358921879],[-81.9567330936944,28.9873077592754],[-81.957341373433,28.9873875546223],[-81.9580401929386,28.9869312811632]]},"properties":{"segment_id":"4b9d363f6700078148c2ec9a","source_kmz":"withlacoochee","orientation":"unverified"}},{"type":"Feature","geometry":{"type":"LineString","coordinates":[[-81.9144581179156,29.0184666510238],[-81.95395733618192,28.9926969701303],[-81.9540026212353,28.9924289426853],[-81.9543520620691,28.9922008202435],[-81.9546237588519,28.9905926496647],[-81.95532261990772,28.9901363974273],[-81.95536789920702,28.98986836771502],[-81.9578138442455,28.98827144308831],[-81.9580401929386,28.9869312811632]]},"properties":{"segment_id":"569bfa5b8afb82f859cd046a","source_kmz":"withlacoochee","orientation":"unverified"}},{"type":"Feature","geometry":{"type":"LineString","coordinates":[[-82.0896658614436,29.013973215856],[-82.0900150221996,29.0137446662029],[-82.0905084754772,29.0107958811432],[-82.0897301924349,29.0098731032336],[-82.0890318997538,29.010330203797],[-82.0887276139379,29.0102906802499],[-82.0884681924591,29.0099830838046],[-82.0885130562216,29.0097150115729],[-82.0882536373148,29.0094074141753],[-82.0882985014558,29.0091393416526],[-82.08803908512091,29.0088317433026],[-82.0880839496404,29.00856367048882],[-82.0878245358775,29.00825607118651],[-82.0875202581696,29.0082165440316],[-82.0871711136578,29.0084450887227],[-82.0868668355715,29.008405559743],[-82.08660742677,29.0080979573938],[-82.0867420320385,29.0072937386972],[-82.0926771678124,29.0034083203355]]},"properties":{"segment_id":"297795b98e680e8feb51f875","source_kmz":"withlacoochee","orientation":"unverified"}},{"type":"Feature","geometry":{"type":"LineString","coordinates":[[-82.128440081186,29.0294089048034],[-82.1287892004306,29.02918023835881],[-82.130399836854,29.0195293682265],[-82.1307489095423,29.0193006898814],[-82.1309278412605,29.0182283541596],[-82.1312769070815,29.0179996733736],[-82.1320372946662,29.0134422066271],[-82.134480554464,29.0118413707056],[-82.1345252718884,29.0115732805961],[-82.1348743001352,29.0113445844217],[-82.1350084469707,29.0105403120324],[-82.1353574695914,29.0103116137127],[-82.1355810357246,29.0089711543391],[-82.1362790628483,29.0085137509676]]},"properties":{"segment_id":"87771da1cba60f4054086c13","source_kmz":"withlacoochee","orientation":"unverified"}},{"type":"Feature","geometry":{"type":"LineString","coordinates":[[-82.0322289113905,29.0319718691817],[-82.0353733762524,29.0299166415162],[-82.0368950387511,29.0301149935288],[-82.037943149417,29.0294298805221],[-82.038551812447,29.0295092095129],[-82.0389011775264,29.0292808340655],[-82.0401185043884,29.029439477848],[-82.040817223509,29.0289827154701],[-82.0499472821333,29.0301720463127],[-82.0509952866657,29.0294868066248],[-82.0537343368813,29.0298434285504],[-82.0589740123469,29.0264169301026],[-82.06536501068712,29.02724847297541],[-82.0664128523818,29.0265630786215],[-82.0670215215195,29.0266422475712],[-82.0670664628927,29.0263741952618],[-82.066807071172,29.0260665589144],[-82.0669418955611,29.0252624005284],[-82.0653855972544,29.0234165627506],[-82.0654754867266,29.02288045504361],[-82.0649567385385,29.0222651685527],[-82.06465242071572,29.0222255782586],[-82.0670341932977,29.0080184341242],[-82.0705260844574,29.0057335799881],[-82.0705710033874,29.0054655124158],[-82.0719677015267,29.0045515343216],[-82.0722820912504,29.002675047532],[-82.073678724166,29.0017610409935],[-82.0737236308718,29.0014929694829],[-82.0743321246773,29.0015721020776],[-82.0746812755711,29.0013435950737],[-82.0755940164397,29.0014622846123],[-82.0762923085184,29.001005261052],[-82.076596554719,29.00104482058221],[-82.0769456972345,29.000816305951],[-82.0802924170927,29.0012513932965],[-82.0805517814836,29.001559016024],[-82.0832900438507,29.0019149121359],[-82.0835494213095,29.0022225271515],[-82.0926771678124,29.0034083203355]]},"properties":{"segment_id":"abefd5824aa2424b2e86730d","source_kmz":"withlacoochee","orientation":"unverified"}},{"type":"Feature","geometry":{"type":"LineString","coordinates":[[-82.2714942264007,29.0442727589506],[-82.273930195367,29.04458477207301],[-82.2742789799675,29.0443556437026],[-82.2764104630146,29.0446286031507],[-82.2767592410064,29.0443994667894],[-82.2785862335143,29.0446333926071],[-82.2789350055684,29.0444042492171],[-82.2798485036386,29.0445211975912],[-82.2801972717686,29.0442920500589],[-82.2805017710213,29.0443310301625],[-82.28085053656991,29.0441018804121],[-82.2823730337318,29.0442967631768],[-82.2834193088461,29.0436092919582],[-82.285012390733,29.0339564689201],[-82.2831909214665,29.0318067099227],[-82.2844741064713,29.0240306215286]]},"properties":{"segment_id":"2f4c44e1dd4b94e6e102c6ff","source_kmz":"withlacoochee","orientation":"unverified"}},{"type":"Feature","geometry":{"type":"LineString","coordinates":[[-82.330789834059,29.0712885079055],[-82.330878073866,29.0707522442194],[-82.3300965843347,29.0698313391914],[-82.3304495484032,29.0676862743914],[-82.3291471310083,29.0661514116767],[-82.3291912536092,29.0658832772259],[-82.3234038954309,29.0651451568905],[-82.3210598824215,29.0623822183322],[-82.3211481752043,29.0618459508923],[-82.3208877402169,29.0615389532312],[-82.3212364668552,29.0613096826749],[-82.3207156014825,29.0606956861116],[-82.319497293095,29.06054022061811],[-82.3181951878832,29.0590051988879],[-82.3175860477737,29.05892745332231],[-82.31628400272791,29.0573924024652],[-82.3159794392908,29.0573535245678],[-82.3157190372536,29.057046511054],[-82.3154144753381,29.05700763152951],[-82.3151540764505,29.0567006163922],[-82.3148495160567,29.0566617352407],[-82.3145891203188,29.05635471848],[-82.3139800028575,29.0562769520599],[-82.3137196115078,29.0559699329117],[-82.3073239725489,29.0551531610408],[-82.3069752334508,29.0553823901136],[-82.3036251793008,29.0549543947585],[-82.3032764308978,29.0551836119928],[-82.2999264036321,29.05475550163352],[-82.299228886308,29.0552139111687],[-82.2989243387307,29.05517498494301],[-82.2992338284529,29.0532980757284],[-82.2987131744297,29.0526839609458],[-82.2989342367358,29.051343304715],[-82.2984135970748,29.05072918554041],[-82.2985020227016,29.0501929213039],[-82.2891318638724,29.0391381814939],[-82.29045883767651,29.0310940211678],[-82.2844741064713,29.0240306215286]]},"properties":{"segment_id":"1021fdb296763dedad348bd7","source_kmz":"withlacoochee","orientation":"unverified"}},{"type":"Feature","geometry":{"type":"LineString","coordinates":[[-82.1061713390251,29.010089964229],[-82.104954168631,29.0099320581656],[-82.103906850702,29.0106178548414],[-82.098429604781,29.0099070548597],[-82.0981701488477,29.0095994814578],[-82.0975615741894,29.0095204849143],[-82.0970426730026,29.0089053324917],[-82.0967383885846,29.008865831403],[-82.09647894209081,29.0085582531442],[-82.0965237794408,29.0082901766404],[-82.0960048935038,29.0076750173605],[-82.0960497318986,29.0074069404703],[-82.0957902924554,29.0070993594492],[-82.096776679152,29.0012016162292],[-82.0957389990391,28.9999712751726],[-82.0961425047919,28.9975585312769],[-82.0956236881551,28.9969433538847],[-82.0957133556056,28.9964071860371],[-82.0954539514773,28.9960995958638]]},"properties":{"segment_id":"da96b3a616f0ab0a86cec90d","source_kmz":"withlacoochee","orientation":"unverified"}},{"type":"Feature","geometry":{"type":"LineString","coordinates":[[-82.4699694939383,29.0415877228758],[-82.4678800461008,29.0429662752987],[-82.468401880309,29.0435795877385],[-82.468183553945,29.0449206144903],[-82.46783529864611,29.0451503687168],[-82.4677042957606,29.0459549815588],[-82.4666595072649,29.0466442340875],[-82.4665721631915,29.0471806399235]]},"properties":{"segment_id":"0a46d8c3d2fb7c8e32a309cf","source_kmz":"withlacoochee","orientation":"unverified"}},{"type":"Feature","geometry":{"type":"LineString","coordinates":[[-81.9580401929386,28.9869312811632],[-81.9650279692178,28.9823682692305],[-81.9652994291203,28.980760032718],[-81.9663475075493,28.980075532079],[-81.966845116004,28.9771270702767],[-81.9675437981344,28.9766707236652]]},"properties":{"segment_id":"e591688358f8362c91e70a05","source_kmz":"withlacoochee","orientation":"unverified"}},{"type":"Feature","geometry":{"type":"LineString","coordinates":[[-81.9779213024996,29.0128232175239],[-81.9766262113513,29.0112839049912],[-81.9769427630292,29.0094077281754],[-81.9764247491847,29.00879199584782],[-81.97678651576481,29.0066477804971],[-81.9752325517605,29.0048005584321],[-81.9764987002285,28.99729568994641],[-81.967435925896,28.98651952094],[-81.9677525898561,28.9846432564877],[-81.9667170112604,28.983411624905],[-81.9667622504597,28.9831435859596],[-81.9665033612318,28.9828356758293],[-81.9675437981344,28.9766707236652]]},"properties":{"segment_id":"f04b3c5e45e0efe6cd87f989","source_kmz":"withlacoochee","orientation":"unverified"}},{"type":"Feature","geometry":{"type":"LineString","coordinates":[[-82.3230548196566,29.0275932608404],[-82.3251462666245,29.0262174619526],[-82.3254507210227,29.0262563169583],[-82.3257992881609,29.0260270117879],[-82.3267126510347,29.0261435687434],[-82.3281068924223,29.0252263239676],[-82.3329781610072,29.02584776837231],[-82.3357664660484,29.0240130954764]]},"properties":{"segment_id":"4317f3ab0de1654a8fd6a3ef","source_kmz":"withlacoochee","orientation":"unverified"}},{"type":"Feature","geometry":{"type":"LineString","coordinates":[[-82.3487053135189,29.0587883166353],[-82.3442766216722,29.0535703307314],[-82.3447613484176,29.0506206820639],[-82.3445008617393,29.0503137329247],[-82.3445889915495,29.0497774304469],[-82.3443285081285,29.0494704802562],[-82.3450257304203,29.0490117728705],[-82.3453302769765,29.0490505696068],[-82.345638703108,29.0471734993376],[-82.3459873020489,29.0469441407468],[-82.3462075917677,29.0456033689647],[-82.343342456849,29.0422268779228],[-82.3435187131546,29.04115425277571],[-82.3432582605003,29.0408472935005],[-82.3440073108344,29.03628860023962],[-82.3354138224208,29.02615840774421],[-82.3357664660484,29.0240130954764]]},"properties":{"segment_id":"9c88905f825ac163649337b9","source_kmz":"withlacoochee","orientation":"unverified"}},{"type":"Feature","geometry":{"type":"LineString","coordinates":[[-82.4140981479287,29.0410900952323],[-82.4179302874731,29.0385646123745],[-82.4185393722466,29.0386417955172],[-82.42028117065071,29.0374937889846],[-82.4208902497988,29.0375709590618],[-82.42115097691182,29.03787773334661],[-82.42176005965611,29.03795489844161],[-82.42245676136162,29.0374956780224],[-82.4225005698593,29.0372274866996],[-82.423197261446,29.0367682606786],[-82.4233286778359,29.0359636837859],[-82.4254186844664,29.0345859703552],[-82.4260277471889,29.0346631119869],[-82.4267243980748,29.0342038602994],[-82.4273334592201,29.0342809946338],[-82.4275941997007,29.0345877558316],[-82.42789873193061,29.0346263209393],[-82.428159475559,29.0349330805108],[-82.4287685433335,29.0350102066069],[-82.4290292913459,29.0353169637871],[-82.4296383627156,29.035394084901],[-82.4306833155844,29.0347051717626],[-82.4307708766546,29.0341687785654],[-82.4314674973982,29.033709495699],[-82.431555052401,29.0331731005524],[-82.4319033574333,29.0329434566527],[-82.4422574746836,29.034253777945]]},"properties":{"segment_id":"f4f8dec1494048eed409cdc4","source_kmz":"withlacoochee","orientation":"unverified"}},{"type":"Feature","geometry":{"type":"LineString","coordinates":[[-82.458750474721,29.0303168013418],[-82.45700935347,29.0314654489699],[-82.4567908761654,29.0328064925939],[-82.4564426400012,29.0330362168961],[-82.45618045057851,29.0346454610684],[-82.4569629983238,29.0355655320998],[-82.4584857476545,29.03575793412301],[-82.4583109763323,29.0368307604799],[-82.4588327021545,29.03744412843381],[-82.457915107584,29.0430764116998]]},"properties":{"segment_id":"e90b3f9d340a2927fcc010fe","source_kmz":"withlacoochee","orientation":"unverified"}},{"type":"Feature","geometry":{"type":"LineString","coordinates":[[-82.388095230891,29.02903057773131],[-82.3891404461488,29.0283420561694],[-82.3892282667804,29.0278056883391],[-82.388967688058,29.0274988293442],[-82.3890115986256,29.0272306450404],[-82.3900567838694,29.0265421115531],[-82.3901006904457,29.0262739261748],[-82.3904490804692,29.02604441221],[-82.3907125065994,29.0244352940893],[-82.3910608872928,29.0242057771106],[-82.3912803951488,29.0228648385184],[-82.3916287677491,29.0226353188189],[-82.3916726672399,29.02236713022261],[-82.391977138439,29.022405797865],[-82.3923255072185,29.0221762756564],[-82.3925449894948,29.02083532779312],[-82.3928933501817,29.0206058028637],[-82.39311281924431,29.019264848661],[-82.3938095225232,29.018805792106],[-82.3938973032341,29.0182694078871],[-82.3945939939267,29.017810345141],[-82.3948984499017,29.0178490049729],[-82.3949423364076,29.0175808118861],[-82.3952906769783,29.0173512773768],[-82.3953345619667,29.0170830838018],[-82.3965523783423,29.0172377098692],[-82.3969007130708,29.0170081699674],[-82.3996408102974,29.0173560194897],[-82.3999891370497,29.0171264696828]]},"properties":{"segment_id":"fddeb26044f7f61f6c3aa0ad","source_kmz":"withlacoochee","orientation":"unverified"}},{"type":"Feature","geometry":{"type":"LineString","coordinates":[[-82.0044245302761,28.9680752611825],[-82.0030277036968,28.9689884466878],[-82.0012031383962,28.96874981260971],[-82.0008539230158,28.9689781000604],[-81.9920353180797,28.967824236803],[-81.9904817380057,28.96597705737],[-81.99017765995652,28.9659372514928],[-81.9878474294617,28.9631664176923],[-81.9878925901216,28.9628983564717],[-81.9876336857991,28.9625904816717],[-81.9878594880759,28.9612501721389],[-81.9873416917634,28.960634419012],[-81.9843011331014,28.960236227635],[-81.98325344956251,28.9609209363674],[-81.98320827512562,28.9611889969559],[-81.98006511059842,28.9632430524132],[-81.9782407358856,28.9630040263181],[-81.9771929682075,28.9636886714562],[-81.975672653967,28.9634894449105],[-81.9753233909581,28.9637176526224],[-81.9646813706131,28.9623224300077],[-81.9643320825327,28.9625506027657]]},"properties":{"segment_id":"da2f55984576f1bb9cb1cf59","source_kmz":"withlacoochee","orientation":"unverified"}},{"type":"Feature","geometry":{"type":"LineString","coordinates":[[-82.1507768876933,29.0054596424816],[-82.1497383614987,29.0042298340667],[-82.1497830260039,29.0039617326065],[-82.1495233998893,29.0036542782621],[-82.1506845939855,28.9966835690995],[-82.14990577912612,28.99576119344592],[-82.1499950977446,28.9952249789913],[-82.1466204489474,28.9912279260866],[-82.14697778136022,28.9890830504552],[-82.14671821167,28.9887755780723],[-82.14685220860702,28.9879712461892],[-82.1463330789463,28.9873562982727],[-82.1463777453539,28.987088187061],[-82.1453395115706,28.9858582805451],[-82.1461435060249,28.9810322382956]]},"properties":{"segment_id":"4d2526cea14795fb06367f8b","source_kmz":"withlacoochee","orientation":"unverified"}},{"type":"Feature","geometry":{"type":"LineString","coordinates":[[-82.3357664660484,29.0240130954764],[-82.3392516754675,29.0217196413786],[-82.3395561200508,29.0217584570118],[-82.340076881327,29.0223724213937],[-82.3403813286671,29.0224112346359],[-82.3414268536051,29.0217231641527],[-82.3418674393357,29.0190414680329],[-82.3413466856485,29.0184275072592],[-82.3416951766412,29.0181981463191],[-82.3420035706134,29.0163209440239],[-82.3414828328507,29.0157069797943],[-82.3417912224076,29.0138297665892],[-82.3421396930435,29.013600401616],[-82.3422277993315,29.013064052642],[-82.3443185682075,29.0116878329168],[-82.3443626135069,29.0114196563742],[-82.3450595187171,29.0109609058364],[-82.3451916455013,29.0101563732743],[-82.345540091532,29.0099269952411],[-82.3455841319923,29.0096588170362],[-82.345932574877,29.0094294374539],[-82.3463289151937,29.0070158221802],[-82.3477226231189,29.00609828072041],[-82.3478106857485,29.0055619172721],[-82.3481150755465,29.0056007102971],[-82.34846349460922,29.0053713202452],[-82.3485075233098,29.0051031378356],[-82.3488559392268,29.0048737462346],[-82.3491603270073,29.0049125363758],[-82.3495087403428,29.0046831425583],[-82.3498131277328,29.00472193087551],[-82.3508583542669,29.0040337390084],[-82.3511627399213,29.004072523579],[-82.3515111442753,29.0038431228185],[-82.3518155295392,29.0038819055652],[-82.3535575193103,29.0027348781293],[-82.3544706667047,29.0028512067745],[-82.3548190569139,29.0026217946383],[-82.3672989646013,29.004210801894]]},"properties":{"segment_id":"09f15215e7e3ef797a158cd2","source_kmz":"withlacoochee","orientation":"unverified"}},{"type":"Feature","geometry":{"type":"LineString","coordinates":[[-81.9305758175932,28.9655155907288],[-81.9300584160339,28.9648995690516],[-81.9311466517125,28.9584666552414],[-81.93037061122502,28.9575426094322],[-81.93068799569892,28.9556663195327],[-81.930429323966,28.9553583018823],[-81.9307786743663,28.9551302349315],[-81.9308693518735,28.9545941495425],[-81.9312186978901,28.9543660807339],[-81.9316267211458,28.9519536840463],[-81.9365172093524,28.9487605507218],[-81.9383411547743,28.9490002913826],[-81.9386904571331,28.948772195197]]},"properties":{"segment_id":"be427bac2874a0100e459350","source_kmz":"withlacoochee","orientation":"unverified"}},{"type":"Feature","geometry":{"type":"LineString","coordinates":[[-82.1551887894788,28.9808328634567],[-82.1536313724787,28.9789880972871],[-82.1537206493598,28.9784518575391],[-82.1534610878634,28.97814439331381],[-82.1536396408644,28.9770719110791],[-82.1533354454529,28.9770325665594],[-82.152556784116,28.97611016529091],[-82.151035829923,28.9759134183288],[-82.1475473794521,28.97820104635891]]},"properties":{"segment_id":"0b99d4f3bb7b64c204ace49a","source_kmz":"withlacoochee","orientation":"unverified"}},{"type":"Feature","geometry":{"type":"LineString","coordinates":[[-82.1007044670559,28.9721292048896],[-82.0978517518007,28.9687455949795]]},"properties":{"segment_id":"4a1fef24a302e6fb8ee0bc04","source_kmz":"withlacoochee","orientation":"unverified"}},{"type":"Feature","geometry":{"type":"LineString","coordinates":[[-82.237386309747,29.0286713377374],[-82.2399866588828,29.0317435370348],[-82.24103312513051,29.0310564556031],[-82.24178765500152,29.026498364788],[-82.2442291953518,29.0248950957482],[-82.2444066851667,29.0238225873486],[-82.2447554640557,29.02359354270961],[-82.2448442047804,29.0230572867496],[-82.2451929792836,29.0228282402648],[-82.2452373479809,29.02256011169751],[-82.2476787073908,29.0209567490579],[-82.2485919058621,29.0210739687466],[-82.2503356667009,29.0199286575922],[-82.2506461155531,29.0180517253223],[-82.24934593418831,29.0165157131061],[-82.2490415506362,29.0164766424281],[-82.2493963667171,29.0143315622173],[-82.2507912580512,29.0134152901928],[-82.2508356038299,29.0131471531089],[-82.2511843206544,29.0129180816667],[-82.2512286649108,29.0126499440928],[-82.2515330355706,29.0126890089681],[-82.2516660637732,29.01188459477631],[-82.2544556846903,29.0100519608811],[-82.2547216739984,29.00844311307811],[-82.2550703605979,29.0082140264189],[-82.25511468991742,29.0079458841398],[-82.2554633733707,29.0077167959295],[-82.2556406828575,29.00664422368],[-82.2563380341362,29.0061860411324],[-82.2597058633495,28.9858065291204]]},"properties":{"segment_id":"b0fc437d976bdd5aecc9c5d6","source_kmz":"withlacoochee","orientation":"unverified"}},{"type":"Feature","geometry":{"type":"LineString","coordinates":[[-82.2844741064713,29.0240306215286],[-82.2831732115994,29.0224950396996],[-82.2834386885198,29.0208861704639],[-82.2831785192992,29.0205790509433],[-82.28322276513161,29.0203109052916],[-82.28296259849111,29.0200037848155],[-82.2838474690355,29.0146408288721],[-82.2820264499377,29.01249094801331],[-82.2821149401498,29.0119546467775],[-82.2815946688405,29.0113403869814],[-82.2816389148632,29.0110722358782],[-82.2803382733441,29.0095365708616],[-82.2804267712474,29.0090002671068],[-82.2788660724535,29.0071574395608],[-82.278257346154,29.00707946212921],[-82.27799723884291,29.0067723196689],[-82.2780857488197,29.0062360141811],[-82.276265060464,29.0040859915373],[-82.2753520085683,29.003969001193],[-82.2743061625765,29.0046564612629],[-82.2742618964602,29.00492461359771],[-82.2681748897254,29.0041444199064],[-82.2678262559312,29.0043735512227],[-82.2672175601565,29.00429551095482],[-82.26686892311342,29.0045246390914],[-82.2644341459993,29.0042124358256],[-82.2640855016854,29.0044415550123],[-82.2622594267445,29.0042073605675],[-82.2609592473198,29.00267143593131],[-82.2617567393793,28.9978447354918],[-82.2614967212809,28.9975375462517],[-82.2621169387062,28.9937834007525],[-82.2613369240007,28.9928618238237],[-82.2620457079886,28.9885713202365],[-82.2597058633495,28.9858065291204]]},"properties":{"segment_id":"8afbfa74ea6546e1776c045f","source_kmz":"withlacoochee","orientation":"unverified"}},{"type":"Feature","geometry":{"type":"LineString","coordinates":[[-81.9154021935299,28.9413245042612],[-81.9161008572094,28.9408684506567],[-81.9167087611202,28.9409484843919],[-81.9174074145549,28.9404924218913],[-81.9183192686365,28.9406124602584],[-81.9196121961798,28.9421527415301],[-81.919430722905,28.9432249256218],[-81.9197346848518,28.9432649332942],[-81.9199932799457,28.943572985838],[-81.9202972434236,28.9436129918891],[-81.9205558416594,28.9439210428172],[-81.9208598066682,28.9439610472471],[-81.9218942235865,28.9451932393621],[-81.9331413165033,28.9466726852758],[-81.9344346099698,28.9482127655616],[-81.9386904571331,28.948772195197]]},"properties":{"segment_id":"7427ea3dcd2f3bb9e98a7303","source_kmz":"withlacoochee","orientation":"unverified"}},{"type":"Feature","geometry":{"type":"LineString","coordinates":[[-82.0593279790522,28.9853757707574],[-82.0582910452381,28.9841450214375],[-82.0595494388475,28.9766387981127],[-82.0605966949961,28.9759533747041],[-82.0612049908599,28.9760325863504],[-82.0629503730423,28.974890179194],[-82.0650793943641,28.9751673591249],[-82.0661163167814,28.9763980704616],[-82.0676370797169,28.9765960150427],[-82.0742689899755,28.9722543107689],[-82.0763979817394,28.9725312689971],[-82.0955914855402,28.9599602451658],[-82.0956811136151,28.9594240283416],[-82.0963789457177,28.9589668272599]]},"properties":{"segment_id":"7aa72d04966ab63e0523b4a7","source_kmz":"withlacoochee","orientation":"unverified"}},{"type":"Feature","geometry":{"type":"LineString","coordinates":[[-82.259126588326,28.976147542702],[-82.2560841869355,28.9757570341967]]},"properties":{"segment_id":"a5a3fe4c8776699619fd1d2a","source_kmz":"withlacoochee","orientation":"unverified"}},{"type":"Feature","geometry":{"type":"LineString","coordinates":[[-82.2395674786469,29.0004728883264],[-82.2396118535129,29.0002047473045],[-82.2377922843099,28.9980540434348],[-82.23748797326,28.9980149383795],[-82.2375323534824,28.9977467965876],[-82.2364926492462,28.9965178006055],[-82.2369808423898,28.9935682237445],[-82.23732951558,28.9933391860354],[-82.2374626494828,28.9925347509878],[-82.238071232015,28.9926129614366],[-82.2387685625694,28.99215487663111],[-82.2399857256885,28.9923112794868],[-82.240334385427,28.9920822313522],[-82.2421601346125,28.9923168039948],[-82.2425087884269,28.9920877488334],[-82.2428130802826,28.9921268402939],[-82.2438590282735,28.9914396643849],[-82.2441633184046,28.991478752098],[-82.24486060618992,28.9910206266187],[-82.2449493117247,28.9904843275174],[-82.2452979502812,28.9902552623028],[-82.246210810631,28.99037251101752],[-82.2465594452716,28.9901434416614],[-82.2471680189189,28.9902216012362],[-82.2478652798,28.9897634549076],[-82.2484738519047,28.9898416071864],[-82.2509141955368,28.988238041991],[-82.25095852759011,28.987969888207],[-82.25200435682682,28.9872826262469],[-82.2520486848838,28.9870144713822],[-82.2530944932441,28.9863271972282],[-82.2531831410822,28.9857908851415],[-82.25353173758,28.9855617906537],[-82.25362038180812,28.98502547719381],[-82.2533604333526,28.9847182586185],[-82.2534490777849,28.9841819441821],[-82.2529291892736,28.9835675040656],[-82.2529735124033,28.9832993463605],[-82.2508940399928,28.9808415507305],[-82.2493727696977,28.9806461933695],[-82.2488529330362,28.9800317282334],[-82.24920759955971,28.9778864557745],[-82.2486877812371,28.9772719856518],[-82.2491754327724,28.9743222134165]]},"properties":{"segment_id":"ae02733dbdd0b12da21d28d3","source_kmz":"withlacoochee","orientation":"unverified"}},{"type":"Feature","geometry":{"type":"LineString","coordinates":[[-82.3181196780263,28.9801421742098],[-82.31916485818482,28.9794542477723],[-82.31946913982141,28.9794931241385],[-82.3198175287211,28.9792638118537],[-82.3487255075339,28.9829530425285]]},"properties":{"segment_id":"08f636968d65f3d7d7089689","source_kmz":"withlacoochee","orientation":"unverified"}},{"type":"Feature","geometry":{"type":"LineString","coordinates":[[-81.9386904571331,28.948772195197],[-81.9407862313527,28.9474035916027],[-81.9411033442144,28.9455272239211],[-81.9438975338834,28.9437023318071],[-81.9439428246376,28.94343427610581],[-81.9442920885493,28.943206158619],[-81.9443373777733,28.9429381024222],[-81.9446866385431,28.942709983376],[-81.944731926237,28.9424419266837],[-81.945081183865,28.9422138060783],[-81.9454434650637,28.9400693430545],[-81.9468404368714,28.9391568384756],[-81.9481534069527,28.9313830195804],[-81.9485026091872,28.9311548816288],[-81.948638416058,28.9303506831012]]},"properties":{"segment_id":"d3075368b25a5776449efaf9","source_kmz":"withlacoochee","orientation":"unverified"}},{"type":"Feature","geometry":{"type":"LineString","coordinates":[[-82.2169114673746,28.9627786138242],[-82.2187297342745,28.96492985738851],[-82.2202506476472,28.9651256546819],[-82.2207701819993,28.9657402803365],[-82.22107436800131,28.9657794356833],[-82.2218536875346,28.9667013654298],[-82.2221578775327,28.9667405176263],[-82.22220229025702,28.9664723614301],[-82.2228994899844,28.96601434965982],[-82.2232991694404,28.96360092974661],[-82.2236477553109,28.963371919316]]},"properties":{"segment_id":"a7bcc206f4caba0fe9f3a107","source_kmz":"withlacoochee","orientation":"unverified"}},{"type":"Feature","geometry":{"type":"LineString","coordinates":[[-82.223767647423,28.9663999520945],[-82.2235078662533,28.9660926474216],[-82.2235522743131,28.96582449023961],[-82.2232924957178,28.9655171846102],[-82.2236477553109,28.963371919316]]},"properties":{"segment_id":"18ef55a9402eed53537ac72a","source_kmz":"withlacoochee","orientation":"unverified"}},{"type":"Feature","geometry":{"type":"LineString","coordinates":[[-82.143141870073,28.9617444892762],[-82.1426229301585,28.9611294836281],[-82.1432482043251,28.9573756869381],[-82.1419509345169,28.9558381510306],[-82.1424422187081,28.9528887070109],[-82.14192333877442,28.9522736845102]]},"properties":{"segment_id":"81f184897aed205c4169a349","source_kmz":"withlacoochee","orientation":"unverified"}},{"type":"Feature","geometry":{"type":"LineString","coordinates":[[-82.4576910111813,28.9891211550868],[-82.45038151738541,28.9939456824537],[-82.4500771227523,28.9939071769383],[-82.44972902993692,28.9941369015851],[-82.448511451504,28.9939828670528],[-82.4482507608322,28.9936761257269],[-82.4476419757652,28.993599101754],[-82.4473812894729,28.993292358036],[-82.4467725079954,28.9932153290819],[-82.4465118260825,28.99290858297172],[-82.4462074369986,28.9928700664356],[-82.4459467582302,28.9925633186981],[-82.4450335963631,28.9924477616181],[-82.4436411825697,28.9933665908745],[-82.4415104624538,28.9930969005912],[-82.4412498001843,28.9927901416724],[-82.4409454139516,28.992751610273],[-82.4405973008912,28.9929813060994],[-82.440247473945,28.99512712377801],[-82.4367661395087,28.9974239896225],[-82.4364617384957,28.9973854460089],[-82.436330508852,28.9981901153277],[-82.4352860581402,28.9988791451086],[-82.4352423106597,28.9991473669449],[-82.4355029707104,28.9994541355719],[-82.4353279806844,29.0005270205766],[-82.4346316571874,29.0009863658978],[-82.4340228315063,29.0009092664363],[-82.433326497671,29.0013686028983],[-82.4315000192593,29.00113727227591],[-82.4297591310088,29.0022855626609],[-82.4294547155485,29.0022469997331],[-82.4289294820072,29.0054655937678],[-82.4285812831278,29.005695243604],[-82.4249281738648,29.0052323955196],[-82.4235353268687,29.00615093619991],[-82.423230900222,29.0061123560739],[-82.4225344639149,29.0065716169675],[-82.4224906715663,29.0068398285419],[-82.4221424493121,29.0070694568143],[-82.4220986554473,29.00733766790041],[-82.4217504300474,29.0075672946255],[-82.4217066346664,29.00783550522331],[-82.4206619432993,29.0085243769943],[-82.4206181439308,29.0087925865176],[-82.4202699084192,29.0090222076398],[-82.4201823063689,29.0095586255147],[-82.4204429436505,29.0098654226599],[-82.4203115404936,29.0106700477187],[-82.4205721817087,29.0109768437115],[-82.4204845795499,29.0115132592483],[-82.419439832236,29.01220211294091],[-82.418830938992,29.0121249298596],[-82.41861190059531,29.0134659599108],[-82.4188725442864,29.0137727578969]]},"properties":{"segment_id":"37a20a003fe96c871d4c67c7","source_kmz":"withlacoochee","orientation":"unverified"}},{"type":"Feature","geometry":{"type":"LineString","coordinates":[[-82.4809088129414,28.999171498512],[-82.4803871638817,28.9985581795098],[-82.4806923759564,28.9966804918596],[-82.4801707439994,28.99606716804182],[-82.4795619122237,28.9959903247143],[-82.477997077011,28.9941503233718],[-82.4761706328291,28.9939197451321],[-82.4737344437965,28.9955283807802],[-82.4731256218458,28.9954515010164],[-82.4724295479429,28.9959110960785],[-82.4684722149503,28.995411268509],[-82.4676899159965,28.9944911899577],[-82.4678644787861,28.9934182365331],[-82.464996226073,28.990044544467],[-82.4576910111813,28.9891211550868]]},"properties":{"segment_id":"a64d611272061d5facc795eb","source_kmz":"withlacoochee","orientation":"unverified"}},{"type":"Feature","geometry":{"type":"LineString","coordinates":[[-82.129126053613,28.9749940757113],[-82.1326148735507,28.9727070256042],[-82.1331512847144,28.9694896298773],[-82.1373374388233,28.9667449609961],[-82.1373821230317,28.966476839854],[-82.1377309555876,28.9662481089726],[-82.1407240631845,28.9482835250708]]},"properties":{"segment_id":"6be9e2f1e539991cada89848","source_kmz":"withlacoochee","orientation":"unverified"}},{"type":"Feature","geometry":{"type":"LineString","coordinates":[[-82.174152882736,28.9901304639749],[-82.1758970168152,28.9889862690379],[-82.1759415894455,28.9887181466725],[-82.1769880433018,28.9880316137319],[-82.1772922897652,28.9880708904512],[-82.177641103237,28.9878420426605],[-82.1803793282375,28.9881954856772],[-82.1817745390202,28.98728004730931],[-82.1818190919259,28.9870119213856],[-82.1860045264116,28.9842654820121],[-82.1860936016473,28.9837292224818],[-82.1867911424214,28.9832714637988],[-82.186531444606,28.9829640828636],[-82.1867986526182,28.9813552954435],[-82.1878449254851,28.9806686446649],[-82.1887354704449,28.9753059512232],[-82.1879564353984,28.9743838017393],[-82.186739630115,28.9742268047322],[-82.1859606270759,28.9733046383674],[-82.1866731060379,28.9690144242448],[-82.184076659938,28.9659404650738],[-82.1845665203342,28.9629909030953],[-82.1901453185586,28.9593285840647],[-82.1901898298105,28.9590604361542],[-82.190887142821,28.95860262304882],[-82.1911096824328,28.9572618775915],[-82.1935501746508,28.9556594817559],[-82.1978081139698,28.9562086671513],[-82.199625747764,28.9583602678836],[-82.2011464972087,28.9585563378914],[-82.2014951226323,28.9583273962434],[-82.2017992727074,28.9583666066974],[-82.2028451355432,28.957679771325],[-82.20314928389911,28.9577189780326],[-82.203497900366,28.9574900294324],[-82.2038020483386,28.9575292343165],[-82.2051964924823,28.9566134234972],[-82.2052409541226,28.9563452675724],[-82.205938162289,28.9558873540276],[-82.2065464491669,28.9559657494735],[-82.2068950490564,28.9557367888923],[-82.2081116235547,28.95589356559431],[-82.2080671713414,28.9561617230031],[-82.2083268650846,28.9564690724347],[-82.2081935087417,28.9572735431918],[-82.2089726074157,28.9581955854567],[-82.2084391804875,28.9614134473248],[-82.2087433450147,28.9614526378855],[-82.2090030576383,28.9617599816626],[-82.2093072236873,28.9617991705985],[-82.20956693945361,28.9621065127535],[-82.2098711070245,28.9621457000647],[-82.21013082593362,28.9624530405975],[-82.2125641866412,28.9627665019516],[-82.2129127983814,28.9625375257632],[-82.2141294828898,28.9626942319045],[-82.21447809005112,28.9624652506131],[-82.2169114673746,28.9627786138242]]},"properties":{"segment_id":"a6fa40a21909085c5124aa7d","source_kmz":"withlacoochee","orientation":"unverified"}},{"type":"Feature","geometry":{"type":"LineString","coordinates":[[-81.884406054138,28.9133968851954],[-81.8851046536617,28.9129410009675],[-81.8857123254489,28.9130212151128],[-81.88710949643252,28.91210942381541],[-81.9053400323027,28.9145140156854],[-81.9081339666497,28.9126899105542],[-81.921199600035,28.9144109635393],[-81.9255945535062,28.9196480556394],[-81.9258984329061,28.9196880482662],[-81.9261569779211,28.9199961040415],[-81.9267647400705,28.92007608519191],[-81.9277989490523,28.9213082936514],[-81.9281028355219,28.9213482798953],[-81.92939564570432,28.9228885174051],[-81.93000343191342,28.92296847971],[-81.93026200213092,28.9232765231235],[-81.9314775829877,28.9234364343595],[-81.9317361600656,28.9237444738769],[-81.9344712451088,28.9241042169393],[-81.9351696615005,28.9236480202222],[-81.9352149693297,28.9233799548525],[-81.938357737863,28.9213270045143],[-81.93866162943492,28.9213669609724],[-81.9390108157763,28.9211388481117],[-81.9411380602671,28.9214185124695],[-81.94139666661752,28.9217265303429],[-81.942308350892,28.9218463712983],[-81.9430067058213,28.9213901212198],[-81.9433105998375,28.9214300645579],[-81.94365977379091,28.9212019366648],[-81.9439636674361,28.92124187817941],[-81.9446620083204,28.9207856166858],[-81.9455736870295,28.9209054302886],[-81.9469703380654,28.9199928806223],[-81.9481859031601,28.9201526046393],[-81.947371095932,28.9249778878947],[-81.94892296584462,28.9268258761779],[-81.9495307992167,28.9269057275376]]},"properties":{"segment_id":"5cb05332c700ac6d369a39f6","source_kmz":"withlacoochee","orientation":"unverified"}},{"type":"Feature","geometry":{"type":"LineString","coordinates":[[-82.0759805365775,28.9360425874025],[-82.0798180392386,28.9335284749955],[-82.081338056645,28.9337262473133],[-82.0816869057855,28.9334976792766]]},"properties":{"segment_id":"5ab3e732820e836d5e1ac141","source_kmz":"withlacoochee","orientation":"unverified"}},{"type":"Feature","geometry":{"type":"LineString","coordinates":[[-82.4189143563787,28.9773665516259],[-82.4181327704401,28.9764460727048]]},"properties":{"segment_id":"9b5032f9833bfb9383f692c1","source_kmz":"withlacoochee","orientation":"unverified"}},{"type":"Feature","geometry":{"type":"LineString","coordinates":[[-82.4316104571988,28.9776070709812],[-82.4312623814819,28.9778367452639],[-82.4303494004347,28.97772105963921],[-82.430305648196,28.9779892934842],[-82.4181327704401,28.9764460727048]]},"properties":{"segment_id":"b53613d72de5204cadb5a8ee","source_kmz":"withlacoochee","orientation":"unverified"}},{"type":"Feature","geometry":{"type":"LineString","coordinates":[[-82.0816869057855,28.9334976792766],[-82.0827334417911,28.9328119676124]]},"properties":{"segment_id":"29f40c7fb8155179b94debf4","source_kmz":"withlacoochee","orientation":"unverified"}},{"type":"Feature","geometry":{"type":"LineString","coordinates":[[-82.06396235732241,28.9484494893758],[-82.0705922304503,28.9441077087425],[-82.0706371161344,28.9438396003037],[-82.0709860365564,28.9436110726445],[-82.07103092071462,28.9433429637117],[-82.0731243958525,28.9419717695309],[-82.0734284262274,28.9420113437737],[-82.0737773314258,28.9417828060413],[-82.0743853917083,28.9418619500182],[-82.0806653359669,28.9377480209031],[-82.0807101860207,28.9374799040426],[-82.0817567797422,28.9367942086384],[-82.081801625794,28.93652609068941],[-82.082150485324,28.9362975227395],[-82.0827334417911,28.9328119676124]]},"properties":{"segment_id":"ac6b314271ab0093d1491333","source_kmz":"withlacoochee","orientation":"unverified"}},{"type":"Feature","geometry":{"type":"LineString","coordinates":[[-82.4181327704401,28.9764460727048],[-82.4150065984562,28.9727640794224]]},"properties":{"segment_id":"a4494bfa7deb0e9fc56658fa","source_kmz":"withlacoochee","orientation":"unverified"}},{"type":"Feature","geometry":{"type":"LineString","coordinates":[[-82.3636715710543,28.9656907589334],[-82.3664098515837,28.9660394966149]]},"properties":{"segment_id":"50b2e3abe8f334166adb1d81","source_kmz":"withlacoochee","orientation":"unverified"}},{"type":"Feature","geometry":{"type":"LineString","coordinates":[[-82.2120626623165,28.9451732402186],[-82.2131013711227,28.9464026277445],[-82.2129236445715,28.9474752896483],[-82.2139623945437,28.9487046618625],[-82.2139179648673,28.9489728264586],[-82.2141776577907,28.9492801672655],[-82.2139110777692,28.95088915013291],[-82.2141707766064,28.9511964894973],[-82.21412634627562,28.9514646525238],[-82.2154248723782,28.9530013359645],[-82.2150250166726,28.9554147899957],[-82.2139792819586,28.9561017473941],[-82.2138904145848,28.9566380665775],[-82.2135418300621,28.9568670492713],[-82.21349739471151,28.9571352082727],[-82.2140168299755,28.9577498786275],[-82.21432098381142,28.95778905380501],[-82.2145807055385,28.95809638693022],[-82.21431410520631,28.9597053356666],[-82.2169114673746,28.9627786138242]]},"properties":{"segment_id":"a4786b4adb926f79596df0f4","source_kmz":"withlacoochee","orientation":"unverified"}},{"type":"Feature","geometry":{"type":"LineString","coordinates":[[-82.4798735758901,28.9787833467616],[-82.4774378982356,28.980392126187],[-82.4771335404327,28.9803536957538],[-82.4764376139952,28.9808133338169],[-82.4712635511189,28.9801598517972],[-82.4576910111813,28.9891211550868]]},"properties":{"segment_id":"b3ccf13333c119af45d6dbce","source_kmz":"withlacoochee","orientation":"unverified"}},{"type":"Feature","geometry":{"type":"LineString","coordinates":[[-82.4853519789763,28.9794748260225],[-82.4798735758901,28.9787833467616]]},"properties":{"segment_id":"28fbfe902179b67c17c704bb","source_kmz":"withlacoochee","orientation":"unverified"}},{"type":"Feature","geometry":{"type":"LineString","coordinates":[[-82.4150065984562,28.9727640794224],[-82.4144855965107,28.97215040180451],[-82.4141812976006,28.9721117928972],[-82.41366030575801,28.9714981103013],[-82.4033143937169,28.9701848422461],[-82.402793493469,28.9695711042163],[-82.4018806418618,28.9694551751656],[-82.4016201983044,28.9691483025642],[-82.4010116344395,28.969071010689],[-82.4007511952597,28.9687641356967],[-82.39970681884921,28.9694528709339],[-82.39931219441742,28.9718669057999],[-82.3998330834351,28.9724806571657],[-82.3997453887214,28.97301710681482],[-82.40000583743921,28.9733239810096],[-82.3994796536494,28.9765426612956],[-82.3973906687762,28.977920069353],[-82.3967820450853,28.9778427552788],[-82.3950411651426,28.9789905512197],[-82.394736850352,28.978951888085],[-82.39404048366922,28.9794109957579],[-82.3931275369433,28.9792949954137],[-82.3926066546841,28.9786812219899],[-82.3923023421411,28.9786425519545],[-82.3915210367709,28.9777218830621],[-82.38878226987961,28.9773737932908],[-82.3877406005693,28.976146195186],[-82.38743629948291,28.9761075111746],[-82.3871758881611,28.9758006087296],[-82.3850457970727,28.9755297911487],[-82.37947445258392,28.9792020423282],[-82.3793866204484,28.9797384664937],[-82.3786901630972,28.9801974741298]]},"properties":{"segment_id":"30fc092bacd41735446d7d43","source_kmz":"withlacoochee","orientation":"unverified"}},{"type":"Feature","geometry":{"type":"LineString","coordinates":[[-82.282186343116,28.9550059291771],[-82.2828831194001,28.9545475165505],[-82.28297154293091,28.9540111378496],[-82.2836683066469,28.9535527190178],[-82.2851891648924,28.9537476055654],[-82.2858859142844,28.9532891720988],[-82.2861900854423,28.9533281448998],[-82.28623428612131,28.9530599534813],[-82.2869310240773,28.95260151247791],[-82.2870194196429,28.9520651278715],[-82.3268677352038,28.9571628196825]]},"properties":{"segment_id":"566431eb1d7b854dfaa81b6c","source_kmz":"withlacoochee","orientation":"unverified"}},{"type":"Feature","geometry":{"type":"LineString","coordinates":[[-82.2236477553109,28.963371919316],[-82.2239963392757,28.96314290762851],[-82.224085148857,28.9626065887516],[-82.2244337284419,28.962377575216],[-82.224522534412,28.961841254963],[-82.2485697532559,28.9460362448643]]},"properties":{"segment_id":"340321792c4484487faeecda","source_kmz":"withlacoochee","orientation":"unverified"}},{"type":"Feature","geometry":{"type":"LineString","coordinates":[[-82.22719426335522,28.98135573928271],[-82.22998340286182,28.9795236003093],[-82.23024976529692,28.9779146917034],[-82.229210414091,28.9766855653335],[-82.2295590382512,28.976456543199],[-82.2296478263325,28.9759202373988],[-82.2331339383376,28.9736299410197],[-82.2337423794779,28.9737081795499],[-82.2448966140783,28.9663783250328],[-82.2449409538259,28.9661101592362],[-82.2452894909686,28.9658810802511],[-82.2485697532559,28.9460362448643]]},"properties":{"segment_id":"258f8f78646ff75c4de683ec","source_kmz":"withlacoochee","orientation":"unverified"}},{"type":"Feature","geometry":{"type":"LineString","coordinates":[[-82.4843967290219,28.9757954506066],[-82.4798735758901,28.9787833467616]]},"properties":{"segment_id":"0f8f976b4068dbb7a4feafca","source_kmz":"withlacoochee","orientation":"unverified"}},{"type":"Feature","geometry":{"type":"LineString","coordinates":[[-82.4868321393595,28.97418649571401],[-82.4843967290219,28.9757954506066]]},"properties":{"segment_id":"c4059f4591f7cf94aec16429","source_kmz":"withlacoochee","orientation":"unverified"}},{"type":"Feature","geometry":{"type":"LineString","coordinates":[[-81.943092184643,28.9024934050427],[-81.94438497944681,28.9040335348409],[-81.9443397113889,28.9043016169558],[-81.9448568439285,28.9049176626844],[-81.9454645146101,28.9049975413325],[-81.9483089066745,28.9083857148636],[-81.949220455765,28.9085055012966],[-81.9510306691603,28.9106615417906],[-81.9789869031944,28.9143307396914],[-81.9824772905063,28.9120482076357],[-81.9882510396083,28.912804885859]]},"properties":{"segment_id":"c2c9f5284a1cef6fa6991078","source_kmz":"withlacoochee","orientation":"unverified"}},{"type":"Feature","geometry":{"type":"LineString","coordinates":[[-82.4263218906488,28.9624262357682],[-82.4238856605763,28.964033870249],[-82.4233166834964,28.9675209788766],[-82.4222725081313,28.96820993481551],[-82.422184961585,28.9687464083674],[-82.4159195042773,28.9728798963815],[-82.4150065984562,28.9727640794224]]},"properties":{"segment_id":"684d74959223e04bfc1aed6c","source_kmz":"withlacoochee","orientation":"unverified"}},{"type":"Feature","geometry":{"type":"LineString","coordinates":[[-82.4826607998238,28.9673635275602],[-82.4837037503695,28.9685902346354],[-82.4836601737461,28.9688584961442],[-82.4839209168304,28.9691651706568],[-82.4838773406034,28.9694334318719],[-82.4851810880388,28.9709667909961],[-82.4843967290219,28.9757954506066]]},"properties":{"segment_id":"165f19b5e03400d96bf98a09","source_kmz":"withlacoochee","orientation":"unverified"}},{"type":"Feature","geometry":{"type":"LineString","coordinates":[[-82.3582677468934,28.9493944860108],[-82.3580479031458,28.95073560063531],[-82.3590888214763,28.9519635627561],[-82.3588689841297,28.9533046705207],[-82.3606906881396,28.9554535676325],[-82.3605587964656,28.9562582278852],[-82.3649833580891,28.9614767972401]]},"properties":{"segment_id":"71b8fbe878b80f0a190d9a8f","source_kmz":"withlacoochee","orientation":"unverified"}},{"type":"Feature","geometry":{"type":"LineString","coordinates":[[-82.0726781926362,28.91122984072051],[-82.0723294115907,28.9114583922295],[-82.0717215737566,28.9113792306776],[-82.0710240033057,28.9118363260716],[-82.064337833695,28.91096527928701],[-82.0559660445948,28.9164495233799],[-82.0557414520224,28.9177901241571],[-82.0565185058465,28.9187133575592],[-82.0556201035354,28.92407570552241],[-82.0574333885874,28.9262298731936],[-82.0607770289158,28.9266656464468],[-82.0610360908672,28.9269733728812],[-82.0710672612502,28.9282800420829],[-82.0731401522487,28.9307416217109],[-82.0734441418963,28.9307811970116],[-82.0739623861463,28.931396581815],[-82.0748743642409,28.9315152979804],[-82.0753926235303,28.9321306747836],[-82.0756966192791,28.932170243593],[-82.0759557530159,28.9324779299462],[-82.0768677456992,28.9325966289212],[-82.0771268850533,28.93290431213231],[-82.0816869057855,28.9334976792766]]},"properties":{"segment_id":"d50f12a6c997947b076702e2","source_kmz":"withlacoochee","orientation":"unverified"}},{"type":"Feature","geometry":{"type":"LineString","coordinates":[[-82.0827334417911,28.9328119676124],[-82.0872682332782,28.9298404194658],[-82.0873130579796,28.9295722945975],[-82.0876618735379,28.92934370486091],[-82.0878859865535,28.92800307607701],[-82.0934666777153,28.924345445298],[-82.093511479652,28.9240773141939],[-82.0945578013132,28.9233914716528],[-82.0949609724279,28.9209782748177],[-82.1043767962255,28.9148051098911],[-82.1044215581703,28.9145369678971],[-82.1051189689636,28.9140796593221],[-82.105208487045,28.9135433735531],[-82.1055571871139,28.913314716783],[-82.1056019444878,28.9130465733052],[-82.1094375061052,28.9105312624897],[-82.1095269927753,28.909994968402],[-82.1098756663091,28.9097662956357],[-82.1099204079777,28.9094981479986]]},"properties":{"segment_id":"70d9ab3b86bc1f7bb687a9e8","source_kmz":"withlacoochee","orientation":"unverified"}},{"type":"Feature","geometry":{"type":"LineString","coordinates":[[-82.0201482733037,28.9484871561039],[-82.02019332271901,28.9482190716225],[-82.0199343450884,28.9479112632309],[-82.0199793948785,28.9476431784565],[-82.0197204198134,28.9473353691116],[-82.0201709084917,28.9446545095733],[-82.0178402781832,28.9418841782351],[-82.0154082573603,28.9415663055077],[-82.0130778703678,28.9387958499638],[-82.0131680037249,28.9382596738358],[-82.0129090826727,28.9379518409636],[-82.0140356689037,28.9312495704234],[-82.0124822819249,28.9294025407196],[-82.0133384425013,28.9243087216696],[-82.0130795639149,28.9240008785495],[-82.0132147396397,28.9231965845303],[-82.0124381212509,28.9222730491556],[-82.01428534436351,28.9112808409351],[-82.0129911541871,28.9097415783125],[-82.0154685579498,28.8949953848899]]},"properties":{"segment_id":"093a4cc4a9e55a919ddd8512","source_kmz":"withlacoochee","orientation":"unverified"}},{"type":"Feature","geometry":{"type":"LineString","coordinates":[[-82.3934847004938,28.9429243693915],[-82.3920925445466,28.9438426454222],[-82.3919609726789,28.944647367203],[-82.3922213047147,28.9449542817548],[-82.3921774475366,28.9452225218579],[-82.3924377821519,28.9455294354494],[-82.3920897323382,28.9457590014756],[-82.3899603890072,28.9454882608526],[-82.3878720218289,28.9468655903246],[-82.3877842773476,28.947402064253],[-82.3885652589569,28.9483228293032],[-82.3878691130012,28.9487819319096],[-82.3877813664946,28.9493184032882],[-82.3880416977335,28.9496253243836],[-82.387910077885,28.9504300296867],[-82.38817041304881,28.9507369496259],[-82.3879949186757,28.9518098868928],[-82.387646830604,28.9520394349984],[-82.3874274501451,28.9533806006993],[-82.3867312559351,28.9538396902041],[-82.3861228169988,28.9537623113515],[-82.3840341805239,28.9551395382264],[-82.38372995744132,28.9551008417433],[-82.3830337286799,28.9555599054092],[-82.3824252806674,28.9554825060138],[-82.3820771620806,28.95571203404341],[-82.3769053879327,28.9550539835799],[-82.3761244717181,28.9541331493981],[-82.37429918128771,28.9539008230361],[-82.3740388871053,28.95359387200021],[-82.3728220373809,28.9534389674556],[-82.37247390097991,28.9536684656297],[-82.3718654764603,28.9535910062622],[-82.3711691952482,28.9540499950033],[-82.3710813363058,28.9545864457771],[-82.3707331903696,28.9548159376766],[-82.3706892592417,28.955084162475],[-82.37008082609232,28.955006693305],[-82.365902895153,28.9577604716253],[-82.3658589470182,28.9580286924992],[-82.3655107724754,28.9582581655741],[-82.3649833580891,28.9614767972401]]},"properties":{"segment_id":"c880029a15c267b7e99a97a6","source_kmz":"withlacoochee","orientation":"unverified"}},{"type":"Feature","geometry":{"type":"LineString","coordinates":[[-82.3945287974329,28.9422356491947],[-82.3934847004938,28.9429243693915]]},"properties":{"segment_id":"f580b1a92d628c71a9b6d2f8","source_kmz":"withlacoochee","orientation":"unverified"}},{"type":"Feature","geometry":{"type":"LineString","coordinates":[[-81.9819168832615,28.8840245907263],[-81.98217552405622,28.8843325393318],[-81.9821303874274,28.8846006504591],[-81.9826476760365,28.8852165449026],[-81.9819498380269,28.885673092988],[-81.9818595615952,28.8862093130643],[-81.9815106372651,28.8864375846187],[-81.9814654973782,28.8867056940611],[-81.9811165699105,28.8869339640563],[-81.9810714284967,28.8872020730019],[-81.9807224978915,28.8874303414379],[-81.9806773549508,28.8876984498867],[-81.9809360025236,28.8880063986506],[-81.9808457170986,28.8885426147598],[-81.9814533033675,28.8886222936059],[-81.9827465887168,28.8901620159879],[-81.9833541885232,28.8902416837872],[-81.9900801022745,28.8982478550679],[-81.9906877676317,28.8983274798852],[-81.9912052037607,28.8989433121634],[-82.0063973364436,28.9009327370823]]},"properties":{"segment_id":"488599d3404e0100c1c30bb0","source_kmz":"withlacoochee","orientation":"unverified"}},{"type":"Feature","geometry":{"type":"LineString","coordinates":[[-82.2154217956619,28.9173943768739],[-82.2157702109153,28.9171653656808],[-82.2160742183232,28.9172045398538],[-82.2164226310055,28.9169755264426],[-82.2170306453382,28.9170538702816],[-82.21772746232162,28.916595835844],[-82.2174678576313,28.9162884786661],[-82.21751225863,28.9160202908579],[-82.2162142670688,28.9144834915738],[-82.2162586711217,28.9142153030793],[-82.2159990791873,28.9139079405436],[-82.2160434836236,28.9136397517542],[-82.2167402776244,28.9131817198159]]},"properties":{"segment_id":"0ad0ef31c155ff9b5f58243b","source_kmz":"withlacoochee","orientation":"unverified"}},{"type":"Feature","geometry":{"type":"LineString","coordinates":[[-82.2021933751716,28.9110322741392],[-82.2049291948139,28.911385160881],[-82.2052776137536,28.9111561802053],[-82.20558159446811,28.9111953845741],[-82.20593001083752,28.9109664016801],[-82.206233991169,28.9110056042262],[-82.2064935383173,28.9113129925103],[-82.2067975201689,28.9113521934324],[-82.2070570704561,28.9116595800938],[-82.2073610538278,28.9116987793918],[-82.2073166226466,28.91196696589491],[-82.208095290637,28.9128891181365],[-82.2096152350543,28.9130850907613],[-82.211008876457,28.9121691037573],[-82.2125288146305,28.9123650356216],[-82.21287721688572,28.912136030923],[-82.2137891811971,28.9122535768186],[-82.2141375795466,28.9120245679801],[-82.2150495444125,28.9121421032378],[-82.2153979388561,28.9119130902594],[-82.2161766952282,28.9128351842036],[-82.21648068712462,28.9128743576511],[-82.2167402776244,28.9131817198159]]},"properties":{"segment_id":"a1f63be6b358e1b99190a3d9","source_kmz":"withlacoochee","orientation":"unverified"}},{"type":"Feature","geometry":{"type":"LineString","coordinates":[[-82.2167402776244,28.9131817198159],[-82.2173482647409,28.9132600626007],[-82.2183934374612,28.9125729994992],[-82.2186974294427,28.9126121667165],[-82.2187418245613,28.9123439759511],[-82.2190902097581,28.9121149511459],[-82.2206101658288,28.9123107690062],[-82.2213069238357,28.9118527060157],[-82.2222188968797,28.91197018062631],[-82.224309113201,28.9105959441892],[-82.2243534893018,28.9103277497673],[-82.22470185079152,28.9100987056652]]},"properties":{"segment_id":"683c843154d509e30afbc9e5","source_kmz":"withlacoochee","orientation":"unverified"}},{"type":"Feature","geometry":{"type":"LineString","coordinates":[[-82.2262397448785,28.9176922338474],[-82.2251945726431,28.9183793643354],[-82.22467529936961,28.9177646878344],[-82.2243712859126,28.9177255379886],[-82.22385202272531,28.9171108565207],[-82.2239851649079,28.916306286257],[-82.2237255381732,28.9159989439389],[-82.22470185079152,28.9100987056652]]},"properties":{"segment_id":"189591abe09942f55b42cc45","source_kmz":"withlacoochee","orientation":"unverified"}},{"type":"Feature","geometry":{"type":"LineString","coordinates":[[-82.0356933711166,28.9132564472205],[-82.0351755199448,28.9126408506687],[-82.0354004275618,28.9113002756437],[-82.0343647612883,28.9100690703049],[-82.0344097445999,28.90980095431931],[-82.0338919241949,28.9091853463084],[-82.0341168430657,28.9078447624465],[-82.0338579390285,28.9075369566688],[-82.0339479058885,28.907000721547],[-82.0333401366567,28.9069213425395],[-82.0315278882313,28.9047666660621],[-82.0325625748227,28.898599894324],[-82.0294562627792,28.8949060385745],[-82.0310307721287,28.88552157911001],[-82.0307719483272,28.8852137488096],[-82.0308169297937,28.884945617737]]},"properties":{"segment_id":"92e7648a3956d285007385ae","source_kmz":"withlacoochee","orientation":"unverified"}},{"type":"Feature","geometry":{"type":"LineString","coordinates":[[-82.3899070056906,28.9230278803599],[-82.3895561729344,28.9251739048823],[-82.3921588862184,28.92824321794532],[-82.3921150375843,28.9285114691416],[-82.39237532006851,28.9288183956051],[-82.3921560760502,28.93015964814751],[-82.3929369450263,28.9310804208863],[-82.3927177040783,28.9324216670421],[-82.39323829965181,28.9330355102381],[-82.3931506039979,28.9335720069322],[-82.3939315156909,28.934492764667],[-82.3938876694606,28.9347610124245],[-82.39440828813312,28.935374846405],[-82.3943644429673,28.9356430937696],[-82.3946247558358,28.93595000936771],[-82.3934847004938,28.9429243693915]]},"properties":{"segment_id":"f11fbd79ac367ebd92a86e4a","source_kmz":"withlacoochee","orientation":"unverified"}},{"type":"Feature","geometry":{"type":"LineString","coordinates":[[-82.3499253745811,28.9036939199105],[-82.3498814036709,28.903962170256],[-82.3464013804256,28.9062566362308],[-82.3461814599713,28.90759787024521],[-82.34583344100311,28.90782730846241],[-82.3457894548342,28.9080955543794],[-82.3454414327275,28.9083249910461],[-82.345701481652,28.9086320456227],[-82.3445137334959,28.9158746003411],[-82.3471145086665,28.91894507208511],[-82.3467625975591,28.9210909787997],[-82.3470226909231,28.9213980204453],[-82.3469347116734,28.9219344949604],[-82.3471948082849,28.9222415355472],[-82.3466669171925,28.9254603649396],[-82.3487478231128,28.9279166491638],[-82.3486158601147,28.9287213497301],[-82.3488759839435,28.9290283810844],[-82.3481281571709,28.933588315882],[-82.3489085743295,28.9345093997669],[-82.3486886198635,28.9358505447824],[-82.3510300044739,28.9386137454816],[-82.350986018779,28.9388819730129],[-82.358011117158,28.9471711536035],[-82.3577473058872,28.94878049880131],[-82.3582677468934,28.9493944860108]]},"properties":{"segment_id":"16c922bd67c249efd9d9ba01","source_kmz":"withlacoochee","orientation":"unverified"}},{"type":"Feature","geometry":{"type":"LineString","coordinates":[[-82.22470185079152,28.9100987056652],[-82.2260952777174,28.909182516686],[-82.2261396473568,28.9089143205858],[-82.2264879980946,28.9086852699022],[-82.2266654688717,28.90761248234512],[-82.2350251970267,28.9021148603981],[-82.2350695343644,28.901846655906],[-82.23541783134691,28.9016175723166],[-82.2359055097576,28.8986673066257],[-82.2362537912511,28.8984382185205],[-82.2359941748728,28.8981308921174],[-82.2366147989199,28.8943759684615],[-82.24009733063892,28.89208498343911],[-82.2437444834788,28.8925542220909],[-82.2479231742043,28.8898047358443],[-82.2549134801369,28.8907034980373]]},"properties":{"segment_id":"fbc1385b5ba1290a44f4d4bb","source_kmz":"withlacoochee","orientation":"unverified"}},{"type":"Feature","geometry":{"type":"LineString","coordinates":[[-82.0598350383247,28.8840755446993],[-82.0600594751844,28.8827348229124],[-82.0595416336317,28.88211929675961],[-82.0596314090187,28.8815830062685],[-82.0588546649181,28.8806597100125],[-82.0589444431351,28.8801234181431],[-82.0579088162373,28.8788923436641],[-82.0580883798346,28.8778197559848],[-82.0573116875649,28.876896439935],[-82.0570079008209,28.876856813809],[-82.0557134578846,28.8753179327464],[-82.0557583543192,28.875049784649],[-82.0552405917683,28.8744342260168],[-82.05528548924141,28.8741660775256],[-82.0550266114782,28.8738582968235],[-82.0557239532755,28.8734012618148],[-82.0559933212218,28.8717923625413],[-82.0554755770512,28.8711768000376],[-82.05565515524401,28.8701041957763],[-82.0535842757461,28.8676419082731],[-82.05362917487831,28.8673737559285],[-82.0497466133834,28.8627568172365],[-82.0497915221667,28.86248866322291],[-82.0495327005892,28.862180860341]]},"properties":{"segment_id":"09136599c5c20410dc2e0d1e","source_kmz":"withlacoochee","orientation":"unverified"}},{"type":"Feature","geometry":{"type":"LineString","coordinates":[[-82.16978943067441,28.9304047672324],[-82.1692704892816,28.9297898421335],[-82.1694932981766,28.92844904558021],[-82.1692338336686,28.9281415812549],[-82.16976855393472,28.9249236482712],[-82.1689901958279,28.9240012466323],[-82.1691684347922,28.9229285948322],[-82.1689089885625,28.9226211255103],[-82.1686049835896,28.9225818187693],[-82.168872343192,28.9209728351711],[-82.1695694557846,28.9205151167561],[-82.1696140122473,28.9202469515403],[-82.1703111147541,28.9197892275008],[-82.1712466826935,28.9141576999811],[-82.17194372565571,28.9136999584516],[-82.1722476999875,28.9137392566385],[-82.1725962179479,28.913510383026],[-82.1729001918982,28.9135496793902],[-82.1742942420457,28.91263416851781],[-82.174598213615,28.912673460176],[-82.17593417600821,28.9046281987648],[-82.1822063454395,28.9005079732881],[-82.1828142083607,28.9005865134574],[-82.1831702285115,28.89844103610511],[-82.1835186530767,28.8982121184457],[-82.1835631530789,28.8979439325917],[-82.18386707573961,28.8979831995288],[-82.1839560729878,28.8974468270298],[-82.185349734731,28.8965311364113],[-82.1862614907157,28.8966489199268],[-82.1869583061747,28.8961910613067],[-82.1893896573221,28.8965050974014],[-82.18973805686551,28.8962761585182],[-82.1906498162403,28.8963939049562],[-82.1930885457815,28.8947912773849],[-82.1988629925914,28.8955366969804],[-82.1991224648435,28.8958441148542],[-82.2021617009563,28.896236308413],[-82.2024211874654,28.8965437178034],[-82.2045486783051,28.8968181966968],[-82.2052453953138,28.89636021995461],[-82.2055493223794,28.8963994258574],[-82.2062460304442,28.8959414421642],[-82.2089813748142,28.8962942392259],[-82.2100264046313,28.89560722831631],[-82.2112421126213,28.8957639930812],[-82.2115016309538,28.8960713809525],[-82.211368401124,28.8968759762702],[-82.2131850967347,28.8990276652111],[-82.2130962847693,28.8995640597285],[-82.21335582165881,28.8998714402243],[-82.21326700989181,28.9004078337561],[-82.2137860920482,28.9010225917735],[-82.21369728181432,28.9015589841237],[-82.21395682708132,28.9018663616454],[-82.2137347998627,28.9032073385781],[-82.2147730133064,28.9044368380979],[-82.2150769740994,28.9044760163248],[-82.2154253366159,28.904246998892],[-82.2160332577192,28.9043253508395],[-82.2174266834163,28.9034092608501],[-82.2174710777269,28.9031410644708],[-82.2181677766871,28.9026830113403],[-82.2184785116142,28.9008056270129],[-82.2179593964008,28.9001908912801],[-82.2183145156739,28.898045295784],[-82.2180549662607,28.89773792584131],[-82.2180993555595,28.89746972541821],[-82.2184476807164,28.8972406942173],[-82.2185364559917,28.896704292186],[-82.2182769099154,28.8963969217522],[-82.2187207759312,28.8937148987719],[-82.218461238431,28.8934075264948],[-82.2185056241385,28.8931393230129],[-82.2182460892082,28.8928319497767],[-82.2183792466291,28.8920273378515],[-82.2197724423678,28.8911111894706],[-82.2200830984995,28.8892337464319],[-82.2214762292204,28.8883175696333],[-82.2232996664979,28.8885525219965],[-82.2236479404183,28.8883234688905],[-82.22516747594952,28.88851923403171],[-82.22551574463051,28.8882901748657],[-82.2279470108944,28.8886033466076],[-82.2296882990653,28.8874579934995],[-82.2299922052873,28.8874971312876],[-82.230080896414,28.88696070672851],[-82.2298213381835,28.8866533566617],[-82.2298656839889,28.8863851439875],[-82.2312586605276,28.8854688341307],[-82.2313473414098,28.8849324058176],[-82.2320438133267,28.8844742421612],[-82.2517976760183,28.8870159931926]]},"properties":{"segment_id":"2a7b13510ca650134fcfa39f","source_kmz":"withlacoochee","orientation":"unverified"}},{"type":"Feature","geometry":{"type":"LineString","coordinates":[[-81.9350789881589,28.8488206425119],[-81.9361256650299,28.8481362112712],[-81.9376437951347,28.8483360528841],[-81.93869044504311,28.8476515958701],[-81.9426375914348,28.8481710458732],[-81.9482192987745,28.8445202167897]]},"properties":{"segment_id":"6b99263debcf0b4ee0bd0a10","source_kmz":"withlacoochee","orientation":"unverified"}},{"type":"Feature","geometry":{"type":"LineString","coordinates":[[-81.9239682781969,28.8668165373833],[-81.9271092029837,28.8647636260755],[-81.9356123893175,28.8658831276905],[-81.9358708041828,28.8661912014234],[-81.9367818770339,28.8663111057215],[-81.9371308393248,28.8660829676824],[-81.9407751488532,28.86656249586632],[-81.9432177763394,28.86496541349881],[-81.9432630267575,28.8646973055763],[-81.94361196471161,28.8644691456087],[-81.94365721360242,28.8642010371883],[-81.9454018687152,28.8630602169378],[-81.9461257125982,28.858770431265],[-81.9499635689678,28.8562604630482],[-81.9500540170166,28.8557242296779],[-81.9497955823146,28.8554161819449],[-81.9500669234832,28.8538074764812],[-81.9498084946371,28.8534994273039],[-81.9499441632992,28.8526950715972],[-81.9496405150716,28.8526551401342],[-81.9493820913397,28.852347089046],[-81.94942731525741,28.8520789700828],[-81.9491688940826,28.8517709180391],[-81.9493045660809,28.8509665596643],[-81.9487877333811,28.8503504524169],[-81.9484840941878,28.8503105174572],[-81.9482256819215,28.8500024617872],[-81.9476184068771,28.8499225877662],[-81.9471015929866,28.8493064708139],[-81.9471920518284,28.8487702305303],[-81.9475409128724,28.8485420487484],[-81.9482192987745,28.8445202167897]]},"properties":{"segment_id":"f817d4e5f04763318a2f2af8","source_kmz":"withlacoochee","orientation":"unverified"}},{"type":"Feature","geometry":{"type":"LineString","coordinates":[[-82.3756994917814,28.8960257295182],[-82.3753516016162,28.8962552697067],[-82.3752199437516,28.8970600661613],[-82.3748720479829,28.8972896042096],[-82.3747842722032,28.8978261336042],[-82.3750443960013,28.8981331253426],[-82.3749127322401,28.89893791766],[-82.3742169215352,28.8993969883713],[-82.373304873451,28.89928079713381],[-82.3729569632273,28.899510327727],[-82.37291306818912,28.8997785902597],[-82.3725651548277,28.9000081193029],[-82.3706773494355,28.9115432092413],[-82.3699814109308,28.9120022381961],[-82.3696740273399,28.9138800049599],[-82.36932604659481,28.91410951549061],[-82.3692821322956,28.9143777668035],[-82.3685861626226,28.91483678351],[-82.3685422455751,28.9151050340365],[-82.3681942566471,28.9153345402123],[-82.3679746610257,28.9166757884194],[-82.3669306643047,28.9173642949937],[-82.366886740636,28.9176325431604],[-82.3637546364807,28.9196979924563],[-82.3637107014267,28.91996623777271],[-82.3630146548543,28.9204252121095],[-82.3582677468934,28.9493944860108]]},"properties":{"segment_id":"4d3108bf3cbd5501008b7e95","source_kmz":"withlacoochee","orientation":"unverified"}},{"type":"Feature","geometry":{"type":"LineString","coordinates":[[-82.157241153751,28.8770066009733],[-82.1586347674755,28.8760912094892],[-82.1586793353003,28.8758230191465],[-82.1600729136677,28.8749076063447],[-82.1604739667939,28.87249387365531],[-82.16639614654841,28.8686030992091],[-82.1669146883574,28.8692181317952],[-82.1675223102297,28.8692967644009],[-82.1677815864556,28.8696042778796],[-82.1677370510334,28.8698724761494],[-82.1686484925342,28.869990416611],[-82.1689968385579,28.8697615297083],[-82.1699082806242,28.8698794595365],[-82.1701675673968,28.8701869668215],[-82.1729019200856,28.8705407029403],[-82.1739469244933,28.8698539981124],[-82.1742507408846,28.8698932949373],[-82.1749473996538,28.8694354835083]]},"properties":{"segment_id":"53452f8a0360083ff3c63116","source_kmz":"withlacoochee","orientation":"unverified"}},{"type":"Feature","geometry":{"type":"LineString","coordinates":[[-82.1538247068849,28.8938234173973],[-82.1548701575819,28.8931369376047],[-82.1550485115567,28.8920642268488],[-82.1595785358689,28.8890893347947],[-82.1614018161496,28.8893253348033],[-82.1616611318504,28.8896328476673],[-82.1622688966958,28.8897115059218],[-82.1626173420371,28.8894826509144],[-82.1628766626811,28.8897901607307],[-82.1631805461013,28.889829486843],[-82.1642258704278,28.8891429093989],[-82.1643149839072,28.8886065413359],[-82.1646634190746,28.88837767907791],[-82.1649307452597,28.8867685683639],[-82.1652791711113,28.8865397030655],[-82.1650198517087,28.886232196545],[-82.1650644045058,28.8859640103391],[-82.1654128266504,28.8857351441494],[-82.1656355801841,28.8843942086697],[-82.1666808166748,28.8837075980966],[-82.166984679841,28.88374691406951],[-82.1670292250356,28.8834787253898],[-82.169468030322,28.8818765812207],[-82.1700757462854,28.8819551969325],[-82.1701648147202,28.8814188144229],[-82.1705132040672,28.8811899291372],[-82.1706468008771,28.8803853529988],[-82.1709951846166,28.8801564655639],[-82.1713959485509,28.8777427237972],[-82.1717443192708,28.8775138324303],[-82.17183337232011,28.8769774426014],[-82.1715740584519,28.876669944537],[-82.172241930009,28.8726469941257],[-82.1743319849962,28.8712735931792],[-82.17437650007831,28.8710053931193],[-82.1747248346878,28.8707764882619],[-82.1749473996538,28.8694354835083]]},"properties":{"segment_id":"33e7c0b51956665e21a86bd3","source_kmz":"withlacoochee","orientation":"unverified"}},{"type":"Feature","geometry":{"type":"LineString","coordinates":[[-82.2725309174187,28.881736397513],[-82.272790616908,28.8820436483631],[-82.2722601233113,28.885262434052],[-82.2725198327262,28.8855696828553],[-82.2680532984418,28.9126599932554]]},"properties":{"segment_id":"2d0058884f4c8df79a6d1894","source_kmz":"withlacoochee","orientation":"unverified"}},{"type":"Feature","geometry":{"type":"LineString","coordinates":[[-81.9482192987745,28.8445202167897],[-81.9551957500342,28.8399562264706]]},"properties":{"segment_id":"44c73ddc9db73314ce204a29","source_kmz":"withlacoochee","orientation":"unverified"}},{"type":"Feature","geometry":{"type":"LineString","coordinates":[[-81.9481935891431,28.835472351321],[-81.948148370232,28.8357404809012],[-81.9477995640486,28.8359686719589],[-81.9485746722225,28.8368928719029],[-81.94978903673652,28.8370526109169],[-81.9518561149128,28.8395170820409],[-81.9551957500342,28.8399562264706]]},"properties":{"segment_id":"72a743d2a29de882beff7fc9","source_kmz":"withlacoochee","orientation":"unverified"}},{"type":"Feature","geometry":{"type":"LineString","coordinates":[[-81.9745981204973,28.8537417782089],[-81.9794812482449,28.8505459146365],[-81.9795263750202,28.8502777818322],[-81.98022393186132,28.8498212091254],[-81.9802690558739,28.8495530755241],[-81.9806178302109,28.8493247869805],[-81.9798422543731,28.8484008466409],[-81.9799325030215,28.8478645776556],[-81.9794154645924,28.8472486127462],[-81.9794605898048,28.8469804777594],[-81.9792020740969,28.8466724939195],[-81.9792923249775,28.8461362231537],[-81.9790338124877,28.8458282382594],[-81.9790789381559,28.8455601024804],[-81.9788204282239,28.8452521166299],[-81.9797680145145,28.8396212173029],[-81.9792510280751,28.8390052389042]]},"properties":{"segment_id":"a3848c04b61b6e5d0614d3bc","source_kmz":"withlacoochee","orientation":"unverified"}},{"type":"Feature","geometry":{"type":"LineString","coordinates":[[-82.0019623750463,28.8589744213711],[-81.9983416543456,28.8546634555792],[-81.9984768596486,28.8538590411392],[-81.997701045278,28.8529352399866],[-81.99774611511911,28.8526671011488],[-81.9967117251735,28.85143535387022],[-81.9967567973704,28.8511672144416],[-81.99494669266,28.8490116229718],[-81.9951720724534,28.8476709194168],[-81.9949134969614,28.8473629738543],[-81.9949585727168,28.8470948324492],[-81.9944414287474,28.8464789385529],[-81.994666809811,28.84513822756641],[-81.9944082439765,28.8448302788398],[-81.9944533199859,28.8445621359484],[-81.9941947567097,28.8442541862652],[-81.9942849091857,28.8437178996898],[-81.9946336211428,28.8434895623955],[-81.9943750605095,28.8431816123195],[-81.9898205670411,28.8425844161709],[-81.9877522986974,28.840120693439],[-81.9792510280751,28.8390052389042]]},"properties":{"segment_id":"8326437749c597d528b55040","source_kmz":"withlacoochee","orientation":"unverified"}},{"type":"Feature","geometry":{"type":"LineString","coordinates":[[-82.0837950412478,28.8447272481111],[-82.088714340552,28.850574045199],[-82.0890180471019,28.85061358445361],[-82.089276977816,28.8509213012588],[-82.0895806858878,28.8509608388913],[-82.0908753741217,28.8524994062171],[-82.0915723431085,28.852042114653],[-82.0946094880821,28.8524373863537],[-82.0956453268584,28.8536681889943],[-82.0962527691718,28.8537472269134],[-82.0965117360852,28.8540549239021],[-82.1025862468604,28.8548450984502],[-82.1056942945287,28.8585372125652],[-82.1059980378981,28.8585767031169],[-82.1067750962606,28.8594997100178],[-82.1116350883635,28.8601314051997]]},"properties":{"segment_id":"33292aaeb92f024f5e6d0a8e","source_kmz":"withlacoochee","orientation":"unverified"}},{"type":"Feature","geometry":{"type":"LineString","coordinates":[[-82.2282539777029,28.8623454194372],[-82.2303298492341,28.864804375152],[-82.23028551631981,28.8650726024527],[-82.2305450094841,28.865379967942],[-82.2305006769534,28.865648194946],[-82.2307601726863,28.86595555947501],[-82.23071584053942,28.8662237861822],[-82.2312348390438,28.8668385124583],[-82.2310131807295,28.8681796420382],[-82.23153219351221,28.8687943638802],[-82.2314435308713,28.8693308139321],[-82.2317030414495,28.8696381733634],[-82.2316587103711,28.86990639799391],[-82.2319182235181,28.8702137564651],[-82.23187389282361,28.8704819807989],[-82.2321334085395,28.87078933831],[-82.2320890782288,28.8710575623473],[-82.2326081167001,28.87167227458781],[-82.2325637874407,28.8719404982298],[-82.2348995607019,28.87470665978971],[-82.2421923378742,28.87564540580321]]},"properties":{"segment_id":"8bb1c5d73ebeaeaedfbf8abb","source_kmz":"withlacoochee","orientation":"unverified"}},{"type":"Feature","geometry":{"type":"LineString","coordinates":[[-81.9551957500342,28.8399562264706],[-81.96042759054721,28.8365329027356],[-81.9606083092593,28.8354603647161],[-81.9675833337861,28.8308954678032],[-81.9676736419342,28.8303591856159],[-81.9687198227583,28.82967440578391],[-81.9691713090888,28.8269929739195]]},"properties":{"segment_id":"89edcce69a3ae4b8fc5394f9","source_kmz":"withlacoochee","orientation":"unverified"}},{"type":"Feature","geometry":{"type":"LineString","coordinates":[[-81.9792510280751,28.8390052389042],[-81.9691713090888,28.8269929739195]]},"properties":{"segment_id":"c3c3efd8cbec526d8d4392d7","source_kmz":"withlacoochee","orientation":"unverified"}},{"type":"Feature","geometry":{"type":"LineString","coordinates":[[-82.1202373868342,28.8867289629923],[-82.1194599280782,28.8858061159732],[-82.11963871933771,28.8847334443507],[-82.1193795728794,28.88442582656682],[-82.1195583622243,28.8833531513883],[-82.1192992203253,28.8830455323529],[-82.1194333113268,28.8822410235983],[-82.1191741733223,28.8819334034092],[-82.1194423515961,28.8803243799711],[-82.1191832194797,28.8800167583341],[-82.1216228376815,28.87841568426222],[-82.122534307068,28.8785340126125],[-82.123579823235,28.8778478104833],[-82.1269218777171,28.87828158307431],[-82.12901281486532,28.8769090814146],[-82.1291021405047,28.8763727261758],[-82.1285838317407,28.8757575224813],[-82.1252418692241,28.8753237987507],[-82.1236870701131,28.8734781167718],[-82.1227756540346,28.8733597966889],[-82.1219982912579,28.8724369372396],[-82.1213906893825,28.87235804830931],[-82.1208724619767,28.87174280133191],[-82.1202648661875,28.8716639059111],[-82.1197466513264,28.8710486524489],[-82.1194428563321,28.87100920192381],[-82.1194875467462,28.8707410244283],[-82.11896934328661,28.8701257658078],[-82.1191481074009,28.8690530530593],[-82.1183708244354,28.868130157501],[-82.1189071132658,28.8649119967046],[-82.1163163732632,28.861835610488],[-82.1188635620318,28.8465489008575],[-82.117568452532,28.8450106474025],[-82.1176578173645,28.844474258938],[-82.1173988024897,28.8441666054691],[-82.1174434851416,28.8438984108404],[-82.1171844728297,28.8435907564126]]},"properties":{"segment_id":"9131cd3b991644d4311cd06e","source_kmz":"withlacoochee","orientation":"unverified"}},{"type":"Feature","geometry":{"type":"LineString","coordinates":[[-82.0280116930061,28.82949909271821],[-82.0287088133479,28.8290421820615]]},"properties":{"segment_id":"04181976d51bd108405e11b8","source_kmz":"withlacoochee","orientation":"unverified"}},{"type":"Feature","geometry":{"type":"LineString","coordinates":[[-82.2937773821579,28.8620017100194],[-82.2937332535721,28.8622699652677],[-82.2947721324823,28.8634988185809],[-82.2945514986967,28.8648400898708],[-82.2948112265235,28.8651473005471]]},"properties":{"segment_id":"aee16d158876dc1eea806860","source_kmz":"withlacoochee","orientation":"unverified"}},{"type":"Feature","geometry":{"type":"LineString","coordinates":[[-82.0744761431814,28.8336482552022],[-82.0837950412478,28.8447272481111]]},"properties":{"segment_id":"a638e5dfea8337ca24226188","source_kmz":"withlacoochee","orientation":"unverified"}},{"type":"Feature","geometry":{"type":"LineString","coordinates":[[-82.04259568541681,28.8294874486107],[-82.0425507713007,28.829755621749],[-82.0428094672902,28.8300634663758],[-82.0427196395206,28.8305998118584],[-82.0440131545483,28.8321390211155],[-82.043968243542,28.8324071930651],[-82.0442269529021,28.8327150322399],[-82.044092220147,28.8335195466002],[-82.0448683655699,28.834443058081],[-82.0451719930641,28.8344827226627],[-82.0454307132363,28.8347905573438],[-82.0508960794412,28.8355043589359],[-82.0537423712832,28.8388903331013],[-82.05465331546871,28.8390092478162],[-82.0554296278601,28.8399326704233],[-82.0572515462194,28.84017046291831],[-82.0575103282277,28.84047826417081],[-82.0578139835271,28.8405178924797],[-82.0580727686693,28.8408256921121],[-82.0583764254913,28.8408653187994],[-82.0586352137674,28.8411731168117],[-82.0592425307432,28.8412523660824],[-82.0595013233893,28.84156016171371],[-82.0613232886129,28.8417978843013],[-82.0615820905721,28.8421056745085],[-82.0618857536819,28.84214529116611],[-82.0622342750951,28.841916733974],[-82.0837950412478,28.8447272481111]]},"properties":{"segment_id":"0ac2248dcf44eb1f200e4ee7","source_kmz":"withlacoochee","orientation":"unverified"}},{"type":"Feature","geometry":{"type":"LineString","coordinates":[[-82.3353667219085,28.865682660387],[-82.3346709706755,28.8661415135927],[-82.3345829703823,28.8666780518267],[-82.3327596981083,28.8664449713355],[-82.3271933105082,28.8701155145633],[-82.32684109461,28.872261617017],[-82.3264931693487,28.872491012929],[-82.3245115635988,28.8845625904335],[-82.3289300989342,28.8897835686694],[-82.327697130868,28.8972945236901],[-82.3284769858014,28.8982158386189],[-82.3275081144649,28.904117188349],[-82.3306278825415,28.9078023444242],[-82.3305838477399,28.908070584145],[-82.330843841462,28.9083776747825],[-82.3307998070491,28.9086459142078],[-82.3310598033462,28.9089530038847],[-82.3308836655593,28.9100259592227],[-82.331143666443,28.9103330476434],[-82.3308354191618,28.9122107112152],[-82.3336956062248,28.9155886193682],[-82.3332112708912,28.9185392021568],[-82.3328631710099,28.9187685922264],[-82.3324668601784,28.9211826850535],[-82.3329869446541,28.9217968363629],[-82.330608672703,28.9362810482452]]},"properties":{"segment_id":"fc22bddf10074ee8b5eacce1","source_kmz":"withlacoochee","orientation":"unverified"}},{"type":"Feature","geometry":{"type":"LineString","coordinates":[[-82.3718712435294,28.8739026256954],[-82.3701321800381,28.8750503155199],[-82.3692204023278,28.874934082642],[-82.3688725819064,28.8751636139626],[-82.3682647301614,28.87508611914931],[-82.367221253451,28.875774699822],[-82.3669173259869,28.87573594824361],[-82.3658738301328,28.876424514741],[-82.3650937670995,28.8755034206771],[-82.3635741424164,28.87530962400781],[-82.3625306244241,28.8759981588336],[-82.3622706150678,28.8756911199415],[-82.3485942739228,28.8739458165725],[-82.3475544774073,28.8727175149253],[-82.3448193218617,28.8723682173757],[-82.3427399089309,28.86991151769101],[-82.34152433100262,28.8697562275012],[-82.33840549911702,28.8660710377861],[-82.3353667219085,28.865682660387]]},"properties":{"segment_id":"574b7ec2f7f2a0d292266839","source_kmz":"withlacoochee","orientation":"unverified"}},{"type":"Feature","geometry":{"type":"LineString","coordinates":[[-82.33884536391871,28.8633883190244],[-82.3353667219085,28.865682660387]]},"properties":{"segment_id":"b34a3f3548618c9e2dbba7be","source_kmz":"withlacoochee","orientation":"unverified"}},{"type":"Feature","geometry":{"type":"LineString","coordinates":[[-82.3461822777661,28.8640517743795],[-82.345834439441,28.8642812374947],[-82.33884536391871,28.8633883190244]]},"properties":{"segment_id":"7579ce4533898bcaab41bbe0","source_kmz":"withlacoochee","orientation":"unverified"}},{"type":"Feature","geometry":{"type":"LineString","coordinates":[[-82.1749473996538,28.8694354835083],[-82.1773856454692,28.8678331038858],[-82.177697163955,28.865955674355],[-82.1783937712204,28.8654978361244],[-82.1784382702533,28.8652296305195],[-82.1787865698001,28.8650007092203],[-82.1789200614873,28.8641960903261],[-82.17926835542882,28.86396716687741],[-82.1794463354231,28.86289433772451],[-82.1836256552046,28.8601471439672],[-82.1837146138621,28.8596107210685],[-82.186848901874,28.8575502015455],[-82.1869378371719,28.8570137725038],[-82.1876343197758,28.8565558642529],[-82.1883457217226,28.8522643938808],[-82.1939169929109,28.8486008706664],[-82.19400587354231,28.8480644237893],[-82.1957467836889,28.8469195037874],[-82.1963542710929,28.8469979780232],[-82.1963098389899,28.8472662032457],[-82.19691732943011,28.8473446742351],[-82.197613677328,28.8468866903441],[-82.1977913865631,28.8458137850937],[-82.2012729626876,28.8435237782946],[-82.20140620461362,28.8427190883558],[-82.2034950368786,28.8413450185646],[-82.2037987638851,28.84138423479081],[-82.2038875737103,28.8408477700742],[-82.2041912991007,28.8408869852411],[-82.2045394273619,28.8406579666932],[-82.2121326376955,28.8416380419989]]},"properties":{"segment_id":"53e42f97ba5cf11cefa160f4","source_kmz":"withlacoochee","orientation":"unverified"}},{"type":"Feature","geometry":{"type":"LineString","coordinates":[[-82.3220184882825,28.8543889663848],[-82.3195833979787,28.8559946739425],[-82.319539355056,28.8562629437851],[-82.3188435953862,28.8567217054786],[-82.3182709797119,28.860209187736],[-82.3099208855936,28.8657138438569],[-82.3084661323625,28.8745662989416],[-82.3046381920404,28.8770889171206],[-82.304594090249,28.8773571667212],[-82.3014619567276,28.8794210113467],[-82.3011972734454,28.8810304888227]]},"properties":{"segment_id":"848f9ecc5456f5f4db76aa04","source_kmz":"withlacoochee","orientation":"unverified"}},{"type":"Feature","geometry":{"type":"LineString","coordinates":[[-82.3492475640902,28.8510224583288],[-82.3488080966858,28.8537053024404],[-82.3484603084311,28.8539347799704],[-82.3483724091138,28.8544713458273],[-82.3403726975434,28.85974896890322],[-82.33988891942201,28.8626999921324],[-82.33884536391871,28.8633883190244]]},"properties":{"segment_id":"6f3ff5b1ec2a14a1807127db","source_kmz":"withlacoochee","orientation":"unverified"}},{"type":"Feature","geometry":{"type":"LineString","coordinates":[[-82.0830767885937,28.8155871089947],[-82.0843708121079,28.8171258908012],[-82.0841917141664,28.8181986850384],[-82.08349498594771,28.8186559675372],[-82.0831815362484,28.8205333456118],[-82.0834403527884,28.8208410996258],[-82.0830821126956,28.8229866618419],[-82.0833409364347,28.8232944142031],[-82.083206593667,28.8240989964558],[-82.0834654212918,28.8244067476599],[-82.0833310779372,28.825211327826],[-82.0905790776537,28.8338280040858],[-82.0912758932131,28.83337069308561],[-82.0915795387219,28.8334102268129],[-82.0916242981455,28.8331420356969],[-82.093017898893,28.8322273935519],[-82.09332154108621,28.8322669224763],[-82.0935900562853,28.8306577638471],[-82.0946352126948,28.8299717607648],[-82.0961533895313,28.8301693750734],[-82.09641228333761,28.8304770904481],[-82.0979304734968,28.830674679431],[-82.09844827915362,28.8312900999893],[-82.0983140683975,28.8320946849854],[-82.09761730177812,28.8325520430258],[-82.0981351167202,28.83316746219881],[-82.099046061588,28.8332860027863],[-82.1011174269308,28.8357476268098],[-82.1017247446995,28.8358266373858],[-82.102842866346,28.82912173497691],[-82.1035395760191,28.828664339169],[-82.10358429469991,28.828396139893],[-82.1039326454544,28.8281674398023],[-82.1040220794892,28.8276310400574],[-82.1043704258759,28.827402338111],[-82.1045045710808,28.8265977361079],[-82.1048529118651,28.8263690320075],[-82.1056129984656,28.821809581792]]},"properties":{"segment_id":"43e772c20d689121c123d153","source_kmz":"withlacoochee","orientation":"unverified"}},{"type":"Feature","geometry":{"type":"LineString","coordinates":[[-82.0181628108858,28.80683358629591],[-82.0115410679082,28.8111736264487],[-82.0105059144948,28.8173415428157]]},"properties":{"segment_id":"26a1f814715bc8a6baca93f7","source_kmz":"withlacoochee","orientation":"unverified"}},{"type":"Feature","geometry":{"type":"LineString","coordinates":[[-82.3504666447889,28.849260862596],[-82.3501188794893,28.8494903480344],[-82.3500749376013,28.8497586347189],[-82.3497271691677,28.849988118606],[-82.349595338122,28.8507929765847],[-82.3492475640902,28.8510224583288]]},"properties":{"segment_id":"275c59fec53a0f0986ba4d63","source_kmz":"withlacoochee","orientation":"unverified"}},{"type":"Feature","geometry":{"type":"LineString","coordinates":[[-82.147861726738,28.8568875508996],[-82.1468250824603,28.85565726088611],[-82.1468696771788,28.8553890617553],[-82.14595842491941,28.85527093260171],[-82.1456992729697,28.8549633555638],[-82.14587766305172,28.8538905578573],[-82.146226004343,28.85366173544511],[-82.1463151952036,28.8531253348072],[-82.1466635321251,28.8528965105413],[-82.1468419054858,28.8518237056961],[-82.1465827609438,28.8515161281361],[-82.1467165399656,28.8507115221242],[-82.1461982605695,28.8500963638301],[-82.1462428543363,28.849828161232],[-82.1449471924129,28.84829024994511],[-82.1491826165094,28.8228100512794]]},"properties":{"segment_id":"56b7981055a1838f3cabeac5","source_kmz":"withlacoochee","orientation":"unverified"}},{"type":"Feature","geometry":{"type":"LineString","coordinates":[[-82.1497007493111,28.82342523720691],[-82.1491826165094,28.8228100512794]]},"properties":{"segment_id":"773bad7b028f12de500d1f35","source_kmz":"withlacoochee","orientation":"unverified"}},{"type":"Feature","geometry":{"type":"LineString","coordinates":[[-82.26783132833272,28.8405919751735],[-82.2688751825367,28.8399042977513],[-82.2700901933112,28.8400604198695],[-82.27078608126811,28.8396019542936],[-82.2710898333323,28.8396409807504],[-82.2717857123509,28.8391825082288],[-82.2733044702304,28.83937761799641],[-82.2760878835636,28.837543639259]]},"properties":{"segment_id":"16a78a8a91fbf825d8e3d765","source_kmz":"withlacoochee","orientation":"unverified"}},{"type":"Feature","geometry":{"type":"LineString","coordinates":[[-82.3496945581343,28.84450594614991],[-82.3488156920595,28.8498717056384],[-82.3493354541991,28.8504858871325],[-82.3492475640902,28.8510224583288]]},"properties":{"segment_id":"21c6c15b7e47a0896df948e8","source_kmz":"withlacoochee","orientation":"unverified"}},{"type":"Feature","geometry":{"type":"LineString","coordinates":[[-82.1775262231826,28.822097595506],[-82.1776151804961,28.8215611265892],[-82.1770968546677,28.8209460722574],[-82.177230292497,28.8201413667948],[-82.1769711344261,28.8198338380381],[-82.177060092888,28.819297366537],[-82.1774082056234,28.81906842339591],[-82.1777118398385,28.8191077154426],[-82.1779709983811,28.8194152429744],[-82.1779265221402,28.8196834791217],[-82.1784448462516,28.8202985314021],[-82.1787484854008,28.82033782040161],[-82.1790965978461,28.8201088723939],[-82.1797038756667,28.8201874458903],[-82.1804000922007,28.8197295422613],[-82.1813110070719,28.819847390289],[-82.1820885347975,28.8207699425769],[-82.1820440709949,28.8210381795157],[-82.1838583734683,28.8231907706748],[-82.1841620256115,28.8232300441097],[-82.18493961599782,28.8241525679715],[-82.1858505852341,28.8242703762539],[-82.1861097895281,28.8245778801994],[-82.1864134477419,28.8246171471431],[-82.1871910757182,28.8255396515258],[-82.19356804153321,28.82636401046132],[-82.194086521488,28.8269789770755],[-82.1943901921176,28.8270182212683],[-82.1946494361773,28.8273257025212],[-82.1952567807554,28.8274041867999],[-82.1955160291813,28.82771166566742],[-82.1967307266784,28.8278686208448],[-82.1975084981537,28.8287910431349],[-82.1978121769383,28.8288302774908],[-82.1980714391288,28.8291377491025],[-82.19867880001661,28.82921621370731],[-82.20256799780822,28.8338281616436],[-82.2025235925341,28.8340963982681],[-82.20745053596302,28.839937918842],[-82.2080579837715,28.8400163283802],[-82.20857665422662,28.8406312041436],[-82.2088803810238,28.84067040609681],[-82.20913972033502,28.8409778419242],[-82.21187328538102,28.8413306138924],[-82.2121326376955,28.8416380419989]]},"properties":{"segment_id":"cc463d30f84fe142903bcc04","source_kmz":"withlacoochee","orientation":"unverified"}},{"type":"Feature","geometry":{"type":"LineString","coordinates":[[-81.9875484972029,28.7896640451469],[-81.9871999894728,28.7898923902914],[-81.986896550622,28.789852557674],[-81.9858510140828,28.7905375826621],[-81.98524413328661,28.7904579090828],[-81.9845470968135,28.7909145822628],[-81.9843216997051,28.7922554542706],[-81.9836246432978,28.79271211940871],[-81.98330905795821,28.7945893276386],[-81.983825800732,28.7952053551261],[-81.9837356335396,28.7957416981422],[-81.9826899979018,28.7964266822613],[-81.9823865375811,28.79638683757121],[-81.9820379879184,28.7966151621289],[-81.9799137691192,28.7963362184842],[-81.9796554076536,28.7960281966459],[-81.9790484930598,28.79594848919921],[-81.9787901359606,28.7956404649821],[-81.9772728606946,28.7954411775107],[-81.9770145116686,28.7951331486354],[-81.9739799950973,28.7947345015725],[-81.9715399956906,28.7963325628993],[-81.9711790013156,28.7984778828787],[-81.9714373392267,28.7987859231855]]},"properties":{"segment_id":"1a60bec5abab3ff0178c17c8","source_kmz":"withlacoochee","orientation":"unverified"}},{"type":"Feature","geometry":{"type":"LineString","coordinates":[[-82.1491826165094,28.8228100512794],[-82.1411525290507,28.8132742290394],[-82.1411971193788,28.8130060038064],[-82.1404201129345,28.8120831380925],[-82.1404647049698,28.8118149123619],[-82.1391697355061,28.81027678512161],[-82.1392143305764,28.8100085586942],[-82.1384373736632,28.80908567171951],[-82.1384819704404,28.8088174447943],[-82.1379640099811,28.808202182307],[-82.1380532053363,28.8076657274612],[-82.137794229281,28.8073580947268],[-82.1378388271951,28.8070898669058]]},"properties":{"segment_id":"0ee50e1ed9be3daae0193c32","source_kmz":"withlacoochee","orientation":"unverified"}},{"type":"Feature","geometry":{"type":"LineString","coordinates":[[-81.9340862112336,28.7664588539849],[-81.958614492901,28.7957296680557],[-81.95891793955921,28.7957695798919],[-81.9594345106639,28.79638572273881],[-81.9597379600823,28.79642563219541],[-81.959996249713,28.7967337015711],[-81.9609066034063,28.7968534224999],[-81.9611648986396,28.7971614887378],[-81.96207525863612,28.7972811996451],[-81.9623335594721,28.7975892627451],[-81.9714373392267,28.7987859231855]]},"properties":{"segment_id":"05102c616d056516e6a40579","source_kmz":"withlacoochee","orientation":"unverified"}},{"type":"Feature","geometry":{"type":"LineString","coordinates":[[-82.2037331727999,28.8005528077979],[-82.2026892745239,28.8012399208988],[-82.2022009947355,28.8041907544142],[-82.2018530112877,28.8044197863233],[-82.1982099213186,28.8039490253026],[-82.197173193003,28.8027190573537],[-82.1965660251752,28.802640579037],[-82.19482604423271,28.8037856392988],[-82.1942188708867,28.8037071479413],[-82.1938708676733,28.80393615430121],[-82.1933822623157,28.8068869278004],[-82.1936414405295,28.8071944269996],[-82.1933749180339,28.808803929074],[-82.19415247604131,28.809726419703],[-82.1929530522552,28.8169690823747],[-82.1939898947101,28.8181990470388],[-82.1939454702947,28.8184672906229],[-82.1942046863208,28.8187747795352],[-82.1937604332083,28.8214572034519]]},"properties":{"segment_id":"41d060150bbbc0b57b8283d5","source_kmz":"withlacoochee","orientation":"unverified"}},{"type":"Feature","geometry":{"type":"LineString","coordinates":[[-82.3175998551639,28.813282794446],[-82.315165872619,28.8148885672468],[-82.3151218371441,28.8151568628814],[-82.3133832150243,28.8163038042916],[-82.3133391731105,28.8165720982445],[-82.3098617740466,28.8188658838997],[-82.3103810591792,28.8194803011507],[-82.3102929525492,28.8200168821271],[-82.3099892532898,28.8199779644244],[-82.3096414986744,28.8202073358547],[-82.3081230032584,28.8200127296269],[-82.3060364156057,28.82138890305],[-82.305125309703,28.82127211171],[-82.304777536438,28.8215014666727],[-82.3038664310652,28.8213846647038],[-82.3036068054988,28.8210774422531],[-82.3023920072061,28.8209216911865],[-82.2999575123384,28.8225270891031],[-82.2999134242538,28.822795373372],[-82.2988700371115,28.8234833813183],[-82.2985663306092,28.82344443170591],[-82.2982185304263,28.8236737642162],[-82.2945740663639,28.8232062901827],[-82.2940548738791,28.822591802374],[-82.2937511728368,28.8225528390813],[-82.2934033631942,28.8227821565366],[-82.29309459312502,28.8246601222455],[-82.292746772958,28.8248894363673],[-82.2926585479367,28.82542599561941],[-82.2923107234053,28.8256553078915],[-82.29200191832392,28.8275332569481],[-82.2899148794785,28.8289090917377],[-82.2898707559458,28.8291773676007],[-82.29013035628951,28.8294846169644],[-82.3086580630583,28.83186038401911]]},"properties":{"segment_id":"d5ea0f194d6f2098d7db142b","source_kmz":"withlacoochee","orientation":"unverified"}},{"type":"Feature","geometry":{"type":"LineString","coordinates":[[-82.0348741892131,28.7755838094436],[-82.0359082046692,28.7768154240679],[-82.0365150348721,28.7768948144195],[-82.0367735459421,28.7772027144048],[-82.0373803797605,28.7772820997947],[-82.0384144528649,28.778513685052],[-82.0383695526549,28.778781890753],[-82.0386729758788,28.7788215792161],[-82.03970708688561,28.7800531472716],[-82.04152766187191,28.7802912417354],[-82.0417862017673,28.7805991270369],[-82.0448205286863,28.7809958747144],[-82.0450790828196,28.7813037515517],[-82.0453825183222,28.7813434208273],[-82.04533763884821,28.7816116275289],[-82.0459445126085,28.7816909636989],[-82.0474959033938,28.7835381923738],[-82.0484062384004,28.7836571764883]]},"properties":{"segment_id":"70c0fd33f342807f8409de55","source_kmz":"withlacoochee","orientation":"unverified"}},{"type":"Feature","geometry":{"type":"LineString","coordinates":[[-81.8993380906201,28.7555670111472],[-81.8992474266835,28.7561033365944],[-81.8995053705226,28.7564115824623],[-81.8998086470532,28.7564516650474],[-81.9010984008129,28.75799287771432],[-81.9014016838107,28.7580329556445],[-81.9021755624833,28.7589576706653],[-81.90308542433252,28.7590778924655],[-81.9051492137215,28.76154374319581],[-81.9069690045383,28.761784127145],[-81.90722699414272,28.7620923500684],[-81.9078335958666,28.7621724696542],[-81.908091589835,28.7624806902009],[-81.9111246281619,28.7628812289453],[-81.9116406464889,28.7634976522807],[-81.9340862112336,28.7664588539849]]},"properties":{"segment_id":"a2a9fce1a62f19179147e222","source_kmz":"withlacoochee","orientation":"unverified"}},{"type":"Feature","geometry":{"type":"LineString","coordinates":[[-82.2478741599744,28.7961089185441],[-82.2473554767976,28.7954941636466],[-82.2467483143935,28.7954159672268]]},"properties":{"segment_id":"6999625c4c096b34fbe8f470","source_kmz":"withlacoochee","orientation":"unverified"}},{"type":"Feature","geometry":{"type":"LineString","coordinates":[[-82.3395733819072,28.805959582744],[-82.3350542292582,28.8089426613777],[-82.3350102604525,28.8092109691491],[-82.33470658883131,28.8091721201752],[-82.3322730526422,28.8107782965984],[-82.3307546753375,28.8105840052413],[-82.3304070163655,28.8108134491974],[-82.33036303173012,28.8110817538097],[-82.3279336297085,28.8107708344012],[-82.3263755733965,28.8089277862598],[-82.3218206039123,28.8083445951466],[-82.320777575879,28.8090328404803],[-82.3203814355003,28.8114475501757],[-82.3175998551639,28.813282794446]]},"properties":{"segment_id":"83831a57ab399272ea82befc","source_kmz":"withlacoochee","orientation":"unverified"}},{"type":"Feature","geometry":{"type":"LineString","coordinates":[[-82.1465458911724,28.7808175305751],[-82.1479380254632,28.7799020570506],[-82.148848462824,28.7800201917638],[-82.1491964896644,28.7797913173577],[-82.1498034480001,28.7798700676111],[-82.1501514716164,28.7796411900273],[-82.15045495054721,28.7796805629034],[-82.1508029716033,28.7794516831016],[-82.1520168875164,28.7796091621622],[-82.1556422563675,28.7839157627328],[-82.1559457533155,28.7839551196869],[-82.1567226701334,28.7848779384102],[-82.1570261710642,28.7849172922195],[-82.1572851483632,28.78522489597592],[-82.1578921535435,28.7853035994897],[-82.158151135205,28.7856112008616],[-82.1584546394545,28.7856505505661],[-82.1587136242457,28.7859581503149],[-82.1593206360634,28.7860368456193],[-82.1600166806319,28.7855790346794],[-82.1624447286501,28.7858937661175],[-82.1632217348006,28.78681653338141],[-82.1668638853205,28.7872884998508],[-82.16971321667052,28.7906718129443],[-82.17001674462182,28.7907111295122],[-82.169883284433,28.7915158854528],[-82.1695352653893,28.7917448200704],[-82.1692683299416,28.7933543247838],[-82.1697864281398,28.7939694594145],[-82.1696084708065,28.7950424577728],[-82.1701265819103,28.7956575881564],[-82.1710372212552,28.7957755303001],[-82.1712962833521,28.7960830919146],[-82.17220692895341,28.79620102402721],[-82.1745386065041,28.79896901921901]]},"properties":{"segment_id":"23d53472b3d449e2182d9c81","source_kmz":"withlacoochee","orientation":"unverified"}},{"type":"Feature","geometry":{"type":"LineString","coordinates":[[-82.3252309132935,28.7970017859464],[-82.32314517779,28.7983783706437],[-82.3231011764662,28.7986466806585],[-82.3196247863646,28.8009408850492],[-82.3175998551639,28.813282794446]]},"properties":{"segment_id":"2358d7bd9d20f228c2cb8694","source_kmz":"withlacoochee","orientation":"unverified"}},{"type":"Feature","geometry":{"type":"LineString","coordinates":[[-82.2177659972185,28.7831852624468],[-82.218113849298,28.7829561668349],[-82.2190244182049,28.7830737063561],[-82.2193722663903,28.7828446066086],[-82.2196757892599,28.7828837837682],[-82.221067160364,28.7819673683673],[-82.2216742016277,28.78204571242931],[-82.2219334067565,28.7823531626222],[-82.2218890905457,28.7826214418759],[-82.2226667193139,28.7835437869775],[-82.22262240481712,28.7838120657303],[-82.2239184940439,28.7853492898122],[-82.2254361670774,28.7855451015996],[-82.2257840080084,28.7853159825326],[-82.2260875427984,28.7853551413485],[-82.226435381166,28.7851260200649],[-82.2267389155732,28.7851651770607],[-82.2312606330106,28.78218647349461]]},"properties":{"segment_id":"2dfe19d07ee5e7e3393682a3","source_kmz":"withlacoochee","orientation":"unverified"}},{"type":"Feature","geometry":{"type":"LineString","coordinates":[[-82.079632624434,28.7600531702088],[-82.0799807570223,28.759824508426],[-82.0804979945261,28.7604401248952],[-82.08262163853412,28.760717106561]]},"properties":{"segment_id":"a7ff2ffc1d72de1132b4c62c","source_kmz":"withlacoochee","orientation":"unverified"}},{"type":"Feature","geometry":{"type":"LineString","coordinates":[[-81.93891066765,28.7396808062526],[-81.9385622350763,28.7399090224538],[-81.9385170368522,28.7401772123896],[-81.9381686011518,28.7404054270284],[-81.9377165907009,28.7430873123474],[-81.933535066546,28.745825753507],[-81.93348984909791,28.7460939373241],[-81.9327928994431,28.746550325923],[-81.9327476792369,28.7468185089377],[-81.9323992003361,28.7470467010441],[-81.9326572379587,28.7473548743658],[-81.933567017747,28.7474748416322],[-81.9356314164925,28.7499401790544],[-81.9354053487471,28.7512810866324],[-81.9350568585578,28.7515092847889],[-81.9349212107428,28.7523138260286],[-81.9331787128823,28.7534547933771],[-81.933133490192,28.7537229718852],[-81.9320879650583,28.7544075362552],[-81.9319522841401,28.7552120678692],[-81.9312552505103,28.7556684360036],[-81.9309519618229,28.755628442077],[-81.93025491930662,28.7560848032449],[-81.9302096858698,28.7563529787448],[-81.9292998147544,28.7562329857409],[-81.9282542271598,28.7569175084848],[-81.9282089868897,28.7571856825798],[-81.92716337855431,28.7578701930681],[-81.9271181342898,28.75813836606021],[-81.9267695931572,28.7583665333992],[-81.9266791012914,28.7589028781807],[-81.9263305557954,28.7591310436564],[-81.9261948121248,28.7599355584241],[-81.9287754417868,28.7630173018368],[-81.929078756109,28.7630573011606],[-81.9293368307222,28.7633654700191],[-81.9305500958402,28.7635254556777],[-81.9310662606285,28.7641417847437],[-81.9322795402493,28.7643017505687],[-81.9340862112336,28.7664588539849]]},"properties":{"segment_id":"fdc1bf1d364395f1b4d0ff12","source_kmz":"withlacoochee","orientation":"unverified"}},{"type":"Feature","geometry":{"type":"LineString","coordinates":[[-82.0287817012316,28.7490215877966],[-82.0308489301768,28.7514850852841],[-82.0329721839576,28.7517630541475],[-82.0354097203697,28.75016341990071],[-82.0363196767089,28.7502825163538],[-82.0366678866402,28.7500539892561],[-82.0372745243118,28.7501333806713],[-82.03753295583981,28.7504412995836],[-82.0374880678157,28.7507095238782],[-82.0377465018979,28.7510174418297],[-82.0386564707959,28.7511365182401],[-82.0397010864596,28.7504509119292],[-82.0430376393512,28.7508874275305],[-82.0432960943142,28.7511953319981],[-82.0448127268897,28.7513937099756],[-82.04507118991361,28.7517016097811],[-82.046587835816,28.7518999624548],[-82.0468463069008,28.75220785759811],[-82.04927296510232,28.75252517106791],[-82.0495314479481,28.7528330592679],[-82.0498347827452,28.7528727188208],[-82.0500932687184,28.7531806053998],[-82.0503966050351,28.7532202633322],[-82.05065509413582,28.7535281482902],[-82.05095843197222,28.7535678046022],[-82.0512169242004,28.7538756879391],[-82.0530369646308,28.7541136031859],[-82.05355396956992,28.7547293581533],[-82.0544640010497,28.7548482996025],[-82.05481218055071,28.7546197163499],[-82.0578456308117,28.7550161223392],[-82.0581041527283,28.7553239879865],[-82.0593175457789,28.7554825232563],[-82.0595760745231,28.755790385001],[-82.05992424402112,28.7555617857303],[-82.0602275935714,28.755601415677],[-82.060575760514,28.7553728141868],[-82.0608791096893,28.7554124423135],[-82.0612272740765,28.7551838386038],[-82.0615306228769,28.7552234649105],[-82.061789158932,28.7555313215327],[-82.0620925092517,28.7555709462188],[-82.06260958951151,28.7561866553598],[-82.0629129425838,28.7562262776648],[-82.0631714867885,28.7565341301837],[-82.0640815514219,28.7566529896561],[-82.06434010122092,28.7569608390327],[-82.0642952952839,28.7572290701055],[-82.0648124018875,28.7578447660758],[-82.0654191223675,28.7579239970595],[-82.0659362414823,28.7585396865445],[-82.06589143979862,28.7588079172156],[-82.066150002859,28.75911576056661],[-82.0670600996657,28.7592345940452],[-82.0675772388701,28.7598502736017],[-82.0689698857088,28.7589357746413],[-82.0792844899508,28.7602818307323],[-82.079632624434,28.7600531702088]]},"properties":{"segment_id":"c22a68556df128b9775d76fc","source_kmz":"withlacoochee","orientation":"unverified"}},{"type":"Feature","geometry":{"type":"LineString","coordinates":[[-82.3031794863882,28.7840393407002],[-82.3042175358446,28.7852683436953],[-82.3041734809257,28.7855366547976],[-82.3046925183811,28.7861511509113],[-82.3043841354183,28.788029321643],[-82.3049031898187,28.7886438128899],[-82.3046829145088,28.789985356435],[-82.3005110501554,28.7927377320025],[-82.2974751020463,28.7923482134238],[-82.2971274276628,28.792577560298],[-82.296823833733,28.7925386027459],[-82.2964761567829,28.7927679474047],[-82.296172562467,28.7927289880325],[-82.2958248829502,28.79295833047591],[-82.2955212882483,28.7929193692836],[-82.2948259221828,28.7933780484835],[-82.2940474101428,28.7924562483207],[-82.2931366348007,28.7923393469588],[-82.2913981848438,28.7934859986557],[-82.2910945902884,28.7934470250175],[-82.2903991956787,28.79390567498371],[-82.2900956000698,28.7938666985661],[-82.2862707866067,28.7963891730002],[-82.2801987867629,28.7956092528269],[-82.279939327475,28.7953019533965],[-82.26142049995731,28.7929210234688],[-82.2596816050384,28.7940671606835],[-82.2593780231174,28.79402809756141],[-82.25833466138421,28.7947157619311],[-82.2580310777453,28.79467669507],[-82.25768328603712,28.7949059130537],[-82.2573797020138,28.7948668443723],[-82.25668411156862,28.7953252746506],[-82.2530411093207,28.7948563603024],[-82.2526933032498,28.7950855620439],[-82.2514789755414,28.7949292258759],[-82.2511311649054,28.795158422523],[-82.2477917796884,28.79472841648692]]},"properties":{"segment_id":"fc2ab52aa462bf44657bd709","source_kmz":"withlacoochee","orientation":"unverified"}},{"type":"Feature","geometry":{"type":"LineString","coordinates":[[-81.947820815796,28.7364686630393],[-81.94678858796442,28.735236076394],[-81.9446660375745,28.7349563932802],[-81.9422272163021,28.7365540298938],[-81.942046475668,28.73762680368401],[-81.93891066765,28.7396808062526]]},"properties":{"segment_id":"05d71e25443f3a9d2141b8ad","source_kmz":"withlacoochee","orientation":"unverified"}},{"type":"Feature","geometry":{"type":"LineString","coordinates":[[-82.0162904163046,28.7421769575376],[-82.0165487464814,28.7424849330846],[-82.0168520283482,28.7425246867652],[-82.0171103616517,28.7428326606918],[-82.017716928713,28.742912163953],[-82.0182336059338,28.743528106185],[-82.0191434660784,28.74364735006691],[-82.0194018112293,28.74395531761221],[-82.0200083885604,28.7440348077135],[-82.0202667380716,28.7443427728784],[-82.0208733190171,28.7444222580196],[-82.0211316728887,28.744730220804],[-82.0241646071602,28.7451275873099],[-82.0244229752602,28.7454355416332],[-82.0262427569893,28.745673915696],[-82.0261978354784,28.7459421384979],[-82.026972975322,28.7468659823222],[-82.0266585305779,28.7487435342218],[-82.027265149331,28.7488229824005],[-82.0276133778352,28.7485944838008],[-82.02852330613511,28.7487136467387],[-82.0287817012316,28.7490215877966]]},"properties":{"segment_id":"dee0d35014c995d6920b78d4","source_kmz":"withlacoochee","orientation":"unverified"}},{"type":"Feature","geometry":{"type":"LineString","coordinates":[[-82.177639344873,28.7615558850098],[-82.1793786854922,28.7604109812576]]},"properties":{"segment_id":"10c85fd88d9f3189099048e3","source_kmz":"withlacoochee","orientation":"unverified"}},{"type":"Feature","geometry":{"type":"LineString","coordinates":[[-82.15918349115131,28.7569716278858],[-82.1594868924377,28.7570109775128],[-82.159745792735,28.7573185969482],[-82.1712752989344,28.7588132162917],[-82.1717931988403,28.7594283947084],[-82.1793786854922,28.7604109812576]]},"properties":{"segment_id":"62199262153ff15c641ce05f","source_kmz":"withlacoochee","orientation":"unverified"}},{"type":"Feature","geometry":{"type":"LineString","coordinates":[[-82.390584049778,28.818222797546],[-82.3879848051936,28.8151526039143],[-82.3882038155069,28.8138109749969],[-82.3879439048563,28.813503950376],[-82.38820671201621,28.8118939885241],[-82.387946807289,28.8115869624344],[-82.3880782091008,28.8107819785276],[-82.3878183082857,28.810474951271],[-82.38786210900011,28.8102066228045],[-82.38760221075611,28.8098995945826],[-82.3881716032845,28.806411305147],[-82.3866123060205,28.804569109795],[-82.3866561075082,28.8043007778436],[-82.3863962319527,28.8039937421583],[-82.3865276367469,28.8031887448101],[-82.3836691531767,28.7998112918801],[-82.383712961587,28.7995429579228],[-82.3834531115159,28.7992359114591],[-82.3835845370774,28.7984309080926],[-82.3820254886144,28.7965886093357],[-82.3820693005954,28.7963202738766],[-82.38180946650512,28.7960132209567],[-82.38224757761711,28.7933298544274],[-82.3728950567555,28.7822753370579]]},"properties":{"segment_id":"172f7f2844e1328518037757","source_kmz":"withlacoochee","orientation":"unverified"}},{"type":"Feature","geometry":{"type":"LineString","coordinates":[[-82.1793786854922,28.7604109812576],[-82.1842485870629,28.757205083448]]},"properties":{"segment_id":"a119849105f741f0d52b297c","source_kmz":"withlacoochee","orientation":"unverified"}},{"type":"Feature","geometry":{"type":"LineString","coordinates":[[-82.2358772744669,28.7636018287287],[-82.2361364746664,28.76390925894592],[-82.2359151661934,28.7652507447369],[-82.2364335789403,28.7658656015722],[-82.2359024257497,28.7690851447005],[-82.2387539193835,28.7724667822679],[-82.2387096621047,28.7727350751226],[-82.23896890084771,28.7730424914409],[-82.2386211466991,28.773271660234],[-82.2364078940148,28.7866860289454]]},"properties":{"segment_id":"536a02dc64a5dd075a178a78","source_kmz":"withlacoochee","orientation":"unverified"}},{"type":"Feature","geometry":{"type":"LineString","coordinates":[[-81.9423507855386,28.7247817325687],[-81.9416540606831,28.7252382031956],[-81.9413508768362,28.7251982355448],[-81.9410025109137,28.72542646800631],[-81.93888022745571,28.725146663659],[-81.9385318550396,28.7253748881384],[-81.9382738633484,28.7250667118227],[-81.9361515980557,28.7247868533162],[-81.935635637625,28.7241704874772],[-81.9350292836445,28.7240905171302],[-81.9343325247659,28.7245469410695],[-81.9340612996885,28.72615612942541],[-81.93535121656181,28.7276970487479],[-81.9352156099894,28.7285016387112],[-81.9362475854248,28.7297343574953],[-81.9362023852868,28.7300025533472],[-81.9377504091352,28.7318516051381],[-81.9377052126534,28.732119800188],[-81.9387372690179,28.733352483792],[-81.93819492030251,28.7365708039329],[-81.9392270385008,28.7378034689794],[-81.93891066765,28.7396808062526]]},"properties":{"segment_id":"a89a9c99a033be7899bd563e","source_kmz":"withlacoochee","orientation":"unverified"}},{"type":"Feature","geometry":{"type":"LineString","coordinates":[[-82.05009663178672,28.7290602676881],[-82.0506134610977,28.7296760757296],[-82.050916712842,28.7297157345461],[-82.0514335521905,28.7303315376228],[-82.0517368066863,28.7303711940588],[-82.0527705130312,28.7316027868384],[-82.0533770327425,28.7316820910484],[-82.0544107792396,28.7329136639688],[-82.0556238418185,28.7330722499042],[-82.0566576383308,28.7343037968826],[-82.0573538133055,28.7338465912087],[-82.0573986289301,28.7335783472086],[-82.0580947938661,28.7331211358959],[-82.0581844193265,28.7325846460943],[-82.0593974842754,28.732743189555],[-82.0596559433737,28.7330510687694],[-82.0608690178289,28.7332095954289],[-82.0612170902782,28.7329809789465],[-82.0654628776488,28.7335357004613],[-82.0659798470428,28.7341514276136],[-82.0662831221787,28.7341910426081],[-82.06614875852522,28.7349957838764],[-82.0666657419234,28.7356115054585],[-82.066317673401,28.73584013807371],[-82.06604893891051,28.7374496121926],[-82.0657008610986,28.7376782417487],[-82.0659593584599,28.737986101963],[-82.0656906102469,28.7395955664671],[-82.06599390489012,28.7396351817336],[-82.0662524093434,28.7399430397223],[-82.0665557055052,28.7399826533682],[-82.0673312339256,28.7409062198862],[-82.0672864460937,28.7411744630659],[-82.0675449600157,28.741482316749],[-82.0675001725589,28.7417505596278],[-82.0678034758314,28.7417901695711],[-82.0676691145865,28.7425948973047],[-82.0655805178972,28.7439666694261],[-82.0654909275104,28.7445031499828],[-82.06600796457181,28.7451188599562],[-82.0659631702715,28.7453870997331],[-82.0662216923041,28.7456949533277],[-82.06587358081302,28.7459235786865],[-82.0656496021629,28.7472647725669],[-82.0661666573769,28.7478804774878],[-82.0664699821437,28.7479200905825],[-82.0669870473999,28.7485357905384],[-82.0672903749186,28.7485754012521],[-82.0675489116209,28.7488832491781],[-82.0678522406586,28.7489228582711],[-82.0699206123303,28.7513856046002],[-82.0696518971309,28.75299502460941],[-82.0699104560813,28.7533028634236],[-82.0698656698753,28.7535710992912],[-82.0701242313813,28.753878937144],[-82.0700794455507,28.7541471727112],[-82.0697313095417,28.75437580569381],[-82.069686522192,28.7546440407612],[-82.0693383830555,28.7548726721847],[-82.0692935941868,28.7551409067525],[-82.0689454519227,28.7553695366168],[-82.0692040155914,28.7556773752881],[-82.0689352729426,28.7572867760949],[-82.0698453538783,28.75740558653681],[-82.0701039271088,28.7577134214636],[-82.0716207405532,28.7579114178601],[-82.0721379050301,28.7585270775253],[-82.0763850552274,28.7590813317321],[-82.0766436575724,28.759389149625],[-82.0769470288207,28.75942873199901],[-82.0772056342936,28.7597365482704],[-82.079632624434,28.7600531702088]]},"properties":{"segment_id":"3fd3e2800fe466aabb9a594c","source_kmz":"withlacoochee","orientation":"unverified"}},{"type":"Feature","geometry":{"type":"LineString","coordinates":[[-82.1529590085803,28.7421875713933],[-82.1534766719551,28.74280286384881],[-82.1534321580725,28.7430711415408],[-82.1547263529866,28.74460935708481],[-82.1550297075571,28.7446487205209],[-82.1555474012507,28.7452639991802],[-82.1558507585687,28.7453033602335],[-82.1561096094897,28.7456109975084]]},"properties":{"segment_id":"2af3c7ffeaca653f81388b35","source_kmz":"withlacoochee","orientation":"unverified"}},{"type":"Feature","geometry":{"type":"LineString","coordinates":[[-82.0268820234806,28.7251991292178],[-82.0273986589857,28.7258150549263],[-82.0277018858417,28.7258547796561],[-82.0276569795772,28.7261230164894],[-82.0288698936518,28.7262819072091],[-82.0291282210674,28.72658986487121],[-82.0300379133307,28.7267090216022],[-82.0302962463375,28.7270169761232],[-82.0333285848337,28.7274141017337],[-82.0353954156567,28.7298776461055],[-82.0360916696022,28.7294205731023],[-82.03730464719321,28.7295793672684],[-82.0380797582153,28.7305031691258],[-82.0380348825831,28.7307714071454],[-82.0382932573697,28.7310793392754],[-82.0382483821111,28.73134757699381],[-82.0385067594509,28.73165550816231],[-82.0379682419299,28.7348743439401],[-82.0384850181315,28.7354902012787],[-82.0383952638421,28.7360266706999],[-82.0389120502571,28.7366425241929],[-82.0388222974628,28.7371789924101],[-82.0395974952458,28.7381027655902],[-82.0392493427924,28.7383313090711],[-82.0392044667131,28.7385995422773],[-82.0385979104645,28.7385201594467],[-82.0379015947707,28.7389772381892],[-82.0375983157556,28.7389375435644],[-82.0365538260343,28.7396231493492],[-82.0359472649025,28.7395437517609],[-82.0352509263144,28.74000081214511],[-82.0349476448579,28.73996111014131],[-82.0342512973762,28.740418163566],[-82.0341615108017,28.740954622777],[-82.0317242177095,28.7425542658715],[-82.0310057457165,28.7468458771009],[-82.0289164451021,28.7482169218],[-82.0287817012316,28.7490215877966]]},"properties":{"segment_id":"a4769fdccd747a64586f37a6","source_kmz":"withlacoochee","orientation":"unverified"}},{"type":"Feature","geometry":{"type":"LineString","coordinates":[[-82.3728950567555,28.7822753370579],[-82.3702975711588,28.7792044389135],[-82.3704290914542,28.7783994111079],[-82.3665332492555,28.7737928971972],[-82.361676352472,28.7731725791355],[-82.35414617275661,28.7642657464048],[-82.3332040879033,28.7615865732094]]},"properties":{"segment_id":"3dc50a25dac07c84cb37ce78","source_kmz":"withlacoochee","orientation":"unverified"}},{"type":"Feature","geometry":{"type":"LineString","coordinates":[[-82.0958745027966,28.7295554256978],[-82.1025982730533,28.7375577875928],[-82.1053280252781,28.7379133582389],[-82.10567599624441,28.7376846004663],[-82.1065859167989,28.7378031056546],[-82.1090216466279,28.7362017458465],[-82.11114477212712,28.7364781808364],[-82.1118406686203,28.73602062470041],[-82.1148737160281,28.7364154395307],[-82.117201846137,28.7391850941975],[-82.1184151174292,28.739342968654],[-82.11911099806112,28.7388853687406],[-82.1191556192722,28.7386171024499],[-82.1197622520838,28.7386960304812],[-82.1200209505473,28.739003759795],[-82.1212342245163,28.73916160249192],[-82.1215821573544,28.7389327939313],[-82.1249186769772,28.7393667798312],[-82.1252666006343,28.7391379594587],[-82.1264798863893,28.7392957428706],[-82.12682780550212,28.7390669174019],[-82.1274344487627,28.7391458020282],[-82.1295219157071,28.7377728112712],[-82.1298252337891,28.7378122465381],[-82.1300839663733,28.7381199523087],[-82.1303872859717,28.73815938595432],[-82.1306460216821,28.7384670901018],[-82.1327692754623,28.7387430962091],[-82.1332867698115,28.7393584912637],[-82.13389342123702,28.7394373393657],[-82.13466968436012,28.7403604209159],[-82.141039670638,28.7411880703007],[-82.1417354433485,28.7407303260086],[-82.1420387778316,28.7407697265031],[-82.1441260465142,28.7393964576674],[-82.1471593672056,28.7397903577433],[-82.1479357792761,28.7407133426245],[-82.1503624858565,28.7410283824808],[-82.1507103471096,28.7407994806896],[-82.1513170252708,28.7408782301328],[-82.151272505514,28.74114650823302],[-82.1515313268747,28.7414541597624],[-82.1518346685606,28.7414935325314],[-82.1521825277295,28.741264626243],[-82.1524858690363,28.7413039971926],[-82.1524413527849,28.7415722754887],[-82.1529590085803,28.7421875713933]]},"properties":{"segment_id":"f590560226db899fa02d5f75","source_kmz":"withlacoochee","orientation":"unverified"}},{"type":"Feature","geometry":{"type":"LineString","coordinates":[[-81.9776199828509,28.7140727448041],[-81.9778780850024,28.7143808351664],[-81.9777879665468,28.714917282466],[-81.9829504331465,28.7210789050243],[-81.9832536218852,28.7211187556846],[-81.9884168698919,28.7272800189476],[-81.9877863905184,28.7310350726147],[-81.9903683905762,28.7341155611442],[-81.9902783306729,28.7346519921642],[-81.9913111889571,28.7358841626886],[-81.9912211331756,28.7364205921034],[-81.991995800715,28.7373447103632],[-81.9907799885324,28.7445864208636],[-81.9904316765183,28.7448148024006],[-81.9900713857619,28.7469604639437],[-81.989723061983,28.7471888418162],[-81.9896780231108,28.7474570483072],[-81.9889813674056,28.7479137996694],[-81.9889363257779,28.74818200535911],[-81.9891945741614,28.7484900419882],[-81.9894978647476,28.748529872268],[-81.9910474022098,28.7503780694264],[-81.9919572979066,28.7504975414297],[-81.9960897902691,28.7554258793733],[-81.9959997440492,28.7559622863505],[-81.9956513990686,28.7561906782547],[-81.9950447570518,28.7561110531064],[-81.9946964088589,28.7563394418298],[-81.9946063527654,28.75687584640452],[-81.99486464865191,28.7571838626565],[-81.99459447742892,28.7587930709778],[-81.9925042858105,28.7601633663924],[-81.9912431425454,28.7676728595481],[-81.9925347452369,28.7692129307394],[-81.9928381122135,28.7692527495131],[-81.9935349238906,28.7687959977083],[-81.99474838939642,28.7689552565194],[-81.99526505837831,28.7695712687388],[-81.9955684279428,28.7696110797714],[-81.9958267665096,28.7699190838317],[-81.9979503701529,28.7701977316569],[-81.998208719256,28.770505729538],[-82.0030627430838,28.7711424684265],[-82.0069385032579,28.7757621510846],[-82.0064884980244,28.7784440860666],[-82.0080389610524,28.7802918989923],[-82.0076905479164,28.7805203159239],[-82.0074655481518,28.7818612714375],[-82.007723968014,28.7821692374125],[-82.0074539627745,28.7837783768418],[-82.007105533586,28.7840067898752],[-82.0070605304721,28.7842749787814],[-82.0078358135666,28.7851988714413],[-82.0084426777771,28.7852784185662],[-82.0087011117351,28.7855863795468],[-82.00900454550622,28.7856261510587],[-82.0092629825942,28.7859341104197],[-82.0095664178876,28.7859738803112],[-82.0098248581055,28.7862818380525],[-82.0107351694143,28.7864011402849],[-82.0128257164887,28.7850305808583],[-82.0137360184985,28.7851498580601],[-82.0158036953202,28.7876134208456],[-82.01566876263982,28.7884179905899],[-82.0161857047598,28.7890338720934],[-82.0167926045851,28.7891133713239],[-82.0170510809578,28.7894213092658],[-82.0176579844017,28.7895008035346],[-82.0190516661517,28.7885870196792],[-82.0190966332878,28.7883188286631],[-82.0204902797734,28.7874050234471],[-82.0229178551816,28.78772290384021],[-82.0232662567804,28.7874944417026],[-82.0253903957105,28.7877725351566],[-82.0264244221525,28.7890042032412],[-82.0263794780481,28.7892723968591],[-82.0266829335015,28.789312118113],[-82.0292681512447,28.7923912195446],[-82.0292232144086,28.7926594120686],[-82.0307405624584,28.7928579679178],[-82.0315161852498,28.7937816698792],[-82.0314712548486,28.7940498624057],[-82.0320782053818,28.7941292743607],[-82.0323367532342,28.7944371716749],[-82.0326402301661,28.7944768756015],[-82.0329886333337,28.7942483858403],[-82.033899063868,28.7943674895763],[-82.0345958605502,28.7939105005116],[-82.0348993366468,28.7939501981153],[-82.0352477314833,28.7937217007327],[-82.03555120720581,28.7937613965155],[-82.0365854563893,28.7949929483501],[-82.03688893733782,28.795032640231],[-82.0371475056079,28.7953405252797],[-82.0383614372093,28.7954992811575],[-82.0394066070506,28.7948137542482],[-82.0406205353077,28.7949724848341],[-82.0406654369852,28.7947042891076],[-82.04101381926131,28.7944757734771],[-82.0413281143312,28.7925983957116],[-82.0408109659199,28.7919826406176],[-82.0408558653909,28.7917144427972],[-82.040552394558,28.7916747617808],[-82.0397766918463,28.7907511201107],[-82.0400461002365,28.7891419278082],[-82.0484062384004,28.7836571764883]]},"properties":{"segment_id":"6970027a5d487756ccf69bdb","source_kmz":"withlacoochee","orientation":"unverified"}},{"type":"Feature","geometry":{"type":"LineString","coordinates":[[-82.392569535017,28.76615693314],[-82.392438246039,28.76696201281201],[-82.3920909361271,28.767191681269],[-82.3913906660832,28.7714854045077],[-82.391910254475,28.772099501047],[-82.3916038732006,28.7739779875154],[-82.3853514410623,28.7781117061982],[-82.3851762713862,28.779185101311],[-82.3848288910852,28.7794147392403],[-82.3842217175597,28.7793373159544],[-82.3838743340198,28.7795669507115],[-82.3832671602739,28.7794895220644],[-82.3822249942398,28.78017841305421],[-82.3810106420689,28.780023533925],[-82.3785788360946,28.781630875466],[-82.3782752440636,28.781592146821],[-82.3775804239236,28.7820513740479],[-82.3772768308331,28.7820126426247],[-82.3769294172445,28.7822422533969],[-82.3766258237643,28.782203520154],[-82.37627840760672,28.7824331287124],[-82.3759748137368,28.7823943936498],[-82.3756273950102,28.7826239999944],[-82.3728950567555,28.7822753370579]]},"properties":{"segment_id":"200d014720160223bd172f5e","source_kmz":"withlacoochee","orientation":"unverified"}},{"type":"Feature","geometry":{"type":"LineString","coordinates":[[-82.1354087885871,28.730315977278],[-82.1393516319471,28.7308283622686],[-82.139610377906,28.7311360505242],[-82.1399136767714,28.7311754579722],[-82.1401724258559,28.7314831446045],[-82.1407790269026,28.731561955398],[-82.141814052035,28.7327926872158],[-82.1421173579108,28.732832088278],[-82.1423761201611,28.7331397683157],[-82.1438926599623,28.7333367569186],[-82.1445883521481,28.7328789850805],[-82.1451949674073,28.7329577706637],[-82.1459712947965,28.7338807856598],[-82.1487011107825,28.73423525765501],[-82.1489599014506,28.73454292074542],[-82.1495665328146,28.7346216813156],[-82.1513781377778,28.7367752881459],[-82.1525914383966,28.7369327776507],[-82.1533678837197,28.7378557299369],[-82.1536712132792,28.73789509787891],[-82.1529590085803,28.7421875713933]]},"properties":{"segment_id":"a80d7d68aca03545b6d201a1","source_kmz":"withlacoochee","orientation":"unverified"}},{"type":"Feature","geometry":{"type":"LineString","coordinates":[[-82.3501314847231,28.7547117647921],[-82.3476998207246,28.7563185102027],[-82.3473963343961,28.7562796918937],[-82.3470489455653,28.7565092209716],[-82.3467454588488,28.75647040084341],[-82.3463980674516,28.7566999277071],[-82.3457910935229,28.7566222829514],[-82.345443698891,28.75685180664251],[-82.3411949034431,28.7563081835291],[-82.3332040879033,28.7615865732094]]},"properties":{"segment_id":"8e8bc29b8a055b7446273e29","source_kmz":"withlacoochee","orientation":"unverified"}},{"type":"Feature","geometry":{"type":"LineString","coordinates":[[-82.2770276806712,28.7357466237062],[-82.280398270875,28.7397421393932],[-82.2803541637751,28.7400104714959],[-82.2806134538844,28.7403178127061],[-82.2802164833097,28.7427327917238],[-82.2804757813141,28.7430401311549],[-82.2803875638659,28.7435767907579],[-82.2809061682302,28.7441914666215],[-82.2808620604168,28.7444597959201]]},"properties":{"segment_id":"3409d43a235a970c57d40972","source_kmz":"withlacoochee","orientation":"unverified"}},{"type":"Feature","geometry":{"type":"LineString","coordinates":[[-82.1995851906928,28.7150690834949],[-82.1703783655688,28.7343069881895],[-82.168861746249,28.734110373923],[-82.1685139621149,28.7343393383383],[-82.1669973465729,28.7341426977706],[-82.16664955722662,28.7343716561322],[-82.1660429116698,28.7342929919654],[-82.1601301803397,28.7381850590008],[-82.1596124967001,28.7375697914294],[-82.1590058346487,28.7374910881655],[-82.1586580096804,28.7377200187227]]},"properties":{"segment_id":"674acca6f26b700371cc8a88","source_kmz":"withlacoochee","orientation":"unverified"}},{"type":"Feature","geometry":{"type":"LineString","coordinates":[[-82.1216721539674,28.7104401114124],[-82.1230633938,28.7095247975115],[-82.1242762481166,28.7096826176142],[-82.1253196501707,28.7089961074626],[-82.12562286247521,28.70903555746141],[-82.1259706587119,28.7088067172676],[-82.12601524207501,28.7085384277344],[-82.1263630351876,28.7083095859822],[-82.1264076170352,28.70804129594851],[-82.1267554070239,28.7078124526378],[-82.1267999873561,28.7075441621037],[-82.1292344556572,28.7059422215853],[-82.1295376587864,28.705981660837],[-82.1302332027976,28.7055239502995]]},"properties":{"segment_id":"abe0753dca73d39cac50bfc2","source_kmz":"withlacoochee","orientation":"unverified"}},{"type":"Feature","geometry":{"type":"LineString","coordinates":[[-81.9857283696087,28.6860782430991],[-81.9862444633968,28.6866944276774],[-81.9859743536606,28.6883039010544],[-81.9852781678113,28.6887606967281],[-81.985098079052,28.6898336725434],[-81.9853561342136,28.6901417638445],[-81.9840053417935,28.698188976794],[-81.9808720295584,28.7002444086707],[-81.9801963699811,28.70426790660141],[-81.9795000205884,28.7047246463379],[-81.9793648735168,28.70552933868881],[-81.9790166922851,28.7057577057625],[-81.9776199828509,28.7140727448041]]},"properties":{"segment_id":"9dddda5d431def659361eff2","source_kmz":"withlacoochee","orientation":"unverified"}},{"type":"Feature","geometry":{"type":"LineString","coordinates":[[-81.9527412496587,28.6814616029701],[-81.9532570734572,28.6820779532888],[-81.9538631419058,28.6821578292477],[-81.9546368991723,28.683082343717],[-81.9661525588366,28.6845992472463],[-81.97079630273521,28.6901456520736],[-81.9717055180055,28.6902653137565],[-81.9724795459576,28.6911896806177],[-81.9733887749083,28.6913093277308],[-81.9733437138673,28.6915775652663],[-81.973601731321,28.6918856834527],[-81.9731511116804,28.6945680467271],[-81.9721066478346,28.695253102747],[-81.9719714452428,28.6960578050937],[-81.9716232831481,28.6962861536746],[-81.971533144184,28.69682262029711],[-81.9720491998982,28.6974388563208],[-81.9726553968763,28.6975186230885],[-81.97291343003502,28.6978267382907],[-81.9741258323721,28.697986258474],[-81.9769643761507,28.70137543548981],[-81.9769193211207,28.7016436676853],[-81.9771773825581,28.7019517694227],[-81.97708727295192,28.7024882330085],[-81.9776034041318,28.7031044334979],[-81.977423186735,28.7041773574488],[-81.9779393307436,28.7047935536886],[-81.97708326031311,28.7098898946964],[-81.9773413476588,28.71019798960881],[-81.9768456877451,28.7131484685553],[-81.9776199828509,28.7140727448041]]},"properties":{"segment_id":"e0f84db7a2d9c884696cc940","source_kmz":"withlacoochee","orientation":"unverified"}},{"type":"Feature","geometry":{"type":"LineString","coordinates":[[-82.2511308819949,28.7124085992272],[-82.25108669582912,28.7126769378361],[-82.2507392243974,28.71290618074021],[-82.2495902531198,28.7198829065039],[-82.2464626372604,28.7219459662192]]},"properties":{"segment_id":"4531d6d8323531f16eb971c5","source_kmz":"withlacoochee","orientation":"unverified"}},{"type":"Feature","geometry":{"type":"LineString","coordinates":[[-82.1295816093662,28.6963941012403],[-82.131133263359,28.6982405198257],[-82.1326491474662,28.6984376845274],[-82.1331663929107,28.699053142879],[-82.1338618598694,28.698595400811],[-82.1353777567692,28.6987925268183],[-82.1356363896205,28.6991002495774],[-82.1359395710838,28.6991396714383],[-82.1361982070583,28.6994473925738],[-82.1386236788411,28.6997627304177],[-82.138882326553,28.700070444603],[-82.1394886998018,28.7001492689432],[-82.1397473518676,28.7004569807439],[-82.1397028165985,28.7007252814636],[-82.1406123851338,28.7008435095385],[-82.1411297036518,28.7014589257823],[-82.1420392821278,28.7015771415522],[-82.1425566156007,28.702192549779],[-82.1428598114555,28.70223195179391],[-82.1428152851765,28.7025002525983]]},"properties":{"segment_id":"19a63c6ec6cbfb1c17ac3ec8","source_kmz":"withlacoochee","orientation":"unverified"}},{"type":"Feature","geometry":{"type":"LineString","coordinates":[[-82.3386835502757,28.7337947728832],[-82.3368672142486,28.7316443121301],[-82.3365638220101,28.7316054608146],[-82.3360448883862,28.73099103414591],[-82.3357414988856,28.7309521804442],[-82.3354820361471,28.7306449650495],[-82.33396509899491,28.7304506798188],[-82.33240839925091,28.72860734640121],[-82.33210502003412,28.7285684821966],[-82.3315861377479,28.7279540292786],[-82.3297658830831,28.7277208168267],[-82.3243182318229,28.7212687561858]]},"properties":{"segment_id":"98cabf11f493024705a17534","source_kmz":"withlacoochee","orientation":"unverified"}},{"type":"Feature","geometry":{"type":"LineString","coordinates":[[-82.256027620498,28.7127656667837],[-82.2557685052361,28.712458244855],[-82.2554210474731,28.7126875030313],[-82.2551177613835,28.7126484198647],[-82.25477030106032,28.7128776758257],[-82.25355715686001,28.7127213307233],[-82.253512978273,28.7129896701179],[-82.25325387151491,28.7126822422971],[-82.2523440171714,28.7125649718571],[-82.2518258167154,28.7119501090509],[-82.2511308819949,28.7124085992272]]},"properties":{"segment_id":"41ec10a15dbeb873ecb64584","source_kmz":"withlacoochee","orientation":"unverified"}},{"type":"Feature","geometry":{"type":"LineString","coordinates":[[-82.3243182318229,28.7212687561858],[-82.3228014896599,28.7210743087257],[-82.3225421046946,28.7207670544145],[-82.3222387583326,28.7207281615785],[-82.3212012423448,28.7194991326334],[-82.3196845393167,28.7193046402934],[-82.3193372276233,28.7195341012068],[-82.3172138505035,28.7192617690857],[-82.3154772402495,28.720409021274],[-82.31517389844842,28.7203701084526],[-82.3148265700431,28.7205995541637],[-82.3147385954308,28.7211362723495],[-82.3143912626723,28.72136571620871],[-82.3110544858656,28.7209375951515],[-82.3107071438739,28.7211670272138],[-82.3104038015461,28.721128100997],[-82.3093617621952,28.7218163867721],[-82.3090584181474,28.72177745682],[-82.308363714434,28.722236305806],[-82.3059369614946,28.7219248198817],[-82.3021158968348,28.7244483151531],[-82.3018125466465,28.7244093649993],[-82.3014651650904,28.7246387651643],[-82.30085846422351,28.7245608603586],[-82.2973845310558,28.7268547737447]]},"properties":{"segment_id":"b9f92ccbcea4073886a50750","source_kmz":"withlacoochee","orientation":"unverified"}},{"type":"Feature","geometry":{"type":"LineString","coordinates":[[-82.0726904911197,28.6865101164012],[-82.0775997626369,28.69235975076001],[-82.0770629930992,28.6955791022053],[-82.0801640326092,28.6992734331442],[-82.0807703449614,28.69935258918]]},"properties":{"segment_id":"5bc925e4a2a59f4618ce6389","source_kmz":"withlacoochee","orientation":"unverified"}},{"type":"Feature","geometry":{"type":"LineString","coordinates":[[-82.0223899759364,28.685408976014],[-82.02273795514041,28.685180456569],[-82.0233441117572,28.6852599396549],[-82.0236920877526,28.6850314170311],[-82.0285413713763,28.685667142596],[-82.028889334936,28.6854386033642],[-82.029192416937,28.68547832794661],[-82.0292372966049,28.6852100628723],[-82.0299332142704,28.6847529781079],[-82.0305393746036,28.6848324206578],[-82.0333229590879,28.6830040158484],[-82.033929110019,28.683083439613],[-82.03566878228,28.6819406360624],[-82.0359718548786,28.6819803418596],[-82.0360615669553,28.6814438010834],[-82.0371053382568,28.6807580991495]]},"properties":{"segment_id":"5ca93f25085c13507e9cc367","source_kmz":"withlacoochee","orientation":"unverified"}},{"type":"Feature","geometry":{"type":"LineString","coordinates":[[-82.100810198235,28.6868907591722],[-82.10076554594961,28.6871590529447],[-82.1010240163832,28.6874668681178],[-82.1009793644739,28.6877351615874],[-82.1014963123384,28.6883507891426],[-82.1014516614664,28.6886190822073],[-82.1017101388974,28.6889268945894],[-82.1015315352051,28.6900000644306],[-82.1011837502525,28.6902288363741],[-82.1010944442356,28.6907654194881],[-82.1007466549294,28.6909941895721],[-82.100434066281,28.6928722220382],[-82.1000862664668,28.6931009887617],[-82.1000416085751,28.6933692780099],[-82.1003000954439,28.6936770900804],[-82.10025543792851,28.6939453790258],[-82.1005585842048,28.6939849012885],[-82.10046927021122,28.6945214787749],[-82.1001214636726,28.6947502446564],[-82.1000321460775,28.6952868207387],[-82.1002906388051,28.6955946313364],[-82.1005937910426,28.6956341533346],[-82.1008522868933,28.6959419623094],[-82.102671213687,28.6961790716794],[-82.1031882258366,28.6967946779151]]},"properties":{"segment_id":"df4e4a08ba87c4fcae859c2f","source_kmz":"withlacoochee","orientation":"unverified"}},{"type":"Feature","geometry":{"type":"LineString","coordinates":[[-82.1351797576549,28.6850618964322],[-82.13569693936401,28.685677363458],[-82.1363032058687,28.6857562086604],[-82.1365618020217,28.6860639393571],[-82.1368649369305,28.6861033599078],[-82.1368204000669,28.686371669191],[-82.1380329463273,28.6865293431913],[-82.1390673771127,28.6877602417229],[-82.1396736617891,28.6878390674772],[-82.1404495121277,28.6887622277494],[-82.1404049852907,28.6890305367106],[-82.1409222296353,28.6896459723732],[-82.1412253794968,28.689685380255],[-82.14148400573791,28.6899930960309],[-82.1423934607175,28.6901113122346],[-82.14265209254161,28.6904190248647],[-82.1435615537684,28.6905372310471],[-82.1440788304752,28.69115264915292],[-82.1446851443006,28.6912314459315],[-82.1480476594005,28.695231559694],[-82.1486540063488,28.6953103332477],[-82.149688700571,28.6965411020532],[-82.149341019607,28.69677002615362],[-82.1492965168964,28.6970383333561],[-82.1500725577206,28.6979614025706],[-82.1499390538471,28.6987663220559],[-82.1501977398949,28.6990740097624],[-82.1501532386984,28.6993423157541],[-82.1506706177975,28.6999576883746],[-82.150626117642,28.7002259939617],[-82.1514022024752,28.7011490461149],[-82.1507068098821,28.7016068988092],[-82.15061780777272,28.7021435075716],[-82.1503146086029,28.7021041274507],[-82.1499669063434,28.7023330503522],[-82.1499224026858,28.7026013540338],[-82.15018110046961,28.7029090387922],[-82.1504843024789,28.7029484192098],[-82.1507430033862,28.7032561023443]]},"properties":{"segment_id":"9b3ab2447d69f79dddadf235","source_kmz":"withlacoochee","orientation":"unverified"}},{"type":"Feature","geometry":{"type":"LineString","coordinates":[[-82.04568970404111,28.6720130378601],[-82.0453418416533,28.6722416393233],[-82.04507290898832,28.6738513200794],[-82.0453311347162,28.6741592796644],[-82.0452863122643,28.6744275589836],[-82.0449384387966,28.6746561577384],[-82.0448487905728,28.6751927151707],[-82.0451070195977,28.6755006742464],[-82.0447932464246,28.6773786182031],[-82.0444453594142,28.677607213648],[-82.0449618312237,28.6782231291043],[-82.0445583887764,28.6806376094401],[-82.0428188642373,28.6817805608089],[-82.0427740297124,28.682048833891]]},"properties":{"segment_id":"f76159defb1de574553406c9","source_kmz":"withlacoochee","orientation":"unverified"}},{"type":"Feature","geometry":{"type":"LineString","coordinates":[[-82.3091446924223,28.7042519025383],[-82.3070609943078,28.7056284971256],[-82.3067969653906,28.707238691174],[-82.3064496683685,28.7074681174195],[-82.3064056613374,28.7077364820949],[-82.2966805408829,28.7141598985643],[-82.2966364991697,28.7144282546918],[-82.2962891447295,28.7146576439078],[-82.2962010580022,28.7151943549659],[-82.2964603295056,28.7155016771998],[-82.2967636450757,28.7155406433446],[-82.2967196029045,28.715808998569],[-82.2977567154537,28.7170382753989],[-82.2977126756676,28.7173066300141],[-82.29797195921,28.7176139469575],[-82.297575594484,28.7200291285674],[-82.2958387004382,28.721176061023],[-82.2955744077663,28.7227861641495],[-82.2948796221305,28.7232449247605],[-82.2948355699095,28.7235132739853],[-82.294488173019,28.7237426521082],[-82.2944441192877,28.7240110008348],[-82.29496270572632,28.7246256392188],[-82.2936850638359,28.7324076593663]]},"properties":{"segment_id":"a501621b0f0f965dc9b202fb","source_kmz":"withlacoochee","orientation":"unverified"}},{"type":"Feature","geometry":{"type":"LineString","coordinates":[[-82.2633966468606,28.6980950304588],[-82.2609649637089,28.699700042385],[-82.2609208155998,28.6999683936703],[-82.2605734234868,28.70019767576211],[-82.2599669368875,28.7001195351957],[-82.2596195415495,28.7003488141141],[-82.25901305474662,28.7002706681906],[-82.2583182557266,28.7007292184234],[-82.2573467345392,28.7066328610598],[-82.2563044406865,28.70732065727301],[-82.2562161064395,28.7078573454557],[-82.2559128374016,28.7078182640565],[-82.2548705171274,28.7085060442905],[-82.25244435900541,28.7081933391282],[-82.2524001792461,28.7084616811395],[-82.2520527288139,28.7086909307378],[-82.2520085475435,28.7089592722501],[-82.2516610939876,28.7091885202927],[-82.2511308819949,28.7124085992272]]},"properties":{"segment_id":"a75c5b64684fb2dee4946701","source_kmz":"withlacoochee","orientation":"unverified"}},{"type":"Feature","geometry":{"type":"LineString","coordinates":[[-82.3443710311281,28.7084938311172],[-82.343073925245,28.70695776248081],[-82.3431178148424,28.7066893822718],[-82.3361418687221,28.7057959339614],[-82.3323224436395,28.708320606491],[-82.3320191376561,28.7082817400501],[-82.3317597584717,28.7079744980563],[-82.3318036847099,28.7077061231634],[-82.3308937749695,28.7075895166834],[-82.3305465422545,28.7078190206384],[-82.3305026119451,28.7080873949404],[-82.3294608987433,28.708775898376],[-82.3299796471522,28.7093903913557],[-82.3298478474919,28.7101955097639],[-82.328806102812,28.7108840031758],[-82.3285027892078,28.710845127057],[-82.3271137670948,28.7117630968574],[-82.3270258801615,28.712299837096],[-82.3263313528186,28.7127588132689],[-82.3251886566938,28.7197363480272],[-82.325448048151,28.7200435967484],[-82.3254040951797,28.7203119606662],[-82.3256634892001,28.72061920842],[-82.3256195366155,28.72088757203541],[-82.3249249306525,28.7213465291468],[-82.3243182318229,28.7212687561858]]},"properties":{"segment_id":"2e429ebd2bcd0bc11b22657b","source_kmz":"withlacoochee","orientation":"unverified"}},{"type":"Feature","geometry":{"type":"LineString","coordinates":[[-81.9097120453848,28.6519246116363],[-81.9100601918762,28.6516964381422],[-81.9103630960215,28.6517365015639],[-81.9104083364797,28.6514682633863],[-81.9111046200233,28.6510119100889],[-81.91114985772852,28.6507436711044],[-81.9153273856273,28.6480054416984],[-81.9165389608285,28.6481656322667],[-81.91688707326051,28.6479374344438],[-81.9171899671258,28.6479774789789],[-81.9175380770143,28.647749278935],[-81.9178409705122,28.6477893216517]]},"properties":{"segment_id":"3368f9de628bdfcec2324c30","source_kmz":"withlacoochee","orientation":"unverified"}},{"type":"Feature","geometry":{"type":"LineString","coordinates":[[-82.1911379874564,28.6799910047699],[-82.1924319012962,28.6815290114987],[-82.1917221521873,28.6858223537801],[-82.1919809512463,28.686129950896],[-82.1919365901847,28.6863982829783],[-82.19219539179981,28.686705879128],[-82.191707408739,28.68965751765012],[-82.1903172449344,28.6905737665775],[-82.1887641715238,28.6999651401351],[-82.1890230032854,28.7002727333564],[-82.1888454897491,28.701346017127],[-82.1891043260582,28.7016536090767],[-82.1888824310837,28.7029952087652],[-82.18914127260392,28.7033027993414],[-82.1889193738672,28.7046443935042],[-82.1891782205989,28.7049519827071],[-82.1889563180998,28.7062935713451],[-82.1892151700431,28.70660115917491],[-82.1889932637815,28.7079427422891],[-82.1892521209366,28.70825032874591],[-82.1890302109124,28.709591906337],[-82.1892890732795,28.7098994914211],[-82.1891115428164,28.7109727494772],[-82.18937040973212,28.7112803332906],[-82.188970955593,28.7136951512721],[-82.1681089078812,28.7274354038409]]},"properties":{"segment_id":"424b3e3c206871bdc1bd804b","source_kmz":"withlacoochee","orientation":"unverified"}},{"type":"Feature","geometry":{"type":"LineString","coordinates":[[-82.2215484644803,28.6814591527375],[-82.2285392855085,28.6897621218881]]},"properties":{"segment_id":"b1a3f987e69a07b345568e19","source_kmz":"withlacoochee","orientation":"unverified"}},{"type":"Feature","geometry":{"type":"LineString","coordinates":[[-82.2176142166518,28.6790320995363],[-82.218131964215,28.6796471786541],[-82.2184351141137,28.6796863695293],[-82.2197295222905,28.6812240483926],[-82.2215484644803,28.6814591527375]]},"properties":{"segment_id":"4e5b4cec9fced37600138aed","source_kmz":"withlacoochee","orientation":"unverified"}},{"type":"Feature","geometry":{"type":"LineString","coordinates":[[-82.1228946889037,28.6527619932536],[-82.1232422599783,28.6525331292253],[-82.1244542932074,28.6526909701308],[-82.1248018597473,28.6524621010102],[-82.1260138948783,28.65261992433],[-82.12730619726891,28.6541588225659],[-82.12726164683352,28.6544271496462],[-82.1277785823461,28.6550427026917],[-82.1276894832678,28.655579355837],[-82.1273419117066,28.6558082324956],[-82.1281173314179,28.656731556947],[-82.1277163782907,28.6591464806503],[-82.1284918328729,28.6600697945613],[-82.1309161406769,28.6603853379937],[-82.1319501459373,28.6616163867802],[-82.135283652951,28.6620501357013],[-82.13667394457,28.6611345331626],[-82.1397044088484,28.6615287217682],[-82.14074708785941,28.6608419778953],[-82.1407915986887,28.66057364959501],[-82.1420037806277,28.6607312890722],[-82.1438136009896,28.6628854265419],[-82.1424338941235,28.6712035002124],[-82.1442439507718,28.6733575731333],[-82.1441994441897,28.6736258941529],[-82.14497521311331,28.6745490550058],[-82.1442800054198,28.6750068969574],[-82.1442354980802,28.6752752168686],[-82.1457870841626,28.677121522555],[-82.1482119481695,28.6774366616675],[-82.1484705623095,28.6777443701733],[-82.1487736728175,28.6777837579326],[-82.1495495302783,28.6787068759873],[-82.1498526447595,28.678746260604],[-82.150369894986,28.6793616668023],[-82.1506730122106,28.6794010490373],[-82.1509316413916,28.6797087500807],[-82.1512347601298,28.6797481306949],[-82.1514933924326,28.680055830114],[-82.1542214849144,28.6804102101041],[-82.1552560773191,28.681640971752],[-82.1564685899206,28.6817984394394],[-82.1569859073141,28.6824138089954],[-82.1572890386334,28.6824531722457],[-82.1578063660553,28.6830685368265],[-82.1577174288529,28.6836051766821],[-82.1595362488368,28.6838413301805],[-82.1605709612032,28.6850720298992],[-82.1632992545984,28.6854261747101],[-82.1671798616728,28.6900410728847],[-82.16700209099722,28.6911143483422],[-82.1672608159273,28.6914220009053],[-82.1672163732124,28.6916903191654],[-82.16747510069811,28.6919979707631],[-82.1674306583623,28.6922662887202],[-82.1680370020742,28.692344953415],[-82.1685544689694,28.6929602507717],[-82.1678592374669,28.6934182240248],[-82.1677259110341,28.6942231748734],[-82.1682433872094,28.6948384708007],[-82.1685465685755,28.6948778010271],[-82.1688053107325,28.6951854469347],[-82.1700180439525,28.695342756196],[-82.1710608945965,28.6946557768134],[-82.1713196452675,28.6949634168356],[-82.1722291958828,28.6950813788408],[-82.1667178622371,28.7283512596467]]},"properties":{"segment_id":"407cabe619e40af7a730dcb1","source_kmz":"withlacoochee","orientation":"unverified"}},{"type":"Feature","geometry":{"type":"LineString","coordinates":[[-81.9448461711877,28.62530527824831],[-81.9441502832128,28.6257618803272],[-81.94406004467241,28.6262984200106],[-81.9433641442247,28.626755015834],[-81.9429129096461,28.6294376960586],[-81.9376932309857,28.6328619585349],[-81.9374223656144,28.6344715297391],[-81.9328982045579,28.637438970706],[-81.9328530433124,28.6377072279341],[-81.9318089571516,28.6383919908194],[-81.9317637919235,28.638660246938],[-81.9314157581965,28.6388884984076],[-81.93137059144881,28.6391567540216],[-81.93067451586901,28.6396132525712],[-81.9305841765833,28.640149761983],[-81.9308418798063,28.6404580231516],[-81.9307515406807,28.6409945315505],[-81.931054416154,28.6410345376579],[-81.9333738529981,28.6438088407714],[-81.933676739845,28.64384883919],[-81.9352231234142,28.6456983313084],[-81.9351779651471,28.6459665838754],[-81.9364666733186,28.647507803125],[-81.9363312066318,28.6483125580848],[-81.9404554214709,28.65324431017912],[-81.9407583456419,28.6532842876486],[-81.941016126351,28.6535925140789],[-81.944651253634,28.65407216759341]]},"properties":{"segment_id":"54fb345e8ced9ede5935f00a","source_kmz":"withlacoochee","orientation":"unverified"}},{"type":"Feature","geometry":{"type":"LineString","coordinates":[[-82.0305234928717,28.6349324001238],[-82.0318137772356,28.6364725167946],[-82.0317689317668,28.6367408161727],[-82.0314211773464,28.6369693930211],[-82.03111826896651,28.6369296698342],[-82.0293794652423,28.6380725303799],[-82.0260474557234,28.6376354658898],[-82.0255313713839,28.6370193958953],[-82.0249255601104,28.6369399154163],[-82.02388223296902,28.637625575289],[-82.0241402700177,28.637933614208],[-82.0239159136276,28.6392750880463],[-82.0221769636662,28.6404178250414],[-82.0219525693639,28.6417592862902],[-82.02272670300792,28.64268340465791],[-82.0236354792415,28.6428026409674],[-82.0249257582156,28.6443428096102],[-82.0252286903515,28.6443825495298],[-82.0257448176244,28.6449986094329],[-82.0253409831071,28.647413221325],[-82.026889445818,28.6492613748176],[-82.0254535285107,28.6578465094992],[-82.0267440714288,28.65938659735121],[-82.0266991975851,28.6596548789704],[-82.0269573124962,28.6599628938531],[-82.02691243902501,28.6602311751685],[-82.0271705564844,28.6605391890873],[-82.0271256833858,28.6608074700989],[-82.02738380339352,28.6611154830538],[-82.0273389306675,28.6613837637617],[-82.0275970532236,28.6616917757526],[-82.02728294074072,28.6635697343477],[-82.0275410697977,28.6638777447626],[-82.0274961961001,28.6641460236533],[-82.0277543277057,28.6644540331043],[-82.02735045747842,28.6668685331318],[-82.027002566539,28.6670970781469],[-82.026733299456,28.6687067339543],[-82.0280240323819,28.6702467639259],[-82.0279791568273,28.6705150386789],[-82.0284954645461,28.6711310444318],[-82.028450590023,28.6713993187795],[-82.0287087473765,28.6717073202616],[-82.0283048697209,28.6741217794088]]},"properties":{"segment_id":"53e6933833edcaa9924ca29c","source_kmz":"withlacoochee","orientation":"unverified"}},{"type":"Feature","geometry":{"type":"LineString","coordinates":[[-81.9048165594845,28.6222081087442],[-81.9047260740931,28.622744620155],[-81.9075592856655,28.6261362790908],[-81.9105874085163,28.6265369713277],[-81.9126756149864,28.6251678059036],[-81.9130825739225,28.6227534829235],[-81.91725865011,28.6200149830987],[-81.919075415954,28.6202552482232],[-81.921511307422,28.61865766580401],[-81.9218140981504,28.6186977002725],[-81.9221620744444,28.6184694682066],[-81.9227676554543,28.61854953264921],[-81.9231156285512,28.6183212974037],[-81.9234184188327,28.6183613273777],[-81.9237663893878,28.6181330899115],[-81.9249775507713,28.6182931973836],[-81.92549278425041,28.6189097801288],[-81.92454405085611,28.6245433399166],[-81.9266051703585,28.6270096192571]]},"properties":{"segment_id":"df97ee7c28f060b1c4f80834","source_kmz":"withlacoochee","orientation":"unverified"}},{"type":"Feature","geometry":{"type":"LineString","coordinates":[[-82.0819714090836,28.6512621896015],[-82.0845544083943,28.65434103551871],[-82.08433097132911,28.6556825794104],[-82.0845892849558,28.6559904587446],[-82.08454459734801,28.6562587668156],[-82.0855778733968,28.6574902751156],[-82.0858808814416,28.657529842475],[-82.0866558620157,28.6584534623607],[-82.0887769521389,28.6587303938449],[-82.0898200119524,28.6580441399356],[-82.0901230239859,28.6580836952624],[-82.0911660648058,28.6573974271431],[-82.0912107319062,28.6571291170923],[-82.0909523905593,28.6568212545873],[-82.0911310587534,28.6557480119583],[-82.1001698585575,28.6497998581784],[-82.1004728457703,28.6498393851127],[-82.1005621123199,28.6493027467519],[-82.1029953952011,28.6477011643718],[-82.103040019442,28.6474328427836],[-82.1037352236533,28.64697523588371],[-82.1040382023716,28.6470147530354],[-82.104082822924,28.646746430545],[-82.1044304203047,28.6465176239471],[-82.1045196580969,28.6459809777595],[-82.1052148422707,28.6455233595833],[-82.1055178164571,28.6455628727033],[-82.1056070463037,28.6450262243078],[-82.1059546324363,28.6447974117711],[-82.10599924570352,28.6445290869699],[-82.1070419890739,28.6438426409025],[-82.1071758161043,28.64303766258161],[-82.1058840525588,28.6414984784284],[-82.10592866430241,28.64123015140361],[-82.1066238015768,28.640772518566]]},"properties":{"segment_id":"df924cc535966e6305f79969","source_kmz":"withlacoochee","orientation":"unverified"}},{"type":"Feature","geometry":{"type":"LineString","coordinates":[[-82.2795265725707,28.66399778226401],[-82.2780109665438,28.663802674086],[-82.2772338378427,28.6628804503581],[-82.2760213728128,28.6627243391929],[-82.27576233860812,28.6624169265049],[-82.2754592242812,28.6623778958019],[-82.2752001931968,28.6620704814866],[-82.2748970803787,28.6620314491616],[-82.27437902634301,28.6614166164112],[-82.2744671959752,28.6608798500859],[-82.2726485510584,28.6606456301091]]},"properties":{"segment_id":"68e26c95c0f9bf2c8475ddb8","source_kmz":"withlacoochee","orientation":"unverified"}},{"type":"Feature","geometry":{"type":"LineString","coordinates":[[-82.1808201758044,28.6487772718053],[-82.1834067137637,28.6518537562798],[-82.1852249195201,28.6520894935914],[-82.1855723182351,28.6518604273488],[-82.1867844584141,28.6520175645316],[-82.1873018144012,28.6526328345169],[-82.200029662681,28.6542818805764],[-82.2010717593959,28.6535945381388],[-82.2031931020038,28.6538692115974],[-82.2034518447231,28.6541768060172],[-82.2037548960258,28.6542160408827],[-82.2040136418648,28.6545236336768],[-82.2043166946784,28.6545628669212],[-82.2050114066887,28.6541046124629],[-82.2071327750105,28.6543792076903],[-82.2086853555071,28.6562247018572],[-82.2095945397063,28.6563423589258],[-82.2101120890413,28.65695751216421],[-82.2152642226149,28.6576240635124],[-82.2178522916074,28.6606996483911],[-82.2171882847611,28.6647250285256],[-82.2164935513864,28.6651833494343],[-82.2164492795474,28.6654517059011],[-82.2161019087934,28.66568086416961],[-82.21579198941382,28.6675593517081],[-82.215444608168,28.6677885066226],[-82.2150018299046,28.6704720401565],[-82.2160371890463,28.6717022468594],[-82.216643429919,28.67178064116071],[-82.2169022768928,28.6720881891527],[-82.2175085213525,28.6721665784916],[-82.221909251241,28.6773947362255],[-82.2212895716859,28.6811516232628],[-82.2215484644803,28.6814591527375]]},"properties":{"segment_id":"dd6ee0542ab7ad3cdaf902c8","source_kmz":"withlacoochee","orientation":"unverified"}},{"type":"Feature","geometry":{"type":"LineString","coordinates":[[-82.2814440863955,28.6598596882788],[-82.2797082145449,28.6610065347892],[-82.2796200782128,28.6615433052464],[-82.2803972207177,28.6624655148299],[-82.2807003376503,28.6625045315788],[-82.2805681398704,28.6633096851203],[-82.2795265725707,28.66399778226401]]},"properties":{"segment_id":"11590998b2b35ce7813bf801","source_kmz":"withlacoochee","orientation":"unverified"}},{"type":"Feature","geometry":{"type":"LineString","coordinates":[[-82.3042267641988,28.6605972457222],[-82.2997141668466,28.6635799336791],[-82.2994110372293,28.6635409707347],[-82.2990639004391,28.6637703985173],[-82.2987607704367,28.6637314337552],[-82.2986287435519,28.6645366070168],[-82.2982816005211,28.664766031689],[-82.2981495674275,28.66557120224502],[-82.2974552683225,28.66603004602751],[-82.297411254275,28.6662984352133],[-82.29671694514282,28.6667572733724],[-82.2963207839864,28.6691727616223],[-82.2956264451876,28.66963158937831],[-82.29545035644101,28.6707051320965],[-82.2951031792916,28.670934542895],[-82.2950591551753,28.6712029277735],[-82.2944528456035,28.6711249762405],[-82.2941056640017,28.6713543835682],[-82.2938025089714,28.67131540555391],[-82.29241376096792,28.6722330184687],[-82.2923697275928,28.6725014013593],[-82.2899444685867,28.6721895148533],[-82.2896853543704,28.6718821431597],[-82.2893821994866,28.6718431527142],[-82.2891230883913,28.6715357793931],[-82.28700102066661,28.67126281686],[-82.28518735616382,28.6691111420377],[-82.2852314106755,28.6688427597838],[-82.2849723239846,28.6685353741021],[-82.2851925956546,28.6671934593015],[-82.2831199968954,28.6647343385684],[-82.2831640557097,28.66446595417951],[-82.2795265725707,28.66399778226401]]},"properties":{"segment_id":"eb62200d2489a674bca08ee7","source_kmz":"withlacoochee","orientation":"unverified"}},{"type":"Feature","geometry":{"type":"LineString","coordinates":[[-82.3390953292241,28.6820613437756],[-82.32794609988441,28.6688490133797],[-82.3276429382229,28.6688101306896],[-82.3245321650592,28.6651226738305],[-82.3224101443424,28.6648504068704],[-82.3216325194204,28.66392850716141],[-82.3173885707245,28.6633838147982],[-82.3171293833815,28.6630765024896],[-82.3168262475186,28.6630375886799],[-82.3165670632958,28.66273027474311],[-82.3159607948651,28.6626524430189],[-82.31570161498951,28.6623451266915],[-82.31267030193112,28.6619559088485],[-82.3124111362188,28.6616485840316],[-82.3042267641988,28.6605972457222]]},"properties":{"segment_id":"bfd4f923a09f51af1dd53abb","source_kmz":"withlacoochee","orientation":"unverified"}},{"type":"Feature","geometry":{"type":"LineString","coordinates":[[-82.0476762136192,28.634164630685],[-82.0487086789646,28.6353965631099],[-82.0493145015676,28.63547590961002],[-82.05070528885871,28.6345613592117],[-82.0510081979529,28.6346010273387],[-82.0513558893948,28.63437238563082],[-82.0516587981156,28.63441205194],[-82.0558309401883,28.6316682416702],[-82.0564367426712,28.6317475487067],[-82.0574797317391,28.6310615620412],[-82.05838843167241,28.6311805075256],[-82.0587360889405,28.6309518399087],[-82.0590389888299,28.6309914857266],[-82.0592971341736,28.6312994452772],[-82.0591628679689,28.6321043878402],[-82.0599373212643,28.63302826039],[-82.0605431374027,28.63310754396411],[-82.0615757780778,28.6343393558721],[-82.0615310286084,28.6346076691347],[-82.0617891941586,28.634915619852],[-82.06239502562411,28.634994892588],[-82.0626531955227,28.6353028409226],[-82.06295611291301,28.6353424752417],[-82.0632142859303,28.6356504219535],[-82.065031803641,28.635888205264],[-82.0660747739651,28.6352021422779],[-82.0658165918583,28.6348942020978],[-82.0659060634964,28.6343575721879],[-82.0666013615414,28.6339001906748],[-82.069933433442,28.63433599986511],[-82.07201923872492,28.6329637618355],[-82.0720639538902,28.6326954430765],[-82.0741843469358,28.6329726811162],[-82.0755748226288,28.6320578025301],[-82.0758777344232,28.6320974006937],[-82.0779633873368,28.6307250392767],[-82.0828099514776,28.631358401032],[-82.0831575431314,28.6311296543869],[-82.08527793325521,28.6314066742764],[-82.0855361758516,28.6317145703531],[-82.0867478385335,28.6318728454883],[-82.0870060879362,28.6321807376611],[-82.0873090055479,28.6322203035365],[-82.0876565885348,28.6319915428173],[-82.0918974557557,28.6325453614322],[-82.0931888261499,28.6340847490452],[-82.09349175351852,28.6341242972718],[-82.0938393275646,28.6338955176317],[-82.0943558925441,28.6345112637993],[-82.0952646817533,28.6346298958866],[-82.0957812616656,28.6352456340397],[-82.09638712747841,28.6353247147602],[-82.0967346986118,28.6350959264397],[-82.09703763128502,28.6351354645526],[-82.0970822678558,28.6348671368599],[-82.0976881321665,28.6349462103098],[-82.0980356982009,28.6347174175541],[-82.0995503606569,28.6349150813492],[-82.0998979215012,28.6346862825427],[-82.1002008541858,28.6347258117654],[-82.1004591615447,28.6350336693145],[-82.1011542773828,28.6345760646922],[-82.10206307687,28.6346946391737],[-82.1019738353811,28.6352312987367],[-82.1022321507755,28.6355391516208],[-82.1021429094692,28.6360758101702],[-82.1047261805405,28.6391542894711],[-82.1046815660638,28.6394226174139],[-82.10559042284672,28.6395411605538],[-82.1066238015768,28.640772518566]]},"properties":{"segment_id":"76947457bc27c470a3725e08","source_kmz":"withlacoochee","orientation":"unverified"}},{"type":"Feature","geometry":{"type":"LineString","coordinates":[[-82.1066238015768,28.640772518566],[-82.1073189312924,28.6403148806919],[-82.1077649839151,28.6376315873112],[-82.1075066418647,28.6373237493891],[-82.1075958502974,28.6367870880846],[-82.1073375114574,28.6364792490933],[-82.10738211590761,28.6362109180353],[-82.1077296608138,28.6359820946138],[-82.1080326018384,28.63602160159281],[-82.1083801441947,28.6357927759539],[-82.1098948502812,28.6359902931677],[-82.1101531969729,28.6362981263847],[-82.110759083856,28.6363771257339],[-82.1118016874239,28.6356906191664],[-82.1119354559763,28.634885618203],[-82.1122829830327,28.6346567792599],[-82.1131917990606,28.6347752594492],[-82.11345015408,28.6350830856797],[-82.1152678011845,28.6353200182932],[-82.1155261654676,28.6356278390975],[-82.1170408853488,28.6358252555074],[-82.1183327658337,28.63736432756451],[-82.1189386680656,28.637443280508],[-82.1192861866416,28.6372144203715],[-82.11958913752312,28.6372538945959],[-82.1199366535487,28.6370250322422],[-82.1208455059156,28.6371434468845],[-82.1243205424156,28.6348547253588],[-82.1246234871649,28.6348941856053],[-82.125318470467,28.6344364242767],[-82.1274390824129,28.6347126085251],[-82.1281340489043,28.6342548287465],[-82.1281785858825,28.6339864875289],[-82.1302991958759,28.63426261556202],[-82.1308160297677,28.6348781855628],[-82.1383898118717,28.6358639753238],[-82.1391651690385,28.6367872667985],[-82.1397710866416,28.6368661022114],[-82.1413218667487,28.6387126527102],[-82.1412773691704,28.6389809961516],[-82.141535839798,28.6392887514417],[-82.1413578492929,28.6403621227772],[-82.1454936787268,28.645286083353],[-82.145449190974,28.6455544240345],[-82.145966205002,28.6461699033531],[-82.1458772312917,28.6467065836994],[-82.1461357424644,28.6470143218572],[-82.1459577942858,28.6480876797182],[-82.1462163099953,28.6483954166007],[-82.14586040531371,28.6505421218218],[-82.1518069102145,28.6576198128214],[-82.1517624360728,28.6578881477025],[-82.1547928540739,28.6582819135283],[-82.1550514334093,28.6585896211485],[-82.1553544779984,28.6586289922423],[-82.155176622847,28.6597023336848],[-82.1559523838314,28.6606254478481],[-82.1565584887997,28.6607041836808],[-82.1564251060904,28.6615091873156],[-82.1560775882118,28.6617381535765],[-82.1565947794123,28.6623535563571],[-82.157807016581,28.662511016637],[-82.1583242251803,28.6631264098755],[-82.1586272876398,28.6631657712744],[-82.1601789662062,28.6650119256971],[-82.1599567066224,28.6663535902292],[-82.1602153296479,28.6666612790972],[-82.1601264251542,28.6671979432958],[-82.1603850513957,28.667505631095],[-82.16034059938582,28.6677739627897],[-82.1613751259169,28.66900470494051],[-82.1612862263447,28.6695413669058],[-82.16154486403111,28.6698490500794],[-82.1618479522125,28.6698884017126],[-82.16262388031032,28.6708114437691],[-82.16235719636052,28.6724214229669],[-82.1620540988156,28.6723820730247],[-82.1620096495524,28.6726504020881],[-82.1622682994423,28.67295808109001],[-82.16222385055801,28.6732264098498],[-82.16248250300221,28.6735340878857],[-82.1627856048977,28.6735734365032],[-82.1630442604632,28.6738811129145],[-82.1636504675639,28.6739598060482],[-82.1644264529886,28.6748828255347],[-82.1642931230845,28.6756878099584],[-82.1645517906641,28.67599548108612],[-82.1637517695793,28.6808253477756],[-82.1640104509764,28.6811330161971],[-82.1639660033295,28.68140134011171],[-82.167587750857,28.6857086059222],[-82.1674988732668,28.6862452502846],[-82.1703448068327,28.689629409599],[-82.1703003749031,28.6898977303546],[-82.17120986930951,28.690015702508],[-82.1719860858118,28.6909386297603],[-82.1722892548704,28.69097794980801],[-82.1725479987199,28.6912855897375],[-82.1724591468844,28.6918222306182],[-82.1727178939526,28.69212986948],[-82.173324241625,28.6922085043458],[-82.1735829930457,28.69251614082181],[-82.1735385699216,28.692784460954],[-82.17379732389811,28.6930920964645],[-82.1681089078812,28.7274354038409]]},"properties":{"segment_id":"0681caea855dfe8d4e2ba43f","source_kmz":"withlacoochee","orientation":"unverified"}},{"type":"Feature","geometry":{"type":"LineString","coordinates":[[-81.8821159559979,28.6008250358552],[-81.8870069815391,28.6066846494654],[-81.886599352643,28.6090989723978],[-81.88685679978262,28.6094073635838],[-81.8864944485972,28.6115534138016],[-81.8867519028567,28.61186180330761],[-81.8867066083142,28.6121300585699],[-81.8879939111702,28.6136719926775],[-81.8895076982823,28.6138726320472],[-81.8898557421836,28.6136445019923],[-81.8901584998173,28.613684626331],[-81.890673450093,28.614301383537],[-81.8909762104782,28.6143415055002],[-81.8912336896764,28.6146498820537],[-81.8921419762576,28.614770240516],[-81.8923994610363,28.6150786139337],[-81.8927022250385,28.6151187309453],[-81.8932172027169,28.6157354736817],[-81.8944282714627,28.6158959270735],[-81.8951243474418,28.61543963612341],[-81.9014825065755,28.6162817507273],[-81.9050880087394,28.6205985696501],[-81.9048165594845,28.6222081087442]]},"properties":{"segment_id":"2e313c79c85d554307cb6fc1","source_kmz":"withlacoochee","orientation":"unverified"}},{"type":"Feature","geometry":{"type":"LineString","coordinates":[[-81.9130484877223,28.5972437480684],[-81.91130890241021,28.5983848097739],[-81.9104007651661,28.598264608597],[-81.9086611228967,28.59940562437251],[-81.90811848721701,28.6026248874584],[-81.9083759933607,28.6029332320777],[-81.90828555135691,28.6034697728795],[-81.9085430606957,28.6037781164322],[-81.9074576824685,28.6102165403085],[-81.9077152094077,28.6105248805381],[-81.9075795274237,28.6113296750023],[-81.9078370582133,28.6116380140633],[-81.9069324584671,28.6170032618195],[-81.9065844469551,28.6172314453291],[-81.9058606644474,28.6215235803254],[-81.9048165594845,28.6222081087442]]},"properties":{"segment_id":"84a586046aacb0ca4704dc2b","source_kmz":"withlacoochee","orientation":"unverified"}},{"type":"Feature","geometry":{"type":"LineString","coordinates":[[-82.3355345353569,28.6451586322757],[-82.3171429161879,28.65732333369762],[-82.31683980104361,28.6572844193571],[-82.3161456722389,28.657743393692],[-82.31129584674721,28.65712061665341],[-82.3095604383245,28.6582679539037],[-82.3092573232851,28.6582290182416],[-82.3089102352558,28.6584584809652],[-82.3076977752393,28.6583027258874],[-82.3042267641988,28.6605972457222]]},"properties":{"segment_id":"9acd9963617d74e554f1966e","source_kmz":"withlacoochee","orientation":"unverified"}},{"type":"Feature","geometry":{"type":"LineString","coordinates":[[-82.1655952974721,28.622952745545],[-82.1662011402338,28.6230314344681],[-82.16611231997491,28.6235681632093],[-82.1664152436701,28.6236075065788],[-82.1666737589839,28.6239152133535],[-82.1669766841901,28.6239545551027],[-82.1672352026216,28.6242622602521],[-82.1690527671718,28.62449828813491],[-82.1694000960315,28.6242692581585],[-82.1700059518225,28.6243479253286],[-82.1705230151341,28.624963319545],[-82.17082594591,28.6250026503192],[-82.1710844816284,28.6253103453698],[-82.1732050135802,28.6255856313992],[-82.1735523356296,28.6253565886137],[-82.1750670064896,28.6255531909206],[-82.1753255593987,28.6258608753179],[-82.18229316469652,28.6267649516961]]},"properties":{"segment_id":"aa8c533e7531233fcf015c5b","source_kmz":"withlacoochee","orientation":"unverified"}},{"type":"Feature","geometry":{"type":"LineString","coordinates":[[-82.18229316469652,28.6267649516961],[-82.182987767182,28.6263068073968],[-82.18450247716372,28.6265032760021],[-82.1862389337469,28.6253578692921]]},"properties":{"segment_id":"55f46282c4a3ac52ce6175ee","source_kmz":"withlacoochee","orientation":"unverified"}},{"type":"Feature","geometry":{"type":"LineString","coordinates":[[-82.1678441107774,28.6131018069747],[-82.1681025990587,28.6134095185509],[-82.1714343834887,28.6138421977414],[-82.17246840952181,28.6150730019219],[-82.1727713056237,28.6151123281944],[-82.1730298180829,28.6154200263171],[-82.1728522795514,28.6164935151343],[-82.1725049921581,28.6167225608298],[-82.1727635085879,28.6170302583304],[-82.17548964829932,28.61738415457871],[-82.1765314886391,28.61669698588671],[-82.1768343924804,28.6167363005221],[-82.1770929247735,28.6170439875771],[-82.1770485526595,28.6173123606538],[-82.1804096530261,28.62131221233931],[-82.1813184206425,28.6214301194237],[-82.183386978299,28.6238914757228],[-82.1833426226393,28.6241598467165],[-82.1841183649297,28.6250828407519],[-82.1862389337469,28.6253578692921]]},"properties":{"segment_id":"1d593e5f1725b6d296d00caf","source_kmz":"withlacoochee","orientation":"unverified"}},{"type":"Feature","geometry":{"type":"LineString","coordinates":[[-82.0012624037948,28.6044925980213],[-82.0019578062134,28.60403560074271],[-82.0020027292458,28.6037672914614],[-82.0026981216578,28.6033102885358],[-82.0029227202302,28.6019687360673],[-82.0026648710002,28.6016606178698],[-82.0027097905131,28.6013923066649],[-82.002451943827,28.6010841875019],[-82.0024968637109,28.6008158759911],[-82.0028445473347,28.600587371834],[-82.0028894657028,28.6003190598183],[-82.0070615072755,28.59757690797751],[-82.0085752875518,28.5977758748772],[-82.0088331465108,28.5980839819203],[-82.0094386630826,28.5981635611495],[-82.0096965263871,28.5984716658113],[-82.0106048070785,28.59859102593561],[-82.0113001100715,28.5981339611892],[-82.01190562933351,28.5982135264779],[-82.01294856572912,28.5975279141544],[-82.01312810220222,28.5964546395628],[-82.0128702325201,28.5961465415654],[-82.0129600003554,28.5956099028464],[-82.0127021338745,28.5953018037796],[-82.01288166874261,28.594228523495],[-82.0146197911543,28.5930858025289]]},"properties":{"segment_id":"75ec0e0185773f90506ee4db","source_kmz":"withlacoochee","orientation":"unverified"}},{"type":"Feature","geometry":{"type":"LineString","coordinates":[[-82.01234395841551,28.5900445748836],[-82.0128596584541,28.59066078215781],[-82.0128147769971,28.590929104971],[-82.0146197911543,28.5930858025289]]},"properties":{"segment_id":"0d2d7cd41df78773629ccabf","source_kmz":"withlacoochee","orientation":"unverified"}},{"type":"Feature","geometry":{"type":"LineString","coordinates":[[-81.9671203695265,28.5958841517468],[-81.9650588254755,28.5934184551924],[-81.9644533850143,28.5933386244004],[-81.9616189860753,28.5899481848533],[-81.9623846952701,28.5853870229542],[-81.9603235467304,28.5829211691754],[-81.9599758207121,28.5831495457602],[-81.9596731396492,28.5831096153947],[-81.9596280928085,28.58337792108381],[-81.9592803630196,28.5836062951461],[-81.9592353146623,28.5838746003293],[-81.9588875817582,28.5841029728274],[-81.9587524312756,28.58490788624991],[-81.9538839209982,28.5881049560682],[-81.9535684393064,28.58998305060202],[-81.9518295530271,28.591124790739],[-81.9516492468589,28.592197977093],[-81.9509536693077,28.5926546618957],[-81.9500971055154,28.5977522412299],[-81.9372266953193,28.6061997870972],[-81.937181564617,28.6064680675152],[-81.936833678627,28.6066963552946],[-81.9367434138985,28.6072329149168],[-81.936395523561,28.6074612008292],[-81.936079579338,28.6093391510014],[-81.9326004860691,28.6116219195465]]},"properties":{"segment_id":"67a02c6cc00c123e5596f4f1","source_kmz":"withlacoochee","orientation":"unverified"}},{"type":"Feature","geometry":{"type":"LineString","coordinates":[[-82.183092627034,28.6106950808414],[-82.1826934700383,28.6131104927151],[-82.1847618635018,28.6155718747275],[-82.1850647671374,28.615611166233],[-82.1853233260504,28.6159188343321],[-82.1862320423356,28.6160367014095],[-82.1869265348856,28.6155785190732],[-82.1908643176339,28.6160891621358],[-82.1915587854089,28.6156309498679],[-82.1916474350842,28.6150941892111],[-82.1919946636826,28.6148650805894],[-82.19203898686911,28.6145966996575],[-82.1927334359425,28.6141384780394],[-82.19515666143562,28.6144526070732],[-82.1956738477836,28.6150678955665],[-82.1956295359348,28.6153362776777],[-82.1961467311661,28.6159515625037],[-82.1961024203595,28.6162199442052],[-82.1964053316162,28.6162592036194],[-82.1963167110453,28.6167959666127],[-82.1959694862448,28.6170250880974],[-82.1959251743083,28.6172934689907],[-82.1961837780704,28.6176011095875],[-82.1970925277083,28.6177188841475],[-82.1981269763826,28.618949428752],[-82.1984298984029,28.6189886821753],[-82.1989471365337,28.6196039477659],[-82.1989028327315,28.6198723281239],[-82.1991614552942,28.6201799595181],[-82.1997673094364,28.6202584594162],[-82.2020950196422,28.6230270893428],[-82.2023979581836,28.623066331152],[-82.2026566033285,28.6233739516138],[-82.2032624837134,28.6234524311315],[-82.20499862211202,28.622306711868],[-82.21014859465,28.6229735675652],[-82.2114419794438,28.6245115681431],[-82.212350825005,28.62462921135741],[-82.2131268896103,28.6255519944726],[-82.2130826278806,28.6258203766143],[-82.2133413205259,28.6261279691523],[-82.2132527975459,28.6266647326228],[-82.2150637082759,28.6288178547184],[-82.2147539014448,28.6306965154295],[-82.2152713308077,28.6313116839359],[-82.215050038379,28.6326535773548],[-82.21582620654982,28.633576322074],[-82.21612918945232,28.63361552405121],[-82.2169053783221,28.6345382587021]]},"properties":{"segment_id":"1644f47052aff196eaf2d1b9","source_kmz":"withlacoochee","orientation":"unverified"}},{"type":"Feature","geometry":{"type":"LineString","coordinates":[[-81.9027986787265,28.5662651229754],[-81.903146489979,28.5660369220189],[-81.9034490828707,28.5660770137207],[-81.9037968915852,28.5658488105437],[-81.9050072634151,28.5660091649329],[-81.9053550676295,28.56578095666]]},"properties":{"segment_id":"b95b9880f975e919a2ddbbf5","source_kmz":"withlacoochee","orientation":"unverified"}},{"type":"Feature","geometry":{"type":"LineString","coordinates":[[-82.3103685513617,28.6287735358889],[-82.3088142488234,28.6269293849399],[-82.3085112469677,28.6268904440646],[-82.3082522043911,28.6265830817789],[-82.3076462039729,28.6265051959249],[-82.3071281293983,28.6258904657059],[-82.3059161417343,28.6257346775846],[-82.2978871052372,28.6162058215759]]},"properties":{"segment_id":"e735b9a8aa3c3f33395055b4","source_kmz":"withlacoochee","orientation":"unverified"}},{"type":"Feature","geometry":{"type":"LineString","coordinates":[[-81.8664895454872,28.5614477721336],[-81.8678810928778,28.5605354208339],[-81.8736297126371,28.5612989187528],[-81.8750211802598,28.56038647440061],[-81.8756262989629,28.5604668169101],[-81.8759741598538,28.56023870074881]]},"properties":{"segment_id":"0e7cdc59a12624dcedacdec2","source_kmz":"withlacoochee","orientation":"unverified"}},{"type":"Feature","geometry":{"type":"LineString","coordinates":[[-82.2918465767462,28.6247473720255],[-82.2921935722957,28.624517944803],[-82.29223758113451,28.6242495292219],[-82.2925405659539,28.6242885163239],[-82.2926725879499,28.6234832680774],[-82.2911187707192,28.6216388359023],[-82.2911627814797,28.6213704187919],[-82.29090381922491,28.6210630102937],[-82.29125080215871,28.62083358396571],[-82.2912948120773,28.6205651662499],[-82.2915977832015,28.620604156381],[-82.2916858003058,28.620067320149],[-82.2920327770054,28.6198378907089],[-82.2922088029426,28.6187642146256],[-82.2963723169936,28.6160109489589],[-82.2964163080647,28.6157425258405],[-82.2967632540522,28.61551307856781],[-82.2968512329012,28.6149762311268]]},"properties":{"segment_id":"5144b68b86ff4641c6b0419e","source_kmz":"withlacoochee","orientation":"unverified"}},{"type":"Feature","geometry":{"type":"LineString","coordinates":[[-81.88635186940462,28.5610673858609],[-81.8873810786317,28.5623010993724],[-81.8882887954109,28.5624215065786],[-81.8885461061166,28.5627299305282],[-81.8915718597475,28.5631312245091],[-81.8920865114099,28.5637480546606],[-81.8951123184566,28.5641492476438],[-81.8953696594133,28.5644576538452],[-81.9053550676295,28.56578095666]]},"properties":{"segment_id":"ce048767656582ec08ef0fa9","source_kmz":"withlacoochee","orientation":"unverified"}},{"type":"Feature","geometry":{"type":"LineString","coordinates":[[-82.4090407727687,28.6364728131378],[-82.4012584265629,28.6272590797837]]},"properties":{"segment_id":"cece3244cb7fcbd098249134","source_kmz":"withlacoochee","orientation":"unverified"}},{"type":"Feature","geometry":{"type":"LineString","coordinates":[[-81.9053550676295,28.56578095666],[-81.9059602539639,28.5658611267874],[-81.90700365137901,28.5651764886454],[-81.9073062430158,28.5652165695461],[-81.9074418533535,28.5644116805194],[-81.9095285712569,28.5630423589461],[-81.9104363276423,28.5631625783456],[-81.9109511175778,28.5637793178513],[-81.91155629485931,28.5638594567923],[-81.9128433149643,28.565401282891],[-81.9131459101854,28.5654413472821],[-81.91340332108811,28.565749709158],[-81.91370591782682,28.5657897719323],[-81.9180822123517,28.5710317790705],[-81.9195953048941,28.5712320156006],[-81.9203676671385,28.5721570384526],[-81.9209729135482,28.5722371225046],[-81.9217453001315,28.5731621330494],[-81.9220479274574,28.5732021715123],[-81.9223053946506,28.5735105058784],[-81.922608023494,28.5735505427243],[-81.9219305968077,28.5775749712531],[-81.9221880769352,28.5778833024495],[-81.9220977497964,28.5784198892577],[-81.922355233118,28.578728219386],[-81.922007421507,28.578956475253],[-81.9219622569308,28.5792247679457],[-81.9222649061379,28.5792648051747],[-81.9225223926536,28.5795731342347],[-81.9228250433785,28.5796131698467],[-81.923082533009,28.5799214972865],[-81.93034626620951,28.5808820762071],[-81.9316338902371,28.5824236094524],[-81.9314082084796,28.5837650792549],[-81.9310604006036,28.5839933615507],[-81.93101526215952,28.5842616545987],[-81.9306674511683,28.5844899353298],[-81.9303063234239,28.5866362699763],[-81.93571502743151,28.5931104715558],[-81.9326004860691,28.6116219195465]]},"properties":{"segment_id":"890dd6d5a073301e2d1bf8c7","source_kmz":"withlacoochee","orientation":"unverified"}},{"type":"Feature","geometry":{"type":"LineString","coordinates":[[-81.8759741598538,28.56023870074881],[-81.8802100139349,28.5608009887678],[-81.8807245681933,28.5614178771568],[-81.8810271338222,28.5614580326334],[-81.8824185239685,28.5605454926142],[-81.8827210872723,28.5605856433984],[-81.8837646081458,28.5599012222535],[-81.8840671697777,28.5599413693038],[-81.8844150056486,28.55971322543901],[-81.88467229390622,28.5600216608296],[-81.8861851092723,28.5602223746239],[-81.8860945718066,28.5607589553292],[-81.88635186940462,28.5610673858609]]},"properties":{"segment_id":"55e507fa94ad86ac3993e4c0","source_kmz":"withlacoochee","orientation":"unverified"}},{"type":"Feature","geometry":{"type":"LineString","coordinates":[[-81.8875311594897,28.5595780564224],[-81.8864876732103,28.5602625148078],[-81.88635186940462,28.5610673858609]]},"properties":{"segment_id":"de1526b3637ad80830b7d872","source_kmz":"withlacoochee","orientation":"unverified"}},{"type":"Feature","geometry":{"type":"LineString","coordinates":[[-82.0702077192574,28.6234051018164],[-82.0732365134591,28.623801205062],[-82.0735840999217,28.6235724850304],[-82.0763100331341,28.6239288958668],[-82.0768264087438,28.62454474206371],[-82.0771739885233,28.6243160108337],[-82.0774768732149,28.6243556052634],[-82.078172025789,28.623898137108],[-82.0783060971567,28.6230931539362],[-82.0780032166168,28.6230535617204],[-82.0783607352842,28.6209069318252],[-82.0781025520792,28.6205990099953],[-82.0781919302163,28.6200623502931],[-82.0788870434583,28.6196048724963],[-82.0804013890533,28.6198028142468],[-82.0807489395445,28.6195740686678],[-82.0816575483408,28.6196928205334],[-82.0820050949653,28.6194640708203],[-82.083519445357,28.6196619686218],[-82.0862997239871,28.617831887246],[-82.08681613527,28.618447694926],[-82.0871190033841,28.6184872627229],[-82.0872976390971,28.6174139217082],[-82.0876451609913,28.6171851523915],[-82.0876898179791,28.6169168163309],[-82.088037336756,28.6166880454535],[-82.08821595694552,28.6156146979833],[-82.0903010004594,28.6142420390401],[-82.0908174189886,28.6148578330948],[-82.0911649207699,28.6146290508826],[-82.0914677771918,28.6146686067856],[-82.0915124206629,28.614400267411],[-82.0925549090116,28.6137139094398],[-82.0925995485121,28.6134455689591],[-82.0929024013512,28.6134851209306],[-82.0929470396229,28.6132167801486],[-82.0926888266594,28.6129088873907],[-82.0933838020782,28.6124513073053],[-82.09347307417292,28.61191462372251],[-82.09382055659262,28.6116858311882],[-82.0938651909846,28.611417488792],[-82.0936069801813,28.6111095968308],[-82.0937408836295,28.610304568118],[-82.0940883586776,28.6100757737758],[-82.0943912000965,28.6101153218836],[-82.0968234679466,28.6085137195205],[-82.0968680910882,28.6082453737022],[-82.0971709272297,28.6082849141456],[-82.0974291424022,28.6085927997461],[-82.0998518515997,28.6089090862838],[-82.1001100784881,28.6092169649389],[-82.1004129196458,28.6092564961299],[-82.100671149651,28.6095643731611],[-82.10309389897562,28.609880585678],[-82.1058734291807,28.6080499512926],[-82.1064791087964,28.6081289805026],[-82.1089110893536,28.60652709589541],[-82.1095352334854,28.60277014658371],[-82.1112722198368,28.6016258844309],[-82.1118778583166,28.6017048844471],[-82.1132674081334,28.6007894443972],[-82.1141758600636,28.6009079264838],[-82.1148706196839,28.600450193157],[-82.1154498952675,28.5969615123347],[-82.1141586872161,28.5954222469317],[-82.11424780887681,28.5948855227293],[-82.1157617930127,28.5950829777149],[-82.1178458792167,28.5937097113634],[-82.1190570557964,28.5938676369024],[-82.1232249926468,28.5911209222498],[-82.1235277795806,28.5911603899942],[-82.1238394756904,28.5892818040295],[-82.1248813896705,28.5885950878383],[-82.1254869472151,28.5886740136225],[-82.1253979037428,28.5892107556852],[-82.1256561636104,28.589518588312],[-82.1255225982547,28.5903236995743],[-82.1265556645237,28.5915550201905],[-82.1268584545784,28.5915944784853],[-82.1278915559618,28.5928257822303],[-82.1281943512105,28.59286523662452],[-82.1284526325034,28.5931730596395],[-82.1302694173179,28.59340976340191],[-82.1300023599067,28.5950199795779],[-82.130260654415,28.5953277965425],[-82.1301716343294,28.5958645334397],[-82.1340462983323,28.6004816810722],[-82.13395729692532,28.601018414044],[-82.1344739535334,28.6016340186198],[-82.134251451658,28.6029758464692],[-82.1352848007456,28.604207043174],[-82.1355876403779,28.6042464755432],[-82.1394629869838,28.6088633286207],[-82.1392405455045,28.6102051420518],[-82.14104920914201,28.6123596033135],[-82.1409157547296,28.613164686769],[-82.1416909305693,28.6140880134142],[-82.1415574795531,28.6148930941177],[-82.141860360555,28.6149325076983],[-82.1422077239071,28.61470356019001],[-82.1425106045316,28.6147429719534],[-82.1432858123899,28.6156662833539],[-82.143196853828,28.6162030031867],[-82.1434552615475,28.6165107717181],[-82.143232863486,28.617852567245],[-82.1434912763997,28.6181603343945],[-82.1434023165125,28.6186970509833],[-82.1437052120617,28.6187364589719],[-82.1439636294148,28.6190442242897],[-82.1454781175548,28.6192412475401],[-82.1457365429377,28.6195490081904],[-82.1463423426344,28.6196278099541],[-82.1473760728836,28.6208588378282],[-82.1488906016488,28.6210558119857],[-82.1501828376735,28.6225945583667],[-82.151697404228,28.6227914920231],[-82.1519558632419,28.6230992349031],[-82.1531675264993,28.6232567633171],[-82.1539429296155,28.6241799776428],[-82.15424584982271,28.6242193553156],[-82.1545043225353,28.624527090935],[-82.1548516910872,28.6242981080832],[-82.1551101662561,28.6246058421811],[-82.15874525238,28.6250782774712],[-82.1610717465725,28.6278477632942],[-82.1628893712503,28.6280838934479],[-82.1639234472788,28.6293147353049],[-82.1657411116275,28.62955081625911],[-82.1685850576847,28.6329355098448],[-82.1691909750859,28.6330141798806],[-82.1694495294332,28.63332187259],[-82.1712672958006,28.6335578575048],[-82.17178442490402,28.6341732311993],[-82.1720873894124,28.6342125574884],[-82.1724347500971,28.633983523356],[-82.17247914570731,28.6337151635922],[-82.17560529575792,28.63165379707741],[-82.175649680032,28.6313854344091],[-82.1753911089705,28.6310777551246],[-82.1767804526732,28.6301615609449],[-82.1770834050775,28.6302008735277],[-82.1771277838736,28.6299325092544],[-82.177475113184,28.6297034563058],[-82.1775638674715,28.6291667265532],[-82.1779111924358,28.6289376717458],[-82.1785170897747,28.629016289911],[-82.1792117313848,28.6285581726902],[-82.1795146791544,28.6285974785679],[-82.18229316469652,28.6267649516961]]},"properties":{"segment_id":"98a540aa8bfd8f9f5596e0c3","source_kmz":"withlacoochee","orientation":"unverified"}},{"type":"Feature","geometry":{"type":"LineString","coordinates":[[-82.0546157834689,28.5925745099021],[-82.05524224586992,28.588817743268],[-82.0549842455506,28.5885097405661],[-82.055331735937,28.5882810590758],[-82.055376480543,28.5880127166755],[-82.0551184821985,28.5877047136625],[-82.0553869477971,28.5860946543793],[-82.0588616562044,28.5838077556039],[-82.05890638718971,28.5835394086605],[-82.0592091166687,28.5835790587969],[-82.0592985758978,28.5830423641032],[-82.059646032019,28.5828136654323],[-82.0596907599779,28.58254531747921],[-82.0628177691206,28.5804869700291],[-82.0634232101069,28.5805662479729],[-82.0637706448179,28.5803375344857],[-82.0640733650799,28.5803771712114],[-82.064420797246,28.5801484555064],[-82.0647235171345,28.5801880904155],[-82.0649815275753,28.5804960762358],[-82.0671005833668,28.5807734912333],[-82.0688376924096,28.5796298522173],[-82.0691404125123,28.5796694747067],[-82.06948782800282,28.57944074216631],[-82.0697905477317,28.579480362839],[-82.0708327809082,28.5787941547859],[-82.0717409358764,28.5789130030304],[-82.0720883411865,28.5786842616197],[-82.07239105942011,28.5787238750258],[-82.0730858630636,28.5782663865097],[-82.0739940155207,28.5783852158279],[-82.0743414125368,28.5781564668068],[-82.0746441299331,28.5781960739041],[-82.07499152440411,28.5779673226656]]},"properties":{"segment_id":"dd103d1766ec806ef026c434","source_kmz":"withlacoochee","orientation":"unverified"}},{"type":"Feature","geometry":{"type":"LineString","coordinates":[[-82.0146197911543,28.5930858025289],[-82.0148776578654,28.5933938987289],[-82.01790511212211,28.5937915946279],[-82.0186003358775,28.593334476941],[-82.0192058275296,28.5934140019819],[-82.019979486662,28.5943382541297],[-82.0202822366042,28.5943780130835],[-82.0205401279839,28.5946860946477],[-82.021145631184,28.5947656084599],[-82.0221884496655,28.5940799002301],[-82.0222333029399,28.5938115756557],[-82.022580904098,28.5935830034229],[-82.0223230086312,28.5932749258985],[-82.0224127131795,28.5927382753301],[-82.0233209500559,28.5928575294923],[-82.0267968078544,28.5905717096147],[-82.02709954747571,28.5906114497026],[-82.0337031450672,28.5862680265136],[-82.0337479575024,28.5859996917651],[-82.0340954951773,28.58577107763981],[-82.0343195469277,28.5844293993428],[-82.0340616365554,28.5841213428441],[-82.0341512565725,28.5835846698976],[-82.0348463079202,28.5831274349476],[-82.0351490245846,28.5831671530636],[-82.0355970735403,28.5804837691182],[-82.03594458344162,28.5802551457728],[-82.0360341873505,28.5797184659438],[-82.0363816929087,28.5794898407337],[-82.0364264932066,28.57922150021251],[-82.0367739956502,28.57899287344],[-82.0369979867166,28.5776511662776],[-82.0390829249179,28.5762793701117],[-82.0391277149048,28.57601102625672],[-82.0394751967756,28.5757823888495],[-82.0395199852489,28.5755140444892],[-82.0398674640054,28.57528540551961],[-82.0399122509651,28.57501706065401],[-82.0402597266072,28.5747884201219],[-82.04034929721422,28.5742517291772],[-82.0410442379276,28.5737944431235],[-82.0446764893745,28.57427080521],[-82.0450239490092,28.5740421487981]]},"properties":{"segment_id":"fccf6dae4df693aec8f66d0b","source_kmz":"withlacoochee","orientation":"unverified"}},{"type":"Feature","geometry":{"type":"LineString","coordinates":[[-82.0250584832064,28.5769067184724],[-82.0264485668636,28.5759923458096],[-82.0265382267298,28.5754556680649],[-82.0268857404724,28.57522707114351],[-82.02839916594542,28.5754257695409],[-82.0287466745153,28.5751971665693],[-82.0290493598091,28.5752369027146],[-82.0295650913879,28.5758530529715],[-82.0293409867279,28.577194750774],[-82.0295988586334,28.5775028240886],[-82.0317177224857,28.5777809405869],[-82.0338027498739,28.5764092475748],[-82.0344081342249,28.576488690207],[-82.0347556308735,28.5762600683781],[-82.0348004346332,28.5759917263182],[-82.0351479281674,28.5757631029268],[-82.0351927304133,28.5754947603616],[-82.0358877093673,28.5750375091935],[-82.0361903974546,28.5750772251912],[-82.0365378834452,28.5748485967589],[-82.0368405711603,28.5748883109399],[-82.0368853675498,28.57461996706631],[-82.0372328497684,28.5743913361136],[-82.0381409098242,28.5745104703328],[-82.039183339246,28.5738245612919],[-82.0397887100973,28.5739039740635],[-82.0398334965734,28.5736356282818],[-82.040136181484,28.5736753332803],[-82.0404836509849,28.573446691237],[-82.0450239490092,28.5740421487981]]},"properties":{"segment_id":"2878149fd4678977d8fff6d5","source_kmz":"withlacoochee","orientation":"unverified"}},{"type":"Feature","geometry":{"type":"LineString","coordinates":[[-82.0806937469184,28.5883100864587],[-82.0831256455621,28.5867087055452],[-82.0833489188592,28.5853669281818],[-82.0850859020087,28.5842230393425],[-82.0856662994804,28.5807343748562],[-82.0860136744872,28.580505589387],[-82.0854975016646,28.5798897181492],[-82.085542145723,28.57962135741282],[-82.0858448736469,28.5796609327325],[-82.0861922437425,28.5794321460563],[-82.0864949712919,28.5794717195593],[-82.08788443017112,28.5785565564283]]},"properties":{"segment_id":"8bd6031fd24294fe7f8b521b","source_kmz":"withlacoochee","orientation":"unverified"}},{"type":"Feature","geometry":{"type":"LineString","coordinates":[[-82.07499152440411,28.5779673226656],[-82.0752942414265,28.5780069279462],[-82.0756416333523,28.57777817449031],[-82.076549784151,28.5778969823058],[-82.0768971722143,28.5776682247168],[-82.0771998890577,28.5777078246465],[-82.0775472745757,28.57747906484],[-82.07966629583652,28.577756233596],[-82.0800136748568,28.5775274658256],[-82.08788443017112,28.5785565564283]]},"properties":{"segment_id":"666e2342c281d262822b0493","source_kmz":"withlacoochee","orientation":"unverified"}},{"type":"Feature","geometry":{"type":"LineString","coordinates":[[-82.3592549368996,28.62874060467581],[-82.3602954158741,28.6280516722904],[-82.3699925125466,28.6292926695225],[-82.3772749403384,28.6244691833639],[-82.377577965206,28.6245079302456],[-82.3786182419112,28.6238188127276],[-82.380436384964,28.6240512587384],[-82.3828636030256,28.6224432337378],[-82.3829073216931,28.6221747796614],[-82.3839475259478,28.6214856063638],[-82.3836882246875,28.6211784220999],[-82.3844313482594,28.6166146549505],[-82.3828756484885,28.6147715204751]]},"properties":{"segment_id":"d2f6b647124f79c125172d31","source_kmz":"withlacoochee","orientation":"unverified"}},{"type":"Feature","geometry":{"type":"LineString","coordinates":[[-82.4012584265629,28.6272590797837],[-82.397367892244,28.6226519203029],[-82.3974115647713,28.622383460461],[-82.3955961324774,28.6202333851662],[-82.3931719981179,28.6199237898526],[-82.3913567271229,28.6177736293224],[-82.3883266699728,28.61738650439611],[-82.3865115774132,28.6152362479545],[-82.3828756484885,28.6147715204751]]},"properties":{"segment_id":"59f91464154613835d71362b","source_kmz":"withlacoochee","orientation":"unverified"}},{"type":"Feature","geometry":{"type":"LineString","coordinates":[[-82.0450239490092,28.5740421487981],[-82.0474561136452,28.5724415186323],[-82.0477587978571,28.572481202228],[-82.0484536837494,28.572023866067],[-82.049967102507,28.5722222615858],[-82.0499223490579,28.572490612571],[-82.0502250346077,28.5725302891977],[-82.0509988422257,28.5734543668516],[-82.0540257502439,28.5738510630975],[-82.0543731827723,28.5736223761365],[-82.0552812587616,28.57374136539102],[-82.0556286874298,28.5735126742965],[-82.056839456773,28.5736713107817],[-82.05709741843471,28.5739793207133],[-82.0595189806226,28.5742965463853],[-82.059866400077,28.5740678418812],[-82.0599111226909,28.5737994878295],[-82.0605165128845,28.573878783546],[-82.0615587522975,28.5731926558211],[-82.0627695282045,28.5733512254552],[-82.0631169349369,28.5731225098626],[-82.0676573752996,28.5737170092476],[-82.0702374736689,28.5767968089791],[-82.0701480907592,28.5773335213746],[-82.07499152440411,28.5779673226656]]},"properties":{"segment_id":"0ac3b9bce29da783c7a6f59e","source_kmz":"withlacoochee","orientation":"unverified"}},{"type":"Feature","geometry":{"type":"LineString","coordinates":[[-81.864701959159,28.54639752659],[-81.8649591346216,28.5467060198345],[-81.8652616399213,28.5467462213348],[-81.8652163119667,28.5470145122176],[-81.8680453870194,28.5504078715746],[-81.867954744606,28.5509444504502],[-81.8684691489756,28.5515614132656],[-81.868197222645,28.5531711437589],[-81.8684544315715,28.5534796232534],[-81.8682278216254,28.5548210592097],[-81.8684850356994,28.5551295373255],[-81.8684397134975,28.5553978238021],[-81.8687422516565,28.5554380145799],[-81.86899946949661,28.5557464909729],[-81.8699070893955,28.5558670558833],[-81.8709359943477,28.5571009437462],[-81.8712385398114,28.5571411273013],[-81.8735536971902,28.5599173177801],[-81.8759741598538,28.56023870074881]]},"properties":{"segment_id":"2241bf216d4d1ee631eb6491","source_kmz":"withlacoochee","orientation":"unverified"}},{"type":"Feature","geometry":{"type":"LineString","coordinates":[[-81.9616350815086,28.5677360033324],[-81.9626780495845,28.5670508266142],[-81.964191176446,28.5672504356447],[-81.9673199493984,28.5651947942643],[-81.9736750365594,28.5660327367195],[-81.9813222025767,28.561006962861]]},"properties":{"segment_id":"2e0da1cf9bc0de62d325b80a","source_kmz":"withlacoochee","orientation":"unverified"}},{"type":"Feature","geometry":{"type":"LineString","coordinates":[[-81.9494465335689,28.5463796208757],[-81.9566568391223,28.5550114075457],[-81.9572619968334,28.5550912901993],[-81.9577770800921,28.55570781747671],[-81.9595925748546,28.55594743573072],[-81.9598501266833,28.556255693523],[-81.9601527113763,28.5562956261354],[-81.9604102663179,28.5566038823063],[-81.9643439093941,28.5571229182859],[-81.9657343252258,28.556209286812],[-81.9699705737032,28.55676803273762],[-81.97177375935,28.5589256400246],[-81.9757075807566,28.55944425580971],[-81.9762228255629,28.5600606875385],[-81.9798541177824,28.5605392628141],[-81.980111757757,28.5608474682771],[-81.9813222025767,28.561006962861]]},"properties":{"segment_id":"8b27262eafe37a502280d803","source_kmz":"withlacoochee","orientation":"unverified"}},{"type":"Feature","geometry":{"type":"LineString","coordinates":[[-81.9484166104779,28.545146453286],[-81.9494465335689,28.5463796208757]]},"properties":{"segment_id":"46ab0a02cbd53690146cca0e","source_kmz":"withlacoochee","orientation":"unverified"}},{"type":"Feature","geometry":{"type":"LineString","coordinates":[[-82.4378524634365,28.6209625784435],[-82.430587282987,28.6123647293477],[-82.4306308442646,28.612096248953],[-82.4303714016429,28.6117891702198],[-82.4300683982992,28.6117505712232],[-82.4298089587937,28.6114434908587],[-82.4298525220762,28.6111750101488],[-82.4292465205622,28.611097808243],[-82.4292900854593,28.6108293275248],[-82.4274720932612,28.6105977017518],[-82.4264343986723,28.6093693463492],[-82.4258284132868,28.6092921247744],[-82.4255689968177,28.6089850322269],[-82.4234480652888,28.60871472428972],[-82.4213728701865,28.6062579099194],[-82.4183430895377,28.6058716215936],[-82.4178243341592,28.6052573940575],[-82.416309466498,28.6050642100231],[-82.4157907309258,28.6044499713838]]},"properties":{"segment_id":"59a7f727372cb36dcaf1b14f","source_kmz":"withlacoochee","orientation":"unverified"}},{"type":"Feature","geometry":{"type":"LineString","coordinates":[[-82.4157907309258,28.6044499713838],[-82.4151847907031,28.6043726886997],[-82.41483821353711,28.6046025253824],[-82.414535243175,28.6045638817943],[-82.4128023256296,28.6057130416014],[-82.4121963790615,28.6056357422814],[-82.4118497885416,28.6058655685651],[-82.4102793677873,28.6155306146099],[-82.4095860929324,28.6159902419236],[-82.4095424625387,28.6162587110971],[-82.40919582104861,28.6164885225731],[-82.4087158548863,28.6194416668939],[-82.4100128098846,28.6209772837833],[-82.4094892121112,28.6241988616713],[-82.41078625450092,28.6257344505843],[-82.4106989909898,28.62627137636492],[-82.410005629978,28.62673099380231],[-82.4097025822016,28.6266923387438],[-82.4076224497332,28.6280711551963],[-82.4012584265629,28.6272590797837]]},"properties":{"segment_id":"5722a97331ce73342ca3bf53","source_kmz":"withlacoochee","orientation":"unverified"}},{"type":"Feature","geometry":{"type":"LineString","coordinates":[[-82.3688336639466,28.5984503695734],[-82.36502008824232,28.60097689420281],[-82.3647171538242,28.6009381095192],[-82.3643704531114,28.6011677850861],[-82.36376458377941,28.6010902112269],[-82.3620310451859,28.6022385606597]]},"properties":{"segment_id":"a8f7f1dc2a28b7a582bd9ec7","source_kmz":"withlacoochee","orientation":"unverified"}},{"type":"Feature","geometry":{"type":"LineString","coordinates":[[-82.4168304470662,28.6037604480675],[-82.4157907309258,28.6044499713838]]},"properties":{"segment_id":"1aea94571b575e44cb4661a2","source_kmz":"withlacoochee","orientation":"unverified"}},{"type":"Feature","geometry":{"type":"LineString","coordinates":[[-82.1921419651244,28.587744637136],[-82.19188346778871,28.5874369633347],[-82.1925923796357,28.5831425439938],[-82.1902660838778,28.5803734258053],[-82.1904433243674,28.5792998091054],[-82.1911374911494,28.57884155649001],[-82.1920458156138,28.5789593854728],[-82.192739970874,28.5785011220817],[-82.1930427449366,28.5785403947767],[-82.1933898190731,28.5783112602368],[-82.1939953667219,28.578389801135],[-82.1964248235503,28.5767858107298],[-82.1966462659175,28.5754437643004]]},"properties":{"segment_id":"0c3d6e49eeaccdcde8887471","source_kmz":"withlacoochee","orientation":"unverified"}},{"type":"Feature","geometry":{"type":"LineString","coordinates":[[-81.9359489002933,28.5402072127617],[-81.9374934320857,28.5420571621692],[-81.9377959552078,28.5420971593614],[-81.93959800325601,28.5442553891146],[-81.9395529132727,28.5445237130767],[-81.9404605129905,28.54464368387371],[-81.94097540949372,28.5452603084239],[-81.9494465335689,28.5463796208757]]},"properties":{"segment_id":"d6690dfe7106ff9dc1621d7f","source_kmz":"withlacoochee","orientation":"unverified"}},{"type":"Feature","geometry":{"type":"LineString","coordinates":[[-82.0282184068388,28.5542861763529],[-82.02912623751,28.5544053930761],[-82.0301574543616,28.5556377551718],[-82.0300230303365,28.55644281689951],[-82.0309308867927,28.5565620176757],[-82.0326679875082,28.5554188939339],[-82.0329706036117,28.55545862102],[-82.0343602476249,28.5545440955101],[-82.0352680897606,28.5546632601242],[-82.0359628965138,28.5542059840612],[-82.0383838109098,28.5545237032647],[-82.0386416464998,28.5548317727185],[-82.0398521154534,28.5549906086765],[-82.0406256482664,28.5559148027418],[-82.0405808737305,28.5561831610391],[-82.0414887423171,28.5563022724544],[-82.0418361365151,28.5560736158486],[-82.0436518774422,28.5563118097507],[-82.0439992658103,28.5560831461385],[-82.0446045137518,28.5561625353216],[-82.0470361703381,28.5545618413447],[-82.04794403058,28.5546808985686],[-82.0480782805977,28.5538758107386],[-82.0487730113451,28.5534184507007],[-82.051799189246,28.5538152301802],[-82.053088620397,28.5553554102076],[-82.0542991240857,28.5555140827668],[-82.054164930888,28.556319175006],[-82.0557123517842,28.5581673424212],[-82.0564070764768,28.5577099379273],[-82.05852553104272,28.5579875386166],[-82.0587834508566,28.5582955568672],[-82.0593887286082,28.5583748621027],[-82.05964665276261,28.5586828779701],[-82.0602519341085,28.5587621782516],[-82.0605098626034,28.5590701917357],[-82.0608125049311,28.5591098398288],[-82.0615863054116,28.5600338728182],[-82.0627968923005,28.5601924474878],[-82.0630548344753,28.5605004537175],[-82.0634021874534,28.5602717296705],[-82.063704835457,28.5603113694738],[-82.0637942413501,28.5597746390501],[-82.06448893542331,28.55931718405222],[-82.0650942258811,28.5593964568565],[-82.0654415687731,28.5591677255525],[-82.0656995174776,28.55947572622601],[-82.0660468590535,28.5592469930068],[-82.0664044116097,28.55710005276091],[-82.0670990694659,28.5566425777073],[-82.0680069804462,28.5567614643285],[-82.0682649311615,28.5570694607274],[-82.0691728483855,28.5571883373414],[-82.0694308046684,28.55749633059691],[-82.075786322721,28.5583282345548],[-82.0801723062089,28.5635637164387],[-82.0801276535559,28.56383208597351],[-82.0829659405471,28.5672196164933],[-82.0829212948545,28.567487984678],[-82.0831793329198,28.5677959367089],[-82.0831346876015,28.5680643045863],[-82.08339272821162,28.5683722556488],[-82.08334808326771,28.568640623219],[-82.0836061264228,28.5689485733132],[-82.0833829007304,28.5702904075968],[-82.0841570513944,28.5712142511319],[-82.0840677630791,28.5717509827991],[-82.0843258183907,28.57205892870761],[-82.0842811744652,28.5723272941325],[-82.0851892786885,28.5724460304146],[-82.085447340228,28.5727539730751],[-82.0860527469206,28.5728331247826],[-82.0865688805692,28.5734490044714],[-82.0868715867973,28.573488577517],[-82.0889362066729,28.5759520556288],[-82.0892389230062,28.5759916217357],[-82.08949701020781,28.5762995518513],[-82.09010244618271,28.5763786799685],[-82.0903605377262,28.5766866077],[-82.0906632573678,28.5767261697103],[-82.0909213520256,28.5770340958177],[-82.0918295163389,28.5771527744154],[-82.0926038226814,28.5780765407128]]},"properties":{"segment_id":"c9df0c31d8cbcee9e61e961b","source_kmz":"withlacoochee","orientation":"unverified"}},{"type":"Feature","geometry":{"type":"LineString","coordinates":[[-82.2358882833456,28.5775096556258],[-82.2353710338928,28.5768945020591],[-82.2314348138039,28.5763854420603],[-82.2309176037713,28.5757702652357],[-82.2306148220324,28.5757310992377],[-82.2303562210742,28.575423508765],[-82.2300534408424,28.5753843411466],[-82.2297948429981,28.5750767490466],[-82.2291892858305,28.5749984097098],[-82.228148390866,28.5756861630519],[-82.227240051263,28.5755686389899],[-82.2268930805107,28.5757978847178],[-82.2238652935132,28.5754060724308],[-82.2231713330943,28.5758645409727],[-82.22196022088181,28.575707784346],[-82.2212662476108,28.5761662402009],[-82.2206606905451,28.5760878529046],[-82.218231715345,28.5776923953808],[-82.21732336795021,28.5775747878941],[-82.2166599910874,28.5816010180703]]},"properties":{"segment_id":"eaecaa7f21d1dd2186330a6e","source_kmz":"withlacoochee","orientation":"unverified"}},{"type":"Feature","geometry":{"type":"LineString","coordinates":[[-81.9841337078627,28.5405335595674],[-81.9848286754533,28.5400765985347],[-81.9851312138903,28.5401164622742],[-81.9858261726345,28.5396594942819],[-81.9876414013964,28.53989864720001],[-81.9878990067552,28.5402068502615],[-81.9897142531845,28.5404459677247],[-81.9949260941221,28.5370183647955]]},"properties":{"segment_id":"5f97ab508211c80fed7cbfba","source_kmz":"withlacoochee","orientation":"unverified"}},{"type":"Feature","geometry":{"type":"LineString","coordinates":[[-81.9813222025767,28.561006962861],[-81.9816697793581,28.5607785040928],[-81.9817597082201,28.5602418429467],[-81.9832727579849,28.5604411860746],[-81.984045720173,28.5613657754519],[-81.9870718780355,28.5617643745491],[-81.9884621239938,28.5608504590996],[-81.9885070669777,28.5605821258288],[-81.9912874585998,28.5587542319835],[-81.9924106944961,28.5520457735074],[-81.9931057121363,28.5515887722908],[-81.9946778560411,28.5421966954828],[-81.99442021981541,28.5418885102952],[-81.9945100473397,28.5413518124483],[-81.9942524143099,28.5410436261887],[-81.9949260941221,28.5370183647955]]},"properties":{"segment_id":"23aa95e08760ef4e04d21019","source_kmz":"withlacoochee","orientation":"unverified"}},{"type":"Feature","geometry":{"type":"LineString","coordinates":[[-82.3764011001976,28.5766709850754],[-82.3750148129073,28.5775898879198],[-82.3749710922255,28.5778583693555],[-82.3746245144541,28.5780880916286],[-82.3716070298383,28.5966128016907],[-82.3688336639466,28.5984503695734]]},"properties":{"segment_id":"2df3120587292d428ff5d861","source_kmz":"withlacoochee","orientation":"unverified"}},{"type":"Feature","geometry":{"type":"LineString","coordinates":[[-82.3376382782026,28.5717033673304],[-82.3345183222325,28.5737697687049],[-82.3336851672789,28.5788706169775]]},"properties":{"segment_id":"c75df8795730f98bdd26f850","source_kmz":"withlacoochee","orientation":"unverified"}},{"type":"Feature","geometry":{"type":"LineString","coordinates":[[-82.1144941055401,28.5430952997337],[-82.11553552471231,28.5424085931092],[-82.11825900994411,28.5427640116848],[-82.11929138714362,28.5439955523223],[-82.12019923537322,28.54411400060332],[-82.1209735491076,28.5450376401574],[-82.1215787900358,28.5451165968238],[-82.1219259207291,28.5448876741097],[-82.1221840320979,28.5451955500554],[-82.1221395229533,28.5454639497097],[-82.1226557526666,28.5460796987962],[-82.123866253774,28.5462375892678],[-82.1239107578286,28.5459691894292],[-82.1242578856995,28.5457402596613],[-82.12456051008272,28.5457797290768],[-82.1250767594165,28.5463954660002],[-82.1250322588499,28.54666386602951],[-82.1252903870048,28.5469717330888],[-82.1258956458649,28.5470506649794],[-82.1264119127372,28.5476663934619],[-82.1273198105105,28.5477847802962],[-82.1299012948112,28.5508633479983],[-82.1298568072499,28.551131746954],[-82.1301149667122,28.5514395988616],[-82.1299815043071,28.5522447941948],[-82.1302396676343,28.552552644923],[-82.1300617164325,28.55362623543621],[-82.1303198842845,28.5539340848804],[-82.1301864198868,28.5547392753173],[-82.1304445916041,28.5550471235823],[-82.1303556152416,28.5555839159814],[-82.1381016834969,28.5648189554379],[-82.137390148549,28.5691132151761],[-82.1384231281823,28.5703444882657],[-82.1383786574805,28.5706128773563],[-82.1388951599391,28.5712285085031],[-82.1398033291322,28.5713467824228],[-82.1405781080139,28.5722702158127],[-82.1417890189591,28.5724278932221],[-82.1442192974106,28.5708250617293]]},"properties":{"segment_id":"eca9a4c6887a75e679218147","source_kmz":"withlacoochee","orientation":"unverified"}},{"type":"Feature","geometry":{"type":"LineString","coordinates":[[-82.2735135064337,28.5705805943565],[-82.2722198166456,28.5690431306477],[-82.2722638601446,28.5687746852161],[-82.2637862440978,28.5676809629635],[-82.2632688513244,28.5670659285548],[-82.2629660858436,28.567026853065],[-82.26270739351432,28.5667193337992],[-82.2602852895774,28.5664066928594],[-82.255112035489,28.560256003713],[-82.2523874105349,28.5599040798717]]},"properties":{"segment_id":"dd5fdd16cb1bbf41392cce7c","source_kmz":"withlacoochee","orientation":"unverified"}},{"type":"Feature","geometry":{"type":"LineString","coordinates":[[-82.2527342464738,28.5596747422965],[-82.2523874105349,28.5599040798717]]},"properties":{"segment_id":"cf67b1be9fedc4c35918a5c0","source_kmz":"withlacoochee","orientation":"unverified"}},{"type":"Feature","geometry":{"type":"LineString","coordinates":[[-81.8528580902451,28.5066902378],[-81.85311510128152,28.506998790962],[-81.8534174584938,28.5070390300063],[-81.85367447263971,28.5073475815488],[-81.85700043453382,28.5077901460855],[-81.8647121390688,28.517046041517],[-81.8713649786369,28.5179303590883],[-81.8731648092356,28.5200898396972],[-81.873119520761,28.52035815229671],[-81.8727718166883,28.5205862825517],[-81.8726812364164,28.521122906529],[-81.8729383639804,28.5214314006519],[-81.8735432011097,28.5215117629594],[-81.8738003330133,28.5218202547046],[-81.8741027532393,28.5218604338135],[-81.8744504589654,28.5216322999857],[-81.8780795163262,28.5221143708717],[-81.87842721233902,28.521886224284],[-81.87872963500621,28.5219263903227],[-81.8790773284847,28.5216982415144],[-81.87937975078731,28.5217384057371],[-81.880075130794,28.52128210241691],[-81.8803775520793,28.5213222638654],[-81.8807252386074,28.5210941093535],[-81.881027659528,28.5211342689858],[-81.88380907879231,28.5193089797782],[-81.8853211616052,28.5195097267475],[-81.8912312222123,28.5156306374896],[-81.8915336285399,28.5156707680233],[-81.8915788559022,28.5154024444074],[-81.8926217456828,28.51471785758712],[-81.8935289576938,28.5148382351189],[-81.8938765818988,28.5146100341136],[-81.895993415426,28.5148908782861],[-81.8963410331784,28.51466266931291],[-81.8987602835352,28.5149835749389],[-81.8994555029461,28.514527137879],[-81.9000603157999,28.5146073518739],[-81.90075552507201,28.5141509059336],[-81.9031747775422,28.514471712267],[-81.9042175616621,28.51378701090041],[-81.9045199675554,28.5138271049574]]},"properties":{"segment_id":"2ae3d53c36b6f087de693ab4","source_kmz":"withlacoochee","orientation":"unverified"}},{"type":"Feature","geometry":{"type":"LineString","coordinates":[[-81.8987571442358,28.5094966661041],[-81.8990143317338,28.5098051068465],[-81.8993167208737,28.5098452160061],[-81.8998311039704,28.5104620933873],[-81.9004358880264,28.5105423061004],[-81.9009502835622,28.5111591769992],[-81.9018574691734,28.5112794850859],[-81.90211467344841,28.5115879169673],[-81.9024170704557,28.5116280171889],[-81.902931487107,28.5122448768478],[-81.9032338868585,28.51228497469531],[-81.9045199675554,28.5138271049574]]},"properties":{"segment_id":"a56c790ff78ce9f80e0cc23a","source_kmz":"withlacoochee","orientation":"unverified"}},{"type":"Feature","geometry":{"type":"LineString","coordinates":[[-81.9949260941221,28.5370183647955],[-81.99527353511452,28.5367898478465],[-81.9958785985572,28.53686951615281],[-82.0021321906921,28.5327559609934],[-82.0021770751823,28.5324876026455],[-82.0024795945826,28.5325274181737],[-82.0028269965893,28.5322988740932],[-82.0031295156193,28.5323386878054],[-82.0034769150865,28.5321101415066],[-82.0037794337461,28.5321499534028],[-82.0041268306735,28.5319214048856],[-82.0071520264226,28.5323194670633],[-82.0092133073604,28.5347847400322],[-82.0102554808672,28.534099042479],[-82.0123731898468,28.5343775723115],[-82.01272057265402,28.5341489972358],[-82.0130231029942,28.5341887828208],[-82.0147599854908,28.5330458837457],[-82.0148048299367,28.5327775203094],[-82.0172363777211,28.5311774065384],[-82.0175388995282,28.5312171796749],[-82.017886255306,28.5309885859935],[-82.02121400680191,28.5314260233105],[-82.0257293666126,28.5284540538204],[-82.0269394324854,28.5286130463946],[-82.02728675204271,28.5283844207038],[-82.0281943024724,28.5285036532493],[-82.0285416181761,28.5282750234257],[-82.029751686782,28.52843398430611],[-82.0300989979751,28.5282053493922],[-82.0310065504539,28.52832455816741],[-82.0313538577932,28.52809591912081],[-82.0316563751997,28.528135652705],[-82.03339288035562,28.5269924337794]]},"properties":{"segment_id":"82ebbe16416c643ed4b4b225","source_kmz":"withlacoochee","orientation":"unverified"}},{"type":"Feature","geometry":{"type":"LineString","coordinates":[[-82.148699202701,28.5456347869251],[-82.1482993680556,28.54805047280511],[-82.1462169073238,28.5494244916517],[-82.14591425971972,28.5493850837695],[-82.1455671756697,28.5496140815478],[-82.1450783529716,28.5525665398461],[-82.1453365724274,28.5528743539464],[-82.1452476932136,28.5534111616945],[-82.1445534864431,28.5538691469444],[-82.1444646011922,28.5544059526734],[-82.1449810487787,28.5550215800623],[-82.1498237612961,28.5556520361741],[-82.1500820075384,28.5559598364037],[-82.1503846807026,28.5559992318503],[-82.1506429300577,28.5563070304542],[-82.1512482796874,28.5563858172499],[-82.1515953761891,28.5561568050484],[-82.15168421786511,28.5556199958166],[-82.1537667425462,28.5542458925577],[-82.1542832571013,28.5548614753674],[-82.156401961323,28.5551371431747],[-82.1567490386764,28.5549081135483],[-82.1570154578786,28.5532976654435],[-82.157318124722,28.55333704157651],[-82.1576651921723,28.55310800792561],[-82.1579678586381,28.5531473822427],[-82.15822612694922,28.5534551648228],[-82.1588314631813,28.55353390935951],[-82.16021970845571,28.5526177480621],[-82.1605223743543,28.5526571152138],[-82.1612164843521,28.5521990250996],[-82.16151914921241,28.5522383894783],[-82.16186620072122,28.5520093415763],[-82.1703409130832,28.55311116869761],[-82.1711158588977,28.5540344244594],[-82.1714185349718,28.5540737606929],[-82.17167685524241,28.5543815101218],[-82.1731902459803,28.5545781746034],[-82.1731015423937,28.5551150030843],[-82.1733598720018,28.5554227476343],[-82.1742679191724,28.5555407343241],[-82.1745262543448,28.5558484757266],[-82.1744819062795,28.5561168897471],[-82.1753899625003,28.5562348667196],[-82.1757369927641,28.556005776246],[-82.1769477357029,28.5561630630235],[-82.1783358273158,28.5552466732333],[-82.1807573055997,28.55556117493632],[-82.1814513295097,28.5551029571789],[-82.1832674421499,28.55533878589882],[-82.1853494447989,28.5539640679765],[-82.1854823809108,28.5531588073735],[-82.1849656489315,28.5525433722833],[-82.1843602954179,28.5524647751752],[-82.1844046100996,28.5521963545542],[-82.1841462500523,28.5518886340838],[-82.1842348798908,28.5513517920223],[-82.1849288502294,28.5508935467967],[-82.1867448818906,28.5511293191298],[-82.1870918602634,28.550900188888],[-82.1876972050861,28.5509787708809],[-82.1889890750691,28.5525173253578],[-82.18894477482011,28.5527857476534],[-82.1894615373429,28.5534011631732],[-82.1906722684637,28.5535582959425],[-82.1910192461589,28.5533291544117],[-82.1913219289833,28.55336843449991],[-82.1916689041305,28.553139290754],[-82.1919715865757,28.5531785690263],[-82.1923185591748,28.5529494230654],[-82.1924071380718,28.5524125757074],[-82.19275410633301,28.5521834278861],[-82.1929312558396,28.551109729528],[-82.1932782173121,28.5508805792439],[-82.1934110728036,28.5500753024388],[-82.1951458334842,28.5489295276289],[-82.195448502431,28.5489687965046],[-82.1968362743704,28.5480521501837],[-82.1992576149346,28.5483662396502]]},"properties":{"segment_id":"de57dda7dbdc9928c3b516a6","source_kmz":"withlacoochee","orientation":"unverified"}},{"type":"Feature","geometry":{"type":"LineString","coordinates":[[-82.04441973183691,28.535021925456],[-82.0451143270509,28.5345645670041],[-82.0451590756714,28.5342961919225],[-82.0469743569059,28.5345343428381],[-82.0483635040419,28.533619586623],[-82.04866604928242,28.533659271608],[-82.0490133306985,28.5334305784464],[-82.0508286041796,28.5336686645845],[-82.0511758797677,28.5334399644184],[-82.05178097189182,28.533519317682],[-82.0519151515636,28.5327141813122],[-82.0543459929544,28.5311132251073],[-82.05616123159311,28.5313512223045],[-82.0565084831677,28.5311225034908],[-82.05802118657482,28.5313208060944],[-82.058368432978,28.531092081234],[-82.0595785981974,28.5312507040355],[-82.0606203182113,28.5305645104062],[-82.0621330212762,28.530762755233],[-82.0628274852887,28.5303052769404],[-82.0631300254403,28.5303449214158],[-82.0634772539626,28.5301161794223],[-82.06352194176431,28.5298477936081],[-82.06421639070281,28.5293903052361],[-82.0642610757667,28.529121918613],[-82.0648661492093,28.5292011988491]]},"properties":{"segment_id":"768c373b8a8268c6d495c1f9","source_kmz":"withlacoochee","orientation":"unverified"}},{"type":"Feature","geometry":{"type":"LineString","coordinates":[[-82.3725207522319,28.5682259975689],[-82.37355715384662,28.5694550037006],[-82.3688336639466,28.5984503695734]]},"properties":{"segment_id":"9262ba57b5c804cf0fdd8cf2","source_kmz":"withlacoochee","orientation":"unverified"}},{"type":"Feature","geometry":{"type":"LineString","coordinates":[[-82.3139224476493,28.5730425636219],[-82.3142691701065,28.5728130346793],[-82.314571980129,28.57285196466921],[-82.3149187000324,28.5726224335135],[-82.3158271297847,28.5727392154578],[-82.31721398252941,28.5718210667927],[-82.3172578841194,28.5715526048129],[-82.3179512967083,28.5710935223427],[-82.31817078821891,28.5697512064072],[-82.3188641810086,28.5692921159135],[-82.3196981384527,28.564191257774],[-82.3194392478304,28.5638838732548],[-82.3194831381953,28.5636154049051],[-82.3192242501265,28.563308019413],[-82.3193120313468,28.56277108189481],[-82.32069868206041,28.5618528646968],[-82.323120878741,28.5621641439956],[-82.3234675313794,28.56193457890402],[-82.324073082016,28.5620123882236]]},"properties":{"segment_id":"58c657a05b72660e314ade07","source_kmz":"withlacoochee","orientation":"unverified"}},{"type":"Feature","geometry":{"type":"LineString","coordinates":[[-82.2523874105349,28.5599040798717],[-82.2513468913912,28.5605920850537],[-82.2513027855348,28.56086052751211],[-82.2492216889253,28.5622365021262],[-82.2491775754381,28.5625049425785],[-82.2474432702212,28.56365155201181],[-82.2471405243515,28.5636124314773],[-82.2426311012796,28.5665934564561],[-82.2423283470744,28.56655432262381],[-82.2416345600333,28.567012921077],[-82.239515279193,28.5667389468001],[-82.23847457055372,28.567426814955],[-82.238171815285,28.5673876694656],[-82.2364372598125,28.5685340864569],[-82.23310693397941,28.5681033767439],[-82.2320725987264,28.5668730096722],[-82.2311643486589,28.5667555162109],[-82.23081742487551,28.5669847798148],[-82.2305146747534,28.5669456126527],[-82.22999752938331,28.5663304165172],[-82.230615976068,28.5625723791631],[-82.2303574154888,28.562264778326],[-82.23053410705931,28.5611910456446],[-82.2308810077609,28.5609617795541],[-82.2310135198082,28.5601564770106],[-82.2301053436093,28.5600389725528],[-82.2293296964459,28.559116157755],[-82.2295947418526,28.5575055470579],[-82.2249412871178,28.5519684831815],[-82.2246385936708,28.5519292979135],[-82.2238630810047,28.551006424361],[-82.22174426048392,28.5507320874512],[-82.2194179015635,28.5479633720624],[-82.21911522506912,28.5479241707899],[-82.217727697577,28.5488411059235],[-82.2176392837225,28.549377979111],[-82.2159048196506,28.5505241167184],[-82.2156395345748,28.5521347223771],[-82.2132111541625,28.5537392495593],[-82.212908459812,28.5537000313359],[-82.2125615401143,28.5539292435167],[-82.2119561509348,28.5538508025794],[-82.2116092280264,28.5540800115887],[-82.2094903701408,28.55380543455381],[-82.206714881881,28.5556390077595],[-82.2064936519093,28.5569811430777]]},"properties":{"segment_id":"be4efd06d702a93ff7cdff68","source_kmz":"withlacoochee","orientation":"unverified"}},{"type":"Feature","geometry":{"type":"LineString","coordinates":[[-81.8487764820706,28.4979163358534],[-81.8526312200254,28.5025447943079],[-81.852268456905,28.5046913168047],[-81.8525254596924,28.5049998729701],[-81.8523440738144,28.5060731288902],[-81.8528580902451,28.5066902378]]},"properties":{"segment_id":"5d2cbdc98f957620a95300b8","source_kmz":"withlacoochee","orientation":"unverified"}},{"type":"Feature","geometry":{"type":"LineString","coordinates":[[-81.8670964567233,28.4937695235482],[-81.8660536188164,28.4944538987214],[-81.8645420310772,28.4942528667887],[-81.8641944114214,28.4944809845318],[-81.8587527434953,28.4937570747767],[-81.8573621991394,28.4946694641542],[-81.8570598843866,28.4946292349653],[-81.8564706234161,28.4981174228845],[-81.8561229660041,28.4983455121502],[-81.8557603098133,28.5004920696955],[-81.8543696220454,28.501404404374],[-81.8543242838089,28.5016727219266],[-81.8539766059371,28.50190080213421],[-81.85325113525691,28.5061938502682],[-81.8529034358439,28.5064219243356],[-81.8528580902451,28.5066902378]]},"properties":{"segment_id":"ceadaa63ca1cd45a7cf776c6","source_kmz":"withlacoochee","orientation":"unverified"}},{"type":"Feature","geometry":{"type":"LineString","coordinates":[[-82.0560659409639,28.5170777974032],[-82.05812827919722,28.5195422254701]]},"properties":{"segment_id":"6a5cd94e4e74ad0a446780be","source_kmz":"withlacoochee","orientation":"unverified"}},{"type":"Feature","geometry":{"type":"LineString","coordinates":[[-81.9045199675554,28.5138271049574],[-81.9081212437676,28.5181449549722],[-81.90872609081251,28.5182251192848],[-81.9089833413979,28.5185335291577],[-81.9107978968033,28.5187739969536],[-81.9107527287931,28.5190423263522],[-81.9110099892845,28.5193507307091],[-81.9109648216403,28.5196190597991],[-81.9127657023497,28.5217778654157],[-81.9163949847218,28.5222586379477],[-81.9174377577805,28.5215738215894],[-81.9177401978853,28.5216138775158],[-81.9281669772402,28.5147650605528],[-81.9283925258855,28.5134233600568],[-81.9374275383088,28.5074867605604],[-81.93778814581961,28.5053399658996],[-81.9429999270357,28.5019145801889]]},"properties":{"segment_id":"d3e470bd2b1682d30cc88f9e","source_kmz":"withlacoochee","orientation":"unverified"}},{"type":"Feature","geometry":{"type":"LineString","coordinates":[[-81.9382520005605,28.5007379845016],[-81.9385994455976,28.500509630074],[-81.9413208274237,28.500869584276],[-81.9420927835512,28.5017946177239],[-81.9429999270357,28.5019145801889]]},"properties":{"segment_id":"1592e97c2abb1de2a5165cee","source_kmz":"withlacoochee","orientation":"unverified"}},{"type":"Feature","geometry":{"type":"LineString","coordinates":[[-82.3159965215183,28.53767400419211],[-82.3175493352408,28.5395184721971],[-82.3184574118605,28.5396352417604],[-82.3257048772683,28.5482422820309],[-82.3255294254319,28.5493162067342],[-82.3265649091023,28.5505457266833],[-82.32612628653662,28.5532305200102]]},"properties":{"segment_id":"1f6e26c01383dc1757da707c","source_kmz":"withlacoochee","orientation":"unverified"}},{"type":"Feature","geometry":{"type":"LineString","coordinates":[[-82.3030204516005,28.5376491077313],[-82.3033231301027,28.5376880730112],[-82.3036697359959,28.5374585575468],[-82.303972414114,28.5374975210115],[-82.30431901745591,28.5372680033343],[-82.3046216951898,28.5373069649838],[-82.3049682959804,28.5370774450938],[-82.30527097333021,28.537116404928],[-82.3056175715694,28.5368868828252],[-82.305920248535,28.53692584084421],[-82.3062668442228,28.5366963165286],[-82.3089909435261,28.5370468914385],[-82.3093375313505,28.5368173572605],[-82.3159965215183,28.53767400419211]]},"properties":{"segment_id":"0fd74c6b727c1143c29559cf","source_kmz":"withlacoochee","orientation":"unverified"}},{"type":"Feature","geometry":{"type":"LineString","coordinates":[[-82.3136628450759,28.5368255756902],[-82.3139216315286,28.53713299550081],[-82.3157377258378,28.5373665898205],[-82.3159965215183,28.53767400419211]]},"properties":{"segment_id":"b8f4767452a9668ee55640c1","source_kmz":"withlacoochee","orientation":"unverified"}},{"type":"Feature","geometry":{"type":"LineString","coordinates":[[-82.3399134509295,28.5388284044729],[-82.3374878215642,28.5404358013447],[-82.3374440006179,28.5407042930257],[-82.3370974733621,28.5409339158258],[-82.336790710359,28.5428133498091],[-82.3364441726529,28.5430429692529],[-82.3364003470268,28.54331145871],[-82.3360538062094,28.5435410765977],[-82.3360099790808,28.5438095655518],[-82.3356634351521,28.5440391818834],[-82.3354881189525,28.5451131344703],[-82.3282101575208,28.54993476205721],[-82.327859306177,28.5520826070948],[-82.32612628653662,28.5532305200102]]},"properties":{"segment_id":"68746b915c92dd15a4808cab","source_kmz":"withlacoochee","orientation":"unverified"}},{"type":"Feature","geometry":{"type":"LineString","coordinates":[[-82.3430718683236,28.53841148966581],[-82.3409529780529,28.5381395012577],[-82.3399134509295,28.5388284044729]]},"properties":{"segment_id":"18a22cd0d7204866cef8ae64","source_kmz":"withlacoochee","orientation":"unverified"}},{"type":"Feature","geometry":{"type":"LineString","coordinates":[[-82.0417439636162,28.4954514509043],[-82.0422593000494,28.4960676663578],[-82.0425617077139,28.496107372418],[-82.04281937998012,28.4964154780884],[-82.0443314287028,28.4966139917206],[-82.0451044751861,28.4975382921541],[-82.0450597458945,28.4978066925961],[-82.0447126004439,28.4980353939038],[-82.04439947885,28.49991418915471],[-82.0456091704125,28.5000729824942],[-82.0461245633233,28.5006891720059],[-82.0464269893777,28.5007288666767],[-82.0467741412658,28.5005001613982],[-82.0470765669481,28.5005398542537],[-82.047849679499,28.50146412551811],[-82.0485439797291,28.5010067053429],[-82.0488464080607,28.50104639314811],[-82.04889112702,28.500777993365],[-82.0499325575962,28.50009184987041],[-82.0502349833007,28.5001315338474],[-82.0505821224038,28.4999028158719],[-82.0517918254405,28.50006153937001],[-82.0523072634504,28.5006776991406],[-82.0526096923729,28.5007173763509],[-82.0529568274473,28.5004886510222],[-82.05356168483222,28.5005680009541],[-82.0535169808476,28.5008364028326],[-82.0542901666949,28.5017606268899],[-82.0542007618135,28.5022974294016],[-82.0538536226677,28.50252615769711],[-82.0537642141962,28.50306295878571],[-82.0540219486364,28.5033710319742],[-82.053887835766,28.5041762317595],[-82.0541455740599,28.5044843037671],[-82.053922050203,28.5058262987983],[-82.0629956183164,28.5070160891636],[-82.0637689646948,28.5079402300668],[-82.0637242892886,28.5082086311088],[-82.0640267505875,28.5082482753049],[-82.0642845383634,28.5085563196781],[-82.0641505152352,28.5093615215598],[-82.0667285162989,28.512441914567],[-82.0673334723731,28.5125211842672],[-82.0678491000916,28.5131372494526],[-82.0699664724726,28.5134146557322],[-82.0720291273524,28.5158788393449],[-82.0735415937684,28.5160769305534],[-82.0756244146356,28.5147042068614],[-82.0756690556057,28.5144358053448],[-82.0765765242026,28.5145546322457],[-82.0790063737788,28.5129530417344],[-82.0793088592754,28.5129926422853],[-82.0798245773628,28.5136086490634],[-82.0801270655955,28.5136482472366],[-82.08115852927871,28.5148802473744],[-82.0817635164039,28.5149594350682],[-82.0825371413018,28.5158834215313],[-82.083142136919,28.5159626012334],[-82.08391578612742,28.5168865753535],[-82.08603330548,28.5171636613177],[-82.0873228014154,28.5187035742941],[-82.0870105525169,28.5205823939863],[-82.0866634271126,28.5208112178594],[-82.0865742081335,28.5213480210459],[-82.0858799467682,28.5218056638032],[-82.0857907217487,28.5223424649642],[-82.08630654438,28.522958425713],[-82.0866090691995,28.522998004627],[-82.0855383345414,28.5294395522971],[-82.0857962657044,28.5297475280925]]},"properties":{"segment_id":"6706c6ee1ebdb8bd3f04afb4","source_kmz":"withlacoochee","orientation":"unverified"}},{"type":"Feature","geometry":{"type":"LineString","coordinates":[[-82.0007872774387,28.490888211155],[-82.0013022867418,28.4915046309241],[-82.00160465874,28.4915444531232],[-82.0028922210612,28.49308548362721],[-82.0037993571646,28.4932049336927],[-82.0043144026246,28.4938213352912],[-82.0042695455116,28.4940897212403],[-82.0045719281774,28.494129534794],[-82.0044373579487,28.4949346917119],[-82.0049524186334,28.4955510874929],[-82.0049075626306,28.4958194725127],[-82.0055123412524,28.4958990948033],[-82.0054674868462,28.4961674798169],[-82.0067551903141,28.497708445503],[-82.0067103389004,28.4979768297858],[-82.020318520305,28.49976726204561],[-82.0213489403406,28.5009998819931],[-82.0237682723071,28.5013179748493],[-82.0251571239991,28.5004034414197],[-82.0293909621008,28.5009599181619],[-82.0297381611307,28.50073126825311],[-82.0300405796195,28.5007710091985],[-82.0303877761106,28.5005423570721],[-82.030690194228,28.5005820962023],[-82.0313845802501,28.5001247862539],[-82.0319894147147,28.5002042581112],[-82.0320341868709,28.4999358647898],[-82.0317765432498,28.4996277359623],[-82.03182131577731,28.4993593423312],[-82.0321685016297,28.4991306835994],[-82.03225804337751,28.49859389511751],[-82.032605224895,28.49836523451872],[-82.0326499941153,28.49809683966791],[-82.0336915236946,28.4974108493992],[-82.0337362889516,28.4971424534342],[-82.0340834604871,28.4969137871872],[-82.03444156247872,28.4947666096832],[-82.0356511614627,28.4949255176255],[-82.035998318682,28.4946968438633],[-82.0417439636162,28.4954514509043]]},"properties":{"segment_id":"af7951b75c77bd2b4f911ddb","source_kmz":"withlacoochee","orientation":"unverified"}},{"type":"Feature","geometry":{"type":"LineString","coordinates":[[-82.0944208944432,28.50016074596291],[-82.0947233412939,28.5002003042809],[-82.0952390937396,28.5008162571152],[-82.0955861135783,28.5005873936722],[-82.0958885625055,28.50062694865551],[-82.096235579803,28.5003980829962],[-82.0971429263126,28.5005167399259],[-82.0974008113966,28.5008247106976],[-82.0983081641352,28.5009433576234],[-82.0986551761686,28.5007144843095],[-82.0998649811588,28.500872664367],[-82.1001228772706,28.5011806283006],[-82.10042533045251,28.5012201704095],[-82.1004698853556,28.5009517492459],[-82.1011638958754,28.5004939873581],[-82.10125299992961,28.4999571432079],[-82.1015999999139,28.4997282597695],[-82.1040195971822,28.5000445404141],[-82.1045354165648,28.5006604487174],[-82.1075599631712,28.5010557070787],[-82.10988135389582,28.503827183212],[-82.10983682742791,28.504095606302],[-82.1104417640885,28.5041746341934],[-82.1106997089181,28.5044825700328],[-82.1128170047344,28.5047591352951],[-82.1159125925437,28.5084542340209],[-82.1162150792114,28.5084937307912]]},"properties":{"segment_id":"b12770f75da611918b86d271","source_kmz":"withlacoochee","orientation":"unverified"}},{"type":"Feature","geometry":{"type":"LineString","coordinates":[[-82.0324362662393,28.4901146366044],[-82.0350125206798,28.4931959456497],[-82.0365244933115,28.493394571174],[-82.0372974247367,28.49431893563821],[-82.0412286347128,28.4948352319918],[-82.0417439636162,28.4954514509043]]},"properties":{"segment_id":"b3362c99cfcba550ee853f94","source_kmz":"withlacoochee","orientation":"unverified"}},{"type":"Feature","geometry":{"type":"LineString","coordinates":[[-82.2382851897849,28.5196988564407],[-82.2359591439476,28.5169302794796],[-82.2360032756766,28.5166618130545],[-82.2357448362297,28.5163541889509],[-82.2353981322822,28.5165834970506],[-82.2350955610066,28.5165443377607],[-82.2271208345302,28.52181805495851],[-82.2270766718203,28.5220865141619],[-82.2263831677512,28.5225450662222],[-82.2263390023117,28.5228135246196],[-82.2259922462242,28.52304279846191],[-82.2254622243217,28.5262642797408],[-82.22234120244501,28.5283276551922],[-82.22113077470782,28.528170870074],[-82.2197435942501,28.5290878778246],[-82.2194342582756,28.530967031558],[-82.2187406395874,28.5314255236697],[-82.2186080554581,28.5322308704112],[-82.2144461408036,28.534981706583],[-82.2141435132333,28.53494248996],[-82.2140993023218,28.5352109347549],[-82.2137966740899,28.5351717171752],[-82.2131029901444,28.5356301678321],[-82.2106819638426,28.5353163809719],[-82.205825890873,28.5385252875397],[-82.2046153474418,28.5383683199239],[-82.20409856644662,28.53775295374581],[-82.2037959337431,28.5377137081731],[-82.2035375472998,28.5374060230237],[-82.203234916103,28.5373667758313],[-82.2029765327709,28.5370590890548],[-82.2026739030809,28.5370198402428],[-82.2021571445251,28.5364044625691],[-82.2022013940918,28.5361360235275],[-82.2015961423431,28.5360575204795],[-82.2013377690056,28.5357498287161],[-82.2004298971709,28.5356320654206]]},"properties":{"segment_id":"75bb6fe1068c36f94d702724","source_kmz":"withlacoochee","orientation":"unverified"}},{"type":"Feature","geometry":{"type":"LineString","coordinates":[[-82.279449923712,28.5211785807795],[-82.2807430108891,28.5227161460891],[-82.283466552277,28.52306738258761],[-82.2845063461229,28.5223789992905],[-82.2878351278569,28.5228081623174],[-82.2937845377863,28.5298802878228],[-82.297113662916,28.5303091542373],[-82.2984072122713,28.5318464701968],[-82.3014337802217,28.5322362204823],[-82.3042798894527,28.53561815544621],[-82.3136628450759,28.5368255756902]]},"properties":{"segment_id":"c15d08d677dbe3e12b32dd1a","source_kmz":"withlacoochee","orientation":"unverified"}},{"type":"Feature","geometry":{"type":"LineString","coordinates":[[-81.9511187784027,28.4774763350406],[-81.9539489760035,28.480868031938],[-81.9539039655531,28.4811364057149],[-81.9665140064684,28.4962435988374],[-81.96646902779172,28.49651196725331],[-81.9667264232526,28.4968202556189],[-81.9666814449442,28.4970886237252],[-81.9671962428202,28.4977051976553],[-81.9671512655348,28.4979735653469],[-81.9679234784249,28.4988984194492],[-81.9678785028172,28.4991667866211],[-81.9681359115319,28.4994750694895],[-81.9680459607671,28.50001180300991],[-81.9683483475438,28.5000517182516],[-81.9688631756915,28.50066827945991],[-81.9691655652086,28.5007081923263],[-81.9696804033377,28.5013247485627],[-81.9696354320265,28.501593114795],[-81.9701502789924,28.5022096673667],[-81.970755070584,28.5022894846552],[-81.97126992998601,28.5029060307378],[-81.9712249628896,28.5031743965444],[-81.9714823960682,28.5034826681852],[-81.9713474950264,28.5042877640637],[-81.9722547068961,28.5044074779258],[-81.9729494411442,28.5039505515017],[-81.97320688299541,28.5042588183806],[-81.9738116921742,28.5043386179845],[-81.9740691383617,28.5046468824824],[-81.9746739511394,28.5047266771367],[-81.97502131396541,28.50449820689561],[-81.9828839671743,28.5055352001675],[-81.9839139104698,28.5067681619291],[-81.9957084441192,28.5083224458191],[-81.9960557647616,28.5080939094696],[-81.9975679126195,28.5082930774535],[-81.99826254170162,28.5078359913979],[-81.9994722598857,28.5079953026794],[-81.9996517772762,28.5069218041563],[-82.0003463837687,28.5064647029705],[-82.00155608621851,28.5066239912754],[-82.0022506799364,28.5061668773875],[-82.0028555302522,28.5062465125618],[-82.0042446898534,28.5053322619976],[-82.004547112817,28.5053720744683],[-82.0048046744912,28.5056802642392],[-82.0051070989671,28.5057200750927],[-82.0043444245081,28.5102824742221],[-82.00898107932991,28.5158296965502]]},"properties":{"segment_id":"a2413106ab5dc906f3ead768","source_kmz":"withlacoochee","orientation":"unverified"}},{"type":"Feature","geometry":{"type":"LineString","coordinates":[[-82.305006539008,28.5217305365986],[-82.3083698974171,28.5257273532939],[-82.30771127758621,28.5297546805249],[-82.3136628450759,28.5368255756902]]},"properties":{"segment_id":"436850e625f715b4bd278e59","source_kmz":"withlacoochee","orientation":"unverified"}},{"type":"Feature","geometry":{"type":"LineString","coordinates":[[-82.35573060765441,28.5233143576053],[-82.3550377938273,28.5237737407538],[-82.3544324892945,28.5236960987702],[-82.35408607821991,28.5239257865489],[-82.3537834257065,28.5238869633127],[-82.352744179163,28.5245760162457],[-82.3524415249335,28.524537189283],[-82.3523977598737,28.5248056980448],[-82.3520951049792,28.5247668701263],[-82.3507094062876,28.5256855809397],[-82.3506656351152,28.5259540882011],[-82.3503192045011,28.5261837624644],[-82.350016545617,28.5261449288106],[-82.3496701124506,28.5263746008621],[-82.349064794189,28.5262969290659],[-82.3487183578053,28.5265265979496],[-82.3481130393293,28.5264489208055],[-82.34776659972832,28.5266785865215],[-82.3474639402437,28.526639745705],[-82.3460781603056,28.527558392185],[-82.3459905862379,28.5280954001336],[-82.3447799329011,28.527940012208],[-82.3442621932989,28.5273253063054],[-82.3430515542064,28.52716989853881],[-82.3427050978552,28.5273995474595],[-82.341434855504,28.5351860463612],[-82.3403953687396,28.5358749594777],[-82.3399134509295,28.5388284044729]]},"properties":{"segment_id":"75ba5587b8539b7f68e9663b","source_kmz":"withlacoochee","orientation":"unverified"}},{"type":"Feature","geometry":{"type":"LineString","coordinates":[[-82.3687686073954,28.5362243959792],[-82.35841073441931,28.5239321986273],[-82.3581080798918,28.52389338761081],[-82.3578491729874,28.5235860641079],[-82.35573060765441,28.5233143576053]]},"properties":{"segment_id":"d79b345969dcf8e0915ea1ee","source_kmz":"withlacoochee","orientation":"unverified"}},{"type":"Feature","geometry":{"type":"LineString","coordinates":[[-81.9000205510342,28.4726284800322],[-81.906621451514,28.4682915729247],[-81.906923695491,28.4683316648973],[-81.9076949767563,28.4692570239262],[-81.9079972247016,28.46929711276722],[-81.90869201769452,28.4688405619784],[-81.9087371653842,28.4685721987217],[-81.9094319484045,28.4681156422747],[-81.9097341930866,28.4681557263289],[-81.9099912946997,28.468464173591],[-81.9099461510566,28.4687325374515],[-81.9102483981926,28.4687726199898],[-81.9107626108172,28.4693895101973],[-81.9195279738102,28.4705514867544],[-81.9216121740306,28.4691815991401],[-81.922518937743,28.4693017452107],[-81.922866295908,28.4690734233195],[-81.9231685503996,28.469113469337],[-81.925600000348,28.4675151740626],[-81.92590225055511,28.4675552125214],[-81.926596932316,28.4670985434568]]},"properties":{"segment_id":"cf18b689a8aa4ae3bfb2cdfa","source_kmz":"withlacoochee","orientation":"unverified"}},{"type":"Feature","geometry":{"type":"LineString","coordinates":[[-82.2161327390589,28.49845932237042],[-82.2147459929432,28.4993763355154],[-82.2141409933272,28.4992978959203],[-82.2140084157804,28.5001033035447],[-82.2136617195467,28.5003325508687],[-82.2136175252448,28.5006010193673],[-82.2115373009213,28.5019764750855],[-82.2113604915294,28.5030503398011],[-82.21187711286261,28.5036657258729],[-82.2117887091222,28.5042026565827],[-82.2107485461103,28.5048903659583],[-82.2104460282429,28.5048511358545],[-82.2094058462841,28.5055388310397],[-82.2091033267153,28.5054995972083],[-82.2090591151948,28.50576806025211],[-82.2088008074279,28.5054603625183],[-82.2084540750166,28.5056895898182],[-82.2081515553497,28.5056503533133],[-82.2078048203926,28.5058795783988]]},"properties":{"segment_id":"360b1d315621be531d6b8969","source_kmz":"withlacoochee","orientation":"unverified"}},{"type":"Feature","geometry":{"type":"LineString","coordinates":[[-81.8430668532611,28.4494144991639],[-81.8435804567692,28.4500317428672],[-81.8434444210772,28.45083678796662],[-81.84652622331221,28.4545401739197],[-81.8471305558413,28.4546206992577],[-81.8473873873574,28.4549293076313],[-81.8498047388248,28.4552513686274],[-81.8501522357839,28.4550232745022],[-81.8504544053636,28.4550635273107],[-81.8509680972775,28.455680726533],[-81.8509227727901,28.4559490743136],[-81.8534913515747,28.4590350176055],[-81.8530381559499,28.4617184735819],[-81.8543225483425,28.4632614076105],[-81.8546247494098,28.4633016477861],[-81.8548816347521,28.4636102312463],[-81.8566948545739,28.4638516497472],[-81.8572086456259,28.4644688049899],[-81.8575108523933,28.4645090368905],[-81.8577677519651,28.4648176124602],[-81.8607898477632,28.46521987672701],[-81.861303677095,28.4658370101283],[-81.8619986941496,28.4653807584228],[-81.8620439884812,28.4651124124958],[-81.8623461998585,28.4651526306758],[-81.8623914929625,28.4648842844435],[-81.8644764803936,28.4635154896117],[-81.86497460451452,28.4605636473606],[-81.8705340243093,28.4569132518359],[-81.871138396719,28.45699364109541],[-81.872180730479,28.4563091502026],[-81.8727690501555,28.4528204993219],[-81.8783276227749,28.4491696258009],[-81.8861839294649,28.45021386736961]]},"properties":{"segment_id":"133f3f450dce915e6e8956bc","source_kmz":"withlacoochee","orientation":"unverified"}},{"type":"Feature","geometry":{"type":"LineString","coordinates":[[-81.8861839294649,28.45021386736961],[-81.8874687526587,28.4517564494061],[-81.8880731042616,28.4518367440946],[-81.8883300769898,28.4521452563964],[-81.8967911544967,28.4532690006681],[-81.8973051742879,28.4538859802474],[-81.8979998982455,28.4534294806832],[-81.89804507169,28.4531611112474],[-81.8983472574061,28.4532012290076],[-81.89843760155452,28.4526644893204],[-81.8994796604031,28.4519797248892],[-81.8997818425711,28.4520198387209],[-81.9001291911109,28.4517915804286],[-81.900431372914,28.4518316924455],[-81.9007787189229,28.45160343193381],[-81.9065202153557,28.4523653791389],[-81.9068675470928,28.452137099178],[-81.9095872336047,28.4524979048748],[-81.9101013422382,28.4531148242124],[-81.9098756639532,28.4544566949359],[-81.9111609847312,28.4559989755243],[-81.9117653892362,28.4560791355206],[-81.9127936894953,28.4573129383831],[-81.9125229125916,28.4589231719665],[-81.9145796346383,28.4613907311703],[-81.9145345093709,28.4616591018712],[-81.9147916087365,28.4619675427801],[-81.9146562331702,28.4627726533348],[-81.9154275484182,28.4636979699305]]},"properties":{"segment_id":"f4c2139ca1be5fb9ab51157b","source_kmz":"withlacoochee","orientation":"unverified"}},{"type":"Feature","geometry":{"type":"LineString","coordinates":[[-82.3803550808525,28.5124898608997],[-82.37689205176721,28.5147875866632],[-82.3768046872113,28.5153246374127],[-82.3761120538597,28.515784166298],[-82.3760246833034,28.5163212150341],[-82.3756783613528,28.51655097699332],[-82.3754599239834,28.5178935937752],[-82.375977833088,28.5185081637668],[-82.3762804765054,28.5185469248293],[-82.3765394351108,28.51885420775921],[-82.3764957497423,28.5191227302824],[-82.3754567475588,28.5198120119948],[-82.3751540999792,28.5197732487309],[-82.3748077614777,28.5200030058347],[-82.3745051135109,28.5199642407562],[-82.37346608468481,28.5206535016666],[-82.3725581364654,28.5205371926755],[-82.3718654371514,28.5209966879366],[-82.3639966229353,28.519988303138],[-82.3615719948002,28.5215963230516],[-82.3612693472026,28.5215575207341],[-82.36092296354,28.5217872318855],[-82.3606203155558,28.5217484277533],[-82.3602739293407,28.5219781366931],[-82.35845804329522,28.5217452881258],[-82.3581116512022,28.5219749900751],[-82.357809003838,28.52193617801821],[-82.35573060765441,28.5233143576053]]},"properties":{"segment_id":"faebdc40f53a226180ec45a0","source_kmz":"withlacoochee","orientation":"unverified"}},{"type":"Feature","geometry":{"type":"LineString","coordinates":[[-81.8838713660636,28.4474371653132],[-81.8861839294649,28.45021386736961]]},"properties":{"segment_id":"84063ae09b9cb8f502b4e333","source_kmz":"withlacoochee","orientation":"unverified"}},{"type":"Feature","geometry":{"type":"LineString","coordinates":[[-82.0895254547935,28.484984704647],[-82.0898278449379,28.48502427834031],[-82.0900856559538,28.4853322790295],[-82.09077959431922,28.4848745660159],[-82.0925939406015,28.4851119741164],[-82.0932878635452,28.4846542445843],[-82.0933324324099,28.4843858149274],[-82.0942396026105,28.48450450135701],[-82.0949335116281,28.48404676044081],[-82.0955382905491,28.4841258766097],[-82.0958852409186,28.483897002349],[-82.0959298011187,28.4836285710865],[-82.0976645186035,28.4824841793748],[-82.09796690360182,28.4825237303338],[-82.0980560090204,28.4819868639694],[-82.0990968075991,28.4813002091405],[-82.0997015707346,28.4813793023507],[-82.10004849851362,28.4811504129755],[-82.1006532614676,28.4812295008399],[-82.10238786554731,28.4800850255058],[-82.1029926230569,28.4801641003718],[-82.1033395369097,28.4799351996134],[-82.1048514323541,28.480132866978],[-82.105882847304,28.4813647353548],[-82.1065766673173,28.4809069152648],[-82.1083909726974,28.4811440580698],[-82.10943167675441,28.4804573012713],[-82.1112459804893,28.4806943959645],[-82.11193976588461,28.4802365403237],[-82.11254453343,28.4803155611966],[-82.1127225529362,28.4792417972764],[-82.1134163183728,28.4787839303496],[-82.113718697489,28.4788234371924],[-82.1144124540791,28.4783655633153],[-82.1150172105286,28.4784445706005],[-82.119873277389,28.4752392856389]]},"properties":{"segment_id":"43606d90238ae89aafdef1f2","source_kmz":"withlacoochee","orientation":"unverified"}},{"type":"Feature","geometry":{"type":"LineString","coordinates":[[-82.1354661076345,28.4967456424842],[-82.132744035923,28.4963906192891],[-82.1317120449913,28.4951590574894],[-82.1329121532821,28.487911150098],[-82.1318802636311,28.48667956299341],[-82.13210249645,28.48533733945691],[-82.1302967851127,28.4831820249635],[-82.1303412354383,28.4829135789001],[-82.1313817826099,28.4822266118656],[-82.1314706750664,28.48168971730991],[-82.13181751790911,28.481460725175],[-82.1321199152308,28.4815001797663],[-82.132164358869,28.48123173178101],[-82.1325111979459,28.48100273712801],[-82.132555640077,28.4807342886356],[-82.1339429726591,28.47981829622241],[-82.13398740961041,28.479549846315],[-82.1343342368246,28.4793208447615],[-82.1344231074305,28.4787839437282],[-82.1347699303135,28.4785549403104],[-82.1352586849622,28.47560196667891],[-82.1366459038058,28.4746859271001]]},"properties":{"segment_id":"d8a726bc799af6394e6fa06b","source_kmz":"withlacoochee","orientation":"unverified"}},{"type":"Feature","geometry":{"type":"LineString","coordinates":[[-82.1828229911353,28.4924903919431],[-82.183516484846,28.49203208649161],[-82.183560770462,28.4917636245009],[-82.1839075132675,28.4915344695856],[-82.1841732137006,28.4899236915418],[-82.1792683351116,28.4840759073104],[-82.1793569247465,28.4835389756218],[-82.17909879339831,28.4832311886234],[-82.1791873832252,28.4826942559049],[-82.17867112881862,28.4820786788821],[-82.1790697809617,28.4796624696194]]},"properties":{"segment_id":"239c5a3f0cb30eed59e2f399","source_kmz":"withlacoochee","orientation":"unverified"}},{"type":"Feature","geometry":{"type":"LineString","coordinates":[[-82.119873277389,28.4752392856389],[-82.12126065729362,28.47432344460231],[-82.12130513170251,28.4740549961539],[-82.12165197074822,28.4738260324439],[-82.1216964436499,28.4735575834882],[-82.12204327958901,28.4733286182161],[-82.1221322220948,28.4727917190854],[-82.1233416706771,28.4729496452707],[-82.1236884996526,28.4727206743082],[-82.1264097695906,28.4730759494166],[-82.1277970429695,28.47216001854561],[-82.1290064930972,28.4723178809802],[-82.1292644082873,28.4726257973932],[-82.1301715025252,28.4727441829287],[-82.13042942327,28.4730520961955],[-82.1316388911095,28.4732099285223],[-82.1319856986369,28.4729809308297],[-82.1328928005104,28.473099293195],[-82.1331507322717,28.4734071996221],[-82.13345310135252,28.47344665126751],[-82.1337110362204,28.4737545560682],[-82.1352228919857,28.47395179762311],[-82.1357387796096,28.4745675970254],[-82.1366459038058,28.4746859271001]]},"properties":{"segment_id":"30d9ae909c6c80b73e884aae","source_kmz":"withlacoochee","orientation":"unverified"}},{"type":"Feature","geometry":{"type":"LineString","coordinates":[[-82.1366459038058,28.4746859271001],[-82.1376862981707,28.47399888419641],[-82.1382910450966,28.474077760884],[-82.1389846292921,28.4736197221612],[-82.1392870018617,28.4736591573052],[-82.1399805772093,28.4732011116338],[-82.1420971838886,28.4734771202238]]},"properties":{"segment_id":"fc0b089953e6a427939772d0","source_kmz":"withlacoochee","orientation":"unverified"}},{"type":"Feature","geometry":{"type":"LineString","coordinates":[[-82.1093627147662,28.4678322647911],[-82.1103940452186,28.4690641288255],[-82.1106963880875,28.4691036451972],[-82.1106518825369,28.4693720926688],[-82.1127146488402,28.4718357722353],[-82.1142264211074,28.4720333113225],[-82.114742143748,28.4726492149549],[-82.114564163854,28.4737230005086],[-82.11516888716922,28.4738020078838],[-82.1154267563937,28.47410995645602],[-82.118148036345,28.4744654403283],[-82.1184059184706,28.4747733811959],[-82.1187082855493,28.4748128743534],[-82.11896617078162,28.4751208135949],[-82.119873277389,28.4752392856389]]},"properties":{"segment_id":"77893b36aae020a7b7d40983","source_kmz":"withlacoochee","orientation":"unverified"}},{"type":"Feature","geometry":{"type":"LineString","coordinates":[[-82.263844451903,28.4901019101843],[-82.2630690787605,28.4891791737221],[-82.262161622173,28.4890619195144],[-82.2562177426289,28.4819872946148]]},"properties":{"segment_id":"379d5adf0eddcbd786ece431","source_kmz":"withlacoochee","orientation":"unverified"}},{"type":"Feature","geometry":{"type":"LineString","coordinates":[[-81.9641184924908,28.446000030694],[-81.9655070800257,28.4450861405669],[-81.9656419421597,28.4442809289684],[-81.9670304849201,28.4433670150036],[-81.9673326682808,28.44340693895341]]},"properties":{"segment_id":"6a27aa204d372563d904d79a","source_kmz":"withlacoochee","orientation":"unverified"}},{"type":"Feature","geometry":{"type":"LineString","coordinates":[[-81.9906675535998,28.4497791660137],[-81.99552668968511,28.4465792877893]]},"properties":{"segment_id":"c0d464f80fdf88b337dd56c6","source_kmz":"withlacoochee","orientation":"unverified"}},{"type":"Feature","geometry":{"type":"LineString","coordinates":[[-82.0085284555443,28.4759982328002],[-82.0151240378206,28.4716546746897],[-82.0154263452025,28.4716944598918],[-82.0159640429845,28.4684735728023],[-82.0187408042077,28.466644533252],[-82.0190430953451,28.4666843087539],[-82.0191326861629,28.46614748631171],[-82.0215622317432,28.4645469995699],[-82.0218645166964,28.4645867673185],[-82.0219540873384,28.4640499396051],[-82.0243835190159,28.4624493801422],[-82.0244730713647,28.4619125473554],[-82.0251671728733,28.4614552320911],[-82.0254694484502,28.4614949899755],[-82.0261635411248,28.4610376677555],[-82.0262530806521,28.4605008315203],[-82.026600121718,28.4602721679117],[-82.0266896576558,28.4597353302489],[-82.0329360311492,28.4556191588069],[-82.0335405480993,28.4556986310313],[-82.033887549672,28.4554699409521],[-82.0360033633726,28.4557480600197],[-82.0363503584747,28.4555193619838],[-82.039675229534,28.45595631078501],[-82.040716181916,28.4552701775472],[-82.0413207036904,28.45534960589241],[-82.04166768274472,28.4551208903792],[-82.0428767270836,28.4552797329492],[-82.0432237016337,28.4550510123494],[-82.0544075531889,28.4565196200502],[-82.0578769525027,28.4542319908195]]},"properties":{"segment_id":"7985cf45d5417d027033626d","source_kmz":"withlacoochee","orientation":"unverified"}},{"type":"Feature","geometry":{"type":"LineString","coordinates":[[-81.8923237566296,28.4320974925767],[-81.9023453471774,28.4441290491486],[-81.9141296214415,28.4456925693593],[-81.9144769051393,28.4454642607578],[-81.9150812373579,28.4455444042103],[-81.9153382896361,28.4458528566625],[-81.9152029451306,28.4466580014666],[-81.91623118086092,28.447891801367],[-81.91653335635,28.44793186831601],[-81.9162175673084,28.4498105300687],[-81.9151756710546,28.4504954613319],[-81.9156898083378,28.4511123570149],[-81.9154191065829,28.4527226237485],[-81.9172186736716,28.4548817269901],[-81.9175208746562,28.4549217904258],[-81.9174306494582,28.45545854308],[-81.9167360139135,28.4559151663872],[-81.9165555502623,28.456988666793],[-81.9170697371893,28.4576055454853],[-81.9162576174388,28.4624362528704],[-81.9159102687141,28.462664557229],[-81.9158200249934,28.4632012977804],[-81.9154726719358,28.4634296002673],[-81.9154275484182,28.4636979699305]]},"properties":{"segment_id":"f0c13e3029235c20e01c69b8","source_kmz":"withlacoochee","orientation":"unverified"}},{"type":"Feature","geometry":{"type":"LineString","coordinates":[[-81.8900114875334,28.4293207929605],[-81.8923237566296,28.4320974925767]]},"properties":{"segment_id":"a75128e30925be04cee978e4","source_kmz":"withlacoochee","orientation":"unverified"}},{"type":"Feature","geometry":{"type":"LineString","coordinates":[[-82.1885409577173,28.4671821400376],[-82.1893153134439,28.468105468384],[-82.1892710585547,28.4683739491468],[-82.1900454332077,28.4692972693681],[-82.1896913997931,28.4714451055472]]},"properties":{"segment_id":"a9b3e53e877dcd856d09b57b","source_kmz":"withlacoochee","orientation":"unverified"}},{"type":"Feature","geometry":{"type":"LineString","coordinates":[[-82.070992530722,28.4663752268613],[-82.0715079031593,28.4669913477429],[-82.07241485562972,28.4671102244448],[-82.07267254834471,28.4674182813089],[-82.0747887892856,28.4676956249343],[-82.0782580954807,28.4654074010868],[-82.0785604101813,28.4654470086073],[-82.0789073297952,28.4652181783369],[-82.0792096441226,28.465257784043],[-82.0799034763919,28.4648001178097],[-82.0805081032699,28.46487932282182],[-82.0806864978654,28.4638055694332],[-82.08129111835231,28.4638847702254],[-82.0826787302086,28.4629694024844],[-82.0832833465741,28.4630485921928],[-82.0836302435203,28.46281974519521],[-82.0839325514715,28.462859337806],[-82.0856670046951,28.4617150791393],[-82.0859693096445,28.4617546661098],[-82.0862270354837,28.4620626945991],[-82.0872676845706,28.4613761194536],[-82.0884769042161,28.4615344442407],[-82.0888237808534,28.4613055795137],[-82.08912608581662,28.4613451576091],[-82.08981983213252,28.4608874224632],[-82.0898643994767,28.4606189777746],[-82.0943989741186,28.461212516079],[-82.099254832437,28.45800802389232],[-82.0995571304779,28.45804757285971],[-82.1019849167469,28.456445227494],[-82.1022872104692,28.4564847689092],[-82.1023762609096,28.45594786283611],[-82.1051507360607,28.4541165229166]]},"properties":{"segment_id":"0a75e73f6cc490d71f69331b","source_kmz":"withlacoochee","orientation":"unverified"}},{"type":"Feature","geometry":{"type":"LineString","coordinates":[[-82.076420087655,28.4448691939726],[-82.0767669284947,28.4446403584617],[-82.0770691681152,28.444679972322],[-82.0774160064177,28.4444511345949],[-82.0795316871077,28.4447284009037],[-82.079878518933,28.44449955522281],[-82.080393822663,28.4451156681683],[-82.0819050406209,28.4453136774212],[-82.0822518684164,28.4450848243936],[-82.082554112202,28.4451244227144],[-82.0829009374601,28.44489556747081],[-82.08320318087252,28.4449351639774],[-82.0835500035932,28.4447063065177],[-82.0841544899552,28.444785495045],[-82.0855417567765,28.4438700449582],[-82.0861462390181,28.4439492224041]]},"properties":{"segment_id":"555c1dcebcd02b70e3039884","source_kmz":"withlacoochee","orientation":"unverified"}},{"type":"Feature","geometry":{"type":"LineString","coordinates":[[-81.9537917778271,28.4265274642861],[-81.9545631908223,28.427452585545],[-81.9551674321122,28.4275325063052],[-81.95619601887101,28.4287659831461],[-81.95861303467461,28.4290856076252],[-81.9588701958618,28.4293939686079],[-81.9591723253492,28.4294339170509],[-81.9594294896401,28.4297422764106],[-81.9597316206385,28.4297822232379],[-81.9602459573062,28.4303989378468],[-81.9605480910409,28.4304388823001],[-81.9628627100634,28.4332140484135],[-81.9631648551108,28.4332539851847],[-81.9634220456208,28.4335623318934],[-81.963287179436,28.4343675630452],[-81.9650875793365,28.4365259635621],[-81.9665983719623,28.4367256057099],[-81.9676272377467,28.4379589432444],[-81.96883589659672,28.438118629393],[-81.9701220456107,28.4396602666886],[-81.97007710855772,28.4399286758533],[-81.9996913702372,28.4438363383089]]},"properties":{"segment_id":"71331887eb818a0384e97354","source_kmz":"withlacoochee","orientation":"unverified"}},{"type":"Feature","geometry":{"type":"LineString","coordinates":[[-81.9306648026227,28.4226425194481],[-81.9324005047065,28.4215006273027],[-81.9324455517203,28.4212322211656],[-81.9366748065508,28.4217924780577],[-81.938988403793,28.42456822285491],[-81.9537917778271,28.4265274642861]]},"properties":{"segment_id":"f4f74b14652643643d4480f6","source_kmz":"withlacoochee","orientation":"unverified"}},{"type":"Feature","geometry":{"type":"LineString","coordinates":[[-81.9494079018204,28.4232038285562],[-81.949665011474,28.4235122163694],[-81.9508734295264,28.4236721114312],[-81.9519019065245,28.424905641907],[-81.9525061270679,28.424985578228],[-81.9537917778271,28.4265274642861]]},"properties":{"segment_id":"08314e9f54ddc824e50a04bb","source_kmz":"withlacoochee","orientation":"unverified"}},{"type":"Feature","geometry":{"type":"LineString","coordinates":[[-81.8637276096217,28.40936032176811],[-81.8668087876746,28.4130635214908],[-81.866627780871,28.4141370567239],[-81.8655859226682,28.4148215683092],[-81.8655406665701,28.4150899506847],[-81.8657974451335,28.41539854646941],[-81.8657521893985,28.4156669285325],[-81.8665225383014,28.416592710386],[-81.8664772842309,28.4168610919243],[-81.870586107414,28.4217984621741],[-81.8711902285207,28.4218788584509],[-81.87221751920711,28.4231131604097],[-81.8725195850965,28.4231533542325],[-81.8727764136872,28.4234619268057],[-81.8730784810904,28.4235021190137],[-81.8733353127845,28.4238106899659],[-81.8740299188573,28.4233543104875],[-81.8743319864721,28.4233944991668],[-81.8748456602448,28.42401163436],[-81.8748004286536,28.4242800142544],[-81.8750572690069,28.42458858044951],[-81.8753593415264,28.4246287660988],[-81.8756161849831,28.42493733067282],[-81.8755257254199,28.4254740896189],[-81.87603942056981,28.4260912157515],[-81.8759941916592,28.4263595947036],[-81.8762510427013,28.4266681563685],[-81.8761605853197,28.4272049134428],[-81.8758132731411,28.4274331084532],[-81.8756775812333,28.4282382416041],[-81.8759344368336,28.42854680252641],[-81.8758892062738,28.4288151797257],[-81.8761460644027,28.4291237396784],[-81.8761008342065,28.4293921165658],[-81.8771282881022,28.4306263473173],[-81.8892123166414,28.4322328454763],[-81.8895596123453,28.4320046098024],[-81.891372252375,28.4322454604717],[-81.8917195422914,28.4320172177931],[-81.8923237566296,28.4320974925767]]},"properties":{"segment_id":"e4bced7b647f35485b044e46","source_kmz":"withlacoochee","orientation":"unverified"}},{"type":"Feature","geometry":{"type":"LineString","coordinates":[[-82.114434899064,28.4372278729361],[-82.1147371297979,28.4372673811468],[-82.1152526437631,28.4378833377009],[-82.11555487722642,28.4379228435345],[-82.1158126382535,28.43823081975181],[-82.1155457959976,28.4398416428934],[-82.1151990800287,28.4400706069379],[-82.1150656514118,28.4408760148294],[-82.11471892989212,28.4411049767046],[-82.1146744518973,28.4413734452882],[-82.1143277272732,28.4416024056008],[-82.1142832477721,28.4418708736759],[-82.1145410162153,28.4421788498083],[-82.1144965370888,28.4424473175715],[-82.1147543080704,28.4427552927303],[-82.1146653502838,28.4432922274276],[-82.1139718833422,28.4437501444594],[-82.11374947168962,28.445092474581],[-82.11465624825651,28.4452110000347],[-82.1149140282608,28.4455189726054],[-82.1152162889058,28.4455584786145],[-82.11598964387571,28.446482388848],[-82.1162919084741,28.4465218917199],[-82.1165496984499,28.4468298593049],[-82.1171542309424,28.4469088609556],[-82.1176698214315,28.4475247904869],[-82.1188788995994,28.447682777415]]},"properties":{"segment_id":"d78221ed28a150633a8481e2","source_kmz":"withlacoochee","orientation":"unverified"}},{"type":"Feature","geometry":{"type":"LineString","coordinates":[[-82.2853719991779,28.4586077225455],[-82.2853280548912,28.45887624947972],[-82.2849817218915,28.459105752071],[-82.2844983028422,28.462059531536],[-82.28734136604372,28.4654425280726],[-82.287121655351,28.466785141024],[-82.2873801302577,28.4670926804157],[-82.2872922453476,28.4676297239514],[-82.2875507234632,28.46793726226],[-82.28750678125111,28.4682057836142],[-82.2880237444593,28.4688208574113],[-82.2879798032924,28.4690893783467],[-82.2882382883852,28.4693969138353],[-82.2880625235703,28.4704709951051],[-82.2870233984586,28.4711595050256],[-82.2867209661634,28.4711204870131],[-82.2853354369849,28.4720384788209],[-82.2850330023198,28.4719994561276],[-82.284686614652,28.4722289499815],[-82.2840817448362,28.4721509001083],[-82.2816569691286,28.4737573085116],[-82.2740960749729,28.4727812281318],[-82.27201752297421,28.4741579572487],[-82.27141265105452,28.474079836172],[-82.2672553276696,28.4768331356957],[-82.2669528841853,28.47679406240112],[-82.26660642766021,28.4770234949006],[-82.266303983794,28.4769844197919],[-82.2656110637668,28.4774432791077],[-82.2653086188568,28.477404201229],[-82.2580324896031,28.4822219003447],[-82.2562177426289,28.4819872946148]]},"properties":{"segment_id":"f78c3d77dfce53bfe816ed4e","source_kmz":"withlacoochee","orientation":"unverified"}},{"type":"Feature","geometry":{"type":"LineString","coordinates":[[-81.7850486686826,28.3980287196056],[-81.7923444380729,28.3932421845988]]},"properties":{"segment_id":"9968dc15ae3a1e7ebb8b4c1d","source_kmz":"withlacoochee","orientation":"unverified"}},{"type":"Feature","geometry":{"type":"LineString","coordinates":[[-82.0648384924009,28.4290865366329],[-82.065096041405,28.4293946420529],[-82.0653982209683,28.4294342904467],[-82.0656557730759,28.4297423942413],[-82.070792889872,28.430416272801],[-82.0711396865874,28.430187446966],[-82.0716548391824,28.430803624838],[-82.0719570268681,28.4308432545592],[-82.0723038221821,28.4306144252034],[-82.072908197092,28.4306936801604],[-82.0739485678171,28.4300071787964],[-82.0744637398123,28.4306233434292],[-82.0750681168134,28.43070258618121],[-82.0753257080782,28.4310106656796],[-82.0765344703784,28.4311691378539],[-82.0772280369894,28.4307114485904],[-82.0777432372164,28.4313275963045],[-82.0780454296349,28.4313672087728],[-82.07759952202422,28.4340518004252],[-82.07785713274592,28.4343598711543],[-82.0778125410815,28.4346283290833],[-82.078585386497,28.4355525357524]]},"properties":{"segment_id":"b6daa3c3c64f8be00b1e27d0","source_kmz":"withlacoochee","orientation":"unverified"}},{"type":"Feature","geometry":{"type":"LineString","coordinates":[[-81.8159519353821,28.4051822236266],[-81.8154388065922,28.4045647755514],[-81.8151368344081,28.4045244185896],[-81.8155909274492,28.4018407255992],[-81.8143081768903,28.4002970812082],[-81.8143989985275,28.3997603390704],[-81.8141424553404,28.39945160739],[-81.8142786875793,28.398646492316],[-81.8140221482151,28.3983377594534],[-81.8142037897569,28.3972642693723],[-81.8152458476582,28.3965802272462],[-81.8155477914936,28.3966205847333],[-81.8158951397276,28.3963925672072],[-81.8164990269656,28.3964732776965],[-81.8171937152111,28.3960172350257]]},"properties":{"segment_id":"007afae1598926270075ac1e","source_kmz":"withlacoochee","orientation":"unverified"}},{"type":"Feature","geometry":{"type":"LineString","coordinates":[[-82.2562177426289,28.4819872946148],[-82.25570093065082,28.4813720881433],[-82.2557890309663,28.4808350896331],[-82.2555306291274,28.4805274848819],[-82.2555746795263,28.4802589852136],[-82.2553162802334,28.4799513794877],[-82.2558889185077,28.4764608638297],[-82.2553721427797,28.4758456469953],[-82.25541619123861,28.4755771441475],[-82.2551137577419,28.4755380372761],[-82.2548553745881,28.475230426689],[-82.2539480794475,28.4751130986412],[-82.2531729522923,28.474190254822],[-82.2483341461744,28.4735643382236],[-82.23851807953591,28.46187384432511],[-82.2385621743285,28.4616053387258],[-82.2383038941745,28.4612976771168],[-82.2386566477021,28.4591496241021],[-82.2365905165679,28.4566882931238],[-82.2366346147839,28.456419784719],[-82.2363763575268,28.4561121143332],[-82.236420456123,28.4558436056166],[-82.2361622014099,28.4555359342556],[-82.2362063003864,28.455267425227],[-82.2349150583691,28.45372905486481],[-82.2351796661607,28.4521179931782],[-82.2320809249422,28.4484258080389]]},"properties":{"segment_id":"8fe1b2936faad78e36363c3f","source_kmz":"withlacoochee","orientation":"unverified"}},{"type":"Feature","geometry":{"type":"LineString","coordinates":[[-82.258319601351,28.4446927909983],[-82.2562414837521,28.4460693137012],[-82.2559391556044,28.4460302061788],[-82.25524643335342,28.4464890351095],[-82.2549441041635,28.446449924818],[-82.2542513730588,28.4469087468082],[-82.25394904282662,28.4468696337475],[-82.252909930065,28.4475578544355],[-82.2510959426552,28.4473231408508],[-82.2507495640021,28.447552539499],[-82.2495402420228,28.44739604278981],[-82.2491938588425,28.4476254363585],[-82.2482868683178,28.4475080519489],[-82.2479404812714,28.4477374413937],[-82.2473358210011,28.4476591789186],[-82.2469894307499,28.4478885651948],[-82.2466871003742,28.4478494317144],[-82.24599431290142,28.4483081985831],[-82.24569198148401,28.4482690623335],[-82.24499918515811,28.448727822261],[-82.2446968526991,28.4486886832422],[-82.24296482563082,28.4498355562756],[-82.2320809249422,28.4484258080389]]},"properties":{"segment_id":"6f3740b54b6a250177172905","source_kmz":"withlacoochee","orientation":"unverified"}},{"type":"Feature","geometry":{"type":"LineString","coordinates":[[-82.3081285960535,28.4478323997486],[-82.3025887592226,28.4515055758417],[-82.2989603489382,28.4510378070512],[-82.2987018810042,28.4507302828631],[-82.2980971523094,28.45065230785851],[-82.2981410516878,28.4503837699715],[-82.2930009189102,28.4497208454614],[-82.2878066026586,28.4531637063409],[-82.2877626689526,28.4534322380553],[-82.2874163649136,28.4536617517567],[-82.2868012465749,28.45742117005941],[-82.286454923553,28.4576506782818],[-82.2864109832103,28.4579192063251],[-82.2853719991779,28.4586077225455]]},"properties":{"segment_id":"8832e1c5deb2326c8045adb5","source_kmz":"withlacoochee","orientation":"unverified"}},{"type":"Feature","geometry":{"type":"LineString","coordinates":[[-81.8091696654948,28.37957524173081],[-81.810964957475,28.3817365405925],[-81.8098749923538,28.3881776585438],[-81.811926991675,28.3906476421134],[-81.8118815780458,28.3909160185926],[-81.817618145035,28.3916828561275],[-81.8181312115026,28.3923003144145],[-81.8187350716216,28.392381013133],[-81.8189916101203,28.3926897394678],[-81.8192935418384,28.3927300867848],[-81.8195500834382,28.3930388114993],[-81.8198520166708,28.3930791572026],[-81.8201085613719,28.3933878802968],[-81.8219201741802,28.3936299319801],[-81.8221767281126,28.3939386496697],[-81.8224786658161,28.39397898786081],[-81.82453117459481,28.3964486922402]]},"properties":{"segment_id":"44e847ad731ecf00f304c59a","source_kmz":"withlacoochee","orientation":"unverified"}},{"type":"Feature","geometry":{"type":"LineString","coordinates":[[-82.2861606422863,28.4386925448501],[-82.2871941951224,28.4399227958851],[-82.2870624079956,28.4407284172672],[-82.2873208028977,28.4410359775301],[-82.2871011554062,28.4423786751995],[-82.2873595555011,28.44268623405461],[-82.28722776563811,28.4434918498761],[-82.287486169602,28.4437994075391],[-82.2863439026175,28.45078133135801],[-82.2866023256781,28.4510888853535],[-82.2853719991779,28.4586077225455]]},"properties":{"segment_id":"58e7a7420967c908ebab7fc0","source_kmz":"withlacoochee","orientation":"unverified"}},{"type":"Feature","geometry":{"type":"LineString","coordinates":[[-82.1969012747957,28.4276803573905],[-82.1962083823839,28.4281388257996],[-82.1959061463134,28.42809954683271],[-82.1945203362767,28.4290164647294],[-82.1939158597044,28.42893789657751],[-82.193141812912,28.42801450792861],[-82.1928395787134,28.4279752202847],[-82.1924931212106,28.4282044417881],[-82.1912841845919,28.4280472788105],[-82.1907681761474,28.4274316731295],[-82.1862347405754,28.4268421668985],[-82.185202819576,28.4256108995041],[-82.1845098806293,28.4260692945921],[-82.1844656324924,28.426337802577],[-82.1841191589755,28.4265669979305],[-82.1840749093352,28.4268355054074],[-82.1823425074245,28.4279814617834],[-82.181811416463,28.4312035173296],[-82.183617331036,28.4333582521773],[-82.1835288211626,28.4338952570587],[-82.1837868178025,28.434203072637],[-82.1834770289925,28.43608258251],[-82.1817444292029,28.4372285017424],[-82.1805353833729,28.4370712209642],[-82.180491116828,28.4373397196497],[-82.1792820717404,28.43718242475291],[-82.1789355396424,28.4374115968756],[-82.1759129400461,28.4370182900174],[-82.17565496351381,28.436710457696],[-82.1732369138965,28.4363957443533],[-82.1724630249255,28.43547222393901],[-82.1709517714068,28.43527548881301],[-82.1702586757594,28.4357337800961],[-82.1701700784201,28.4362707706148],[-82.1698235253295,28.4364999137626],[-82.1697349244181,28.4370369028553],[-82.1655761112442,28.4397865151866],[-82.165177261154,28.4422029232449],[-82.1641374825164,28.4428902898307],[-82.1640488387256,28.4434272653271],[-82.16370223963791,28.4436563843993]]},"properties":{"segment_id":"2993c238058a4727bfc948f3","source_kmz":"withlacoochee","orientation":"unverified"}},{"type":"Feature","geometry":{"type":"LineString","coordinates":[[-82.1120380252482,28.41442235566951],[-82.1123846444789,28.4141933866456],[-82.1125180565066,28.4133879263845],[-82.11286467018981,28.41315895519],[-82.1129091390776,28.4128904677214],[-82.1132557496586,28.4126614949639],[-82.1133002170411,28.412393006986],[-82.1136468245199,28.4121640326653],[-82.1136912903971,28.4118955441782],[-82.1215470150451,28.4129226010168],[-82.1322903470147,28.4058229927311]]},"properties":{"segment_id":"922870e66547ca98351f6ac9","source_kmz":"withlacoochee","orientation":"unverified"}},{"type":"Feature","geometry":{"type":"LineString","coordinates":[[-81.841776091222,28.36746439769651],[-81.8421232488144,28.3672362776651],[-81.8747249055554,28.3715820703737]]},"properties":{"segment_id":"2e19d082703a0d3ea14b1074","source_kmz":"withlacoochee","orientation":"unverified"}},{"type":"Feature","geometry":{"type":"LineString","coordinates":[[-82.1322903470147,28.4058229927311],[-82.1326368760371,28.40559395296111],[-82.1326812780838,28.4053254520034],[-82.1337208502076,28.40463832422772],[-82.1338984409066,28.4035643146965],[-82.1345914698156,28.40310622078791],[-82.1351957061978,28.40318512944861]]},"properties":{"segment_id":"6f361ccf96c85b6bf9e196f1","source_kmz":"withlacoochee","orientation":"unverified"}},{"type":"Feature","geometry":{"type":"LineString","coordinates":[[-81.8771834399909,28.3661462195235],[-81.8779534626718,28.3670720382388],[-81.879160937508,28.3672327670078],[-81.8794176203823,28.3675413684878],[-81.8806251047095,28.3677020805183],[-81.8808817943564,28.36801067810442],[-81.8820892881741,28.368171373396],[-81.8823459845938,28.3684799670882],[-81.8835534879016,28.36864064564091],[-81.8838101910939,28.3689492354391],[-81.8850177038914,28.3691098972526],[-81.8852744138564,28.3694184831567],[-81.8895007619451,28.3699806809354],[-81.8902709545159,28.3709064016492]]},"properties":{"segment_id":"91a4b4639e687e1f3341b5b9","source_kmz":"withlacoochee","orientation":"unverified"}},{"type":"Feature","geometry":{"type":"LineString","coordinates":[[-81.7851736386596,28.35358119565331],[-81.7869677647409,28.35574304386701],[-81.7872695491573,28.3557834855094],[-81.7872240759593,28.3560518758719],[-81.7890183069377,28.3582136757277],[-81.7893201011572,28.35825411131851],[-81.793165209307,28.3628863857534],[-81.7934670221974,28.3629268091401],[-81.79397973758411,28.3635444295387],[-81.8012233923828,28.3645142975159],[-81.80434861913571,28.3624623416757],[-81.80525407017082,28.3625835146481],[-81.8060232721479,28.3635098599477],[-81.8067177459432,28.363053846222],[-81.8082268486677,28.3632557631269],[-81.808921308484,28.3627997347797],[-81.8098267696894,28.3629208689028],[-81.8108684395248,28.3622368082945],[-81.81117025855801,28.36227718175232],[-81.8115174774405,28.3620491580655],[-81.8115628767131,28.3617807615706],[-81.8122573064065,28.361324709792],[-81.8128609395733,28.361405448198],[-81.8135553591778,28.3609493875383],[-81.8136007513875,28.36068098940831],[-81.813947957154,28.360452956876],[-81.81399334785021,28.3601845582318],[-81.8164078614952,28.3605074530317],[-81.8169207298456,28.3611249672452],[-81.8175243660401,28.3612056793517],[-81.8177808054761,28.3615144336493],[-81.8226099561375,28.3621599950334],[-81.823892279435,28.3637036930218],[-81.8260050989252,28.3639860306768],[-81.8266994687936,28.3635298876785],[-81.8279067953635,28.3636911969814],[-81.8284197670568,28.3643086508805],[-81.8326454806456,28.3648731043036],[-81.8329019864541,28.3651818193611],[-81.8362222430604,28.3656251923543],[-81.837263732524,28.3649408793127],[-81.8387729418509,28.365142363874],[-81.84056868428,28.3673032466635],[-81.8408705355838,28.36734353570691],[-81.8412176951243,28.3671154185451],[-81.8418213972966,28.3671959921485],[-81.842168553664,28.3669678718105],[-81.875071991093,28.3713538457784]]},"properties":{"segment_id":"f4e65f5e4822b5a9f250d64d","source_kmz":"withlacoochee","orientation":"unverified"}},{"type":"Feature","geometry":{"type":"LineString","coordinates":[[-81.7819905886748,28.35233105183512],[-81.7825031559174,28.3529487443546],[-81.784917342426,28.3532723567401],[-81.7851736386596,28.35358119565331]]},"properties":{"segment_id":"9bcb5532041b468313aadd7c","source_kmz":"withlacoochee","orientation":"unverified"}},{"type":"Feature","geometry":{"type":"LineString","coordinates":[[-82.0182635781896,28.3862018383406],[-82.0227712785902,28.3832288771695]]},"properties":{"segment_id":"339a13eef6f9e2739dec2cc2","source_kmz":"withlacoochee","orientation":"unverified"}},{"type":"Feature","geometry":{"type":"LineString","coordinates":[[-81.9915402606348,28.4205399530634],[-81.9953992888187,28.4251641917658],[-82.000233428838,28.4258016201313],[-82.001621293152,28.4248872135317],[-82.0017109503943,28.424350347603],[-82.00275182155562,28.4236645275861],[-82.0039603421266,28.4238238228053],[-82.0046542416051,28.4233665955048],[-82.0052585009829,28.4234462341437],[-82.0061099645275,28.4183459265889],[-82.0088852907357,28.4165169053583],[-82.0089300919639,28.4162484636251],[-82.0092321980582,28.4162882720306],[-82.0096353878422,28.4138722862829],[-82.0207350778594,28.406555266363],[-82.0210371548416,28.4065950424233],[-82.0212161824902,28.4055212262461],[-82.0209588664043,28.4052129961202],[-82.0237332535011,28.3885684172702],[-82.0234759798698,28.3882601796206],[-82.023520719744,28.3879917120721],[-82.02300617942241,28.387375233959],[-82.0230956609351,28.386838297813],[-82.022838394899,28.3865300572419],[-82.0228831358832,28.3862615887521],[-82.0226258723788,28.3859533472071],[-82.0226706137329,28.3856848784034],[-82.0224133527601,28.3853766358846],[-82.0227712785902,28.3832288771695]]},"properties":{"segment_id":"d5638f805100b84e83102f7e","source_kmz":"withlacoochee","orientation":"unverified"}},{"type":"Feature","geometry":{"type":"LineString","coordinates":[[-82.0227712785902,28.3832288771695],[-82.0238114720905,28.382542778949],[-82.024113464661,28.3825825488014],[-82.0248069163,28.3821251417724],[-82.0353767895364,28.3835164796237],[-82.0378036507976,28.381915281137],[-82.039011640145,28.3820741975476],[-82.0393583244829,28.3818454460414],[-82.0544585418855,28.3838306960381]]},"properties":{"segment_id":"a06e03648764153cb992d531","source_kmz":"withlacoochee","orientation":"unverified"}},{"type":"Feature","geometry":{"type":"LineString","coordinates":[[-81.9225704827752,28.3880939983314],[-81.9256534642244,28.3917957065108],[-81.925608411326,28.3920641303049],[-81.9271183152671,28.3922643530635],[-81.9274653441833,28.3920359706539],[-81.9292772344484,28.3922762039406],[-81.9296242575763,28.3920478145305],[-81.9314361542344,28.3922880112221],[-81.9322070096565,28.3932133759317],[-81.932508997108,28.39325340344],[-81.9387550412751,28.3891420226159],[-81.9432847112931,28.3897420741662],[-81.94432563019271,28.3890567612448],[-81.9464394845216,28.3893366992196],[-81.9474803728325,28.3886513548599],[-81.9480843298709,28.3887313236865],[-81.9491251973783,28.3880459622333],[-81.9512390423151,28.3883258060445],[-81.9571368948659,28.3844417628604],[-81.9604585574529,28.3848812537502],[-81.9628868770928,28.3832817622476],[-81.9659065546484,28.3836811424894],[-81.967294098477,28.3827670813453],[-81.971219688027,28.3832860977985],[-81.9729540331526,28.3821434308379],[-81.9744638718049,28.3823429900767],[-81.9752351077058,28.38326806838881],[-81.975537079963,28.3833079753905],[-81.9757941635735,28.3836163323383],[-81.9760961373395,28.3836562377245],[-81.976789857676,28.3831991435189],[-81.9770142825556,28.3818568838909],[-81.978748519967,28.3807141186708],[-81.9791972871599,28.3780295686697],[-81.9843995344064,28.3746010380132]]},"properties":{"segment_id":"577b053683974ec88d968217","source_kmz":"withlacoochee","orientation":"unverified"}},{"type":"Feature","geometry":{"type":"LineString","coordinates":[[-81.9306174112359,28.4045271038113],[-81.9323527416647,28.4033851587468],[-81.93537299344382,28.403785380558],[-81.9364010018518,28.4050191237314],[-81.9370050654404,28.4050991517433],[-81.9372620746848,28.4054075838588],[-81.9378661418677,28.4054876069257],[-81.9394082514528,28.4073381723625],[-81.9397102928221,28.4073781780622],[-81.9402243468182,28.40799502477361],[-81.9409184611611,28.4075381922882],[-81.9445429936445,28.40801815266831],[-81.9480133744078,28.4057337997536],[-81.9474992772876,28.4051169868643],[-81.9476342472951,28.4043117145262],[-81.9576971502194,28.3976863887943],[-81.9634354937994,28.3984453880471],[-81.96378244989,28.3982168914444],[-81.964386490749,28.3982967661879],[-81.96716206144751,28.3964687326507],[-81.9676762495084,28.3970854648528],[-81.9703944225246,28.397444776264],[-81.9709086401281,28.3980614913567],[-81.9712106632278,28.3981014090441],[-81.9714677760695,28.3984097645342],[-81.9732799280064,28.3986492481065],[-81.9739737867186,28.3981921899956],[-81.9744880350063,28.3988088866759],[-81.9750920902187,28.398888700817],[-81.9756063509121,28.3995053910026],[-81.9765124432155,28.399625101235],[-81.9768593687723,28.3993965629015],[-81.9771613994575,28.3994364636414],[-81.9782021629035,28.3987508382042],[-81.9785041919141,28.3987907352181],[-81.9799404786766,28.3902005098018],[-81.9816748477896,28.3890577219136],[-81.9817197209254,28.3887892724413],[-81.9820665878934,28.3885607107746],[-81.9843995344064,28.3746010380132]]},"properties":{"segment_id":"b2c1c222f59b88b3fa7fa2f7","source_kmz":"withlacoochee","orientation":"unverified"}},{"type":"Feature","geometry":{"type":"LineString","coordinates":[[-82.2430567942282,28.4078892040508],[-82.2427105554808,28.4081186001225],[-82.242408369466,28.4080794505165],[-82.2379070859987,28.4110614725818],[-82.2376867307817,28.4124041729597],[-82.2356090714932,28.413780410068],[-82.23521234851562,28.4161972414736],[-82.2303640596379,28.4194082471814],[-82.2300618389481,28.4193690638351],[-82.22971551783,28.4195984109968],[-82.22246228959071,28.4186577303739],[-82.219345172303,28.4207215918806],[-82.2190429520278,28.4206823775325],[-82.2186965955965,28.4209116882325],[-82.21839437494211,28.4208724720711],[-82.2180480159698,28.4211017805578],[-82.2174435741834,28.4210233437505],[-82.2170972120101,28.4212526490685],[-82.2161905494567,28.421134984557],[-82.2154978155074,28.4215935856869],[-82.21489337256972,28.421515134568],[-82.21454700145361,28.4217444313352],[-82.21394255831952,28.4216659748738],[-82.2140750133259,28.42086040400221],[-82.2138169470496,28.4205526508399],[-82.2139494015079,28.4197470777975],[-82.2146421287182,28.4192884844998],[-82.2149953087105,28.41714027584471],[-82.21473725044932,28.4168325219329],[-82.214825543959,28.41629546750031],[-82.2135352874646,28.4147566838361],[-82.2132330912359,28.41471745246451],[-82.2129750468009,28.414409692366],[-82.2102553043696,28.4140565645732],[-82.2102111443927,28.4143250915655],[-82.2071892256343,28.4139326448787],[-82.2064151712473,28.4130093163515],[-82.204904240721,28.412813049432],[-82.2035187792577,28.413730120259],[-82.2017056560724,28.4134945487184],[-82.2013592820486,28.4137238075476],[-82.2010570951752,28.4136845416664],[-82.19967157763571,28.4146015605794],[-82.1972540716691,28.4142873720751],[-82.1948293066492,28.4158920532286],[-82.1942249237395,28.4158134841486],[-82.1938785198954,28.4160427173693],[-82.1917631839549,28.41576769187901],[-82.1907239472965,28.41645536392741],[-82.1904217555954,28.416416068274],[-82.1901637891143,28.4161082545021],[-82.189861598916,28.4160689572305],[-82.1896036355372,28.4157611418303],[-82.1874883205761,28.4154860315879],[-82.1847169016213,28.4173196891164],[-82.1813928051175,28.4168872040152],[-82.17984522328581,28.4150401799637],[-82.17988948019462,28.4147716660218],[-82.1796315571299,28.4144638255343],[-82.1798970966249,28.4128527369224],[-82.1802435253328,28.4126235470915],[-82.180332033803,28.4120865153044],[-82.1810248806911,28.4116281306546],[-82.1810691320609,28.4113596138467],[-82.1814155514628,28.411130419331],[-82.1818137901341,28.4087137560849],[-82.1782031991402,28.404403907465],[-82.177598913918,28.4043252420851],[-82.1773410311047,28.4040173877242],[-82.1770388901372,28.4039780529876],[-82.1767810104253,28.4036701969985],[-82.1749681778589,28.4034341660057],[-82.1747103073556,28.403126304588],[-82.16655271920011,28.4020637624867],[-82.1650057335334,28.4002164526252],[-82.164401490568,28.4001377118096],[-82.1638858486025,28.399521931872],[-82.1620731411241,28.3992856797214],[-82.1618153302897,28.3989777838908],[-82.1606068691573,28.398820262264],[-82.16026044378681,28.3990493966948],[-82.15995832855,28.3990100131886],[-82.1585726056403,28.3999265345022],[-82.1582704880531,28.3998871463167],[-82.1579240519687,28.4001162725426],[-82.15762193400532,28.4000768825441],[-82.1555432740799,28.4014516077308],[-82.1552411524504,28.40141221114211],[-82.15501950828171,28.40275477432071],[-82.1544152564702,28.4026759775926],[-82.1485252151428,28.406570711651],[-82.14843651020162,28.4071077247744],[-82.1453180111038,28.4091694900451],[-82.1450158666362,28.4091300653558],[-82.144500311123,28.4085142063297],[-82.1435938867449,28.4083959225563],[-82.1418613139393,28.4095412780089],[-82.1410625193838,28.41437427948],[-82.14071597718451,28.4146033413314],[-82.1405384499774,28.4156773314015]]},"properties":{"segment_id":"71116c859b7420758291bc57","source_kmz":"withlacoochee","orientation":"unverified"}},{"type":"Feature","geometry":{"type":"LineString","coordinates":[[-82.11102856300981,28.3906995280428],[-82.112058975957,28.3919316223162],[-82.1123610435076,28.3919711418845],[-82.1128762636971,28.3925871822979],[-82.1126539693523,28.3939296883176],[-82.1144573221829,28.3960857986662],[-82.1143684116616,28.3966227981228],[-82.1146260423236,28.3969308102018],[-82.1143593079174,28.3985418029843],[-82.1153898651197,28.3997738400397],[-82.1159940597117,28.399852857886],[-82.1177976242706,28.4020088787077],[-82.1301842132098,28.4036277705847],[-82.1319882206037,28.4057835308913],[-82.1322903470147,28.4058229927311]]},"properties":{"segment_id":"7565c92c5506ddfb4ab35fbf","source_kmz":"withlacoochee","orientation":"unverified"}},{"type":"Feature","geometry":{"type":"LineString","coordinates":[[-82.0861267656129,28.388261238108],[-82.08642880789661,28.3883008313203],[-82.08771634367152,28.38984125291641],[-82.0889245400818,28.3899996020061],[-82.0892711217406,28.3897706933769],[-82.0897861601087,28.3903868485687],[-82.0909943682019,28.3905451740427],[-82.0912518950924,28.3908532473008],[-82.0939703908595,28.3912094226225],[-82.0950101040703,28.3905226460443],[-82.0971244917333,28.39079960320891],[-82.0974710544528,28.3905706684743],[-82.0983772228692,28.3906893486732],[-82.0987237817414,28.3904604098121],[-82.1017443549533,28.39085594518391],[-82.1020019219942,28.3911639922966],[-82.1026060424749,28.3912430875625],[-82.1028636138385,28.39155113228921],[-82.1028191242547,28.3918196304632],[-82.1031211870807,28.3918591761486],[-82.10381428683031,28.3914012678045],[-82.1041163486261,28.3914408107213],[-82.1043739261001,28.391748851651],[-82.1049780529843,28.3918279333932],[-82.1053245986373,28.3915989738136],[-82.1074390470434,28.3918757262117],[-82.1095182539361,28.3905019021495],[-82.11102856300981,28.3906995280428]]},"properties":{"segment_id":"992a664f0362c53fc43dff03","source_kmz":"withlacoochee","orientation":"unverified"}},{"type":"Feature","geometry":{"type":"LineString","coordinates":[[-82.0483949130599,28.3794671754282],[-82.0509683751481,28.3825489836472],[-82.0521763983067,28.38270775102781],[-82.0524337597318,28.3830159240472],[-82.0536417923207,28.3831746746751],[-82.0538991605135,28.3834828437921]]},"properties":{"segment_id":"e324b563b8bdfc0032e03d9c","source_kmz":"withlacoochee","orientation":"unverified"}},{"type":"Feature","geometry":{"type":"LineString","coordinates":[[-81.9843995344064,28.3746010380132],[-81.985439933193,28.3739152978269],[-81.98548478632442,28.3736468361955],[-81.9863906153134,28.3737664707646],[-81.98708419875722,28.3733092979879],[-81.987990026392,28.3734289191074],[-81.9907642694364,28.3716001546096],[-81.99106620732532,28.3716400189547],[-81.9914129786091,28.3714114167611],[-81.9917149161296,28.3714512792932],[-81.9920616848838,28.3712226748826],[-81.9926655594729,28.3713023954637],[-81.9930123250442,28.3710737878802],[-81.9993530632933,28.3719106269165]]},"properties":{"segment_id":"9c985d4b9bb122e3f8364ddd","source_kmz":"withlacoochee","orientation":"unverified"}},{"type":"Feature","geometry":{"type":"LineString","coordinates":[[-82.2403118043812,28.4020484474069],[-82.2434092037626,28.4057408380978],[-82.2430567942282,28.4078892040508]]},"properties":{"segment_id":"8ea3fd365239643c5b60bd54","source_kmz":"withlacoochee","orientation":"unverified"}},{"type":"Feature","geometry":{"type":"LineString","coordinates":[[-82.184430575063,28.40219729829951],[-82.1802006720573,28.4016468117778],[-82.1796849057004,28.4010311104533],[-82.179080643229,28.4009524527575],[-82.178822765313,28.4006445992727],[-82.1779163773801,28.400526604016],[-82.1776585050078,28.4002187473828],[-82.17675212327151,28.40010074212641],[-82.1764942564429,28.3997928823447],[-82.1761921309816,28.3997535447837],[-82.1728400491414,28.3957512787389],[-82.172884318213,28.3954827542447],[-82.1726264795794,28.3951748814406],[-82.1727592870805,28.3943693063992],[-82.1696653937731,28.3906747611383],[-82.1657382500359,28.3901630429869]]},"properties":{"segment_id":"aa65512970fd4b401d269694","source_kmz":"withlacoochee","orientation":"unverified"}},{"type":"Feature","geometry":{"type":"LineString","coordinates":[[-81.8990303545589,28.3536841031916],[-81.89972424546822,28.3532274735941],[-81.9021388868824,28.3535484370694],[-81.9047062233177,28.35663397105951],[-81.9074228269667,28.3569949212514],[-81.9076795819345,28.3573034630746],[-81.9103962197993,28.3576643370464],[-81.9106529876558,28.3579728711866],[-81.9115585424372,28.35809314481491],[-81.9130992109741,28.3599443178511],[-81.9137029302788,28.3600244868949],[-81.9139597173778,28.360333011191],[-81.9142615786834,28.36037309367],[-81.9150319549012,28.3612986590941]]},"properties":{"segment_id":"7ef0d4636a1cbbecb5947627","source_kmz":"withlacoochee","orientation":"unverified"}},{"type":"Feature","geometry":{"type":"LineString","coordinates":[[-81.9934394568378,28.3648192852094],[-81.9954962508577,28.3672858908183]]},"properties":{"segment_id":"3776bdbe5177ace8a1e64003","source_kmz":"withlacoochee","orientation":"unverified"}},{"type":"Feature","geometry":{"type":"LineString","coordinates":[[-81.9339545826368,28.3588698295399],[-81.9349951969413,28.3581845523774],[-81.93504020196261,28.3579161009486],[-81.93534206462601,28.3579561241327],[-81.9360357943703,28.3574992638571],[-81.9369413801661,28.357619322532],[-81.9372882402707,28.3573908876334],[-81.9381938266844,28.3575109357283],[-81.9385406829589,28.3572824966998],[-81.9488041532412,28.3586424702855]]},"properties":{"segment_id":"936458466b0a8effba793247","source_kmz":"withlacoochee","orientation":"unverified"}},{"type":"Feature","geometry":{"type":"LineString","coordinates":[[-81.7620461030714,28.33345944121781],[-81.7623022556804,28.3337683509582],[-81.7622567150606,28.3340367461101],[-81.7625128701883,28.3343456548796],[-81.7623307074047,28.3354192329814],[-81.7625868669916,28.3357281404577],[-81.7625413262197,28.3359965343568],[-81.7627974883254,28.3363054408622],[-81.7627519479111,28.3365738344463],[-81.7630081125357,28.3368827399808],[-81.7629625724791,28.33715113325],[-81.76347490863812,28.3377689415137],[-81.7627917924957,28.3417948124257],[-81.7674033296078,28.3473549024098],[-81.767705074709,28.347395400191],[-81.76847372688641,28.3483220523888],[-81.768775475953,28.3483625470449],[-81.7705690718201,28.3505246999936],[-81.7711725879768,28.3506056761486],[-81.7714288258995,28.3509145501752],[-81.7717305856369,28.35095503621172],[-81.7724251412503,28.35049923043911],[-81.7772533156444,28.3511468599259],[-81.77827837401671,28.3523822907752],[-81.7803907578885,28.35266553854961],[-81.7807380203071,28.3524376091666],[-81.7816433300719,28.3525589853522],[-81.782155896159,28.3531766791702],[-81.7851736386596,28.35358119565331]]},"properties":{"segment_id":"e68895ac25b8de6212632bd3","source_kmz":"withlacoochee","orientation":"unverified"}},{"type":"Feature","geometry":{"type":"LineString","coordinates":[[-82.2578346574452,28.3911535448968],[-82.2575266743698,28.3930334786567],[-82.2523343986145,28.3964751232452],[-82.2522023467675,28.3972807924387],[-82.251856176346,28.3975102244429],[-82.2517681379414,28.3980473356055],[-82.2507296080718,28.398735622257],[-82.2504654641754,28.4003469453642],[-82.2501192764693,28.4005763699171],[-82.2496349730589,28.4035304397368],[-82.2430567942282,28.4078892040508]]},"properties":{"segment_id":"50c57583cd3ce9714bd99ee9","source_kmz":"withlacoochee","orientation":"unverified"}},{"type":"Feature","geometry":{"type":"LineString","coordinates":[[-82.0963674636591,28.3693024068079],[-82.0970604149857,28.36884451536841],[-82.0973623929855,28.3688840796896],[-82.0977088651767,28.3686551311249],[-82.098481324779,28.3695793524284],[-82.0983478481085,28.3703848869208],[-82.0988628345004,28.371001029469],[-82.0988183430234,28.3712695403373],[-82.09907583969182,28.3715776102017],[-82.0981859638903,28.3769477820847],[-82.0967999330088,28.3778635551942],[-82.0973149536965,28.3784796932019],[-82.0976169662526,28.3785192558113],[-82.0973944664476,28.3798617792162],[-82.0991971295277,28.3820182258218],[-82.0991526333114,28.3822867291278],[-82.1006627712679,28.38248450568],[-82.1011778482958,28.3831006176657],[-82.1020839417945,28.3832192687521],[-82.10234148679122,28.3835273211658],[-82.1026435197449,28.3835668690537],[-82.1029010678417,28.3838749198406],[-82.1028120967142,28.3844119267353],[-82.1033272011679,28.3850280252749],[-82.1031047749641,28.3863705378252],[-82.1040109062404,28.3864891715693],[-82.1052987349836,28.3880293886487],[-82.1052542549942,28.388297890295],[-82.1057694009532,28.3889139708393],[-82.10563596322741,28.3897194738944],[-82.105893540994,28.3900275125417],[-82.10584906184312,28.3902960130402],[-82.1085676011866,28.39065181770451],[-82.1092606615057,28.3901938726154],[-82.1107709644696,28.390391502306],[-82.11102856300981,28.3906995280428]]},"properties":{"segment_id":"479e6b81a756a57c6785ba1d","source_kmz":"withlacoochee","orientation":"unverified"}},{"type":"Feature","geometry":{"type":"LineString","coordinates":[[-82.1999187397505,28.3830918792905],[-82.1978555977525,28.3806293148354],[-82.1975093480256,28.3808585807771],[-82.1947907503829,28.3805050288751],[-82.193751972143,28.381192793365],[-82.1934499051669,28.3811535026673],[-82.1931036413367,28.3813827540254],[-82.1924995069102,28.3813041681473],[-82.1914607001929,28.3819919089411],[-82.18209669909352,28.3807733003559],[-82.1800189124521,28.3821485703231]]},"properties":{"segment_id":"1fefa1fe15059c0a1138f909","source_kmz":"withlacoochee","orientation":"unverified"}},{"type":"Feature","geometry":{"type":"LineString","coordinates":[[-82.1274192320349,28.3662336938533],[-82.1276768176156,28.3665416988399]]},"properties":{"segment_id":"fca65db41a2419c493a4a36a","source_kmz":"withlacoochee","orientation":"unverified"}},{"type":"Feature","geometry":{"type":"LineString","coordinates":[[-81.786542093749,28.3200013445341],[-81.7870544982648,28.3206190673851],[-81.7870090432952,28.3208874823066],[-81.7918356384775,28.3215345028742],[-81.7928605509167,28.32276988937],[-81.7931622204653,28.3228103178515],[-81.7936746903642,28.3234280044017],[-81.7945797080868,28.3235492801698],[-81.794835949517,28.3238581198795],[-81.7957409735086,28.3239793856714],[-81.7965097200495,28.3249058928081],[-81.7971130781655,28.3249867278492],[-81.7976255901164,28.3256043919271],[-81.7982289542835,28.3256852205172]]},"properties":{"segment_id":"bae64830cc70f1e148613e2f","source_kmz":"withlacoochee","orientation":"unverified"}},{"type":"Feature","geometry":{"type":"LineString","coordinates":[[-81.7989719250532,28.3194711808718],[-81.7975836023311,28.32038320637791],[-81.7974019149189,28.3214568833978]]},"properties":{"segment_id":"8bf289c56785a3e69d98907c","source_kmz":"withlacoochee","orientation":"unverified"}},{"type":"Feature","geometry":{"type":"LineString","coordinates":[[-81.879256415936,28.3373307772749],[-81.8807959986152,28.3391825162443],[-81.8859261282576,28.3398654320628],[-81.88772253890791,28.3420256647196],[-81.8889296745407,28.3421862936117],[-81.889186317023,28.3424948917873],[-81.8943167154362,28.3431773987881],[-81.9057639540481,28.3356426631539],[-81.9058090398921,28.3353742082551],[-81.9073178843583,28.33557474026181],[-81.9118267841638,28.3326060674853]]},"properties":{"segment_id":"69ac0f2a3bbc8086fccc51ec","source_kmz":"withlacoochee","orientation":"unverified"}},{"type":"Feature","geometry":{"type":"LineString","coordinates":[[-82.1808607206906,28.36580003347],[-82.1801682486755,28.3662584716941],[-82.1791951102299,28.3721664785899],[-82.17815630757352,28.3728541064451],[-82.1781120671129,28.3731226489315],[-82.1777657945831,28.3733518553957]]},"properties":{"segment_id":"ef79a2156dd0e727a6cf1373","source_kmz":"withlacoochee","orientation":"unverified"}},{"type":"Feature","geometry":{"type":"LineString","coordinates":[[-81.7196993406203,28.3030549726988],[-81.7217466396121,28.3055272351924],[-81.7220482135813,28.3055678663533],[-81.7223041355956,28.3058768945238],[-81.7244151700661,28.3061612833914],[-81.7285817139445,28.3034278985679],[-81.7288832837112,28.3034685106481],[-81.7295776802179,28.3030129268895],[-81.72987924898321,28.3030535362009],[-81.7302264437859,28.3028257414679],[-81.7308295808942,28.3029069556099],[-81.735436895865,28.3084689904474],[-81.736643261732,28.3086313540432],[-81.7379232034863,28.3101762989462],[-81.7397327977124,28.3104197959819],[-81.7410128229725,28.3119646966193],[-81.7409216297914,28.3125014991567],[-81.74168967127072,28.3134284285291]]},"properties":{"segment_id":"e66168e478b72972fe8407d3","source_kmz":"withlacoochee","orientation":"unverified"}},{"type":"Feature","geometry":{"type":"LineString","coordinates":[[-81.8232452553732,28.3109167155137],[-81.8237578728995,28.31153427690891],[-81.8236672054321,28.3120711505077],[-81.8229732417412,28.3125273351134],[-81.8226715946367,28.31248698974821],[-81.8202426582243,28.314083589373],[-81.8199410068716,28.3140432364592],[-81.8164709321356,28.316323976097],[-81.8155659603668,28.3162028835354],[-81.8152189406549,28.3164309476808],[-81.8146156262864,28.3163502131126],[-81.814268603407,28.316578274082],[-81.8133636320708,28.316457162939],[-81.8120822174611,28.3149131481308],[-81.8090657262573,28.314509350835],[-81.8085531979926,28.31389172373011],[-81.8078591378422,28.3143478079403],[-81.8066525540369,28.314186251345],[-81.8024880048349,28.3169226045518],[-81.8024426008406,28.3171910286339],[-81.8003602178281,28.3185591351432],[-81.8000585600048,28.318518726543],[-81.8000131474419,28.3187871484712],[-81.7989719250532,28.3194711808718]]},"properties":{"segment_id":"85b9fc30ac8a07282946d904","source_kmz":"withlacoochee","orientation":"unverified"}},{"type":"Feature","geometry":{"type":"LineString","coordinates":[[-81.8899602018906,28.3195434421644],[-81.8904733588042,28.3201606692219],[-81.8904282323843,28.3204291283209],[-81.8906848143002,28.320737740443],[-81.8921933617101,28.3209384937488],[-81.89288702082321,28.3204818694966],[-81.8931887298647,28.3205220156766],[-81.8934453221372,28.3208306210919],[-81.8934002047951,28.32109908097601],[-81.8937019162825,28.3211392256416],[-81.8939585123008,28.3214478293257],[-81.8945619385809,28.32152811457261],[-81.89490876509701,28.32129979573841],[-81.8954219687898,28.321916996183],[-81.8999477293471,28.3225189892719],[-81.9079039133818,28.33208480126221],[-81.9118267841638,28.3326060674853]]},"properties":{"segment_id":"117f8bdfb86d52f350bb006d","source_kmz":"withlacoochee","orientation":"unverified"}},{"type":"Feature","geometry":{"type":"LineString","coordinates":[[-82.2491393867057,28.36890889418971],[-82.2494474684543,28.367028866557],[-82.2484153569641,28.3657980179219]]},"properties":{"segment_id":"52dd331b5894962cf2f46393","source_kmz":"withlacoochee","orientation":"unverified"}},{"type":"Feature","geometry":{"type":"LineString","coordinates":[[-81.8527019960998,28.3173226239673],[-81.8533958387376,28.3168662519228],[-81.8534410808164,28.31659780598901],[-81.8576645769951,28.3171613402913],[-81.8587052959842,28.31647673168082],[-81.8589617501226,28.3167854231882],[-81.8595651098668,28.3168659071366],[-81.8606058098339,28.3161812794768],[-81.86069624719661,28.3156443803321],[-81.8613900329204,28.3151879543481],[-81.8647084757457,28.3156305000689],[-81.86540223969992,28.3151740480037],[-81.86544744276041,28.3149055957972],[-81.86725750371392,28.3151469286279],[-81.8671671085399,28.3156838340265],[-81.8679365620201,28.3166098469116],[-81.86789136595041,28.3168782989745],[-81.8684043455977,28.317495636355],[-81.8683591505395,28.3177640879937],[-81.8701692809864,28.3180053696687],[-81.8725973870804,28.3164076511095],[-81.8735024425407,28.3165282603122],[-81.87384930540182,28.3163000068845],[-81.8744526758441,28.3163804068258],[-81.8747995355339,28.3161521502237],[-81.8757045914002,28.3162727408448],[-81.8781325431622,28.3146748891978],[-81.8814510534079,28.3151169152655],[-81.8860689345606,28.3206722664292],[-81.8872757622131,28.3208329229717],[-81.8886631243241,28.3199197330425],[-81.8889648293545,28.3199598912136],[-81.8893116645503,28.3197315896188],[-81.88961336921741,28.3197717459777],[-81.8899602018906,28.3195434421644]]},"properties":{"segment_id":"3a5d87d566c701175f3bdbcb","source_kmz":"withlacoochee","orientation":"unverified"}},{"type":"Feature","geometry":{"type":"LineString","coordinates":[[-82.2484153569641,28.3657980179219],[-82.2481133196513,28.3657588801286],[-82.2481573337895,28.3654903035889],[-82.2463451214253,28.3652554594019],[-82.2447970657332,28.36340912776],[-82.2444950386344,28.3633699794973],[-82.2421730928994,28.36060041648661],[-82.2403610020256,28.3603654678331],[-82.240103024765,28.3600577296982],[-82.2394989991514,28.3599794050991],[-82.2389830551436,28.3593639231785],[-82.2350569476498,28.3588547099036]]},"properties":{"segment_id":"028a41a4f217d7b5008d6aa9","source_kmz":"withlacoochee","orientation":"unverified"}},{"type":"Feature","geometry":{"type":"LineString","coordinates":[[-82.0968374236793,28.3441237564366],[-82.0978765344226,28.3434368677176],[-82.0984803099331,28.3435159961345],[-82.0991730384245,28.3430580602027],[-82.1009843638705,28.3432954134219],[-82.1013307213679,28.3430664378361],[-82.1016326092754,28.343105992751],[-82.1019789642408,28.3428770149504],[-82.10228085177522,28.3429165680532],[-82.1025382746932,28.34322465235301],[-82.1035773280589,28.3425377065768],[-82.1038347545483,28.3428457880576],[-82.10452744854011,28.3423878166076],[-82.1051312227819,28.3424669076547],[-82.1068629183673,28.3413219474352],[-82.1116931005037,28.341954475986],[-82.1137710103239,28.3405803904766],[-82.11437478030192,28.3406594296576],[-82.1147210907259,28.3404304090876],[-82.1153248605209,28.3405094429302]]},"properties":{"segment_id":"434bcd15581888c6591e4a44","source_kmz":"withlacoochee","orientation":"unverified"}},{"type":"Feature","geometry":{"type":"LineString","coordinates":[[-82.1643225004066,28.3463626870561],[-82.1772077744781,28.3617582215665],[-82.1754380485122,28.3725000549866],[-82.1767269657217,28.3740394672366],[-82.1764614877594,28.3756507105397],[-82.1767192807858,28.3759585897326],[-82.1766307871979,28.3764956689679],[-82.17688858341911,28.3768035470752],[-82.1767115955007,28.377877702639],[-82.1769693962333,28.3781855794438]]},"properties":{"segment_id":"0f77061011014f6872da1890","source_kmz":"withlacoochee","orientation":"unverified"}},{"type":"Feature","geometry":{"type":"LineString","coordinates":[[-81.9547179158154,28.3325325723621],[-81.9564514427735,28.3313900219497],[-81.9567532208549,28.3314299874172],[-81.9570999199723,28.331201472594],[-81.9574016976872,28.3312414362492],[-81.9577483942788,28.3310129192086],[-81.95865372717971,28.33113280216701],[-81.9607338556402,28.3297616562272],[-81.9610356299334,28.3298016097664],[-81.963115687015,28.32843041267291],[-81.9634174576822,28.3284703596221],[-81.96382153800171,28.3260539942335],[-81.9645148520674,28.3255969110213],[-81.9648166132828,28.3256368543135],[-81.9652206400776,28.3232204657312],[-81.96591392334712,28.3227633700507],[-81.9662156751113,28.3228033096863],[-81.9693353512018,28.3207463080758],[-81.9738615738532,28.3213451708228],[-81.974208185381,28.3211165944492],[-81.9859766387831,28.3226726982283]]},"properties":{"segment_id":"a544bb94d3f49b7fffc9126a","source_kmz":"withlacoochee","orientation":"unverified"}},{"type":"Feature","geometry":{"type":"LineString","coordinates":[[-82.263337764596,28.3556623813166],[-82.2629917948808,28.3558918742361],[-82.2623877778449,28.3558136781636],[-82.2616958301379,28.3562726564124],[-82.2610918115798,28.3561944530921],[-82.2610478433874,28.3564630414648],[-82.2595377971856,28.3562675176726],[-82.2529638082028,28.360627427456],[-82.25291981187262,28.3608960093789],[-82.2522277711369,28.36135492023512],[-82.2520957731534,28.3621606629483],[-82.251057686985,28.3628490170724],[-82.2509696796158,28.3633861760318],[-82.2506236446965,28.363615624285],[-82.2502715942772,28.3657642494536],[-82.2499695562254,28.3657251169028],[-82.2496235090131,28.3659545605191],[-82.2484153569641,28.3657980179219]]},"properties":{"segment_id":"bc4a4790bff66d5adf6fa49d","source_kmz":"withlacoochee","orientation":"unverified"}},{"type":"Feature","geometry":{"type":"LineString","coordinates":[[-82.2409080924693,28.3513848376235],[-82.240203581633,28.3556821477644],[-82.2404615459038,28.3559898891676],[-82.2403294441245,28.356795628612],[-82.2389452855719,28.3577132920302],[-82.2386432815395,28.3576741266481],[-82.2382972365453,28.3579035384036],[-82.2379952321333,28.3578643712094],[-82.2373031351902,28.3583231890378],[-82.23700112973951,28.358284019077],[-82.2366550777905,28.3585134251498],[-82.2363530719603,28.358474253377],[-82.2360070174734,28.3587036572375],[-82.23540300533412,28.35862530921012],[-82.2350569476498,28.3588547099036]]},"properties":{"segment_id":"847671492fc524d8768120d8","source_kmz":"withlacoochee","orientation":"unverified"}},{"type":"Feature","geometry":{"type":"LineString","coordinates":[[-82.189921243914,28.3444859772202],[-82.1874983421403,28.3460907836553],[-82.1871964035156,28.3460514716903],[-82.1871522058054,28.3463200366834],[-82.1850386367255,28.3460448282414],[-82.1846924939079,28.3462740733281],[-82.1846040820629,28.346811200724],[-82.1842579349285,28.34704044394431],[-82.184213727365,28.3473090070285],[-82.1838675771334,28.3475382486864],[-82.1837349490983,28.3483439357883],[-82.18338879333,28.3485731752759],[-82.1821507755794,28.3560928234418],[-82.1804197977906,28.3572389594623],[-82.1777657945831,28.3733518553957]]},"properties":{"segment_id":"0f18150662537c94519f3bc1","source_kmz":"withlacoochee","orientation":"unverified"}},{"type":"Feature","geometry":{"type":"LineString","coordinates":[[-82.2350569476498,28.3588547099036],[-82.2319423439508,28.36091925953991],[-82.2318982806619,28.3611878325974],[-82.2315522029713,28.3614172204087],[-82.2258139878827,28.3606725417197],[-82.2252981393136,28.3600569948458],[-82.2249961332336,28.3600177911348],[-82.2247382129864,28.3597100156333],[-82.2244362084061,28.3596708103044],[-82.2241782912569,28.3593630331731],[-82.222668278656,28.3591669898644],[-82.2212838895204,28.36008441882751],[-82.2197738707454,28.3598883349887],[-82.2194277654703,28.360117684311],[-82.2151997409573,28.3595685221517],[-82.2127768868617,28.3611738386224],[-82.2124748826018,28.36113459964],[-82.2122170045487,28.3608267948168],[-82.2119150017889,28.3607875542166],[-82.2116571268339,28.3604797477639],[-82.2095431239062,28.36020503423161],[-82.2088508533589,28.3606636649672],[-82.2076428525873,28.3605066593038],[-82.2073849940496,28.360198842317],[-82.207429134723,28.3599302786834],[-82.2058820268944,28.3580833578547],[-82.2061027458114,28.3567405333213],[-82.2058449043735,28.35643270959561],[-82.2058890479738,28.3561641439609],[-82.2004533940233,28.3554573514905],[-82.1994221375032,28.3542259927285],[-82.1997312716049,28.3523460367086],[-82.1992156638298,28.3517303505848],[-82.1993481496136,28.3509246513968],[-82.1941925244726,28.3447675923719],[-82.193846411712,28.3449968678783],[-82.189921243914,28.3444859772202]]},"properties":{"segment_id":"c8f5c403009e456758dbf246","source_kmz":"withlacoochee","orientation":"unverified"}},{"type":"Feature","geometry":{"type":"LineString","coordinates":[[-81.7350434357763,28.2762933920731],[-81.7348154520859,28.2776355095967],[-81.73446837300682,28.2778633342997],[-81.7343771750578,28.2784001792312],[-81.7348889466634,28.2790182196258],[-81.73579340490122,28.279140007653],[-81.7370728849836,28.2806850821828],[-81.7367081401814,28.2828324499011],[-81.7369640469682,28.283141461348],[-81.73678167020542,28.2842151397693],[-81.73703758144322,28.2845241499189],[-81.7369463926167,28.2850609876619],[-81.73745822328192,28.2856790049358],[-81.7364550982064,28.291584160315],[-81.7367110305432,28.29189316527531],[-81.7356621739723,28.2980666264871],[-81.7395016061356,28.3027015599493],[-81.7394560098878,28.3029699671871],[-81.7397119876389,28.30327895573321],[-81.7396663917475,28.3035473626548],[-81.7399223720146,28.3038563502292],[-81.7398767764795,28.3041247568347],[-81.7401327592628,28.3044337434375],[-81.7400871640841,28.3047021497269],[-81.7403431493833,28.305011135358],[-81.7402519594494,28.3055479470966],[-81.74255592293541,28.3083287769674],[-81.74168967127072,28.3134284285291]]},"properties":{"segment_id":"69f6d29f93ba5cbb59b1f2a6","source_kmz":"withlacoochee","orientation":"unverified"}},{"type":"Feature","geometry":{"type":"LineString","coordinates":[[-82.0247607193229,28.3231265033911],[-82.0250625001205,28.3231662767264],[-82.0254089806563,28.3229375353133],[-82.0272196674827,28.3231761516007],[-82.02825908608091,28.3224899026038],[-82.0285608662518,28.3225296661207],[-82.0313325614711,28.3206996056811],[-82.0325396640804,28.320858620616],[-82.0327967656673,28.3211668906409],[-82.03340032111642,28.3212463914505],[-82.0337467712294,28.321017621842],[-82.0355574404642,28.3212560979766],[-82.035903884781,28.3210273213767],[-82.0368092212671,28.3211465450116],[-82.0371556617484,28.3209177642857],[-82.0377592195167,28.3209972405147],[-82.0381056568159,28.320768456618],[-82.0396145529317,28.3209671274206],[-82.0420395386566,28.3193655714184],[-82.0423413141543,28.31940529632301],[-82.0426877325341,28.3191764966109],[-82.0429895076615,28.3192162197036],[-82.043335923513,28.3189874177759],[-82.0436376982701,28.3190271390567],[-82.0439841115931,28.3187983349135],[-82.0442858859799,28.3188380543824],[-82.0453251127399,28.3181516315242],[-82.045928658441,28.3182310621614],[-82.0466214642926,28.31777343679971],[-82.0481303269667,28.3179719888482],[-82.0498622924429,28.3168278795098]]},"properties":{"segment_id":"837f41f55b5ab4e8bb914a99","source_kmz":"withlacoochee","orientation":"unverified"}},{"type":"Feature","geometry":{"type":"LineString","coordinates":[[-82.03872424589942,28.3411550249117],[-82.0408033215354,28.33978235615371],[-82.0414070174145,28.3398618078517],[-82.0421000250061,28.3394042376933],[-82.0433074149358,28.3395631231635],[-82.043653913302,28.3393343323723],[-82.0436985631929,28.3390658221491],[-82.0468169530986,28.3370066455585],[-82.0468615917139,28.3367381323811],[-82.0475545441759,28.3362805231072],[-82.04835794680321,28.3314472395243],[-82.0493972954876,28.3307607996746],[-82.0500009350229,28.33084020468072],[-82.05034737952572,28.3306113869662],[-82.0503920035521,28.3303428678269],[-82.051777757927,28.3294275831433],[-82.0526832067305,28.3295466696039],[-82.0537224969345,28.3288601842605],[-82.054213217566,28.3259064333101],[-82.05241289844,28.3237489125894],[-82.0528590241434,28.32106365507151],[-82.0497730550062,28.3173649361183],[-82.0498622924429,28.3168278795098]]},"properties":{"segment_id":"b560931c20a062839fe4c4fb","source_kmz":"withlacoochee","orientation":"unverified"}},{"type":"Feature","geometry":{"type":"LineString","coordinates":[[-81.76973199858071,28.2790368520966],[-81.7686910206092,28.2797206604673],[-81.76860003780472,28.2802575319871],[-81.7675590356664,28.2809413271276],[-81.7675135401607,28.2812097616494],[-81.7678150493957,28.2812502661305],[-81.766313566592,28.29010849171531],[-81.7656194739034,28.2905643297604],[-81.7650163914336,28.29048330951821],[-81.7636281784466,28.291394962787],[-81.7618189224607,28.2911518585704],[-81.7597365236184,28.2925192661217],[-81.7579272547725,28.2922760966691],[-81.7545992578011,28.2882596301105],[-81.7542977299156,28.28821908904551],[-81.7540417444613,28.2879101232742],[-81.7528356407048,28.2877479474305],[-81.7525796620157,28.2874389777715],[-81.7526252082543,28.2871705540049],[-81.7508160742425,28.2869272606255],[-81.7483865162365,28.2885223322819],[-81.7482953951172,28.2890591740858],[-81.7469070253312,28.2899706133134],[-81.7466054950346,28.2899300507035],[-81.746258397268,28.2901579063927],[-81.7462128292196,28.29042632533921],[-81.7458657283592,28.2906541794552],[-81.7419456888386,28.3137374032594]]},"properties":{"segment_id":"3591146f59632e26bb699f18","source_kmz":"withlacoochee","orientation":"unverified"}},{"type":"Feature","geometry":{"type":"LineString","coordinates":[[-81.95107671781781,28.302685063111],[-81.9544146052224,28.3066952444312],[-81.9749301067617,28.3094115118688],[-81.97955381486051,28.3149629011952]]},"properties":{"segment_id":"f837898c457a4851a56d0a0d","source_kmz":"withlacoochee","orientation":"unverified"}},{"type":"Feature","geometry":{"type":"LineString","coordinates":[[-82.1687088259452,28.3291029915386],[-82.166978218531,28.3302489905562],[-82.1643225004066,28.3463626870561]]},"properties":{"segment_id":"28a3bed5e225bfbde51b9a92","source_kmz":"withlacoochee","orientation":"unverified"}},{"type":"Feature","geometry":{"type":"LineString","coordinates":[[-81.8122332422123,28.2811680486338],[-81.8091112099375,28.2832206714196],[-81.8084760752503,28.2869789608719],[-81.8089884399032,28.28759663189801],[-81.8083986382795,28.2910864327242],[-81.8056230978906,28.2929108442048],[-81.80351212182461,28.2926280510876],[-81.7996955084755,28.2951364111947],[-81.79965010731371,28.2954048494043],[-81.7993031300167,28.2956328742498],[-81.7995593041255,28.295941725199],[-81.7987874304865,28.300505135837],[-81.7990436174685,28.3008139840802],[-81.7987711754765,28.3024245845901],[-81.7990273682128,28.3027334313192],[-81.7989365532043,28.3032702962748],[-81.7982425283598,28.303726330665],[-81.7981971179758,28.3039947622149],[-81.798453313372,28.3043036090511],[-81.7980900251013,28.3064510530959],[-81.7977429982822,28.3066790662723],[-81.797606756753,28.3074843534334],[-81.798119166246,28.3081020434293],[-81.7979829260063,28.3089073280698],[-81.7965947660329,28.3098193659338],[-81.7964585085118,28.3106246450087],[-81.797665022024,28.3107863182858],[-81.7979212360507,28.31109516090642],[-81.8000326543636,28.3113780508813],[-81.8015700292277,28.3132310566834],[-81.801433813585,28.3140363349142],[-81.7990044317759,28.3156324449794],[-81.7987319412979,28.3172429829039],[-81.7992444181406,28.3178606517238],[-81.7989719250532,28.3194711808718]]},"properties":{"segment_id":"6bb6013dae9bf71e8047e98d","source_kmz":"withlacoochee","orientation":"unverified"}},{"type":"Feature","geometry":{"type":"LineString","coordinates":[[-81.74044918674831,28.26988253658701],[-81.7397551206567,28.2703382306429],[-81.739709542652,28.270606660775],[-81.7382022563221,28.2704037272106],[-81.73794638353462,28.270094708399],[-81.7373434734741,28.2700135274712],[-81.7366493895841,28.2704692011727],[-81.735783169512,28.2755693110364],[-81.7354361015138,28.2757971401219],[-81.7353905068674,28.2760655645613],[-81.7350434357763,28.2762933920731]]},"properties":{"segment_id":"dea981c284eb446ef040fdf0","source_kmz":"withlacoochee","orientation":"unverified"}},{"type":"Feature","geometry":{"type":"LineString","coordinates":[[-81.92914023271581,28.2937369795099],[-81.9301668126289,28.2949711369517],[-81.9307700843561,28.295051223175],[-81.9325666883876,28.2972109547336],[-81.9331699783606,28.2972910269261],[-81.933426646012,28.297599555025],[-81.93377326947581,28.2973710956929],[-81.9352815022602,28.2975712526225],[-81.9360515364869,28.29849681841131],[-81.9369564905787,28.2986168954739],[-81.9377265526525,28.2995424466461],[-81.93832986413781,28.2996224891935],[-81.93867648264771,28.2993940151546],[-81.9395814500641,28.2995140696864],[-81.940094847501,28.3001310905955],[-81.9403965063207,28.3001711055447],[-81.9411666201853,28.3010966281365],[-81.941769946011,28.3011766509198],[-81.9422833695038,28.301793658618],[-81.9425850352881,28.3018336672097],[-81.9429316513651,28.3016051806807],[-81.942976601087,28.3013366862088],[-81.9438815953904,28.3014567036825],[-81.9441383147523,28.3017652026615],[-81.9444849263527,28.3015367110492],[-81.9447865922619,28.3015767134479],[-81.9451332013387,28.3013482196184],[-81.9460381988253,28.3014682188095],[-81.9462949260878,28.3017767125939],[-81.9468982616153,28.3018567062569],[-81.9471549931937,28.3021651976594],[-81.95107671781781,28.302685063111]]},"properties":{"segment_id":"29049e43b126e262753f69f7","source_kmz":"withlacoochee","orientation":"unverified"}},{"type":"Feature","geometry":{"type":"LineString","coordinates":[[-82.1435912848908,28.3206116176821],[-82.1500294853978,28.32831142414941],[-82.1499408721261,28.328848548026],[-82.1502427319697,28.328887967044],[-82.1501098127656,28.3296936515998],[-82.1506249284689,28.3303096100426],[-82.150580622818,28.3305781709287],[-82.1544442396943,28.3351977468238],[-82.1556517798338,28.3353553642317],[-82.1559093741838,28.3356633259682],[-82.1589282564269,28.3360573018893],[-82.16176205231511,28.3394447400785],[-82.1612307330506,28.342667435569],[-82.1643225004066,28.3463626870561]]},"properties":{"segment_id":"db3bb14f0db2a2be06fddba1","source_kmz":"withlacoochee","orientation":"unverified"}},{"type":"Feature","geometry":{"type":"LineString","coordinates":[[-81.8575862865799,28.2828391862779],[-81.8581894029212,28.2829196851573],[-81.8587021058613,28.28353712407],[-81.8586568981565,28.2838055954866],[-81.8594259685434,28.2847317470363],[-81.8593807624973,28.2850002179179],[-81.8601498516679,28.2859263613498],[-81.8600142376453,28.28673177176581],[-81.8605269770053,28.287349195739],[-81.86113012829581,28.2874296770511],[-81.8616428800295,28.2880470945343],[-81.8640555162248,28.2883689734247],[-81.8645682950012,28.28898637533541],[-81.8654730456417,28.2891070612505],[-81.8672678559714,28.2912679247742],[-81.8668159965422,28.2939526114039],[-81.8670724119915,28.2942613016428],[-81.8669820379617,28.29479823625442],[-81.8690334393106,28.2972677252637],[-81.8697270293177,28.29681122315211],[-81.8703302568251,28.2968916504878],[-81.8702399006645,28.2974285841551],[-81.8704963391452,28.2977372633581],[-81.8704511612838,28.2980057297711],[-81.8707076022852,28.2983144079999],[-81.8704817119215,28.2996567364018],[-81.8715075076248,28.3008914384882],[-81.8721107659236,28.3009718549045],[-81.8734979659808,28.30005881450951],[-81.87375442432521,28.3003674837596],[-81.8776756133607,28.300890047438],[-81.8789580126279,28.3024333314973],[-81.8789128591157,28.3027017981865],[-81.879214498097,28.3027419857122],[-81.8790790386483,28.3035473848301],[-81.8803615038133,28.3050906412909],[-81.8802260515254,28.3058960369094],[-81.8804825521227,28.306204685279],[-81.880211643704,28.3078154702533],[-81.88046815007,28.3081241171062],[-81.8803326939393,28.3089295064624],[-81.8805892041258,28.3092381521242],[-81.8811925305924,28.3093185154723],[-81.8878625162284,28.3173429594955],[-81.8881642116852,28.317383120199],[-81.8899602018906,28.3195434421644]]},"properties":{"segment_id":"1662caf995c6d9b7e803cf27","source_kmz":"withlacoochee","orientation":"unverified"}},{"type":"Feature","geometry":{"type":"LineString","coordinates":[[-81.8562896278254,28.2832151201129],[-81.8569831713864,28.2827586839737],[-81.8575862865799,28.2828391862779]]},"properties":{"segment_id":"e3c0e561499457bbb77f366f","source_kmz":"withlacoochee","orientation":"unverified"}},{"type":"Feature","geometry":{"type":"LineString","coordinates":[[-81.732765978472,28.26610220354801],[-81.7330218202707,28.2664112380203],[-81.7323277426564,28.2668668879277],[-81.7325835851666,28.2671759228297],[-81.7331864704438,28.2672571312523],[-81.7334423172696,28.2675661637789],[-81.7337437615657,28.2676067659508],[-81.7339996114838,28.26791579685751],[-81.7346025033908,28.2679969971229],[-81.735370071698,28.26892408012341],[-81.7353244805454,28.2691925093796],[-81.7355803410303,28.2695015352094],[-81.7354435677722,28.2703068213996],[-81.7356994320612,28.2706158460393],[-81.7356538410419,28.2708842742434],[-81.73590970784481,28.2711932979103],[-81.7350434357763,28.2762933920731]]},"properties":{"segment_id":"e37e59eb1e83dede8019d27d","source_kmz":"withlacoochee","orientation":"unverified"}},{"type":"Feature","geometry":{"type":"LineString","coordinates":[[-82.2153968556374,28.3283228776337],[-82.2138874177813,28.3281266943482],[-82.2128494384819,28.3288147383923],[-82.2125475497763,28.3287754963004],[-82.2122015522641,28.3290048408443],[-82.2118996631805,28.3289655969409],[-82.211553663133,28.3291949392722],[-82.2112517736714,28.32915569355722],[-82.2109057710885,28.3293850336758],[-82.2108616574067,28.32965362016],[-82.2098236347392,28.3303416320548],[-82.2096912810427,28.3311473875317],[-82.2065770787661,28.3332113470643],[-82.2064446896357,28.3340170924758],[-82.2057526167226,28.3344757344852],[-82.2057084840137,28.3347443152679],[-82.2046703569077,28.33543226793291],[-82.20462622026112,28.3357008475973],[-82.2042801729189,28.3359301623318],[-82.2041918963465,28.3364673204329],[-82.2038899843343,28.336428054658],[-82.2035439320184,28.3366573665719],[-82.2032420196285,28.3366180989853],[-82.2030213078073,28.3379609881301],[-82.2023291840357,28.33841960323541],[-82.2022850383917,28.3386881798367],[-82.2015929046724,28.3391467893009],[-82.2006871443916,28.3390289681934],[-82.2003410727414,28.3392582681744],[-82.2000391525507,28.3392189918027],[-82.199693078365,28.3394482895708],[-82.1993911577967,28.3394090113874],[-82.19523811323371,28.342160474994],[-82.19463425714491,28.342081893146],[-82.193942054135,28.3425404489773],[-82.1930362681588,28.342422564048],[-82.189921243914,28.3444859772202]]},"properties":{"segment_id":"42d6ba52c7df7225fe0ffaaf","source_kmz":"withlacoochee","orientation":"unverified"}},{"type":"Feature","geometry":{"type":"LineString","coordinates":[[-81.936720460219,28.2889793386682],[-81.9369771156014,28.2892878649542],[-81.93727873428111,28.2893278898495],[-81.937535392757,28.2896364145112],[-81.939646740056,28.2899165594966],[-81.9403398885544,28.2894595899806],[-81.9406415094372,28.2894996053569],[-81.9408981806977,28.2898081217948],[-81.9411998030872,28.2898481355571],[-81.9415463737976,28.28961964634731],[-81.9418030487222,28.2899281605125],[-81.9421046719677,28.2899681717057],[-81.942618029876,28.29058519592081],[-81.9435229086524,28.2907052198164],[-81.9442929705485,28.2916307428204],[-81.9442030894903,28.2921677463248],[-81.9435099396708,28.2926247376784],[-81.9434649962709,28.2928932385052],[-81.9439783818521,28.2935102514468],[-81.9442800188985,28.2935502561181],[-81.9442350774512,28.2938187566176],[-81.9465454220985,28.2965952641534],[-81.9483553219436,28.2968352338771],[-81.9487019019516,28.296606725624],[-81.9490035522731,28.29664671662511],[-81.94951700103312,28.2972636968619],[-81.94947207423601,28.2975321969521],[-81.9497288020759,28.2978406856613],[-81.949638948928,28.29837768500011],[-81.9498956799426,28.2986861726246],[-81.9496261175604,28.3002971649995],[-81.9502294456844,28.3003771401493],[-81.9504861849212,28.3006856247378],[-81.9503064810572,28.3017596158531],[-81.95107671781781,28.302685063111]]},"properties":{"segment_id":"4fa90e2318dd86688bc9a89d","source_kmz":"withlacoochee","orientation":"unverified"}},{"type":"Feature","geometry":{"type":"LineString","coordinates":[[-82.0498622924429,28.3168278795098],[-82.0509014492335,28.316141398781],[-82.0509460638648,28.3158728692493],[-82.0523315751258,28.3149575427424],[-82.0523761845915,28.3146890117815],[-82.0530689265336,28.3142313403543],[-82.0531135332748,28.313962808575],[-82.0534152946929,28.31400250275],[-82.0541080253879,28.3135448237602],[-82.05440978578122,28.3135845151686],[-82.0544543879236,28.3133159823747],[-82.0548007485849,28.3130871397287],[-82.0548899495791,28.3125500729079],[-82.0555826603963,28.3120923826127],[-82.0556718553758,28.3115553137404],[-82.0560182055319,28.3113264660912],[-82.0560628013764,28.3110579310385],[-82.0567554936244,28.3106002313478],[-82.0568446795823,28.3100631593982],[-82.05719102045391,28.3098343070512],[-82.0573247936058,28.3090286966547],[-82.0576711289421,28.3087998421308],[-82.0578048958844,28.3079942289509],[-82.059190203843,28.3070787945851],[-82.05893304888902,28.3067705767435],[-82.0592451322557,28.3048907960756],[-82.0595914454519,28.3046619328437],[-82.0596360264374,28.3043933916128]]},"properties":{"segment_id":"02ac0379f54e35cff5358721","source_kmz":"withlacoochee","orientation":"unverified"}},{"type":"Feature","geometry":{"type":"LineString","coordinates":[[-82.0069718152715,28.2966311959924],[-82.0090273457602,28.2990979806646],[-82.01445776718971,28.29981461488971],[-82.0162566085249,28.3019729103961],[-82.0225923959019,28.3028085214056],[-82.0231064186987,28.3034251376075],[-82.0234081284231,28.3034649176682],[-82.02479373439311,28.3025499187398],[-82.0253971494687,28.3026294686514],[-82.0260899385994,28.30217195780231],[-82.0263916452566,28.3022117295632],[-82.0264363303542,28.3019432004865],[-82.0261793103845,28.3016348996378],[-82.0268720871383,28.3011773825218],[-82.0269167701642,28.3009088525164],[-82.0281235820288,28.3010679256013],[-82.029151694605,28.3023011069007],[-82.0298444607372,28.30184357129791],[-82.0299784817102,28.3010379783334],[-82.0297214515804,28.3007296852802],[-82.0299894897869,28.2991184930896],[-82.03172131457191,28.2979746214996],[-82.0326263984229,28.2980938877874],[-82.0329727557997,28.2978651068225],[-82.0332744503307,28.2979048595836],[-82.0336208051807,28.2976760764031],[-82.0342241937869,28.2977555774457],[-82.0380339591124,28.295238858246],[-82.0392407109828,28.2953978080389],[-82.0395870394308,28.295169004001],[-82.0432073144092,28.2956457596853],[-82.0438999500033,28.2951881249125],[-82.0454084034194,28.2953867271592],[-82.0457547151388,28.295157903108],[-82.0499784132322,28.29571386209802],[-82.0517780735594,28.297871582205],[-82.0523814806142,28.2979509805915],[-82.0528956910232,28.2985674612034],[-82.05319739741552,28.2986071575944],[-82.05315279903851,28.2988757002072],[-82.0536670206905,28.2994921756105],[-82.0539687307431,28.2995318697257],[-82.0539241343273,28.29980041201],[-82.0535778257018,28.3000292597753],[-82.0535332277827,28.3002978015463],[-82.05507594948061,28.3021472049514],[-82.0574897188834,28.3024646998259],[-82.0577468554865,28.30277292461931],[-82.0583503031088,28.3028522882534],[-82.0596360264374,28.3043933916128]]},"properties":{"segment_id":"478683df5c3dc6424e579d19","source_kmz":"withlacoochee","orientation":"unverified"}},{"type":"Feature","geometry":{"type":"LineString","coordinates":[[-81.87644449716032,28.2697079321372],[-81.8777264013996,28.2712513572254],[-81.8783294542953,28.2713317447557],[-81.8790227815565,28.2708751511893],[-81.8793243071363,28.2709153417597],[-81.8795806984064,28.2712240206127],[-81.8798822254944,28.27126420957],[-81.8797919573134,28.2718011874205],[-81.8828688286962,28.2755052543895],[-81.8852811879588,28.2758266641442],[-81.8865633460778,28.2773699582891],[-81.8871664509743,28.2774502945959],[-81.8887051171178,28.2793022099014],[-81.8902129210222,28.2795030129736],[-81.8909822976791,28.28042894757692],[-81.8970136581597,28.2812319003872],[-81.901117675721,28.2861698443283],[-81.9010726012123,28.286438331827],[-81.9018421597883,28.2873641713011],[-81.9017970869425,28.2876326582646],[-81.9020536108605,28.2879412695811],[-81.90169302299232,28.2900891569263],[-81.9019495539795,28.2903977665048],[-81.9012283337054,28.29469349950781],[-81.9048201096186,28.2990139182704],[-81.9047299701299,28.2995508781046],[-81.9053332504154,28.2996311070935],[-81.9078990667277,28.3027169992452],[-81.907808942839,28.3032539564691],[-81.9106315713329,28.3066483354152],[-81.9105865161109,28.3069168125198],[-81.91088818515782,28.3069569101232],[-81.9111448008552,28.3072654839652],[-81.9132565007478,28.3075461379071],[-81.9137697548721,28.3081632723897],[-81.9140714298739,28.3082033608694],[-81.9148413287715,28.3091290538258],[-81.9154446869667,28.3092092236713],[-81.9162146100518,28.3101349042889],[-81.9180247135016,28.3103753796363],[-81.9187181464782,28.3099185750076],[-81.9193215139804,28.3099987227826],[-81.9195781696761,28.3103072738993],[-81.9194881118498,28.3108442303041],[-81.9200014314614,28.3114613295047],[-81.9198663464809,28.3122667619026],[-81.9201230110475,28.312575309878],[-81.91980780730691,28.3144546441121],[-81.9210911810027,28.3159973671983],[-81.9207759860231,28.3178766874608],[-81.9215460463799,28.3188023086417],[-81.9221494799483,28.3188824385754],[-81.9229195644984,28.3198080474174],[-81.9228745412777,28.3200765204577],[-81.9231312405248,28.3203850548979],[-81.92373468688992,28.32046517554331],[-81.924761512391,28.32169929858451],[-81.9246714753461,28.3222362433542],[-81.9252749363814,28.3223163549092],[-81.9257883678651,28.32293340777],[-81.9375561818931,28.3244948391412],[-81.9398671454041,28.3272712682238]]},"properties":{"segment_id":"ce6889e182da36c548ed02d6","source_kmz":"withlacoochee","orientation":"unverified"}},{"type":"Feature","geometry":{"type":"LineString","coordinates":[[-81.7408071239308,28.2496122872515],[-81.7349087531731,28.2534857516591],[-81.732765978472,28.26610220354801]]},"properties":{"segment_id":"3885e53665a1235a5fd9c651","source_kmz":"withlacoochee","orientation":"unverified"}},{"type":"Feature","geometry":{"type":"LineString","coordinates":[[-81.8435204887434,28.2620188871982],[-81.8442891954781,28.2629452007819],[-81.8441534673314,28.2637506396356],[-81.8456909429457,28.2656032414595],[-81.84564570354321,28.2658717200049],[-81.8462486875955,28.2659522899386],[-81.8472737211033,28.2671873340151],[-81.84692698788281,28.2674155305024],[-81.84662549017712,28.2673752480347],[-81.8459320168303,28.2678316353084],[-81.8458867770014,28.2681001123842],[-81.8448465492901,28.2687846828959],[-81.8453590692264,28.2694022088043],[-81.8453138267401,28.2696706845295],[-81.8455700901612,28.2699794460759],[-81.8455248480358,28.2702479214835],[-81.8458263554524,28.2702882067566],[-81.8455096590815,28.272167529468],[-81.8508917574829,28.278651287753],[-81.8511932973988,28.2786915569756],[-81.8540128344457,28.2820876506323],[-81.8573299403607,28.2825304640094],[-81.8575862865799,28.2828391862779]]},"properties":{"segment_id":"a5c012372bf2a6af7af258e2","source_kmz":"withlacoochee","orientation":"unverified"}},{"type":"Feature","geometry":{"type":"LineString","coordinates":[[-81.7439295722566,28.2475614816397],[-81.7408071239308,28.2496122872515]]},"properties":{"segment_id":"6083679e1a4d4af2adca3604","source_kmz":"withlacoochee","orientation":"unverified"}},{"type":"Feature","geometry":{"type":"LineString","coordinates":[[-81.9625041513049,28.2767535003257],[-81.9631970685023,28.2762963666259],[-81.963498653263,28.2763363188014],[-81.9660658841565,28.27942100105181],[-81.966367481409,28.27946094479371],[-81.9663226175413,28.2797294645071],[-81.9666242160145,28.27976940749121],[-81.9669706767683,28.2795408297083],[-81.9672274138152,28.2798492908904],[-81.9675290131427,28.2798892313054],[-81.9680424952939,28.2805061495521],[-81.96834409734761,28.2805460875953],[-81.9686008424519,28.28085454466],[-81.9684214106684,28.2819286220914],[-81.96867816025,28.2822370778511],[-81.9693710889972,28.2817799106509],[-81.9702759115154,28.2818997105486],[-81.9709688288662,28.28144253257191],[-81.97398490940361,28.2818417907996],[-81.9762959032087,28.2846177416058],[-81.97720076587962,28.2847374819126],[-81.9778936690503,28.2842802623892],[-81.9779833278792,28.28374321944481],[-81.9783297742147,28.2835146071777],[-81.9810443431499,28.2838737542932],[-81.9813011446531,28.2841821781143],[-81.9819043877652,28.2842619776479],[-81.982161193582,28.2845703990858],[-81.9827644402734,28.2846501936779],[-81.9830212504039,28.2849586127327],[-81.9893554349873,28.2857962332025]]},"properties":{"segment_id":"462b844800c37774a777771d","source_kmz":"withlacoochee","orientation":"unverified"}},{"type":"Feature","geometry":{"type":"LineString","coordinates":[[-82.0596360264374,28.3043933916128],[-82.060328644767,28.3039356607568],[-82.0603732230291,28.3036671187073],[-82.0607195281626,28.3034382510832],[-82.0610212556001,28.3034779248594],[-82.0613675582054,28.3032490550201],[-82.0625744681697,28.3034077377383],[-82.063959649385,28.3024922305014],[-82.0651665534123,28.3026508842352],[-82.0651219909044,28.3029194290004],[-82.0663289032076,28.3030780694185],[-82.069791684927,28.3007891397808],[-82.07009340716851,28.300828788196],[-82.07043967437852,28.3005998873461],[-82.0710431184015,28.300679179697],[-82.0713893824289,28.3004502756775],[-82.0735014408388,28.3007277652353],[-82.0759252044958,28.299125355033],[-82.0760142566342,28.2985882509423],[-82.0763604986491,28.2983593295475],[-82.0764050230744,28.2980907768853],[-82.0770974990425,28.2976329297042],[-82.0771420207457,28.2973643762235],[-82.0788731717713,28.2962197346909],[-82.0789176870933,28.2959511794751],[-82.0792193963543,28.295990802604],[-82.0795755012591,28.293842352621],[-82.0809603418239,28.292926601896],[-82.08100484878692,28.2926580434918],[-82.0813065472803,28.29269766106451],[-82.08157357750251,28.2910863056913],[-82.0826121606776,28.2903994701368],[-82.0829138518689,28.2904390834019],[-82.0831363463073,28.2890962764743],[-82.0845210706352,28.2881804681648],[-82.0846545492756,28.2873747778492],[-82.0843973614487,28.28706660542892]]},"properties":{"segment_id":"4bf39d684ecff1d4b11411a3","source_kmz":"withlacoochee","orientation":"unverified"}},{"type":"Feature","geometry":{"type":"LineString","coordinates":[[-81.7833138202829,28.2443447716872],[-81.7856175324428,28.24712511885861],[-81.7853904292692,28.2484674471202],[-81.7866703509015,28.2500120514207],[-81.7865795140764,28.25054898017],[-81.7868355053005,28.2508578982159],[-81.7867446686154,28.251394825911],[-81.786397836969,28.2516228351614],[-81.7863524169719,28.2518912983869],[-81.7860510034542,28.25185084314751],[-81.78501049169842,28.2525348595208],[-81.7838293509875,28.2595148033956],[-81.7840853592919,28.2598237207556],[-81.783631028989,28.2625082758742],[-81.78721543197412,28.2668330128298],[-81.7875168994097,28.2668734631863],[-81.7873351991513,28.2679472736882],[-81.7893836243868,28.270418466296],[-81.7876120068998,28.2808879098423],[-81.7881241823364,28.2815056908649],[-81.7867157008752,28.289827323342],[-81.78428673663092,28.2914231997838],[-81.7840140439207,28.2930338022592],[-81.7842701543347,28.2933426919938],[-81.7840429057111,28.2946848544545],[-81.7878848348852,28.2993180886105],[-81.78752129971011,28.3014655247297],[-81.7893143802598,28.3036276280454],[-81.7886327699871,28.3076540235179],[-81.790169827374,28.30950721148981],[-81.7904714483281,28.3095476489743],[-81.7908185065209,28.3093196611426],[-81.7911201271163,28.3093600968148],[-81.7913763129212,28.3096689562907],[-81.7916779350291,28.3097093903504],[-81.7916325005973,28.3099778149023],[-81.7924010748526,28.310904385551],[-81.7927027018565,28.3109448165855],[-81.7929588982414,28.31125367098341],[-81.792822603789,28.3120589423949],[-81.791781406081,28.3127429167334],[-81.7915087873559,28.3143534484017],[-81.7904675507721,28.31503740582322],[-81.7903312264982,28.3158426660805],[-81.7905874290601,28.3161515222086],[-81.7912815971529,28.3156955524084],[-81.7915378027401,28.3160044063754],[-81.7921410925918,28.31608527138521],[-81.7926535142773,28.3167029737012],[-81.7929551620842,28.316743403409],[-81.7942362551704,28.31828764029291],[-81.7948395638912,28.3183684895761],[-81.7974019149189,28.3214568833978]]},"properties":{"segment_id":"5c2392c281ab957e8847a157","source_kmz":"withlacoochee","orientation":"unverified"}},{"type":"Feature","geometry":{"type":"LineString","coordinates":[[-82.0288257612094,28.2764619523076],[-82.0290827143554,28.2767702671387],[-82.0302891860013,28.27692932581351],[-82.0308031076692,28.277545946805],[-82.0344225790941,28.2780230224077],[-82.0351151179383,28.2775654234762],[-82.0354167410935,28.2776051723],[-82.0359307042333,28.278221767508],[-82.0362323301112,28.2782615139586],[-82.0358860617979,28.2784903172611],[-82.0358414190791,28.2787588668061],[-82.0363553923217,28.2793754581021],[-82.0372602837425,28.2794946909229],[-82.0380312686302,28.28041956453],[-82.0379866317024,28.2806881136124],[-82.0376403582021,28.28091692114871],[-82.0375510810567,28.2814540180776],[-82.0383220869776,28.2823788848288],[-82.0382774499391,28.282647432652],[-82.038579092697,28.2826871720095],[-82.0388361002894,28.282995458322],[-82.040042679034,28.2831544041527],[-82.0402996933787,28.2834626865634],[-82.0418079292833,28.2836613457874],[-82.0430930595981,28.2852027258575],[-82.0430484362138,28.2854712736859],[-82.0443336166228,28.2870126315028],[-82.0512718950943,28.2879260159269],[-82.0528143417416,28.2897755119826],[-82.0561327822959,28.29021213776271],[-82.0564790438217,28.2899832758215],[-82.0576857553553,28.2901420193151],[-82.05845706056031,28.2910667195386],[-82.0587587428107,28.2911064009946],[-82.0590158495126,28.2914146319072],[-82.0611276417277,28.2916923728027],[-82.0618989986908,28.2926170443995],[-82.0625915083551,28.292159284739],[-82.06289319644081,28.2921989543979],[-82.0629377603768,28.2919304030181],[-82.0635411355234,28.2920097395701],[-82.0649261196425,28.2910941924462],[-82.0655294906894,28.2911735179343],[-82.0662219688914,28.290715732992],[-82.0664791015978,28.2910239462456],[-82.0667807874574,28.2910636050367],[-82.0672950609306,28.2916800274213],[-82.0675967495124,28.2917196838384],[-82.0678538902792,28.2920278929694],[-82.0684572707308,28.2921072017162],[-82.0688035066681,28.2918783009402],[-82.0706136508863,28.2921162008928],[-82.0723447828453,28.2909716494704],[-82.0723893161305,28.2907030932824],[-82.0734279691625,28.2900163463894],[-82.0734724985062,28.2897477890769],[-82.0745111310164,28.2890610299252],[-82.0747337552014,28.2877182356624],[-82.0750799561933,28.2874893118966],[-82.0751690014496,28.2869521921261],[-82.07547067686171,28.2869918267836],[-82.075816872887,28.2867629001917],[-82.0791353138782,28.2871988143856],[-82.079481500834,28.2869698760338],[-82.0797831783291,28.2870094985024]]},"properties":{"segment_id":"b0573a071f3c8ee02c0ab16b","source_kmz":"withlacoochee","orientation":"unverified"}},{"type":"Feature","geometry":{"type":"LineString","coordinates":[[-81.7143954221643,28.2345191457087],[-81.7166966030068,28.2373010522953],[-81.7172992602858,28.2373823568549],[-81.717554958827,28.2376914517533],[-81.7181576197093,28.23777275138],[-81.7191804423285,28.23900911628562],[-81.7212897987725,28.2392936168785],[-81.72333560212081,28.2417662628889],[-81.7239382975612,28.2418475289858],[-81.7241940338285,28.2421566043358],[-81.724796732872,28.24223786549941],[-81.7276099819676,28.2456376206691],[-81.7273819629786,28.2469798304587],[-81.7296839093257,28.2497613656116],[-81.728999895998,28.2537879489053],[-81.7300230705075,28.2550241577393],[-81.7289741829826,28.2611981507773],[-81.7320440638252,28.264906664277],[-81.7319984642871,28.2651750949454],[-81.732765978472,28.26610220354801]]},"properties":{"segment_id":"32f19be6467dabbae81146c4","source_kmz":"withlacoochee","orientation":"unverified"}},{"type":"Feature","geometry":{"type":"LineString","coordinates":[[-81.7792020185947,28.2413215130078],[-81.7804817192687,28.2428662205962],[-81.7813858567303,28.2429876338164],[-81.7816418061359,28.2432965704702],[-81.7819431870883,28.2433370390763],[-81.7821991395842,28.2436459741089],[-81.7828019047978,28.2437269072419],[-81.7833138202829,28.2443447716872]]},"properties":{"segment_id":"4facd055c101dc48fcce07c1","source_kmz":"withlacoochee","orientation":"unverified"}},{"type":"Feature","geometry":{"type":"LineString","coordinates":[[-82.0962360625925,28.2825834414705],[-82.0985510859146,28.2853567378696]]},"properties":{"segment_id":"fd62d9ac62994e48c94f0458","source_kmz":"withlacoochee","orientation":"unverified"}},{"type":"Feature","geometry":{"type":"LineString","coordinates":[[-82.0979250794343,28.2723775572818],[-82.0962360625925,28.2825834414705]]},"properties":{"segment_id":"9fffc4274fa35a0cdc8a710d","source_kmz":"withlacoochee","orientation":"unverified"}},{"type":"Feature","geometry":{"type":"LineString","coordinates":[[-81.937810453676,28.24932420689481],[-81.9408890464671,28.2530268193109],[-81.9406194580633,28.2546379820497],[-81.94241545555052,28.25679777700161],[-81.9423705277035,28.25706630262581]]},"properties":{"segment_id":"47b2ce14ae989de6aacd524e","source_kmz":"withlacoochee","orientation":"unverified"}},{"type":"Feature","geometry":{"type":"LineString","coordinates":[[-82.1940067868868,28.30277051409301],[-82.1945807564231,28.29927871856392],[-82.1959644399229,28.2983614898091],[-82.1960085845903,28.29809288748441],[-82.1963544995584,28.2978635768449],[-82.1963986427274,28.29759497400841],[-82.1967445546019,28.2973656618061],[-82.1967886962724,28.29709705845781],[-82.1971346050534,28.2968677446924],[-82.1971787452256,28.2965991408324],[-82.197524650913,28.2963698255042],[-82.1975687895869,28.2961012211323],[-82.1986064917426,28.29541326668331],[-82.1986506264821,28.2951446611907],[-82.1989965222319,28.2949153402197],[-82.1991289211148,28.2941095215846],[-82.1994748113353,28.2938801984417],[-82.2012398400614,28.283135759404]]},"properties":{"segment_id":"d2ff7f7b8210b56bb5e843fe","source_kmz":"withlacoochee","orientation":"unverified"}},{"type":"Feature","geometry":{"type":"LineString","coordinates":[[-82.2279327627039,28.321447492369],[-82.225870308975,28.3189850727018],[-82.225914369419,28.3187164725297],[-82.2251409822133,28.3177930504675],[-82.2251850443529,28.3175244497586],[-82.22466946358291,28.3169088304799],[-82.2247135267594,28.3166402293442],[-82.2244557398478,28.3163324182896],[-82.225336957767,28.3109603499098],[-82.2150275464897,28.2986471060784],[-82.21507163077152,28.2983784960783],[-82.2148139346047,28.2980706470311],[-82.2148580192644,28.2978020367134],[-82.2143426338736,28.2971863357875],[-82.2143867195691,28.2969177250418],[-82.2141290303451,28.2966098731631],[-82.2138272559855,28.2965706313803],[-82.2130542032207,28.2956470682419],[-82.21003651156062,28.295254580479],[-82.2079612801917,28.2966307008033],[-82.2070559663164,28.2965129205912],[-82.2049947283432,28.2940499370421],[-82.20583284157,28.2889463288178],[-82.2032565878107,28.2858675000813],[-82.2033007028064,28.2855988859433],[-82.2012398400614,28.283135759404]]},"properties":{"segment_id":"348c8ffe8ec8e493184eeb0e","source_kmz":"withlacoochee","orientation":"unverified"}},{"type":"Feature","geometry":{"type":"LineString","coordinates":[[-82.0730785378171,28.2660961623534],[-82.0735927054331,28.2667125947945],[-82.0747991172147,28.2668711545288],[-82.0750562087072,28.26717936641141],[-82.0762626298849,28.2673379094071],[-82.0761736122097,28.267875057746],[-82.0766878131794,28.268491472394],[-82.0775926449606,28.2686103666824],[-82.0778497519112,28.26891857042691],[-82.0820723509021,28.269473297892],[-82.0825866045505,28.2700896815302],[-82.0831898423721,28.2701689115715],[-82.0837041083876,28.2707852886988],[-82.0840057301597,28.27082490091721],[-82.0842628671958,28.27113308741861],[-82.0845644904692,28.2711726980217],[-82.084821630597,28.2714808828953],[-82.0863297572938,28.2716789192686],[-82.0866758612891,28.2714499482599],[-82.0872791126359,28.2715291549047],[-82.0872346367,28.271797730814],[-82.0887775753069,28.2736467853854],[-82.0887331030142,28.2739153604256],[-82.0895045995677,28.2748398756493],[-82.0891932993537,28.276719892795],[-82.0902220059714,28.2779525645105],[-82.0926352168523,28.2782692849477],[-82.0962360625925,28.2825834414705]]},"properties":{"segment_id":"a07ff00cc7838a78e6cb0ff7","source_kmz":"withlacoochee","orientation":"unverified"}},{"type":"Feature","geometry":{"type":"LineString","coordinates":[[-82.1470367107531,28.2922534440801],[-82.1467792808999,28.2919454259585],[-82.1468235783855,28.29167683948882],[-82.14630872561492,28.2910608004169],[-82.1463530241313,28.2907922135194],[-82.1460956012139,28.2904841925691],[-82.14613990010501,28.290215605354],[-82.1458824797182,28.2899075834241],[-82.14527904256872,28.2898287118391],[-82.1414179982576,28.2852082557669],[-82.1377976183302,28.2847348176049],[-82.1382408279063,28.2820489300493],[-82.1379834611258,28.2817408824744],[-82.1381164204784,28.280935111827],[-82.13785905753892,28.2806270630517],[-82.1390999077418,28.2731064437536]]},"properties":{"segment_id":"0e06e9f727669e7a36224205","source_kmz":"withlacoochee","orientation":"unverified"}},{"type":"Feature","geometry":{"type":"LineString","coordinates":[[-82.1778909174197,28.277075336366],[-82.1760884848963,28.2749196263106],[-82.1757868055622,28.2748802747707],[-82.1739844734001,28.27272451676],[-82.1736828028704,28.2726851590462],[-82.1734253355615,28.2723771893759]]},"properties":{"segment_id":"46e4cc922395af68edb6deec","source_kmz":"withlacoochee","orientation":"unverified"}},{"type":"Feature","geometry":{"type":"LineString","coordinates":[[-82.2012398400614,28.283135759404],[-82.1984063497119,28.27974886945781],[-82.1981046427875,28.2797095814982],[-82.1978470652219,28.27940167643],[-82.1969419497826,28.2792838051307],[-82.1966843777443,28.2789758969128],[-82.1888401812515,28.2779540028743],[-82.1883251061129,28.2773381443201],[-82.1850064914329,28.2769056134596],[-82.1824313621428,28.2738261849059],[-82.1800179429167,28.2735114911188],[-82.1797604500372,28.27320353739992],[-82.1734253355615,28.2723771893759]]},"properties":{"segment_id":"795f09070803729b7a21a518","source_kmz":"withlacoochee","orientation":"unverified"}},{"type":"Feature","geometry":{"type":"LineString","coordinates":[[-81.8329150689338,28.2298520138593],[-81.8360345560483,28.2277984067597]]},"properties":{"segment_id":"62954bcd3247249f7f1eb55e","source_kmz":"withlacoochee","orientation":"unverified"}},{"type":"Feature","geometry":{"type":"LineString","coordinates":[[-81.8159805792236,28.2242897614316],[-81.8164926192742,28.2249074982662],[-81.8173966165472,28.2250286120178],[-81.81765264303772,28.2253374768673],[-81.8360345560483,28.2277984067597]]},"properties":{"segment_id":"cea93a7593cc245f8fa85b97","source_kmz":"withlacoochee","orientation":"unverified"}},{"type":"Feature","geometry":{"type":"LineString","coordinates":[[-82.1734253355615,28.2723771893759],[-82.1723954850667,28.2711453019927],[-82.1717921570259,28.2710665763995],[-82.1700627784049,28.2722127996557],[-82.1700185648767,28.2724814094787],[-82.1689809115624,28.2731691274105],[-82.16889247635731,28.2737063446032],[-82.16439575209242,28.2766863167807],[-82.1643072841001,28.2772235252127],[-82.163615447383,28.2776819623662],[-82.16357121052971,28.2779505656607],[-82.1623644749487,28.2777930140954],[-82.162018549936,28.2780222266626],[-82.160208451054,28.2777858678879],[-82.1584787781919,28.2789318832173],[-82.1581770927474,28.2788924823193],[-82.1578311518962,28.2791216806539],[-82.1575294660766,28.2790822779452],[-82.1571835226952,28.2793114740667],[-82.1565801505867,28.2792326641707],[-82.156322725608,28.2789246585425],[-82.1557193570598,28.2788458437007],[-82.1554619363916,28.2785378356838],[-82.1436965219433,28.277000231692],[-82.1433505496079,28.2772293842306],[-82.1424455334745,28.2771110501648],[-82.1390999077418,28.2731064437536]]},"properties":{"segment_id":"45e9595a83d13fd94a97e593","source_kmz":"withlacoochee","orientation":"unverified"}},{"type":"Feature","geometry":{"type":"LineString","coordinates":[[-81.9721200196242,28.2431689409318],[-81.9746865587827,28.2462536847401],[-81.9752895253564,28.2463335296115],[-81.9756358258558,28.2461049036139],[-81.9765402758962,28.2462246616363],[-81.9783370112741,28.24838389961],[-81.978292201851,28.2486524462831],[-81.9779458981041,28.2488810793702],[-81.97772184062521,28.2502238080723],[-81.9780233393416,28.2502637219419],[-81.978793410522,28.2511890943134],[-81.9787486010618,28.2514576391962],[-81.9790501046571,28.2514975500348],[-81.978915677377,28.2523031837274],[-81.9785693603779,28.2525318166422],[-81.9785245494961,28.2528003604823],[-81.9778319074457,28.2532576219134],[-81.9777422799498,28.2537947077404],[-81.97739595367861,28.2540233359497],[-81.9771718738632,28.2553660453341],[-81.9789809787739,28.25560552179361],[-81.9794943970704,28.2562224243001],[-81.9825096190661,28.25662146808],[-81.9837932585454,28.2581636712697],[-81.9837484612566,28.2584322133261],[-81.9852561180901,28.2586316846542],[-81.9856024419846,28.2584030337043],[-81.9861159255131,28.2590198998115],[-81.9870205283892,28.2591395649224],[-81.9873668495951,28.2589109085513],[-81.9879699182974,28.2589906791014],[-81.9884834226464,28.2596075328629],[-81.9895223745381,28.258921546566],[-81.9913315903763,28.259160811388],[-81.99167790002181,28.2589321410384],[-81.9955978942891,28.259450429994],[-81.9962904910244,28.2589930606907],[-81.9968935687199,28.2590727807906],[-81.9989713061922,28.25770063115411],[-81.9994635251854,28.2547465811289],[-82.0025798843407,28.2526882411731],[-82.00262461884262,28.2524196871596],[-82.0043558578954,28.2512761192846],[-82.0046573729071,28.2513159577798],[-82.0050036144525,28.2510872394666],[-82.0055171949826,28.2517040240681],[-82.0058187120651,28.25174385923661],[-82.0060755063564,28.252052249477],[-82.0066785438115,28.2521319157293],[-82.0070247832331,28.2519031913482],[-82.0097384599611,28.2522616385093],[-82.0100846916446,28.2520329042768]]},"properties":{"segment_id":"4bf7233191b0b9d2622dbc2d","source_kmz":"withlacoochee","orientation":"unverified"}},{"type":"Feature","geometry":{"type":"LineString","coordinates":[[-81.89733296905752,28.2315884739443],[-81.8971527375322,28.2326625704102],[-81.8974090779593,28.232971237487],[-81.8971837853657,28.2343138528162],[-81.8974401309056,28.2346225184756],[-81.8973950721781,28.2348910408044],[-81.8976514202359,28.2351997054867],[-81.8970656392033,28.2386904753156],[-81.89827131894582,28.2388510421506],[-81.8998095264456,28.2407029852892],[-81.9001109544188,28.2407431203161],[-81.9000659009051,28.2410116394446],[-81.9016041869212,28.2428635461709]]},"properties":{"segment_id":"01acd3bc25749737e86d4586","source_kmz":"withlacoochee","orientation":"unverified"}},{"type":"Feature","geometry":{"type":"LineString","coordinates":[[-81.8118845277546,28.2193477420377],[-81.8159805792236,28.2242897614316]]},"properties":{"segment_id":"554885ec9203dd14ba20969b","source_kmz":"withlacoochee","orientation":"unverified"}},{"type":"Feature","geometry":{"type":"LineString","coordinates":[[-81.8360345560483,28.2277984067597],[-81.83846071919072,28.2262010860344],[-81.8402688067321,28.2264429326089],[-81.84269485115992,28.2248455098621],[-81.8429961955573,28.22488580794481],[-81.8447290251569,28.2237447490183],[-81.845030366605,28.2237850414705],[-81.8452864901194,28.224093840985],[-81.8461905198467,28.2242147109382],[-81.8464466488915,28.2245235073168],[-81.8467479939283,28.2245637948334],[-81.8477876630037,28.22387912611372],[-81.8498970726952,28.2241610947163],[-81.85040935936182,28.2247786688913],[-81.85071070719161,28.2248189451844],[-81.8509668545478,28.2251277302156],[-81.8512682038851,28.2251680048965],[-81.8520366608248,28.2260943525211],[-81.852338014111,28.2261346240767],[-81.8531064915269,28.2270609616329],[-81.854010564092,28.2271817643564],[-81.8545228990351,28.22779931385511],[-81.8554269815043,28.2279201043376],[-81.8556831554406,28.22822887551751],[-81.8559845180576,28.2282691365436],[-81.8562406950831,28.2285779061003],[-81.8688982349843,28.23026806466421]]},"properties":{"segment_id":"6dd3d2afe66083678debfaf7","source_kmz":"withlacoochee","orientation":"unverified"}},{"type":"Feature","geometry":{"type":"LineString","coordinates":[[-81.8673451152519,28.2248444679326],[-81.8672548170458,28.2253815007678],[-81.8675110264304,28.22569024560361],[-81.8671046761593,28.2281068820166],[-81.8686420066893,28.2299593268861]]},"properties":{"segment_id":"92c678d2a57f6c9f7e1e620b","source_kmz":"withlacoochee","orientation":"unverified"}},{"type":"Feature","geometry":{"type":"LineString","coordinates":[[-81.7769512345215,28.2127373046274],[-81.7762578332666,28.2131933046369],[-81.7760761054097,28.2142672477447],[-81.7781229035414,28.21673900574021],[-81.7777594753048,28.2188868748661],[-81.7780153386356,28.2191958398412],[-81.7779244799868,28.2197328048081],[-81.7781803464755,28.2200417686979],[-81.7753177497882,28.2369557295267],[-81.7763413970996,28.2381915488092],[-81.7766427573446,28.2382320329329],[-81.7792020185947,28.2413215130078]]},"properties":{"segment_id":"c37f28ad94cbae2639dcc640","source_kmz":"withlacoochee","orientation":"unverified"}},{"type":"Feature","geometry":{"type":"LineString","coordinates":[[-81.7923781342025,28.2126125714782],[-81.7920314765545,28.2128406223433],[-81.7919407135922,28.2133776082491],[-81.78986071384452,28.2147458831827],[-81.7879087166014,28.2262907977399],[-81.7827076352936,28.2297110866242],[-81.7826622153499,28.2299795637676],[-81.781968703651,28.2304355801752],[-81.7818324347607,28.2312410084957],[-81.7814856724444,28.2314690138762],[-81.7813493972958,28.2322744393863],[-81.78100262944632,28.2325024425755],[-81.780911775463,28.2330393912514],[-81.780565003302,28.2332673925584],[-81.7804287165006,28.23407281307591],[-81.7797351592439,28.2345288100434],[-81.7793262612854,28.236945054737],[-81.77983811039691,28.237562946893],[-81.7792020185947,28.2413215130078]]},"properties":{"segment_id":"6a5bc15d9bc7f19e5fe1a5f1","source_kmz":"withlacoochee","orientation":"unverified"}},{"type":"Feature","geometry":{"type":"LineString","coordinates":[[-81.8549745058467,28.2196231572945],[-81.8629159373352,28.2291949039552],[-81.8686420066893,28.2299593268861]]},"properties":{"segment_id":"987081b3bdd185887a2280f5","source_kmz":"withlacoochee","orientation":"unverified"}},{"type":"Feature","geometry":{"type":"LineString","coordinates":[[-81.8470647082931,28.2171931427624],[-81.8475769321527,28.217810741891],[-81.8533020932326,28.2185760112612],[-81.8535582311545,28.2188847951522],[-81.854462217076,28.2190055966515],[-81.8549745058467,28.2196231572945]]},"properties":{"segment_id":"f6b2e1de01d77c502e462a9e","source_kmz":"withlacoochee","orientation":"unverified"}},{"type":"Feature","geometry":{"type":"LineString","coordinates":[[-81.7275092548249,28.2008633195181],[-81.7292986728972,28.20302700272221],[-81.7290707953846,28.2043693669135],[-81.7357180895328,28.21240551906],[-81.7356269699992,28.2129424575576],[-81.7363940505174,28.2138696675875],[-81.7357004216828,28.2143254024731],[-81.73565486097161,28.2145938704591],[-81.735956117766,28.2146344720442],[-81.7354093778984,28.2178560727236],[-81.7402681050224,28.2237282052023],[-81.7405693965247,28.2237687927771],[-81.7398405561747,28.2280641816996],[-81.7436770424458,28.2326998175661],[-81.7408071239308,28.2496122872515]]},"properties":{"segment_id":"4b358e89b483a495a08de338","source_kmz":"withlacoochee","orientation":"unverified"}},{"type":"Feature","geometry":{"type":"LineString","coordinates":[[-81.79653788036241,28.2098758624925],[-81.7923781342025,28.2126125714782]]},"properties":{"segment_id":"03fd847a85da69b37edb40c5","source_kmz":"withlacoochee","orientation":"unverified"}},{"type":"Feature","geometry":{"type":"LineString","coordinates":[[-82.0338253658779,28.2389727305269],[-82.0343390828783,28.2395893960296],[-82.0338035388449,28.2428122986314],[-82.034831026612,28.244045613904],[-82.0351325301966,28.2440853670333],[-82.0353894080351,28.2443936929214],[-82.0353447817227,28.2446622663278],[-82.0356016620849,28.2449705912366],[-82.03620467684992,28.2450500920897],[-82.0377460129452,28.2469000142001],[-82.0377013927883,28.2471685868206],[-82.0379582893397,28.24747690402121],[-82.0377351875711,28.2488197634442],[-82.0370428980821,28.2492774139484],[-82.0369982744412,28.2495459845947],[-82.03725517564672,28.2498543015596],[-82.0375567010596,28.2498940472304],[-82.0378136053555,28.2502023625684],[-82.0376797394565,28.2510080728882],[-82.03819355757861,28.2516247002957],[-82.03810431484061,28.25216183902531],[-82.0404166007827,28.2549366173739],[-82.0407181457851,28.254976353579],[-82.041410462014,28.254518686089],[-82.0414550742766,28.2542501171109],[-82.0420581606481,28.2543295829387],[-82.0424043134304,28.2541007450876],[-82.0457213015331,28.2545377354152],[-82.04567670265591,28.2548063059737],[-82.0459336514387,28.2551145977752],[-82.04623519966482,28.2551543183701],[-82.0464921515383,28.25546260854451],[-82.0492061092788,28.2558200485386],[-82.050747925652,28.2576697303887],[-82.0519541657037,28.2578285521412],[-82.0527251137892,28.2587533722372],[-82.05302667816632,28.2587930732591],[-82.05354065535481,28.25940961412911],[-82.0541437898335,28.2594890105699],[-82.054099215074,28.2597575811511],[-82.05487020417081,28.2606823810589],[-82.0557749217894,28.2608014627649],[-82.0561210639502,28.26057258431201],[-82.05642263640222,28.2606122755468],[-82.0571936586734,28.2615370565896],[-82.0569708250461,28.2628799065536],[-82.0579988940182,28.2641129335763],[-82.0583004799667,28.2641526191349],[-82.0588145281249,28.2647691259169],[-82.0639415739662,28.2654436235877],[-82.06428771302612,28.2652147214378],[-82.06730365398111,28.2656113596084],[-82.06781777658571,28.2662278206567],[-82.069928969139,28.26650540579582],[-82.071313466732,28.265589714511],[-82.0718276184139,28.2662061562763],[-82.0727324189311,28.266325092485],[-82.0730785378171,28.2660961623534]]},"properties":{"segment_id":"4a29cf44a78cc6c664be6d97","source_kmz":"withlacoochee","orientation":"unverified"}},{"type":"Feature","geometry":{"type":"LineString","coordinates":[[-81.7573358976837,28.1993898056029],[-81.7611720426351,28.2040251627977],[-81.7597167177604,28.2126166158671],[-81.7599724963203,28.2129256292364],[-81.7591082697192,28.2180267008347],[-81.7601314516396,28.2192627373131],[-81.7600859657248,28.219531212231],[-81.7613649883534,28.2210762378088],[-81.761228538554,28.2218816596601],[-81.76250761753101,28.2234266619579],[-81.7624621369132,28.223695134941],[-81.7637412657911,28.22524011505631],[-81.7635138745047,28.22658247409],[-81.7637697091075,28.226891466969],[-81.7636332728106,28.2276968795477],[-81.7644007936289,28.2286238520064],[-81.7643553162222,28.2288923221185],[-81.7648670073945,28.2295102992121],[-81.7645486665059,28.2313895826021],[-81.76480451941,28.23169856908421],[-81.7647590416319,28.2319670371932],[-81.7650148970486,28.2322760227006],[-81.76496941962742,28.2325444904907],[-81.7695751480931,28.2381060796959],[-81.7704792190715,28.23822758687111],[-81.7725264330735,28.2406992961707],[-81.7728278004209,28.24073979080431],[-81.77308371179872,28.2410487498173],[-81.7745905589711,28.2412512063705],[-81.775358322646,28.2421780668798],[-81.776262445409,28.2422995237405],[-81.777286171128,28.2435353165685],[-81.7833138202829,28.2443447716872]]},"properties":{"segment_id":"4bd76e2de241d60eeb747100","source_kmz":"withlacoochee","orientation":"unverified"}},{"type":"Feature","geometry":{"type":"LineString","coordinates":[[-81.9744303052278,28.2256330388702],[-81.9743854954538,28.22590159999441],[-81.97464209686892,28.2262100868628],[-81.9745972874613,28.2264786476674],[-81.9751104972018,28.2270956185785],[-81.9750656888112,28.2273641789529],[-81.9753222971367,28.2276726629956],[-81.9752774891125,28.2279412230506],[-81.9749312619339,28.2281698588227],[-81.97484164259451,28.2287069776912],[-81.9751430633344,28.22874690196191],[-81.9756562908,28.2293638665582],[-81.9759577142624,28.2294037884575],[-81.976727573142,28.2303292265677],[-81.9770290005462,28.2303691453381],[-81.98010861899002,28.2340708105514],[-81.9804100613088,28.2341107193736],[-81.9806667095535,28.2344191850739],[-81.9857912931735,28.2350974911936],[-81.9864837436613,28.2346401562345],[-81.9885938810776,28.23491937348321],[-81.9899787413805,28.2340046617048],[-81.99049210881861,28.2346215463619],[-81.9907935579908,28.2346614257829],[-81.9925245937132,28.2335179964329],[-81.9928260399135,28.2335578702261],[-81.992870795247,28.2332893067786],[-81.99425558268,28.2323745355476],[-81.9944345816705,28.2313002747564],[-81.9941778927233,28.23099183965021],[-81.9948702643314,28.2305344453041],[-81.9963774505837,28.2307337741324]]},"properties":{"segment_id":"28dd583576df3c01c74cedec","source_kmz":"withlacoochee","orientation":"unverified"}},{"type":"Feature","geometry":{"type":"LineString","coordinates":[[-81.9720190386316,28.2253136020027],[-81.9727114834881,28.2248563446606],[-81.9736157024264,28.2249761341797],[-81.9741288959084,28.2255931122577],[-81.9744303052278,28.2256330388702]]},"properties":{"segment_id":"9960a2e4f7d93d83fd00cfa1","source_kmz":"withlacoochee","orientation":"unverified"}},{"type":"Feature","geometry":{"type":"LineString","coordinates":[[-82.0411040774668,28.2322474139263],[-82.0454710142632,28.2374887548],[-82.0457724994911,28.2375284785452],[-82.0462862947461,28.2381450888557],[-82.0465877826937,28.238184810228],[-82.0473584932646,28.2391097169013],[-82.0476599851505,28.2391494351426],[-82.04817380399031,28.2397660337298],[-82.0487767934844,28.23984546461031],[-82.0495475430887,28.2407703514237],[-82.0498490419155,28.2408100633046],[-82.050362886778,28.2414266486519],[-82.0506643883246,28.2414663581598],[-82.0514351733084,28.2423912273881],[-82.0517366787933,28.24243093376481],[-82.0532783065978,28.2442806442083],[-82.05357981967661,28.24432034517841],[-82.0546076138486,28.2455534650607],[-82.0561152078548,28.2457519418989],[-82.05646128755681,28.2455230532819],[-82.0570643258326,28.2456024361148],[-82.0574104023571,28.245373544329],[-82.0577119212661,28.2454132335068],[-82.0582258513394,28.246029773508],[-82.0581812966189,28.2462983553025],[-82.05878434203072,28.2463777282512],[-82.0598122369968,28.2476107913153],[-82.0596785845909,28.2484165347086],[-82.0593325017588,28.2486454320189],[-82.0592879491728,28.2489140124269],[-82.0598019119799,28.2495305391562],[-82.06130958899531,28.249728940517],[-82.0615665792993,28.2500371987858],[-82.0621696545215,28.2501165518188],[-82.0625157356961,28.2498876461916],[-82.0625602785529,28.249619065124],[-82.0634648887389,28.2497380850948],[-82.0638109648634,28.2495091750383],[-82.06592172728341,28.2497868516524],[-82.0669599307074,28.249100093883],[-82.0675630043081,28.2491794166264],[-82.0679090670658,28.2489504929409],[-82.06851214049,28.2490298103505],[-82.0690261711821,28.2496462924542],[-82.06893712618961,28.2501834597401],[-82.0694511669826,28.2507999379251],[-82.0697527108643,28.2508395925068],[-82.0700097352871,28.251147829537],[-82.0703112806698,28.2511874825038],[-82.0702222422115,28.2517246486842],[-82.0698761743679,28.2519535782016],[-82.0698316534965,28.2522221606732],[-82.0684473585285,28.2531378649151],[-82.0683137795962,28.253943607406],[-82.0689168889755,28.2540229214862],[-82.0691739200211,28.25433115794881],[-82.0700785898651,28.2544501203704],[-82.0699005020004,28.2555244422899],[-82.0704145822475,28.2561409071729],[-82.0703255392339,28.2566780664412],[-82.0706271044672,28.2567177179387],[-82.0708841499247,28.2570259480972],[-82.0701919725943,28.2574838037817],[-82.0701474498159,28.2577523824787],[-82.0698013571237,28.2579813081245],[-82.0696677834372,28.2587870420479],[-82.0709530434024,28.26032818732],[-82.0704187624384,28.2635510976537],[-82.0724753384972,28.2660168743127],[-82.0730785378171,28.2660961623534]]},"properties":{"segment_id":"c9b0e3cbc36bed65b710d403","source_kmz":"withlacoochee","orientation":"unverified"}},{"type":"Feature","geometry":{"type":"LineString","coordinates":[[-81.9398280568343,28.2188474375489],[-81.9408538845901,28.2200817352536],[-81.9414566328663,28.2201617768498],[-81.941802917662,28.21993324492721],[-81.9424056657783,28.220013281191],[-81.9427519474057,28.2197847460975],[-81.9430533212414,28.21982476199121],[-81.9437458775898,28.219367686109],[-81.9473623702382,28.21984778716911],[-81.9478753413438,28.2204648998911],[-81.9481767200206,28.2205049012349],[-81.9488692542768,28.2200477929027],[-81.949382237575,28.2206648980511],[-81.9517932863489,28.2209848506009],[-81.9518381651697,28.2207162954943],[-81.9521844242144,28.2204877301988],[-81.95248580500761,28.2205277193631],[-81.9528320615332,28.2202991518513],[-81.95343482267361,28.2203791257035],[-81.95378107603011,28.2201505550209],[-81.954294095744,28.2207676363752],[-81.9542492246846,28.2210361924788],[-81.9545506084048,28.2210761757503],[-81.9548071229347,28.2213847142574],[-81.9563140519003,28.2215846139892],[-81.9565705743956,28.2218931478411],[-81.9571733504122,28.2219731002276],[-81.9587125392697,28.2238242760207],[-81.9590139350202,28.2238642463853],[-81.9595270153661,28.2244812965238],[-81.9598284138395,28.2245212645175],[-81.96034150410162,28.2251383096689],[-81.960642905298,28.2251782752917],[-81.9611560054765,28.22579531545591],[-81.9617588135998,28.2258752411037],[-81.9622719261334,28.2264922747658],[-81.9625733330603,28.2265322347907],[-81.96282989335062,28.2268407495622],[-81.9635224003148,28.2263835537216],[-81.9635672447974,28.2261149975043],[-81.964259741845,28.2256577960016],[-81.965163957382,28.22577765692011],[-81.9655102011504,28.2255490514129],[-81.9661130116298,28.2256289525033],[-81.9664592522279,28.2254003438256],[-81.9673634681289,28.2255201861784],[-81.96770970490631,28.2252915733757],[-81.9686139214153,28.2254114051618],[-81.9689601543718,28.2251827882343],[-81.971672813399,28.2255422287811],[-81.9720190386316,28.2253136020027]]},"properties":{"segment_id":"a50a969677b99948e0828f47","source_kmz":"withlacoochee","orientation":"unverified"}},{"type":"Feature","geometry":{"type":"LineString","coordinates":[[-81.97238987028331,28.2212452398804],[-81.9746991579027,28.2240216677369],[-81.9746543498341,28.2242902301149],[-81.97491094734562,28.22459871764701],[-81.974821331657,28.2251358415548],[-81.9744751147175,28.2253644775371],[-81.9744303052278,28.2256330388702]]},"properties":{"segment_id":"d0902900c58b8ea43dc24a30","source_kmz":"withlacoochee","orientation":"unverified"}},{"type":"Feature","geometry":{"type":"LineString","coordinates":[[-81.856465077371,28.20527078249871],[-81.8569772976723,28.2058883559064],[-81.8568417816392,28.2066939319635],[-81.8570978965328,28.2070027170356],[-81.8568720339856,28.2083453390549],[-81.8561790992211,28.2088018638754],[-81.8564352180728,28.2091106488208],[-81.8562996917281,28.2099162173356],[-81.8570680653144,28.2108425659772],[-81.8569325422176,28.2116481316137],[-81.8548536354235,28.2130176801548],[-81.8548084531631,28.2132861997634],[-81.85711366714212,28.2160652298031],[-81.8564206705147,28.2165217468925],[-81.85614959124972,28.2181328504911],[-81.8551100603315,28.2188176110976],[-81.8549745058467,28.2196231572945]]},"properties":{"segment_id":"712b4e2942b2de6c9f2f0d53","source_kmz":"withlacoochee","orientation":"unverified"}},{"type":"Feature","geometry":{"type":"LineString","coordinates":[[-81.7902269290548,28.1870610068239],[-81.7922734827389,28.1895326708108],[-81.7920466394395,28.1908752171725],[-81.7933258122673,28.19241997624721],[-81.7932350793885,28.1929569922181],[-81.7942584564026,28.1941927830012],[-81.7948608812393,28.1942736585488],[-81.7951167325993,28.1945826025671],[-81.79375575418251,28.2026377308282],[-81.7940116267755,28.2029466706712],[-81.7923781342025,28.2126125714782]]},"properties":{"segment_id":"a610c53961f0d8fd95cee971","source_kmz":"withlacoochee","orientation":"unverified"}},{"type":"Feature","geometry":{"type":"LineString","coordinates":[[-81.9309275750176,28.1910354656007],[-81.9308826456304,28.1913040329493],[-81.9311839125369,28.1913440853961],[-81.93100419587482,28.1924183530885],[-81.93126053785761,28.1927269715714],[-81.9315618100029,28.1927670227997],[-81.932074502009,28.1933842556468],[-81.9323757768766,28.1934243045051],[-81.9395542835941,28.2020651785377],[-81.939509375708,28.2023337416931],[-81.9402785902406,28.2032595089237],[-81.9417851624347,28.20345962351041],[-81.9424775918189,28.20300253612101],[-81.943080220092,28.2030825721485],[-81.9435930584638,28.2036997327749],[-81.9487154862004,28.2043798750576],[-81.9494078857069,28.2039227437734],[-81.9499207752691,28.2045398725939],[-81.94987589894,28.2048084383586],[-81.9501772228529,28.2048484357017],[-81.9501323471734,28.2051170013556],[-81.9511581587918,28.2063512446612],[-81.9509337891193,28.2076940675727],[-81.9502413670181,28.20815120421331],[-81.9499400313249,28.2081112074003],[-81.94980539599021,28.2089168964934],[-81.9523700842439,28.2120024556198],[-81.9526714349295,28.2120424451548],[-81.9531843974431,28.2126595450475],[-81.9534857508512,28.2126995322119],[-81.9547681959352,28.21424226296441],[-81.955973636793,28.2144021879155],[-81.9605909137481,28.2199557843859],[-81.9612833764976,28.2194985947828],[-81.9613282244348,28.2192300346313],[-81.962533748676,28.2193898833243],[-81.9638164599048,28.2209324780281],[-81.9637716189571,28.22120103802],[-81.9645412700769,28.2221265840925],[-81.9672538124427,28.222486139926],[-81.9690498072885,28.2246456693187],[-81.9717624494894,28.2250051080946],[-81.9720190386316,28.2253136020027]]},"properties":{"segment_id":"8149887175425d5ab701b8ba","source_kmz":"withlacoochee","orientation":"unverified"}},{"type":"Feature","geometry":{"type":"LineString","coordinates":[[-81.8430605232647,28.1787665039667],[-81.8420213695521,28.1794512081959],[-81.8419761645224,28.1797197461845],[-81.84024419824951,28.1808608930831],[-81.8401989868353,28.1811294293162],[-81.8398525867629,28.1813576545962],[-81.8395513986779,28.1813173429976],[-81.839204996093,28.1815455660595],[-81.8389038076482,28.181505252651],[-81.8386478361425,28.1811964030697],[-81.838045462552,28.1811157721742],[-81.838090680784,28.180847236845],[-81.8377442761866,28.1810754554435],[-81.8376990567349,28.1813439904637],[-81.8373526490518,28.1815722074894],[-81.8370813190042,28.1831834113463],[-81.8363884834033,28.1836398378978],[-81.836343258286,28.1839083705209],[-81.8349575598113,28.18482120722402],[-81.8349123295282,28.18508973840081],[-81.8345658990243,28.18531794410841],[-81.8343849701454,28.1863920654799],[-81.834896915338,28.1870097757594],[-81.83453505415991,28.18915800665591],[-81.835558987627,28.1903934132692],[-81.8370650827506,28.1905950142744],[-81.8470502371317,28.2026393543839],[-81.847351504598,28.2026796425217],[-81.8476075727557,28.2029884536612],[-81.84881265036731,28.2031495946316],[-81.8498520399058,28.2024648670938],[-81.8503641950222,28.2030824768452],[-81.8506654656406,28.2031227555721],[-81.8514337159795,28.2040491614281],[-81.8517349905448,28.20408943703],[-81.8519910789456,28.2043982364918],[-81.8562089700214,28.2049619944944],[-81.856465077371,28.20527078249871]]},"properties":{"segment_id":"d06f17b64f2e2d4aa40cb202","source_kmz":"withlacoochee","orientation":"unverified"}},{"type":"Feature","geometry":{"type":"LineString","coordinates":[[-81.818036145964,28.168275098431],[-81.8231536474011,28.1744531264875],[-81.8234548032831,28.174493485154],[-81.8237106991621,28.1748023766971],[-81.8240118565507,28.1748427337521],[-81.82759461182872,28.1791671137356],[-81.8275493612293,28.1794356458043],[-81.8272029340129,28.1796638309951],[-81.82745885917,28.1799727093116],[-81.8272778516094,28.181046833806],[-81.8275337812169,28.1813557108123],[-81.8273527716516,28.1824298315034],[-81.8270063316637,28.18265801424741],[-81.8266442890059,28.1848062430769],[-81.8271561681793,28.1854239931212],[-81.8271109128485,28.1856925205586],[-81.8273668558806,28.1860013941697],[-81.82677851887631,28.189492230315],[-81.8264320484622,28.1897204069303],[-81.8262510070572,28.1907945019872],[-81.8248650872165,28.1917071908654],[-81.8248198212675,28.1919757128686],[-81.8244733354213,28.1922038816196],[-81.8244280679652,28.1924724031039],[-81.8240815790325,28.1927005702821],[-81.8240363100692,28.1929690912474],[-81.820224795203,28.1954788433975],[-81.8190198811492,28.1953173760538],[-81.8168458097829,28.2082059534896],[-81.8194056300848,28.2112947133049],[-81.8193150423457,28.2118317246785],[-81.8198270313971,28.2124494658048],[-81.8183322104975,28.22131002523462],[-81.8162524424112,28.2226787862421],[-81.8159805792236,28.2242897614316]]},"properties":{"segment_id":"16a1ae9a37eb95f35157358a","source_kmz":"withlacoochee","orientation":"unverified"}},{"type":"Feature","geometry":{"type":"LineString","coordinates":[[-81.9580987967107,28.1795449455348],[-81.9593037502128,28.1797048475003],[-81.9596498215141,28.1794762331992],[-81.9656746442406,28.1802755186025],[-81.9697777725731,28.1852121343982],[-81.9706815642451,28.1853319613349],[-81.9709380292955,28.1856404901649],[-81.9715405609329,28.1857203689962],[-81.9741053385315,28.1888055943613],[-81.9753104539338,28.1889653114572],[-81.9776189573375,28.1917419127321],[-81.9775741755997,28.1920104992253],[-81.97847805082202,28.1921302579044],[-81.9795041181247,28.1933642707907],[-81.9810106068682,28.1935638363238],[-81.9822932634852,28.1951063139444],[-81.9856076306955,28.1955452411442]]},"properties":{"segment_id":"3eae7743049fd7246c14e66d","source_kmz":"withlacoochee","orientation":"unverified"}},{"type":"Feature","geometry":{"type":"LineString","coordinates":[[-81.9329569502807,28.1715378757401],[-81.9328671247607,28.1720750396487],[-81.9351737770172,28.1748526839081],[-81.9354749874616,28.1748927259707],[-81.9375254817202,28.1773616779743],[-81.9374805804964,28.1776302578176],[-81.9386854678358,28.1777903936797],[-81.9397107818615,28.1790248362778],[-81.93944140652171,28.1806363106207],[-81.9453376315424,28.18773407053],[-81.9456388925844,28.1877740825038],[-81.9470234459003,28.1868598147244],[-81.9470683217646,28.1865912374207],[-81.9474144542062,28.1863626670125],[-81.9474593285676,28.18609408919111],[-81.9478054579233,28.1858655172127],[-81.947850330782,28.1855969388735],[-81.9492348246559,28.1846826371066],[-81.9492796923571,28.1844140573254],[-81.9503180394986,28.183728316824],[-81.9503629032607,28.1834597359088],[-81.9507090140214,28.1832311529094],[-81.9507538762809,28.18296257147651],[-81.9517921937032,28.1822768139817],[-81.9521061959759,28.1803967316085],[-81.9534905589549,28.1794823619865],[-81.9537917945071,28.1795223517919],[-81.9541378799341,28.1792937552774],[-81.95443911512132,28.1793337432732],[-81.9547851980315,28.1791051445427],[-81.9580987967107,28.1795449455348]]},"properties":{"segment_id":"c7983e57f2560ec8e6cde877","source_kmz":"withlacoochee","orientation":"unverified"}},{"type":"Feature","geometry":{"type":"LineString","coordinates":[[-81.9220871539687,28.1739357944788],[-81.9221321020237,28.1736672184974],[-81.9259396152768,28.1711536793815],[-81.9259845496466,28.1708850997971],[-81.9299000678424,28.1714059229699],[-81.9309384123987,28.1707203476613],[-81.9321431891265,28.1708805604116],[-81.9326557529508,28.1714978262053],[-81.9329569502807,28.1715378757401]]},"properties":{"segment_id":"ed060e4c71d433c789a22cbb","source_kmz":"withlacoochee","orientation":"unverified"}},{"type":"Feature","geometry":{"type":"LineString","coordinates":[[-81.87996499894791,28.1625558257138],[-81.8799199231621,28.1628243917893],[-81.8801759895625,28.1631331572472],[-81.88008583842841,28.1636702885447],[-81.8803419079891,28.1639790529119],[-81.8801165283905,28.16532187692041],[-81.8803726030532,28.1656306398627],[-81.8802373738076,28.1664363314118],[-81.88049345227802,28.1667450931521],[-81.88040329931371,28.1672822195781],[-81.8809154644415,28.1678997400095],[-81.8801942202995,28.172196717601],[-81.8824991489661,28.1749755005607],[-81.8823639250265,28.17578117486971],[-81.8826200394854,28.17608992385931],[-81.8824848149169,28.176895595945],[-81.8827409331847,28.1772043437333],[-81.8825606323498,28.1782785697968],[-81.882816755074,28.1785873162729],[-81.8826364522577,28.1796615385329],[-81.8805587458679,28.1810317039542],[-81.8802575396026,28.1809915073482],[-81.8799112480238,28.1812198628769],[-81.8796100413968,28.1811796644612],[-81.87926374730411,28.1814080177725],[-81.8786613336125,28.1813276164661],[-81.8776224362501,28.182012663096],[-81.8770200198172,28.181932252642],[-81.8764788558153,28.1851548514016],[-81.8761325370361,28.1853831921386],[-81.8760874369585,28.1856517403625],[-81.8757862163903,28.1856115316125],[-81.87553009805231,28.1853027739811],[-81.8751837761116,28.1855311115463],[-81.8748825564011,28.18549090022992],[-81.8748374523041,28.1857594478484],[-81.8737984696816,28.1864444491761],[-81.8710874792755,28.1860824821744],[-81.8703948032077,28.1865391262317],[-81.869491141003,28.1864184494396],[-81.8691447982271,28.1866467667103],[-81.8688435774169,28.1866065384476],[-81.8669029942832,28.1981537526463],[-81.85651025010371,28.2050022565063],[-81.856465077371,28.20527078249871]]},"properties":{"segment_id":"38e2f21320e31921db08bec0","source_kmz":"withlacoochee","orientation":"unverified"}},{"type":"Feature","geometry":{"type":"LineString","coordinates":[[-81.9453191958562,28.1712590477741],[-81.9455755259642,28.1715676491079],[-81.9462676743031,28.1711104985488],[-81.9477736890626,28.17131054552121],[-81.9536699630802,28.1784080196573],[-81.9575859988832,28.1789278152779],[-81.9580987967107,28.1795449455348]]},"properties":{"segment_id":"0ccb1e3587c84a3f9ca97777","source_kmz":"withlacoochee","orientation":"unverified"}},{"type":"Feature","geometry":{"type":"LineString","coordinates":[[-81.9456019112442,28.1548233217889],[-81.9461144759767,28.1554405491087],[-81.9470179167089,28.1555605861425],[-81.9475304962108,28.1561778054438],[-81.9487350975735,28.1563378367896],[-81.9495039954328,28.1572636501386],[-81.949459142815,28.1575322493254],[-81.9500614543729,28.1576122555197],[-81.9505740684451,28.1582294568218],[-81.9508752270854,28.1582694571215],[-81.9516441658441,28.1591952502856],[-81.9515993189864,28.1594638489979],[-81.9512533076854,28.1596924492753],[-81.951208459326,28.1599610474691],[-81.950862444941,28.160189646176],[-81.9508175950799,28.16045824385141],[-81.9504715776109,28.1606868409878],[-81.9502473179534,28.1620298246713],[-81.95281060334,28.1651157558201],[-81.9537141566903,28.1652357329991],[-81.954739537724,28.1664700720425],[-81.9553419177864,28.1665500464934],[-81.955598270147,28.1668586275675],[-81.9571042313648,28.16705854493731],[-81.9642830259398,28.1756983562147],[-81.9645842531313,28.1757383159181],[-81.9645394385345,28.176006908304],[-81.9701809880866,28.1827948344391],[-81.9728922951258,28.1831542841892],[-81.976226505433,28.18716504516191],[-81.9777328762242,28.187364660284],[-81.9787588749564,28.1885986958915],[-81.9791049300828,28.1883700238069],[-81.9796179417929,28.188987035105],[-81.9799192234603,28.1890269500634],[-81.9801757333355,28.1893354536515],[-81.9807782999579,28.1894152794861],[-81.9825739384437,28.191574769669],[-81.9834778160834,28.1916944860943],[-81.9842474144197,28.1926199620355],[-81.9841131300073,28.1934257273677],[-81.9843696684737,28.1937342172764],[-81.9843249070856,28.1940028051902],[-81.9856076306955,28.1955452411442]]},"properties":{"segment_id":"117d84864626c30accb27c77","source_kmz":"withlacoochee","orientation":"unverified"}},{"type":"Feature","geometry":{"type":"LineString","coordinates":[[-81.89806663398382,28.1427294976267],[-81.8985787794361,28.1433469733555],[-81.8989248660121,28.1431185342568],[-81.8995270273876,28.1431988291675],[-81.8997831059172,28.1435075635711],[-81.8997381030461,28.14377615159171],[-81.8999941840883,28.1440848850148],[-81.8999491815795,28.1443534727131],[-81.90046135055431,28.14497093673],[-81.9010635265426,28.14505122256091],[-81.9013196162633,28.1453599517532],[-81.9016207059029,28.1454000926291],[-81.9019667926635,28.1451716448929],[-81.9028700613506,28.1452920595279],[-81.9033822572702,28.145909507964],[-81.9033372645272,28.1461780957928],[-81.9036383580279,28.1462182308792],[-81.9039844426914,28.1459897770845],[-81.9040294332839,28.1457211888481],[-81.9050676724293,28.1450358189603],[-81.9059709440731,28.1451562073471],[-81.9063170181149,28.144927745331],[-81.9069191993407,28.1450079980717],[-81.907265270222,28.1447795328853],[-81.9156959089359,28.1459026853471],[-81.9174889671571,28.1480635203231],[-81.91735411873161,28.1488692964374],[-81.917866441758,28.1494866693693],[-81.917821493009,28.1497552607629],[-81.9180776579686,28.150063945814],[-81.9180327095828,28.1503325368854],[-81.9169945103967,28.1510180234868],[-81.9166933935266,28.1509779266592],[-81.9149630209963,28.1521203743075],[-81.9145583766317,28.1545376613669],[-81.91609540979421,28.1563897822261],[-81.91600549346602,28.1569269534744],[-81.9162616734864,28.1572356370208],[-81.9161267988014,28.1580413919815],[-81.9166391683285,28.1586587557986],[-81.91650429496761,28.1594645081973],[-81.9167604844744,28.15977318846801],[-81.9166256104933,28.1605789386402],[-81.9171379989939,28.1611962959062],[-81.9186437687615,28.16139675977581],[-81.91915617690651,28.1620141059991],[-81.9194573341507,28.1620541946931],[-81.9212508299701,28.1642148738187],[-81.92305783057391,28.1644553562293],[-81.9258764463055,28.1678505732015],[-81.9258315132021,28.1681191548989],[-81.9282409779439,28.1684396843853],[-81.9290097617006,28.1693656159096],[-81.92931094972901,28.1694056759748],[-81.9298234840027,28.1700229578011],[-81.9322330179692,28.1703433954141],[-81.9330018626136,28.1712692934709],[-81.9329569502807,28.1715378757401]]},"properties":{"segment_id":"99d2475eda1c5f11bb0d8680","source_kmz":"withlacoochee","orientation":"unverified"}},{"type":"Feature","geometry":{"type":"LineString","coordinates":[[-82.08973695694831,29.102715227482],[-82.0889578269116,29.1017926521175],[-82.08945183701772,29.0988445089241],[-82.0915489025878,29.0974734818348],[-82.092462716571,29.0975920006474],[-82.0963071361558,29.0950783015034],[-82.0966117340518,29.0951177954491],[-82.09696121461272,29.09488926883],[-82.0978750080249,29.0950077425991],[-82.10626192039192,29.0895226568101]]},"properties":{"segment_id":"c390679ec5c99ba95969dfff","source_kmz":"withlacoochee","orientation":"unverified"}},{"type":"Feature","geometry":{"type":"LineString","coordinates":[[-82.10626192039192,29.0895226568101],[-82.1080090553205,29.088379839365],[-82.1089227932497,29.08849822154451],[-82.1096216298455,29.088041079977],[-82.112362847136,29.0883961625806],[-82.1127122565601,29.0881675812385],[-82.1130168370283,29.0882070295835],[-82.1133662438746,29.0879784460197],[-82.1142799849999,29.0880967829875],[-82.1188220741472,29.0851250445788],[-82.1189116874379,29.0845889736321],[-82.1210079124986,29.08321732679771]]},"properties":{"segment_id":"5fadc5ad859556dbb800b82d","source_kmz":"withlacoochee","orientation":"unverified"}},{"type":"Feature","geometry":{"type":"LineString","coordinates":[[-82.1210079124986,29.08321732679771],[-82.1220559992448,29.0825314863941],[-82.1231310008547,29.076098510647],[-82.1252269439399,29.0747267533921]]},"properties":{"segment_id":"203cb0c791516fa7a2879e67","source_kmz":"withlacoochee","orientation":"unverified"}},{"type":"Feature","geometry":{"type":"LineString","coordinates":[[-82.1252269439399,29.0747267533921],[-82.1259255763581,29.0742694909083]]},"properties":{"segment_id":"85dbfaf2503b3e9285ee77c5","source_kmz":"withlacoochee","orientation":"unverified"}},{"type":"Feature","geometry":{"type":"LineString","coordinates":[[-82.4265119263272,29.1116384478367],[-82.4249460942641,29.1097981994952],[-82.424641289601,29.1097596331588],[-82.4235974448093,29.1085327806673],[-82.4239481734076,29.1063876143656],[-82.4234262733177,29.1057741814394],[-82.4225119062858,29.1056584658371],[-82.4222509628283,29.1053517457882],[-82.4226893972671,29.1026702706044],[-82.4221675296159,29.1020568260251],[-82.4222552158331,29.1015205282863],[-82.4191241869526,29.09783978626781],[-82.4192118882666,29.0973034854721],[-82.4189509829874,29.0969967511886],[-82.4190386845281,29.0964604494282],[-82.41825598423,29.095540240845],[-82.4185190942665,29.0939313292037]]},"properties":{"segment_id":"da8b973cb0d85ea5abceaacb","source_kmz":"withlacoochee","orientation":"unverified"}},{"type":"Feature","geometry":{"type":"LineString","coordinates":[[-82.4185190942665,29.0939313292037],[-82.41956487014882,29.093242622602]]},"properties":{"segment_id":"8446dee2d0be8ad2157f9cae","source_kmz":"withlacoochee","orientation":"unverified"}},{"type":"Feature","geometry":{"type":"LineString","coordinates":[[-82.1259255763581,29.0742694909083],[-82.1269735106635,29.0735835877461],[-82.1291052552868,29.0738594363344],[-82.1294545582278,29.07363079268851],[-82.1303681653666,29.0737489976812],[-82.1307174643943,29.07352034988771],[-82.1383309409144,29.0745050654435],[-82.138850552572,29.0751199200818],[-82.1437233113319,29.0757498306435],[-82.1440725822045,29.0755211407672],[-82.1532091825885,29.0767015988345],[-82.1577492694356,29.0737281403787],[-82.1582406890238,29.07077948082801],[-82.1599867220562,29.069635770151],[-82.1612372782121,29.0621299437702],[-82.1615864443402,29.0619011896073],[-82.16172041546801,29.0610969839865],[-82.1620695759639,29.0608682276814],[-82.1630519249098,29.0549706597497]]},"properties":{"segment_id":"1c0c972f13f4a5a944d23c7f","source_kmz":"withlacoochee","orientation":"unverified"}},{"type":"Feature","geometry":{"type":"LineString","coordinates":[[-82.41956487014882,29.093242622602],[-82.4199134582816,29.0930130512267],[-82.4205229414432,29.0930902128739],[-82.4208715263105,29.0928606383207],[-82.4214810092452,29.09293779459],[-82.42217817053461,29.0924786378738],[-82.4224829110721,29.0925172127893],[-82.4242257774222,29.0913692942448],[-82.4257494674297,29.09156213182152],[-82.4261438936601,29.0891487108887],[-82.4264924466668,29.0889191159799],[-82.4266239133041,29.0881146379728],[-82.4273210061482,29.08765544264102]]},"properties":{"segment_id":"6ac595234e2d8087d23d7f47","source_kmz":"withlacoochee","orientation":"unverified"}},{"type":"Feature","geometry":{"type":"LineString","coordinates":[[-82.4273210061482,29.08765544264102],[-82.4276695496996,29.0874258430942],[-82.4277133676362,29.0871576824947],[-82.4280619080359,29.086928081402],[-82.4284562456799,29.08451462465951],[-82.4288047730253,29.084285019684],[-82.4292866967351,29.081335214691],[-82.4282431385592,29.0801083218191],[-82.4284183859293,29.0790356581145],[-82.4281575038722,29.07872893236261],[-82.42824512722322,29.0781925991559],[-82.4279842484309,29.0778858723522],[-82.4282033052708,29.0765450354643],[-82.42794243177052,29.0762383073218],[-82.4280300538915,29.075701971018],[-82.427769183656,29.0753952418235],[-82.4278129949707,29.0751270732851],[-82.4272912615908,29.07451361212251],[-82.42733507397601,29.0742454431989],[-82.4268133496002,29.073631978402],[-82.4268571630558,29.073363809093],[-82.4265963044133,29.0730570753078],[-82.427691566399,29.066352777137],[-82.4274307265593,29.0660460400971],[-82.4278249839796,29.063632462201],[-82.4281734260592,29.0634028475163],[-82.428478063444,29.0634414082608],[-82.4305686717024,29.0620636880507],[-82.4314825733816,29.0621793477963],[-82.4321794234462,29.0617200919258],[-82.4333979575442,29.0618742851414],[-82.43409479455322,29.0614150165631],[-82.434704060584,29.0614921041451],[-82.4350524748682,29.0612624660521],[-82.435357107629,29.0613010075866],[-82.4357055193248,29.0610713672783],[-82.4381425861091,29.0613796607831],[-82.4402329836831,29.06000174645151],[-82.4405376142394,29.0600402734858],[-82.4408860064648,29.05981061574751],[-82.4411906366259,29.0598491409571],[-82.4422357997987,29.0591601573351]]},"properties":{"segment_id":"ddf82efa25bced797a11a373","source_kmz":"withlacoochee","orientation":"unverified"}},{"type":"Feature","geometry":{"type":"LineString","coordinates":[[-82.1630519249098,29.0549706597497],[-82.16045367947171,29.0518967828481],[-82.1601492088546,29.05185746479991],[-82.157291373006,29.0484760927949],[-82.1557690924466,29.0482794476745],[-82.15472996148702,29.0470498168832],[-82.1516854714584,29.0466564314464],[-82.1514257058961,29.0463490139804],[-82.1511212597083,29.0463096699299],[-82.1482639781338,29.0429280128333],[-82.1449152390747,29.04249507909371],[-82.1436166192907,29.0409578860066],[-82.1408768234788,29.040603555556],[-82.1385395285709,29.0378364922396],[-82.138584246883,29.0375684175971],[-82.138324557657,29.0372609617361],[-82.138548148258,29.0359205851208],[-82.1367304004622,29.0337683667645],[-82.1367751223954,29.0335002901907],[-82.1365154524378,29.0331928269011],[-82.136560174752,29.032924750037],[-82.1357811783287,29.0320023547392],[-82.1360942405212,29.030125809226],[-82.1347959746616,29.0285884632542],[-82.1344916008976,29.0285490705748],[-82.1334530275081,29.0273191753157],[-82.1335424851896,29.0267830161849],[-82.1332828479456,29.0264755400363],[-82.1362790628483,29.0085137509676]]},"properties":{"segment_id":"2c8f52e1dbef40a42fceb0fe","source_kmz":"withlacoochee","orientation":"unverified"}},{"type":"Feature","geometry":{"type":"LineString","coordinates":[[-82.4422357997987,29.0591601573351],[-82.4425404282129,29.059198678797],[-82.4446306988615,29.057820671933],[-82.4446744469253,29.0575524850023],[-82.44502281743561,29.0573228125112],[-82.44506656398221,29.057054625094],[-82.4454149313432,29.056824951057],[-82.4457211406597,29.05494763165222],[-82.4460694974511,29.05471795431511],[-82.4465069031295,29.0520360500168],[-82.4468552456422,29.0518063685024],[-82.4468989834313,29.0515381767117],[-82.447247322795,29.0513084936512],[-82.4475534708124,29.049431143629],[-82.4510366727171,29.0471342236048],[-82.451341261401,29.0471727213668],[-82.4530827872651,29.046024209536],[-82.456128655722,29.0464090916159],[-82.4564769483989,29.0461793758765],[-82.4610457934714,29.0467565227212],[-82.4627871774683,29.0456078531303]]},"properties":{"segment_id":"178ee375bd263d2977c7137c","source_kmz":"withlacoochee","orientation":"unverified"}},{"type":"Feature","geometry":{"type":"LineString","coordinates":[[-82.0926771678124,29.0034083203355],[-82.0944226911524,29.0022654809963],[-82.0954539514773,28.9960995958638]]},"properties":{"segment_id":"8a26c0a27f583e7b0d5df3be","source_kmz":"withlacoochee","orientation":"unverified"}},{"type":"Feature","geometry":{"type":"LineString","coordinates":[[-81.9675437981344,28.9766707236652],[-81.9682424726519,28.9762143720114],[-81.968966124809,28.9719256387891],[-81.9696647520018,28.9714692725655],[-81.97061438090091,28.9658402213129],[-81.9688024714604,28.9636848049722],[-81.9684984120395,28.96364493771931],[-81.9682395766851,28.9633370169143],[-81.96793551879432,28.9632971480394],[-81.9676766865832,28.9629892256179],[-81.9643320825327,28.9625506027657]]},"properties":{"segment_id":"29022c9994586cb64c549048","source_kmz":"withlacoochee","orientation":"unverified"}},{"type":"Feature","geometry":{"type":"LineString","coordinates":[[-82.1362790628483,29.0085137509676],[-82.1369770823452,29.0080563425635],[-82.1375135523561,29.0048392059115],[-82.1396074758368,29.003466929208],[-82.1403225860714,28.9991773414305],[-82.1413694625823,28.9984911718947],[-82.1439609075151,28.9829409443749],[-82.1457053042525,28.9817972174987],[-82.14579463487182,28.9812609880371],[-82.1461435060249,28.9810322382956]]},"properties":{"segment_id":"07c545c93649e89e5e746c8a","source_kmz":"withlacoochee","orientation":"unverified"}},{"type":"Feature","geometry":{"type":"LineString","coordinates":[[-82.1461435060249,28.9810322382956],[-82.146277496093,28.9802278917443],[-82.1469752252503,28.9797703867111],[-82.1470198855571,28.9795022702097],[-82.1480664612855,28.97881600233641],[-82.1481111175904,28.9785478847507],[-82.1478515763879,28.978240407095],[-82.1475473794521,28.97820104635891]]},"properties":{"segment_id":"ae3e98eb4f43257a9bee02f7","source_kmz":"withlacoochee","orientation":"unverified"}},{"type":"Feature","geometry":{"type":"LineString","coordinates":[[-82.0954539514773,28.9960995958638],[-82.0954987854377,28.9958315115504],[-82.0952393838808,28.99552392042421],[-82.0957773770052,28.9923068922304],[-82.0955179853426,28.9919992990989],[-82.095562816903,28.9917312120464],[-82.09530342781161,28.9914236179618],[-82.0959310488385,28.9876703773018],[-82.0956716709718,28.9873627810193],[-82.0957164995582,28.9870946908344],[-82.0951977508717,28.9864794955054],[-82.0953770676725,28.9854071320382],[-82.0951176988494,28.9850995327042],[-82.0978517518007,28.9687455949795]]},"properties":{"segment_id":"eafcf6bc6c160a5de730ff5e","source_kmz":"withlacoochee","orientation":"unverified"}},{"type":"Feature","geometry":{"type":"LineString","coordinates":[[-82.0978517518007,28.9687455949795],[-82.095517883447,28.9659771096667],[-82.0958764164947,28.9638322698349],[-82.0956171126325,28.9635246552965],[-82.0963789457177,28.9589668272599]]},"properties":{"segment_id":"b1aaf8dc9fdce8fa0ea30003","source_kmz":"withlacoochee","orientation":"unverified"}},{"type":"Feature","geometry":{"type":"LineString","coordinates":[[-82.2597058633495,28.9858065291204],[-82.2586659819857,28.9845777107134],[-82.2587102872825,28.9843095513197],[-82.25840601641251,28.9842705039621],[-82.25902627412842,28.9805162532768],[-82.2577265217524,28.9789801998537],[-82.2579037414249,28.977907547815],[-82.2560841869355,28.9757570341967]]},"properties":{"segment_id":"cf309e5790d7e094cee45107","source_kmz":"withlacoochee","orientation":"unverified"}},{"type":"Feature","geometry":{"type":"LineString","coordinates":[[-82.2560841869355,28.9757570341967],[-82.2547845623573,28.9742209272428],[-82.2520464810286,28.9738693615243],[-82.2517865729659,28.9735621306859],[-82.2511781160437,28.9734839939598],[-82.2508295633713,28.9737130876755],[-82.2505253346665,28.9736740170576],[-82.2504366826345,28.9742103430155],[-82.2497395652829,28.9746685235735],[-82.2494353336165,28.9746294499722],[-82.2491754327724,28.9743222134165]]},"properties":{"segment_id":"41fdae30a126d7b7f25d3ba6","source_kmz":"withlacoochee","orientation":"unverified"}},{"type":"Feature","geometry":{"type":"LineString","coordinates":[[-81.9643320825327,28.9625506027657],[-81.96398279254981,28.962778774263],[-81.9569896275031,28.96186129474651],[-81.9559417004819,28.9625457352476],[-81.9556376513176,28.9625058316072],[-81.9552883378441,28.9627339749567],[-81.9467750603346,28.96161629629],[-81.9462575637548,28.9610003464282],[-81.9474803610105,28.9537630566977],[-81.9478296583438,28.9535349335843],[-81.9478749418337,28.9532668827612],[-81.9492721071849,28.9523543765063],[-81.9510377438187,28.941900194193],[-81.9494855481494,28.9400523054824],[-81.9497571692563,28.9384439396744],[-81.9492397938433,28.9378279687684],[-81.9492850643363,28.937559906918],[-81.9490263801427,28.9372519200846],[-81.9499317424132,28.9318906397283],[-81.948638416058,28.9303506831012]]},"properties":{"segment_id":"26aec278d3842c6a3a3eb378","source_kmz":"withlacoochee","orientation":"unverified"}},{"type":"Feature","geometry":{"type":"LineString","coordinates":[[-82.1475473794521,28.97820104635891],[-82.1472878413936,28.9778935670826],[-82.1469836459825,28.9778542047224],[-82.1467241110681,28.9775467238256],[-82.1461157235806,28.97746799499461],[-82.1458561930489,28.9771605117152],[-82.1459008555461,28.9768923939481],[-82.1449882830333,28.9767742922497],[-82.1444692364512,28.9761593183506],[-82.1446032348018,28.9753549641941],[-82.1420081362088,28.9722800403076],[-82.1420528084204,28.9720119209001],[-82.14179330970622,28.971704423694],[-82.1421506824368,28.9695594605976],[-82.1395558533939,28.9664844336141],[-82.14192333877442,28.9522736845102]]},"properties":{"segment_id":"f84cb1bcd63c55519a31879c","source_kmz":"withlacoochee","orientation":"unverified"}},{"type":"Feature","geometry":{"type":"LineString","coordinates":[[-81.948638416058,28.9303506831012],[-81.9491816174825,28.9271338712275],[-81.9495307992167,28.9269057275376]]},"properties":{"segment_id":"ae3a3862e01ed75653de597c","source_kmz":"withlacoochee","orientation":"unverified"}},{"type":"Feature","geometry":{"type":"LineString","coordinates":[[-82.3786901630972,28.9801974741298],[-82.37834193155902,28.9804269760657],[-82.378602324895,28.9807338963371],[-82.378163117007,28.9834159956371],[-82.3807672226247,28.9864851412383],[-82.3790982318368,28.9966769033452],[-82.3777050245886,28.9975948714824],[-82.377617161827,28.9981312698486],[-82.3772688527703,28.9983607581585],[-82.3771809864111,28.99889715515601],[-82.3768326729733,28.9991266416238],[-82.3766129959701,29.0004676292311],[-82.3768734452888,29.0007745384949],[-82.3777866036685,29.0008906703034],[-82.3776987379712,29.0014270643758]]},"properties":{"segment_id":"d053167a862d35565d26d86f","source_kmz":"withlacoochee","orientation":"unverified"}},{"type":"Feature","geometry":{"type":"LineString","coordinates":[[-82.14192333877442,28.9522736845102],[-82.1416639016639,28.95196617197171],[-82.1418872112209,28.9506255062855],[-82.1416277793459,28.9503179924046],[-82.1417617636489,28.9495135903433],[-82.1407240631845,28.9482835250708]]},"properties":{"segment_id":"0945272b1f5b06b08ab20055","source_kmz":"withlacoochee","orientation":"unverified"}},{"type":"Feature","geometry":{"type":"LineString","coordinates":[[-82.3664098515837,28.9660394966149],[-82.3685396410887,28.9663106887382],[-82.3690602700853,28.96692459718451],[-82.3699730486478,28.9670408048591],[-82.3703212474683,28.9668113223583],[-82.3708418926319,28.96742522144],[-82.3711461545133,28.9674639531177],[-82.3711022180751,28.9677321696884],[-82.3721435389247,28.968959954065],[-82.3724917397763,28.96873046564311],[-82.3752301563657,28.96907897666],[-82.3754905030266,28.9693859130558],[-82.3752708825301,28.9707269964278],[-82.3745744775486,28.9711859877029],[-82.3742702005636,28.9711472660576],[-82.3732255767645,28.9718357406764],[-82.3734859246482,28.9721426798206],[-82.3733980615657,28.9726791084665],[-82.3736584127025,28.9729860465542],[-82.3739626960838,28.9730247697501],[-82.3738748351292,28.9735611976147],[-82.3735266179866,28.9737906877625],[-82.3737869730493,28.9740976246963],[-82.3740912605279,28.9741363474229],[-82.3743516187339,28.9744432827309],[-82.3749601970057,28.9745207240683],[-82.3767827751674,28.9766692363999],[-82.3770870733726,28.9767079504253],[-82.37734745054921,28.9770148765477],[-82.377651750271,28.9770535889464],[-82.3779121305911,28.9773605134429],[-82.3785207333492,28.9774379341242],[-82.3790415046554,28.9780517774754],[-82.3786901630972,28.9801974741298]]},"properties":{"segment_id":"69c6be57474b800be8d039d6","source_kmz":"withlacoochee","orientation":"unverified"}},{"type":"Feature","geometry":{"type":"LineString","coordinates":[[-82.3649833580891,28.9614767972401],[-82.3670656954606,28.9639325084139],[-82.3670217478108,28.9642007256646],[-82.3666735508028,28.9644301989902],[-82.3664977524491,28.965503064857],[-82.3661495485929,28.9657325357506],[-82.3664098515837,28.9660394966149]]},"properties":{"segment_id":"dd0491e3aec3f919b901f835","source_kmz":"withlacoochee","orientation":"unverified"}},{"type":"Feature","geometry":{"type":"LineString","coordinates":[[-81.9495307992167,28.9269057275376],[-81.9519750181364,28.9253086864035],[-81.9520655278164,28.9247725435513],[-81.9524146918654,28.9245443891774],[-81.9524599450315,28.9242763171566],[-81.9545548819732,28.9229073626445],[-81.9557705037763,28.9230669999263],[-81.9561196506372,28.9228388325789],[-81.9646291143596,28.923955880774],[-81.96497824080932,28.9237276852226],[-81.9704487181729,28.9244454137557],[-81.9882510396083,28.912804885859]]},"properties":{"segment_id":"88fbec86a02f9738dc5d2b6b","source_kmz":"withlacoochee","orientation":"unverified"}},{"type":"Feature","geometry":{"type":"LineString","coordinates":[[-82.2485697532559,28.9460362448643],[-82.2503119528563,28.9448907217766]]},"properties":{"segment_id":"bd23f5c78b683919e47c9ac8","source_kmz":"withlacoochee","orientation":"unverified"}},{"type":"Feature","geometry":{"type":"LineString","coordinates":[[-82.2491754327724,28.9743222134165],[-82.2489155338349,28.9740149760009],[-82.2490928558285,28.9729423252849],[-82.248832961475,28.97263508662221],[-82.2490546109279,28.9712942683326],[-82.248534834634,28.97067978745901],[-82.2485791650118,28.9704116230192],[-82.2483192803937,28.9701043811956],[-82.2487625752561,28.9674227250447],[-82.2485026992374,28.9671154813921],[-82.2492119226981,28.9628247892064],[-82.2489520592938,28.9625175431419],[-82.2490407084571,28.9619812028936],[-82.2487808482972,28.9616739557749],[-82.2488694976639,28.9611376145478],[-82.2486096407483,28.9608303663749],[-82.2494960853782,28.9554669089881],[-82.2492362437516,28.9551596580124],[-82.249413521736,28.9540869567248],[-82.24915368469152,28.9537797045001],[-82.2494639149259,28.951902469007],[-82.2492040844705,28.9515952152415],[-82.2503119528563,28.9448907217766]]},"properties":{"segment_id":"9d36fc756e19fba0e4f5b0d5","source_kmz":"withlacoochee","orientation":"unverified"}},{"type":"Feature","geometry":{"type":"LineString","coordinates":[[-82.0963789457177,28.9589668272599],[-82.0969166603463,28.9557495026794],[-82.1000566767853,28.9536920034496],[-82.1001014733261,28.9534238891187],[-82.100450353284,28.9531952715026],[-82.1007639123734,28.951318463602],[-82.10529906588731,28.9483462930401],[-82.105343842797,28.9480781729802],[-82.1056926861959,28.9478495353678],[-82.105782236679,28.9473132940642],[-82.1061310756977,28.9470846545995],[-82.1062206225582,28.9465484119152],[-82.1065694571968,28.94631977059821],[-82.1067485425267,28.9452472816812],[-82.1095391114868,28.9434180963345],[-82.109628632622,28.9428818459457],[-82.1103262508752,28.9424245358353],[-82.1110423390985,28.9381344948811],[-82.1120886927784,28.9374485060257],[-82.1123571846799,28.93583972233],[-82.1147985579984,28.9342390251466],[-82.11484329698182,28.933970891763],[-82.1151920557486,28.93374221540561],[-82.1174733012795,28.92006713644732]]},"properties":{"segment_id":"1725fc6c6f0824acfed84722","source_kmz":"withlacoochee","orientation":"unverified"}},{"type":"Feature","geometry":{"type":"LineString","coordinates":[[-82.1407240631845,28.9482835250708],[-82.1399458078285,28.9473609670995],[-82.1400351385948,28.9468246967202],[-82.1174733012795,28.92006713644732]]},"properties":{"segment_id":"026f8b487764a031ef7e8b68","source_kmz":"withlacoochee","orientation":"unverified"}},{"type":"Feature","geometry":{"type":"LineString","coordinates":[[-81.9882510396083,28.912804885859],[-82.0063973364436,28.9009327370823]]},"properties":{"segment_id":"7366e6116100357c24ef8e65","source_kmz":"withlacoochee","orientation":"unverified"}},{"type":"Feature","geometry":{"type":"LineString","coordinates":[[-82.1174733012795,28.92006713644732],[-82.1169548077152,28.919451943681],[-82.117044255819,28.9189156552395],[-82.1154888287646,28.9170700551595],[-82.1155335563777,28.9168019100591],[-82.1152743258585,28.91649430694232],[-82.1153190538505,28.9162261615474],[-82.1114308342997,28.9116120102629],[-82.1114755719795,28.9113438632102],[-82.1099204079777,28.9094981479986]]},"properties":{"segment_id":"72b28f1650a67f20745c2380","source_kmz":"withlacoochee","orientation":"unverified"}},{"type":"Feature","geometry":{"type":"LineString","coordinates":[[-82.2503119528563,28.9448907217766],[-82.2544930375701,28.9421413381895],[-82.2545373337848,28.9418731523504],[-82.254277515824,28.9415659031798],[-82.2543218124243,28.9412977170467],[-82.2550186271266,28.9408394690052],[-82.255322738728,28.9408785301192],[-82.2563679444864,28.9401911457494],[-82.2564122336707,28.939922957843],[-82.2567606305441,28.9396938269111],[-82.2568492055903,28.9391574499175],[-82.2571533119413,28.9391965060285],[-82.2573304548225,28.9381237492865],[-82.2684778902769,28.9307908085262],[-82.2687819716887,28.9308298326301],[-82.2701752612965,28.9299131207271],[-82.2704793403144,28.9299521401258],[-82.2715242855127,28.929264590124],[-82.2718283628058,28.9293036057782],[-82.2725249820757,28.92884523090691],[-82.2828637329089,28.9301711849577]]},"properties":{"segment_id":"60c919e192f6e4af2ceead85","source_kmz":"withlacoochee","orientation":"unverified"}},{"type":"Feature","geometry":{"type":"LineString","coordinates":[[-82.0063973364436,28.9009327370823],[-82.0154685579498,28.8949953848899]]},"properties":{"segment_id":"c478bb3499a7250b8705f96e","source_kmz":"withlacoochee","orientation":"unverified"}},{"type":"Feature","geometry":{"type":"LineString","coordinates":[[-82.0154685579498,28.8949953848899],[-82.0308169297937,28.884945617737]]},"properties":{"segment_id":"fee1cea967d1e2696433160a","source_kmz":"withlacoochee","orientation":"unverified"}},{"type":"Feature","geometry":{"type":"LineString","coordinates":[[-82.0308169297937,28.884945617737],[-82.0322120539338,28.8840318815941],[-82.0322570301628,28.8837637491302],[-82.03260580521092,28.8835353116467],[-82.0331005111402,28.8805858381965],[-82.0348442898289,28.8794436154734],[-82.0354518613845,28.8795229914247],[-82.0358006100987,28.8792945411779],[-82.0361043956453,28.8793342269006],[-82.0364531417975,28.8791057744328],[-82.0367569269692,28.879145458333],[-82.03701575401001,28.8794532789022],[-82.03792711496152,28.8795723231543],[-82.0381859476137,28.87988014058291],[-82.0384897364096,28.8799198195173],[-82.0387485721987,28.88022763532671],[-82.0396599440227,28.8803466646814],[-82.0424498162513,28.8785189221479],[-82.0425846370306,28.87771450028371],[-82.0457230645614,28.8756581855157],[-82.0474301476184,28.8654685855532],[-82.0477788052899,28.8652400884985],[-82.0479135536345,28.8644356333131],[-82.0493081504894,28.863521628917],[-82.0495327005892,28.862180860341]]},"properties":{"segment_id":"24a2345183a85a08532bc832","source_kmz":"withlacoochee","orientation":"unverified"}},{"type":"Feature","geometry":{"type":"LineString","coordinates":[[-82.1099204079777,28.9094981479986],[-82.1096612206342,28.90919052579021],[-82.1093572921943,28.909151050555],[-82.10940203519252,28.908882902723],[-82.1088836700146,28.9082676540115],[-82.1089284140561,28.9079995057872],[-82.1086692349846,28.9076918800456],[-82.1087587235384,28.9071555828098],[-82.1056487389674,28.90346400457],[-82.1050409276652,28.9033850294701],[-82.10452262847421,28.9027697513585],[-82.1039148232649,28.9026907697672],[-82.1040043368892,28.9021544698108],[-82.103745193949,28.9018468277485],[-82.1038347077572,28.9013105268069],[-82.1035755680474,28.9010028836904],[-82.1037545948869,28.8999302790468],[-82.1029771951393,28.8990073433722],[-82.1030219531269,28.8987391914246],[-82.1027628243448,28.898431544384],[-82.1029866133111,28.8970907811946],[-82.1003954632762,28.8940142586582],[-82.1004402268541,28.8937461044508],[-82.10113748645792,28.8932887980015],[-82.1014413535407,28.8933282979888],[-82.10148611340821,28.8930601428886],[-82.1018347384575,28.892831486517],[-82.1021927971995,28.8906862362189],[-82.1025414104541,28.89045757620771],[-82.1017641118633,28.8895346100098],[-82.1018088686742,28.8892664522419],[-82.1007724998223,28.888035818225],[-82.1010858080826,28.8861587055746],[-82.1035259503461,28.8845580660952],[-82.1036154471049,28.8840217422477],[-82.1033563616152,28.883714085359],[-82.1030525284615,28.8836745898295],[-82.10279344610892,28.8833669313201],[-82.1024896144778,28.8833274341679],[-82.1017123825332,28.8824044512001],[-82.1017571357048,28.8821362886898],[-82.1014980628552,28.88182862588391],[-82.1011942374063,28.8817891249251],[-82.1016417695277,28.8791074889591],[-82.1011236452844,28.8784921572871],[-82.1012131509311,28.8779558273274],[-82.0991407405958,28.8754944646971],[-82.09936452626481,28.8741536324115],[-82.0997130785227,28.8739249721347],[-82.1006244681872,28.8740434872903],[-82.1006692203761,28.8737753196419],[-82.100410177338,28.8734676478044],[-82.1004996821853,28.8729313117174],[-82.1002406423753,28.87262363882421],[-82.1003748994922,28.8718191329143],[-82.100115863574,28.8715114588673],[-82.09981207614202,28.8714719529919],[-82.1004833473106,28.8674493967331],[-82.10849885781771,28.8621897206021]]},"properties":{"segment_id":"fd12492e3f35e4d3fe559f26","source_kmz":"withlacoochee","orientation":"unverified"}},{"type":"Feature","geometry":{"type":"LineString","coordinates":[[-82.10849885781771,28.8621897206021],[-82.1116350883635,28.8601314051997]]},"properties":{"segment_id":"58eb42668aa6b08d94452ba4","source_kmz":"withlacoochee","orientation":"unverified"}},{"type":"Feature","geometry":{"type":"LineString","coordinates":[[-82.0495327005892,28.862180860341],[-82.0490150631313,28.8615652520006],[-82.0491947033434,28.8604926327859],[-82.04841826934761,28.859569212656],[-82.0486877329769,28.8579602761179],[-82.0481701277558,28.85734465722531],[-82.0482150386807,28.8570765002451],[-82.0479562395807,28.8567686894122],[-82.0481807932109,28.85542790104421],[-82.0479219993211,28.8551200888613],[-82.0476182958535,28.8550804340862],[-82.0473595050989,28.8547726202835],[-82.0474044172377,28.8545044619185],[-82.0471456290439,28.8541966471586],[-82.0475498313364,28.8517832120596],[-82.0478984318197,28.8515547068069],[-82.0479882489214,28.8510183851159],[-82.0483368450336,28.8507898780063],[-82.0484266585147,28.8502535549243],[-82.0487752502559,28.8500250459578],[-82.0489548688293,28.8489523962175],[-82.0493034537272,28.848723884797],[-82.0493483564169,28.8484557215671],[-82.0496969381803,28.8482272085883],[-82.0494381609353,28.8479193945117],[-82.0494830627641,28.8476512306862],[-82.049831640819,28.8474227168116],[-82.0498765411247,28.847154552489],[-82.0502251160451,28.8469260370561],[-82.0503149133234,28.846389707218],[-82.0506185866137,28.8464293552451],[-82.0508430700422,28.8450885266749],[-82.05114673887371,28.8451281733407],[-82.0513263166554,28.8440555065101],[-82.05080877783801,28.8434398789121],[-82.05094346213491,28.8426353761132]]},"properties":{"segment_id":"94a2c2dc09565f294c0be605","source_kmz":"withlacoochee","orientation":"unverified"}},{"type":"Feature","geometry":{"type":"LineString","coordinates":[[-82.05094346213491,28.8426353761132],[-82.0526862093808,28.8414927561618],[-82.0527310973929,28.84122458667151],[-82.0530347531355,28.8412642283928],[-82.0533832949922,28.8410356993642],[-82.0545979181824,28.8411942537977],[-82.054946455492,28.8409657196661],[-82.05525011134442,28.8410053551616],[-82.0555088885867,28.8413131605844],[-82.0588491354849,28.8417490858532],[-82.0591079282198,28.8420568820482],[-82.0597152520372,28.8421361284757],[-82.0599740491421,28.8424439222898],[-82.0614923698822,28.8426420194903],[-82.0617511750646,28.842949808641],[-82.0623585078392,28.8430290399737],[-82.0628761288421,28.8436446126537],[-82.062786414777,28.84418095665],[-82.0685562163517,28.8449334574606],[-82.0732155936208,28.8504731931239],[-82.0741266911154,28.8505919395432],[-82.0743855671533,28.8508996921883],[-82.0749929693873,28.8509788506413],[-82.0752518497958,28.851286600905],[-82.076162959003,28.8514053298446],[-82.076421845018,28.851713076966],[-82.077332960511,28.8518317958743],[-82.07759185213261,28.8521395398533],[-82.0781992663652,28.8522186799655],[-82.0784581623574,28.8525264215631],[-82.0793692895621,28.85264512299131],[-82.079628191161,28.8529528614463],[-82.0805393246509,28.85307155284301],[-82.0807982318563,28.8533792881555],[-82.0814056580867,28.8534584099264],[-82.0816645696628,28.8537661428574],[-82.0825757148637,28.8538848167735],[-82.0828346320465,28.8541925465619],[-82.08374578353211,28.8543112104461],[-82.0840047063216,28.8546189370918],[-82.0846121445487,28.854698040521],[-82.084871071709,28.8550057647851],[-82.08699712317332,28.855282594339],[-82.09062242395171,28.8595905692011],[-82.090926164037,28.8596301021806],[-82.0914440970094,28.8602455118865],[-82.0917926130745,28.8600168693169],[-82.10849885781771,28.8621897206021]]},"properties":{"segment_id":"e3ba7faf918debc4eec35dd9","source_kmz":"withlacoochee","orientation":"unverified"}},{"type":"Feature","geometry":{"type":"LineString","coordinates":[[-82.1116350883635,28.8601314051997],[-82.1123320075882,28.859673987931],[-82.1135470117348,28.8598318695974],[-82.1145923683556,28.8591457227245],[-82.1171844728297,28.8435907564126]]},"properties":{"segment_id":"86204d6c5ed7406d25e0a6ce","source_kmz":"withlacoochee","orientation":"unverified"}},{"type":"Feature","geometry":{"type":"LineString","coordinates":[[-82.0287088133479,28.8290421820615],[-82.0293160142718,28.8291216026373],[-82.02957465976812,28.829429479572],[-82.0298782618968,28.8294691878084],[-82.02983330716171,28.8297373556476],[-82.0329372238799,28.8334318015424],[-82.0408313902909,28.8344636789107],[-82.0410900944849,28.8347715240432],[-82.0413937213816,28.834811199254],[-82.0416524287091,28.8351190427666],[-82.0419560571288,28.8351587163561],[-82.0422147675899,28.8354665582489],[-82.0425183975324,28.835506230217],[-82.0430358266196,28.8361219099038],[-82.043339459321,28.83616157949],[-82.0441156208927,28.837085090294],[-82.0444192575888,28.83712475673761],[-82.0446779831443,28.8374325911932],[-82.0445881594281,28.8379689283428],[-82.0456230859241,28.8392002567845],[-82.0449259732995,28.8396572654086],[-82.0447463231267,28.8407299333565],[-82.0450050609955,28.8410377642491],[-82.0456123641155,28.84111709047111],[-82.046647344459,28.8423483993644],[-82.0469510013936,28.8423880581415],[-82.0472097524607,28.8426958824563],[-82.0502463499496,28.8430924152767],[-82.05094346213491,28.8426353761132]]},"properties":{"segment_id":"359111b097479aa4eb3d0298","source_kmz":"withlacoochee","orientation":"unverified"}},{"type":"Feature","geometry":{"type":"LineString","coordinates":[[-82.0105059144948,28.8173415428157],[-82.0182629461142,28.8265791062119],[-82.0270670703345,28.8277312295456],[-82.0273257032983,28.8280391129587],[-82.027932895658,28.8281185415397],[-82.0287088133479,28.8290421820615]]},"properties":{"segment_id":"e2acdec219536f7288cd1171","source_kmz":"withlacoochee","orientation":"unverified"}},{"type":"Feature","geometry":{"type":"LineString","coordinates":[[-82.0068865505623,28.8130304153058],[-82.0105059144948,28.8173415428157]]},"properties":{"segment_id":"d7f7b43214ca482c80bfcbfc","source_kmz":"withlacoochee","orientation":"unverified"}},{"type":"Feature","geometry":{"type":"LineString","coordinates":[[-81.9691713090888,28.8269929739195],[-81.9673624341167,28.824836788168],[-81.9670588783788,28.8247969030683],[-81.9668004764906,28.8244888723391],[-81.9643720508648,28.8241697544844],[-81.9643268897184,28.82443789844841],[-81.9640684989598,28.8241298608804],[-81.96411366076592,28.8238617168179],[-81.9630801193327,28.8226295575688],[-81.9633059372276,28.8212888323003],[-81.9630475599076,28.8209807898498],[-81.9637701392563,28.8166904339559],[-81.974578420592,28.8096139784163],[-81.9751854297163,28.8096937083557],[-81.9755340523008,28.8094654135026],[-81.9800866475776,28.8100632639334],[-81.9807838672666,28.8096066416188],[-82.0068865505623,28.8130304153058]]},"properties":{"segment_id":"49c4972497ca7a02e3120361","source_kmz":"withlacoochee","orientation":"unverified"}},{"type":"Feature","geometry":{"type":"LineString","coordinates":[[-82.1171844728297,28.8435907564126],[-82.1172291558598,28.8433225614866],[-82.1169701461109,28.8430149060998],[-82.1170148295193,28.8427467108766],[-82.1167558223332,28.8424390545309],[-82.11680050612,28.8421708590104],[-82.1162824987723,28.8415555435408],[-82.1163271836012,28.8412873476241],[-82.11555018881282,28.8403643676721],[-82.1156842475606,28.8395597778414],[-82.115166264512,28.8389444529792],[-82.1153450108212,28.8378716629679],[-82.1127552360499,28.8347949830891],[-82.1128893126945,28.8339903855275],[-82.1100408016257,28.8306059350394],[-82.1100855005688,28.8303377343658],[-82.10982655707092,28.8300300517882],[-82.1098712563918,28.8297618508169],[-82.1096123154557,28.8294541672801],[-82.1100146024622,28.8270403487052],[-82.1056129984656,28.821809581792]]},"properties":{"segment_id":"1147c5b0741829f2b3e05dd2","source_kmz":"withlacoochee","orientation":"unverified"}},{"type":"Feature","geometry":{"type":"LineString","coordinates":[[-81.9714373392267,28.7987859231855],[-81.9740208225766,28.8018662790172],[-81.9743242987277,28.8019061467656],[-81.9745826587229,28.8022141768654],[-81.9754930926127,28.8023337726689],[-81.9783352184436,28.8057220220089],[-81.9786387105778,28.8057618771972],[-81.980189065121,28.8076099648417],[-81.9807960650844,28.8076896635182],[-81.9810544666151,28.8079976735999],[-82.0053355083709,28.811182737685],[-82.0068865505623,28.8130304153058]]},"properties":{"segment_id":"e17d711005aba332ff3ddafd","source_kmz":"withlacoochee","orientation":"unverified"}},{"type":"Feature","geometry":{"type":"LineString","coordinates":[[-82.1056129984656,28.821809581792],[-82.1043185134414,28.8202710736178],[-82.104944451547,28.8165161821718],[-82.1041678111592,28.81559306277421],[-82.1042125208709,28.8153248544526],[-82.1052573996044,28.81463872182921],[-82.105864568574,28.8147177132154],[-82.1062128563638,28.8144889979026],[-82.1066598694208,28.81180688981],[-82.1073564146212,28.8113494494363],[-82.1100885858277,28.8117048331786],[-82.1118298857799,28.8105611670029],[-82.1291339845325,28.812810038045],[-82.1378388271951,28.8070898669058]]},"properties":{"segment_id":"2ce000fa382fed94d2ddd7ec","source_kmz":"withlacoochee","orientation":"unverified"}},{"type":"Feature","geometry":{"type":"LineString","coordinates":[[-82.1378388271951,28.8070898669058],[-82.1385351633718,28.806632219236],[-82.1391423057147,28.8067110243623],[-82.139490469629,28.8064821967196]]},"properties":{"segment_id":"bbc428b78967ea0e58029e9e","source_kmz":"withlacoochee","orientation":"unverified"}},{"type":"Feature","geometry":{"type":"LineString","coordinates":[[-82.2467483143935,28.7954159672268],[-82.2453570007565,28.7963326839496],[-82.2452685029499,28.796869242702],[-82.2435293058704,28.7980151073486],[-82.2434850503833,28.7982833849388],[-82.2431372040401,28.7985125537997],[-82.242340534741,28.8033415110554]]},"properties":{"segment_id":"44f89049eda60b70c56091d1","source_kmz":"withlacoochee","orientation":"unverified"}},{"type":"Feature","geometry":{"type":"LineString","coordinates":[[-82.2477917796884,28.79472841648692],[-82.2467483143935,28.7954159672268]]},"properties":{"segment_id":"bb8c284d3e8227d3651b96fd","source_kmz":"withlacoochee","orientation":"unverified"}},{"type":"Feature","geometry":{"type":"LineString","coordinates":[[-82.0484062384004,28.7836571764883],[-82.0494511789031,28.7829715315535],[-82.0497546224948,28.7830111883235],[-82.0507995439549,28.7823255291707],[-82.0511029858495,28.7823651821998],[-82.05145128855081,28.7821366256692],[-82.0517547300706,28.7821762768777],[-82.0524513284644,28.7817191581172],[-82.0530582097185,28.78179845411241],[-82.0537547978855,28.7813413264724],[-82.0540582376197,28.7813809712591],[-82.0544065281988,28.7811524045894],[-82.0547099675581,28.7811920475556],[-82.0550582555804,28.7809634786661],[-82.0564932524316,28.7723806213972],[-82.0571897438167,28.7719234606715],[-82.0572345802761,28.7716552424876],[-82.0575828218923,28.7714266599357],[-82.0576276568315,28.7711584412525],[-82.0570208481266,28.7710791689281],[-82.0570656846746,28.77081095024471],[-82.05680711890821,28.7705030941084],[-82.0565037171664,28.7704634559952],[-82.0568175762468,28.7685859196155],[-82.0575140344089,28.76812875242191],[-82.0596377969306,28.7684061828198],[-82.0603342382563,28.7679489971475],[-82.0615478178471,28.7681075021978],[-82.0625821322755,28.7693388833926],[-82.0628855328233,28.7693785044624],[-82.06314411740152,28.7696863468491],[-82.0646611306009,28.7698844354915],[-82.0650093446699,28.7696558278636],[-82.0653127475068,28.76969544205121],[-82.0653575568438,28.7694272189761],[-82.0657057671228,28.7691986088292],[-82.06584018971641,28.7683939375068],[-82.0661883943996,28.7681653252018],[-82.066233200125,28.7678971007286],[-82.067277799104,28.7672112553582],[-82.0673674022953,28.7666748040151],[-82.0694565342881,28.7653030756742],[-82.0703667027911,28.7654218793029],[-82.0717594116176,28.764507357034],[-82.0718041976074,28.7642391277685],[-82.0725005381846,28.7637818584785],[-82.0734106945124,28.7639006367874],[-82.0737588599742,28.7636719973736],[-82.07406224532721,28.7637115874628],[-82.0747585692431,28.7632543029372],[-82.0750619535589,28.7632938902464],[-82.0757582685723,28.7628365987635],[-82.0760616518508,28.7628761832927],[-82.0764098058537,28.7626475347023],[-82.0797470335046,28.7630828971884],[-82.0811396014559,28.7621682479996],[-82.0811843562539,28.76190001324681],[-82.0809257295468,28.7615922082262],[-82.0816219985438,28.7611348767979],[-82.0819253784398,28.7611744449462],[-82.08262163853412,28.760717106561]]},"properties":{"segment_id":"813bf342abc131fa3b7285d9","source_kmz":"withlacoochee","orientation":"unverified"}},{"type":"Feature","geometry":{"type":"LineString","coordinates":[[-82.08262163853412,28.760717106561],[-82.0836660144641,28.7600310895387],[-82.0854862799882,28.7602684515689],[-82.0858343975381,28.7600397709508],[-82.0903850964078,28.76063302614],[-82.09316988916932,28.7588034206906],[-82.09347326608321,28.7588429564764],[-82.0938213559894,28.75861424916941],[-82.09473148645792,28.758732848486],[-82.0952488253061,28.759348395656],[-82.0955522051657,28.75938792551951],[-82.0958108786651,28.7596956970519],[-82.095766171734,28.7599639393812],[-82.0968008873295,28.7611950164973],[-82.0963538288021,28.7638774247837],[-82.0981647004031,28.7660317695581],[-82.0981199976155,28.7663000085855],[-82.0983787018016,28.76660776858],[-82.09828929669442,28.7671442458351],[-82.1200273275263,28.7929929945014],[-82.1227589551459,28.7933480727569],[-82.1230178329206,28.7936557525111],[-82.12423190198821,28.7938135396493],[-82.1244907865939,28.7941212154978],[-82.1254013450887,28.7942395445317],[-82.12591912739181,28.79485488907842],[-82.1265261727479,28.7949337677532],[-82.1355886777665,28.805701686516],[-82.1361958106158,28.8057805084591],[-82.1364547759496,28.8060881462599],[-82.139490469629,28.8064821967196]]},"properties":{"segment_id":"6e7f411d5e52a2c4667d70c1","source_kmz":"withlacoochee","orientation":"unverified"}},{"type":"Feature","geometry":{"type":"LineString","coordinates":[[-82.1842485870629,28.757205083448],[-82.184507578599,28.7575126430749],[-82.18446315599522,28.7577809236562],[-82.1849811460838,28.7583960401209],[-82.1849367245249,28.7586643203007],[-82.18519572307741,28.7589718771385],[-82.1851513018993,28.7592401570178],[-82.1854103030121,28.7595477128923],[-82.184299697972,28.7662546424631]]},"properties":{"segment_id":"546c4061cd2fda2e1312d3d2","source_kmz":"withlacoochee","orientation":"unverified"}},{"type":"Feature","geometry":{"type":"LineString","coordinates":[[-82.1561096094897,28.7456109975084],[-82.1554864861178,28.7493668556591],[-82.1578163132798,28.7521355396161],[-82.1581196964656,28.7521748935823],[-82.1583785768586,28.7524825200608],[-82.162019212032,28.752954691412],[-82.1630628429495,28.7522678897192],[-82.1691306193136,28.753054509098],[-82.1726091330829,28.7507648964815],[-82.1731269931523,28.7513800809503],[-82.1794981928642,28.7522054274787],[-82.1836417602014,28.7571265231749],[-82.1842485870629,28.757205083448]]},"properties":{"segment_id":"60c060c46094ecb8cf1ae0ef","source_kmz":"withlacoochee","orientation":"unverified"}},{"type":"Feature","geometry":{"type":"LineString","coordinates":[[-82.1586580096804,28.7377200187227],[-82.1583101828174,28.7379489480216],[-82.1582656869333,28.7382172310019],[-82.1572221912816,28.7389040104518],[-82.1565546635149,28.7429282176886],[-82.1568135096972,28.7432358551114],[-82.1567690062366,28.7435041338925],[-82.1570278549773,28.7438117703519],[-82.156983351896,28.7440800488319],[-82.1562876345093,28.7445378879806],[-82.1561096094897,28.7456109975084]]},"properties":{"segment_id":"3f60dcdf7013e9d0768d72d3","source_kmz":"withlacoochee","orientation":"unverified"}},{"type":"Feature","geometry":{"type":"LineString","coordinates":[[-82.1632401155192,28.7306408110892],[-82.1594143753208,28.7331591723527],[-82.1586580096804,28.7377200187227]]},"properties":{"segment_id":"cb03ee03818d0fcb966e176e","source_kmz":"withlacoochee","orientation":"unverified"}},{"type":"Feature","geometry":{"type":"LineString","coordinates":[[-82.2808620604168,28.7444597959201],[-82.28016701531641,28.7449184362696],[-82.2801229047616,28.7451867647727],[-82.2809008261513,28.7461087754432],[-82.2812042449627,28.7461477825086],[-82.2814635571157,28.7464551169084],[-82.2813753423903,28.746991772699],[-82.2806802791509,28.74745041343902],[-82.28059205837911,28.7479870672394],[-82.2808513739685,28.7482944016907],[-82.281154800648,28.7483334086808],[-82.2816734399767,28.7489480734666],[-82.2816293321166,28.7492163998609],[-82.2812817929386,28.7494457203939],[-82.2811494639782,28.7502506974852],[-82.2808019192134,28.7504800158683],[-82.2813205692091,28.75109467903],[-82.28223088107832,28.75121169261771],[-82.2832682185918,28.7524409994249],[-82.28357166136522,28.7524799991832],[-82.2835275577123,28.75274832396691],[-82.2845649331632,28.7539776134957],[-82.2828006627671,28.764710425001],[-82.2824530626978,28.7649397403681],[-82.2824089489324,28.7652080562691],[-82.2820613457353,28.765437370082],[-82.2819731148983,28.7659740006907],[-82.2816255073427,28.766203312652],[-82.2807872347938,28.7713012580071],[-82.2787014093225,28.7726770694658],[-82.276273309524,28.7723649531671],[-82.275925659968,28.772594243007],[-82.2747116141672,28.77243816036391],[-82.2646288741749,28.7790869078426],[-82.2643253440927,28.7790478572167],[-82.2639776342698,28.7792771045619],[-82.2630670437163,28.7791599446423],[-82.2613284561343,28.7803061481297],[-82.2611958873644,28.7811110380806],[-82.2605004316593,28.7815695088928],[-82.2601910774116,28.7834475743077],[-82.2508014496007,28.7896363819899],[-82.2505360783041,28.79124609637501],[-82.2481014527469,28.7928504400064],[-82.2477917796884,28.79472841648692]]},"properties":{"segment_id":"16644e710896c730eb7f212e","source_kmz":"withlacoochee","orientation":"unverified"}},{"type":"Feature","geometry":{"type":"LineString","coordinates":[[-82.1667178622371,28.7283512596467],[-82.1632401155192,28.7306408110892]]},"properties":{"segment_id":"6373e57f01c229bc26c1ed8c","source_kmz":"withlacoochee","orientation":"unverified"}},{"type":"Feature","geometry":{"type":"LineString","coordinates":[[-82.1681089078812,28.7274354038409],[-82.1667178622371,28.7283512596467]]},"properties":{"segment_id":"6c2dd89c76281f9679a24f20","source_kmz":"withlacoochee","orientation":"unverified"}},{"type":"Feature","geometry":{"type":"LineString","coordinates":[[-82.2936850638359,28.7324076593663],[-82.2922953053075,28.7333251288204],[-82.29225123955382,28.7335934701516],[-82.2912088970602,28.7342815581561],[-82.2911648273369,28.7345498983937],[-82.2901224640897,28.7352379741966],[-82.2900343164221,28.73577465228451],[-82.2893393931919,28.73623336201261],[-82.2892512394806,28.7367700381094],[-82.2850815113063,28.7395221837854],[-82.2850374192732,28.7397905179591],[-82.2846899283698,28.7400198549671],[-82.2843371721314,28.7421665187807],[-82.2808620604168,28.7444597959201]]},"properties":{"segment_id":"98e4ddace43b4eeaa02095cb","source_kmz":"withlacoochee","orientation":"unverified"}},{"type":"Feature","geometry":{"type":"LineString","coordinates":[[-82.3332040879033,28.7615865732094],[-82.3321617336005,28.7622750098451],[-82.3294302377656,28.7619252244512],[-82.3289111690554,28.7613108103189],[-82.328955132272,28.7610424727317],[-82.3286956014317,28.7607352642675],[-82.3287395650357,28.7604669263794],[-82.3279609859055,28.7595452954954],[-82.3280049512328,28.7592769571034],[-82.3277014633243,28.7592380834719],[-82.32774542931962,28.75896974497831],[-82.327485909304,28.7586625319888],[-82.3256650008208,28.75842926813471],[-82.32497008478431,28.7588881820558],[-82.3243631148648,28.7588104167175],[-82.3241036077076,28.758503195438],[-82.3238001243988,28.7584643107149],[-82.3235406203689,28.7581570878082],[-82.322630175817,28.758040426186],[-82.3221111808281,28.7574259732025],[-82.3224630361564,28.75527926816421],[-82.3190898231809,28.7512852289268],[-82.3184829136187,28.7512074288907],[-82.3179639911538,28.75059294529821],[-82.3176605392532,28.75055404246361],[-82.3161038247678,28.7487105663632],[-82.3148900494837,28.7485549281125],[-82.3145426038219,28.7487843565776],[-82.3133288303636,28.7486287007225],[-82.3129813801347,28.7488581240972],[-82.3119436522605,28.7476290930467],[-82.3119876624972,28.7473607531499],[-82.3123351092483,28.7471313321216],[-82.3125991573899,28.7455212867625],[-82.317463109456,28.7423092354814],[-82.3175510888324,28.7417725437654],[-82.3178984972952,28.7415431015154],[-82.31811843467432,28.7402013672423],[-82.3178590078018,28.7398941164681],[-82.3183428526614,28.7369422823682],[-82.3178240192903,28.7363277759837],[-82.3175206189552,28.7362888713537],[-82.3172612063436,28.7359816161017],[-82.3163510107111,28.7358648947605],[-82.3160916036833,28.7355576363559],[-82.31487801835551,28.7354019928026],[-82.3135810362462,28.7338656725562],[-82.3132776467621,28.73382675570331],[-82.3127588696514,28.733212220027],[-82.3121520964425,28.733134380689],[-82.3118927131898,28.7328271100286],[-82.3115893282359,28.7327881883062],[-82.3113299481087,28.7324809160185],[-82.3110265646648,28.732441992673],[-82.3103317835588,28.7329008420227],[-82.3100283990615,28.7328619158999],[-82.3097690244127,28.7325546399011],[-82.3098130336991,28.7322862906858],[-82.3082568296301,28.7304426159244],[-82.30643658585932,28.7302090096753],[-82.3056585315468,28.7292871468959],[-82.3047484245173,28.7291703252918],[-82.3044890805593,28.7288630336818],[-82.3005453286432,28.7283567073299],[-82.2997673560804,28.7274347975738],[-82.2976438428476,28.7271620840632],[-82.2973845310558,28.7268547737447]]},"properties":{"segment_id":"765f529dfd38e7de875d044b","source_kmz":"withlacoochee","orientation":"unverified"}},{"type":"Feature","geometry":{"type":"LineString","coordinates":[[-82.2973845310558,28.7268547737447],[-82.2970811743764,28.7268158104675],[-82.2967337699657,28.7270451939379],[-82.296689721672,28.7273135413458],[-82.2963423141363,28.7275429232619],[-82.2957696447462,28.7310314174935],[-82.2936850638359,28.7324076593663]]},"properties":{"segment_id":"c15d1f2b5e8f49291462f846","source_kmz":"withlacoochee","orientation":"unverified"}},{"type":"Feature","geometry":{"type":"LineString","coordinates":[[-82.1428152851765,28.7025002525983],[-82.1431184822618,28.7025396538522],[-82.14337715496121,28.7028473550476],[-82.1442867516136,28.7029655513667],[-82.1449821903936,28.70250774182],[-82.1452853885211,28.7025471369555],[-82.1458027517159,28.7031625280332],[-82.1482283666506,28.7034776459828],[-82.14892378820682,28.7030198115059],[-82.1507430033862,28.7032561023443]]},"properties":{"segment_id":"402c7811a893932503dd8a31","source_kmz":"withlacoochee","orientation":"unverified"}},{"type":"Feature","geometry":{"type":"LineString","coordinates":[[-82.1302332027976,28.7055239502995],[-82.1308396072609,28.7056028223871],[-82.13396944969462,28.703543045402],[-82.138214229352,28.70409493287771],[-82.1399529180984,28.7029505011538],[-82.1400419891133,28.7024139023299],[-82.14038971872262,28.70218501161],[-82.1404342525731,28.7019167115972],[-82.1407374464389,28.7019561196315],[-82.1410851722624,28.7017272263944],[-82.14199475357782,28.7018454424612],[-82.1425120883753,28.7024608504845],[-82.1428152851765,28.7025002525983]]},"properties":{"segment_id":"cba17cfb8946be9e80020dc0","source_kmz":"withlacoochee","orientation":"unverified"}},{"type":"Feature","geometry":{"type":"LineString","coordinates":[[-82.0807703449614,28.69935258918],[-82.0811182231644,28.6991238886476],[-82.0829371631043,28.6993613303657],[-82.0836329059056,28.6989039140131],[-82.0854518481865,28.6991413132698],[-82.0871911522547,28.6979977215767],[-82.0874943069957,28.6980372803148],[-82.08819001405682,28.6975798329042],[-82.0884931677613,28.6976193888643],[-82.0888410177929,28.697390662311],[-82.0891441711217,28.6974302164522],[-82.0894920186004,28.6972014876805],[-82.0913109405957,28.6974387887186],[-82.0930501297806,28.6962950971992],[-82.0933532811396,28.6963346395677],[-82.0943967699628,28.6956484066681],[-82.1031882258366,28.6967946779151]]},"properties":{"segment_id":"84e160fcf479611a753f09f8","source_kmz":"withlacoochee","orientation":"unverified"}},{"type":"Feature","geometry":{"type":"LineString","coordinates":[[-82.1507430033862,28.7032561023443],[-82.1510462069101,28.7032954811409],[-82.1513049109409,28.7036031626515],[-82.1543369741006,28.7039968957092],[-82.1546846713429,28.70376795962361],[-82.1558975019055,28.7039254249325],[-82.1561562256239,28.7042330942657],[-82.15736906565,28.7043905427707],[-82.1584121318159,28.7037037019744],[-82.1614442318651,28.7040972342748],[-82.1617919101725,28.7038682752381],[-82.1627015437321,28.7039863152823],[-82.1629602925309,28.7042939681758],[-82.16365564062372,28.7038360392563],[-82.1642620642245,28.7039147229617],[-82.1646097341051,28.703685754697],[-82.1658225820593,28.7038431079529],[-82.1668576325239,28.7050736847163],[-82.1668131813077,28.7053419935314],[-82.16733071922602,28.705957276531],[-82.1632401155192,28.7306408110892]]},"properties":{"segment_id":"8af7b9a8f00d65a0979984d3","source_kmz":"withlacoochee","orientation":"unverified"}},{"type":"Feature","geometry":{"type":"LineString","coordinates":[[-82.1031882258366,28.6967946779151],[-82.1059166574129,28.6971502702429],[-82.1076556419899,28.6960063413502],[-82.110384066875,28.6963618208799],[-82.1107318521613,28.69613302269361],[-82.1125508109288,28.69636996460161],[-82.113067896565,28.6969855229698],[-82.1136742233549,28.6970644936845],[-82.1178112203392,28.7019888120947],[-82.1181144038551,28.7020282839907],[-82.118372983484,28.7023360457998],[-82.1186761685155,28.7023755160751],[-82.11902395611051,28.7021466945192],[-82.12023669643531,28.7023045631857],[-82.1204952846806,28.7026123196694],[-82.12140484660482,28.7027307098581],[-82.1219220361587,28.7033462156734],[-82.1225284171211,28.7034251351233],[-82.12278701719902,28.7037328852156],[-82.1273349291544,28.7043246600409],[-82.1275935495882,28.7046323978582],[-82.1278967472251,28.7046718418732],[-82.128413996233,28.7052873133985],[-82.1302332027976,28.7055239502995]]},"properties":{"segment_id":"0fc484668e639c1973a151ed","source_kmz":"withlacoochee","orientation":"unverified"}},{"type":"Feature","geometry":{"type":"LineString","coordinates":[[-82.0427740297124,28.682048833891],[-82.0440652610001,28.68358861881911],[-82.0439307656016,28.6843934353323],[-82.04832133922991,28.6896285377648],[-82.0486244454995,28.6896682070711],[-82.0499159008554,28.6912078918878],[-82.0498710839416,28.6914761615203],[-82.0501741976005,28.6915158262661],[-82.0509490991836,28.6924396242311],[-82.050904284909,28.6927078934574],[-82.0512074034941,28.6927475551628],[-82.05275726907682,28.69459512265781],[-82.0530603953373,28.6946347789427],[-82.0540936818153,28.6958664703324],[-82.05439681328811,28.695906122717],[-82.0546551408681,28.6962140426501],[-82.0549582738584,28.6962536934149],[-82.05547493715652,28.6968695291758],[-82.05577807289592,28.6969091775606],[-82.056036408614,28.6972170933884],[-82.0566426834134,28.6972963860584],[-82.0569010234865,28.6976042995042],[-82.0572041625465,28.6976439437894],[-82.0579791978107,28.6985676766761],[-82.0582823408515,28.6986073178211],[-82.05854069095471,28.6989152262998],[-82.0736982688132,28.7008961493707],[-82.074215097853,28.7015118877145],[-82.0757309072196,28.7017098542015],[-82.076078808878,28.7014811713595],[-82.0761682858792,28.7009446236366],[-82.07755986374052,28.7000298772716],[-82.077863021275,28.7000694629951],[-82.07821091034961,28.699840772296],[-82.079423540699,28.6999991027555],[-82.0801193078868,28.6995417099059],[-82.0804224648662,28.6995812884531],[-82.0807703449614,28.69935258918]]},"properties":{"segment_id":"82087c5fee414dbc63e1cefe","source_kmz":"withlacoochee","orientation":"unverified"}},{"type":"Feature","geometry":{"type":"LineString","coordinates":[[-82.0371053382568,28.6807580991495],[-82.0383176160378,28.6809169014361],[-82.038575838724,28.6812248717483],[-82.0400911985435,28.681423351467],[-82.0404391131675,28.6811947723452],[-82.04225755043312,28.6814329138877],[-82.0427740297124,28.682048833891]]},"properties":{"segment_id":"754b28fff2460f5893b9d6d6","source_kmz":"withlacoochee","orientation":"unverified"}},{"type":"Feature","geometry":{"type":"LineString","coordinates":[[-82.0283048697209,28.6741217794088],[-82.0295957144943,28.6756617693115],[-82.029898761606,28.6757014928851],[-82.0309314763768,28.67693346625831],[-82.0315375813098,28.6770129047482],[-82.0317957671913,28.6773208944176],[-82.03209882131851,28.6773606116134],[-82.0326152012157,28.6779765868476],[-82.033221315254,28.6780560156211],[-82.0334795105012,28.6783640004259],[-82.0337825691809,28.6784037127635],[-82.0342989678097,28.6790196782683],[-82.0349050909532,28.6790990973254],[-82.0356797104642,28.6800230345607],[-82.0362858421405,28.6801024456201],[-82.0368022695267,28.680718396429],[-82.0371053382568,28.6807580991495]]},"properties":{"segment_id":"8451cdaa21b04ea751a6b4ca","source_kmz":"withlacoochee","orientation":"unverified"}},{"type":"Feature","geometry":{"type":"LineString","coordinates":[[-82.2285392855085,28.6897621218881],[-82.2368264904031,28.6996018621434],[-82.2367380399613,28.7001385447827],[-82.2398462577183,28.7038282167922]]},"properties":{"segment_id":"9ec1c3fb2c081f30c8384e2f","source_kmz":"withlacoochee","orientation":"unverified"}},{"type":"Feature","geometry":{"type":"LineString","coordinates":[[-81.9178409705122,28.6477893216517],[-81.9188717015945,28.6490224596019],[-81.9187360642248,28.6498271892352],[-81.9189937536821,28.650135471266],[-81.91827032105832,28.6544273303033],[-81.9208474243973,28.6575100870112],[-81.9208022139666,28.65777832546742],[-81.9223485705398,28.6596279375815],[-81.9226515090837,28.6596679655109],[-81.9229092430207,28.6599762304262],[-81.92472688773,28.6602163754073],[-81.9249846309498,28.66052463490921],[-81.92559051728972,28.6606046748453],[-81.9258482648626,28.6609129319691],[-81.9264541548199,28.6609929669509],[-81.926711906746,28.6613012216965],[-81.9273178003206,28.6613812517239],[-81.9280140741751,28.6609248002238],[-81.9280592633066,28.6606565608755],[-81.9292710448871,28.6608166025439],[-81.9306635545067,28.6599036678453],[-81.931269441776,28.6599836758492],[-81.9319656826301,28.659527197093],[-81.9340862879582,28.6598071846115],[-81.9365230393047,28.6582094222171],[-81.9367808195879,28.658517654961],[-81.9374770184137,28.658061138752],[-81.9375221758425,28.6577928934686],[-81.9385664562215,28.6571081087878],[-81.9388693934039,28.6571480911965],[-81.9413059769319,28.6555502094093],[-81.9416089098076,28.6555901842435],[-81.9419569849587,28.6553619094118],[-81.9425628502606,28.6554418545844],[-81.944651253634,28.65407216759341]]},"properties":{"segment_id":"94153fc55fd24593ae3900c6","source_kmz":"withlacoochee","orientation":"unverified"}},{"type":"Feature","geometry":{"type":"LineString","coordinates":[[-81.944651253634,28.65407216759341],[-81.9467717636837,28.6543519083441],[-81.9474678738436,28.653895322493],[-81.948679594949,28.6540551477752],[-81.9490276445701,28.6538268491206],[-81.9493305749091,28.653866802334],[-81.9496786219852,28.653638501459],[-81.950587412758,28.6537583530666],[-81.9513608729037,28.6546829578258],[-81.951663807432,28.6547229043662],[-81.9519216324893,28.6550311034717],[-81.9591921769979,28.6559895444716],[-81.96023625863131,28.6553045458161],[-81.960539199609,28.6553444672404],[-81.9612352432744,28.6548877932459],[-81.9615381832256,28.6549277118925],[-81.96188620156852,28.6546993720444],[-81.9621891411503,28.6547392888726],[-81.9670611904522,28.6515423851543],[-81.9671062500822,28.6512741229899],[-81.96954212730472,28.6496755763289],[-81.9709836079821,28.6410910127758],[-81.9744628780656,28.6388071708733],[-81.9784004489484,28.6393255820764],[-81.981531553718,28.6372699043551],[-81.9821373263301,28.6373496297777],[-81.9852320518754,28.6410472469251],[-81.9850520646226,28.6421203527169],[-81.9847041611507,28.6423487749904],[-81.9846141633412,28.6428853260702],[-81.9848720727802,28.6431934552757],[-81.987598264655,28.64355210233221],[-81.9882940639492,28.6430952391564],[-81.9885969742767,28.6431350826157],[-81.9889448704338,28.6429066481777],[-81.9892477803907,28.6429464898189],[-81.9895956740019,28.6427180531612],[-81.9898985835882,28.6427578929843],[-81.9909422511191,28.6420725725699],[-81.9912451590197,28.6421124086571],[-81.9919409266167,28.6416555201593],[-81.992243833489,28.6416953534695],[-81.9925917137975,28.6414669063706],[-81.992894620299,28.64150673786281],[-81.9967211718266,28.63899372602062],[-81.9991443762927,28.6393122626475],[-81.9996602815397,28.6399284559443],[-81.9999631858489,28.6399682676377],[-82.0012529881674,28.6415087320007],[-82.0012080426027,28.6417770151513],[-82.0014660093896,28.6420851053362],[-82.0013761187161,28.6426216708266],[-82.00102825747871,28.6428501457334],[-82.0009833104813,28.64311842787381],[-82.0012412805569,28.6434265175471],[-82.0015441982029,28.6434663244227],[-82.0018021713978,28.6437744124747],[-82.0017122810632,28.6443109759399],[-82.0042921300453,28.6473918070173],[-82.0042471910266,28.6476600874243],[-82.00450518697082,28.6479681656901],[-82.0043703701694,28.6487730053929],[-82.0051443752564,28.6496972341001],[-82.0049196847264,28.6510386280338],[-82.0051776934897,28.65134670203521],[-82.0050428777076,28.6521515356665],[-82.0053008903338,28.6524596084998],[-82.0051211345784,28.6535327167737],[-82.0053791517257,28.6538407883368],[-82.00528927344492,28.6543773410585],[-82.0055472937974,28.6546854115557],[-82.0049630655895,28.6581729832447],[-82.0098659738111,28.6640261337836],[-82.010168969694,28.6640659142274],[-82.0114593282279,28.6656061615087],[-82.0117623305539,28.6656459372949],[-82.0127946563209,28.6668781165733],[-82.0130976638587,28.66691788846151],[-82.01335575125621,28.6672259303676],[-82.01396176965392,28.6673054700464],[-82.0142198614038,28.6676135095716],[-82.0172499828912,28.66801114880551],[-82.01759790409952,28.6677826359308],[-82.0215370962843,28.6682994259866],[-82.0218850070407,28.6680708993836],[-82.022491039585,28.6681503907367],[-82.0261049695271,28.6724625692919],[-82.0264080034667,28.6725023030423],[-82.0269243118772,28.6731183132442],[-82.0272273485657,28.6731580446155],[-82.0274855068376,28.6734660476641],[-82.0277885450437,28.6735057774161],[-82.0283048697209,28.6741217794088]]},"properties":{"segment_id":"dff3116c32dd7b48348680d4","source_kmz":"withlacoochee","orientation":"unverified"}},{"type":"Feature","geometry":{"type":"LineString","coordinates":[[-81.9266051703585,28.6270096192571],[-81.9276357753957,28.6282427382631],[-81.9268677938607,28.6328031527846],[-81.9258237198404,28.6334878659772],[-81.9254170744398,28.6359021712342],[-81.924024904986,28.6368150936042],[-81.9212992028127,28.6364548252646],[-81.9178185880604,28.638736956543],[-81.9177733780606,28.63900520653401],[-81.9174253049732,28.6392334124197],[-81.9173348816455,28.6397699111898],[-81.9166387248809,28.6402263179659],[-81.9165935103211,28.6404945664426],[-81.9141568935677,28.6420919482952],[-81.9139307733264,28.6434331770574],[-81.915476715318,28.6452829556583],[-81.9157795989592,28.6453230044449],[-81.9178409705122,28.6477893216517]]},"properties":{"segment_id":"4a9c7cad50b6179cb0e7c09c","source_kmz":"withlacoochee","orientation":"unverified"}},{"type":"Feature","geometry":{"type":"LineString","coordinates":[[-81.9326004860691,28.6116219195465],[-81.93165231036042,28.6172556469046],[-81.930608468047,28.6179404337966],[-81.93056330996481,28.6182087033912],[-81.9302153575228,28.6184369628626],[-81.9301701979217,28.6187052319519],[-81.9277344693847,28.6203030108077],[-81.9266051703585,28.6270096192571]]},"properties":{"segment_id":"5d86996fbf4f573497a255d1","source_kmz":"withlacoochee","orientation":"unverified"}},{"type":"Feature","geometry":{"type":"LineString","coordinates":[[-82.2169053783221,28.6345382587021],[-82.2179403232859,28.6357685594614],[-82.2178960715308,28.6360369366029],[-82.21918979859572,28.63757479257441],[-82.2197957966002,28.637653175873],[-82.22014304162812,28.6374239893144],[-82.2204460403902,28.6374631787165],[-82.2209635529468,28.6380783091665],[-82.2215695562279,28.6381566823462],[-82.2218283177979,28.638464244751],[-82.2221313210892,28.6385034292901],[-82.2234251634424,28.6400412245331],[-82.2233809269291,28.6403096010166],[-82.22389847843472,28.6409247128526],[-82.2242014915471,28.6409638913],[-82.2244602713643,28.6412714451592],[-82.2247632859864,28.6413106219855],[-82.2247190530726,28.6415789981535],[-82.2260129899822,28.6431167501515],[-82.22557067850721,28.6458004955765],[-82.22418160793,28.6467172849811],[-82.2232083153323,28.652621427627],[-82.2255376917414,28.6553893206909],[-82.2303867809251,28.6560159755485],[-82.2324576235655,28.658476168658],[-82.2309983005016,28.6673321939134],[-82.2320338548842,28.6685622561169],[-82.231989630834,28.6688306166869],[-82.2322485248249,28.6691381299734],[-82.2292406725956,28.6873861701859],[-82.2288932461094,28.6876153570908],[-82.2285392855085,28.6897621218881]]},"properties":{"segment_id":"273340cceba51c5d81c65f2a","source_kmz":"withlacoochee","orientation":"unverified"}},{"type":"Feature","geometry":{"type":"LineString","coordinates":[[-82.1862389337469,28.6253578692921],[-82.1876280649938,28.6244415212789],[-82.1882339390452,28.6245200854648],[-82.1900441637174,28.6266736415944],[-82.1906500560871,28.6267521916873],[-82.194012179544,28.6307515208762],[-82.193391598203,28.6345086922218],[-82.193650245592,28.6348163254278],[-82.1935172586565,28.635621428118],[-82.1938202385224,28.635660692891],[-82.1937315810427,28.6361974272058],[-82.1940345630818,28.6362366913159],[-82.1942932181303,28.6365443216181],[-82.1942488905744,28.6368126884678],[-82.1945075481761,28.63712031780201],[-82.19481053389912,28.63715957962871],[-82.1950691946194,28.6374672073371],[-82.1987050600747,28.637938273078],[-82.2025252959164,28.6354179044844],[-82.2031312628666,28.635496382335],[-82.2034785443644,28.6352672484548],[-82.2037815276003,28.635306485133],[-82.2044760835984,28.6348482116834],[-82.204779065791,28.6348874455864],[-82.2051263402912,28.6346583060171],[-82.2054293221033,28.6346975381028],[-82.2068183985462,28.6337809634166],[-82.2071213779891,28.63382019081161],[-82.20746864171042,28.6335910430378],[-82.21171037427561,28.63414012290711],[-82.2124048774823,28.6336817967689],[-82.2133138233952,28.633799429076],[-82.2135725414059,28.6341070148031],[-82.2141785092143,28.6341854305207],[-82.2144372315708,28.63449301386022],[-82.215346189083,28.6346106287059],[-82.2156934336743,28.6343814547726],[-82.2169053783221,28.6345382587021]]},"properties":{"segment_id":"c4c5f4928f620c3fac0e0646","source_kmz":"withlacoochee","orientation":"unverified"}},{"type":"Feature","geometry":{"type":"LineString","coordinates":[[-82.2978871052372,28.6162058215759],[-82.2968512329012,28.6149762311268]]},"properties":{"segment_id":"76fe230d58a52d7c90e1a7c0","source_kmz":"withlacoochee","orientation":"unverified"}},{"type":"Feature","geometry":{"type":"LineString","coordinates":[[-82.08788443017112,28.5785565564283],[-82.08892650452,28.5778701708553],[-82.0898346750358,28.5779888660987],[-82.0901820274017,28.5777600655155],[-82.0926038226814,28.5780765407128]]},"properties":{"segment_id":"12a103b52566b84c22ae841c","source_kmz":"withlacoochee","orientation":"unverified"}},{"type":"Feature","geometry":{"type":"LineString","coordinates":[[-82.2968512329012,28.6149762311268],[-82.2963333080783,28.6143614307043],[-82.2960303572239,28.6143224533279],[-82.2961183395016,28.6137856048573],[-82.2953414741151,28.6128633948141],[-82.2947355843845,28.6127854333009],[-82.2936998001457,28.6115558016853],[-82.2930939213437,28.61147783063811],[-82.2925760454715,28.6108630065843],[-82.2843968576822,28.6098100197948],[-82.28180792272892,28.6067356418312],[-82.28150500603532,28.60669662266852],[-82.2794340039803,28.604237051833],[-82.2636832328525,28.6022065541392],[-82.2629892684111,28.60266524897481],[-82.2605661296601,28.6023526431379],[-82.2603073375873,28.6020451458669],[-82.2569755646667,28.6016152146555],[-82.2559404692185,28.6003851834003],[-82.2556375873622,28.60034609054191],[-82.2538262516623,28.5981934971734],[-82.2535233786693,28.5981543981246],[-82.25326462521082,28.5978468805607],[-82.2526588825204,28.597768678362],[-82.2519648946087,28.5982273070528],[-82.2495419244806,28.5979144485693],[-82.2481539047512,28.5988316602348],[-82.2475481597244,28.5987534293629],[-82.2472011487414,28.5989827272218],[-82.2468982759866,28.5989436095396],[-82.2465512624507,28.599172905184],[-82.2462483893138,28.5991337856854],[-82.2424311084114,28.6016559442629],[-82.2420336962882,28.6040716322487],[-82.2423365852255,28.6041107631578],[-82.2425953180241,28.6044183021688],[-82.2444126649167,28.6046530650078],[-82.2457063940455,28.6061907242312],[-82.2448233862682,28.61155886233721],[-82.2444763150955,28.61178814388141],[-82.2444321605248,28.6120565483652],[-82.2440850862356,28.6122858283521],[-82.2425704932728,28.6120901939862],[-82.2422234137759,28.61231946792901],[-82.2412517840668,28.6182242915007]]},"properties":{"segment_id":"ee6cec698e8f37542ecfdc43","source_kmz":"withlacoochee","orientation":"unverified"}},{"type":"Feature","geometry":{"type":"LineString","coordinates":[[-82.3213871756641,28.6011371271226],[-82.2984930224978,28.6162837646056],[-82.2978871052372,28.6162058215759]]},"properties":{"segment_id":"042e377e69c926be58d119ca","source_kmz":"withlacoochee","orientation":"unverified"}},{"type":"Feature","geometry":{"type":"LineString","coordinates":[[-82.3620310451859,28.6022385606597],[-82.3571768856154,28.6054537720649],[-82.3568739387062,28.6054149656688],[-82.3565271981732,28.60564461325171],[-82.3213871756641,28.6011371271226]]},"properties":{"segment_id":"75c5a86631c8af5cd35dac1d","source_kmz":"withlacoochee","orientation":"unverified"}},{"type":"Feature","geometry":{"type":"LineString","coordinates":[[-82.3828756484885,28.6147715204751],[-82.382357097033,28.6141571353764],[-82.3817511176798,28.6140796657088],[-82.3812325786901,28.613465274089],[-82.378808692023,28.6131553488248],[-82.3767346901103,28.6106976988291],[-82.3764317153288,28.6106589482004],[-82.3761724748266,28.6103517372845],[-82.3752635558291,28.6102354779521],[-82.3700792164644,28.604091031697],[-82.3697762685148,28.6040522616135],[-82.3695170726298,28.60374502942931],[-82.3689111800165,28.6036674851581],[-82.3686519884718,28.6033602505811],[-82.3665313816841,28.6030888132152],[-82.3662722006024,28.6027815724325],[-82.3620310451859,28.6022385606597]]},"properties":{"segment_id":"88ab71016ed6b738f47229f1","source_kmz":"withlacoochee","orientation":"unverified"}},{"type":"Feature","geometry":{"type":"LineString","coordinates":[[-82.0926038226814,28.5780765407128],[-82.0936362575526,28.5793082170118],[-82.0935916394441,28.579576581333],[-82.0938943709874,28.5796161339264],[-82.094152486309,28.5799240499768],[-82.0956661544277,28.5801217962601],[-82.09592427777451,28.5804297076461],[-82.0962270134786,28.580469253566],[-82.09657435870962,28.5802404337233],[-82.0968770940387,28.5802799778266],[-82.0971352222962,28.5805878861723],[-82.0974379591372,28.5806274286566],[-82.0976960905092,28.580935335378],[-82.097998828862,28.5809748762433],[-82.09825696334872,28.58128278134061],[-82.0985597032134,28.5813223205869],[-82.09907598030291,28.5819381266688],[-82.09937872290712,28.581977663536],[-82.09963686551,28.5822855645206],[-82.1005450987105,28.5824041676883],[-82.101239779783,28.5819465010285],[-82.1015425234327,28.5819860317844],[-82.1018898604791,28.5817571956078],[-82.1027980911547,28.581875779849],[-82.1031454243358,28.58164693954],[-82.10405365558991,28.5817655131777],[-82.1050956378761,28.58107897607581],[-82.1053185463207,28.5797371336704],[-82.1074024231181,28.5783640164189],[-82.1077051567849,28.5784035301342],[-82.1082214828355,28.57901929677031],[-82.1085242192412,28.5790588081063],[-82.1084350778574,28.5795955492746],[-82.1092095887253,28.5805191898412],[-82.1099042071799,28.5800614648318],[-82.1102069481198,28.5801009713105],[-82.1102515135766,28.5798326004383],[-82.11129342144461,28.5791459997026],[-82.1115961597462,28.5791855023507],[-82.1119434579352,28.5789566319628],[-82.11375988974872,28.5791936240687],[-82.1158436155081,28.5778203408248],[-82.119173723498,28.5782546828408],[-82.1195209972628,28.5780257873598],[-82.1204292125124,28.578144223363],[-82.1207764824107,28.5779153237502],[-82.1228956566375,28.5781916376587],[-82.1231538735816,28.5784994849903],[-82.1235011375412,28.57827057675941],[-82.1283450256143,28.5789019658764],[-82.131960543831,28.5832115582369],[-82.1346854174026,28.5835665221729],[-82.1385051022033,28.581048084164],[-82.1415326937974,28.5814423016028],[-82.1436160223516,28.5800684864939],[-82.1438827721512,28.5784581748543],[-82.1431079001407,28.577534779979],[-82.1442192974106,28.5708250617293]]},"properties":{"segment_id":"a9d47b1f5d4ebd2c35bed7e6","source_kmz":"withlacoochee","orientation":"unverified"}},{"type":"Feature","geometry":{"type":"LineString","coordinates":[[-82.1966462659175,28.5754437643004],[-82.1969933174962,28.57521461627771],[-82.1970376038969,28.5749462060828],[-82.2008550331791,28.572425491497],[-82.2014605454824,28.5725039914091]]},"properties":{"segment_id":"da0a50f3edb45cdf03253adc","source_kmz":"withlacoochee","orientation":"unverified"}},{"type":"Feature","geometry":{"type":"LineString","coordinates":[[-82.1442192974106,28.5708250617293],[-82.1463023196316,28.5694511570731],[-82.1469077596354,28.5695299657324],[-82.1471660377606,28.56983776204151],[-82.1486796488581,28.5700347648561],[-82.14945451295561,28.5709581371861],[-82.1512708776946,28.5711944985295],[-82.15161803513942,28.570965494945],[-82.1525262193488,28.5710836611489],[-82.1530428280611,28.5716992233755],[-82.15455648633682,28.57189614226422],[-82.1553314319584,28.5728194677078],[-82.15654237839242,28.5729769782306],[-82.1579309689117,28.5720608922327],[-82.1581086039424,28.5709873062096],[-82.1575919625859,28.5703717672763],[-82.1576807810463,28.56983497262931],[-82.1583750480007,28.5693769210884],[-82.1598886770157,28.569573765851],[-82.16127717506491,28.568657628521],[-82.1615798990737,28.5686969910676],[-82.16192701820741,28.5684679526316],[-82.1622297418383,28.5685073133619],[-82.1625768584242,28.5682782727101],[-82.1626656429199,28.5677414710549],[-82.1630127551658,28.5675124285421],[-82.1631015360776,28.5669756254728],[-82.1637957500028,28.5665175354668],[-82.1640984674992,28.566556891116],[-82.16548687006161,28.5656406921734],[-82.1655312517919,28.5653722884286],[-82.1658783464886,28.5651432352455],[-82.16605586567741,28.5640696170315],[-82.16666128547571,28.5641483151981],[-82.1679529732491,28.5656870712828],[-82.16786422460241,28.566223880142],[-82.1683809155647,28.5668393760999],[-82.16898635743532,28.56691806057451],[-82.1693334491069,28.5666889971098],[-82.1696361698054,28.5667283371015],[-82.1703303461653,28.5662702044825],[-82.1715412264982,28.5664275482021],[-82.1715855893575,28.5661591424919],[-82.1719326708368,28.5659300701648],[-82.1722353900221,28.5659694028919],[-82.1732688402332,28.5672003500036],[-82.1753879167764,28.5674756337426],[-82.1756462926306,28.5677833630319],[-82.1789763115162,28.5682158583586],[-82.17923470274572,28.5685235784142],[-82.179581773168,28.56829448270591],[-82.1801872359498,28.5683731036173],[-82.1805343031624,28.5681440047364],[-82.1811397657516,28.5682226202975],[-82.1813981649029,28.56853033513231],[-82.183517301445,28.5688054572125],[-82.184550951256,28.5700362865939],[-82.1854591715809,28.570154174042],[-82.1858062317948,28.5699250591362],[-82.1859391887231,28.5691198309076],[-82.1862862433712,28.5688907138406],[-82.1871944537754,28.5690085869313],[-82.1877113030097,28.5696239853023],[-82.1876669896961,28.5698923953008],[-82.1873199346767,28.57012151625061],[-82.1875783622218,28.5704292146892],[-82.18740110388521,28.5715028510322],[-82.1879179699297,28.5721182444756],[-82.18822071880662,28.5721575314315],[-82.188996035709,28.5730806128227],[-82.1911153115017,28.5733555814823],[-82.1916322160411,28.5739709540963],[-82.1925404886864,28.5740887803565],[-82.1928875458503,28.5738596448317],[-82.1931903033017,28.5738989175765],[-82.1934487638721,28.57420659888521],[-82.1940542820738,28.57428514027581],[-82.1948296824686,28.57520817444311],[-82.1951324456712,28.5752474415669],[-82.1953909174713,28.5755551171306],[-82.19569368218231,28.5755943826345],[-82.1960407369724,28.5753652377842],[-82.1966462659175,28.5754437643004]]},"properties":{"segment_id":"6dfb861afae492c02c175fd8","source_kmz":"withlacoochee","orientation":"unverified"}},{"type":"Feature","geometry":{"type":"LineString","coordinates":[[-82.3336851672789,28.5788706169775],[-82.3339441559295,28.5791779552869],[-82.3330231970404,28.5848156477469],[-82.3316363026864,28.5857339703985],[-82.3300570528422,28.5953983353985],[-82.3213871756641,28.6011371271226]]},"properties":{"segment_id":"1c0591e8f2f26be26a8346d4","source_kmz":"withlacoochee","orientation":"unverified"}},{"type":"Feature","geometry":{"type":"LineString","coordinates":[[-82.324073082016,28.5620123882236],[-82.3246786337708,28.5620901941063],[-82.3249375379943,28.5623975673822],[-82.325240315515,28.5624364682727],[-82.3257581320763,28.56305121069761],[-82.3260609123245,28.56309010920471],[-82.3340880731951,28.5726181494136],[-82.3331671956467,28.5782559377564],[-82.3336851672789,28.5788706169775]]},"properties":{"segment_id":"de6fa603527bc30f28b4ed9a","source_kmz":"withlacoochee","orientation":"unverified"}},{"type":"Feature","geometry":{"type":"LineString","coordinates":[[-82.0648661492093,28.5292011988491],[-82.0769678569757,28.5307860824683],[-82.0773150497652,28.5305572958843],[-82.0812481941827,28.5310720748723],[-82.0836784310645,28.5294704464048],[-82.0857962657044,28.5297475280925]]},"properties":{"segment_id":"0e0ababa209bf12132bd67ae","source_kmz":"withlacoochee","orientation":"unverified"}},{"type":"Feature","geometry":{"type":"LineString","coordinates":[[-82.00898107932991,28.5158296965502],[-82.0110420106282,28.5182950388437],[-82.01134448329242,28.5183348307906],[-82.0116021094055,28.5186429939304],[-82.0119045835823,28.5186827842599],[-82.0147386086132,28.5220725134276],[-82.0162510512672,28.5222714104504],[-82.01857002373642,28.52504471330821],[-82.03339288035562,28.5269924337794]]},"properties":{"segment_id":"87019eb57d6e2fe5cbf50521","source_kmz":"withlacoochee","orientation":"unverified"}},{"type":"Feature","geometry":{"type":"LineString","coordinates":[[-82.03339288035562,28.5269924337794],[-82.0347820505728,28.5260778359527],[-82.0350845623535,28.5261175600618],[-82.0351293384178,28.52584918334521],[-82.0389493803882,28.5233339214824],[-82.040159397693,28.5234927668144],[-82.0418956919224,28.5223493964095],[-82.0425006957154,28.522428804352],[-82.0435424457076,28.5217427612424],[-82.0435871925266,28.5214743779726],[-82.0438896919378,28.5215140776854],[-82.0442369362843,28.5212853928682],[-82.04544693414961,28.5214441793068],[-82.04570469438671,28.5217522579371],[-82.0463991733122,28.5212948755548],[-82.0488191820147,28.5216123858395],[-82.0495136428927,28.5211549831],[-82.0498161439478,28.5211946661085],[-82.0499055967798,28.52065789336771],[-82.0509472646385,28.5199717751186],[-82.0563922629206,28.5206858672389],[-82.05812827919722,28.5195422254701]]},"properties":{"segment_id":"4b2f2e03be1f19d11ee9e3c6","source_kmz":"withlacoochee","orientation":"unverified"}},{"type":"Feature","geometry":{"type":"LineString","coordinates":[[-82.05812827919722,28.5195422254701],[-82.0590357780175,28.5196611994268],[-82.06058263288391,28.52150947049361],[-82.0603144721839,28.5231198094822],[-82.0610879368821,28.5240439314533],[-82.0613904537476,28.5240835814795],[-82.0613010703998,28.524620359079],[-82.0618167280345,28.5252364341313],[-82.06177203724872,28.5255048224153],[-82.0623770823915,28.5255841174475],[-82.0628927537834,28.5262001857935],[-82.0628480659122,28.5264685738614],[-82.0631505923055,28.5265082186696],[-82.0634084327116,28.5268162506813],[-82.0633190593148,28.52735302619361],[-82.0635769029201,28.5276610571308],[-82.0634875297003,28.52819783161801],[-82.0640925957832,28.5282771164116],[-82.0648661492093,28.5292011988491]]},"properties":{"segment_id":"9efaa7ec24d9b4847ebbb402","source_kmz":"withlacoochee","orientation":"unverified"}},{"type":"Feature","geometry":{"type":"LineString","coordinates":[[-82.32612628653662,28.5532305200102],[-82.3219668467811,28.5559853828676],[-82.3219229683025,28.5562538574851],[-82.3215763348241,28.556483420924],[-82.3211375224227,28.5591681529474],[-82.3216552889702,28.559782920344],[-82.3222608224715,28.5598607403321],[-82.324073082016,28.5620123882236]]},"properties":{"segment_id":"bb000c94e366a0e6cbfac01a","source_kmz":"withlacoochee","orientation":"unverified"}},{"type":"Feature","geometry":{"type":"LineString","coordinates":[[-81.9429999270357,28.5019145801889],[-81.9436947992112,28.5014578406461],[-81.9467186163807,28.5018576406093],[-81.9495494552097,28.5052492406131],[-81.9494593799992,28.505785950527],[-81.9506689764293,28.505945813913],[-81.9614799896026,28.518894462296],[-81.9654118799396,28.5194135093071],[-81.9664542195638,28.5187282108398],[-81.9673615798521,28.51884796170461],[-81.9674065676027,28.51857960834751],[-81.9701860315614,28.5167520648599],[-81.9704884793826,28.51679197233801],[-81.97057843250062,28.5162552599545],[-81.9726629327429,28.5148845399779],[-81.97387270364001,28.5150441375312],[-81.9742201111382,28.5148156759573],[-81.9745225539229,28.5148555722427],[-81.97486995888352,28.51462710845],[-81.9772895062228,28.5149462401792],[-81.97867908627701,28.5140323417552],[-81.978724035441,28.5137639803215],[-81.9794188117182,28.5133070229355],[-81.98153589655591,28.5135861772333],[-81.9829254081749,28.5126722205178],[-81.9844376071067,28.5128715715501],[-81.9849526311503,28.5134880350441],[-81.9852550742491,28.5135279011585],[-81.9860276281155,28.5144525876454],[-81.98633007518211,28.5144924506252],[-81.9865875981301,28.514800676968],[-81.98689004670992,28.5148405383307],[-81.98792016223751,28.5160734320299],[-81.9882226160124,28.5161132894991],[-81.9892527665727,28.5173461663442],[-81.9922773691374,28.51774466348022],[-81.9925349237573,28.5180528729435],[-81.993442313783,28.5181724030726],[-81.9939574360353,28.5187888148545],[-81.9942599024035,28.5188286549966],[-81.9945174675812,28.5191368588331],[-81.9960298098456,28.5193360428757],[-81.9963771749832,28.5191075119612],[-81.9966796436378,28.5191473452376],[-81.9964220705248,28.5188391466088],[-81.9981588618326,28.5176964716066],[-81.9993687212853,28.5178557800156],[-81.9996263021646,28.5181639723378],[-81.9999287689693,28.5182037965355],[-82.0001863529588,28.51851198723501],[-82.0004888212764,28.5185518098155],[-82.0007464083761,28.5188599988922],[-82.0014411072781,28.5184029046507],[-82.0017435757969,28.5184427236991],[-82.0024382658554,28.5179856224995],[-82.0027407333482,28.5180254387747],[-82.0034354145631,28.517568330617],[-82.0035700304792,28.5167632218864],[-82.0053066821583,28.515620424879],[-82.00591160317,28.5157000408551],[-82.0062589265454,28.5154714757565],[-82.00898107932991,28.5158296965502]]},"properties":{"segment_id":"491e9670fbbe15a4450c9fe4","source_kmz":"withlacoochee","orientation":"unverified"}},{"type":"Feature","geometry":{"type":"LineString","coordinates":[[-82.0857962657044,28.5297475280925],[-82.0863121336841,28.5303634770891],[-82.0870064631772,28.52990584159871],[-82.0870510759609,28.5296374458325],[-82.08739823665441,28.5294086258955],[-82.0874428479277,28.5291402296232],[-82.0877900055103,28.5289114081242],[-82.0881468756612,28.5267642281919],[-82.09786624825152,28.5203566470989],[-82.0979553942903,28.5198198331418],[-82.0986495737578,28.5193621097831],[-82.0989615587932,28.5174832502777],[-82.1000027881209,28.5167966494423],[-82.1003147335123,28.5149177735944],[-82.1010088598169,28.5144600291724],[-82.101053419858,28.5141916169163],[-82.1013559201432,28.5142311550722],[-82.1014895957386,28.5134259167848],[-82.1021837033854,28.5129681629912],[-82.1027886965214,28.5130472323088],[-82.103482793999,28.5125894696498],[-82.1043902818801,28.5127080614466],[-82.10508436787161,28.5122502880085],[-82.1053961832237,28.5103713753799],[-82.107478344513,28.50899801213651],[-82.1092932567661,28.50923512248581],[-82.110334300127,28.5085484066393],[-82.1121492107327,28.5087854688635],[-82.1124962174677,28.5085565553217],[-82.1127987029021,28.5085960617312],[-82.1131457070946,28.5083671459733],[-82.1134481921539,28.5084066505676],[-82.1137061609058,28.5087145758094],[-82.11366164403151,28.5089829971113],[-82.1148715957717,28.5091410042584],[-82.11556559550361,28.5086831586926],[-82.1158680828299,28.5087226564198],[-82.1162150792114,28.5084937307912]]},"properties":{"segment_id":"e983454bb6b7f5844f4da7fe","source_kmz":"withlacoochee","orientation":"unverified"}},{"type":"Feature","geometry":{"type":"LineString","coordinates":[[-82.1162150792114,28.5084937307912],[-82.11984494132201,28.5089676250802],[-82.1201919279155,28.5087386867107],[-82.1204944176074,28.508778171365],[-82.1217844145286,28.5103177025757],[-82.122478386411,28.5098598136013],[-82.1239908631622,28.5100571954281],[-82.1243378429832,28.5098282442681],[-82.1249428343484,28.5099071890763],[-82.1257168859377,28.5108308755642],[-82.1284393941782,28.51118606418691],[-82.1294803056888,28.5104991656883],[-82.12973833937912,28.51080705064872],[-82.129693872432,28.5110754771651],[-82.1302099467831,28.5116912442776],[-82.1305124517551,28.51173070033562],[-82.1304235215319,28.512267552531],[-82.1306815640771,28.5125754338174],[-82.130414770568,28.5141859848767],[-82.12833285479,28.5155597756711],[-82.1282439066519,28.5160966207665],[-82.1290180512189,28.517020268682],[-82.1302281470465,28.5171780990649],[-82.1304862039058,28.5174859769316],[-82.1303972674457,28.5180228211548],[-82.1319456560863,28.5198700689124],[-82.13527355805192,28.5203039752706],[-82.1363145264464,28.5196170264669],[-82.1363589768215,28.5193486031019],[-82.1361008928185,28.51904074086031],[-82.1362342442236,28.518235469226],[-82.1383160973245,28.5168615343051],[-82.1386186246368,28.516900966942],[-82.1389655928983,28.5166719724255],[-82.1392681198343,28.5167114032472],[-82.1395262082715,28.5170192597018],[-82.1504174104629,28.5184381701399],[-82.1507643530041,28.5182091383091],[-82.1534872048774,28.518563683455],[-82.1545198002628,28.51979496114521],[-82.1544310143907,28.5203318221187],[-82.1557218076305,28.5218708986934],[-82.1563269147556,28.5219496637658],[-82.156673855693,28.5217206148622],[-82.1590942902192,28.5220356331544],[-82.1596106463428,28.5226512412053],[-82.15956626825201,28.5229196719316],[-82.1598244498013,28.52322747455271],[-82.1596469372521,28.5243011949994],[-82.1599051233264,28.5246089963326],[-82.15986074514271,28.5248774258297],[-82.1650248757373,28.5310332685497],[-82.1649805104733,28.531301695735],[-82.1652387374599,28.531609478674],[-82.1655413302756,28.5316488337726],[-82.1654969663321,28.5319172607471],[-82.1660134297331,28.5325328222959],[-82.1663160262247,28.5325721751129],[-82.1668324996187,28.5331877316772],[-82.166743778052,28.5337245843694],[-82.1672602616297,28.534340137049],[-82.1675628651907,28.5343794861616],[-82.1678211110334,28.5346872604421],[-82.1681680731601,28.5344581818106],[-82.1684706775686,28.5344975283471],[-82.16898717849182,28.535113071479],[-82.1695923930574,28.5351917589336],[-82.1698506487982,28.5354995276797],[-82.1707584764411,28.53561755013961],[-82.17179934470371,28.5349302835739],[-82.1721019525015,28.5349696198059],[-82.172448904157,28.534740527477],[-82.1727515115767,28.53477986189341],[-82.1737923532473,28.53409257448572],[-82.1765158148972,28.5344465197575],[-82.1768627524043,28.5342174128268],[-82.1774679678888,28.5342960559721],[-82.1777262496377,28.5346038064406],[-82.1798445213016,28.5348790250753],[-82.1808853063646,28.5341916689336],[-82.1817931353654,28.534309598285],[-82.1828338975096,28.5336222222075],[-82.1837417231036,28.5337401352194],[-82.184000026052,28.5340478710017],[-82.1843026363728,28.5340871728608],[-82.1842583308863,28.5343556059179],[-82.1852915690824,28.535586536922],[-82.1861994192678,28.53570442851281],[-82.1867160570323,28.5363198842542],[-82.1879265376969,28.5364770549338],[-82.1881848643086,28.5367847784625],[-82.1884874864052,28.5368240682248],[-82.188745816128,28.53713179012661],[-82.1884357596387,28.5390108154205],[-82.1886940958743,28.539318535719],[-82.18864980162262,28.5395869669851],[-82.1889081404054,28.5398946863122],[-82.1888638465326,28.5401631172697],[-82.1878230528014,28.5408505403765],[-82.1880813924385,28.54115826069861],[-82.1879042020674,28.5422319784581],[-82.1882068435898,28.5422712684635],[-82.1884651889824,28.5425789867379],[-82.1896757627944,28.5427361351287],[-82.1904508249937,28.5436592756266],[-82.1913587693423,28.5437771210552],[-82.1920526385833,28.5433188207883],[-82.1923552859414,28.5433580989665],[-82.1930491463146,28.5428997917535],[-82.1933517926326,28.5429390671592],[-82.1954333245126,28.5415641095845],[-82.1966438967363,28.5417211796558]]},"properties":{"segment_id":"e5501a22002ca8fbcdbee79f","source_kmz":"withlacoochee","orientation":"unverified"}},{"type":"Feature","geometry":{"type":"LineString","coordinates":[[-81.9154275484182,28.4636979699305],[-81.9172273497802,28.4658570117637],[-81.926596932316,28.4670985434568]]},"properties":{"segment_id":"303457c5ceb570510382ae3d","source_kmz":"withlacoochee","orientation":"unverified"}},{"type":"Feature","geometry":{"type":"LineString","coordinates":[[-81.926596932316,28.4670985434568],[-81.92729160655762,28.4666418693446],[-81.9339411261942,28.46752241420411],[-81.9526937124858,28.4551891682231],[-81.95273871294631,28.4549207769643],[-81.9544747801469,28.4537786221281],[-81.9546097614218,28.45297344255181],[-81.95409532837,28.4523567368929],[-81.9537931192305,28.45231677648241],[-81.95388310981,28.4517799888467],[-81.9545775102923,28.4513231195589],[-81.9560885429185,28.4515229024727],[-81.95643573707251,28.4512944611517],[-81.95704015081871,28.4513743663999],[-81.9584289034115,28.45046058084541],[-81.9587311080992,28.4505005283553],[-81.9590782908952,28.450272077856],[-81.9599849047136,28.4503919123693],[-81.96033208366902,28.4501634577377],[-81.9606342881936,28.4502033999033],[-81.96098146461591,28.4499749430534],[-81.9633991058787,28.4502944418482],[-81.9640934426251,28.4498375090536],[-81.9641833650522,28.4493007093154],[-81.9647877718536,28.4493805712132],[-81.9665235620345,28.4482382045376],[-81.9667483230605,28.4468961929934],[-81.966233838362,28.4462795359985],[-81.9665934515985,28.4441323051522],[-81.9672877203637,28.4436753443425],[-81.9673326682808,28.44340693895341]]},"properties":{"segment_id":"1700a5e87acf977b2add0c1f","source_kmz":"withlacoochee","orientation":"unverified"}},{"type":"Feature","geometry":{"type":"LineString","coordinates":[[-81.9673326682808,28.44340693895341],[-81.9703545176086,28.4438061312836],[-81.9710487633296,28.4433491456834],[-81.99552668968511,28.4465792877893]]},"properties":{"segment_id":"d54759dd4f7e63f0aa760d5c","source_kmz":"withlacoochee","orientation":"unverified"}},{"type":"Feature","geometry":{"type":"LineString","coordinates":[[-82.1896913997931,28.4714451055472],[-82.1886514605343,28.472132658354],[-82.188562942025,28.4726696135406],[-82.18821628939261,28.4728987946884],[-82.1881720284922,28.4731672716728],[-82.1878253727533,28.4733964512601],[-82.1877368476609,28.4739334040112],[-82.189551230526,28.4741691754666],[-82.1911001092913,28.47601577641211],[-82.1914025147611,28.4760550640876],[-82.19243514316481,28.4772861110002],[-82.1936447874333,28.4774432409508]]},"properties":{"segment_id":"953d7a2f9fd013f09e89e092","source_kmz":"withlacoochee","orientation":"unverified"}},{"type":"Feature","geometry":{"type":"LineString","coordinates":[[-81.99552668968511,28.4465792877893],[-81.9996913702372,28.4438363383089]]},"properties":{"segment_id":"a9b742936af61ecddb891399","source_kmz":"withlacoochee","orientation":"unverified"}},{"type":"Feature","geometry":{"type":"LineString","coordinates":[[-82.0578769525027,28.4542319908195],[-82.0592646595656,28.4533169038434],[-82.0595669220376,28.453356566253],[-82.0600821315596,28.453972762886],[-82.0612911940842,28.4541313978719],[-82.0619850320402,28.4536738346471],[-82.0637986264722,28.45391174991221],[-82.0644924490282,28.4534541701696],[-82.0672128480301,28.45381096794471],[-82.0675597505786,28.4535821675754],[-82.0730006057575,28.45429553744451],[-82.0735159190882,28.4549116678963],[-82.074120469127,28.4549909110198],[-82.07407585467692,28.4552593530547],[-82.07459118174242,28.4558754767927],[-82.0752849619223,28.4554178294009],[-82.0770986313041,28.4556555181827],[-82.0774455146319,28.45542668685851],[-82.0801660319465,28.4557831535144],[-82.0808597811358,28.4553254698712],[-82.0814643410323,28.455404671421],[-82.0818112114915,28.4551758257969],[-82.0821134912084,28.4552154243285],[-82.0824603591295,28.4549865764882],[-82.0836694782058,28.4551449582099],[-82.0838032289791,28.4543396192568],[-82.0862312076543,28.4527376159512],[-82.086533480712,28.4527772022471],[-82.0867911811959,28.4530852365284],[-82.0873957306101,28.4531644050273],[-82.0877425757783,28.4529355388513],[-82.094694960434,28.45384570794071],[-82.0950417886074,28.45361681850971],[-82.0953440689452,28.4536563798273],[-82.09673136019791,28.452740805682]]},"properties":{"segment_id":"c49c2822ab5443b63abd18dd","source_kmz":"withlacoochee","orientation":"unverified"}},{"type":"Feature","geometry":{"type":"LineString","coordinates":[[-82.09673136019791,28.452740805682],[-82.0979404738667,28.4528990270725],[-82.0986341029477,28.452441224792],[-82.0995409372304,28.4525598760889],[-82.0998877469772,28.4523309701904],[-82.1017014192475,28.4525682438824],[-82.1022169315318,28.4531842388474],[-82.1021724074044,28.453452693839],[-82.1027769738707,28.45353177536421],[-82.10303473594,28.4538397699214],[-82.1051507360607,28.4541165229166]]},"properties":{"segment_id":"3b87211b16615c3ea8f6bca4","source_kmz":"withlacoochee","orientation":"unverified"}},{"type":"Feature","geometry":{"type":"LineString","coordinates":[[-81.9996913702372,28.4438363383089],[-82.0014265739155,28.4426933891013],[-82.0014714127545,28.4424249687054],[-82.0026801994965,28.442584270646],[-82.00406831323181,28.4416698720602],[-82.0042028020614,28.4408646048013],[-82.005411571613,28.4410238765263],[-82.0095756568589,28.4382805028547],[-82.0128997102113,28.4387183030757],[-82.0160225317017,28.4366605589789],[-82.0211596726616,28.4373368088536],[-82.0215066322947,28.4371081480567],[-82.0287591909534,28.4380624088375],[-82.0297889809928,28.4392951440327],[-82.0303933780774,28.4393746373935],[-82.0301696489777,28.4407168084632],[-82.02982269798,28.4409454952171],[-82.0297332018989,28.4414823615997],[-82.0315464433915,28.4417208309841],[-82.0318933929061,28.4414921390995],[-82.0355198987577,28.4419689737572],[-82.0380947962285,28.4450505919084],[-82.03839701914382,28.4450903149646],[-82.04122963699,28.4484799866148],[-82.0415318736599,28.4485197004637],[-82.0423044489598,28.4494441359154],[-82.0438156549445,28.4496426809067],[-82.0448458061621,28.4508752342102],[-82.0484727883101,28.4513516182558],[-82.0497605931196,28.452892244863],[-82.0506673634224,28.4530113101861],[-82.0509249336999,28.4533194306334],[-82.0578769525027,28.4542319908195]]},"properties":{"segment_id":"35b8f9770a11e8b0a92e8be6","source_kmz":"withlacoochee","orientation":"unverified"}},{"type":"Feature","geometry":{"type":"LineString","coordinates":[[-82.0861462390181,28.4439492224041],[-82.0864039111367,28.444257264655],[-82.0862256305921,28.4453310818624],[-82.0872563483839,28.4465632404966],[-82.0878608515212,28.4466424077036],[-82.087727151661,28.4474477677656],[-82.08901561331251,28.4489879373747],[-82.0893178742473,28.4490275161891],[-82.0892287480403,28.4495644210019],[-82.0897441509433,28.4501804808369],[-82.095184974157,28.450892728995],[-82.09673136019791,28.452740805682]]},"properties":{"segment_id":"e8722b84ac5d8fd333746c34","source_kmz":"withlacoochee","orientation":"unverified"}},{"type":"Feature","geometry":{"type":"LineString","coordinates":[[-82.1051507360607,28.4541165229166],[-82.1058443360348,28.4536586753419],[-82.1059778728543,28.45285330559871],[-82.10667145796,28.4523954511666],[-82.1069385092681,28.4507847025078],[-82.1072852916565,28.4505557715831],[-82.1075875667675,28.4505952986277],[-82.1081031099602,28.4512112683787],[-82.1091434472626,28.4505244612616],[-82.1094457231317,28.4505639830603],[-82.109534721787,28.4500270628088],[-82.1109217994332,28.4491112961034],[-82.1118286152045,28.4492298442881],[-82.1135624100716,28.4480850932271],[-82.114469218526,28.448203619348],[-82.114815969883,28.4479746624892],[-82.116327319678,28.4481721840846],[-82.11667406586551,28.4479432211858],[-82.1181854194453,28.448140716552],[-82.1188788995994,28.447682777415]]},"properties":{"segment_id":"942ac21724833d0b03da097d","source_kmz":"withlacoochee","orientation":"unverified"}},{"type":"Feature","geometry":{"type":"LineString","coordinates":[[-82.1188788995994,28.447682777415],[-82.1191811698486,28.4477222720022],[-82.11987464116231,28.4472643259158],[-82.12078144966051,28.447382798793],[-82.1211281805221,28.4471538209925],[-82.1220349895925,28.4472722832799],[-82.1225506179171,28.44788818871242],[-82.1264801851082,28.4484014163096],[-82.127173622398,28.4479434237239],[-82.1274758974607,28.447982894852],[-82.1281693259093,28.4475248953174],[-82.1284715999387,28.4475643636754],[-82.1283382861241,28.4483697724874],[-82.128853967148,28.4489856457938],[-82.1294585265926,28.4490645774851],[-82.13023206957942,28.4499883763852],[-82.1301876362474,28.4502568452413],[-82.1309611981418,28.4511806360207],[-82.1309167665014,28.4514491043515],[-82.1314324851549,28.45206496032401],[-82.13173477697,28.4521044189999],[-82.13199264034252,28.4524123449263],[-82.1319482113346,28.4526808128299]]},"properties":{"segment_id":"ffc71f6c6304e467d1dc63c1","source_kmz":"withlacoochee","orientation":"unverified"}},{"type":"Feature","geometry":{"type":"LineString","coordinates":[[-82.078585386497,28.4355525357524],[-82.0785407965185,28.4358209931555],[-82.0826629350433,28.44074996201631],[-82.0829651635006,28.4407895596203],[-82.0837381217374,28.4417137143167],[-82.0836935448915,28.4419821695834],[-82.0839512020549,28.4422902193097],[-82.0839066255822,28.4425586742645],[-82.0841642852829,28.4428667230179],[-82.0844665220234,28.4429063161638],[-82.08481333298282,28.442677453407],[-82.0853286616079,28.4432935454909],[-82.0859331395212,28.4433727242589],[-82.0858885687801,28.4436411792871],[-82.0861462390181,28.4439492224041]]},"properties":{"segment_id":"88f13c15e37694233bd83205","source_kmz":"withlacoochee","orientation":"unverified"}},{"type":"Feature","geometry":{"type":"LineString","coordinates":[[-82.16370223963791,28.4436563843993],[-82.1633556386685,28.4438855022129],[-82.1630896858558,28.4454964201488],[-82.163347643414,28.4458042757635],[-82.1632146651774,28.4466097316435],[-82.16286805075721,28.446838846126],[-82.1625657632618,28.4467994748671],[-82.16221914630091,28.447028587135],[-82.1601031371179,28.4467529576065],[-82.159587241752,28.4461372313777],[-82.15505301958862,28.4455464322982],[-82.1547063873822,28.4457755209711],[-82.153799548591,28.4456573351213],[-82.1534529125272,28.4458864196676],[-82.1519415168925,28.4456894213117],[-82.15055494064991,28.4466057277896],[-82.14995037910312,28.4465269147937],[-82.1496037290215,28.4467559863541],[-82.149301448013,28.4467165776131],[-82.14791482623701,28.4476328474419],[-82.14670569449,28.4474751886027],[-82.1463590317082,28.4477042490887],[-82.1462702697596,28.4482412031554],[-82.145230262786,28.4489283752422],[-82.1449279760397,28.4488889543675],[-82.1445813026268,28.4491180082558],[-82.1439767286645,28.4490391620202],[-82.142936693186,28.4497263103956],[-82.1428923004035,28.449994784707],[-82.1421989315633,28.45045287672311],[-82.1409897700966,28.4502951544432],[-82.1399496948237,28.4509822715525],[-82.1387405299765,28.4508245240718],[-82.138482646837,28.4505166131424],[-82.1381803575548,28.4504771733672],[-82.1379224775202,28.450169260811],[-82.13762018974371,28.450129819418],[-82.1368465645992,28.44920607426882],[-82.1365442807752,28.4491666297379],[-82.1358508842864,28.4496246816001],[-82.1358064690183,28.4498931530416],[-82.1354597667283,28.4501221767811],[-82.1354153499544,28.4503906477147],[-82.1347219372831,28.4508486908105],[-82.1346775177798,28.4511171609332],[-82.1332906649648,28.4520332308036],[-82.1332462402853,28.4523016995094],[-82.132943947057,28.4522622451235],[-82.1322505055967,28.452720269986],[-82.1319482113346,28.4526808128299]]},"properties":{"segment_id":"847794fdd2484f5ada8cf72f","source_kmz":"withlacoochee","orientation":"unverified"}},{"type":"Feature","geometry":{"type":"LineString","coordinates":[[-81.8171937152111,28.3960172350257],[-81.8184014879557,28.3961786380654],[-81.8190961635065,28.3957225826846],[-81.82453117459481,28.3964486922402]]},"properties":{"segment_id":"2e9a27a219f19f689f8deb14","source_kmz":"withlacoochee","orientation":"unverified"}},{"type":"Feature","geometry":{"type":"LineString","coordinates":[[-81.7923444380729,28.3932421845988],[-81.7940814041537,28.3921024512534],[-81.7958929147517,28.39234494475051],[-81.7965876802775,28.3918890310809],[-81.8071549872592,28.39330289469291],[-81.8084375008778,28.3948466529542],[-81.8171937152111,28.3960172350257]]},"properties":{"segment_id":"d61e6fa2631c895833acf38a","source_kmz":"withlacoochee","orientation":"unverified"}},{"type":"Feature","geometry":{"type":"LineString","coordinates":[[-82.2320809249422,28.4484258080389],[-82.2287242612119,28.4444257997344],[-82.226910408427,28.4441906742253],[-82.2258711082292,28.4448786370707],[-82.2258269818027,28.4451471490559],[-82.2254805434168,28.4453764671865],[-82.2254364154876,28.4456449786646],[-82.2247435306246,28.4461036105476],[-82.2226273409006,28.4458292169099],[-82.2223691671087,28.4455215042922],[-82.220555308486,28.4452862717141],[-82.2191694840783,28.4462034680808],[-82.2190811869217,28.446740484476],[-82.2187347236698,28.4469697798182],[-82.2184256662187,28.4488493286339],[-82.2170397601671,28.4497664889595],[-82.2169956030903,28.4500349939049],[-82.216649120649,28.4502642805391],[-82.2151917391491,28.4591248189194],[-82.2138056292053,28.460041912983],[-82.2135032706967,28.4600026869764],[-82.2131567378431,28.4602319563916],[-82.2122496620227,28.4601142703551],[-82.2119031253052,28.4603435356449],[-82.2082748394017,28.459872702789],[-82.2013435511788,28.4644575149904],[-82.2012551214857,28.4649944913152],[-82.2009085348582,28.4652237181107],[-82.2007758845398,28.4660291801573],[-82.2000826982984,28.4664876281604],[-82.1996847101356,28.4689039978164],[-82.1989914943487,28.4693624353472],[-82.1986891093322,28.46932316843271],[-82.1983424979539,28.4695523843549],[-82.1959234226735,28.4692382104927],[-82.1952301837061,28.4696966232668],[-82.1946254150606,28.4696180673946],[-82.19458117627421,28.4698865493035],[-82.1939764068717,28.4698079898028],[-82.1918966215952,28.4711831731699],[-82.1918523733053,28.4714516528655],[-82.1900380424464,28.4712159187617],[-82.1896913997931,28.4714451055472]]},"properties":{"segment_id":"3971eb7bf95a383f50da092b","source_kmz":"withlacoochee","orientation":"unverified"}},{"type":"Feature","geometry":{"type":"LineString","coordinates":[[-82.1405384499774,28.4156773314015],[-82.141054020329,28.4162931980764],[-82.1416583571066,28.4163720675182],[-82.1419161475471,28.41667999803491],[-82.1428226584969,28.4167982934849],[-82.1466897957334,28.4214171129537],[-82.1500138926218,28.4218506715071],[-82.1574919476352,28.4307795933263],[-82.1572259242194,28.4323905513658],[-82.1636738917808,28.4400872961855],[-82.1633193098286,28.4422352073027],[-82.1638352085693,28.4428509217558],[-82.16370223963791,28.4436563843993]]},"properties":{"segment_id":"00b01a61c14cc0f6805c750e","source_kmz":"withlacoochee","orientation":"unverified"}},{"type":"Feature","geometry":{"type":"LineString","coordinates":[[-81.82453117459481,28.3964486922402],[-81.8263272182352,28.3986096382447],[-81.8266291746178,28.398649964225],[-81.8268857610088,28.39895866658661],[-81.8280935943266,28.3991199589102],[-81.8288633794662,28.4000460517313],[-81.8294673052115,28.4001266882094],[-81.8301619534797,28.399670565615],[-81.8304639154856,28.3997108806547],[-81.8322005000847,28.3985705472756],[-81.8328044184656,28.3986511652145],[-81.8329858219719,28.3975776441212],[-81.8340277316148,28.3968934195157],[-81.8349335942473,28.397014330185],[-81.8359754811636,28.3963300855977],[-81.8362774340018,28.3963703845694],[-81.8366247252398,28.3961422995569],[-81.8369266777165,28.39618259671481],[-81.8390103818599,28.3948140543699],[-81.8480689731348,28.3960223983784],[-81.8483256298935,28.3963310513906],[-81.8501373865989,28.3965726230956],[-81.8503940525876,28.3968812707011],[-81.8506960142716,28.39692152889531],[-81.85172270188701,28.3981561076515],[-81.8520246687618,28.3981963619599],[-81.8522813465809,28.3985050037325],[-81.8525833149692,28.3985452564268],[-81.8528399958899,28.3988538965784],[-81.8531419657918,28.3988941476585],[-81.85339864981411,28.3992027861892],[-81.8540025929327,28.3992832842639],[-81.8550293575868,28.4005178236919],[-81.8557238710046,28.40006153551281],[-81.8560258465981,28.4001017783221],[-81.8561164029131,28.3995650005292],[-81.8564636537064,28.3993368529761],[-81.8577765554005,28.3915534733295],[-81.8584709802762,28.3910971566749],[-81.8577009521287,28.390171255514],[-81.85739901123651,28.3901310163968],[-81.856372338199,28.3888964663917],[-81.8575945594894,28.3816496814231],[-81.8568246270543,28.3807237511941],[-81.8565227203436,28.380683508613],[-81.8560094438794,28.3800662159589],[-81.85570753990662,28.3800259710066],[-81.8546810143795,28.37879137230111],[-81.8547262855324,28.3785229692025],[-81.8544243876853,28.3784827204645],[-81.854167762866,28.3781740677639],[-81.8538658665316,28.3781338174119],[-81.8533526249683,28.37751650790401],[-81.8534431740601,28.3769797008439],[-81.8531865573904,28.3766710445799],[-81.8534129283352,28.3753290227769],[-81.8531563167893,28.37502036511392],[-81.8532468644533,28.3744835547314],[-81.8535487474504,28.3745238072142],[-81.8538959022609,28.3742956531393],[-81.8587260589313,28.3749395610286],[-81.8590732014695,28.3747113903857],[-81.86028074953941,28.374872329258],[-81.860627887603,28.3746441535259],[-81.8615335497242,28.3747648458135],[-81.861880683963,28.3745366659489],[-81.8630882348826,28.3746975731769],[-81.8634353646465,28.3744693882233],[-81.8646429175649,28.3746302779154],[-81.8649900428537,28.3744020878728],[-81.8655938197373,28.3744825256647],[-81.865940941851,28.3742543324461],[-81.86865794620101,28.3746162514861],[-81.8693521731013,28.37415984404331],[-81.870257842489,28.3742804625607],[-81.8726875639249,28.3726829766451],[-81.8729894497438,28.3727231744085],[-81.8747249055554,28.3715820703737]]},"properties":{"segment_id":"2f52bfbd1313c6a009ee4aed","source_kmz":"withlacoochee","orientation":"unverified"}},{"type":"Feature","geometry":{"type":"LineString","coordinates":[[-81.8747249055554,28.3715820703737],[-81.875071991093,28.3713538457784]]},"properties":{"segment_id":"290f71a90b80d4018a78d838","source_kmz":"withlacoochee","orientation":"unverified"}},{"type":"Feature","geometry":{"type":"LineString","coordinates":[[-81.875071991093,28.3713538457784],[-81.8940911306094,28.37388421587042],[-81.8947852140909,28.3734276423852]]},"properties":{"segment_id":"fba6934d43aad82361136608","source_kmz":"withlacoochee","orientation":"unverified"}},{"type":"Feature","geometry":{"type":"LineString","coordinates":[[-82.1351957061978,28.40318512944861],[-82.1354534328242,28.4034930860847],[-82.1354090405538,28.4037615894713],[-82.13566676971712,28.4040695451321],[-82.1356223778219,28.4043380482052],[-82.1379420307886,28.4071096091448],[-82.1378532579874,28.4076466127345],[-82.1381110079191,28.4079545593971],[-82.1375783552949,28.4111765623721],[-82.137836114998,28.411484506875],[-82.1377917261024,28.411753005679],[-82.138049488343,28.4120609492069],[-82.1379607110202,28.4125979459829],[-82.1405384499774,28.4156773314015]]},"properties":{"segment_id":"5f6c14f12649c929735246b8","source_kmz":"withlacoochee","orientation":"unverified"}},{"type":"Feature","geometry":{"type":"LineString","coordinates":[[-81.8902709545159,28.3709064016492],[-81.892068136143,28.3730663863838],[-81.8947852140909,28.3734276423852]]},"properties":{"segment_id":"2da104fe28d457825217cb5c","source_kmz":"withlacoochee","orientation":"unverified"}},{"type":"Feature","geometry":{"type":"LineString","coordinates":[[-82.0544585418855,28.3838306960381],[-82.0560028090737,28.3856796827845],[-82.0569088666868,28.3857987159669],[-82.05716625479111,28.38610687511421],[-82.058072318625,28.3862258983036],[-82.0591122622633,28.3855394619841],[-82.0609243857955,28.3857774680114],[-82.0624688300835,28.387626351986],[-82.0623795979968,28.388163319941],[-82.0649538351512,28.391244721735],[-82.065557921475,28.391324026323],[-82.065334878457,28.3926664382018],[-82.0679093606495,28.3957477327554],[-82.0682114211587,28.3957873766641],[-82.0674531492849,28.4003515219093],[-82.06710646509,28.4005803535091],[-82.0676214076714,28.4011965981466],[-82.06757680098,28.4014650749061],[-82.0678342757442,28.4017731958174],[-82.0675220255539,28.4036525266178],[-82.0680369898984,28.4042687643359],[-82.0683390809422,28.4043084070063],[-82.0681160478385,28.4056507793917],[-82.07069102730621,28.4087319030247],[-82.07099313556051,28.4087715377379],[-82.0709485355868,28.409040010622],[-82.0706018251962,28.4092688483903],[-82.0705572237159,28.4095373207646],[-82.0708147339642,28.4098454280397],[-82.07077013285621,28.4101139001008],[-82.0713743596103,28.4101931679382],[-82.0780703662958,28.4182036106732],[-82.0778920347772,28.4192774864911],[-82.07840717008492,28.4198936492739],[-82.0787093218942,28.419933261041],[-82.0786647405581,28.4202017293656],[-82.0791798871429,28.4208178869495],[-82.07913530683591,28.4210863548541],[-82.0794374632547,28.4211259644417],[-82.079695041246,28.4214340410675],[-82.0796058829737,28.4219709762427],[-82.0798634641573,28.4222790517877],[-82.0795959864748,28.42388985173841],[-82.07985357347621,28.4241979257742],[-82.0792294283828,28.4279564287284],[-82.0794870264534,28.4282645003989],[-82.0793086917028,28.4293383505625],[-82.0795662942791,28.4296464209385],[-82.078585386497,28.4355525357524]]},"properties":{"segment_id":"bcaace037606d0c8575cacd3","source_kmz":"withlacoochee","orientation":"unverified"}},{"type":"Feature","geometry":{"type":"LineString","coordinates":[[-82.0538991605135,28.3834828437921],[-82.0542011705926,28.3835225285468],[-82.0544585418855,28.3838306960381]]},"properties":{"segment_id":"83e50cedb8b3e8805c397d29","source_kmz":"withlacoochee","orientation":"unverified"}},{"type":"Feature","geometry":{"type":"LineString","coordinates":[[-82.1427551432108,28.3929256939577],[-82.1372117238843,28.3965908244407],[-82.1371229574952,28.3971278420987],[-82.1364299913676,28.3975859595302],[-82.1369454213307,28.3982018749452],[-82.137247522938,28.3982413235562],[-82.136892444581,28.400389380155],[-82.1355064487899,28.4013055992279],[-82.1354176666034,28.401842608891],[-82.1350711605134,28.4020716599041],[-82.1349379814509,28.4028771719449],[-82.1351957061978,28.40318512944861]]},"properties":{"segment_id":"1ddb232af2a7e69b23e43034","source_kmz":"withlacoochee","orientation":"unverified"}},{"type":"Feature","geometry":{"type":"LineString","coordinates":[[-81.8947852140909,28.3734276423852],[-81.9069304608396,28.3654367889549],[-81.9084398447138,28.3656372893912],[-81.9150319549012,28.3612986590941]]},"properties":{"segment_id":"cee5af9bbad3b247b07a1e38","source_kmz":"withlacoochee","orientation":"unverified"}},{"type":"Feature","geometry":{"type":"LineString","coordinates":[[-81.9993530632933,28.3719106269165],[-81.9998673368495,28.3725272436713],[-82.0001692823445,28.3725670822041],[-82.00012447644241,28.3728355507494],[-82.0006387612574,28.373452162307],[-82.0005939563776,28.3737206304303],[-82.0008511022534,28.3740289348021],[-82.0011530535786,28.3740687704001],[-82.0010634461484,28.3746057060092],[-82.0007166878663,28.37483433761],[-82.0006718825011,28.3751028047997],[-82.0011861851111,28.3757194100831],[-82.0014881426354,28.375759244559],[-82.0015329457551,28.375490777486],[-82.0024388172214,28.3756102754748],[-82.0031323289579,28.3751530007624],[-82.0037362420777,28.375232657979],[-82.00408299382381,28.3750040168195],[-82.004384950157,28.3750438431862],[-82.0047316993728,28.3748151998099],[-82.0059395249375,28.3749744928817],[-82.0069682129837,28.3762076497019],[-82.0067890663574,28.37728152386232],[-82.0538991605135,28.3834828437921]]},"properties":{"segment_id":"525ef7a0c5131958053999e4","source_kmz":"withlacoochee","orientation":"unverified"}},{"type":"Feature","geometry":{"type":"LineString","coordinates":[[-82.1657382500359,28.3901630429869],[-82.1633135789348,28.3917671100423],[-82.1627093979861,28.391688357935],[-82.1609774270988,28.3928340728007],[-82.1606753337571,28.3927946906841],[-82.1603289332838,28.3930238289255],[-82.1602403176124,28.3935608707392],[-82.1585082748429,28.3947065400284],[-82.15846396047772,28.3949750591089],[-82.1575576618427,28.3948568895382],[-82.1572998809851,28.3945489792764],[-82.1574328336661,28.39374342197261],[-82.1564017369232,28.3925117709485],[-82.156490375898,28.391974730852],[-82.1562326077261,28.3916668157097],[-82.15593052077111,28.3916274200669],[-82.1556727556997,28.3913195032968],[-82.1553706702478,28.3912801060365],[-82.15511290827692,28.3909721876385],[-82.1542066572762,28.3908539884326],[-82.1536911462998,28.3902381444735],[-82.1533890656392,28.3901987415033],[-82.153131314191,28.389890817462],[-82.1528292350336,28.3898514128744],[-82.1525714866858,28.3895434872052],[-82.1486444991642,28.3890311396497],[-82.1427551432108,28.3929256939577]]},"properties":{"segment_id":"48ab5976f69697f03ef1fff6","source_kmz":"withlacoochee","orientation":"unverified"}},{"type":"Feature","geometry":{"type":"LineString","coordinates":[[-81.9954962508577,28.3672858908183],[-81.9993530632933,28.3719106269165]]},"properties":{"segment_id":"ebacf4c1e307344ce64d9f87","source_kmz":"withlacoochee","orientation":"unverified"}},{"type":"Feature","geometry":{"type":"LineString","coordinates":[[-81.9150319549012,28.3612986590941],[-81.91572582186211,28.3608419346604],[-81.9172351445301,28.36104231327741],[-81.9174919476167,28.3613508282669],[-81.91839754832421,28.3614710428818],[-81.9186543569571,28.3617795547332],[-81.9198618334697,28.36193982585951],[-81.9201186488726,28.3622483338151],[-81.9210242629338,28.3623685258897],[-81.92128108388302,28.3626770307071],[-81.9221867041913,28.3627972127966],[-81.9224435306869,28.3631057144757],[-81.9236510333329,28.3632659422345],[-81.9239078665986,28.3635744400176],[-81.9248135002591,28.36369459956621],[-81.9250703390712,28.3640030942109],[-81.9268816214604,28.3642433856253],[-81.9289364582051,28.3667112752623],[-81.9296302944518,28.36625446699721],[-81.9326492061875,28.3666548043923],[-81.9336899269428,28.3659695538462],[-81.9358031684897,28.3662497189567],[-81.9361500670952,28.3660212928913],[-81.9373576373773,28.366181364563],[-81.9383983141199,28.3654960673225],[-81.9396058811547,28.3656561138101],[-81.9396508755084,28.3653876656681],[-81.9399977601742,28.3651592266006],[-81.9401327378494,28.3643538800165],[-81.9488041532412,28.3586424702855]]},"properties":{"segment_id":"a5de620ce00e2deff46d3a3d","source_kmz":"withlacoochee","orientation":"unverified"}},{"type":"Feature","geometry":{"type":"LineString","coordinates":[[-82.1800189124521,28.3821485703231],[-82.178633683777,28.38306539179622],[-82.1783316171405,28.38302605856971],[-82.1779853046158,28.3832552598364],[-82.1776832376023,28.3832159247972],[-82.1773369225403,28.3834451238502],[-82.1761286546662,28.3832877712971],[-82.1657382500359,28.3901630429869]]},"properties":{"segment_id":"835fcfc9cd2ade897c34e6e1","source_kmz":"withlacoochee","orientation":"unverified"}},{"type":"Feature","geometry":{"type":"LineString","coordinates":[[-82.1769693962333,28.3781855794438],[-82.180063151578,28.38188003335731],[-82.1800189124521,28.3821485703231]]},"properties":{"segment_id":"962f4d87f7def65468445069","source_kmz":"withlacoochee","orientation":"unverified"}},{"type":"Feature","geometry":{"type":"LineString","coordinates":[[-81.7982289542835,28.3256852205172],[-81.7985306367996,28.3257256335277],[-81.798786899256,28.3260344620012],[-81.805122324412,28.3268829215163],[-81.8061474958028,28.3281181632249],[-81.8067508860524,28.3281989431444],[-81.8080324046582,28.3297429682693],[-81.8158767419618,28.3307926971409],[-81.8179591751742,28.3294243318797],[-81.81826088045581,28.3294646887679],[-81.8196491292239,28.3285524161629],[-81.8296054794822,28.329883586792],[-81.8306310449185,28.331118583789],[-81.8304044306947,28.3324607120674],[-81.8311736341621,28.3333869491209],[-81.8310829903494,28.3339237983332],[-81.8313393965477,28.3342325420732],[-81.8308861667016,28.3369167746092],[-81.8277625286391,28.3389696432583],[-81.8277171930529,28.3392380626064],[-81.8273701115682,28.3394661524984],[-81.8271887614468,28.3405398265879],[-81.8274451734895,28.3408485743393],[-81.826855762211,28.3443379908179],[-81.826508657462,28.3445660748741],[-81.8263726288905,28.3453713189333],[-81.8266290526081,28.345680064749],[-81.8269308200467,28.3457203954364],[-81.8272779283965,28.3454923106959],[-81.82753435578772,28.3458010542414],[-81.8278361240902,28.345841382359],[-81.828183230494,28.3456132947494],[-81.828319242207,28.3448080488937],[-81.82862100733891,28.344848374899],[-81.82887743768221,28.3451571157399],[-81.8287414307251,28.3459623615725],[-81.8292543009235,28.3465798400164],[-81.829163630774,28.3471166691052],[-81.8288165208421,28.34734475900481],[-81.8287711841109,28.3476131729312],[-81.8290276233903,28.3479219111837],[-81.8289369503616,28.3484587381999],[-81.8285898343067,28.3486868265642],[-81.8281364396399,28.3513709461404],[-81.8289057903459,28.35229715379401],[-81.8288604512417,28.3525655642898],[-81.8291622443281,28.3526058879502],[-81.8296751579134,28.3532233536702],[-81.8345039256453,28.3538683915161],[-81.8355298536806,28.3551032641483],[-81.8364352705314,28.3552241752478],[-81.8382307424509,28.3573851531877],[-81.8385325572165,28.3574254498759],[-81.8384872459347,28.3576938608651],[-81.8397697914618,28.35923738628921],[-81.8394979372014,28.3608478446576],[-81.8400109763202,28.3614652474908],[-81.8399656675679,28.3617336562798],[-81.8402674986907,28.3617739476112],[-81.8400862645516,28.3628475810964],[-81.8403427913931,28.3631562799237],[-81.8402521738952,28.36369309521],[-81.8420632077587,28.3639348242572],[-81.8425762843598,28.3645522098073],[-81.8902709545159,28.3709064016492]]},"properties":{"segment_id":"602eb1330007ed99d2877ae3","source_kmz":"withlacoochee","orientation":"unverified"}},{"type":"Feature","geometry":{"type":"LineString","coordinates":[[-82.1777657945831,28.3733518553957],[-82.1769693962333,28.3781855794438]]},"properties":{"segment_id":"916e326fd77b3e2688255b93","source_kmz":"withlacoochee","orientation":"unverified"}},{"type":"Feature","geometry":{"type":"LineString","coordinates":[[-82.1276768176156,28.3665416988399],[-82.1312832129152,28.3708536775105],[-82.1310168784356,28.3724648211252],[-82.1306704808933,28.3726938753798],[-82.1304929140463,28.3737679657823],[-82.1312657789395,28.3746919377795],[-82.1321718244698,28.3748103364232],[-82.1324294535207,28.3751183230743],[-82.132731470483,28.3751577868144],[-82.1329891026333,28.375465771838],[-82.1354052582565,28.3757814448148],[-82.1357516556209,28.3755523770574],[-82.1360536756862,28.3755918313658],[-82.1363113212695,28.3758998080336],[-82.136613342838,28.3759392607249],[-82.1373862945212,28.3768631832414],[-82.1376883200352,28.3769026327964],[-82.137945975574,28.3772106044729],[-82.1418723487945,28.3777233607842],[-82.1422187365863,28.3774942732273],[-82.1434268583814,28.3776520114255],[-82.14394221774151,28.3782679250428],[-82.1445462852151,28.3783467859582],[-82.1445019350562,28.3786153106761],[-82.1447596206535,28.3789232645548],[-82.14471527087,28.3791917889582],[-82.1449729590032,28.3794997418606],[-82.1427551432108,28.3929256939577]]},"properties":{"segment_id":"1a7d2ef208f6fba326dbbe4e","source_kmz":"withlacoochee","orientation":"unverified"}},{"type":"Feature","geometry":{"type":"LineString","coordinates":[[-81.7974019149189,28.3214568833978],[-81.7984269077384,28.3226922167277],[-81.7979726949233,28.3253763904232],[-81.7982289542835,28.3256852205172]]},"properties":{"segment_id":"056ed1665f2462e835229f69","source_kmz":"withlacoochee","orientation":"unverified"}},{"type":"Feature","geometry":{"type":"LineString","coordinates":[[-81.7419456888386,28.3137374032594],[-81.7422017082772,28.314046377126],[-81.742019331361,28.31511997755],[-81.74227535525432,28.3154289501222],[-81.7421841663517,28.31596574887102],[-81.7432082858015,28.3172016296624],[-81.7431626935002,28.3174700282941],[-81.74367476574271,28.3180879632931],[-81.743629174444,28.3183563615016],[-81.7438852140178,28.3186653275981],[-81.7438396230758,28.318933725491],[-81.7440956651667,28.3192426906163],[-81.74363974629031,28.321926657035],[-81.7456882020677,28.3243983383434],[-81.74564261375761,28.32466673298161],[-81.7446008792985,28.32535022469],[-81.7409810341796,28.3248633837919],[-81.7347301341861,28.3289638884007],[-81.7346845086298,28.3292322751566],[-81.7339899243094,28.3296878608687],[-81.7345020035079,28.3303058201024],[-81.7348036719831,28.330346412607],[-81.7406931490085,28.3374526782321],[-81.7406475378013,28.3377210615816],[-81.740903625126,28.33803001918651],[-81.7424121235772,28.3382328786562],[-81.7442048301543,28.3403955312616],[-81.7451099584355,28.3405172207917],[-81.7461518756761,28.3398337512049],[-81.7464535837429,28.3398743097988],[-81.7472219345581,28.340801133056],[-81.7470851568308,28.3416062838017],[-81.7478535303129,28.342533098325],[-81.7463488673447,28.3513896226782],[-81.7504474852722,28.3563324457423],[-81.7504018948502,28.3566008200309],[-81.7527075839346,28.3593810599518],[-81.7517046494818,28.3652852207173],[-81.7542668465138,28.3683742707096],[-81.7542212617249,28.3686426382041],[-81.7544774923782,28.3689515383508],[-81.7543407382155,28.3697566392717],[-81.7529511078613,28.3706679648798],[-81.75162887433241,28.3784504754031],[-81.7521413780447,28.3790682714847],[-81.7514117863278,28.3833619924931],[-81.7516680513506,28.3836708875373],[-81.7513032328599,28.3858177273337],[-81.75437862145452,28.3895243903769],[-81.75428742947182,28.3900610957072],[-81.7545437253318,28.3903699784751],[-81.7548456179075,28.3904105080312],[-81.7548912124591,28.3901421554752],[-81.7552386977121,28.3899143312109],[-81.7554210681148,28.3888409176909],[-81.75602484346881,28.3889219713139],[-81.7591520705864,28.3868714677505],[-81.7594539528704,28.38691198466231],[-81.7601488703185,28.3864563013816],[-81.7604507515969,28.3864968155224],[-81.7607982068621,28.3862689710284],[-81.7614019689925,28.3863499948255],[-81.7627917661309,28.3854385965495],[-81.7673199801613,28.3860461083661],[-81.7683453167192,28.3872815221792],[-81.7682997664502,28.3875498824669],[-81.770111105356,28.38779281566771],[-81.7711365039318,28.3890281970975],[-81.7717402956945,28.3891091619256],[-81.773022098355,28.3906533617362],[-81.7923444380729,28.3932421845988]]},"properties":{"segment_id":"a57c2a9c62879e664add4e16","source_kmz":"withlacoochee","orientation":"unverified"}},{"type":"Feature","geometry":{"type":"LineString","coordinates":[[-81.74168967127072,28.3134284285291],[-81.7419456888386,28.3137374032594]]},"properties":{"segment_id":"ad0de4611ed084c8f2555945","source_kmz":"withlacoochee","orientation":"unverified"}},{"type":"Feature","geometry":{"type":"LineString","coordinates":[[-81.9985101339532,28.3473786716038],[-82.0015949553544,28.351078581104],[-82.0015501653723,28.3513470652849],[-82.0020643298357,28.3519637045202],[-82.0019299621016,28.3527691551728],[-82.0008899574309,28.35345509366231],[-82.0005880798749,28.353415255181],[-82.00024140724692,28.3536438978663],[-82.0001966116057,28.3539123796831],[-81.9999395293222,28.3536040575724],[-81.9987320204695,28.3534446878269],[-81.9984749449513,28.3531363618165],[-81.9981282677509,28.3533649978123],[-81.99808346554511,28.3536334789385],[-81.9977367852466,28.3538621133677],[-81.9954962508577,28.3672858908183]]},"properties":{"segment_id":"f8d9d42ec6cc5670f528ca05","source_kmz":"withlacoochee","orientation":"unverified"}},{"type":"Feature","geometry":{"type":"LineString","coordinates":[[-81.9488041532412,28.3586424702855],[-81.952619204711,28.3561292001653],[-81.9541285305696,28.3563290601569],[-81.961064341278,28.351758991399],[-81.9619699010906,28.3518788397603],[-81.9623166699807,28.3516503202075],[-81.9638259387803,28.3518500455594],[-81.9641727025341,28.351621519966],[-81.967191255007,28.35202089684441],[-81.9682315154481,28.3513352838214],[-81.9685333703072,28.351375213929],[-81.9686680540647,28.35056980239352],[-81.97074849839461,28.3491985310479],[-81.9737669953975,28.3495977246836],[-81.9751538946844,28.3486834803277],[-81.9754231248874,28.3470726273939],[-81.9751661537797,28.3467642401876],[-81.9754353776362,28.34515337915411],[-81.9761287855478,28.3446962433689],[-81.976732455594,28.34477605949],[-81.9770791554324,28.3445474877939],[-81.9797956788746,28.3449066093226],[-81.9808357495217,28.3442208608637],[-81.9814394206167,28.3443006504884],[-81.9817861057772,28.3440720632347],[-81.9845026339327,28.3444310655297],[-81.9850166319586,28.3450477979184],[-81.9874313625792,28.3453668406705],[-81.9879453876631,28.3459835574626],[-81.9882920621314,28.3457549501025],[-81.9904049789188,28.3460340502194],[-81.9906620033994,28.3463424013583],[-81.9985101339532,28.3473786716038]]},"properties":{"segment_id":"8819343c933fcad4eaff2f4a","source_kmz":"withlacoochee","orientation":"unverified"}},{"type":"Feature","geometry":{"type":"LineString","coordinates":[[-81.9118267841638,28.3326060674853],[-81.9166821682985,28.3294087966825],[-81.9178891787552,28.3295691036392],[-81.9192763535048,28.3286555369609],[-81.9204833581261,28.3288158149194],[-81.9215237117065,28.3281306151882],[-81.9218254616244,28.328170679669],[-81.92187049248622,28.3279022127533],[-81.9225640484249,28.327445404097],[-81.9237710420024,28.3276056454119],[-81.92411781455812,28.3273772353675],[-81.9310581014246,28.3282983349605],[-81.9334853520478,28.3266992754443],[-81.9362011166105,28.3270595221552],[-81.9365478533448,28.32683107143241],[-81.9398671454041,28.3272712682238]]},"properties":{"segment_id":"d678713a5c39f7f0650182b1","source_kmz":"withlacoochee","orientation":"unverified"}},{"type":"Feature","geometry":{"type":"LineString","coordinates":[[-82.1153248605209,28.3405094429302],[-82.115839788645,28.3411255516697],[-82.1156620996587,28.3421997058392],[-82.1164345137906,28.3431238611292],[-82.1173402001658,28.3432423952486],[-82.11759767895781,28.3435504429974],[-82.1188052696242,28.3437084734524],[-82.120092716143,28.3452486839856],[-82.1203946206176,28.34528818565971],[-82.1206521167719,28.3455962244022],[-82.1209540227491,28.3456357244597],[-82.1219840310156,28.3468678677094],[-82.12193962569431,28.34713640509071],[-82.1234846983356,28.3489845932644],[-82.1246923776412,28.3491425549377],[-82.1262375471449,28.3509906936283],[-82.1268414031372,28.3510696602084],[-82.1270989403985,28.3513776787657],[-82.1277027999603,28.351456640398],[-82.12796034153982,28.3517646565681],[-82.1276940038694,28.3533758720693],[-82.1279515512649,28.3536838867185],[-82.12724127833532,28.3579804232998],[-82.1255095175264,28.3591256640237],[-82.1252431099339,28.3607368424861],[-82.1262733647799,28.3619688958537],[-82.126575331873,28.3620083783408],[-82.1265309331851,28.3622769070254],[-82.1268329014991,28.362316388753],[-82.1271792669058,28.3620873407429],[-82.128085171571,28.3622057779162],[-82.1283427473016,28.362513784531],[-82.1276768176156,28.3665416988399]]},"properties":{"segment_id":"0d6cbb433366c801d838a6b2","source_kmz":"withlacoochee","orientation":"unverified"}},{"type":"Feature","geometry":{"type":"LineString","coordinates":[[-81.9859766387831,28.3226726982283],[-81.9931715921629,28.3313070277452],[-81.9924546578881,28.3356029150436],[-81.9963098583942,28.3402281431479],[-81.9962650573754,28.3404966327169],[-81.9965220863947,28.34080497421551],[-81.9964772857442,28.34107346346901],[-81.9987906371727,28.34384849698282],[-81.9987458421145,28.3441169850541],[-81.9990028911908,28.3444253176697],[-81.9985101339532,28.3473786716038]]},"properties":{"segment_id":"0f29708f54b4fe07a0d1e6bc","source_kmz":"withlacoochee","orientation":"unverified"}},{"type":"Feature","geometry":{"type":"LineString","coordinates":[[-81.9846919803025,28.3211307821621],[-81.9859766387831,28.3226726982283]]},"properties":{"segment_id":"f6b6919e78a8b81435a20123","source_kmz":"withlacoochee","orientation":"unverified"}},{"type":"Feature","geometry":{"type":"LineString","coordinates":[[-81.97955381486051,28.3149629011952],[-81.9846919803025,28.3211307821621]]},"properties":{"segment_id":"55a6fd10a857370749910668","source_kmz":"withlacoochee","orientation":"unverified"}},{"type":"Feature","geometry":{"type":"LineString","coordinates":[[-81.9398671454041,28.3272712682238],[-81.9406375003011,28.328196728995],[-81.9445603922372,28.3287167983759],[-81.9462939782138,28.3275744014169],[-81.9465957378737,28.327614395979],[-81.9468654450756,28.3260035264312],[-81.9489456384986,28.324632591679],[-81.9495491396144,28.3247125655793],[-81.9498187812955,28.3231016763528],[-81.9508588268027,28.3224161806952],[-81.9509936327909,28.3216107305253],[-81.9499664255559,28.3203768594423],[-81.9506597679606,28.3199198593838],[-81.9509743064102,28.3180404610642],[-81.9515777623981,28.3181204248809],[-81.9522710775939,28.3176634116644],[-81.9528745321173,28.31774336823271],[-81.9532211856021,28.3175148578208],[-81.9541263675724,28.3176347833822],[-81.95447301722932,28.3174062688421],[-81.9553781998124,28.3175261838275],[-81.9623107604351,28.3129555707327],[-81.9641210551111,28.3131952629259],[-81.9644676595615,28.312966713291],[-81.97955381486051,28.3149629011952]]},"properties":{"segment_id":"f3ab3a4d278e3c67d4c708a2","source_kmz":"withlacoochee","orientation":"unverified"}},{"type":"Feature","geometry":{"type":"LineString","coordinates":[[-82.1024658368087,28.31385777630461],[-82.1042672221282,28.3160145088593],[-82.1045690148342,28.316054058273],[-82.10354672116752,28.3222306964039],[-82.110496222469,28.3305490349702],[-82.1104517892303,28.3308175790199],[-82.1109666228137,28.3314337268457],[-82.1103445461934,28.3351933187595],[-82.113433815457,28.3388901144512],[-82.1137356941113,28.3389296355975],[-82.1136468391227,28.3394667144257],[-82.1141617486657,28.34008283293061],[-82.1150673992735,28.34020138725811],[-82.1153248605209,28.3405094429302]]},"properties":{"segment_id":"23455b603ec71b5d278f367c","source_kmz":"withlacoochee","orientation":"unverified"}},{"type":"Feature","geometry":{"type":"LineString","coordinates":[[-81.9893554349873,28.2857962332025],[-81.9901259535132,28.2867214374115],[-81.9894092424314,28.2910178056712],[-81.9912072575553,28.29317657288051],[-81.9915089157091,28.2932164441443],[-81.9913297485663,28.2942905252269],[-81.9909832932336,28.2945191732217],[-81.9907593218026,28.295861768368],[-81.9904128584928,28.29609041357],[-81.9902336713454,28.2971644847219],[-81.989887201279,28.2973931274375],[-81.9904009527245,28.2980099097979],[-81.99035615531,28.2982784265418],[-81.9906578312569,28.2983182996772],[-81.9902098508336,28.3010034566763],[-81.988130907601,28.302375279786],[-81.988086100668,28.3026437925062],[-81.9877396023519,28.3028724249702],[-81.9876947939132,28.3031409371765],[-81.9879516781619,28.3034493294208],[-81.9879068700909,28.3037178413103],[-81.988163756865,28.3040262325783],[-81.9874707474525,28.3044834950932],[-81.9846919803025,28.3211307821621]]},"properties":{"segment_id":"b04f795ca6fabff1ff40373b","source_kmz":"withlacoochee","orientation":"unverified"}},{"type":"Feature","geometry":{"type":"LineString","coordinates":[[-82.0797831783291,28.2870094985024],[-82.0800848561069,28.2870491201144],[-82.0804310398805,28.2868201785934],[-82.0813360729463,28.286939035426],[-82.0818504273953,28.28755539435461],[-82.0821521080877,28.2875950100678],[-82.0824982885007,28.2873660621708],[-82.0843083746623,28.2876037327334],[-82.0843973614487,28.28706660542892]]},"properties":{"segment_id":"7b32d9f9f42395d179506b2b","source_kmz":"withlacoochee","orientation":"unverified"}},{"type":"Feature","geometry":{"type":"LineString","coordinates":[[-82.0985510859146,28.2853567378696],[-82.10292432186002,28.2905949945887],[-82.102879885569,28.2908635635765],[-82.10313715226292,28.2911716883944],[-82.10007041185432,28.3097024397973],[-82.1021289744635,28.3121673465144],[-82.1020845243123,28.3124358999934],[-82.102341853731,28.312744009315],[-82.1022085035492,28.3135496681798],[-82.1024658368087,28.31385777630461]]},"properties":{"segment_id":"63191d84de24280d510e2667","source_kmz":"withlacoochee","orientation":"unverified"}},{"type":"Feature","geometry":{"type":"LineString","coordinates":[[-82.0843973614487,28.28706660542892],[-82.0844863471053,28.2865294772935],[-82.0848325168413,28.2863005211871],[-82.0848770080266,28.2860319565022],[-82.0859155023349,28.28534507970601],[-82.0886305849281,28.2857014889614],[-82.0896690447046,28.2850145750543],[-82.09057407142872,28.2851333541295],[-82.0909202189767,28.2849043774438],[-82.0915235702289,28.2849835573017],[-82.0918697145943,28.2847545774472],[-82.0924730656668,28.2848337519696],[-82.0928192068494,28.2846047689462],[-82.0985510859146,28.2853567378696]]},"properties":{"segment_id":"1e1a405a237787d23e27dc5e","source_kmz":"withlacoochee","orientation":"unverified"}},{"type":"Feature","geometry":{"type":"LineString","coordinates":[[-81.9423705277035,28.25706630262581],[-81.9462901331257,28.25758640540001],[-81.9468033251314,28.25820346195251],[-81.9474063505071,28.2582834618917],[-81.9476629517569,28.258591987352],[-81.94947204204591,28.2588319620763],[-81.9494271355077,28.2591004892348],[-81.949683746601,28.2594090091729],[-81.95037659103731,28.25895193788021],[-81.95399481264572,28.2594317640395],[-81.9555346131978,28.2612828031375],[-81.9554448357072,28.2618198588875],[-81.95672806079331,28.2633623665183],[-81.95883881607321,28.263642151221],[-81.9593521362909,28.2642591375952],[-81.9596536763394,28.2642991018983],[-81.9594741660987,28.2653732109798],[-81.9602441719301,28.2662986804459],[-81.9617519134632,28.2664984797252],[-81.9624447507558,28.2660413385971],[-81.9627462986149,28.2660812939744],[-81.9637855385663,28.2653955699545],[-81.9643886312331,28.2654754724115],[-81.9647350395058,28.26524689330501],[-81.9653381320096,28.2653267904273],[-81.9654278504372,28.2647897313068],[-81.9660309403372,28.2648696246099],[-81.96637734169401,28.2646410398086],[-81.9712020914651,28.265280047655],[-81.9722289395185,28.26651389267341],[-81.9725304936793,28.2665538203546],[-81.9745842893785,28.2690214626881],[-81.9748858535862,28.2690613834509],[-81.9752322481815,28.2688327724255],[-81.9755338120224,28.2688726913771],[-81.9754889828552,28.2691412224075],[-81.9757457194004,28.269449671522],[-81.9756560615149,28.2699867327385],[-81.97719652790691,28.271837407891],[-81.9777996791419,28.27191723320721],[-81.9784924740973,28.27145999441001],[-81.9785372949619,28.2711914637536],[-81.9788836884117,28.270962842156],[-81.9791852615659,28.2710027505666],[-81.9795316524926,28.2707741267526],[-81.98043637170741,28.2708938439821],[-81.9811291440371,28.2704365868407],[-81.9811739559926,28.2701680543553],[-81.9829833886688,28.2704074536448],[-81.9850375827074,28.2728748698245],[-81.9853391655775,28.2729147606459],[-81.9856855477037,28.2726861180075],[-81.9859871302065,28.2727260070178],[-81.9862439158938,28.2730344279721],[-81.9853479141846,28.2784050402718],[-81.9863751277869,28.2796387066416],[-81.9860167161089,28.281786924749],[-81.9893554349873,28.2857962332025]]},"properties":{"segment_id":"9fb822f63a91c92f249c575c","source_kmz":"withlacoochee","orientation":"unverified"}},{"type":"Feature","geometry":{"type":"LineString","coordinates":[[-81.9016041869212,28.2428635461709],[-81.9021169638827,28.2434808414775],[-81.9042270425907,28.2437617209983],[-81.90576546961,28.2456135543147],[-81.9057204314404,28.245882072388],[-81.9069262300214,28.2460425383658],[-81.9071826466,28.2463511710793],[-81.9083884546346,28.246511620333],[-81.9086448779653,28.2468202491511],[-81.908554818324,28.2473572858141],[-81.9103498430841,28.2495176617277],[-81.9103048173798,28.2497861789773],[-81.9110741437024,28.25071204103501],[-81.9110291196604,28.2509805577464],[-81.9120549168681,28.2522150279136],[-81.9124014121497,28.2519866107543],[-81.9127028862725,28.2520267090113],[-81.9126578666981,28.2522952254814],[-81.9129143231166,28.2526038393415],[-81.9128242844098,28.2531408714361],[-81.9133372054548,28.2537580961164],[-81.9132921869718,28.2540266116313],[-81.9135486509491,28.2543352225613],[-81.9144531009003,28.2544555042965],[-81.914318054102,28.25526105014992],[-81.9145745255601,28.2555696576123],[-81.9145295100389,28.2558381723698],[-81.9148309988885,28.2558782642077],[-81.9151775016745,28.2556498402342],[-81.9154789901602,28.2556899302611],[-81.9157354671508,28.2559985345849],[-81.9353329104127,28.2586025007741],[-81.9360258257398,28.2581455216955],[-81.9363273329833,28.258185552552],[-81.9370202395276,28.257728566515],[-81.94063833308981,28.2582088470967],[-81.9423705277035,28.25706630262581]]},"properties":{"segment_id":"eabba52b83235218aae7217f","source_kmz":"withlacoochee","orientation":"unverified"}},{"type":"Feature","geometry":{"type":"LineString","coordinates":[[-82.1390999077418,28.2731064437536],[-82.1375558795923,28.2712581142992],[-82.137254231256,28.2712186534711],[-82.136996901007,28.2709105947588],[-82.1366952541701,28.2708711323148],[-82.1364379270129,28.2705630719736],[-82.1361362816755,28.2705236079137],[-82.1358789576099,28.2702155459436],[-82.13557731377202,28.2701760802678],[-82.1350626736978,28.2695599522001],[-82.1344593917386,28.2694810152418],[-82.1327295399748,28.2706266382509],[-82.1324278961405,28.2705871637164],[-82.1317359410096,28.2710454021959],[-82.1314255930706,28.2729255610617],[-82.1296956298169,28.2740711245331],[-82.1290923207031,28.2739921581721],[-82.1277083111321,28.2749085786456],[-82.12796561972192,28.2752166565178],[-82.1278769219823,28.2757538367878],[-82.1275309119055,28.2759829387957],[-82.127486561395,28.2762515283136],[-82.1277882231166,28.2762910162265],[-82.1277438732614,28.2765596056341],[-82.1282585026152,28.2771757576668],[-82.12821415378912,28.277444346646],[-82.1271760999375,28.2781316491205],[-82.1267769149323,28.2805489323404],[-82.1202019738566,28.2849015325692],[-82.1201575954045,28.2851701127546],[-82.1198115259156,28.2853991840764],[-82.1189238733213,28.290770738073],[-82.1185777775808,28.2909998020304],[-82.1182670640081,28.2928798241732],[-82.1172287399417,28.2935670020787],[-82.1171399547842,28.2941041475631],[-82.1109096122347,28.2982269659404],[-82.1101989392385,28.3025240120467],[-82.10569861604822,28.3055012857995],[-82.1056097451395,28.3060384048954],[-82.1052635508703,28.306267416525],[-82.105130238732,28.3070730926982],[-82.1047840389291,28.3073021021527],[-82.10469516032,28.3078392179545],[-82.104348956203,28.308068225539],[-82.1042156325136,28.3088738967714],[-82.1038694228628,28.3091029021808],[-82.1037805365526,28.3096400146888],[-82.1034343225874,28.3098690182282],[-82.10330098734602,28.31067468452011],[-82.1029547678467,28.3109036858845],[-82.1024658368087,28.31385777630461]]},"properties":{"segment_id":"4532bee0a317551026e7add3","source_kmz":"withlacoochee","orientation":"unverified"}},{"type":"Feature","geometry":{"type":"LineString","coordinates":[[-82.0100846916446,28.2520329042768],[-82.0118938183195,28.2522718247928],[-82.0122400442201,28.2520430835725],[-82.0131446094313,28.2521625294077],[-82.0134908315047,28.2519337840629],[-82.0137923531571,28.2519735966743],[-82.0141385727072,28.251744849114],[-82.0142279670844,28.2512077298574],[-82.0145741823247,28.2509789804227],[-82.01608177896442,28.25117802011],[-82.0165954407658,28.25179475123541],[-82.0181030566877,28.2519937619355],[-82.0183598964915,28.2523021224052],[-82.0186614217458,28.2523419212183],[-82.0197000398247,28.2516556280214],[-82.0200015634061,28.251695423115],[-82.0206939647976,28.2512378861032],[-82.0209954873582,28.2512776784317],[-82.0213416845948,28.2510489070799],[-82.0228492983889,28.2512478511065],[-82.0231061532196,28.2515562007558],[-82.0230614841578,28.25182476396011],[-82.0233630099218,28.2518645495366],[-82.0238767289404,28.2524812444929],[-82.0241782574262,28.2525210276968],[-82.0244351209618,28.2528293731141],[-82.0247813152481,28.2526005915358],[-82.0256859041067,28.2527199308721],[-82.0269702709786,28.2542616303197],[-82.02683629544141,28.2550673184267],[-82.0283776091924,28.25691732711982],[-82.0283329540277,28.25718588874391],[-82.0304437913629,28.2574642615905],[-82.0311361834952,28.25700666376022],[-82.0314377315143,28.2570464259756],[-82.032822490708,28.2561312113673],[-82.0331240364002,28.25617096890871],[-82.0336378526744,28.2567876098808],[-82.0363517985963,28.2571453755697],[-82.0386641632352,28.2599201555316],[-82.0386195391276,28.2601887193387],[-82.0379271614256,28.260646361897],[-82.0378379074839,28.2611834876611],[-82.0381394735329,28.2612232305009],[-82.0383964143413,28.2615315352502],[-82.0396026862461,28.2616904950124],[-82.04037353453431,28.2626153949491],[-82.0445955730878,28.2631716143615],[-82.0456234652908,28.2644047596493],[-82.0462266279393,28.2644841997958],[-82.0467405901509,28.2651007641947],[-82.0470421743382,28.2651404814666],[-82.0469975740651,28.2654090450914],[-82.0482039173894,28.2655679060065],[-82.0489748949964,28.2664927343839],[-82.05018125748,28.2666515724951],[-82.0517232925096,28.2685011875958],[-82.0532312885586,28.2686996932109],[-82.0537453274071,28.26931621704451],[-82.0537007462067,28.2695847805237],[-82.0540023496402,28.2696244776583],[-82.0539577690931,28.2698930410275],[-82.0547288489876,28.2708178173273],[-82.0613642971725,28.2716908896937],[-82.0621354743906,28.272615608113],[-82.062738711057,28.2726949532208],[-82.0647952855498,28.2751608186474],[-82.0647507363416,28.27542938261851],[-82.0650078172349,28.2757376117778],[-82.0659127100843,28.2758566028274],[-82.0666839749753,28.2767812782661],[-82.06849379025562,28.2770192235831],[-82.06875088961421,28.2773274424402],[-82.0693541660747,28.2774067491761],[-82.0698683752883,28.2780231812497],[-82.0701700163811,28.2780628318155],[-82.07012548270471,28.2783313959835],[-82.0719252870683,28.2804888747975],[-82.07222693791542,28.2805285192939],[-82.0724840615367,28.2808367263197],[-82.07278571388582,28.2808763692008],[-82.0730428405996,28.2811845745993],[-82.0733444944507,28.2812242158651],[-82.0736016242572,28.2815324196362],[-82.0748082473654,28.2816909730986],[-82.0778940096942,28.2853893141771],[-82.0784973522081,28.2854685675588],[-82.0797831783291,28.2870094985024]]},"properties":{"segment_id":"4f2a8728fabe44b1f876480b","source_kmz":"withlacoochee","orientation":"unverified"}},{"type":"Feature","geometry":{"type":"LineString","coordinates":[[-81.8688982349843,28.23026806466421],[-81.8701794044881,28.2318117405541],[-81.8707821692925,28.2318921790738],[-81.8710384112406,28.2322009101382],[-81.8725453343652,28.2324019876773],[-81.8771581188596,28.2379589305236],[-81.8775046499261,28.2377306181384],[-81.8775497732499,28.2374621062257],[-81.8778511791236,28.2375023044903],[-81.87889075550191,28.236817355968],[-81.8791921597168,28.2368575505119],[-81.8794484473598,28.237166257334],[-81.8842709732473,28.2378092415293],[-81.8850399059832,28.2387353204666],[-81.8859441487274,28.2388558487989],[-81.8862004670397,28.2391645377738],[-81.88650188308051,28.239204711416],[-81.8867582044827,28.2395133987672],[-81.8879638763893,28.2396740817491],[-81.8900145539614,28.242143525133],[-81.8906174111617,28.2422238493779],[-81.8908737567116,28.24253252438641],[-81.8917780483191,28.2426530020634],[-81.8921245591673,28.2424246450113],[-81.8942345783858,28.242705722949],[-81.8945810828233,28.2424773579498],[-81.8948825146352,28.2425175075623],[-81.8951388766257,28.2428261720833],[-81.8954403099441,28.2428663200828],[-81.8953952404857,28.2431348357374],[-81.8962995449607,28.2432552748973],[-81.8965559143521,28.2435639354136],[-81.8989674152962,28.2438850627888],[-81.899313911793,28.24365668312671],[-81.8996153500485,28.2436968192419],[-81.90100131474462,28.2427832841475],[-81.9016041869212,28.2428635461709]]},"properties":{"segment_id":"04c8d6dcf7fc5db332a5c76c","source_kmz":"withlacoochee","orientation":"unverified"}},{"type":"Feature","geometry":{"type":"LineString","coordinates":[[-81.8686420066893,28.2299593268861],[-81.8688982349843,28.23026806466421]]},"properties":{"segment_id":"060360e2b3ca8449899a3183","source_kmz":"withlacoochee","orientation":"unverified"}},{"type":"Feature","geometry":{"type":"LineString","coordinates":[[-81.9963774505837,28.2307337741324],[-81.9971475447261,28.2316590615952],[-81.9986547563581,28.2318583576543],[-81.9996815991095,28.23309204695621],[-81.9999830471631,28.2331319005684],[-82.0004964821983,28.2337487384929],[-82.0003622871853,28.2345544368298],[-82.0006190094626,28.2348628541577],[-82.0005742778754,28.2351314197419],[-82.0008310026744,28.2354398360909],[-82.0007862714549,28.2357084013558],[-82.000440081411,28.235937115242],[-82.0003506156825,28.2364742445316],[-82.0011208054625,28.2373994893155],[-82.0010313425074,28.2379366171072],[-82.001288077478,28.23824503007742],[-82.0010644183812,28.239587845352],[-82.00132115847971,28.2398962569015],[-82.0012764264604,28.2401648192199],[-82.0017899135723,28.24078163949291],[-82.0016557197207,28.2415873245336],[-82.0021692182245,28.2422041406707],[-82.0021244876761,28.2424727017128],[-82.0026379949659,28.2430895141559],[-82.0025038055273,28.2438951953681],[-82.0027605639331,28.244203599956],[-82.0027158342043,28.2444721598325],[-82.0045131999903,28.2466309668631],[-82.0043790227855,28.2474366429238],[-82.004635798765,28.24774504012411],[-82.0045463471796,28.2482821562346],[-82.0066006328016,28.2507493008146],[-82.0072036614684,28.2508289643721],[-82.0074604580299,28.2511373520214],[-82.0089680407594,28.2513364921409],[-82.0092248452887,28.251644875132],[-82.0095263639052,28.2516846998291],[-82.0097831715251,28.2519930811939],[-82.0100846916446,28.2520329042768]]},"properties":{"segment_id":"d3996ba3a41466784f8df19f","source_kmz":"withlacoochee","orientation":"unverified"}},{"type":"Feature","geometry":{"type":"LineString","coordinates":[[-81.9856076306955,28.1955452411442],[-81.9868904010169,28.1970876553765],[-81.98666662234,28.198430586241],[-81.9869231852623,28.19873906592481],[-81.98687842932601,28.1990076513583],[-81.9883850358001,28.19920710970751],[-81.9891547560022,28.2001325318477],[-81.9884626020375,28.2005899257821],[-81.98828359220231,28.2016642635915],[-81.9875914210173,28.2021216500195],[-81.987501909524,28.2026588164381],[-81.9871558186919,28.2028875071448],[-81.9871110613012,28.2031560897326],[-81.9867649673821,28.2033847788703],[-81.9867202084894,28.2036533609413],[-81.9882597101443,28.2055041997035],[-81.9882149548714,28.2057727808986],[-81.9887281383423,28.2063897199807],[-81.9885938747243,28.2071954616442],[-81.9909033104292,28.20997164151351],[-81.9908585611787,28.2102402206503],[-81.9911151751423,28.2105486806258],[-81.9910256770914,28.2110858380499],[-81.9906795613386,28.2113145351058],[-81.99063481066912,28.2115831131967],[-81.9902886918286,28.21181180868381],[-81.9902439396568,28.2120803862582],[-81.9905005569574,28.2123888462145],[-81.9904110530638,28.2129260005139],[-81.9909242958762,28.2135429173768],[-81.9908795448053,28.2138114939909],[-81.9911361696663,28.2141199510085],[-81.9910914189623,28.2143885273026],[-81.9913480463435,28.2146969833406],[-81.9913032960066,28.2149655593147],[-81.9915599259081,28.2152740143731],[-81.991861306714,28.2153138928107],[-81.9921179397034,28.2156223462429],[-81.9924193220118,28.2156622230668],[-81.9926759580891,28.2159706748726],[-81.9929773418998,28.2160105500828],[-81.9937472650042,28.2169358980151],[-81.9940486527543,28.21697577009621],[-81.9948185963399,28.2179011079376],[-81.9947291140093,28.2184382580483],[-81.9952424216848,28.219055145156],[-81.9951976813959,28.2193237196761],[-81.99571099785192,28.2199406030878],[-81.9953978169976,28.2218206173245],[-81.9956544825875,28.2221290569518],[-81.9955202599177,28.2229347738717],[-81.9957769293307,28.2232432122982],[-81.9954307767187,28.2234719174401],[-81.9953860346935,28.2237404889109],[-81.9956427060598,28.2240489270051],[-81.9955979644019,28.2243174981562],[-81.9958546382892,28.2246259352711],[-81.995675671424,28.2257002173431],[-81.99593234978562,28.2260086531467],[-81.9958876080109,28.2262772230316],[-81.9964009716464,28.2268940918118],[-81.9958640638394,28.2301169114818],[-81.9963774505837,28.2307337741324]]},"properties":{"segment_id":"7a0c75d8c1342c7d957f179e","source_kmz":"withlacoochee","orientation":"unverified"}},{"type":"Feature","geometry":{"type":"LineString","coordinates":[[-82.3672989646013,29.004210801894],[-82.3675593914223,29.0045177308149],[-82.36847257770282,29.0046339404068],[-82.3688209369622,29.004404484055],[-82.3691253322793,29.004443217899],[-82.3698220437241,29.0039842995083],[-82.3710396224243,29.0041392185677],[-82.3724330116334,29.0032213513492],[-82.37273740432012,29.0032600751126],[-82.37482742681631,29.0018832308733],[-82.3751318157458,29.0019219480071],[-82.3758284732907,29.00146298796662],[-82.3764372493015,29.0015404158016],[-82.3771338965168,29.00108144689751],[-82.37743828359791,29.0011201575987],[-82.3776987379712,29.0014270643758]]},"properties":{"segment_id":"74541e422adf1e90827ab91a","source_kmz":"withlacoochee","orientation":"unverified"}},{"type":"Feature","geometry":{"type":"LineString","coordinates":[[-82.3487255075339,28.9829530425285],[-82.3586179697399,28.9946180519836],[-82.3585299878421,28.9951544387288],[-82.3597474172585,28.9953094886333],[-82.3672989646013,29.004210801894]]},"properties":{"segment_id":"ea263681c7a608ecddb1e65f","source_kmz":"withlacoochee","orientation":"unverified"}},{"type":"Feature","geometry":{"type":"LineString","coordinates":[[-82.3284285583789,28.9590051799752],[-82.3487255075339,28.9829530425285]]},"properties":{"segment_id":"6aed81f16775ad62ad854f7d","source_kmz":"withlacoochee","orientation":"unverified"}},{"type":"Feature","geometry":{"type":"LineString","coordinates":[[-82.3268677352038,28.9571628196825],[-82.3284285583789,28.9590051799752]]},"properties":{"segment_id":"515dd3cde2377835f73f2eae","source_kmz":"withlacoochee","orientation":"unverified"}},{"type":"Feature","geometry":{"type":"LineString","coordinates":[[-82.330608672703,28.9362810482452],[-82.3308687540247,28.9365881173081],[-82.3302079871057,28.9406114063331],[-82.3312483717099,28.9418396680937],[-82.3284285583789,28.9590051799752]]},"properties":{"segment_id":"e228f700b2e8fa11abb2ec6a","source_kmz":"withlacoochee","orientation":"unverified"}},{"type":"Feature","geometry":{"type":"LineString","coordinates":[[-82.2828637329089,28.9301711849577],[-82.2971603700774,28.94706529685831],[-82.2983769870053,28.9472210580207],[-82.299156984188,28.9481424709661],[-82.2997653017615,28.9482203417941],[-82.3015853791942,28.9503702645112],[-82.3234861871245,28.95317093268642],[-82.3268677352038,28.9571628196825]]},"properties":{"segment_id":"b45c4e7300a8f77348c12cc2","source_kmz":"withlacoochee","orientation":"unverified"}},{"type":"Feature","geometry":{"type":"LineString","coordinates":[[-82.2680532984418,28.9126599932554],[-82.2828637329089,28.9301711849577]]},"properties":{"segment_id":"9d546728c3e1f2a3321f529a","source_kmz":"withlacoochee","orientation":"unverified"}},{"type":"Feature","geometry":{"type":"LineString","coordinates":[[-82.2549134801369,28.8907034980373],[-82.2611459104036,28.8980781356511],[-82.26096890093471,28.8991510053959],[-82.2620077565814,28.9003800618597],[-82.261919255497,28.9009164947618],[-82.2642568040823,28.9036818196531],[-82.2642125591332,28.9039500349234],[-82.2644722969396,28.9042572888402],[-82.2642953169875,28.905330147557],[-82.2666330669809,28.9080953905171],[-82.2665445873444,28.9086318169243],[-82.2668043481996,28.9089390616397],[-82.2664946652379,28.9108165471708],[-82.2680532984418,28.9126599932554]]},"properties":{"segment_id":"083ce95a28b3f9dfd4ac97dd","source_kmz":"withlacoochee","orientation":"unverified"}},{"type":"Feature","geometry":{"type":"LineString","coordinates":[[-82.2517976760183,28.8870159931926],[-82.2549134801369,28.8907034980373]]},"properties":{"segment_id":"316d82675a9960a722b2ea9a","source_kmz":"withlacoochee","orientation":"unverified"}},{"type":"Feature","geometry":{"type":"LineString","coordinates":[[-82.2421923378742,28.87564540580321],[-82.2517976760183,28.8870159931926]]},"properties":{"segment_id":"08a2824932b9f9786a19a904","source_kmz":"withlacoochee","orientation":"unverified"}},{"type":"Feature","geometry":{"type":"LineString","coordinates":[[-82.3011972734454,28.8810304888227],[-82.3032757451086,28.88348792255981],[-82.3038835975568,28.8835657826497],[-82.3041434175454,28.8838729564611],[-82.3059669890625,28.8841065114717],[-82.3064866495526,28.8847208473499],[-82.3067905815934,28.8847597686428],[-82.30912915910831,28.8875242305514],[-82.3079826516437,28.8944985224792],[-82.3121407820531,28.89941290793],[-82.3117880578929,28.90155880445811],[-82.3154268968436,28.9058586996772],[-82.3148978893112,28.9090775042699],[-82.31515782870092,28.9093846319967],[-82.31511374357652,28.9096528643341],[-82.3153736855407,28.9099599911006],[-82.315065086463,28.9118376112595],[-82.3174046920605,28.9146017071772],[-82.3172283676517,28.9156746251095],[-82.3247682240688,28.9245806701647],[-82.3246800990569,28.9251171222512],[-82.3309212240811,28.9324870895304],[-82.3303485932871,28.9359739783205],[-82.330608672703,28.9362810482452]]},"properties":{"segment_id":"9cff868eb6f7c38353bb7ae2","source_kmz":"withlacoochee","orientation":"unverified"}},{"type":"Feature","geometry":{"type":"LineString","coordinates":[[-82.2948112265235,28.8651473005471],[-82.2947670995887,28.8654155541126],[-82.2955462964885,28.8663371806702],[-82.2947078692383,28.871433955203],[-82.2986043012091,28.8760419433356],[-82.2985160598544,28.8765784387955],[-82.2987758385445,28.8768856309091],[-82.298731718113,28.8771538782438],[-82.298991499375,28.8774610693963],[-82.298859138395,28.8782658099183],[-82.3011972734454,28.8810304888227]]},"properties":{"segment_id":"5714143e8692df381d9b042b","source_kmz":"withlacoochee","orientation":"unverified"}},{"type":"Feature","geometry":{"type":"LineString","coordinates":[[-82.2121326376955,28.8416380419989],[-82.2178388693562,28.8484012423879],[-82.2181426286005,28.8484404174367],[-82.219958449286,28.8505922520587],[-82.22026221745071,28.8506314209104],[-82.2205216292416,28.8509388216483],[-82.2211291688894,28.8510171552434],[-82.2213885850486,28.85132455359531],[-82.2216923565317,28.8513637183387],[-82.2222111970197,28.8519785109334],[-82.2231225205733,28.8520959954224],[-82.2236413760669,28.8527107799974],[-82.2239451536196,28.8527499382466],[-82.2242045854513,28.8530573284795],[-82.22450836452131,28.85309648510511],[-82.2247677994875,28.8534038737143],[-82.2275018349793,28.8537562377271],[-82.2282801845967,28.8546783778022],[-82.2294953336579,28.8548349524887],[-82.22975479226741,28.85514232774131],[-82.2300585814751,28.8551814684973],[-82.2303180432193,28.8554888421259],[-82.2318369996779,28.855684529175],[-82.2333938470782,28.8575287299823],[-82.23369764662311,28.8575678602337],[-82.2365520581775,28.8609488061077],[-82.2365077471922,28.8612170385524],[-82.2367672512259,28.8615243920001],[-82.2357037185928,28.8679619089387],[-82.2421923378742,28.87564540580321]]},"properties":{"segment_id":"0cb0c9bfab5da584edfc8e41","source_kmz":"withlacoochee","orientation":"unverified"}},{"type":"Feature","geometry":{"type":"LineString","coordinates":[[-82.1937604332083,28.8214572034519],[-82.1942788842678,28.8220721766986],[-82.1945825372381,28.8221114208308],[-82.1948417668496,28.8224189053999],[-82.1969673542237,28.8226935848852],[-82.1974858364109,28.8233085407713],[-82.2008261003753,28.8237400779636],[-82.2029002136233,28.8261997999893],[-82.2044185761106,28.8263958883386],[-82.207789349559,28.8303927694875],[-82.2077449627877,28.8306610105734],[-82.20826357314172,28.8312759022423],[-82.2082191874188,28.8315441429307],[-82.20847849611121,28.8318515873733],[-82.2083453392388,28.8326563079492],[-82.2109385506257,28.8357307020036],[-82.21045036019571,28.8386813179008],[-82.212265772505,28.8408333348236],[-82.2121326376955,28.8416380419989]]},"properties":{"segment_id":"d3e8652feaa015a5cedc3cd0","source_kmz":"withlacoochee","orientation":"unverified"}},{"type":"Feature","geometry":{"type":"LineString","coordinates":[[-82.2760878835636,28.837543639259],[-82.2809585642031,28.8343339829751],[-82.2815660399414,28.83441197862531],[-82.2878277722188,28.8302848813011],[-82.2890426789791,28.8304407931727],[-82.2893905322675,28.8302114942144],[-82.3063996631728,28.8323927598158],[-82.3067474771297,28.8321634058657],[-82.3079624461961,28.8323191033637],[-82.3086580630583,28.83186038401911]]},"properties":{"segment_id":"e2739412ca8f841abadc5b6d","source_kmz":"withlacoochee","orientation":"unverified"}},{"type":"Feature","geometry":{"type":"LineString","coordinates":[[-82.3086580630583,28.83186038401911],[-82.31074486802692,28.8304841958413],[-82.3119598202013,28.8306398488547],[-82.3140373591277,28.8330973841486],[-82.3134206526206,28.8368533271894],[-82.3082032256695,28.8402937877472],[-82.3075956826284,28.8402159436336],[-82.3023778078607,28.8436560928005],[-82.3023337164133,28.8439243638717],[-82.3019858416535,28.8441536968046],[-82.3018976554481,28.8446902377601],[-82.3008540123661,28.8453782272439],[-82.2986929168326,28.85852318973181],[-82.2976490754197,28.8592111243526],[-82.2976049606799,28.8594793830573],[-82.2972570085056,28.8597086917891],[-82.2971687757136,28.8602452080126],[-82.295428973983,28.8613917298673],[-82.2948112265235,28.8651473005471]]},"properties":{"segment_id":"c6537855c32b78b8131e8bde","source_kmz":"withlacoochee","orientation":"unverified"}},{"type":"Feature","geometry":{"type":"LineString","coordinates":[[-82.1745386065041,28.79896901921901],[-82.17687043776561,28.801736944617],[-82.1780847246523,28.8018941205438],[-82.1786029401168,28.802509199505],[-82.1785584748489,28.8027774472876],[-82.17881758609282,28.8030849853758],[-82.1787286560347,28.8036214801443],[-82.18106075460611,28.8063892823657],[-82.1813643446815,28.8064285653519],[-82.184733218966,28.81042636877901],[-82.1846887690901,28.8106946137668],[-82.1937604332083,28.8214572034519]]},"properties":{"segment_id":"a638c846edd553176c84096e","source_kmz":"withlacoochee","orientation":"unverified"}},{"type":"Feature","geometry":{"type":"LineString","coordinates":[[-82.139490469629,28.8064821967196],[-82.1400976117837,28.806560996483],[-82.1407939312637,28.8061033335822],[-82.14140107190211,28.8061821260624],[-82.1417492274679,28.8059532908043],[-82.1420527975504,28.8059926847934],[-82.1424009505546,28.8057638473168],[-82.1430080902463,28.8058426307927],[-82.1433562400249,28.8056137901377],[-82.1436598096339,28.8056531796244],[-82.1447042455923,28.8049666472293],[-82.1456149501521,28.8050848018851],[-82.1459630896842,28.8048559523567],[-82.1462666577763,28.8048953345605],[-82.1469629298198,28.8044376298086],[-82.1472664968685,28.8044770092318],[-82.150051503827,28.8026461322121],[-82.1500960600861,28.8023778961391],[-82.1511404026858,28.8016912956002],[-82.15118495496,28.8014230584332],[-82.1518811714056,28.8009653178526],[-82.1519257209285,28.8006970798899],[-82.1522738250717,28.8004682074139],[-82.1523183730766,28.8001999689538],[-82.15510312804791,28.798368941463],[-82.1554066769753,28.7984082985097],[-82.1557547621442,28.7981794134514],[-82.156058310692,28.7982187686775],[-82.1564063932992,28.7979898814012],[-82.1582276865748,28.7982259889239],[-82.1585757632992,28.7979970946301],[-82.158834786609,28.7983046845459],[-82.1591383370528,28.7983440310659],[-82.1593973634933,28.7986516193587],[-82.1606115730455,28.7988089937855],[-82.1609596456886,28.798580092111],[-82.1615667508426,28.7986587722405],[-82.1619148202595,28.7984298673882],[-82.1622183725987,28.798469205202],[-82.1625664394539,28.79824029813181],[-82.16286999141302,28.798279634125],[-82.1632180557063,28.7980507248368],[-82.1650393694465,28.79828671696252],[-82.1653874278557,28.7980578006571],[-82.1662980865709,28.7981757822209],[-82.16664614108932,28.79794686177801],[-82.1745386065041,28.79896901921901]]},"properties":{"segment_id":"de3ad43585b7b4172fe83137","source_kmz":"withlacoochee","orientation":"unverified"}},{"type":"Feature","geometry":{"type":"LineString","coordinates":[[-82.242340534741,28.8033415110554],[-82.2425998812587,28.80364889497301],[-82.2421572542764,28.8063316201613],[-82.2463071634559,28.8112496295151],[-82.2462629098687,28.8115178993384],[-82.2465222960006,28.811825267492],[-82.2462125176394,28.8137031499908],[-82.2472500998286,28.8149326111792],[-82.2471173414336,28.815737413784],[-82.24919261298261,28.8181962923654],[-82.2501036075408,28.818313558299],[-82.25036302872911,28.8186209119537],[-82.2509703623133,28.8186990834127],[-82.251229787866,28.81900643468022],[-82.2511855459198,28.8192747013111],[-82.251444974039,28.8195820516161],[-82.2513564906324,28.8201185840824],[-82.2510085753075,28.8203477658491],[-82.2512680060948,28.8206551157544],[-82.2505600890763,28.8249473405434],[-82.25021215156471,28.8251765169616],[-82.2499909064868,28.8265178253019],[-82.2510287024046,28.8277472105619],[-82.2513324023793,28.8277862939491],[-82.2534080952724,28.8302450169813],[-82.253711805392,28.8302840934075],[-82.2539712767863,28.8305914291438],[-82.2579195500965,28.83109933440741],[-82.2586980237579,28.8320213067043],[-82.2590017427667,28.8320603680243],[-82.25926123902022,28.8323676896361],[-82.2601724014408,28.8324848661412],[-82.262248469464,28.8349433896914],[-82.2704493119748,28.8359974647346],[-82.2707088623135,28.8363047557067],[-82.2728350489156,28.8365779265987],[-82.2733541725524,28.837192495278],[-82.2760878835636,28.837543639259]]},"properties":{"segment_id":"14f8ef40d8bb2c0e3f212977","source_kmz":"withlacoochee","orientation":"unverified"}},{"type":"Feature","geometry":{"type":"LineString","coordinates":[[-82.2364078940148,28.7866860289454],[-82.2387414227286,28.7894526976311],[-82.2386971564596,28.7897209790208],[-82.2399936310611,28.7912579864825],[-82.2399051043371,28.7917945476599],[-82.24094232351432,28.7930241372973],[-82.2415494632202,28.7931023669678],[-82.2431053637145,28.7949467163966],[-82.2419103734033,28.8021901926074],[-82.2421697147907,28.8024975784506],[-82.24208119012201,28.8030341262752],[-82.242340534741,28.8033415110554]]},"properties":{"segment_id":"97182502f0ac8d24bd3a17f0","source_kmz":"withlacoochee","orientation":"unverified"}},{"type":"Feature","geometry":{"type":"LineString","coordinates":[[-82.2312606330106,28.78218647349461],[-82.2315198736605,28.7824939004658],[-82.2330375128171,28.7826896063645],[-82.2364078940148,28.7866860289454]]},"properties":{"segment_id":"1797e5674a62d68b211ae82a","source_kmz":"withlacoochee","orientation":"unverified"}},{"type":"Feature","geometry":{"type":"LineString","coordinates":[[-82.184299697972,28.7662546424631],[-82.1842552700823,28.7665229170508],[-82.1839073937359,28.7667519125745],[-82.1838629643306,28.76702018666422],[-82.1828193202177,28.7677071647928],[-82.182686019212,28.7685119831784],[-82.1832040624505,28.7691270915825],[-82.1841144325705,28.769244930846],[-82.1843734607303,28.7695524814698],[-82.1858907560983,28.7697488592236],[-82.1877040494378,28.7719016627893],[-82.1876596294329,28.7721699349703],[-82.1879186795894,28.7724774747871],[-82.1878742599655,28.772745746668],[-82.18813331268322,28.7730532855219],[-82.188000054103,28.7738580996661],[-82.1892953561122,28.7753957794936],[-82.19961390031222,28.7767302319066],[-82.2051796702522,28.77306543141051],[-82.2164086527906,28.7745159312571],[-82.2166678154145,28.7748233999673],[-82.2218272285768,28.7754894378624],[-82.2220864140358,28.7757968927564],[-82.2263354211844,28.77634519712341],[-82.2312606330106,28.78218647349461]]},"properties":{"segment_id":"e46c07e5ded2f2e58a996eb4","source_kmz":"withlacoochee","orientation":"unverified"}},{"type":"Feature","geometry":{"type":"LineString","coordinates":[[-82.2464626372604,28.7219459662192],[-82.2426397871991,28.7244673453712],[-82.2421091333018,28.7276872553598],[-82.2417615753488,28.7279164605221],[-82.2417173511258,28.7281847847553],[-82.2378940750245,28.7307059552868],[-82.2376286425749,28.7323158767867],[-82.2181607222595,28.7451484679101],[-82.2178948662007,28.7467582819377],[-82.2175471633559,28.7469873977259],[-82.2175028517917,28.7472556990659],[-82.2171551458202,28.7474848132983],[-82.21685175197871,28.7474456255299],[-82.2161563330181,28.74790384830422],[-82.2161120165304,28.7481721484506],[-82.2157643029755,28.7484012576532],[-82.2154609064741,28.7483620660487],[-82.2151131903583,28.7485911730348],[-82.2150688701779,28.748859472286],[-82.2145507186679,28.7482444860729],[-82.2142030005572,28.7484735901819],[-82.2138996045229,28.74843439417671],[-82.2135518838515,28.7486634960692],[-82.2135075586484,28.7489317946274],[-82.21168717870891,28.7486965941816],[-82.2085575603702,28.750758400151],[-82.2079507573545,28.7506799758556],[-82.2072552630987,28.7511381372906],[-82.20707787495552,28.7522113132374],[-82.2067301200592,28.7524403908748],[-82.2063309690906,28.7548550223829],[-82.2032009899751,28.7569166403548],[-82.2028975685906,28.7568774141238],[-82.20254978298811,28.75710647554021],[-82.2022463612221,28.7570672474895],[-82.20189857305871,28.7572963066891],[-82.1991677839319,28.7569432068792],[-82.1984721899522,28.7574013042397],[-82.19842781199291,28.7576695906651],[-82.19564535037901,28.7595019274122],[-82.1892734388841,28.7586775532966],[-82.1878821067506,28.7595936109062],[-82.1870826306217,28.764422630603],[-82.184299697972,28.7662546424631]]},"properties":{"segment_id":"e866d9e1843731e70c7aee51","source_kmz":"withlacoochee","orientation":"unverified"}},{"type":"Feature","geometry":{"type":"LineString","coordinates":[[-82.2398462577183,28.7038282167922],[-82.2406233547748,28.7047506153522],[-82.2412298567874,28.7048288642425],[-82.2417479358798,28.7054437892478],[-82.2456902584324,28.7059523033606],[-82.24673262213351,28.7052646077773],[-82.246991682194,28.7055720570999],[-82.2475981960556,28.7056502698636],[-82.2475540021679,28.7059186116083],[-82.2478130672463,28.7062260584406],[-82.247724679955,28.70676274112421],[-82.247983748258,28.7070701868878],[-82.2476743885096,28.7089485692512],[-82.24793346336321,28.7092560134354],[-82.2478450736554,28.7097926921027],[-82.2481041517338,28.7101001352184],[-82.2479273715941,28.7111734897396],[-82.2481864542279,28.7114809315828],[-82.2464626372604,28.7219459662192]]},"properties":{"segment_id":"3112b0807c15477929de1b6d","source_kmz":"withlacoochee","orientation":"unverified"}},{"type":"Feature","geometry":{"type":"LineString","coordinates":[[-82.2726485510584,28.6606456301091],[-82.272301353257,28.6608749730147],[-82.2683609820284,28.6603673777529],[-82.2676665634582,28.6608260348915],[-82.2674901364188,28.6618995557083],[-82.2677491388082,28.6622069887634],[-82.2673962765435,28.6643540199169],[-82.2667018198131,28.6648126661679],[-82.26665770830841,28.665081043559],[-82.2659632415517,28.6655396841844],[-82.26591912731,28.6658080607762],[-82.26557188986472,28.66603737890461],[-82.2655277741138,28.66630575499631],[-82.265180533548,28.6665350715687],[-82.2651364162878,28.66680344716042],[-82.2644419270222,28.6672620759364],[-82.2643978070248,28.6675304507289],[-82.2633560552468,28.6682183835689],[-82.2633119312843,28.6684867572633],[-82.2629646756781,28.6687160653971],[-82.2629205502063,28.66898443859141],[-82.2625732914793,28.6692137451693],[-82.26248503723521,28.6697504903567],[-82.2621377741594,28.6699797950796],[-82.2620936453872,28.6702481670728],[-82.2617463791905,28.6704774702397],[-82.2615257249663,28.6718193256953],[-82.2611784507366,28.6720486261102],[-82.2603840151409,28.6768792587672],[-82.2600367169121,28.6771085525437],[-82.259727736499,28.6789871122365],[-82.2599867631293,28.6792945506833],[-82.25981019935752,28.6803680085341],[-82.26006923054112,28.6806754457048],[-82.2600250895591,28.6809438095626],[-82.2605431589366,28.6815586811042],[-82.2601900315825,28.6837055830921],[-82.2591480450785,28.6843934468554],[-82.2591038992066,28.6846618078037],[-82.2584092296128,28.6851203767635],[-82.2583650810023,28.6853887369132],[-82.2580177421367,28.6856180192088],[-82.2578411399636,28.6866914566048],[-82.2557570375203,28.6880671168095],[-82.2557128789015,28.6883354738635],[-82.2543234344856,28.6892525543314],[-82.2537492829071,28.6927411622307],[-82.2534019010959,28.6929704253205],[-82.2533135633989,28.6935071306203],[-82.2529661772363,28.6937363918555],[-82.2527011500076,28.6953465011468],[-82.24853227985491,28.6980975164073],[-82.2454999898293,28.6977064370819],[-82.2449819309665,28.6970915181285],[-82.2431625852368,28.69685682010572],[-82.242120296552,28.6975444956806],[-82.2420760894452,28.6978128406786],[-82.24172865486682,28.6980420630571],[-82.24115392082662,28.701530525893],[-82.2401115577912,28.7022181738315],[-82.2398462577183,28.7038282167922]]},"properties":{"segment_id":"555861aab0b28e6a278e9fcd","source_kmz":"withlacoochee","orientation":"unverified"}},{"type":"Feature","geometry":{"type":"LineString","coordinates":[[-82.2412517840668,28.6182242915007],[-82.2482392971707,28.6265273125903],[-82.2497541630321,28.6267228597015],[-82.2510483288647,28.6282603679203],[-82.2525632324352,28.6284558745008],[-82.2541163306409,28.6303008329523],[-82.2544193195608,28.6303399271195],[-82.2546781771071,28.6306474164038],[-82.2549811675353,28.6306865089497],[-82.2557577552013,28.6316089693247],[-82.2563637442635,28.6316871472674],[-82.2594702945774,28.6353768925919],[-82.259426175441,28.6356452871044],[-82.2599439616328,28.6362602323344],[-82.2594586471781,28.6392125563871],[-82.259717550419,28.6395200265635],[-82.25967342989931,28.6397884183463],[-82.259932335696,28.6400958875537],[-82.2598882155594,28.6403642790313],[-82.260147123912,28.6406717472697],[-82.2597941580047,28.6428188710074],[-82.2573640032678,28.644424026629],[-82.25701095062401,28.6465711207068],[-82.2572698675591,28.64687859103102],[-82.2570933371398,28.6479521328218],[-82.2576111820011,28.6485670700465],[-82.2579142383031,28.6486061525258],[-82.2593029725109,28.6476889309234],[-82.2668794050634,28.6486656177153],[-82.2672265672705,28.6484362852304],[-82.2678326881412,28.6485143950448],[-82.2740483091092,28.6558927807819],[-82.2740042257104,28.656161167275],[-82.2742632342358,28.6564685890937],[-82.2741750679246,28.6570053612696],[-82.2744340796725,28.6573127820162],[-82.2740814085001,28.659459861845],[-82.2737342194965,28.659689210077],[-82.273690133107,28.6599575938512],[-82.2726485510584,28.6606456301091]]},"properties":{"segment_id":"66d788b87b4203c6d2804f01","source_kmz":"withlacoochee","orientation":"unverified"}},{"type":"Feature","geometry":{"type":"LineString","coordinates":[[-82.2166599910874,28.5816010180703],[-82.2169185609982,28.581908636717],[-82.2167416524416,28.5829822899803],[-82.2203618665798,28.5872888542758],[-82.2203176480105,28.5875572656219],[-82.2205762495618,28.5878648707598],[-82.2203993751168,28.5889385137014],[-82.2206579812071,28.5892461175558],[-82.2206137625539,28.5895145276806],[-82.2208723711955,28.58982213056491],[-82.2208281529231,28.5900905403828],[-82.2210867641161,28.590398142297],[-82.2209983280511,28.5909349611166],[-82.2217741769389,28.5918577610385],[-82.2215088739078,28.5934682107604],[-82.2220261238962,28.5940834051273],[-82.2223289676123,28.5941225935445],[-82.2225875966663,28.5944301886682],[-82.2231932873964,28.5945085614022],[-82.2260383586498,28.59789203388401],[-82.2269469373274,28.5980095614175],[-82.2279815800843,28.5992398799426],[-82.2297987744792,28.5994748935363],[-82.2300574472499,28.5997824664354],[-82.23187465914391,28.6000174445254],[-82.2326507108668,28.6009401443241],[-82.2325623374409,28.6014769582161],[-82.2341144998594,28.6033223331896],[-82.2338935812594,28.6046643612536],[-82.234152284925,28.6049719201984],[-82.23353368466951,28.6087295704331],[-82.23430983485922,28.609652237699],[-82.2342656490038,28.6099206394589],[-82.2412517840668,28.6182242915007]]},"properties":{"segment_id":"a275add7302f3d7195e73aac","source_kmz":"withlacoochee","orientation":"unverified"}},{"type":"Feature","geometry":{"type":"LineString","coordinates":[[-82.2014605454824,28.5725039914091],[-82.202066058914,28.5725824878851],[-82.2023245478582,28.57289014882881],[-82.21019635699761,28.5739102705293],[-82.2166599910874,28.5816010180703]]},"properties":{"segment_id":"35e46f8cca9251cb88518959","source_kmz":"withlacoochee","orientation":"unverified"}},{"type":"Feature","geometry":{"type":"LineString","coordinates":[[-82.2064936519093,28.5569811430777],[-82.2064494050694,28.5572495695323],[-82.2067078629846,28.5575572319923],[-82.2066193697826,28.5580940840824],[-82.20791169428452,28.5596323823421],[-82.2078674505695,28.5599008075577],[-82.2081259217935,28.5602084645067],[-82.2080816784583,28.5604768894143],[-82.2083401522315,28.5607845453923],[-82.2082074225203,28.5615898185826],[-82.2061256044155,28.5629649536682],[-82.20521743268532,28.5628472391638],[-82.2045234742471,28.5633056017205],[-82.20439070409071,28.5641108649806],[-82.2040437183635,28.5643400434693],[-82.2039109419923,28.5651453040006],[-82.2014819633114,28.5667495118805],[-82.2012606208174,28.5680915981771],[-82.1995255487729,28.5692374156874],[-82.1993041685803,28.5705794893911],[-82.2005965510266,28.5721178266436],[-82.2012020608779,28.5721963280777],[-82.2014605454824,28.5725039914091]]},"properties":{"segment_id":"4476a8bbac28328fe2975357","source_kmz":"withlacoochee","orientation":"unverified"}},{"type":"Feature","geometry":{"type":"LineString","coordinates":[[-82.1992576149346,28.5483662396502],[-82.1997744256603,28.5489816124121],[-82.2000770969503,28.5490208682087],[-82.2003355063685,28.5493285525297],[-82.2006381791658,28.5493678067066],[-82.201930260685,28.5509062115161],[-82.2031409791998,28.5510632044168],[-82.2054668889191,28.5538322511193],[-82.205422640462,28.5541006793175],[-82.2059395313684,28.5547160132924],[-82.2058952839528,28.5549844410773],[-82.2061537328982,28.5552921066606],[-82.2060209909451,28.5560973884819],[-82.2062794437627,28.556405052884],[-82.2062351965429,28.5566734796466],[-82.2064936519093,28.5569811430777]]},"properties":{"segment_id":"3643fc5d8dcf1572ddb4047d","source_kmz":"withlacoochee","orientation":"unverified"}},{"type":"Feature","geometry":{"type":"LineString","coordinates":[[-82.1966438967363,28.5417211796558],[-82.1975518288648,28.5418389731918],[-82.1985853529119,28.5430697523234],[-82.1983640264792,28.544411914134],[-82.198017105462,28.5446410846887],[-82.1975744191975,28.5473253900558],[-82.1980912112513,28.5479407725792],[-82.1989992124018,28.5480585519702],[-82.1992576149346,28.5483662396502]]},"properties":{"segment_id":"ff9cd746260f6a8aa4e87d05","source_kmz":"withlacoochee","orientation":"unverified"}},{"type":"Feature","geometry":{"type":"LineString","coordinates":[[-82.2004298971709,28.5356320654206],[-82.2000830179033,28.5358612478307],[-82.1997803938609,28.5358219907246],[-82.199433512046,28.53605117092],[-82.1993892537097,28.5363196088768],[-82.1962672214734,28.5383821713105],[-82.19591305643301,28.54052964595021],[-82.1961714246196,28.5408373470185],[-82.1961271533819,28.5411057803282],[-82.1966438967363,28.5417211796558]]},"properties":{"segment_id":"0ad1f4a30488606b9c14f04d","source_kmz":"withlacoochee","orientation":"unverified"}},{"type":"Feature","geometry":{"type":"LineString","coordinates":[[-82.2078048203926,28.5058795783988],[-82.20771638840452,28.5064165026851],[-82.2073696491146,28.5066457259093],[-82.2073254314743,28.506914187445],[-82.2066319447917,28.5073726295163],[-82.2065877244219,28.507641090245],[-82.2068460307935,28.50794879158901],[-82.207148558098,28.5079880315495],[-82.2074068675786,28.5082957312659],[-82.2077093963886,28.50833496960721],[-82.2082260234528,28.5089503649179],[-82.2080491572738,28.5100242048803],[-82.2077024040545,28.5102534270528],[-82.20756974779201,28.5110588039801],[-82.2072229890153,28.5112880239899],[-82.207178768474,28.5115564822566],[-82.2076954114023,28.5121718750236],[-82.20830049738431,28.5122503484342],[-82.2089940151088,28.51179190131471],[-82.2099016422269,28.51190959925251],[-82.2104183071893,28.51252497832481],[-82.2110233982385,28.5126034362803],[-82.21128173599581,28.5129111229946],[-82.2124919263685,28.5130680255586],[-82.2127502709073,28.51337570836271],[-82.212661862547,28.5139126263709],[-82.2142119773063,28.5157587037215],[-82.2141677766713,28.5160271617845],[-82.2144261363913,28.5163348382032],[-82.2143819361361,28.5166032959567],[-82.21403517307762,28.5168325347514],[-82.2125223646903,28.5166364280965],[-82.2118288263045,28.517094892348],[-82.211223702275,28.5170164398496],[-82.2098365975886,28.517933345606],[-82.2097923818833,28.51820180036111],[-82.2100507323007,28.5185094856125],[-82.2100065169751,28.5187779400581],[-82.2096597330782,28.5190071634045],[-82.2095270817391,28.51981252461521],[-82.2091802922837,28.5200417457993],[-82.2091360733832,28.5203101988275],[-82.2096527842341,28.5209255682923],[-82.2096085663745,28.52119402090541],[-82.2098669252895,28.521501704232],[-82.209778490048,28.5220386086358],[-82.2100368521711,28.5223462908843],[-82.2099926347893,28.522614742675],[-82.2096458350739,28.5228439637145],[-82.2090406718147,28.522765500043],[-82.2087823120423,28.5224578157234],[-82.2072694149446,28.5222616377134],[-82.2069226092783,28.5224908501441],[-82.2068341542501,28.523027750751],[-82.20648734424921,28.5232569613209],[-82.2061847624665,28.523217721034],[-82.2058379499188,28.5234469293894],[-82.2055283247054,28.5253260701964],[-82.2051815017004,28.5255552751839],[-82.2051372671758,28.5258237227551],[-82.2047904410605,28.5260529261832],[-82.2047462050296,28.5263213732494],[-82.204399375804,28.5265505751182],[-82.2043109004479,28.52708746803721],[-82.2036172314409,28.5275458667952],[-82.2033146356014,28.5275066188336],[-82.202967797608,28.527735815369],[-82.2026652013891,28.5276965655921],[-82.20127782791282,28.52861333532711],[-82.2009752293311,28.528574080865],[-82.2006283805863,28.5288032691971],[-82.200495627561,28.5296085989348],[-82.2017874036321,28.5311470835178],[-82.20174315536582,28.531415525829],[-82.2010494367846,28.5318739028607],[-82.2006511676599,28.534289869083],[-82.2009095340166,28.5345975636562],[-82.2007767745524,28.5354028817525],[-82.2004298971709,28.5356320654206]]},"properties":{"segment_id":"ac3b1b47415f2c5c0405b84c","source_kmz":"withlacoochee","orientation":"unverified"}},{"type":"Feature","geometry":{"type":"LineString","coordinates":[[-82.1790697809617,28.4796624696194],[-82.179763189614,28.4792041733135],[-82.1836945626183,28.4797152582965],[-82.1852434150119,28.4815619175463],[-82.18554583763401,28.4816012212047],[-82.1860621392804,28.4822167658314],[-82.1863645646313,28.4822560671105],[-82.1936447874333,28.4774432409508]]},"properties":{"segment_id":"ed99c518691defa3ecb93fb3","source_kmz":"withlacoochee","orientation":"unverified"}},{"type":"Feature","geometry":{"type":"LineString","coordinates":[[-82.1420971838886,28.4734771202238],[-82.1423995574018,28.4735165465897],[-82.1426575251306,28.473824429775],[-82.1435646510373,28.4739427014432],[-82.1438226243205,28.4742505814817],[-82.145939269893,28.4745265133502],[-82.1461972536263,28.4748343872016],[-82.1495234523861,28.4752679011002],[-82.1519507849219,28.4736644937415],[-82.15225316370932,28.4737038922528],[-82.1529466690278,28.4732457626228],[-82.1529910420525,28.4729773002771],[-82.1533377906638,28.4727482332713],[-82.1533821621824,28.4724797704186],[-82.1540756513093,28.4720216320256],[-82.1543780252012,28.4720610247015],[-82.1546360321871,28.4723688801731],[-82.1545916647164,28.4726373436225],[-82.15484967424422,28.472945198121],[-82.1548053071502,28.4732136612594],[-82.1550633192198,28.4735215147847],[-82.154930218221,28.4743269026536],[-82.1551882341507,28.4746347549928],[-82.1551438672455,28.4749032171004],[-82.1559179283091,28.475826768599],[-82.1571274835592,28.4759843117875],[-82.157474233298,28.4757552331607],[-82.1577766221572,28.475794615856],[-82.1581233693539,28.47556553501421],[-82.1584257578362,28.47560491589501],[-82.1587725024907,28.4753758328383],[-82.1602844458401,28.4755727195877],[-82.16054248511561,28.4758805580302],[-82.1608448758559,28.47591993204511],[-82.1611029182381,28.4762277688606],[-82.1614053104845,28.4762671412571],[-82.1616633559734,28.4765749764456],[-82.1619657497257,28.4766143472236],[-82.1624818488003,28.4772300134801],[-82.1630866420464,28.4773087494202],[-82.1633446968558,28.4776165797279],[-82.1636470951259,28.47765594565031],[-82.1639051530421,28.477963774331],[-82.1678363721395,28.4784754433361],[-82.1685298320525,28.478017218394],[-82.1706466528512,28.4782926590075],[-82.1709933753663,28.478063537955],[-82.1712957788062,28.4781028822248],[-82.17198921686762,28.4776446344319],[-82.17289642492221,28.4777626563543],[-82.173154516911,28.4780704626512],[-82.1758761673153,28.4784244752278],[-82.1766504876187,28.4793478683871],[-82.1772553092629,28.479426523845],[-82.1775134222445,28.4797343183102],[-82.1787230738105,28.4798916158848],[-82.1790697809617,28.4796624696194]]},"properties":{"segment_id":"79658e2c5b749fc18e4c9213","source_kmz":"withlacoochee","orientation":"unverified"}},{"type":"Feature","geometry":{"type":"LineString","coordinates":[[-82.1936447874333,28.4774432409508],[-82.1939914439912,28.477214044912],[-82.1940356884964,28.4769455683269],[-82.195768936918,28.47579956774871],[-82.1966761583681,28.47591738869661],[-82.1973694405919,28.4754589739216],[-82.1988814753705,28.4756553154412],[-82.1991396557037,28.4759630607498],[-82.1994420647272,28.4760023257182],[-82.1999584334904,28.4766178122126],[-82.2002608452417,28.4766570748015],[-82.2007772239853,28.4772725563057],[-82.2003792048384,28.479688861248],[-82.2006374029784,28.4799965997399],[-82.2005931778817,28.4802650769387],[-82.2008513785658,28.480572814457],[-82.200807153848,28.4808412913449],[-82.201323562188,28.4814567635668],[-82.2012793385094,28.4817252400373],[-82.2015375461654,28.482032974741],[-82.2014490992847,28.4825699268563],[-82.2007557807928,28.48302835963951],[-82.2006231010205,28.4838337844686],[-82.2013977418195,28.484756985704],[-82.201353516647,28.4850254599191],[-82.20100684799272,28.4852546751781],[-82.2000995200809,28.48513689377201],[-82.1997528475615,28.4853661049045],[-82.1997086168348,28.4856345780182],[-82.199361941208,28.4858637875905],[-82.1993177089763,28.4861322601981],[-82.1989710302421,28.4863614682103],[-82.19870562359822,28.4879722977558],[-82.2002549561902,28.4898187004613],[-82.2005574154043,28.4898579608751],[-82.2008156453208,28.4901656908642],[-82.2011181060401,28.4902049496589],[-82.2034422710871,28.4929744736984],[-82.2033980481135,28.4932429430686],[-82.2039145512827,28.49385838310541],[-82.20387032934892,28.494126852059],[-82.2035236301281,28.4943560700879],[-82.2029186769615,28.4942775660713],[-82.2018785640293,28.4949652068722],[-82.2012593324853,28.49872373115881],[-82.20056588017621,28.4991821436184],[-82.19996089514791,28.4991036238671],[-82.1996141648453,28.4993328262971],[-82.1995256875788,28.4998697528721],[-82.2003004636476,28.50079292388],[-82.2006029622378,28.5008321830547],[-82.2009496960172,28.5006029783083],[-82.2018571914954,28.5007207478125],[-82.2021154594129,28.5010284660508],[-82.2017687270524,28.5012576743207],[-82.2016802614831,28.5017946000131],[-82.2021968044886,28.5024100347736],[-82.20340682727,28.5025670442391],[-82.2036651064954,28.5028747572762],[-82.2039676141186,28.50291400673551],[-82.2044841806713,28.5035294286877],[-82.204786691024,28.503568675767],[-82.2055615586605,28.50449179991161],[-82.2070741330055,28.5046880110186],[-82.2078490359644,28.5056111159499],[-82.2078048203926,28.5058795783988]]},"properties":{"segment_id":"c2d89bddc467b122e15a4a50","source_kmz":"withlacoochee","orientation":"unverified"}},{"type":"Feature","geometry":{"type":"LineString","coordinates":[[-82.1319482113346,28.4526808128299],[-82.1316816313515,28.4542916159487],[-82.1313348997998,28.45452062371722],[-82.1318506402734,28.4551364727815],[-82.1316284829783,28.45647880049791],[-82.13188635932872,28.45678672319652],[-82.1317974957483,28.4573236526358],[-82.1323132567274,28.4579394950064],[-82.1321799631861,28.4587448869893],[-82.1324378484732,28.4590528065547],[-82.1322601224268,28.4601266592381],[-82.1325180122289,28.46043457751041],[-82.1323402842926,28.4615084264911],[-82.1390461482442,28.4695139863302],[-82.138912900683,28.4703193626062],[-82.1402026456645,28.4718588245929],[-82.1405050124929,28.4718982564754],[-82.1415368472598,28.4731298074279],[-82.1418392192664,28.473169235412],[-82.1420971838886,28.4734771202238]]},"properties":{"segment_id":"27494b573e31736fa5979665","source_kmz":"withlacoochee","orientation":"unverified"}},{"type":"Feature","geometry":{"type":"LineString","coordinates":[[-82.4799516305459,29.0518796862394],[-82.4822362817214,29.0521677830256],[-82.48293276972731,29.0517081883055],[-82.4832373897192,29.0517465956188],[-82.4835856301761,29.0515167954178],[-82.4838902497709,29.0515552009066],[-82.4842384876382,29.0513253984913],[-82.4872846921966,29.0517093962851],[-82.4900704721272,29.0498708549583],[-82.4905925120275,29.0504840496859],[-82.4918109899053,29.0506375877497],[-82.49250741258,29.0501779295217],[-82.4928120313942,29.0502163099571],[-82.4942048510813,29.04929697462],[-82.4951187010764,29.0494120992133],[-82.495379737136,29.04971868514462],[-82.4956843555957,29.0497570575167],[-82.4955971943421,29.0502934827168],[-82.4962064359253,29.0503702252619],[-82.4965546350331,29.0501403824434],[-82.4965982126509,29.0498721694531],[-82.4972946026563,29.0494124794731],[-82.4973817521106,29.0488760517421],[-82.49772994177242,29.0486462042887],[-82.4980345574055,29.0486845701289],[-82.4983827444774,29.0484547204615],[-82.499296591021,29.0485698099188],[-82.5003411346655,29.0478802447494],[-82.5000800861633,29.0475736694337],[-82.5002107802682,29.0467690205391],[-82.5005589533918,29.0465391627699],[-82.5006025162993,29.0462709457912],[-82.5003414718598,29.045964369896],[-82.50042859819112,29.0454279351627],[-82.501473093289,29.0447383537169],[-82.5020822998154,29.0448150641414],[-82.5024304596684,29.04458519923161],[-82.5042580818857,29.0448153040195],[-82.5045191370894,29.0451218713064],[-82.5118297561027,29.0460419612832],[-82.5121778942827,29.0458120656227],[-82.5124825062193,29.0458503909524],[-82.51283064180902,29.0456204930781],[-82.5134398651645,29.0456971392255],[-82.5137879974864,29.0454672381766],[-82.535416101161,29.0481858707689]]},"properties":{"segment_id":"db2652383859b4453095f570","source_kmz":"withlacoochee","orientation":"unverified"}},{"type":"Feature","geometry":{"type":"LineString","coordinates":[[-82.535416101161,29.0481858707689],[-82.5413332398597,29.0442762015135]]},"properties":{"segment_id":"2449aec5abb810ea7a2f56c4","source_kmz":"withlacoochee","orientation":"unverified"}},{"type":"Feature","geometry":{"type":"LineString","coordinates":[[-82.5413332398597,29.0442762015135],[-82.5510779100883,29.0378359572746],[-82.5513825107821,29.0378741735585],[-82.552078499908,29.0374141166225],[-82.5536015007663,29.0376051754849],[-82.5539494890681,29.0373751403353],[-82.5548632908857,29.0374897624104],[-82.5552112752393,29.0372597231267],[-82.5637401938842,29.0383291275591],[-82.5682635694075,29.0353381532679]]},"properties":{"segment_id":"6a3aa8abc0d3a49b085cae71","source_kmz":"withlacoochee","orientation":"unverified"}},{"type":"Feature","geometry":{"type":"LineString","coordinates":[[-82.639381051,29.0201435215488],[-82.6396425238766,29.0204497802627],[-82.6399471016067,29.0204877481692],[-82.6402085776294,29.0207940052518],[-82.6405131568687,29.020831971528],[-82.6407746360376,29.0211382269792],[-82.6416883791119,29.02125211832711],[-82.64342675046692,29.0201004639727],[-82.6452542236616,29.0203281945561],[-82.6457772154551,29.0209406823714],[-82.6460817977531,29.0209786329129],[-82.6463432977527,29.0212848747567],[-82.6490845619574,29.0216263838748],[-82.6494322212576,29.021396031884],[-82.6506505653609,29.0215477874251],[-82.6509120838524,29.0218540177656],[-82.6512166718012,29.02189195372542],[-82.651478193439,29.0221981824342],[-82.6517827828966,29.0222361167636],[-82.6520443076806,29.0225423438408],[-82.655090229767,29.0229216319759],[-82.65578552415812,29.0224608895083],[-82.6560901165233,29.0224988116529],[-82.6564377601678,29.0222684375828],[-82.6570469443645,29.0223442773617],[-82.657394584734,29.022113900121],[-82.6583083610562,29.0222276504336],[-82.6590930126843,29.0231462816336],[-82.6627481871814,29.0236011775603],[-82.6630097563434,29.0239073770266],[-82.6633573867931,29.0236769814594],[-82.6657941962726,29.02398016251651],[-82.6663173611633,29.0245925452434],[-82.67362795465732,29.0255017200133],[-82.6738895695557,29.0258078916692],[-82.6754126360164,29.0259972366394],[-82.67567425899152,29.0263034035945],[-82.6754163063402,29.0279132028252],[-82.6772477493746,29.0300563431812],[-82.6781616393665,29.0301699231238],[-82.6785092541146,29.0299394822906],[-82.6806416689703,29.0302044652125],[-82.6809033242231,29.0305106163192],[-82.6824264921205,29.03069986009171],[-82.682774097327,29.0304694058196],[-82.6846019038055,29.0306964640892],[-82.6848635750818,29.0310026052219],[-82.6854728485768,29.0310782828686],[-82.6857345242325,29.0313844216017],[-82.6863438012944,29.0314600942596],[-82.6866054813295,29.0317662305931],[-82.6869101215061,29.03180406485931],[-82.6874334897842,29.03241633339652],[-82.6883474193619,29.03252982641],[-82.68860911007012,29.0328359570791],[-82.688913755046,29.0328737855892],[-82.6894371446707,29.0334860427974],[-82.6897417923871,29.0335238689092],[-82.6900034913036,29.0338299954483],[-82.690308140528,29.0338678199292]]},"properties":{"segment_id":"955bdabfcd369ea251bf40dd","source_kmz":"withlacoochee","orientation":"unverified"}},{"type":"Feature","geometry":{"type":"LineString","coordinates":[[-82.6395103630741,29.0193386505501],[-82.639381051,29.0201435215488]]},"properties":{"segment_id":"b72b014d5793b60e7ff81c72","source_kmz":"withlacoochee","orientation":"unverified"}},{"type":"Feature","geometry":{"type":"LineString","coordinates":[[-82.5682635694075,29.0353381532679],[-82.5759177760782,29.0302760224429],[-82.577136115794,29.030428604775],[-82.5774840095645,29.03019848968],[-82.5863170856295,29.0313042706148],[-82.59570896266251,29.02508993788],[-82.5958387022853,29.0242851291102],[-82.5975777672314,29.0231342222461],[-82.5976210070499,29.0228659508104],[-82.597968813067,29.0226357653913],[-82.5980120513748,29.0223674934697],[-82.5987076552033,29.0219071182939],[-82.5987508907669,29.0216388455951],[-82.59944648447721,29.02117846482991],[-82.5994897172966,29.0209101913539],[-82.5998375100491,29.0206799988025],[-82.6004427231587,29.0169241456341],[-82.608093299943,29.011859503102],[-82.6083978320967,29.0118975608787],[-82.6090932918184,29.0114371068733],[-82.6093978228902,29.0114751618667],[-82.6100932736033,29.0110147009352],[-82.6103978035932,29.0110527531451],[-82.6107455254017,29.01082251984212],[-82.611050054989,29.0108605702288],[-82.6113977742056,29.0106303347142],[-82.6120068328518,29.0107064309775],[-82.6168746820559,29.0074829754921],[-82.6174837227835,29.0075590414219],[-82.6180064316326,29.0081716831001],[-82.61792009754092,29.0087082615228],[-82.6175724042436,29.00893851915171],[-82.61744289733241,29.0097433844516],[-82.6192700737132,29.0099715609857],[-82.6200541820559,29.0108905037581],[-82.6203587161197,29.0109285278592],[-82.6206200906252,29.0112348396211],[-82.6221427712574,29.0114249433445],[-82.62240415384,29.0117312504089],[-82.6227086920291,29.0117692677971],[-82.62297007775722,29.01207557323041],[-82.6235791574309,29.0121516038836],[-82.6241019395566,29.0127642090902],[-82.6247110252681,29.0128402332237],[-82.62497242166582,29.013146532997],[-82.6252769661693,29.0131845430021],[-82.6255383657126,29.0134908411443],[-82.6270610985421,29.0136808743868],[-82.6274087854359,29.0134505888649],[-82.6280178791435,29.0135265941986],[-82.6283655627648,29.0132963055054],[-82.6286701093534,29.0133343059173],[-82.6299771906065,29.014865746306],[-82.6299340586098,29.0151340359782],[-82.6307183323557,29.0160528895431],[-82.6319365647521,29.0162048584098],[-82.6322842487167,29.0159745586062],[-82.6325888068268,29.0160125477045],[-82.6329364881984,29.0157822456897],[-82.6335456038877,29.0158582193762],[-82.6338070420312,29.016164495464],[-82.6341116015233,29.0162024802455],[-82.63489593113032,29.0171213010213],[-82.63824614446641,29.01753905133272],[-82.6385076050562,29.0178453147611],[-82.6391167408115,29.0179212566057],[-82.6396396726616,29.01853377780152],[-82.6395103630741,29.0193386505501]]},"properties":{"segment_id":"4916b307e53a7ef17dcd9968","source_kmz":"withlacoochee","orientation":"unverified"}},{"type":"Feature","geometry":{"type":"LineString","coordinates":[[-82.690308140528,29.0338678199292],[-82.6910033319347,29.0334068629465],[-82.6913079800707,29.0334446846439],[-82.6926983371837,29.0325227518352],[-82.69574480640921,29.0329008829153],[-82.6974826756297,29.0317483907795],[-82.7002244907749,29.0320885917185],[-82.7009196127854,29.0316275688354],[-82.7011813466545,29.0319336696912],[-82.7017906416721,29.0320092550259],[-82.7020523799204,29.0323153534815],[-82.7032709781864,29.0324665107177],[-82.7057038239708,29.0308528415615],[-82.7066177612326,29.0309661802643],[-82.7069653009259,29.0307356482193],[-82.7075745924444,29.0308112011168],[-82.7078363480986,29.031117286444],[-82.70905493936442,29.0312683788056],[-82.7097500059201,29.0308072981089],[-82.7100546530594,29.03084506712061],[-82.7104021827832,29.0306145239374],[-82.7116207713603,29.030765587509],[-82.7140534067154,29.0291517233525],[-82.7146626931001,29.0292272365199],[-82.7167477262651,29.0278438641196],[-82.7167905865391,29.0275755482443],[-82.717138084134,29.0273449815125],[-82.71718094290121,29.0270766651528],[-82.7175284373497,29.0268460968808],[-82.7175712946102,29.0265777800367],[-82.7203511714243,29.0247331865417],[-82.7204368654105,29.024196547627],[-82.721131810543,29.0237353855932],[-82.72117465466042,29.0234670652641],[-82.7222170543064,29.0227753119684],[-82.7223455739245,29.0219703472035],[-82.7237353985383,29.0210479884946],[-82.7237782329347,29.02077966535681],[-82.7241256830709,29.0205490722646],[-82.7241685159611,29.0202807486424],[-82.7245159629514,29.0200501540101],[-82.7246016254447,29.0195135056022],[-82.7249490680575,29.0192829091396],[-82.7249918976607,29.019014584354],[-82.7256867746806,29.0185533870985],[-82.72572960154591,29.01828506153811],[-82.7267718990251,29.0175932554104],[-82.7268147219211,29.0173249287849],[-82.7271621493544,29.0170943239523],[-82.7274618933199,29.0152160301011],[-82.7278093102185,29.0149854219867],[-82.72785212845561,29.0147170932261],[-82.7281995422088,29.0144864835716],[-82.732768512001,29.0150521694532],[-82.7369372048812,29.0122845834105],[-82.7393739484745,29.0125861109926],[-82.7411107951867,29.0114328586523],[-82.7411963424888,29.0108961856863],[-82.7418910628511,29.0104348748417],[-82.7419766041319,29.0098981999373],[-82.7423239589799,29.0096675420601],[-82.7424522651516,29.0088625273747],[-82.7421904525361,29.0085565092741],[-82.7422759899787,29.008019831648],[-82.7426233362091,29.0077891717391],[-82.7441462299225,29.007977554765],[-82.7500507649863,29.00405606358292],[-82.7503553329425,29.0040937212892],[-82.7510499463988,29.0036323437256],[-82.7513545132631,29.0036699986498],[-82.7517018164377,29.0034393070344],[-82.752006382893,29.0034769601359],[-82.7530482788856,29.002784874915],[-82.7536574085201,29.0028601727719],[-82.7550465709208,29.00193736731091],[-82.75508929519762,29.0016690191214],[-82.7554365797828,29.0014383143423],[-82.7557356334377,28.9995598695383],[-82.7552119712065,28.9989478829221],[-82.7552546934278,28.9986795326886],[-82.7549928658655,28.9983735379818],[-82.755035588496,28.998105187455],[-82.755382858449,28.9978744808209],[-82.7554683004273,28.997337778603],[-82.7558155660056,28.9971070701389],[-82.7559010044277,28.9965703665622],[-82.7556391810984,28.9962643718323],[-82.7557673387268,28.9954593147111],[-82.7561145956914,28.9952286042149],[-82.75620003028041,28.9946918979139],[-82.7568091038804,28.9947671794743],[-82.7575036044159,28.9943057497359],[-82.7578081402606,28.9943433873028],[-82.7588498746645,28.993651230447]]},"properties":{"segment_id":"54abb82e1efe04b265aab4ff","source_kmz":"withlacoochee","orientation":"unverified"}},{"type":"Feature","geometry":{"type":"LineString","coordinates":[[-82.7588498746645,28.993651230447],[-82.7605860604036,28.9924976106992],[-82.76317457969101,28.9928174299363]]},"properties":{"segment_id":"d07760de03bde9155c7aa299","source_kmz":"withlacoochee","orientation":"unverified"}},{"type":"Feature","geometry":{"type":"LineString","coordinates":[[-82.4665721631915,29.0471806399235],[-82.4670940140952,29.0477939523383],[-82.4689216091048,29.0480246536881],[-82.4692698733833,29.0477948975782],[-82.4732296883449,29.048294631393],[-82.47427350928801,29.0495211850368],[-82.4776242132734,29.0499438890939],[-82.4791900836504,29.0517836431857],[-82.4799516305459,29.0518796862394]]},"properties":{"segment_id":"0e94ee51924b603f4cc64a02","source_kmz":"withlacoochee","orientation":"unverified"}},{"type":"Feature","geometry":{"type":"LineString","coordinates":[[-82.4627871774683,29.0456078531303],[-82.463483717681,29.0451483765195],[-82.4637883048603,29.0451868393415],[-82.4641365714221,29.0449570981947],[-82.4649193030696,29.0458770882128],[-82.4652238935612,29.0459155469145],[-82.4654848091712,29.0462222077651],[-82.4657894011789,29.0462606648382],[-82.4665721631915,29.0471806399235]]},"properties":{"segment_id":"6b9716b8d0804284176dfaef","source_kmz":"withlacoochee","orientation":"unverified"}},{"type":"Feature","geometry":{"type":"LineString","coordinates":[[-82.457915107584,29.0430764116998],[-82.4597413075542,29.04522315820831],[-82.4627871774683,29.0456078531303]]},"properties":{"segment_id":"ec0020e06ee86dc1ba60ec30","source_kmz":"withlacoochee","orientation":"unverified"}},{"type":"Feature","geometry":{"type":"LineString","coordinates":[[-82.4422574746836,29.034253777945],[-82.44303986569791,29.0351739508207],[-82.44334440717401,29.03521247228271],[-82.44360520923811,29.0355191940864],[-82.4466506517774,29.0359043535843],[-82.4489980676321,29.0386647421846],[-82.4547846970424,29.0393961765954],[-82.457915107584,29.0430764116998]]},"properties":{"segment_id":"073ae7856fb9655bd4587fca","source_kmz":"withlacoochee","orientation":"unverified"}},{"type":"Feature","geometry":{"type":"LineString","coordinates":[[-82.4188725442864,29.0137727578969],[-82.4225217565531,29.0180678392345],[-82.4240441083374,29.0182607355596],[-82.4263902838666,29.021021735684],[-82.42973960484072,29.0214459559382],[-82.430261025389,29.0220594852164],[-82.43117448987061,29.0221751589373],[-82.4314352067188,29.0224819199892],[-82.4320441869142,29.0225590299583],[-82.4388235600055,29.0305344750962],[-82.4391280826597,29.030573008897],[-82.4422574746836,29.034253777945]]},"properties":{"segment_id":"4b5c291dddf307b9f3f7421d","source_kmz":"withlacoochee","orientation":"unverified"}},{"type":"Feature","geometry":{"type":"LineString","coordinates":[[-82.3999891370497,29.0171264696828],[-82.4013824249565,29.0162082579106],[-82.4016868782393,29.0162468987373],[-82.4022080607884,29.0168605714215],[-82.4019010149273,29.0187379429488],[-82.402161613786,29.0190447773222],[-82.402770541984,29.0191220531748],[-82.40416383259571,29.0182038099933],[-82.4042515463313,29.0176674165577],[-82.4052964868144,29.0169787192416],[-82.4059054028775,29.01705597779331],[-82.4062537112029,29.0168264075902],[-82.4083849215546,29.0170967786118],[-82.4090815230351,29.0166376209868],[-82.4091253634682,29.0163694213334],[-82.4101702476534,29.0156806746092],[-82.41169252755651,29.0158737463613],[-82.4123891007186,29.0154145659961],[-82.4126935561931,29.0154531758356],[-82.41304183923441,29.0152235828105],[-82.4133462943154,29.0152621908261],[-82.413694574772,29.0150325955857],[-82.4139990294594,29.0150712017772],[-82.4150438573442,29.0143824056474],[-82.4156527635152,29.0144596096753],[-82.4163493031892,29.0140004021401],[-82.416653755347,29.0140390009376],[-82.4170020216441,29.0138093943276],[-82.417610925453,29.0138865874118],[-82.417959188491,29.01365697762562],[-82.4188725442864,29.0137727578969]]},"properties":{"segment_id":"6a1466e2ecb8b44b877edde9","source_kmz":"withlacoochee","orientation":"unverified"}},{"type":"Feature","geometry":{"type":"LineString","coordinates":[[-82.3776987379712,29.0014270643758],[-82.3779591942538,29.0017339702916],[-82.3779152616562,29.002002166938],[-82.3784361812956,29.0026159759921],[-82.3782604534769,29.0036887598502],[-82.377912123065,29.0039182470924],[-82.3778242549947,29.0044546372627],[-82.3786056592042,29.0053753446443],[-82.3792144662286,29.0054527560573],[-82.3794749405896,29.0057596552667],[-82.3797793457601,29.0057983589147],[-82.3800398232669,29.0061052564986],[-82.38156185952141,29.0062987579753],[-82.3818223451185,29.006605650876],[-82.3830399841318,29.00676043347],[-82.3833004765831,29.0070673224519],[-82.3839093002503,29.0071447070434],[-82.3841697970835,29.0074515936352],[-82.3850830384027,29.0075676617584],[-82.385343540854,29.00787454519571],[-82.3859523722791,29.0079519181017],[-82.386733898508,29.0088725586597],[-82.387038318351,29.0089112415252],[-82.3872988321495,29.0092181192243],[-82.3882120970747,29.0093341603505],[-82.3892570654769,29.0086456042667],[-82.3895614856604,29.0086842800331],[-82.389909803968,29.0084547578682],[-82.39051864383131,29.0085321048903],[-82.391300225686,29.0094527110473],[-82.39160464974782,29.0094913809707],[-82.3929979025458,29.00857326021981],[-82.3936067461233,29.0086505897892],[-82.3951699971442,29.0104917490618],[-82.3954744267711,29.0105304079651],[-82.3967771946577,29.0120646798498],[-82.3967333169213,29.0123328773267],[-82.3969938769024,29.0126397290229],[-82.3969499995588,29.012907926208],[-82.3952083927919,29.0140556255589],[-82.3951645089864,29.0143238210823],[-82.3956856317513,29.014937528182],[-82.39720786472051,29.015130804677],[-82.398771315945,29.0169718823686],[-82.3999891370497,29.0171264696828]]},"properties":{"segment_id":"80c223536d36f57b827eec89","source_kmz":"withlacoochee","orientation":"unverified"}}]}