{"type":"FeatureCollection","metadata":{"note":"Gauge proximity only; not a navigation or safety rating","max_distance_m":200,"source_files":["greatlakes.kmz","mississippi.kmz"]},"features":[{"type":"Feature","geometry":{"type":"LineString","coordinates":[[-87.21448539249161,41.5931110454216],[-87.2187840794425,41.59367485455191],[-87.21910739693163,41.59417223150146]]},"properties":{"site":"04093503","gauge_name":"BURNS DITCH AT USHWY 20 AT LAKE STATION, IN","gauge_distance_m":119.9,"association":"nearest gauge on source stream line (unverified)","condition":"unclassified","source_kmz":"greatlakes.kmz","segment_id":"greatlakes-120-0"}},{"type":"Feature","geometry":{"type":"LineString","coordinates":[[-87.21910739693163,41.59417223150146],[-87.21969987368671,41.5950836708483],[-87.2121446893014,41.5972580473803],[-87.2027244622309,41.5968810393607],[-87.18572307732641,41.6075589118155],[-87.1842451909134,41.6077265105246],[-87.1824985117404,41.6100294343727],[-87.1778044175325,41.6097064694374],[-87.1749069399663,41.6124685741805]]},"properties":{"site":"04093503","gauge_name":"BURNS DITCH AT USHWY 20 AT LAKE STATION, IN","gauge_distance_m":119.9,"association":"nearest gauge on source stream line (unverified)","condition":"unclassified","source_kmz":"greatlakes.kmz","segment_id":"greatlakes-120-1"}},{"type":"Feature","geometry":{"type":"LineString","coordinates":[[-87.505309586832,41.611635612644],[-87.5064630932586,41.6141343426954],[-87.5055464141896,41.6156885004826],[-87.5004293675837,41.618848352087],[-87.49906090105787,41.61836196990994]]},"properties":{"site":"05536356","gauge_name":"GRAND CALUMET RIVER AT COLUMBIA AV AT HAMMOND, IN","gauge_distance_m":2.5,"association":"nearest gauge on source stream line (unverified)","condition":"unclassified","source_kmz":"greatlakes.kmz","segment_id":"greatlakes-122-0"}},{"type":"Feature","geometry":{"type":"LineString","coordinates":[[-87.49906090105787,41.61836196990994],[-87.4976366598825,41.6178557642334],[-87.4831874368194,41.6168968805969],[-87.4805573968412,41.6145689401476],[-87.4773064918678,41.6143529017],[-87.4713032969286,41.6187985488747],[-87.47074701825,41.6203764912986]]},"properties":{"site":"05536356","gauge_name":"GRAND CALUMET RIVER AT COLUMBIA AV AT HAMMOND, IN","gauge_distance_m":2.5,"association":"nearest gauge on source stream line (unverified)","condition":"unclassified","source_kmz":"greatlakes.kmz","segment_id":"greatlakes-122-1"}},{"type":"Feature","geometry":{"type":"LineString","coordinates":[[-87.0687875264146,41.4591916659251],[-87.06815556897831,41.4613012948477],[-87.07151547393791,41.46516664312101]]},"properties":{"site":"04094400","gauge_name":"SALT CREEK AT VALPARAISO, IN","gauge_distance_m":39.8,"association":"nearest gauge on source stream line (unverified)","condition":"unclassified","source_kmz":"greatlakes.kmz","segment_id":"greatlakes-143-0"}},{"type":"Feature","geometry":{"type":"LineString","coordinates":[[-87.07151547393791,41.46516664312101],[-87.0716434086644,41.4653138235562],[-87.0765858955959,41.4664663024346],[-87.0806044005397,41.4691694754028],[-87.0891167780614,41.4708394751242],[-87.1002296542928,41.47780486143011]]},"properties":{"site":"04094400","gauge_name":"SALT CREEK AT VALPARAISO, IN","gauge_distance_m":39.8,"association":"nearest gauge on source stream line (unverified)","condition":"unclassified","source_kmz":"greatlakes.kmz","segment_id":"greatlakes-143-1"}},{"type":"Feature","geometry":{"type":"LineString","coordinates":[[-87.9000037669862,43.024507107292],[-87.89834607771093,43.0245882955696]]},"properties":{"site":"04087170","gauge_name":"MILWAUKEE RIVER AT MOUTH AT MILWAUKEE, WI","gauge_distance_m":16.0,"association":"nearest gauge on source stream line (unverified)","condition":"unclassified","source_kmz":"greatlakes.kmz","segment_id":"greatlakes-149-0"}},{"type":"Feature","geometry":{"type":"LineString","coordinates":[[-87.89834607771093,43.0245882955696],[-87.89514701888531,43.0247449751596]]},"properties":{"site":"04087170","gauge_name":"MILWAUKEE RIVER AT MOUTH AT MILWAUKEE, WI","gauge_distance_m":16.0,"association":"nearest gauge on source stream line (unverified)","condition":"unclassified","source_kmz":"greatlakes.kmz","segment_id":"greatlakes-149-1"}},{"type":"Feature","geometry":{"type":"LineString","coordinates":[[-88.04523694406251,42.96821230925531],[-88.0434305892395,42.9613652320141],[-88.03468655434581,42.95355606885951],[-88.03143277613611,42.9528185222488],[-88.0276900852951,42.9498952046492],[-88.021458472953,42.9492449618909],[-88.01531130043116,42.94613219787493]]},"properties":{"site":"04087214","gauge_name":"ROOT RIVER AT GRANGE AVENUE AT GREENDALE, WI","gauge_distance_m":35.7,"association":"nearest gauge on source stream line (unverified)","condition":"unclassified","source_kmz":"greatlakes.kmz","segment_id":"greatlakes-159-0"}},{"type":"Feature","geometry":{"type":"LineString","coordinates":[[-88.01531130043116,42.94613219787493],[-88.01480048131242,42.9458735327137],[-88.0143119666914,42.9436878125299],[-88.0169252995087,42.9403444803178],[-88.0228329521437,42.9277710197376]]},"properties":{"site":"04087214","gauge_name":"ROOT RIVER AT GRANGE AVENUE AT GREENDALE, WI","gauge_distance_m":35.7,"association":"nearest gauge on source stream line (unverified)","condition":"unclassified","source_kmz":"greatlakes.kmz","segment_id":"greatlakes-159-1"}},{"type":"Feature","geometry":{"type":"LineString","coordinates":[[-88.0290637695615,43.1399887964655],[-88.0302962060118,43.1389856386114],[-88.0315938571331,43.134212669626],[-88.03599833946181,43.1315157551594],[-88.037109335413,43.1283487606288],[-88.0431455517461,43.1244032355831],[-88.04330155368952,43.124104690391235]]},"properties":{"site":"04087070","gauge_name":"LITTLE MENOMONEE RIVER AT MILWAUKEE, WI","gauge_distance_m":4.0,"association":"nearest gauge on source stream line (unverified)","condition":"unclassified","source_kmz":"greatlakes.kmz","segment_id":"greatlakes-260-0"}},{"type":"Feature","geometry":{"type":"LineString","coordinates":[[-88.04330155368952,43.124104690391235],[-88.0450567039335,43.1207458112977],[-88.0510011600301,43.11436858319531],[-88.0514964943982,43.1100860372767],[-88.0538688796489,43.1056480362788]]},"properties":{"site":"04087070","gauge_name":"LITTLE MENOMONEE RIVER AT MILWAUKEE, WI","gauge_distance_m":4.0,"association":"nearest gauge on source stream line (unverified)","condition":"unclassified","source_kmz":"greatlakes.kmz","segment_id":"greatlakes-260-1"}},{"type":"Feature","geometry":{"type":"LineString","coordinates":[[-87.9718798871229,43.0976758297753],[-87.9672260172254,43.09730472827832]]},"properties":{"site":"040869416","gauge_name":"LINCOLN CREEK @ SHERMAN BOULEVARD AT MILWAUKEE, WI","gauge_distance_m":18.5,"association":"nearest gauge on source stream line (unverified)","condition":"unclassified","source_kmz":"greatlakes.kmz","segment_id":"greatlakes-264-0"}},{"type":"Feature","geometry":{"type":"LineString","coordinates":[[-87.9672260172254,43.09730472827832],[-87.9571448770527,43.0965008540206]]},"properties":{"site":"040869416","gauge_name":"LINCOLN CREEK @ SHERMAN BOULEVARD AT MILWAUKEE, WI","gauge_distance_m":18.5,"association":"nearest gauge on source stream line (unverified)","condition":"unclassified","source_kmz":"greatlakes.kmz","segment_id":"greatlakes-264-1"}},{"type":"Feature","geometry":{"type":"LineString","coordinates":[[-88.0676849180794,43.03748970937501],[-88.061933950638,43.0422611266086],[-88.04840399207121,43.0468288320157],[-88.04612704330853,43.05522055201669]]},"properties":{"site":"04087088","gauge_name":"UNDERWOOD CREEK AT WAUWATOSA, WI","gauge_distance_m":12.2,"association":"nearest gauge on source stream line (unverified)","condition":"unclassified","source_kmz":"greatlakes.kmz","segment_id":"greatlakes-274-0"}},{"type":"Feature","geometry":{"type":"LineString","coordinates":[[-88.04612704330853,43.05522055201669],[-88.0458141275266,43.0563738066129],[-88.0426146727562,43.0583352191205],[-88.040893695622,43.0571523603368],[-88.0383109212068,43.0569950654364],[-88.03246638065201,43.0593341517403]]},"properties":{"site":"04087088","gauge_name":"UNDERWOOD CREEK AT WAUWATOSA, WI","gauge_distance_m":12.2,"association":"nearest gauge on source stream line (unverified)","condition":"unclassified","source_kmz":"greatlakes.kmz","segment_id":"greatlakes-274-1"}},{"type":"Feature","geometry":{"type":"LineString","coordinates":[[-87.879493859533,42.9890026669115],[-87.8844327471612,42.991196411132],[-87.89117358186782,42.99700574238],[-87.8943964257143,42.9980144002931],[-87.8948500100752,43.000468323723],[-87.896841168263,43.0024785943166],[-87.8957257618363,43.0056437710613],[-87.9040422166982,43.0201752898044],[-87.9036958309016,43.0231187348808],[-87.9000037669862,43.024507107292]]},"properties":{"site":"04087170","gauge_name":"MILWAUKEE RIVER AT MOUTH AT MILWAUKEE, WI","gauge_distance_m":138.1,"association":"nearest gauge on source stream line (unverified)","condition":"unclassified","source_kmz":"greatlakes.kmz","segment_id":"greatlakes-281-0"}},{"type":"Feature","geometry":{"type":"LineString","coordinates":[[-87.9528159184663,42.990576892302],[-87.9523221848081,42.9916245185926],[-87.94568761876741,42.9912154953913],[-87.9432881775415,42.9926845780433],[-87.9396022709455,42.9924571296713],[-87.9350224384018,42.9935219621494],[-87.9362773569593,42.9954860831105],[-87.9349520448577,42.9972908804059],[-87.92651751087335,42.996769558768754]]},"properties":{"site":"04087159","gauge_name":"KINNICKINNIC RIVER @ S. 11TH STREET @ MILWAUKEE,WI","gauge_distance_m":81.8,"association":"nearest gauge on source stream line (unverified)","condition":"unclassified","source_kmz":"greatlakes.kmz","segment_id":"greatlakes-282-0"}},{"type":"Feature","geometry":{"type":"LineString","coordinates":[[-87.92651751087335,42.996769558768754],[-87.9209448985908,42.9964251267748],[-87.9182160271349,42.9943696230885],[-87.9124670599075,42.9959003904994],[-87.91117256732942,42.9974373701554]]},"properties":{"site":"04087159","gauge_name":"KINNICKINNIC RIVER @ S. 11TH STREET @ MILWAUKEE,WI","gauge_distance_m":81.8,"association":"nearest gauge on source stream line (unverified)","condition":"unclassified","source_kmz":"greatlakes.kmz","segment_id":"greatlakes-282-1"}},{"type":"Feature","geometry":{"type":"LineString","coordinates":[[-87.9847243115933,42.9588518468824],[-87.9856427231848,42.9605251873376],[-87.9833332516707,42.9644257861029],[-87.992965457466,42.9709457785176],[-87.9924413502667,42.9722611111449],[-87.9997709989446,42.9794478246533],[-88.0015734941491,42.9862956940055],[-88.0048285318125,42.9870340210334],[-88.005747806156,42.9887072927479],[-88.01124153704161,42.992546963165],[-88.0149508665613,42.998972310831],[-88.01483138202548,43.00000206442918]]},"properties":{"site":"425957088005201","gauge_name":"Honey Creek nr McCarty Pk at West Allis, WI","gauge_distance_m":25.1,"association":"nearest gauge on source stream line (unverified)","condition":"unclassified","source_kmz":"greatlakes.kmz","segment_id":"greatlakes-285-0"}},{"type":"Feature","geometry":{"type":"LineString","coordinates":[[-88.01483138202548,43.00000206442918],[-88.0143609037683,43.0040567872837],[-88.0119624790593,43.0055271574834],[-88.0139882508755,43.0072680548029],[-88.0176751930303,43.0074934137792],[-88.0189947937775,43.0089215676264],[-88.0157036251279,43.0116850051432],[-88.0150514970709,43.0173048061979],[-88.0100092008229,43.0191525973391],[-88.0111383168268,43.0254204219115],[-88.01393331597001,43.0269388573867],[-88.0176213096658,43.0271642247755],[-88.0185724772044,43.02856989437301],[-88.0153735377719,43.0305305564006],[-88.0150007889626,43.0337419588055],[-88.0115258984204,43.0348771487332],[-88.0131836718412,43.0365955883218],[-88.01299320869862,43.0414352793642],[-88.0106867086513,43.04210284958231],[-88.0085624875953,43.0443986580934],[-88.0056735864251,43.0436829244805],[-88.00462213586779,43.04395488974746]]},"properties":{"site":"425957088005201","gauge_name":"Honey Creek nr McCarty Pk at West Allis, WI","gauge_distance_m":25.1,"association":"nearest gauge on source stream line (unverified)","condition":"unclassified","source_kmz":"greatlakes.kmz","segment_id":"greatlakes-285-1"}},{"type":"Feature","geometry":{"type":"LineString","coordinates":[[-88.00462213586779,43.04395488974746],[-88.00146026183312,43.0447727312617]]},"properties":{"site":"04087119","gauge_name":"HONEY CREEK AT WAUWATOSA, WI","gauge_distance_m":0.5,"association":"nearest gauge on source stream line (unverified)","condition":"unclassified","source_kmz":"greatlakes.kmz","segment_id":"greatlakes-285-2"}},{"type":"Feature","geometry":{"type":"LineString","coordinates":[[-86.1096295771084,42.0878346673056],[-86.1046540715539,42.0815199888783],[-86.0987089233019,42.0794453835873],[-86.0961079204987,42.0770881513225],[-86.0962005510729,42.0738591866051],[-86.0899101632266,42.0690608572347],[-86.0874068448048,42.0685986543845],[-86.0823414676498,42.06551217740061],[-86.0757309519147,42.065542596955],[-86.0741061130544,42.0640690679924],[-86.073224917143,42.0599560477],[-86.06932308105627,42.05641693922485]]},"properties":{"site":"041015313","gauge_name":"OSBORN DRAIN AT DEWEY LAKE ST NR GLENWOOD, MI","gauge_distance_m":11.1,"association":"nearest gauge on source stream line (unverified)","condition":"unclassified","source_kmz":"greatlakes.kmz","segment_id":"greatlakes-475-0"}},{"type":"Feature","geometry":{"type":"LineString","coordinates":[[-86.06932308105627,42.05641693922485],[-86.0686760531007,42.055830061132],[-86.0724755802244,42.0523474351404],[-86.0727038990434,42.0507469906056],[-86.0745566743363,42.0506200661691],[-86.0748024357688,42.0463242596263]]},"properties":{"site":"041015313","gauge_name":"OSBORN DRAIN AT DEWEY LAKE ST NR GLENWOOD, MI","gauge_distance_m":11.1,"association":"nearest gauge on source stream line (unverified)","condition":"unclassified","source_kmz":"greatlakes.kmz","segment_id":"greatlakes-475-1"}},{"type":"Feature","geometry":{"type":"LineString","coordinates":[[-85.4703496580558,41.9586470424619],[-85.47868114102401,41.9544719691054],[-85.4790032484643,41.9523397283159],[-85.4819008483774,41.95014832829821],[-85.4818204198367,41.9482529999122],[-85.4843153639551,41.9462984640496],[-85.4870114124094,41.9454396102288],[-85.4883392233655,41.9439292403795],[-85.48873024005165,41.94396119664755]]},"properties":{"site":"0409754132","gauge_name":"SPRING CREEK AT RAMBADT ROAD NEAR CENTREVILLE, MI","gauge_distance_m":94.8,"association":"nearest gauge on source stream line (unverified)","condition":"unclassified","source_kmz":"greatlakes.kmz","segment_id":"greatlakes-519-0"}},{"type":"Feature","geometry":{"type":"LineString","coordinates":[[-85.48873024005165,41.94396119664755],[-85.4915985905186,41.9441956157392],[-85.4928056666546,41.9434847947635]]},"properties":{"site":"0409754132","gauge_name":"SPRING CREEK AT RAMBADT ROAD NEAR CENTREVILLE, MI","gauge_distance_m":94.8,"association":"nearest gauge on source stream line (unverified)","condition":"unclassified","source_kmz":"greatlakes.kmz","segment_id":"greatlakes-519-1"}},{"type":"Feature","geometry":{"type":"LineString","coordinates":[[-85.4023795659502,41.9522548679587],[-85.4058011575683,41.9514573883935],[-85.4102306388105,41.9488539124121],[-85.4143357492573,41.9483823571461],[-85.4181214383133,41.9451859843351],[-85.4260073908882,41.9463743350362],[-85.42946887235681,41.9453097226929],[-85.4311177767763,41.9465245966123],[-85.43309021465292,41.945607341743],[-85.44125928884671,41.9449291669062],[-85.443674464793,41.9435084543756],[-85.4561878037646,41.945614362618],[-85.4625869905451,41.9420914746739],[-85.4689844977235,41.94342501365481],[-85.4773945451299,41.9411454133384],[-85.484677470526,41.9414713307039],[-85.48843182449124,41.94240133493318]]},"properties":{"site":"0409754132","gauge_name":"SPRING CREEK AT RAMBADT ROAD NEAR CENTREVILLE, MI","gauge_distance_m":84.4,"association":"nearest gauge on source stream line (unverified)","condition":"unclassified","source_kmz":"greatlakes.kmz","segment_id":"greatlakes-520-0"}},{"type":"Feature","geometry":{"type":"LineString","coordinates":[[-85.48843182449124,41.94240133493318],[-85.4928056666546,41.9434847947635]]},"properties":{"site":"0409754132","gauge_name":"SPRING CREEK AT RAMBADT ROAD NEAR CENTREVILLE, MI","gauge_distance_m":84.4,"association":"nearest gauge on source stream line (unverified)","condition":"unclassified","source_kmz":"greatlakes.kmz","segment_id":"greatlakes-520-1"}},{"type":"Feature","geometry":{"type":"LineString","coordinates":[[-86.0827136933939,42.9414040710095],[-86.08235836978935,42.932791450816424]]},"properties":{"site":"04108862","gauge_name":"PIGEON RIVER AT 120TH AVENUE NR OLIVE CENTER, MI","gauge_distance_m":30.5,"association":"nearest gauge on source stream line (unverified)","condition":"unclassified","source_kmz":"greatlakes.kmz","segment_id":"greatlakes-950-0"}},{"type":"Feature","geometry":{"type":"LineString","coordinates":[[-86.08235836978935,42.932791450816424],[-86.0823002563259,42.9313828498049]]},"properties":{"site":"04108862","gauge_name":"PIGEON RIVER AT 120TH AVENUE NR OLIVE CENTER, MI","gauge_distance_m":30.5,"association":"nearest gauge on source stream line (unverified)","condition":"unclassified","source_kmz":"greatlakes.kmz","segment_id":"greatlakes-950-1"}},{"type":"Feature","geometry":{"type":"LineString","coordinates":[[-86.0526172023393,42.9053610558784],[-86.0574324092354,42.9054586344651],[-86.064994357281,42.9071154559349],[-86.0864605598078,42.90767066035],[-86.0889558401601,42.9084004607893],[-86.0905410574512,42.9077110987928],[-86.091455499622,42.9142601785387],[-86.0889043517662,42.916495999889],[-86.0886735447317,42.9180983475042],[-86.08465207156871,42.920222275021],[-86.084459640512,42.9215575657399],[-86.082391026,42.9230200723225],[-86.0827063369238,42.93114375977]]},"properties":{"site":"04108862","gauge_name":"PIGEON RIVER AT 120TH AVENUE NR OLIVE CENTER, MI","gauge_distance_m":193.4,"association":"nearest gauge on source stream line (unverified)","condition":"unclassified","source_kmz":"greatlakes.kmz","segment_id":"greatlakes-952-0"}},{"type":"Feature","geometry":{"type":"LineString","coordinates":[[-86.0282818528253,42.7477308623309],[-86.0243646565199,42.7517493353442],[-86.0256765964958,42.7529297336382],[-86.0242291366721,42.7552481257652],[-86.0190766075103,42.7575521095486],[-86.0192886512013,42.75864814920921],[-86.0176674846174,42.7596034695411],[-86.0149276781044,42.7580433965557],[-86.0147543696802,42.75668037827591],[-86.0132878681437,42.7565677509161],[-86.0107786897958,42.7585345520156],[-86.0091389566711,42.7570588531929],[-86.0051631045923,42.7589128568836],[-86.0050286885196,42.7572828540719],[-86.0026945850121,42.7554837418282],[-86.00049490199731,42.755314591638],[-85.99952934391162,42.7568600064027],[-85.9968080724262,42.7577304676924],[-85.9977917556751,42.7586159828923],[-85.9967071784602,42.766091127908],[-85.9994262759749,42.7703495269558],[-86.0012597405614,42.770490506112],[-86.0050224214901,42.7726693979285],[-86.014884939428,42.773696936911],[-86.0165638569953,42.7749056191797],[-86.0163892272334,42.778671500938],[-86.01915348681472,42.778883597408345]]},"properties":{"site":"04108800","gauge_name":"MACATAWA RIVER AT STATE ROAD NEAR ZEELAND, MI","gauge_distance_m":40.7,"association":"nearest gauge on source stream line (unverified)","condition":"unclassified","source_kmz":"greatlakes.kmz","segment_id":"greatlakes-991-0"}},{"type":"Feature","geometry":{"type":"LineString","coordinates":[[-86.01915348681472,42.778883597408345],[-86.0244576495857,42.7792905759025]]},"properties":{"site":"04108800","gauge_name":"MACATAWA RIVER AT STATE ROAD NEAR ZEELAND, MI","gauge_distance_m":40.7,"association":"nearest gauge on source stream line (unverified)","condition":"unclassified","source_kmz":"greatlakes.kmz","segment_id":"greatlakes-991-1"}},{"type":"Feature","geometry":{"type":"LineString","coordinates":[[-85.6786810013108,42.2229440169887],[-85.67666428960291,42.2241320060111],[-85.6730274417436,42.2238411209768],[-85.6695558556223,42.22491261798861],[-85.6607206019503,42.2298722609337],[-85.6565608429395,42.23061848377441],[-85.64905505869541,42.23503686017878]]},"properties":{"site":"04106320","gauge_name":"WEST FORK PORTAGE CREEK NEAR OSHTEMO, MI","gauge_distance_m":12.2,"association":"nearest gauge on source stream line (unverified)","condition":"unclassified","source_kmz":"greatlakes.kmz","segment_id":"greatlakes-1317-0"}},{"type":"Feature","geometry":{"type":"LineString","coordinates":[[-85.64905505869541,42.23503686017878],[-85.6464736005924,42.2365564686834],[-85.6442115866451,42.2369147838739],[-85.6428417724405,42.2386939619357],[-85.6376352273744,42.2415146105491],[-85.6371971646666,42.2444480085229],[-85.62637866474091,42.2503261408832]]},"properties":{"site":"04106320","gauge_name":"WEST FORK PORTAGE CREEK NEAR OSHTEMO, MI","gauge_distance_m":12.2,"association":"nearest gauge on source stream line (unverified)","condition":"unclassified","source_kmz":"greatlakes.kmz","segment_id":"greatlakes-1317-1"}},{"type":"Feature","geometry":{"type":"LineString","coordinates":[[-85.6769681864773,43.0341506098172],[-85.6725526732635,43.0338011471777],[-85.66768244196751,43.0315244025001],[-85.6657559754747,43.0294806936746],[-85.6642842513881,43.0293640974999],[-85.6620302092185,43.0270242138984],[-85.66218464562272,43.0235243952275]]},"properties":{"site":"04118564","gauge_name":"GRAND RIVER AT N PARK ST NE AT GRAND RAPIDS, MI","gauge_distance_m":139.1,"association":"nearest gauge on source stream line (unverified)","condition":"unclassified","source_kmz":"greatlakes.kmz","segment_id":"greatlakes-1431-0"}},{"type":"Feature","geometry":{"type":"LineString","coordinates":[[-85.6731752703843,42.9628026635943],[-85.6752604724444,42.9637782414196],[-85.6757884244539,42.9627395478396]]},"properties":{"site":"04119000","gauge_name":"GRAND RIVER AT GRAND RAPIDS, MI","gauge_distance_m":126.8,"association":"nearest gauge on source stream line (unverified)","condition":"unclassified","source_kmz":"greatlakes.kmz","segment_id":"greatlakes-1474-0"}},{"type":"Feature","geometry":{"type":"LineString","coordinates":[[-87.7509402812937,41.6126017083526],[-87.7487249881255,41.6159573082124],[-87.7444207502882,41.6154112186581],[-87.73881226621221,41.6166645926603],[-87.7356067903154,41.6191489698068],[-87.735747607949,41.6210416787883],[-87.7341762523026,41.6220167829325],[-87.73377423852347,41.621866784291996]]},"properties":{"site":"05536343","gauge_name":"NATALIE CREEK AT MIDLOTHIAN, IL","gauge_distance_m":3.5,"association":"nearest gauge on source stream line (unverified)","condition":"unclassified","source_kmz":"greatlakes.kmz","segment_id":"greatlakes-1617-0"}},{"type":"Feature","geometry":{"type":"LineString","coordinates":[[-87.73377423852347,41.621866784291996],[-87.7306889840702,41.6207156198354],[-87.7275776365848,41.6223986260594],[-87.72393273939241,41.6224325757751],[-87.7183199227983,41.6298740733801],[-87.7157271643499,41.630244841865],[-87.7081700017692,41.6294874359184],[-87.7053965699275,41.6190823415207]]},"properties":{"site":"05536343","gauge_name":"NATALIE CREEK AT MIDLOTHIAN, IL","gauge_distance_m":3.5,"association":"nearest gauge on source stream line (unverified)","condition":"unclassified","source_kmz":"greatlakes.kmz","segment_id":"greatlakes-1617-1"}},{"type":"Feature","geometry":{"type":"LineString","coordinates":[[-87.8026813018292,41.5841692419827],[-87.7920966393081,41.5813394564214],[-87.7881240429636,41.5810850363342],[-87.7847316981328,41.5789842065195],[-87.7814815206488,41.5787758679897],[-87.7794400122383,41.5775686900477],[-87.771041444229,41.5840256542345],[-87.7670060403612,41.5843046997831],[-87.7616674386251,41.5863834016997],[-87.75986163000522,41.5862673432636],[-87.7578830779226,41.5845256995087],[-87.7553236124418,41.5846301923327],[-87.7487439776862,41.587973954318],[-87.7458069910689,41.5912829255213],[-87.7400116224645,41.5941386562229],[-87.7429163021465,41.5972856625807],[-87.7401675050221,41.5989921943001],[-87.7404028294301,41.6000836890932],[-87.7376223760373,41.6020572282954],[-87.734495281431,41.6069683336987],[-87.7339282434628,41.611775369266],[-87.7305191143123,41.6129010259542],[-87.7298595785305,41.6123203145996],[-87.72801009103341,41.61379344816988]]},"properties":{"site":"05536340","gauge_name":"MIDLOTHIAN CREEK AT OAK FOREST, IL","gauge_distance_m":111.4,"association":"nearest gauge on source stream line (unverified)","condition":"unclassified","source_kmz":"greatlakes.kmz","segment_id":"greatlakes-1630-0"}},{"type":"Feature","geometry":{"type":"LineString","coordinates":[[-87.72801009103341,41.61379344816988],[-87.7270468130339,41.6145607078355],[-87.7235915912427,41.6129923054828],[-87.7203084657971,41.6130494684054],[-87.7135349994569,41.617993863134],[-87.7121529453663,41.6173663655538],[-87.7079257583902,41.6192458931123],[-87.7053965699275,41.6190823415207]]},"properties":{"site":"05536340","gauge_name":"MIDLOTHIAN CREEK AT OAK FOREST, IL","gauge_distance_m":111.4,"association":"nearest gauge on source stream line (unverified)","condition":"unclassified","source_kmz":"greatlakes.kmz","segment_id":"greatlakes-1630-1"}},{"type":"Feature","geometry":{"type":"LineString","coordinates":[[-87.4811008172384,41.5562005941285],[-87.48108926227188,41.56143128005071]]},"properties":{"site":"05536190","gauge_name":"HART DITCH AT MUNSTER, IN","gauge_distance_m":43.2,"association":"nearest gauge on source stream line (unverified)","condition":"unclassified","source_kmz":"greatlakes.kmz","segment_id":"greatlakes-1631-0"}},{"type":"Feature","geometry":{"type":"LineString","coordinates":[[-87.48108926227188,41.56143128005071],[-87.48108921824904,41.561451208245494]]},"properties":{"site":"05536190","gauge_name":"HART DITCH AT MUNSTER, IN","gauge_distance_m":43.2,"association":"nearest gauge on source stream line (unverified)","condition":"unclassified","source_kmz":"greatlakes.kmz","segment_id":"greatlakes-1631-1"}},{"type":"Feature","geometry":{"type":"LineString","coordinates":[[-87.48108921824904,41.561451208245494],[-87.4810806056491,41.5653499478223],[-87.4841995270997,41.5666338140568]]},"properties":{"site":"05536191","gauge_name":"LITTLE CALUMET R AT NORTHCOTE AV AT MUNSTER, IN","gauge_distance_m":130.4,"association":"nearest gauge on source stream line (unverified)","condition":"unclassified","source_kmz":"greatlakes.kmz","segment_id":"greatlakes-1631-2"}},{"type":"Feature","geometry":{"type":"LineString","coordinates":[[-87.7103930042859,41.5707000962021],[-87.7063897161946,41.5707101934387],[-87.7044129273067,41.5689677544747],[-87.7023864269601,41.570720165951],[-87.7036094699589,41.5726829374069],[-87.7027292987702,41.573971391093],[-87.6953495982204,41.5748388905351],[-87.6939183195971,41.5777061247232],[-87.6915618528784,41.5791679419367],[-87.6832565707559,41.5786293361745],[-87.67745970524112,41.5814822088669],[-87.6773328822697,41.5825503530636],[-87.6734362597216,41.5847191615839],[-87.6688608587999,41.5895347449511],[-87.6641777522136,41.5921904190521],[-87.66370069082657,41.59620098432972]]},"properties":{"site":"05536310","gauge_name":"CALUMET UNION DRAINAGE CANAL NEAR MARKHAM, IL","gauge_distance_m":174.1,"association":"nearest gauge on source stream line (unverified)","condition":"unclassified","source_kmz":"greatlakes.kmz","segment_id":"greatlakes-1632-0"}},{"type":"Feature","geometry":{"type":"LineString","coordinates":[[-87.66370069082657,41.59620098432972],[-87.6631930585628,41.6004685532133]]},"properties":{"site":"05536310","gauge_name":"CALUMET UNION DRAINAGE CANAL NEAR MARKHAM, IL","gauge_distance_m":174.1,"association":"nearest gauge on source stream line (unverified)","condition":"unclassified","source_kmz":"greatlakes.kmz","segment_id":"greatlakes-1632-1"}},{"type":"Feature","geometry":{"type":"LineString","coordinates":[[-87.6367829737396,41.5137136857049],[-87.6323266352189,41.5144989388017],[-87.6309258687894,41.5170982885289],[-87.62454802863452,41.5217940763127],[-87.6258100903961,41.526451159139],[-87.6238147422282,41.527935246837],[-87.6232307169971,41.5297807091262],[-87.62296568560053,41.529926264910955]]},"properties":{"site":"05536215","gauge_name":"THORN CREEK AT GLENWOOD, IL","gauge_distance_m":7.7,"association":"nearest gauge on source stream line (unverified)","condition":"unclassified","source_kmz":"greatlakes.kmz","segment_id":"greatlakes-1659-0"}},{"type":"Feature","geometry":{"type":"LineString","coordinates":[[-87.62296568560053,41.529926264910955],[-87.6197280882459,41.5317043599962],[-87.6200031431878,41.5354896942758],[-87.6193551431799,41.5378691725404],[-87.6174550771498,41.5385521484401],[-87.6178257787368,41.5415364824722]]},"properties":{"site":"05536215","gauge_name":"THORN CREEK AT GLENWOOD, IL","gauge_distance_m":7.7,"association":"nearest gauge on source stream line (unverified)","condition":"unclassified","source_kmz":"greatlakes.kmz","segment_id":"greatlakes-1659-1"}},{"type":"Feature","geometry":{"type":"LineString","coordinates":[[-87.5395121885495,41.5032874651179],[-87.5347591872665,41.5035115303167],[-87.5334131955872,41.5026152065295],[-87.5314810241217,41.5035638652459],[-87.5296516124336,41.5066721842992],[-87.52878732594071,41.51684129246701],[-87.5296499664544,41.521742415006],[-87.52900512817392,41.5270820872144],[-87.53046886600897,41.528498592336746]]},"properties":{"site":"05536265","gauge_name":"LANSING DITCH NEAR LANSING, IL","gauge_distance_m":57.8,"association":"nearest gauge on source stream line (unverified)","condition":"unclassified","source_kmz":"greatlakes.kmz","segment_id":"greatlakes-1660-0"}},{"type":"Feature","geometry":{"type":"LineString","coordinates":[[-87.53046886600897,41.528498592336746],[-87.5325869515659,41.530548330322],[-87.5320712025917,41.53482011564041],[-87.5304989530989,41.5357926427225],[-87.5401256169297,41.5434258390302],[-87.5395458039607,41.54823169511],[-87.5419432341611,41.5494664703328],[-87.540009890172,41.5504153020413],[-87.5396877452223,41.5530852381134]]},"properties":{"site":"05536265","gauge_name":"LANSING DITCH NEAR LANSING, IL","gauge_distance_m":57.8,"association":"nearest gauge on source stream line (unverified)","condition":"unclassified","source_kmz":"greatlakes.kmz","segment_id":"greatlakes-1660-1"}},{"type":"Feature","geometry":{"type":"LineString","coordinates":[[-87.7104339862173,41.50881552720101],[-87.7059472167154,41.5098703560327],[-87.7022000223959,41.5077441352047],[-87.6924228657167,41.5135679507654],[-87.6896632622409,41.5123126207614],[-87.689676115597,41.51527325765251],[-87.687948304109,41.5175827990449],[-87.68322646994801,41.5175453426929],[-87.683365674711,41.5194379127947],[-87.6853405500637,41.5211805883163],[-87.6843973841101,41.5230028932392],[-87.6809600996003,41.524394156065],[-87.67977584373502,41.5313132949219],[-87.6735462967639,41.5317157672959],[-87.6715714178457,41.5299728919706],[-87.66813353893662,41.53136382119461],[-87.66454866160952,41.5370504629368],[-87.6661626790486,41.5387699827882],[-87.664826150366,41.5408357211862],[-87.65829829792982,41.5406799336584],[-87.6547643119361,41.5428715817491],[-87.6514731552494,41.5399662604205],[-87.6482887738084,41.5392205255597],[-87.6481932577081,41.53923016440591]]},"properties":{"site":"05536255","gauge_name":"BUTTERFIELD CREEK AT FLOSSMOOR, IL","gauge_distance_m":39.2,"association":"nearest gauge on source stream line (unverified)","condition":"unclassified","source_kmz":"greatlakes.kmz","segment_id":"greatlakes-1665-0"}},{"type":"Feature","geometry":{"type":"LineString","coordinates":[[-87.6481932577081,41.53923016440591],[-87.6401902818877,41.5400377712165],[-87.6324310774466,41.5441058201963],[-87.6269538120622,41.544286163353],[-87.6247985361107,41.5471053624184]]},"properties":{"site":"05536255","gauge_name":"BUTTERFIELD CREEK AT FLOSSMOOR, IL","gauge_distance_m":39.2,"association":"nearest gauge on source stream line (unverified)","condition":"unclassified","source_kmz":"greatlakes.kmz","segment_id":"greatlakes-1665-1"}},{"type":"Feature","geometry":{"type":"LineString","coordinates":[[-87.43783447060662,41.4784963590841],[-87.434231585893,41.4812156959152],[-87.4369572610268,41.4886645597169],[-87.43286713383884,41.493266945424715]]},"properties":{"site":"04092964","gauge_name":"TURKEY CREEK AT JOLIET ST AT SCHERERVILLE, IN","gauge_distance_m":44.6,"association":"nearest gauge on source stream line (unverified)","condition":"unclassified","source_kmz":"greatlakes.kmz","segment_id":"greatlakes-1668-0"}},{"type":"Feature","geometry":{"type":"LineString","coordinates":[[-87.43286713383884,41.493266945424715],[-87.4306362206799,41.4957772641425],[-87.4241490692097,41.5012638456667],[-87.42113206604431,41.4991777576739],[-87.41628099095,41.500198284475]]},"properties":{"site":"04092964","gauge_name":"TURKEY CREEK AT JOLIET ST AT SCHERERVILLE, IN","gauge_distance_m":44.6,"association":"nearest gauge on source stream line (unverified)","condition":"unclassified","source_kmz":"greatlakes.kmz","segment_id":"greatlakes-1668-1"}},{"type":"Feature","geometry":{"type":"LineString","coordinates":[[-87.6012072171171,41.4069821773915],[-87.5975734080962,41.4070125384802],[-87.5941400702878,41.40840131849851],[-87.5908111457948,41.411949447133],[-87.5904915597156,41.4146191448744],[-87.58519260066531,41.416423192223],[-87.5781643407694,41.4205348661138],[-87.5776440341767,41.421845987665],[-87.57617098970532,41.42201805853931],[-87.5766673962621,41.4239342912357],[-87.5751622834847,41.4243733199778],[-87.5752983999861,41.4262658324067],[-87.5712470898749,41.4297660539973],[-87.5721357599496,41.43143908891031],[-87.57123629351264,41.436029101921854]]},"properties":{"site":"05536162","gauge_name":"PLUM CREEK NEAR CRETE, IL","gauge_distance_m":23.0,"association":"nearest gauge on source stream line (unverified)","condition":"unclassified","source_kmz":"greatlakes.kmz","segment_id":"greatlakes-1707-0"}},{"type":"Feature","geometry":{"type":"LineString","coordinates":[[-87.57123629351264,41.436029101921854],[-87.5711987249726,41.4362208156763],[-87.5647845709314,41.4382198014195],[-87.5618451919294,41.4415240679737]]},"properties":{"site":"05536162","gauge_name":"PLUM CREEK NEAR CRETE, IL","gauge_distance_m":23.0,"association":"nearest gauge on source stream line (unverified)","condition":"unclassified","source_kmz":"greatlakes.kmz","segment_id":"greatlakes-1707-1"}},{"type":"Feature","geometry":{"type":"LineString","coordinates":[[-86.8744239742316,41.723933785661],[-86.8834357940201,41.7191873370606],[-86.8913062716677,41.717591417174],[-86.8927524126375,41.7176940391458],[-86.8989965047638,41.722985001988],[-86.9036968763116,41.7233181852211],[-86.90405709957383,41.7230549700822]]},"properties":{"site":"04095380","gauge_name":"TRAIL CREEK AT MICHIGAN CITY HARBOR, IN","gauge_distance_m":14.9,"association":"nearest gauge on source stream line (unverified)","condition":"unclassified","source_kmz":"greatlakes.kmz","segment_id":"greatlakes-1734-0"}},{"type":"Feature","geometry":{"type":"LineString","coordinates":[[-86.90405709957383,41.7230549700822],[-86.9057129641435,41.7218450298357],[-86.9071592138655,41.7219474904465],[-86.9095934124508,41.7242745800089]]},"properties":{"site":"04095380","gauge_name":"TRAIL CREEK AT MICHIGAN CITY HARBOR, IN","gauge_distance_m":14.9,"association":"nearest gauge on source stream line (unverified)","condition":"unclassified","source_kmz":"greatlakes.kmz","segment_id":"greatlakes-1734-1"}},{"type":"Feature","geometry":{"type":"LineString","coordinates":[[-86.8577544586498,41.714667158281],[-86.85981348893496,41.716784337602846]]},"properties":{"site":"04095300","gauge_name":"TRAIL CREEK AT MICHIGAN CITY, IN","gauge_distance_m":0.1,"association":"nearest gauge on source stream line (unverified)","condition":"unclassified","source_kmz":"greatlakes.kmz","segment_id":"greatlakes-1735-0"}},{"type":"Feature","geometry":{"type":"LineString","coordinates":[[-86.85981348893496,41.716784337602846],[-86.8600060053236,41.7169822908433],[-86.8598094738638,41.7212778418633],[-86.8637296119159,41.7247891026821],[-86.8702377656625,41.7252521711986],[-86.8744239742316,41.723933785661]]},"properties":{"site":"04095300","gauge_name":"TRAIL CREEK AT MICHIGAN CITY, IN","gauge_distance_m":0.1,"association":"nearest gauge on source stream line (unverified)","condition":"unclassified","source_kmz":"greatlakes.kmz","segment_id":"greatlakes-1735-1"}},{"type":"Feature","geometry":{"type":"LineString","coordinates":[[-87.4711737240065,41.64678263622861],[-87.4683581929392,41.648860977763555]]},"properties":{"site":"04092750","gauge_name":"INDIANA HARBOR CANAL AT EAST CHICAGO, IN","gauge_distance_m":40.7,"association":"nearest gauge on source stream line (unverified)","condition":"unclassified","source_kmz":"greatlakes.kmz","segment_id":"greatlakes-1745-0"}},{"type":"Feature","geometry":{"type":"LineString","coordinates":[[-87.4683581929392,41.648860977763555],[-87.4427434445311,41.6677690253934],[-87.441911117389,41.6745775758867]]},"properties":{"site":"04092750","gauge_name":"INDIANA HARBOR CANAL AT EAST CHICAGO, IN","gauge_distance_m":40.7,"association":"nearest gauge on source stream line (unverified)","condition":"unclassified","source_kmz":"greatlakes.kmz","segment_id":"greatlakes-1745-1"}},{"type":"Feature","geometry":{"type":"LineString","coordinates":[[-87.1749069399663,41.6124685741805],[-87.1768630437388,41.6171801626333],[-87.1765198039018,41.62221729739763]]},"properties":{"site":"04095090","gauge_name":"PORTAGE-BURNS WATERWAY AT PORTAGE, IN","gauge_distance_m":56.4,"association":"nearest gauge on source stream line (unverified)","condition":"unclassified","source_kmz":"greatlakes.kmz","segment_id":"greatlakes-1749-0"}},{"type":"Feature","geometry":{"type":"LineString","coordinates":[[-87.1765198039018,41.62221729739763],[-87.1760047997613,41.6297751184315],[-87.1768361292892,41.6318515982595]]},"properties":{"site":"04095090","gauge_name":"PORTAGE-BURNS WATERWAY AT PORTAGE, IN","gauge_distance_m":56.4,"association":"nearest gauge on source stream line (unverified)","condition":"unclassified","source_kmz":"greatlakes.kmz","segment_id":"greatlakes-1749-1"}},{"type":"Feature","geometry":{"type":"LineString","coordinates":[[-87.0483802300381,41.6163504545896],[-87.0515275753601,41.6173779933015],[-87.0544704744352,41.6200067773522],[-87.06490818627701,41.621003945483],[-87.0683490112707,41.6225900254341],[-87.07183719084301,41.62094815932641],[-87.0789572997881,41.6222515978521],[-87.0813279130933,41.6208009799194],[-87.087794577478,41.62186052699005]]},"properties":{"site":"04094000","gauge_name":"LITTLE CALUMET RIVER AT PORTER, IN","gauge_distance_m":47.3,"association":"nearest gauge on source stream line (unverified)","condition":"unclassified","source_kmz":"greatlakes.kmz","segment_id":"greatlakes-1751-0"}},{"type":"Feature","geometry":{"type":"LineString","coordinates":[[-87.087794577478,41.62186052699005],[-87.0898926431207,41.6222042898906],[-87.0936395824371,41.6213876201466],[-87.1030285982681,41.6220395325331],[-87.1050036958474,41.6208303176144],[-87.1111426682148,41.6212561027369],[-87.1167061702213,41.6176029792381],[-87.1232060373062,41.6180532083208],[-87.1260043285301,41.6160929675736],[-87.1333614754627,41.6155250516085],[-87.1356631796284,41.6146072549003],[-87.13776219782952,41.6152908632096],[-87.1400300741388,41.6146398960783],[-87.1444745736609,41.6111776300108],[-87.1636457533329,41.6122313085765],[-87.1651911155742,41.6115301179565]]},"properties":{"site":"04094000","gauge_name":"LITTLE CALUMET RIVER AT PORTER, IN","gauge_distance_m":47.3,"association":"nearest gauge on source stream line (unverified)","condition":"unclassified","source_kmz":"greatlakes.kmz","segment_id":"greatlakes-1751-1"}},{"type":"Feature","geometry":{"type":"LineString","coordinates":[[-87.8901307603558,42.9050375782769],[-87.8881957389889,42.9057257374871],[-87.87976081174831,42.9049314214101],[-87.8746284535764,42.9075762802342],[-87.8732716608362,42.9096477433815],[-87.8727035937504,42.91446334691791],[-87.8743445111869,42.9194165889198],[-87.8754174930993,42.9197529150442],[-87.8751335027185,42.9221607542235],[-87.8715040808101,42.92462972821631],[-87.8696630594766,42.9245150183765],[-87.86960838841085,42.92445136641441]]},"properties":{"site":"04087204","gauge_name":"OAK CREEK AT SOUTH MILWAUKEE, WI","gauge_distance_m":51.4,"association":"nearest gauge on source stream line (unverified)","condition":"unclassified","source_kmz":"greatlakes.kmz","segment_id":"greatlakes-1765-0"}},{"type":"Feature","geometry":{"type":"LineString","coordinates":[[-87.86960838841085,42.92445136641441],[-87.8686847760804,42.9233760309286],[-87.8616890723892,42.9229398458128],[-87.861794994072,42.9189038630134],[-87.85987049025451,42.9163582522925],[-87.85708335670262,42.9148367890975],[-87.8561686682525,42.9131626642356],[-87.8483229182388,42.9105165875177],[-87.8464941248065,42.907168234973],[-87.8426765634052,42.9065252954658]]},"properties":{"site":"04087204","gauge_name":"OAK CREEK AT SOUTH MILWAUKEE, WI","gauge_distance_m":51.4,"association":"nearest gauge on source stream line (unverified)","condition":"unclassified","source_kmz":"greatlakes.kmz","segment_id":"greatlakes-1765-1"}},{"type":"Feature","geometry":{"type":"LineString","coordinates":[[-87.99382052576422,42.8933883360907],[-87.9947120802977,42.8920957475001],[-87.99367495194872,42.888259624035],[-87.9913473185565,42.8859610252705],[-87.9903777261384,42.8783566235895],[-87.9951665641461,42.87541720292321],[-87.99498312665548,42.87377240291201]]},"properties":{"site":"04087220","gauge_name":"ROOT RIVER NEAR FRANKLIN, WI","gauge_distance_m":71.4,"association":"nearest gauge on source stream line (unverified)","condition":"unclassified","source_kmz":"greatlakes.kmz","segment_id":"greatlakes-1768-0"}},{"type":"Feature","geometry":{"type":"LineString","coordinates":[[-87.99498312665548,42.87377240291201],[-87.9944403665494,42.86890572148501],[-87.996710182944,42.8685061596055],[-87.9980097913298,42.86050241678881],[-88.0004966048043,42.8582299984718]]},"properties":{"site":"04087220","gauge_name":"ROOT RIVER NEAR FRANKLIN, WI","gauge_distance_m":71.4,"association":"nearest gauge on source stream line (unverified)","condition":"unclassified","source_kmz":"greatlakes.kmz","segment_id":"greatlakes-1768-1"}},{"type":"Feature","geometry":{"type":"LineString","coordinates":[[-87.9902629174621,42.8538293732179],[-87.9839781130758,42.8537125157295],[-87.9768444970014,42.848154120062],[-87.97500533880202,42.8480409060878],[-87.9740264026431,42.8469028380091],[-87.97508229328416,42.84356791683303]]},"properties":{"site":"040872342","gauge_name":"Root River at W. Eight Mile Rd near Caledonia, WI","gauge_distance_m":56.2,"association":"nearest gauge on source stream line (unverified)","condition":"unclassified","source_kmz":"greatlakes.kmz","segment_id":"greatlakes-1772-0"}},{"type":"Feature","geometry":{"type":"LineString","coordinates":[[-87.97508229328416,42.84356791683303],[-87.9751979280409,42.8432026964362],[-87.9738823952229,42.8417744604781],[-87.97410034644412,42.8399017560672],[-87.9706093748953,42.8380700622288],[-87.966931621521,42.8378434362884]]},"properties":{"site":"040872342","gauge_name":"Root River at W. Eight Mile Rd near Caledonia, WI","gauge_distance_m":56.2,"association":"nearest gauge on source stream line (unverified)","condition":"unclassified","source_kmz":"greatlakes.kmz","segment_id":"greatlakes-1772-1"}},{"type":"Feature","geometry":{"type":"LineString","coordinates":[[-87.9887079628646,42.7906859061054],[-87.9927098537571,42.79766756682271],[-87.9923373077852,42.8008777730649],[-87.99031305306592,42.802369890587],[-87.9898782533825,42.8061151504873],[-87.99204789344462,42.80975110721161],[-87.9921050082076,42.812448920666],[-87.9947978528529,42.8147698434967],[-87.99483417657972,42.815428271319405]]},"properties":{"site":"04087233","gauge_name":"ROOT RIVER CANAL NEAR FRANKLIN, WI","gauge_distance_m":9.8,"association":"nearest gauge on source stream line (unverified)","condition":"unclassified","source_kmz":"greatlakes.kmz","segment_id":"greatlakes-1774-0"}},{"type":"Feature","geometry":{"type":"LineString","coordinates":[[-87.99483417657972,42.815428271319405],[-87.9949171678658,42.8169326260918],[-87.9972425963441,42.8192309249929],[-87.99729992162621,42.82192877391],[-87.9996255973445,42.8242270473492],[-87.9995852876465,42.8309604493141]]},"properties":{"site":"04087233","gauge_name":"ROOT RIVER CANAL NEAR FRANKLIN, WI","gauge_distance_m":9.8,"association":"nearest gauge on source stream line (unverified)","condition":"unclassified","source_kmz":"greatlakes.kmz","segment_id":"greatlakes-1774-1"}},{"type":"Feature","geometry":{"type":"LineString","coordinates":[[-87.8748363182017,42.6543091143755],[-87.8724890414074,42.6522766181357],[-87.8744276088886,42.64835684808],[-87.8699745394076,42.6453844865043],[-87.8677742175757,42.6452468621033],[-87.8642219789217,42.6471797755661],[-87.86100987872553,42.64774336790928]]},"properties":{"site":"04087257","gauge_name":"PIKE RIVER NEAR RACINE, WI","gauge_distance_m":95.1,"association":"nearest gauge on source stream line (unverified)","condition":"unclassified","source_kmz":"greatlakes.kmz","segment_id":"greatlakes-1778-0"}},{"type":"Feature","geometry":{"type":"LineString","coordinates":[[-87.86100987872553,42.64774336790928],[-87.8608269745495,42.647775460119],[-87.8598415964264,42.6498689571374],[-87.8578504010871,42.6510912671013],[-87.8527474822798,42.65050217914121],[-87.8499479804541,42.6554453686306],[-87.8455980708693,42.65786667439031],[-87.8418791512317,42.6549393172937],[-87.8400453428485,42.6548242360113],[-87.8344684425184,42.6582458095496],[-87.8307690749226,42.6582828354727],[-87.82543834567431,42.6533678158215],[-87.8257545834088,42.6506936126669]]},"properties":{"site":"04087257","gauge_name":"PIKE RIVER NEAR RACINE, WI","gauge_distance_m":95.1,"association":"nearest gauge on source stream line (unverified)","condition":"unclassified","source_kmz":"greatlakes.kmz","segment_id":"greatlakes-1778-1"}},{"type":"Feature","geometry":{"type":"LineString","coordinates":[[-87.8617051869792,42.7752674334227],[-87.85812579382932,42.7742353372629],[-87.85402126780092,42.77451753222211],[-87.8498219495798,42.7756020188484],[-87.8485301873572,42.7771378703285],[-87.8463573182039,42.776732384376],[-87.8385225556591,42.7835168646464],[-87.8357922392886,42.7846930156247],[-87.825871225671,42.7840706910111],[-87.8235209848119,42.7820369334746],[-87.8222226729903,42.7773746081188],[-87.8265175623299,42.7754886021659],[-87.8254598282191,42.771919279684],[-87.8301025539042,42.7670910549795],[-87.8290383088999,42.7573240558643],[-87.8265305465365,42.7566277366912],[-87.8238772883785,42.7540360869345],[-87.82388668721602,42.751670175258525]]},"properties":{"site":"04087240","gauge_name":"ROOT RIVER AT RACINE, WI","gauge_distance_m":22.9,"association":"nearest gauge on source stream line (unverified)","condition":"unclassified","source_kmz":"greatlakes.kmz","segment_id":"greatlakes-1782-0"}},{"type":"Feature","geometry":{"type":"LineString","coordinates":[[-87.82388668721602,42.751670175258525],[-87.8239029717631,42.7475709661756],[-87.8171603730752,42.742027794414],[-87.8185286492067,42.7367249256892],[-87.8157179562375,42.7354704359132],[-87.8135282016374,42.7320993982364],[-87.8062167521827,42.7313698256664],[-87.8049025417978,42.7237426757766],[-87.79756030132,42.7232800692891],[-87.7924239643669,42.7291534413151],[-87.78584731455,42.7284690387981],[-87.7865033786266,42.7322827268141],[-87.785242837331,42.7335504130729],[-87.7815075879557,42.7338534864409],[-87.779862816448,42.73213290214051],[-87.7785777908662,42.7320517282004]]},"properties":{"site":"04087240","gauge_name":"ROOT RIVER AT RACINE, WI","gauge_distance_m":22.9,"association":"nearest gauge on source stream line (unverified)","condition":"unclassified","source_kmz":"greatlakes.kmz","segment_id":"greatlakes-1782-1"}},{"type":"Feature","geometry":{"type":"LineString","coordinates":[[-88.13681490774411,43.1963738052313],[-88.1320680255622,43.1923148918529],[-88.12430389455082,43.19184814584271],[-88.1141349400118,43.1831493910731],[-88.1152124331965,43.180249176398],[-88.1141027578029,43.1769476921454],[-88.1087428470128,43.1750073989652],[-88.1071101226735,43.1730220944012],[-88.10279680337871,43.17310812783071]]},"properties":{"site":"04087030","gauge_name":"MENOMONEE RIVER AT MENOMONEE FALLS, WI","gauge_distance_m":34.3,"association":"nearest gauge on source stream line (unverified)","condition":"unclassified","source_kmz":"greatlakes.kmz","segment_id":"greatlakes-1784-0"}},{"type":"Feature","geometry":{"type":"LineString","coordinates":[[-88.10279680337871,43.17310812783071],[-88.0936809884243,43.1732899517973],[-88.090539130874,43.1747175072418],[-88.0894919622327,43.1741151187931]]},"properties":{"site":"04087030","gauge_name":"MENOMONEE RIVER AT MENOMONEE FALLS, WI","gauge_distance_m":34.3,"association":"nearest gauge on source stream line (unverified)","condition":"unclassified","source_kmz":"greatlakes.kmz","segment_id":"greatlakes-1784-1"}},{"type":"Feature","geometry":{"type":"LineString","coordinates":[[-88.03246638065201,43.0593341517403],[-88.02942476607981,43.0567230128614],[-88.023307645992,43.0550022308219],[-88.0232491086958,43.0523034364844],[-88.0211907321989,43.050830186468],[-88.0098162519685,43.04959624941921],[-88.0069893235166,43.0483452940445],[-88.0040424941253,43.0449307495866],[-88.00383585597346,43.04491810447534]]},"properties":{"site":"04087119","gauge_name":"HONEY CREEK AT WAUWATOSA, WI","gauge_distance_m":150.6,"association":"nearest gauge on source stream line (unverified)","condition":"unclassified","source_kmz":"greatlakes.kmz","segment_id":"greatlakes-1791-0"}},{"type":"Feature","geometry":{"type":"LineString","coordinates":[[-88.00383585597346,43.04491810447534],[-88.00146026183312,43.0447727312617]]},"properties":{"site":"04087119","gauge_name":"HONEY CREEK AT WAUWATOSA, WI","gauge_distance_m":150.6,"association":"nearest gauge on source stream line (unverified)","condition":"unclassified","source_kmz":"greatlakes.kmz","segment_id":"greatlakes-1791-1"}},{"type":"Feature","geometry":{"type":"LineString","coordinates":[[-88.00146026183312,43.0447727312617],[-87.9996789423813,43.04504448900895]]},"properties":{"site":"04087120","gauge_name":"MENOMONEE RIVER AT WAUWATOSA, WI","gauge_distance_m":56.4,"association":"nearest gauge on source stream line (unverified)","condition":"unclassified","source_kmz":"greatlakes.kmz","segment_id":"greatlakes-1792-0"}},{"type":"Feature","geometry":{"type":"LineString","coordinates":[[-87.9996789423813,43.04504448900895],[-87.997677971223,43.0453497567776],[-87.994669438107,43.0424702512749],[-87.99021179238581,43.042466631078]]},"properties":{"site":"04087120","gauge_name":"MENOMONEE RIVER AT WAUWATOSA, WI","gauge_distance_m":56.4,"association":"nearest gauge on source stream line (unverified)","condition":"unclassified","source_kmz":"greatlakes.kmz","segment_id":"greatlakes-1792-1"}},{"type":"Feature","geometry":{"type":"LineString","coordinates":[[-85.9049414932884,42.1928120817598],[-85.9010095780084,42.1970905861485],[-85.90053417965483,42.20035940171716]]},"properties":{"site":"04102148","gauge_name":"SOUTH BRANCH PAW PAW RIVER NEAR PAW PAW, MI","gauge_distance_m":74.1,"association":"nearest gauge on source stream line (unverified)","condition":"unclassified","source_kmz":"greatlakes.kmz","segment_id":"greatlakes-1824-0"}},{"type":"Feature","geometry":{"type":"LineString","coordinates":[[-85.90053417965483,42.20035940171716],[-85.9000397553434,42.2037590388311]]},"properties":{"site":"04102148","gauge_name":"SOUTH BRANCH PAW PAW RIVER NEAR PAW PAW, MI","gauge_distance_m":74.1,"association":"nearest gauge on source stream line (unverified)","condition":"unclassified","source_kmz":"greatlakes.kmz","segment_id":"greatlakes-1824-1"}},{"type":"Feature","geometry":{"type":"LineString","coordinates":[[-85.4329105004659,42.0265471495027],[-85.4350065909521,42.02483016511781],[-85.4485827326522,42.0248642033442],[-85.45273353706132,42.0216962459087],[-85.45555701088232,42.0127526100338],[-85.45696029884604,42.01160236600759]]},"properties":{"site":"040970647","gauge_name":"LITTLE PORTAGE CR AT LANE ST AT MENDON, MI","gauge_distance_m":22.2,"association":"nearest gauge on source stream line (unverified)","condition":"unclassified","source_kmz":"greatlakes.kmz","segment_id":"greatlakes-1851-0"}},{"type":"Feature","geometry":{"type":"LineString","coordinates":[[-85.45696029884604,42.01160236600759],[-85.4576521310997,42.01103528645051],[-85.4580155157887,42.008636416603],[-85.4558416580277,42.0060297115698],[-85.4561243208111,42.0041639383599],[-85.4601121048331,42.0020619729764]]},"properties":{"site":"040970647","gauge_name":"LITTLE PORTAGE CR AT LANE ST AT MENDON, MI","gauge_distance_m":22.2,"association":"nearest gauge on source stream line (unverified)","condition":"unclassified","source_kmz":"greatlakes.kmz","segment_id":"greatlakes-1851-1"}},{"type":"Feature","geometry":{"type":"LineString","coordinates":[[-85.7242460480705,42.02206887296781],[-85.71813859727241,42.02344174439487]]},"properties":{"site":"04097349","gauge_name":"ROCKY RIVER AT BENT RD AT HOWARDSVILLE, MI","gauge_distance_m":103.7,"association":"nearest gauge on source stream line (unverified)","condition":"unclassified","source_kmz":"greatlakes.kmz","segment_id":"greatlakes-1852-0"}},{"type":"Feature","geometry":{"type":"LineString","coordinates":[[-85.71813859727241,42.02344174439487],[-85.71627580138181,42.0238604754395],[-85.713043314918,42.0209045358142]]},"properties":{"site":"04097349","gauge_name":"ROCKY RIVER AT BENT RD AT HOWARDSVILLE, MI","gauge_distance_m":103.7,"association":"nearest gauge on source stream line (unverified)","condition":"unclassified","source_kmz":"greatlakes.kmz","segment_id":"greatlakes-1852-1"}},{"type":"Feature","geometry":{"type":"LineString","coordinates":[[-86.0748024357688,42.0463242596263],[-86.0878048600044,42.0400443306541],[-86.0983787101173,42.03276768372921],[-86.10668975802737,42.02860464677865]]},"properties":{"site":"04101535","gauge_name":"DOWAGIAC RIVER AT STATE HWY 51 NEAR DOWAGIAC, MI","gauge_distance_m":38.8,"association":"nearest gauge on source stream line (unverified)","condition":"unclassified","source_kmz":"greatlakes.kmz","segment_id":"greatlakes-1872-0"}},{"type":"Feature","geometry":{"type":"LineString","coordinates":[[-86.10668975802737,42.02860464677865],[-86.108647147304,42.0276241827056],[-86.1112788994288,42.0245904214794],[-86.1117714546995,42.021122761103],[-86.1133742087366,42.0201672021212],[-86.1139045052893,42.0164328100617],[-86.1159077700556,42.0152383319497],[-86.1188100040921,42.0154610468517]]},"properties":{"site":"04101535","gauge_name":"DOWAGIAC RIVER AT STATE HWY 51 NEAR DOWAGIAC, MI","gauge_distance_m":38.8,"association":"nearest gauge on source stream line (unverified)","condition":"unclassified","source_kmz":"greatlakes.kmz","segment_id":"greatlakes-1872-1"}},{"type":"Feature","geometry":{"type":"LineString","coordinates":[[-85.5995341862092,41.9775200622336],[-85.6177888711105,41.9657747778328],[-85.6188267169604,41.96127221667741],[-85.6218045348813,41.9609729220105],[-85.62240034306892,41.9569742793265],[-85.6242911415287,41.9565872455243],[-85.6251647068983,41.95072258793901],[-85.62834763564624,41.94689343105593]]},"properties":{"site":"04097345","gauge_name":"PORTAGE RIVER AT FIFTH AVENUE AT THREE RIVERS, MI","gauge_distance_m":18.7,"association":"nearest gauge on source stream line (unverified)","condition":"unclassified","source_kmz":"greatlakes.kmz","segment_id":"greatlakes-1880-0"}},{"type":"Feature","geometry":{"type":"LineString","coordinates":[[-85.62834763564624,41.94689343105593],[-85.6287374044702,41.9464245276989],[-85.63155071187362,41.9447629350314],[-85.63223031819172,41.94265953833931]]},"properties":{"site":"04097345","gauge_name":"PORTAGE RIVER AT FIFTH AVENUE AT THREE RIVERS, MI","gauge_distance_m":18.7,"association":"nearest gauge on source stream line (unverified)","condition":"unclassified","source_kmz":"greatlakes.kmz","segment_id":"greatlakes-1880-1"}},{"type":"Feature","geometry":{"type":"LineString","coordinates":[[-85.64714891252281,41.9557311599525],[-85.6444092294103,41.9544315460881],[-85.637753406719,41.9474209908614],[-85.63762910418991,41.9457923449115],[-85.632909883635,41.940556143171]]},"properties":{"site":"04097500","gauge_name":"ST. JOSEPH RIVER AT THREE RIVERS, MI","gauge_distance_m":28.1,"association":"nearest gauge on source stream line (unverified)","condition":"unclassified","source_kmz":"greatlakes.kmz","segment_id":"greatlakes-1882-0"}},{"type":"Feature","geometry":{"type":"LineString","coordinates":[[-85.974809064599,42.0043302771301],[-85.9800994416847,42.0006968306263],[-85.981839708343,41.9962476476341],[-85.9835203915943,41.99476033537711],[-85.9893431064954,41.9925164565988],[-85.9935057363474,41.989064609786],[-85.996406491327,41.9892900660866],[-86.0016180312913,41.9861891978991],[-86.00236467095971,41.984429909692366]]},"properties":{"site":"04101590","gauge_name":"DOWAGIAC CREEK AT DUTCH SETTLEMENT RD NR DOWAGIAC,","gauge_distance_m":5.2,"association":"nearest gauge on source stream line (unverified)","condition":"unclassified","source_kmz":"greatlakes.kmz","segment_id":"greatlakes-1884-0"}},{"type":"Feature","geometry":{"type":"LineString","coordinates":[[-86.00236467095971,41.984429909692366],[-86.0038339589739,41.9809678634269],[-86.0085107542214,41.9764769474349],[-86.0074432281654,41.9736973908247],[-86.0102868575273,41.9717608106408],[-86.0118332878294,41.9686448547654]]},"properties":{"site":"04101590","gauge_name":"DOWAGIAC CREEK AT DUTCH SETTLEMENT RD NR DOWAGIAC,","gauge_distance_m":5.2,"association":"nearest gauge on source stream line (unverified)","condition":"unclassified","source_kmz":"greatlakes.kmz","segment_id":"greatlakes-1884-1"}},{"type":"Feature","geometry":{"type":"LineString","coordinates":[[-85.407000246456,41.8857162364995],[-85.40977253307376,41.888127956362034]]},"properties":{"site":"04097540","gauge_name":"PRAIRIE RIVER NEAR NOTTAWA, MI","gauge_distance_m":40.1,"association":"nearest gauge on source stream line (unverified)","condition":"unclassified","source_kmz":"greatlakes.kmz","segment_id":"greatlakes-1898-0"}},{"type":"Feature","geometry":{"type":"LineString","coordinates":[[-85.40977253307376,41.888127956362034],[-85.41282486833721,41.8907833014244],[-85.4139508747397,41.8906062415764],[-85.41607911959571,41.8934797954812],[-85.42074066884071,41.8965618770389],[-85.4225500563825,41.8967108133281],[-85.4268097790575,41.9000293976532],[-85.4270888458899,41.9030204209277],[-85.4335998366933,41.908412690684],[-85.435727758633,41.9137142638562],[-85.4381403817326,41.9147219937177]]},"properties":{"site":"04097540","gauge_name":"PRAIRIE RIVER NEAR NOTTAWA, MI","gauge_distance_m":40.1,"association":"nearest gauge on source stream line (unverified)","condition":"unclassified","source_kmz":"greatlakes.kmz","segment_id":"greatlakes-1898-1"}},{"type":"Feature","geometry":{"type":"LineString","coordinates":[[-86.2106050571243,41.91813334470041],[-86.21326571199971,41.9148311568673],[-86.21345393519358,41.91349019715935]]},"properties":{"site":"04101800","gauge_name":"DOWAGIAC RIVER AT SUMNERVILLE, MI","gauge_distance_m":33.0,"association":"nearest gauge on source stream line (unverified)","condition":"unclassified","source_kmz":"greatlakes.kmz","segment_id":"greatlakes-1908-0"}},{"type":"Feature","geometry":{"type":"LineString","coordinates":[[-86.21345393519358,41.91349019715935],[-86.2137524407404,41.9113635521768],[-86.2188975197487,41.9033978165723],[-86.2175353685681,41.9000592126654],[-86.2221674183881,41.8931328289802],[-86.2224665852191,41.8909989490613]]},"properties":{"site":"04101800","gauge_name":"DOWAGIAC RIVER AT SUMNERVILLE, MI","gauge_distance_m":33.0,"association":"nearest gauge on source stream line (unverified)","condition":"unclassified","source_kmz":"greatlakes.kmz","segment_id":"greatlakes-1908-1"}},{"type":"Feature","geometry":{"type":"LineString","coordinates":[[-85.74690969328171,41.8358716145163],[-85.7471356167957,41.83184409485],[-85.74314661125197,41.830496764814]]},"properties":{"site":"04098980","gauge_name":"MILL CREEK AT QUAKER STREET NEAR MOTTVILLE, MI","gauge_distance_m":14.2,"association":"nearest gauge on source stream line (unverified)","condition":"unclassified","source_kmz":"greatlakes.kmz","segment_id":"greatlakes-1919-0"}},{"type":"Feature","geometry":{"type":"LineString","coordinates":[[-85.74314661125197,41.830496764814],[-85.7366774986121,41.8283117516145],[-85.73368849521812,41.8237575670579],[-85.7343246453224,41.8219204910925],[-85.7357711379012,41.8220361143798],[-85.7374136563254,41.8208188721819],[-85.741482254432,41.813052943969],[-85.7416389866176,41.8119866699782],[-85.7390991296792,41.8093564373877]]},"properties":{"site":"04098980","gauge_name":"MILL CREEK AT QUAKER STREET NEAR MOTTVILLE, MI","gauge_distance_m":14.2,"association":"nearest gauge on source stream line (unverified)","condition":"unclassified","source_kmz":"greatlakes.kmz","segment_id":"greatlakes-1919-1"}},{"type":"Feature","geometry":{"type":"LineString","coordinates":[[-85.5739944681886,41.7464220171771],[-85.5757605286851,41.746835278569],[-85.57733103387227,41.748280889831385]]},"properties":{"site":"04099750","gauge_name":"PIGEON RIVER NEAR SCOTT, IN","gauge_distance_m":107.4,"association":"nearest gauge on source stream line (unverified)","condition":"unclassified","source_kmz":"greatlakes.kmz","segment_id":"greatlakes-1931-0"}},{"type":"Feature","geometry":{"type":"LineString","coordinates":[[-85.57733103387227,41.748280889831385],[-85.5786531751993,41.7494978882905],[-85.5784145675336,41.751096890666],[-85.5833554858777,41.7547349530553],[-85.5824411068444,41.7608645430447],[-85.58308751839841,41.7638840932691],[-85.5947030705557,41.7742672149702],[-85.6022114471855,41.7754152779073],[-85.6048994774926,41.7745541286455],[-85.6077900830692,41.7747882509249],[-85.6191592441592,41.7794846134095],[-85.6260250598351,41.7800397911709],[-85.6312526989229,41.7842383902043],[-85.6352279566134,41.7845594820431],[-85.6368766415239,41.7857715065084],[-85.6455502238715,41.7864715351734],[-85.648238145418,41.7856094713846],[-85.64864477390051,41.7878000264936],[-85.6523774247618,41.7872918446933],[-85.6565228834234,41.7914020370401],[-85.6614189173423,41.7904478890433],[-85.6639032319201,41.788490234707],[-85.6668340627682,41.7884564980311],[-85.6704153188339,41.7914418963789],[-85.6716573854332,41.79046298688941],[-85.6756331809282,41.7907828343797],[-85.6795234210316,41.7892076977032],[-85.6819352553195,41.790210727488],[-85.687586047761,41.7866192070645],[-85.6897545796713,41.7867934157351],[-85.6951292932309,41.7850673883707],[-85.69845328198241,41.7823674731217],[-85.7000730533006,41.7738670209684],[-85.70167575040252,41.7729168428941],[-85.7019902414166,41.7707844869835],[-85.7133412157952,41.7681888230692]]},"properties":{"site":"04099750","gauge_name":"PIGEON RIVER NEAR SCOTT, IN","gauge_distance_m":107.4,"association":"nearest gauge on source stream line (unverified)","condition":"unclassified","source_kmz":"greatlakes.kmz","segment_id":"greatlakes-1931-1"}},{"type":"Feature","geometry":{"type":"LineString","coordinates":[[-86.2142221706779,41.7097709852162],[-86.2205379652401,41.71160027148581],[-86.22421338617922,41.7140366172738],[-86.230205821926,41.715571223359],[-86.23568822896671,41.7181448061813],[-86.2468883292161,41.7189967577244],[-86.2514258242,41.7231148956635],[-86.2534821927157,41.7240796846662],[-86.258540794307,41.7244638608777],[-86.2601885069157,41.7283622082535],[-86.2624641133634,41.72874984233279]]},"properties":{"site":"04101370","gauge_name":"JUDY CREEK NEAR SOUTH BEND, IN","gauge_distance_m":18.6,"association":"nearest gauge on source stream line (unverified)","condition":"unclassified","source_kmz":"greatlakes.kmz","segment_id":"greatlakes-1954-0"}},{"type":"Feature","geometry":{"type":"LineString","coordinates":[[-86.2624641133634,41.72874984233279],[-86.26304217323882,41.7288483109005],[-86.2637007403903,41.7267421439378],[-86.2673141986951,41.7270162897951]]},"properties":{"site":"04101370","gauge_name":"JUDY CREEK NEAR SOUTH BEND, IN","gauge_distance_m":18.6,"association":"nearest gauge on source stream line (unverified)","condition":"unclassified","source_kmz":"greatlakes.kmz","segment_id":"greatlakes-1954-1"}},{"type":"Feature","geometry":{"type":"LineString","coordinates":[[-85.4345759561737,41.4935977322099],[-85.4369757780426,41.4921778322264],[-85.4434523024171,41.4927128355011],[-85.44581179085381,41.4915591584357],[-85.4478375607085,41.49196033264915]]},"properties":{"site":"04100220","gauge_name":"WALDRON LAKE NEAR COSPERVILLE, IN","gauge_distance_m":77.1,"association":"nearest gauge on source stream line (unverified)","condition":"unclassified","source_kmz":"greatlakes.kmz","segment_id":"greatlakes-1990-0"}},{"type":"Feature","geometry":{"type":"LineString","coordinates":[[-85.4478375607085,41.49196033264915],[-85.4574851096086,41.4938708891878],[-85.4627615522326,41.4975422747767],[-85.464081432345,41.496032880063],[-85.4683599722721,41.4942278657972],[-85.470238711365,41.4962704831995],[-85.47187821192232,41.4950570443001],[-85.4750366953033,41.4958565026675],[-85.4760767407402,41.49135736906651],[-85.4748375481891,41.48990689156981],[-85.4749178839376,41.4869469116701],[-85.4722396534098,41.4853779076851],[-85.4730792751875,41.4846379872704]]},"properties":{"site":"04100220","gauge_name":"WALDRON LAKE NEAR COSPERVILLE, IN","gauge_distance_m":77.1,"association":"nearest gauge on source stream line (unverified)","condition":"unclassified","source_kmz":"greatlakes.kmz","segment_id":"greatlakes-1990-1"}},{"type":"Feature","geometry":{"type":"LineString","coordinates":[[-85.4730792751875,41.4846379872704],[-85.47520472268789,41.48122900268525]]},"properties":{"site":"04100222","gauge_name":"NB ELKHART RIVER AT COSPERVILLE, IN","gauge_distance_m":43.4,"association":"nearest gauge on source stream line (unverified)","condition":"unclassified","source_kmz":"greatlakes.kmz","segment_id":"greatlakes-1994-0"}},{"type":"Feature","geometry":{"type":"LineString","coordinates":[[-85.47520472268789,41.48122900268525],[-85.4754783045043,41.4807902074693],[-85.4774771108765,41.4796063383326],[-85.4806749502932,41.480139251175],[-85.4829135104936,41.4773569279609],[-85.4823139494303,41.47649853595],[-85.4843524880202,41.4750481700226],[-85.483553083218,41.4730946076673],[-85.4880695898291,41.4721177600873],[-85.4912669147501,41.4702232576544],[-85.49110690326322,41.468861698785],[-85.4927853383781,41.46738163029631]]},"properties":{"site":"04100222","gauge_name":"NB ELKHART RIVER AT COSPERVILLE, IN","gauge_distance_m":43.4,"association":"nearest gauge on source stream line (unverified)","condition":"unclassified","source_kmz":"greatlakes.kmz","segment_id":"greatlakes-1994-1"}},{"type":"Feature","geometry":{"type":"LineString","coordinates":[[-86.0715455956322,42.9338039289806],[-86.07620870986692,42.9349690594626],[-86.08114825168227,42.93206105692463]]},"properties":{"site":"04108862","gauge_name":"PIGEON RIVER AT 120TH AVENUE NR OLIVE CENTER, MI","gauge_distance_m":107.5,"association":"nearest gauge on source stream line (unverified)","condition":"unclassified","source_kmz":"greatlakes.kmz","segment_id":"greatlakes-2026-0"}},{"type":"Feature","geometry":{"type":"LineString","coordinates":[[-86.08114825168227,42.93206105692463],[-86.0823002563259,42.9313828498049]]},"properties":{"site":"04108862","gauge_name":"PIGEON RIVER AT 120TH AVENUE NR OLIVE CENTER, MI","gauge_distance_m":107.5,"association":"nearest gauge on source stream line (unverified)","condition":"unclassified","source_kmz":"greatlakes.kmz","segment_id":"greatlakes-2026-1"}},{"type":"Feature","geometry":{"type":"LineString","coordinates":[[-86.0823002563259,42.9313828498049],[-86.0827063369238,42.93114375977]]},"properties":{"site":"04108862","gauge_name":"PIGEON RIVER AT 120TH AVENUE NR OLIVE CENTER, MI","gauge_distance_m":159.6,"association":"nearest gauge on source stream line (unverified)","condition":"unclassified","source_kmz":"greatlakes.kmz","segment_id":"greatlakes-2027-0"}},{"type":"Feature","geometry":{"type":"LineString","coordinates":[[-86.0827063369238,42.93114375977],[-86.0916052754039,42.9312806407464],[-86.0983539595896,42.9282837201177],[-86.098990572581,42.9264421918056],[-86.10245232059532,42.9256252144913],[-86.108250928058,42.9214758042247],[-86.1107085516984,42.9224722704824],[-86.1164903110046,42.9210210600776],[-86.1235502939819,42.92101637386541],[-86.1287115314319,42.9187077065789],[-86.1312842662394,42.9189025705466],[-86.1379534643672,42.9164378031309],[-86.1408936670441,42.9166602921364],[-86.14476020294582,42.9156029409901],[-86.15052591480001,42.916848773483],[-86.15645918635381,42.9143275083164],[-86.1566502051333,42.9129921266628],[-86.1600486012545,42.9100092766723],[-86.1744956790012,42.910289613673],[-86.17696758236042,42.9085863048456],[-86.1772344292261,42.9067167455361],[-86.1821015247143,42.90384415984081]]},"properties":{"site":"04108862","gauge_name":"PIGEON RIVER AT 120TH AVENUE NR OLIVE CENTER, MI","gauge_distance_m":193.4,"association":"nearest gauge on source stream line (unverified)","condition":"unclassified","source_kmz":"greatlakes.kmz","segment_id":"greatlakes-2029-0"}},{"type":"Feature","geometry":{"type":"LineString","coordinates":[[-86.0034554967926,42.7809175047349],[-86.0083006755165,42.7807498955239],[-86.0106946534166,42.7795840184335],[-86.01843791965018,42.779418923303496]]},"properties":{"site":"04108800","gauge_name":"MACATAWA RIVER AT STATE ROAD NEAR ZEELAND, MI","gauge_distance_m":25.4,"association":"nearest gauge on source stream line (unverified)","condition":"unclassified","source_kmz":"greatlakes.kmz","segment_id":"greatlakes-2041-0"}},{"type":"Feature","geometry":{"type":"LineString","coordinates":[[-86.01843791965018,42.779418923303496],[-86.0244576495857,42.7792905759025]]},"properties":{"site":"04108800","gauge_name":"MACATAWA RIVER AT STATE ROAD NEAR ZEELAND, MI","gauge_distance_m":25.4,"association":"nearest gauge on source stream line (unverified)","condition":"unclassified","source_kmz":"greatlakes.kmz","segment_id":"greatlakes-2041-1"}},{"type":"Feature","geometry":{"type":"LineString","coordinates":[[-86.1559113717708,42.33410862656981],[-86.1605214771057,42.3379661100531],[-86.1657237231345,42.3402499798995],[-86.1720714639153,42.3396535199964],[-86.1744475239795,42.3384853526439],[-86.1806816433021,42.3386890704128],[-86.1834842231236,42.3397110257038],[-86.1870895561118,42.3480767323509],[-86.1863717565656,42.3531473319122],[-86.18725738568563,42.35394549332626]]},"properties":{"site":"04102700","gauge_name":"SOUTH BRANCH BLACK RIVER NEAR BANGOR, MI","gauge_distance_m":0.9,"association":"nearest gauge on source stream line (unverified)","condition":"unclassified","source_kmz":"greatlakes.kmz","segment_id":"greatlakes-2073-0"}},{"type":"Feature","geometry":{"type":"LineString","coordinates":[[-86.18725738568563,42.35394549332626],[-86.190293400291,42.3566816609338],[-86.1907582108803,42.3586050928784]]},"properties":{"site":"04102700","gauge_name":"SOUTH BRANCH BLACK RIVER NEAR BANGOR, MI","gauge_distance_m":0.9,"association":"nearest gauge on source stream line (unverified)","condition":"unclassified","source_kmz":"greatlakes.kmz","segment_id":"greatlakes-2073-1"}},{"type":"Feature","geometry":{"type":"LineString","coordinates":[[-85.7003511983312,42.6573554122669],[-85.7055864416439,42.6545306733926],[-85.7096119984311,42.6548498193279],[-85.711895317883,42.6569207476251],[-85.7149026411711,42.6566190369976],[-85.7165571589648,42.6529701986557],[-85.7152045103379,42.6496231420059],[-85.7159282447144,42.6472505627546],[-85.7186884368301,42.6461192576413],[-85.7206686723264,42.64276624233071],[-85.72371242621868,42.6416110347155]]},"properties":{"site":"04108600","gauge_name":"RABBIT RIVER NEAR HOPKINS, MI","gauge_distance_m":1.9,"association":"nearest gauge on source stream line (unverified)","condition":"unclassified","source_kmz":"greatlakes.kmz","segment_id":"greatlakes-2106-0"}},{"type":"Feature","geometry":{"type":"LineString","coordinates":[[-85.72371242621868,42.6416110347155],[-85.7242001227901,42.641425937361],[-85.72439871285,42.6400917330079],[-85.7299975490152,42.6372950474125],[-85.7313816827135,42.637944521621],[-85.7356444321837,42.6366618050705],[-85.7422302540134,42.6371824469047],[-85.74381270611751,42.63649756391],[-85.75519469214932,42.63712645789541]]},"properties":{"site":"04108600","gauge_name":"RABBIT RIVER NEAR HOPKINS, MI","gauge_distance_m":1.9,"association":"nearest gauge on source stream line (unverified)","condition":"unclassified","source_kmz":"greatlakes.kmz","segment_id":"greatlakes-2106-1"}},{"type":"Feature","geometry":{"type":"LineString","coordinates":[[-85.5754125072087,42.2489204992684],[-85.5759798043443,42.25004585745671],[-85.5743644124966,42.2509950043997],[-85.5736399757184,42.2533655368168],[-85.5741271349145,42.2550242231407],[-85.5754220829913,42.2562083350462],[-85.5765535827892,42.2560297782644],[-85.5777284092138,42.2580138447699],[-85.5760327203399,42.2594963413278],[-85.5757121638313,42.2616296174402],[-85.5732485700336,42.2633200062256],[-85.57668671973931,42.2649470109379],[-85.57757796554651,42.2663684117769],[-85.5768534782371,42.268739008378],[-85.5783924159904,42.2707524655815],[-85.57699509203714,42.273679987915465]]},"properties":{"site":"04106500","gauge_name":"PORTAGE CREEK AT KALAMAZOO, MI","gauge_distance_m":33.0,"association":"nearest gauge on source stream line (unverified)","condition":"unclassified","source_kmz":"greatlakes.kmz","segment_id":"greatlakes-2145-0"}},{"type":"Feature","geometry":{"type":"LineString","coordinates":[[-85.57699509203714,42.273679987915465],[-85.5767798170436,42.27413100884731],[-85.5791301605206,42.2780992234038],[-85.5780416648315,42.2804405023678],[-85.5789765239878,42.2840246262078]]},"properties":{"site":"04106500","gauge_name":"PORTAGE CREEK AT KALAMAZOO, MI","gauge_distance_m":33.0,"association":"nearest gauge on source stream line (unverified)","condition":"unclassified","source_kmz":"greatlakes.kmz","segment_id":"greatlakes-2145-1"}},{"type":"Feature","geometry":{"type":"LineString","coordinates":[[-85.62637866474091,42.2503261408832],[-85.6225714484611,42.2462419870544],[-85.6173588642613,42.24663258547211],[-85.61439629794397,42.244136872033785]]},"properties":{"site":"04106400","gauge_name":"WEST FORK PORTAGE CREEK AT KALAMAZOO, MI","gauge_distance_m":22.3,"association":"nearest gauge on source stream line (unverified)","condition":"unclassified","source_kmz":"greatlakes.kmz","segment_id":"greatlakes-2146-0"}},{"type":"Feature","geometry":{"type":"LineString","coordinates":[[-85.61439629794397,42.244136872033785],[-85.6131087894346,42.2430522541908],[-85.6089833052379,42.2411010510826],[-85.5971397415722,42.239067819725],[-85.5952811078347,42.2391879297141],[-85.5912438325263,42.2415613301191],[-85.5848271661311,42.2475211260221],[-85.5780758065797,42.2458968230259],[-85.5756128265118,42.2475872230394],[-85.5754125072087,42.2489204992684]]},"properties":{"site":"04106400","gauge_name":"WEST FORK PORTAGE CREEK AT KALAMAZOO, MI","gauge_distance_m":22.3,"association":"nearest gauge on source stream line (unverified)","condition":"unclassified","source_kmz":"greatlakes.kmz","segment_id":"greatlakes-2146-1"}},{"type":"Feature","geometry":{"type":"LineString","coordinates":[[-85.5647297499606,43.1087140826565],[-85.56833169950552,43.109542336036],[-85.5702950490253,43.1088885022264],[-85.571066106062,43.1038158861541],[-85.5747457983249,43.10167777628971],[-85.5832162884507,43.1023538404117],[-85.5852603372385,43.1011658267476],[-85.5866082829268,43.09965205821811],[-85.5858645379305,43.0947289111454],[-85.5890977583438,43.0955272006611],[-85.5922057520778,43.0946941636718],[-85.5897862845213,43.0909885396512],[-85.59110794116809,43.08227477149867]]},"properties":{"site":"04118500","gauge_name":"ROGUE RIVER NEAR ROCKFORD, MI","gauge_distance_m":20.3,"association":"nearest gauge on source stream line (unverified)","condition":"unclassified","source_kmz":"greatlakes.kmz","segment_id":"greatlakes-2175-0"}},{"type":"Feature","geometry":{"type":"LineString","coordinates":[[-85.59110794116809,43.08227477149867],[-85.5911225764308,43.0821782802606],[-85.5923080898085,43.0817324004248],[-85.594027559773,43.0826800966655],[-85.5975840233862,43.0813423460377],[-85.5978632342237,43.07704137862141]]},"properties":{"site":"04118500","gauge_name":"ROGUE RIVER NEAR ROCKFORD, MI","gauge_distance_m":20.3,"association":"nearest gauge on source stream line (unverified)","condition":"unclassified","source_kmz":"greatlakes.kmz","segment_id":"greatlakes-2175-1"}},{"type":"Feature","geometry":{"type":"LineString","coordinates":[[-85.6718565355228,43.0483347812415],[-85.6706655224213,43.0463493501777],[-85.6727398922142,43.0424611008427],[-85.6717964930489,43.04130577711],[-85.66844436497001,43.0413105429126],[-85.6733420945779,43.0384563462331],[-85.666337608126,43.0330388420746],[-85.661226514367,43.0323637271141],[-85.66218464562272,43.0235243952275]]},"properties":{"site":"04118564","gauge_name":"GRAND RIVER AT N PARK ST NE AT GRAND RAPIDS, MI","gauge_distance_m":139.1,"association":"nearest gauge on source stream line (unverified)","condition":"unclassified","source_kmz":"greatlakes.kmz","segment_id":"greatlakes-2189-0"}},{"type":"Feature","geometry":{"type":"LineString","coordinates":[[-85.66218464562272,43.0235243952275],[-85.66227895207598,43.022897741330524]]},"properties":{"site":"04118564","gauge_name":"GRAND RIVER AT N PARK ST NE AT GRAND RAPIDS, MI","gauge_distance_m":120.1,"association":"nearest gauge on source stream line (unverified)","condition":"unclassified","source_kmz":"greatlakes.kmz","segment_id":"greatlakes-2190-0"}},{"type":"Feature","geometry":{"type":"LineString","coordinates":[[-85.66227895207598,43.022897741330524],[-85.6626265957374,43.0205876952238]]},"properties":{"site":"04118564","gauge_name":"GRAND RIVER AT N PARK ST NE AT GRAND RAPIDS, MI","gauge_distance_m":120.1,"association":"nearest gauge on source stream line (unverified)","condition":"unclassified","source_kmz":"greatlakes.kmz","segment_id":"greatlakes-2190-1"}},{"type":"Feature","geometry":{"type":"LineString","coordinates":[[-85.628588291201,42.9057765083308],[-85.6311188672382,42.9062481197162],[-85.6360541291482,42.9055604677537],[-85.6391237399101,42.9098564493314],[-85.6462227008441,42.9096106099068],[-85.64987891856818,42.91275161825146]]},"properties":{"site":"04119055","gauge_name":"PLASTER CREEK AT 28TH STREET AT GRAND RAPIDS, MI","gauge_distance_m":40.1,"association":"nearest gauge on source stream line (unverified)","condition":"unclassified","source_kmz":"greatlakes.kmz","segment_id":"greatlakes-2202-0"}},{"type":"Feature","geometry":{"type":"LineString","coordinates":[[-85.64987891856818,42.91275161825146],[-85.6528056231675,42.9152659115082],[-85.6574202411828,42.9167128531073],[-85.6626832002302,42.9163202779857],[-85.6658287495308,42.9176503145006],[-85.6710115660847,42.9177912655801],[-85.6719933451469,42.918679442155],[-85.6772163114766,42.9185532142222],[-85.6809036560364,42.9237073280618],[-85.6890876813484,42.93110805825321],[-85.68901486224192,42.9340735215009],[-85.687712423489,42.9353210079777]]},"properties":{"site":"04119055","gauge_name":"PLASTER CREEK AT 28TH STREET AT GRAND RAPIDS, MI","gauge_distance_m":40.1,"association":"nearest gauge on source stream line (unverified)","condition":"unclassified","source_kmz":"greatlakes.kmz","segment_id":"greatlakes-2202-1"}},{"type":"Feature","geometry":{"type":"LineString","coordinates":[[-85.7333183961514,42.8938171574727],[-85.7359377567984,42.8961842810651],[-85.7352917488561,42.8980239446871],[-85.73815916987722,42.9012208208323],[-85.7389027052626,42.9037101555174],[-85.740739171553,42.90385482213951],[-85.7439560880827,42.9022175921637],[-85.7465271022968,42.902420018401],[-85.7484126374694,42.9047290916169],[-85.7500713284435,42.9010785043993],[-85.756315186763,42.90156973052031],[-85.7590848815139,42.9004371496068],[-85.7603951063894,42.9016204705539],[-85.76374813044009,42.901883970889976]]},"properties":{"site":"04119160","gauge_name":"BUCK CREEK AT WILSON AVENUE AT GRANDVILLE, MI","gauge_distance_m":79.2,"association":"nearest gauge on source stream line (unverified)","condition":"unclassified","source_kmz":"greatlakes.kmz","segment_id":"greatlakes-2204-0"}},{"type":"Feature","geometry":{"type":"LineString","coordinates":[[-85.76374813044009,42.901883970889976],[-85.7684755688499,42.902255480784],[-85.77337968494001,42.9042610673702],[-85.7753455152394,42.9060358400063],[-85.7740848438567,42.90701717272291],[-85.7744227194647,42.9097444498731],[-85.7827526660865,42.9112083059258]]},"properties":{"site":"04119160","gauge_name":"BUCK CREEK AT WILSON AVENUE AT GRANDVILLE, MI","gauge_distance_m":79.2,"association":"nearest gauge on source stream line (unverified)","condition":"unclassified","source_kmz":"greatlakes.kmz","segment_id":"greatlakes-2204-1"}},{"type":"Feature","geometry":{"type":"LineString","coordinates":[[-87.5772822010326,41.6005048893687],[-87.5771217250465,41.6018399715406],[-87.5844584518788,41.6074351115852],[-87.5980047280895,41.60733640783554]]},"properties":{"site":"05536290","gauge_name":"LITTLE CALUMET RIVER AT SOUTH HOLLAND, IL","gauge_distance_m":34.7,"association":"nearest gauge on source stream line (unverified)","condition":"unclassified","source_kmz":"greatlakes.kmz","segment_id":"greatlakes-2230-0"}},{"type":"Feature","geometry":{"type":"LineString","coordinates":[[-87.5980047280895,41.60733640783554],[-87.6103288836587,41.6072466089604],[-87.6124962027623,41.6073884001832],[-87.613749332029,41.6090850725131]]},"properties":{"site":"05536290","gauge_name":"LITTLE CALUMET RIVER AT SOUTH HOLLAND, IL","gauge_distance_m":34.7,"association":"nearest gauge on source stream line (unverified)","condition":"unclassified","source_kmz":"greatlakes.kmz","segment_id":"greatlakes-2230-1"}},{"type":"Feature","geometry":{"type":"LineString","coordinates":[[-87.2399055271548,41.5703532092872],[-87.2457466756685,41.5702140262578],[-87.25710665186281,41.56668249942241],[-87.2606209224438,41.56476868461],[-87.2649847749022,41.5647970801036],[-87.26846548644741,41.5631499810146],[-87.2739118734522,41.5632518513697],[-87.2800512215122,41.5607087519388],[-87.2852361238194,41.5599847907145],[-87.28910614059052,41.5610555435167],[-87.29307190208262,41.5642861774581],[-87.29280143367177,41.56861323106484]]},"properties":{"site":"04093100","gauge_name":"DEEP RIVER NEAR LIVERPOOL, IN","gauge_distance_m":14.1,"association":"nearest gauge on source stream line (unverified)","condition":"unclassified","source_kmz":"greatlakes.kmz","segment_id":"greatlakes-2233-0"}},{"type":"Feature","geometry":{"type":"LineString","coordinates":[[-87.29280143367177,41.56861323106484],[-87.2927032960768,41.5701832725826],[-87.2907952545824,41.5738222600688],[-87.2928613976459,41.574770243207]]},"properties":{"site":"04093100","gauge_name":"DEEP RIVER NEAR LIVERPOOL, IN","gauge_distance_m":14.1,"association":"nearest gauge on source stream line (unverified)","condition":"unclassified","source_kmz":"greatlakes.kmz","segment_id":"greatlakes-2233-1"}},{"type":"Feature","geometry":{"type":"LineString","coordinates":[[-87.4841995270997,41.5666338140568],[-87.48563739022993,41.566678491483486]]},"properties":{"site":"05536191","gauge_name":"LITTLE CALUMET R AT NORTHCOTE AV AT MUNSTER, IN","gauge_distance_m":11.1,"association":"nearest gauge on source stream line (unverified)","condition":"unclassified","source_kmz":"greatlakes.kmz","segment_id":"greatlakes-2234-0"}},{"type":"Feature","geometry":{"type":"LineString","coordinates":[[-87.48563739022993,41.566678491483486],[-87.4918123068987,41.5668703591105],[-87.4975926546458,41.5702145142055],[-87.5006748188134,41.56880415634],[-87.5032340774791,41.5687047369069],[-87.5077004891388,41.57088473803421],[-87.51308315463372,41.571510451837],[-87.5143978857915,41.5726740438572],[-87.51669319267081,41.5717494738316],[-87.5197541534482,41.5765273050632],[-87.52155519476943,41.57729277631069]]},"properties":{"site":"05536195","gauge_name":"LITTLE CALUMET RIVER AT MUNSTER, IN","gauge_distance_m":7.4,"association":"nearest gauge on source stream line (unverified)","condition":"unclassified","source_kmz":"greatlakes.kmz","segment_id":"greatlakes-2234-1"}},{"type":"Feature","geometry":{"type":"LineString","coordinates":[[-87.52155519476943,41.57729277631069],[-87.5242538607209,41.5784397523229],[-87.52442119070021,41.5800656112796],[-87.5274447311325,41.5821494405411],[-87.5275475919421,41.5843093001329],[-87.53152561557,41.5875326403213],[-87.5355621277301,41.587260988752],[-87.5372708645691,41.588181206896],[-87.53995969989971,41.5870130431268],[-87.542261794351,41.5890488721917],[-87.54115287024771,41.5922052734556],[-87.5425006769183,41.5931015972976],[-87.5519221584826,41.5934537003145],[-87.5532379433228,41.5946169209788],[-87.5564881675534,41.59483103504461],[-87.5604211128307,41.59239874166081],[-87.5642006688426,41.5942622694238],[-87.5670897711581,41.594452350613],[-87.56873484625072,41.5959061819407],[-87.5701394843674,41.5933073035373],[-87.5755244223625,41.5939304158786],[-87.5765115566262,41.5948026516983]]},"properties":{"site":"05536195","gauge_name":"LITTLE CALUMET RIVER AT MUNSTER, IN","gauge_distance_m":7.4,"association":"nearest gauge on source stream line (unverified)","condition":"unclassified","source_kmz":"greatlakes.kmz","segment_id":"greatlakes-2234-2"}},{"type":"Feature","geometry":{"type":"LineString","coordinates":[[-87.60456084492401,41.5581596276153],[-87.6056210947849,41.5614583665948],[-87.6084130847947,41.5624485510171],[-87.6101316838634,41.566328573271],[-87.60744547985544,41.56848704626175]]},"properties":{"site":"05536275","gauge_name":"THORN CREEK AT THORNTON, IL","gauge_distance_m":29.7,"association":"nearest gauge on source stream line (unverified)","condition":"unclassified","source_kmz":"greatlakes.kmz","segment_id":"greatlakes-2235-0"}},{"type":"Feature","geometry":{"type":"LineString","coordinates":[[-87.60744547985544,41.56848704626175],[-87.6061060062117,41.5695633672237],[-87.59660037903132,41.5729770997962],[-87.5972354078116,41.5767863133385],[-87.5953020590872,41.5777360034379],[-87.59474888991451,41.5793144142642],[-87.59317651270112,41.5802877523665],[-87.5877924636065,41.5796653883016],[-87.58579480175851,41.5811489651691],[-87.5828100018286,41.5817603442579],[-87.5804107520844,41.5805262912928],[-87.57749010167421,41.5806035230769],[-87.5762062668859,41.5791735572374],[-87.5744009532662,41.5790548940335],[-87.5728283000798,41.58002798288591],[-87.5724751615831,41.5829650918215],[-87.57708110234391,41.5870355309586],[-87.5795125963861,41.5880026408846],[-87.5789671943196,41.5925418780351],[-87.5766399343199,41.5937345941746],[-87.5765115566262,41.5948026516983]]},"properties":{"site":"05536275","gauge_name":"THORN CREEK AT THORNTON, IL","gauge_distance_m":29.7,"association":"nearest gauge on source stream line (unverified)","condition":"unclassified","source_kmz":"greatlakes.kmz","segment_id":"greatlakes-2235-1"}},{"type":"Feature","geometry":{"type":"LineString","coordinates":[[-87.2569712395709,41.5327549466807],[-87.25622579777934,41.53634271903294]]},"properties":{"site":"04093000","gauge_name":"DEEP RIVER AT LAKE GEORGE OUTLET AT HOBART, IN","gauge_distance_m":55.3,"association":"nearest gauge on source stream line (unverified)","condition":"unclassified","source_kmz":"greatlakes.kmz","segment_id":"greatlakes-2236-0"}},{"type":"Feature","geometry":{"type":"LineString","coordinates":[[-87.25622579777934,41.53634271903294],[-87.2551513539269,41.5415139610956],[-87.2533753437721,41.54408461036731],[-87.2506167818047,41.5457805586791],[-87.2501837312117,41.54925050099421],[-87.2523762700586,41.5520921934584],[-87.251515814749,41.5560713652877],[-87.2498059420879,41.5581081593362],[-87.24540917551671,41.5583461687515],[-87.2405454197071,41.562320902756]]},"properties":{"site":"04093000","gauge_name":"DEEP RIVER AT LAKE GEORGE OUTLET AT HOBART, IN","gauge_distance_m":55.3,"association":"nearest gauge on source stream line (unverified)","condition":"unclassified","source_kmz":"greatlakes.kmz","segment_id":"greatlakes-2236-1"}},{"type":"Feature","geometry":{"type":"LineString","coordinates":[[-87.3418336543484,41.5024521064156],[-87.3385224480008,41.5027664442219],[-87.3357675599553,41.5044641501305],[-87.3299320512142,41.5046074159771],[-87.3260645186465,41.5035379538089],[-87.3248837268351,41.5042654349243],[-87.3241269978523,41.5074441188629],[-87.32354604999907,41.507768651169584]]},"properties":{"site":"04092977","gauge_name":"TURKEY CREEK AT 61ST AV AT MERRILLVILLE, IN","gauge_distance_m":18.7,"association":"nearest gauge on source stream line (unverified)","condition":"unclassified","source_kmz":"greatlakes.kmz","segment_id":"greatlakes-2246-0"}},{"type":"Feature","geometry":{"type":"LineString","coordinates":[[-87.32354604999907,41.507768651169584],[-87.3198300249958,41.5098445176338],[-87.3115688998425,41.5090150071375],[-87.3072383237154,41.5116819130271],[-87.3017296820239,41.51211530541411],[-87.2993672827137,41.5135698220538],[-87.2975641275171,41.5134472783996]]},"properties":{"site":"04092977","gauge_name":"TURKEY CREEK AT 61ST AV AT MERRILLVILLE, IN","gauge_distance_m":18.7,"association":"nearest gauge on source stream line (unverified)","condition":"unclassified","source_kmz":"greatlakes.kmz","segment_id":"greatlakes-2246-1"}},{"type":"Feature","geometry":{"type":"LineString","coordinates":[[-87.5823448677038,41.50987783470031],[-87.5820245153082,41.5125477678337],[-87.5856722591358,41.5154784903852],[-87.5894803610616,41.5170741336101],[-87.5904665897516,41.5179461942602],[-87.5901465089234,41.5206161691875],[-87.59034270600623,41.52072588355635]]},"properties":{"site":"05536235","gauge_name":"DEER CREEK NEAR CHICAGO HEIGHTS, IL","gauge_distance_m":22.1,"association":"nearest gauge on source stream line (unverified)","condition":"unclassified","source_kmz":"greatlakes.kmz","segment_id":"greatlakes-2248-0"}},{"type":"Feature","geometry":{"type":"LineString","coordinates":[[-87.59034270600623,41.52072588355635],[-87.5928726609451,41.5221406467391],[-87.5892821692865,41.5278251331946],[-87.5892907993003,41.5307858245056],[-87.5980324982336,41.536741547978]]},"properties":{"site":"05536235","gauge_name":"DEER CREEK NEAR CHICAGO HEIGHTS, IL","gauge_distance_m":22.1,"association":"nearest gauge on source stream line (unverified)","condition":"unclassified","source_kmz":"greatlakes.kmz","segment_id":"greatlakes-2248-1"}},{"type":"Feature","geometry":{"type":"LineString","coordinates":[[-87.2741260881456,41.4475205265711],[-87.2721919422056,41.4484652280315],[-87.27074601420361,41.4513273591741],[-87.2649761829335,41.4538943387355],[-87.26242076973412,41.4539890014562],[-87.2589838201256,41.4524083868099],[-87.25849014822002,41.452740178184314]]},"properties":{"site":"04092944","gauge_name":"DEEP RIVER AT GRAND BLVD AT MERRILLVILLE, IN","gauge_distance_m":32.3,"association":"nearest gauge on source stream line (unverified)","condition":"unclassified","source_kmz":"greatlakes.kmz","segment_id":"greatlakes-2252-0"}},{"type":"Feature","geometry":{"type":"LineString","coordinates":[[-87.25849014822002,41.452740178184314],[-87.254621483094,41.4553402648103],[-87.2520660034987,41.4554347214169]]},"properties":{"site":"04092944","gauge_name":"DEEP RIVER AT GRAND BLVD AT MERRILLVILLE, IN","gauge_distance_m":32.3,"association":"nearest gauge on source stream line (unverified)","condition":"unclassified","source_kmz":"greatlakes.kmz","segment_id":"greatlakes-2252-1"}},{"type":"Feature","geometry":{"type":"LineString","coordinates":[[-87.5618451919294,41.4415240679737],[-87.5570715971014,41.44497635708701],[-87.5553483554545,41.4502444088074],[-87.5533215648244,41.4519942597953],[-87.5529361342408,41.4551979099968],[-87.5497957250835,41.4571433028981],[-87.5503237936418,41.458792731602],[-87.5477043133631,41.4594270198756],[-87.5478076164363,41.4615865975764],[-87.5411974725422,41.46518628722751],[-87.5391055428377,41.4674698820547],[-87.5346510449887,41.4682517088112],[-87.53216611416262,41.4707783232067],[-87.531090812926,41.4736672913684],[-87.5334855547235,41.4749021324659],[-87.5313670604048,41.4804131411405],[-87.5322554218221,41.4820865351886],[-87.52996324400262,41.4830112999507],[-87.527612575806,41.48743053644981],[-87.5254168835695,41.4875543044307],[-87.5255840242915,41.4891800131639],[-87.5205738590012,41.4915393388536],[-87.5141373291442,41.5026846832731],[-87.5119788082644,41.5055018698005],[-87.5100785752418,41.5061832346807],[-87.5106383858176,41.5075659322101],[-87.5105767961361,41.50768618510154]]},"properties":{"site":"05536179","gauge_name":"HART DITCH AT DYER, IN","gauge_distance_m":39.3,"association":"nearest gauge on source stream line (unverified)","condition":"unclassified","source_kmz":"greatlakes.kmz","segment_id":"greatlakes-2255-0"}},{"type":"Feature","geometry":{"type":"LineString","coordinates":[[-87.5105767961361,41.50768618510154],[-87.51057179324276,41.50769595317268]]},"properties":{"site":"05536179","gauge_name":"HART DITCH AT DYER, IN","gauge_distance_m":39.3,"association":"nearest gauge on source stream line (unverified)","condition":"unclassified","source_kmz":"greatlakes.kmz","segment_id":"greatlakes-2255-1"}},{"type":"Feature","geometry":{"type":"LineString","coordinates":[[-87.51057179324276,41.50769595317268],[-87.5073057342827,41.5140728822947],[-87.5007905301962,41.519830411931]]},"properties":{"site":"413028087303601","gauge_name":"HART DITCH AT DYER, IN (LCRDAN)","gauge_distance_m":36.4,"association":"nearest gauge on source stream line (unverified)","condition":"unclassified","source_kmz":"greatlakes.kmz","segment_id":"greatlakes-2255-2"}},{"type":"Feature","geometry":{"type":"LineString","coordinates":[[-87.2928613976459,41.574770243207],[-87.2977820516496,41.5761812619304],[-87.3017228918505,41.5737569398243],[-87.3157997948547,41.5747117110947],[-87.3205279257088,41.5718018521443],[-87.3208254263579,41.5693993647104],[-87.3372052554001,41.5605482651997],[-87.3447839134112,41.5610604644163],[-87.34576772017661,41.5619344403888],[-87.3497046491502,41.5624694750061],[-87.3544609613215,41.5652130496312],[-87.35560400478582,41.56436810572111]]},"properties":{"site":"04093176","gauge_name":"LITTLE CALUMET RIVER AT GRANT ST AT GARY, IN","gauge_distance_m":150.3,"association":"nearest gauge on source stream line (unverified)","condition":"unclassified","source_kmz":"greatlakes.kmz","segment_id":"greatlakes-2257-0"}},{"type":"Feature","geometry":{"type":"LineString","coordinates":[[-87.35560400478582,41.56436810572111],[-87.356463046817,41.5637330972062],[-87.3698825781671,41.5640993369675],[-87.3745420623653,41.5617214287984],[-87.37959475404512,41.5620614766686],[-87.3850411826698,41.5591978439641],[-87.4008880783642,41.5605315575253],[-87.40238850446991,41.560466620122135]]},"properties":{"site":"04093176","gauge_name":"LITTLE CALUMET RIVER AT GRANT ST AT GARY, IN","gauge_distance_m":150.3,"association":"nearest gauge on source stream line (unverified)","condition":"unclassified","source_kmz":"greatlakes.kmz","segment_id":"greatlakes-2257-1"}},{"type":"Feature","geometry":{"type":"LineString","coordinates":[[-87.40238850446991,41.560466620122135],[-87.4082044399849,41.5602149104592],[-87.41322570470982,41.5637813947835],[-87.4175568672315,41.5640715731424],[-87.4236257620261,41.5620555445548],[-87.4289109575037,41.5664464850874],[-87.4321921279692,41.5663967661151],[-87.43458829032332,41.5676335669419],[-87.4415442822201,41.5672908908106],[-87.4441386746348,41.5698864904263],[-87.4571337797849,41.57075346674981],[-87.459462304945,41.5695629433751],[-87.46171869686674,41.569655398742555]]},"properties":{"site":"413339087223001","gauge_name":"LITTLE CALUMET RIVER AT BURR STREET AT GARY, IN","gauge_distance_m":11.9,"association":"nearest gauge on source stream line (unverified)","condition":"unclassified","source_kmz":"greatlakes.kmz","segment_id":"greatlakes-2257-2"}},{"type":"Feature","geometry":{"type":"LineString","coordinates":[[-87.46171869686674,41.569655398742555],[-87.46996315130421,41.5699932141979],[-87.47490704211174,41.5688265895095]]},"properties":{"site":"05536160","gauge_name":"LITTLE CALUMET RIVER NEAR HAMMOND, IN","gauge_distance_m":61.8,"association":"nearest gauge on source stream line (unverified)","condition":"unclassified","source_kmz":"greatlakes.kmz","segment_id":"greatlakes-2257-3"}},{"type":"Feature","geometry":{"type":"LineString","coordinates":[[-87.47490704211174,41.5688265895095],[-87.4841995270997,41.5666338140568]]},"properties":{"site":"05536160","gauge_name":"LITTLE CALUMET RIVER NEAR HAMMOND, IN","gauge_distance_m":61.8,"association":"nearest gauge on source stream line (unverified)","condition":"unclassified","source_kmz":"greatlakes.kmz","segment_id":"greatlakes-2257-4"}},{"type":"Feature","geometry":{"type":"LineString","coordinates":[[-87.9256805872209,43.104805322352],[-87.9252252175325,43.1023511051275],[-87.9173152744804,43.1032103089356],[-87.9108591671595,43.1011937117126],[-87.91061662222967,43.10098506099175]]},"properties":{"site":"04087000","gauge_name":"MILWAUKEE RIVER AT MILWAUKEE, WI","gauge_distance_m":31.9,"association":"nearest gauge on source stream line (unverified)","condition":"unclassified","source_kmz":"greatlakes.kmz","segment_id":"greatlakes-2267-0"}},{"type":"Feature","geometry":{"type":"LineString","coordinates":[[-87.91061662222967,43.10098506099175],[-87.9064697898684,43.0974177237484],[-87.9035482027101,43.0969672965465],[-87.9008474027855,43.0946434912751],[-87.9014687847527,43.0925254296426],[-87.8992634834149,43.089154012537],[-87.8937367364053,43.0855766759622],[-87.8922385809527,43.0825185494034],[-87.8935131729168,43.0780149859187],[-87.8927313364292,43.0720361258518],[-87.89520726377141,43.066798461854],[-87.89330894604302,43.0639851612142],[-87.8943719113561,43.058120843269],[-87.8963742195825,43.05689723337381],[-87.8993255851818,43.05708019238061],[-87.9028349496827,43.0556803407132],[-87.9073654089467,43.0519176890268],[-87.907954718959,43.0500673375578],[-87.9115579675877,43.04786447356731],[-87.9129792605674,43.0452569770253],[-87.9132309730825,43.0431161967624],[-87.9111840244041,43.0384072646277],[-87.9084537824009,43.0363514235479],[-87.90533461922641,43.0360234560412]]},"properties":{"site":"04087000","gauge_name":"MILWAUKEE RIVER AT MILWAUKEE, WI","gauge_distance_m":31.9,"association":"nearest gauge on source stream line (unverified)","condition":"unclassified","source_kmz":"greatlakes.kmz","segment_id":"greatlakes-2267-1"}},{"type":"Feature","geometry":{"type":"LineString","coordinates":[[-86.3433468919915,42.1996511792385],[-86.3484103825025,42.1976030187535],[-86.3487069901958,42.1954680747787],[-86.356724096222,42.1906744045364],[-86.3596714249175,42.1906248881119],[-86.3648818171666,42.1875086333956],[-86.3667006847551,42.1876443714924],[-86.36705488448607,42.18739698488175]]},"properties":{"site":"04102500","gauge_name":"PAW PAW RIVER AT RIVERSIDE, MI","gauge_distance_m":26.5,"association":"nearest gauge on source stream line (unverified)","condition":"unclassified","source_kmz":"greatlakes.kmz","segment_id":"greatlakes-2270-0"}},{"type":"Feature","geometry":{"type":"LineString","coordinates":[[-86.36705488448607,42.18739698488175],[-86.3715837616373,42.1842338442282],[-86.3736542699503,42.1692892181782]]},"properties":{"site":"04102500","gauge_name":"PAW PAW RIVER AT RIVERSIDE, MI","gauge_distance_m":26.5,"association":"nearest gauge on source stream line (unverified)","condition":"unclassified","source_kmz":"greatlakes.kmz","segment_id":"greatlakes-2270-1"}},{"type":"Feature","geometry":{"type":"LineString","coordinates":[[-85.63223031819172,41.94265953833931],[-85.632909883635,41.940556143171]]},"properties":{"site":"04097500","gauge_name":"ST. JOSEPH RIVER AT THREE RIVERS, MI","gauge_distance_m":28.1,"association":"nearest gauge on source stream line (unverified)","condition":"unclassified","source_kmz":"greatlakes.kmz","segment_id":"greatlakes-2283-0"}},{"type":"Feature","geometry":{"type":"LineString","coordinates":[[-85.632909883635,41.940556143171],[-85.63292573425835,41.940324549068436]]},"properties":{"site":"04097500","gauge_name":"ST. JOSEPH RIVER AT THREE RIVERS, MI","gauge_distance_m":12.8,"association":"nearest gauge on source stream line (unverified)","condition":"unclassified","source_kmz":"greatlakes.kmz","segment_id":"greatlakes-2284-0"}},{"type":"Feature","geometry":{"type":"LineString","coordinates":[[-85.63292573425835,41.940324549068436],[-85.6332220407084,41.9359952034753],[-85.6360744754363,41.9340669602316],[-85.6362727374461,41.9327340970541],[-85.6340100714616,41.9282354372864],[-85.636071864284,41.9143738706623]]},"properties":{"site":"04097500","gauge_name":"ST. JOSEPH RIVER AT THREE RIVERS, MI","gauge_distance_m":12.8,"association":"nearest gauge on source stream line (unverified)","condition":"unclassified","source_kmz":"greatlakes.kmz","segment_id":"greatlakes-2284-1"}},{"type":"Feature","geometry":{"type":"LineString","coordinates":[[-85.74940027492131,41.8039762503346],[-85.7528889242905,41.8026365788152],[-85.7535243792811,41.8007994510564],[-85.75564882790019,41.80045909783071]]},"properties":{"site":"04099000","gauge_name":"ST. JOSEPH RIVER AT MOTTVILLE, MI","gauge_distance_m":54.0,"association":"nearest gauge on source stream line (unverified)","condition":"unclassified","source_kmz":"greatlakes.kmz","segment_id":"greatlakes-2294-0"}},{"type":"Feature","geometry":{"type":"LineString","coordinates":[[-85.75564882790019,41.80045909783071],[-85.7568954394166,41.8002593809503],[-85.7596998382626,41.7985952720473],[-85.7606478910656,41.7946255644957],[-85.765894448936,41.7912683282486],[-85.7686785420362,41.7847481720394],[-85.775741237963,41.783962531679],[-85.77649302426971,41.7813256188582],[-85.7792962002487,41.7796611181711],[-85.7829104454219,41.7799488711241],[-85.7852635611252,41.7763607069724],[-85.7896678528883,41.7737447514038]]},"properties":{"site":"04099000","gauge_name":"ST. JOSEPH RIVER AT MOTTVILLE, MI","gauge_distance_m":54.0,"association":"nearest gauge on source stream line (unverified)","condition":"unclassified","source_kmz":"greatlakes.kmz","segment_id":"greatlakes-2294-1"}},{"type":"Feature","geometry":{"type":"LineString","coordinates":[[-85.9460037750118,41.667995293631],[-85.9462050417146,41.6742117752031],[-85.9518432013514,41.6781585844472],[-85.9554529211798,41.67844146610051],[-85.9566507168417,41.6777265276205],[-85.9579414558649,41.6789060180613],[-85.9571975845696,41.6815436938183],[-85.96154600901671,41.6843106024058],[-85.9570771544588,41.68746537126031],[-85.9578921764148,41.6894163875408],[-85.9607804327178,41.6896425678985],[-85.9622462956389,41.6870613794264],[-85.9659712975558,41.6865441728675],[-85.969165448097,41.6846373692329],[-85.9740072085423,41.6890599607751],[-85.9737778163727,41.6906595780211],[-85.97491901678816,41.69170185075611]]},"properties":{"site":"04101000","gauge_name":"ST. JOSEPH RIVER AT ELKHART, IN","gauge_distance_m":4.1,"association":"nearest gauge on source stream line (unverified)","condition":"unclassified","source_kmz":"greatlakes.kmz","segment_id":"greatlakes-2297-0"}},{"type":"Feature","geometry":{"type":"LineString","coordinates":[[-85.97491901678816,41.69170185075611],[-85.9753919041116,41.6921337447138]]},"properties":{"site":"04101000","gauge_name":"ST. JOSEPH RIVER AT ELKHART, IN","gauge_distance_m":4.1,"association":"nearest gauge on source stream line (unverified)","condition":"unclassified","source_kmz":"greatlakes.kmz","segment_id":"greatlakes-2297-1"}},{"type":"Feature","geometry":{"type":"LineString","coordinates":[[-85.8367976835022,41.5353624498717],[-85.8335414351483,41.5402260046531],[-85.8354706751225,41.541996835276],[-85.83532809974932,41.5454902255044],[-85.8378233525795,41.5483843500817],[-85.8293678345125,41.553913324639],[-85.8328159069561,41.5552656983244],[-85.8368035008417,41.5604351767853],[-85.8391323807625,41.5619680740253],[-85.8375098831557,41.5656136327986],[-85.8387578859948,41.5670607084333],[-85.8385258145626,41.5686598800268],[-85.8354881617528,41.56949709691101],[-85.8357446072687,41.5727526719442],[-85.8378682214872,41.5731908780855],[-85.8418448404731,41.5759329064763],[-85.8401324977473,41.5776842239764],[-85.8433112745068,41.580902074801],[-85.841894300045,41.58564249289391],[-85.8394221180036,41.5876031531353],[-85.842845762922,41.5916492595409],[-85.8468110828194,41.5919637587482],[-85.84930163505358,41.59299791775775]]},"properties":{"site":"04100500","gauge_name":"ELKHART RIVER AT GOSHEN, IN","gauge_distance_m":63.7,"association":"nearest gauge on source stream line (unverified)","condition":"unclassified","source_kmz":"greatlakes.kmz","segment_id":"greatlakes-2302-0"}},{"type":"Feature","geometry":{"type":"LineString","coordinates":[[-85.84930163505358,41.59299791775775],[-85.8516260480765,41.5939630903153],[-85.854085057771,41.5971235824672],[-85.8558876347946,41.5972663949943]]},"properties":{"site":"04100500","gauge_name":"ELKHART RIVER AT GOSHEN, IN","gauge_distance_m":63.7,"association":"nearest gauge on source stream line (unverified)","condition":"unclassified","source_kmz":"greatlakes.kmz","segment_id":"greatlakes-2302-1"}},{"type":"Feature","geometry":{"type":"LineString","coordinates":[[-86.0934750794226,42.6577103076696],[-86.10628168178685,42.65044997910517]]},"properties":{"site":"04108660","gauge_name":"KALAMAZOO RIVER AT NEW RICHMOND, MI","gauge_distance_m":57.3,"association":"nearest gauge on source stream line (unverified)","condition":"unclassified","source_kmz":"greatlakes.kmz","segment_id":"greatlakes-2308-0"}},{"type":"Feature","geometry":{"type":"LineString","coordinates":[[-86.10628168178685,42.65044997910517],[-86.1136171444457,42.6462913531433]]},"properties":{"site":"04108660","gauge_name":"KALAMAZOO RIVER AT NEW RICHMOND, MI","gauge_distance_m":57.3,"association":"nearest gauge on source stream line (unverified)","condition":"unclassified","source_kmz":"greatlakes.kmz","segment_id":"greatlakes-2308-1"}},{"type":"Feature","geometry":{"type":"LineString","coordinates":[[-85.7924268980724,42.4829578505331],[-85.797616882654,42.4828268954032],[-85.79800252265422,42.482731911041704]]},"properties":{"site":"04107850","gauge_name":"KALAMAZOO RIVER NEAR ALLEGAN, MI","gauge_distance_m":41.1,"association":"nearest gauge on source stream line (unverified)","condition":"unclassified","source_kmz":"greatlakes.kmz","segment_id":"greatlakes-2325-0"}},{"type":"Feature","geometry":{"type":"LineString","coordinates":[[-85.79800252265422,42.482731911041704],[-85.8025990619814,42.4815997687514],[-85.8151809079043,42.4839390808875],[-85.81728133381871,42.48221491312881],[-85.8200568395947,42.4859417177789],[-85.8183724688078,42.48985783803721],[-85.8200018379154,42.4913353765231],[-85.8180582968794,42.4919923509879],[-85.8203394938067,42.4940609114695],[-85.8228956218013,42.4942617184989],[-85.8222163958488,42.49636757049741],[-85.8246941146085,42.4971019777124]]},"properties":{"site":"04107850","gauge_name":"KALAMAZOO RIVER NEAR ALLEGAN, MI","gauge_distance_m":41.1,"association":"nearest gauge on source stream line (unverified)","condition":"unclassified","source_kmz":"greatlakes.kmz","segment_id":"greatlakes-2325-1"}},{"type":"Feature","geometry":{"type":"LineString","coordinates":[[-85.5096704936496,42.2843531835848],[-85.5135124592621,42.2857448126762],[-85.51399758082111,42.28575867598077]]},"properties":{"site":"04106000","gauge_name":"KALAMAZOO RIVER AT COMSTOCK, MI","gauge_distance_m":17.6,"association":"nearest gauge on source stream line (unverified)","condition":"unclassified","source_kmz":"greatlakes.kmz","segment_id":"greatlakes-2349-0"}},{"type":"Feature","geometry":{"type":"LineString","coordinates":[[-85.51399758082111,42.28575867598077],[-85.5237834528366,42.2860383265585],[-85.5302523827441,42.2846733519781],[-85.53858287933511,42.28561815782731],[-85.542948233841,42.2835423834585],[-85.5524107884817,42.2843080200329]]},"properties":{"site":"04106000","gauge_name":"KALAMAZOO RIVER AT COMSTOCK, MI","gauge_distance_m":17.6,"association":"nearest gauge on source stream line (unverified)","condition":"unclassified","source_kmz":"greatlakes.kmz","segment_id":"greatlakes-2349-1"}},{"type":"Feature","geometry":{"type":"LineString","coordinates":[[-85.4622070586318,42.7786884731993],[-85.4651391610256,42.7789261002855],[-85.4704325501807,42.7831365876556],[-85.4753603204278,42.7848861667686],[-85.4799623849953,42.788770139681],[-85.4818358458988,42.7935137281218],[-85.4865610238965,42.7965970392557],[-85.4860724573416,42.8046611880427],[-85.4839694500288,42.81105267784713]]},"properties":{"site":"04118000","gauge_name":"THORNAPPLE RIVER NEAR CALEDONIA, MI","gauge_distance_m":47.1,"association":"nearest gauge on source stream line (unverified)","condition":"unclassified","source_kmz":"greatlakes.kmz","segment_id":"greatlakes-2357-0"}},{"type":"Feature","geometry":{"type":"LineString","coordinates":[[-85.4839694500288,42.81105267784713],[-85.48260937667091,42.8151862321849],[-85.4859098131666,42.8154530567734],[-85.4878251388832,42.8199299090734]]},"properties":{"site":"04118000","gauge_name":"THORNAPPLE RIVER NEAR CALEDONIA, MI","gauge_distance_m":47.1,"association":"nearest gauge on source stream line (unverified)","condition":"unclassified","source_kmz":"greatlakes.kmz","segment_id":"greatlakes-2357-1"}},{"type":"Feature","geometry":{"type":"LineString","coordinates":[[-86.2568585692947,41.8229852165672],[-86.2574601573645,41.826534963348],[-86.2588331429618,41.8271781679621],[-86.26002925924364,41.82931416109636]]},"properties":{"site":"04101500","gauge_name":"ST. JOSEPH RIVER AT NILES, MI","gauge_distance_m":18.3,"association":"nearest gauge on source stream line (unverified)","condition":"unclassified","source_kmz":"greatlakes.kmz","segment_id":"greatlakes-2387-0"}},{"type":"Feature","geometry":{"type":"LineString","coordinates":[[-86.26002925924364,41.82931416109636],[-86.2608823862266,41.8308376529223],[-86.2602496679139,41.8353720353202],[-86.2676909104381,41.8397095536971],[-86.2676436911997,41.8426710267801]]},"properties":{"site":"04101500","gauge_name":"ST. JOSEPH RIVER AT NILES, MI","gauge_distance_m":18.3,"association":"nearest gauge on source stream line (unverified)","condition":"unclassified","source_kmz":"greatlakes.kmz","segment_id":"greatlakes-2387-1"}},{"type":"Feature","geometry":{"type":"LineString","coordinates":[[-86.2735330976159,41.7662987854227],[-86.2726516238985,41.7700053715564],[-86.2684816603612,41.77418787599508]]},"properties":{"site":"04101400","gauge_name":"ST. JOSEPH RIVER AT BERTRAND, MICH.","gauge_distance_m":99.6,"association":"nearest gauge on source stream line (unverified)","condition":"unclassified","source_kmz":"greatlakes.kmz","segment_id":"greatlakes-2392-0"}},{"type":"Feature","geometry":{"type":"LineString","coordinates":[[-86.2684816603612,41.77418787599508],[-86.2684042893835,41.7742654796611],[-86.2693304978884,41.7781091024968],[-86.2665390579401,41.7797842391711],[-86.2659815108613,41.7837849627626],[-86.2695136576904,41.78728707042991],[-86.2691692450034,41.7923821209565]]},"properties":{"site":"04101400","gauge_name":"ST. JOSEPH RIVER AT BERTRAND, MICH.","gauge_distance_m":99.6,"association":"nearest gauge on source stream line (unverified)","condition":"unclassified","source_kmz":"greatlakes.kmz","segment_id":"greatlakes-2392-1"}},{"type":"Feature","geometry":{"type":"LineString","coordinates":[[-86.26959627509132,41.715869782194],[-86.267854084358,41.7178937360742],[-86.2677224396141,41.72011816307951]]},"properties":{"site":"04101225","gauge_name":"ST. JOSEPH RIVER AT SOUTH BEND, IN","gauge_distance_m":9.9,"association":"nearest gauge on source stream line (unverified)","condition":"unclassified","source_kmz":"greatlakes.kmz","segment_id":"greatlakes-2406-0"}},{"type":"Feature","geometry":{"type":"LineString","coordinates":[[-86.2677224396141,41.72011816307951],[-86.2673141986951,41.7270162897951]]},"properties":{"site":"04101225","gauge_name":"ST. JOSEPH RIVER AT SOUTH BEND, IN","gauge_distance_m":9.9,"association":"nearest gauge on source stream line (unverified)","condition":"unclassified","source_kmz":"greatlakes.kmz","segment_id":"greatlakes-2406-1"}},{"type":"Feature","geometry":{"type":"LineString","coordinates":[[-85.9683789547645,41.6926636456043],[-85.97502666590002,41.692161342240034]]},"properties":{"site":"04101000","gauge_name":"ST. JOSEPH RIVER AT ELKHART, IN","gauge_distance_m":53.6,"association":"nearest gauge on source stream line (unverified)","condition":"unclassified","source_kmz":"greatlakes.kmz","segment_id":"greatlakes-2408-0"}},{"type":"Feature","geometry":{"type":"LineString","coordinates":[[-85.97502666590002,41.692161342240034],[-85.9753919041116,41.6921337447138]]},"properties":{"site":"04101000","gauge_name":"ST. JOSEPH RIVER AT ELKHART, IN","gauge_distance_m":53.6,"association":"nearest gauge on source stream line (unverified)","condition":"unclassified","source_kmz":"greatlakes.kmz","segment_id":"greatlakes-2408-1"}},{"type":"Feature","geometry":{"type":"LineString","coordinates":[[-85.9753919041116,41.6921337447138],[-85.97791927452802,41.692331312988],[-85.9829013312828,41.68813759076291],[-85.9832450913179,41.6857381478008],[-85.9816691851557,41.6839974860531],[-85.9815755701658,41.6821030535143],[-85.9827731621662,41.68138786912511],[-85.9906388950049,41.6825413798219],[-85.9923911735659,41.6753994079872],[-85.9949561334679,41.6753300338862],[-85.9997988767762,41.6797516113267],[-86.0045680957364,41.6795843711718],[-86.0077227837983,41.67794323328391],[-86.022599776475,41.67856274910271]]},"properties":{"site":"04101000","gauge_name":"ST. JOSEPH RIVER AT ELKHART, IN","gauge_distance_m":61.5,"association":"nearest gauge on source stream line (unverified)","condition":"unclassified","source_kmz":"greatlakes.kmz","segment_id":"greatlakes-2413-0"}},{"type":"Feature","geometry":{"type":"LineString","coordinates":[[-85.6262577632237,43.06173884927561],[-85.6306345072728,43.0623568676037],[-85.6359436784756,43.0592662434672],[-85.6406773718687,43.0550490630756],[-85.6455255621865,43.0475987886788],[-85.6568697021503,43.03904264374181],[-85.659801133855,43.034412056302],[-85.6620959857972,43.02318385249306]]},"properties":{"site":"04118564","gauge_name":"GRAND RIVER AT N PARK ST NE AT GRAND RAPIDS, MI","gauge_distance_m":109.9,"association":"nearest gauge on source stream line (unverified)","condition":"unclassified","source_kmz":"greatlakes.kmz","segment_id":"greatlakes-2428-0"}},{"type":"Feature","geometry":{"type":"LineString","coordinates":[[-85.6620959857972,43.02318385249306],[-85.6626265957374,43.0205876952238]]},"properties":{"site":"04118564","gauge_name":"GRAND RIVER AT N PARK ST NE AT GRAND RAPIDS, MI","gauge_distance_m":109.9,"association":"nearest gauge on source stream line (unverified)","condition":"unclassified","source_kmz":"greatlakes.kmz","segment_id":"greatlakes-2428-1"}},{"type":"Feature","geometry":{"type":"LineString","coordinates":[[-85.4757067395655,42.9551104906528],[-85.47765837479197,42.9570355252202]]},"properties":{"site":"04118105","gauge_name":"GRAND RIVER AT ADA, MI","gauge_distance_m":4.8,"association":"nearest gauge on source stream line (unverified)","condition":"unclassified","source_kmz":"greatlakes.kmz","segment_id":"greatlakes-2438-0"}},{"type":"Feature","geometry":{"type":"LineString","coordinates":[[-85.47765837479197,42.9570355252202],[-85.4795852219421,42.9589361095711],[-85.4830966640707,42.9603002915801]]},"properties":{"site":"04118105","gauge_name":"GRAND RIVER AT ADA, MI","gauge_distance_m":4.8,"association":"nearest gauge on source stream line (unverified)","condition":"unclassified","source_kmz":"greatlakes.kmz","segment_id":"greatlakes-2438-1"}},{"type":"Feature","geometry":{"type":"LineString","coordinates":[[-85.6738369808616,42.9806838228009],[-85.6757609147746,42.96299250992946]]},"properties":{"site":"04119000","gauge_name":"GRAND RIVER AT GRAND RAPIDS, MI","gauge_distance_m":123.6,"association":"nearest gauge on source stream line (unverified)","condition":"unclassified","source_kmz":"greatlakes.kmz","segment_id":"greatlakes-2439-0"}},{"type":"Feature","geometry":{"type":"LineString","coordinates":[[-85.6757609147746,42.96299250992946],[-85.6757884244539,42.9627395478396]]},"properties":{"site":"04119000","gauge_name":"GRAND RIVER AT GRAND RAPIDS, MI","gauge_distance_m":123.6,"association":"nearest gauge on source stream line (unverified)","condition":"unclassified","source_kmz":"greatlakes.kmz","segment_id":"greatlakes-2439-1"}},{"type":"Feature","geometry":{"type":"LineString","coordinates":[[-85.6757884244539,42.9627395478396],[-85.67604271046905,42.96245284693211]]},"properties":{"site":"04119000","gauge_name":"GRAND RIVER AT GRAND RAPIDS, MI","gauge_distance_m":122.0,"association":"nearest gauge on source stream line (unverified)","condition":"unclassified","source_kmz":"greatlakes.kmz","segment_id":"greatlakes-2440-0"}},{"type":"Feature","geometry":{"type":"LineString","coordinates":[[-85.67604271046905,42.96245284693211],[-85.681161097876,42.95668199746721],[-85.6868674577501,42.9533519655152],[-85.6940033340867,42.9504049186209],[-85.70089869102941,42.9490592211103]]},"properties":{"site":"04119000","gauge_name":"GRAND RIVER AT GRAND RAPIDS, MI","gauge_distance_m":122.0,"association":"nearest gauge on source stream line (unverified)","condition":"unclassified","source_kmz":"greatlakes.kmz","segment_id":"greatlakes-2440-1"}},{"type":"Feature","geometry":{"type":"LineString","coordinates":[[-85.7561423938823,42.9301850343672],[-85.7584663002827,42.9295574547979],[-85.7642858715522,42.9254232972666],[-85.7661229342945,42.9155745474247],[-85.76833472048075,42.91450508864178]]},"properties":{"site":"04119070","gauge_name":"GRAND RIVER AT STATE HWY M-11 AT GRANDVILLE, MI","gauge_distance_m":25.8,"association":"nearest gauge on source stream line (unverified)","condition":"unclassified","source_kmz":"greatlakes.kmz","segment_id":"greatlakes-2450-0"}},{"type":"Feature","geometry":{"type":"LineString","coordinates":[[-85.76833472048075,42.91450508864178],[-85.7757333836941,42.91092763373021],[-85.7827526660865,42.9112083059258]]},"properties":{"site":"04119070","gauge_name":"GRAND RIVER AT STATE HWY M-11 AT GRANDVILLE, MI","gauge_distance_m":25.8,"association":"nearest gauge on source stream line (unverified)","condition":"unclassified","source_kmz":"greatlakes.kmz","segment_id":"greatlakes-2450-1"}},{"type":"Feature","geometry":{"type":"LineString","coordinates":[[-86.01209118559862,43.0105395213668],[-86.0246012121117,43.0217583857667],[-86.02863221143191,43.024012602168504]]},"properties":{"site":"04119400","gauge_name":"GRAND RIVER NEAR EASTMANVILLE, MI","gauge_distance_m":124.7,"association":"nearest gauge on source stream line (unverified)","condition":"unclassified","source_kmz":"greatlakes.kmz","segment_id":"greatlakes-2464-0"}},{"type":"Feature","geometry":{"type":"LineString","coordinates":[[-86.02863221143191,43.024012602168504],[-86.03355049282241,43.0267630046614],[-86.0505993494432,43.0323847470003],[-86.0546300070112,43.0353924196744],[-86.0609085182523,43.038301124362],[-86.0687760479644,43.0405203026009],[-86.0812935799729,43.0414722151408]]},"properties":{"site":"04119400","gauge_name":"GRAND RIVER NEAR EASTMANVILLE, MI","gauge_distance_m":124.7,"association":"nearest gauge on source stream line (unverified)","condition":"unclassified","source_kmz":"greatlakes.kmz","segment_id":"greatlakes-2464-1"}},{"type":"Feature","geometry":{"type":"LineString","coordinates":[[-86.4173807953256,41.2051612137386],[-86.41805580623043,41.196770187895595]]},"properties":{"site":"03331440","gauge_name":"LAKE MAXINKUCKEE AT CULVER, IN","gauge_distance_m":114.4,"association":"nearest gauge on source stream line (unverified)","condition":"unclassified","source_kmz":"mississippi.kmz","segment_id":"mississippi-2757-0"}},{"type":"Feature","geometry":{"type":"LineString","coordinates":[[-86.41805580623043,41.196770187895595],[-86.4220970851782,41.14653325713361]]},"properties":{"site":"03331440","gauge_name":"LAKE MAXINKUCKEE AT CULVER, IN","gauge_distance_m":114.4,"association":"nearest gauge on source stream line (unverified)","condition":"unclassified","source_kmz":"mississippi.kmz","segment_id":"mississippi-2757-1"}},{"type":"Feature","geometry":{"type":"LineString","coordinates":[[-86.7451026245636,41.05787742313161],[-86.7606148561636,41.0498520301831],[-86.7630093740987,41.070216203407],[-86.7860173976784,41.085075202193]]},"properties":{"site":"03332349","gauge_name":"BIG MONON DITCH AT CR200N NEAR MEDARYVILLE, IN","gauge_distance_m":7.2,"association":"nearest gauge on source stream line (unverified)","condition":"unclassified","source_kmz":"mississippi.kmz","segment_id":"mississippi-2838-0"}},{"type":"Feature","geometry":{"type":"LineString","coordinates":[[-88.330352260057,43.126731278038],[-88.3468307391189,43.0956290314665],[-88.37577593335357,43.088706170889246]]},"properties":{"site":"05426067","gauge_name":"BARK RIVER AT NAGAWICKA ROAD AT DELAFIELD, WI","gauge_distance_m":89.8,"association":"nearest gauge on source stream line (unverified)","condition":"unclassified","source_kmz":"mississippi.kmz","segment_id":"mississippi-2979-0"}},{"type":"Feature","geometry":{"type":"LineString","coordinates":[[-88.37577593335357,43.088706170889246],[-88.3857727830034,43.08631521107131],[-88.3976818574247,43.065991321958]]},"properties":{"site":"05426067","gauge_name":"BARK RIVER AT NAGAWICKA ROAD AT DELAFIELD, WI","gauge_distance_m":89.8,"association":"nearest gauge on source stream line (unverified)","condition":"unclassified","source_kmz":"mississippi.kmz","segment_id":"mississippi-2979-1"}},{"type":"Feature","geometry":{"type":"LineString","coordinates":[[-88.55828147276182,42.64270245328941],[-88.56073781055989,42.640554212806116]]},"properties":{"site":"05431016","gauge_name":"JACKSON CREEK AT MOUND ROAD NEAR ELKHORN, WI","gauge_distance_m":26.1,"association":"nearest gauge on source stream line (unverified)","condition":"unclassified","source_kmz":"mississippi.kmz","segment_id":"mississippi-3072-0"}},{"type":"Feature","geometry":{"type":"LineString","coordinates":[[-88.56073781055989,42.640554212806116],[-88.5831321726769,42.6209687651795],[-88.6076571249035,42.6194041575918]]},"properties":{"site":"05431016","gauge_name":"JACKSON CREEK AT MOUND ROAD NEAR ELKHORN, WI","gauge_distance_m":26.1,"association":"nearest gauge on source stream line (unverified)","condition":"unclassified","source_kmz":"mississippi.kmz","segment_id":"mississippi-3072-1"}},{"type":"Feature","geometry":{"type":"LineString","coordinates":[[-88.6435089211988,42.5390649765699],[-88.65957695468347,42.52304097103376]]},"properties":{"site":"05438283","gauge_name":"PISCASAW CREEK NEAR WALWORTH, WI","gauge_distance_m":8.1,"association":"nearest gauge on source stream line (unverified)","condition":"unclassified","source_kmz":"mississippi.kmz","segment_id":"mississippi-3089-0"}},{"type":"Feature","geometry":{"type":"LineString","coordinates":[[-88.65957695468347,42.52304097103376],[-88.6616437284775,42.5209798603976],[-88.6572763283861,42.4787441482993]]},"properties":{"site":"05438283","gauge_name":"PISCASAW CREEK NEAR WALWORTH, WI","gauge_distance_m":8.1,"association":"nearest gauge on source stream line (unverified)","condition":"unclassified","source_kmz":"mississippi.kmz","segment_id":"mississippi-3089-1"}},{"type":"Feature","geometry":{"type":"LineString","coordinates":[[-88.2624675459688,41.3868323908473],[-88.2612690293021,41.3878354891698]]},"properties":{"site":"412320088154101","gauge_name":"KANKAKEE R AT INFLOW OF POWER PLANT NR LORENZO, IL","gauge_distance_m":107.9,"association":"nearest gauge on source stream line (unverified)","condition":"unclassified","source_kmz":"mississippi.kmz","segment_id":"mississippi-3568-0"}},{"type":"Feature","geometry":{"type":"LineString","coordinates":[[-87.80136313928601,41.0138236861724],[-87.82297674209102,41.0079538104375]]},"properties":{"site":"05526000","gauge_name":"IROQUOIS RIVER NEAR CHEBANSE, IL","gauge_distance_m":166.8,"association":"nearest gauge on source stream line (unverified)","condition":"unclassified","source_kmz":"mississippi.kmz","segment_id":"mississippi-3976-0"}},{"type":"Feature","geometry":{"type":"LineString","coordinates":[[-87.9635051162021,42.3492931382743],[-87.94181156853563,42.34263117850713]]},"properties":{"site":"05528000","gauge_name":"DES PLAINES RIVER NEAR GURNEE, IL","gauge_distance_m":151.3,"association":"nearest gauge on source stream line (unverified)","condition":"unclassified","source_kmz":"mississippi.kmz","segment_id":"mississippi-4113-0"}},{"type":"Feature","geometry":{"type":"LineString","coordinates":[[-87.94181156853563,42.34263117850713],[-87.9404201204687,42.3422038730621]]},"properties":{"site":"05528000","gauge_name":"DES PLAINES RIVER NEAR GURNEE, IL","gauge_distance_m":151.3,"association":"nearest gauge on source stream line (unverified)","condition":"unclassified","source_kmz":"mississippi.kmz","segment_id":"mississippi-4113-1"}},{"type":"Feature","geometry":{"type":"LineString","coordinates":[[-87.8945527009646,42.2090213242873],[-87.8585483136473,42.16662427764774]]},"properties":{"site":"05535400","gauge_name":"WF OF NB CHICAGO RIVER AT DEERFIELD, IL","gauge_distance_m":149.0,"association":"nearest gauge on source stream line (unverified)","condition":"unclassified","source_kmz":"mississippi.kmz","segment_id":"mississippi-4140-0"}},{"type":"Feature","geometry":{"type":"LineString","coordinates":[[-87.8585483136473,42.16662427764774],[-87.83457972635198,42.138400014185365]]},"properties":{"site":"05535400","gauge_name":"WF OF NB CHICAGO RIVER AT DEERFIELD, IL","gauge_distance_m":149.0,"association":"nearest gauge on source stream line (unverified)","condition":"unclassified","source_kmz":"mississippi.kmz","segment_id":"mississippi-4140-1"}},{"type":"Feature","geometry":{"type":"LineString","coordinates":[[-87.83457972635198,42.138400014185365],[-87.81652673763162,42.1171416770273]]},"properties":{"site":"05535500","gauge_name":"WF OF NB CHICAGO RIVER AT NORTHBROOK IL","gauge_distance_m":13.9,"association":"nearest gauge on source stream line (unverified)","condition":"unclassified","source_kmz":"mississippi.kmz","segment_id":"mississippi-4140-2"}},{"type":"Feature","geometry":{"type":"LineString","coordinates":[[-87.9723759082953,42.1072750768024],[-87.9472922040962,42.1213257713539],[-87.91405449431267,42.094935675595096]]},"properties":{"site":"05529500","gauge_name":"MC DONALD CREEK NEAR MOUNT PROSPECT, IL","gauge_distance_m":100.9,"association":"nearest gauge on source stream line (unverified)","condition":"unclassified","source_kmz":"mississippi.kmz","segment_id":"mississippi-4154-0"}},{"type":"Feature","geometry":{"type":"LineString","coordinates":[[-87.91405449431267,42.094935675595096],[-87.8902425922745,42.0760294880425]]},"properties":{"site":"05529500","gauge_name":"MC DONALD CREEK NEAR MOUNT PROSPECT, IL","gauge_distance_m":100.9,"association":"nearest gauge on source stream line (unverified)","condition":"unclassified","source_kmz":"mississippi.kmz","segment_id":"mississippi-4154-1"}},{"type":"Feature","geometry":{"type":"LineString","coordinates":[[-88.0148305843138,42.1142147308144],[-88.01653132993862,42.0610255052709]]},"properties":{"site":"05530990","gauge_name":"SALT CREEK AT ROLLING MEADOWS, IL","gauge_distance_m":71.3,"association":"nearest gauge on source stream line (unverified)","condition":"unclassified","source_kmz":"mississippi.kmz","segment_id":"mississippi-4162-0"}},{"type":"Feature","geometry":{"type":"LineString","coordinates":[[-88.0497420222438,42.0749187454487],[-88.01653132993862,42.0610255052709]]},"properties":{"site":"05530990","gauge_name":"SALT CREEK AT ROLLING MEADOWS, IL","gauge_distance_m":71.3,"association":"nearest gauge on source stream line (unverified)","condition":"unclassified","source_kmz":"mississippi.kmz","segment_id":"mississippi-4163-0"}},{"type":"Feature","geometry":{"type":"LineString","coordinates":[[-87.8613166043612,42.0413669186596],[-87.87868553280485,42.03233460144979]]},"properties":{"site":"05530100","gauge_name":"DES PLAINES R AT ALGONQUIN RD AT DES PLAINES, IL","gauge_distance_m":90.7,"association":"nearest gauge on source stream line (unverified)","condition":"unclassified","source_kmz":"mississippi.kmz","segment_id":"mississippi-4168-0"}},{"type":"Feature","geometry":{"type":"LineString","coordinates":[[-87.87868553280485,42.03233460144979],[-87.8788599963936,42.0322438756183]]},"properties":{"site":"05530100","gauge_name":"DES PLAINES R AT ALGONQUIN RD AT DES PLAINES, IL","gauge_distance_m":90.7,"association":"nearest gauge on source stream line (unverified)","condition":"unclassified","source_kmz":"mississippi.kmz","segment_id":"mississippi-4168-1"}},{"type":"Feature","geometry":{"type":"LineString","coordinates":[[-87.8931729095058,41.8840340267443],[-87.8699473719486,41.885798689151],[-87.87003996137017,41.88470978425983]]},"properties":{"site":"05532000","gauge_name":"ADDISON CREEK AT BELLWOOD, IL","gauge_distance_m":111.2,"association":"nearest gauge on source stream line (unverified)","condition":"unclassified","source_kmz":"mississippi.kmz","segment_id":"mississippi-4257-0"}},{"type":"Feature","geometry":{"type":"LineString","coordinates":[[-87.87003996137017,41.88470978425983],[-87.8719276631218,41.8625093251177],[-87.8530970753776,41.8454397954529]]},"properties":{"site":"05532000","gauge_name":"ADDISON CREEK AT BELLWOOD, IL","gauge_distance_m":111.2,"association":"nearest gauge on source stream line (unverified)","condition":"unclassified","source_kmz":"mississippi.kmz","segment_id":"mississippi-4257-1"}},{"type":"Feature","geometry":{"type":"LineString","coordinates":[[-88.2389470914155,41.8628331852495],[-88.2112951393369,41.8651984221301],[-88.20467066052763,41.85702315010095]]},"properties":{"site":"05540060","gauge_name":"KRESS CREEK AT WEST CHICAGO, IL","gauge_distance_m":0.8,"association":"nearest gauge on source stream line (unverified)","condition":"unclassified","source_kmz":"mississippi.kmz","segment_id":"mississippi-4263-0"}},{"type":"Feature","geometry":{"type":"LineString","coordinates":[[-88.20467066052763,41.85702315010095],[-88.2000612915433,41.8513347259374]]},"properties":{"site":"05540060","gauge_name":"KRESS CREEK AT WEST CHICAGO, IL","gauge_distance_m":0.8,"association":"nearest gauge on source stream line (unverified)","condition":"unclassified","source_kmz":"mississippi.kmz","segment_id":"mississippi-4263-1"}},{"type":"Feature","geometry":{"type":"LineString","coordinates":[[-87.7518995944754,41.8147675995304],[-87.7527974633612,41.8164400480691]]},"properties":{"site":"05536140","gauge_name":"CHICAGO SANITARY AND SHIP CANAL AT STICKNEY, IL","gauge_distance_m":63.9,"association":"nearest gauge on source stream line (unverified)","condition":"unclassified","source_kmz":"mississippi.kmz","segment_id":"mississippi-4266-0"}},{"type":"Feature","geometry":{"type":"LineString","coordinates":[[-88.0498102412124,41.8913814268327],[-88.0352450531025,41.8813318624532],[-88.04766776995768,41.83170172838627]]},"properties":{"site":"05540160","gauge_name":"EAST BRANCH DU PAGE RIVER NEAR DOWNERS GROVE, IL","gauge_distance_m":8.2,"association":"nearest gauge on source stream line (unverified)","condition":"unclassified","source_kmz":"mississippi.kmz","segment_id":"mississippi-4268-0"}},{"type":"Feature","geometry":{"type":"LineString","coordinates":[[-88.04766776995768,41.83170172838627],[-88.0479797971751,41.83045514498481]]},"properties":{"site":"05540160","gauge_name":"EAST BRANCH DU PAGE RIVER NEAR DOWNERS GROVE, IL","gauge_distance_m":8.2,"association":"nearest gauge on source stream line (unverified)","condition":"unclassified","source_kmz":"mississippi.kmz","segment_id":"mississippi-4268-1"}},{"type":"Feature","geometry":{"type":"LineString","coordinates":[[-88.06509991330711,41.8500785161086],[-88.04866459418834,41.83124007108179]]},"properties":{"site":"05540160","gauge_name":"EAST BRANCH DU PAGE RIVER NEAR DOWNERS GROVE, IL","gauge_distance_m":87.2,"association":"nearest gauge on source stream line (unverified)","condition":"unclassified","source_kmz":"mississippi.kmz","segment_id":"mississippi-4270-0"}},{"type":"Feature","geometry":{"type":"LineString","coordinates":[[-88.04866459418834,41.83124007108179],[-88.0479797971751,41.83045514498481]]},"properties":{"site":"05540160","gauge_name":"EAST BRANCH DU PAGE RIVER NEAR DOWNERS GROVE, IL","gauge_distance_m":87.2,"association":"nearest gauge on source stream line (unverified)","condition":"unclassified","source_kmz":"mississippi.kmz","segment_id":"mississippi-4270-1"}},{"type":"Feature","geometry":{"type":"LineString","coordinates":[[-88.1254654262693,41.8166567610268],[-88.10812459009271,41.792455256375],[-88.0794998119168,41.7939237284356]]},"properties":{"site":"05540228","gauge_name":"EAST BRANCH DUPAGE RIVER AT SHORT ST AT LISLE, IL","gauge_distance_m":131.8,"association":"nearest gauge on source stream line (unverified)","condition":"unclassified","source_kmz":"mississippi.kmz","segment_id":"mississippi-4287-0"}},{"type":"Feature","geometry":{"type":"LineString","coordinates":[[-87.8111952240944,41.7106427816749],[-87.8308265451905,41.68947897007009]]},"properties":{"site":"05536580","gauge_name":"STONY CREEK (WEST) NEAR WORTH, IL","gauge_distance_m":88.4,"association":"nearest gauge on source stream line (unverified)","condition":"unclassified","source_kmz":"mississippi.kmz","segment_id":"mississippi-4318-0"}},{"type":"Feature","geometry":{"type":"LineString","coordinates":[[-87.8308265451905,41.68947897007009],[-87.832877969457,41.687267404354]]},"properties":{"site":"05536580","gauge_name":"STONY CREEK (WEST) NEAR WORTH, IL","gauge_distance_m":88.4,"association":"nearest gauge on source stream line (unverified)","condition":"unclassified","source_kmz":"mississippi.kmz","segment_id":"mississippi-4318-1"}},{"type":"Feature","geometry":{"type":"LineString","coordinates":[[-87.7744479555094,41.7069485771805],[-87.82955315539884,41.68838731235459]]},"properties":{"site":"05536580","gauge_name":"STONY CREEK (WEST) NEAR WORTH, IL","gauge_distance_m":78.2,"association":"nearest gauge on source stream line (unverified)","condition":"unclassified","source_kmz":"mississippi.kmz","segment_id":"mississippi-4319-0"}},{"type":"Feature","geometry":{"type":"LineString","coordinates":[[-87.82955315539884,41.68838731235459],[-87.832877969457,41.687267404354]]},"properties":{"site":"05536580","gauge_name":"STONY CREEK (WEST) NEAR WORTH, IL","gauge_distance_m":78.2,"association":"nearest gauge on source stream line (unverified)","condition":"unclassified","source_kmz":"mississippi.kmz","segment_id":"mississippi-4319-1"}},{"type":"Feature","geometry":{"type":"LineString","coordinates":[[-88.18486585555,41.7325766608835],[-88.15907371843,41.735040462627],[-88.16196143933448,41.72751148226892]]},"properties":{"site":"05540275","gauge_name":"SPRING BROOK AT 87TH STREET NEAR NAPERVILLE, IL","gauge_distance_m":46.1,"association":"nearest gauge on source stream line (unverified)","condition":"unclassified","source_kmz":"mississippi.kmz","segment_id":"mississippi-4322-0"}},{"type":"Feature","geometry":{"type":"LineString","coordinates":[[-88.16196143933448,41.72751148226892],[-88.1688534345171,41.7095423993574],[-88.1555468698683,41.7014669995365]]},"properties":{"site":"05540275","gauge_name":"SPRING BROOK AT 87TH STREET NEAR NAPERVILLE, IL","gauge_distance_m":46.1,"association":"nearest gauge on source stream line (unverified)","condition":"unclassified","source_kmz":"mississippi.kmz","segment_id":"mississippi-4322-1"}},{"type":"Feature","geometry":{"type":"LineString","coordinates":[[-87.7719950840081,41.63790271604211],[-87.76538435326849,41.646171594391575]]},"properties":{"site":"05536500","gauge_name":"TINLEY CREEK NEAR PALOS PARK, IL","gauge_distance_m":101.8,"association":"nearest gauge on source stream line (unverified)","condition":"unclassified","source_kmz":"mississippi.kmz","segment_id":"mississippi-4340-0"}},{"type":"Feature","geometry":{"type":"LineString","coordinates":[[-87.76538435326849,41.646171594391575],[-87.7523507614223,41.66247435874211]]},"properties":{"site":"05536500","gauge_name":"TINLEY CREEK NEAR PALOS PARK, IL","gauge_distance_m":101.8,"association":"nearest gauge on source stream line (unverified)","condition":"unclassified","source_kmz":"mississippi.kmz","segment_id":"mississippi-4340-1"}},{"type":"Feature","geometry":{"type":"LineString","coordinates":[[-87.9904745287002,41.6441942668041],[-87.99869747216722,41.64307463092194]]},"properties":{"site":"05537500","gauge_name":"LONG RUN NEAR LEMONT, IL","gauge_distance_m":40.8,"association":"nearest gauge on source stream line (unverified)","condition":"unclassified","source_kmz":"mississippi.kmz","segment_id":"mississippi-4357-0"}},{"type":"Feature","geometry":{"type":"LineString","coordinates":[[-87.99869747216722,41.64307463092194],[-88.0392919782653,41.6375472834668],[-88.06142087972302,41.6093268968429]]},"properties":{"site":"05537500","gauge_name":"LONG RUN NEAR LEMONT, IL","gauge_distance_m":40.8,"association":"nearest gauge on source stream line (unverified)","condition":"unclassified","source_kmz":"mississippi.kmz","segment_id":"mississippi-4357-1"}},{"type":"Feature","geometry":{"type":"LineString","coordinates":[[-88.2043145664215,41.5252978086985],[-88.1930310156849,41.521998052748174]]},"properties":{"site":"05540500","gauge_name":"DU PAGE RIVER AT SHOREWOOD, IL","gauge_distance_m":36.4,"association":"nearest gauge on source stream line (unverified)","condition":"unclassified","source_kmz":"mississippi.kmz","segment_id":"mississippi-4396-0"}},{"type":"Feature","geometry":{"type":"LineString","coordinates":[[-88.1930310156849,41.521998052748174],[-88.1926992224492,41.5219010232998]]},"properties":{"site":"05540500","gauge_name":"DU PAGE RIVER AT SHOREWOOD, IL","gauge_distance_m":36.4,"association":"nearest gauge on source stream line (unverified)","condition":"unclassified","source_kmz":"mississippi.kmz","segment_id":"mississippi-4396-1"}},{"type":"Feature","geometry":{"type":"LineString","coordinates":[[-87.8837102429851,42.3365074511557],[-87.8491352810676,42.2363211464131],[-87.84479805841859,42.229651437733246]]},"properties":{"site":"05535000","gauge_name":"SKOKIE RIVER AT LAKE FOREST, IL","gauge_distance_m":102.1,"association":"nearest gauge on source stream line (unverified)","condition":"unclassified","source_kmz":"mississippi.kmz","segment_id":"mississippi-4439-0"}},{"type":"Feature","geometry":{"type":"LineString","coordinates":[[-87.84479805841859,42.229651437733246],[-87.7983825844166,42.15827449564776]]},"properties":{"site":"05535000","gauge_name":"SKOKIE RIVER AT LAKE FOREST, IL","gauge_distance_m":102.1,"association":"nearest gauge on source stream line (unverified)","condition":"unclassified","source_kmz":"mississippi.kmz","segment_id":"mississippi-4439-1"}},{"type":"Feature","geometry":{"type":"LineString","coordinates":[[-87.7983825844166,42.15827449564776],[-87.7618444653985,42.1020867853821]]},"properties":{"site":"05535070","gauge_name":"SKOKIE RIVER NEAR HIGHLAND PARK, IL","gauge_distance_m":94.3,"association":"nearest gauge on source stream line (unverified)","condition":"unclassified","source_kmz":"mississippi.kmz","segment_id":"mississippi-4439-2"}},{"type":"Feature","geometry":{"type":"LineString","coordinates":[[-88.3355086799669,42.8538384884799],[-88.3293234122542,42.8561684434903]]},"properties":{"site":"05544200","gauge_name":"MUKWONAGO RIVER AT MUKWONAGO, WI","gauge_distance_m":139.1,"association":"nearest gauge on source stream line (unverified)","condition":"unclassified","source_kmz":"mississippi.kmz","segment_id":"mississippi-4741-0"}},{"type":"Feature","geometry":{"type":"LineString","coordinates":[[-88.6410850221184,42.7561865126743],[-88.62889891661784,42.74403726867136]]},"properties":{"site":"05545000","gauge_name":"NORTH LAKE NEAR ELKHORN, WI","gauge_distance_m":27.6,"association":"nearest gauge on source stream line (unverified)","condition":"unclassified","source_kmz":"mississippi.kmz","segment_id":"mississippi-4807-0"}},{"type":"Feature","geometry":{"type":"LineString","coordinates":[[-88.62889891661784,42.74403726867136],[-88.5989912429885,42.7142200621433]]},"properties":{"site":"05545000","gauge_name":"NORTH LAKE NEAR ELKHORN, WI","gauge_distance_m":27.6,"association":"nearest gauge on source stream line (unverified)","condition":"unclassified","source_kmz":"mississippi.kmz","segment_id":"mississippi-4807-1"}},{"type":"Feature","geometry":{"type":"LineString","coordinates":[[-88.2396325803205,42.6098012224505],[-88.22593608502548,42.60971429834503]]},"properties":{"site":"05545750","gauge_name":"FOX RIVER NEAR NEW MUNSTER, WI","gauge_distance_m":126.4,"association":"nearest gauge on source stream line (unverified)","condition":"unclassified","source_kmz":"mississippi.kmz","segment_id":"mississippi-4839-0"}},{"type":"Feature","geometry":{"type":"LineString","coordinates":[[-88.22593608502548,42.60971429834503],[-88.224509833575,42.6097052467133]]},"properties":{"site":"05545750","gauge_name":"FOX RIVER NEAR NEW MUNSTER, WI","gauge_distance_m":126.4,"association":"nearest gauge on source stream line (unverified)","condition":"unclassified","source_kmz":"mississippi.kmz","segment_id":"mississippi-4839-1"}},{"type":"Feature","geometry":{"type":"LineString","coordinates":[[-88.2782492767429,42.49200963945911],[-88.28320281229178,42.4859669066722]]},"properties":{"site":"05548185","gauge_name":"ELIZABETH LAKE DRAIN NR TWIN LAKES, WI-IL","gauge_distance_m":36.8,"association":"nearest gauge on source stream line (unverified)","condition":"unclassified","source_kmz":"mississippi.kmz","segment_id":"mississippi-4883-0"}},{"type":"Feature","geometry":{"type":"LineString","coordinates":[[-88.28320281229178,42.4859669066722],[-88.294874893903,42.4717283351413]]},"properties":{"site":"05548185","gauge_name":"ELIZABETH LAKE DRAIN NR TWIN LAKES, WI-IL","gauge_distance_m":36.8,"association":"nearest gauge on source stream line (unverified)","condition":"unclassified","source_kmz":"mississippi.kmz","segment_id":"mississippi-4883-1"}},{"type":"Feature","geometry":{"type":"LineString","coordinates":[[-88.2563734873356,42.04496363433031],[-88.25788670568852,42.025966948318086]]},"properties":{"site":"05550500","gauge_name":"POPLAR CREEK AT ELGIN, IL","gauge_distance_m":183.6,"association":"nearest gauge on source stream line (unverified)","condition":"unclassified","source_kmz":"mississippi.kmz","segment_id":"mississippi-5026-0"}},{"type":"Feature","geometry":{"type":"LineString","coordinates":[[-88.25788670568852,42.025966948318086],[-88.2582294461883,42.0216642423369]]},"properties":{"site":"05550500","gauge_name":"POPLAR CREEK AT ELGIN, IL","gauge_distance_m":183.6,"association":"nearest gauge on source stream line (unverified)","condition":"unclassified","source_kmz":"mississippi.kmz","segment_id":"mississippi-5026-1"}},{"type":"Feature","geometry":{"type":"LineString","coordinates":[[-88.37650300075632,41.7567310997825],[-88.3847104834148,41.7416171563012]]},"properties":{"site":"05551675","gauge_name":"BLACKBERRY CREEK NEAR MONTGOMERY, IL","gauge_distance_m":143.3,"association":"nearest gauge on source stream line (unverified)","condition":"unclassified","source_kmz":"mississippi.kmz","segment_id":"mississippi-5107-0"}},{"type":"Feature","geometry":{"type":"LineString","coordinates":[[-88.3107365631273,41.7347911301164],[-88.33335157236365,41.733732200802585]]},"properties":{"site":"05551540","gauge_name":"FOX RIVER AT MONTGOMERY, IL","gauge_distance_m":20.3,"association":"nearest gauge on source stream line (unverified)","condition":"unclassified","source_kmz":"mississippi.kmz","segment_id":"mississippi-5109-0"}},{"type":"Feature","geometry":{"type":"LineString","coordinates":[[-88.33335157236365,41.733732200802585],[-88.333450822701,41.7337275534867]]},"properties":{"site":"05551540","gauge_name":"FOX RIVER AT MONTGOMERY, IL","gauge_distance_m":20.3,"association":"nearest gauge on source stream line (unverified)","condition":"unclassified","source_kmz":"mississippi.kmz","segment_id":"mississippi-5109-1"}},{"type":"Feature","geometry":{"type":"LineString","coordinates":[[-88.4391733538628,41.6423647508181],[-88.44340462644297,41.64261389131549]]},"properties":{"site":"05551580","gauge_name":"FOX RIVER AT YORKVILLE, IL","gauge_distance_m":25.1,"association":"nearest gauge on source stream line (unverified)","condition":"unclassified","source_kmz":"mississippi.kmz","segment_id":"mississippi-5142-0"}},{"type":"Feature","geometry":{"type":"LineString","coordinates":[[-88.44340462644297,41.64261389131549],[-88.4467683675953,41.6428119509129]]},"properties":{"site":"05551580","gauge_name":"FOX RIVER AT YORKVILLE, IL","gauge_distance_m":25.1,"association":"nearest gauge on source stream line (unverified)","condition":"unclassified","source_kmz":"mississippi.kmz","segment_id":"mississippi-5142-1"}},{"type":"Feature","geometry":{"type":"LineString","coordinates":[[-85.7591203527653,41.3240133661567],[-85.775784826432,41.3318192577907],[-85.7894617431211,41.321305333266366]]},"properties":{"site":"03330500","gauge_name":"TIPPECANOE RIVER AT OSWEGO, IN","gauge_distance_m":76.7,"association":"nearest gauge on source stream line (unverified)","condition":"unclassified","source_kmz":"mississippi.kmz","segment_id":"mississippi-5305-0"}},{"type":"Feature","geometry":{"type":"LineString","coordinates":[[-85.7894617431211,41.321305333266366],[-85.8056372889551,41.3088706250712]]},"properties":{"site":"03330500","gauge_name":"TIPPECANOE RIVER AT OSWEGO, IN","gauge_distance_m":76.7,"association":"nearest gauge on source stream line (unverified)","condition":"unclassified","source_kmz":"mississippi.kmz","segment_id":"mississippi-5305-1"}},{"type":"Feature","geometry":{"type":"LineString","coordinates":[[-86.7853541307451,41.1095249274234],[-86.78601566361314,41.08513912429884]]},"properties":{"site":"03332349","gauge_name":"BIG MONON DITCH AT CR200N NEAR MEDARYVILLE, IN","gauge_distance_m":1.3,"association":"nearest gauge on source stream line (unverified)","condition":"unclassified","source_kmz":"mississippi.kmz","segment_id":"mississippi-5362-0"}},{"type":"Feature","geometry":{"type":"LineString","coordinates":[[-86.78601566361314,41.08513912429884],[-86.7860173976784,41.085075202193]]},"properties":{"site":"03332349","gauge_name":"BIG MONON DITCH AT CR200N NEAR MEDARYVILLE, IN","gauge_distance_m":1.3,"association":"nearest gauge on source stream line (unverified)","condition":"unclassified","source_kmz":"mississippi.kmz","segment_id":"mississippi-5362-1"}},{"type":"Feature","geometry":{"type":"LineString","coordinates":[[-86.7860173976784,41.085075202193],[-86.837595701989,41.0527278587835]]},"properties":{"site":"03332349","gauge_name":"BIG MONON DITCH AT CR200N NEAR MEDARYVILLE, IN","gauge_distance_m":7.2,"association":"nearest gauge on source stream line (unverified)","condition":"unclassified","source_kmz":"mississippi.kmz","segment_id":"mississippi-5369-0"}},{"type":"Feature","geometry":{"type":"LineString","coordinates":[[-88.6654844376694,42.9616887431873],[-88.67070813112144,42.9607416729662]]},"properties":{"site":"05426250","gauge_name":"BARK RIVER NEAR ROME, WI","gauge_distance_m":53.1,"association":"nearest gauge on source stream line (unverified)","condition":"unclassified","source_kmz":"mississippi.kmz","segment_id":"mississippi-5413-0"}},{"type":"Feature","geometry":{"type":"LineString","coordinates":[[-88.67070813112144,42.9607416729662],[-88.677963194884,42.9594263096309]]},"properties":{"site":"05426250","gauge_name":"BARK RIVER NEAR ROME, WI","gauge_distance_m":53.1,"association":"nearest gauge on source stream line (unverified)","condition":"unclassified","source_kmz":"mississippi.kmz","segment_id":"mississippi-5413-1"}},{"type":"Feature","geometry":{"type":"LineString","coordinates":[[-86.6099056083257,41.3021631775204],[-86.62023248515713,41.303837106075285]]},"properties":{"site":"05517000","gauge_name":"YELLOW RIVER AT KNOX, IN","gauge_distance_m":118.4,"association":"nearest gauge on source stream line (unverified)","condition":"unclassified","source_kmz":"mississippi.kmz","segment_id":"mississippi-5564-0"}},{"type":"Feature","geometry":{"type":"LineString","coordinates":[[-86.62023248515713,41.303837106075285],[-86.637253015511,41.3065960381555]]},"properties":{"site":"05517000","gauge_name":"YELLOW RIVER AT KNOX, IN","gauge_distance_m":118.4,"association":"nearest gauge on source stream line (unverified)","condition":"unclassified","source_kmz":"mississippi.kmz","segment_id":"mississippi-5564-1"}},{"type":"Feature","geometry":{"type":"LineString","coordinates":[[-87.0265648034375,41.2578339140663],[-87.0320700394172,41.2544525280709]]},"properties":{"site":"05517530","gauge_name":"KANKAKEE RIVER NR KOUTS, IN","gauge_distance_m":161.6,"association":"nearest gauge on source stream line (unverified)","condition":"unclassified","source_kmz":"mississippi.kmz","segment_id":"mississippi-5605-0"}},{"type":"Feature","geometry":{"type":"LineString","coordinates":[[-87.9885088340551,42.4162750823955],[-87.96914349939462,42.4157461397317]]},"properties":{"site":"05527950","gauge_name":"MILL CREEK AT OLD MILL CREEK, IL","gauge_distance_m":52.1,"association":"nearest gauge on source stream line (unverified)","condition":"unclassified","source_kmz":"mississippi.kmz","segment_id":"mississippi-5743-0"}},{"type":"Feature","geometry":{"type":"LineString","coordinates":[[-87.96914349939462,42.4157461397317],[-87.9341921698678,42.41479148288391]]},"properties":{"site":"05527950","gauge_name":"MILL CREEK AT OLD MILL CREEK, IL","gauge_distance_m":52.1,"association":"nearest gauge on source stream line (unverified)","condition":"unclassified","source_kmz":"mississippi.kmz","segment_id":"mississippi-5743-1"}},{"type":"Feature","geometry":{"type":"LineString","coordinates":[[-87.9351451831289,42.3464530357793],[-87.93960669746565,42.34285911623851]]},"properties":{"site":"05528000","gauge_name":"DES PLAINES RIVER NEAR GURNEE, IL","gauge_distance_m":168.9,"association":"nearest gauge on source stream line (unverified)","condition":"unclassified","source_kmz":"mississippi.kmz","segment_id":"mississippi-5748-0"}},{"type":"Feature","geometry":{"type":"LineString","coordinates":[[-87.93960669746565,42.34285911623851],[-87.9404201204687,42.3422038730621]]},"properties":{"site":"05528000","gauge_name":"DES PLAINES RIVER NEAR GURNEE, IL","gauge_distance_m":168.9,"association":"nearest gauge on source stream line (unverified)","condition":"unclassified","source_kmz":"mississippi.kmz","segment_id":"mississippi-5748-1"}},{"type":"Feature","geometry":{"type":"LineString","coordinates":[[-87.9404201204687,42.3422038730621],[-87.9569046733777,42.3173798942723]]},"properties":{"site":"05528000","gauge_name":"DES PLAINES RIVER NEAR GURNEE, IL","gauge_distance_m":195.9,"association":"nearest gauge on source stream line (unverified)","condition":"unclassified","source_kmz":"mississippi.kmz","segment_id":"mississippi-5749-0"}},{"type":"Feature","geometry":{"type":"LineString","coordinates":[[-87.8829008682868,42.0384202142038],[-87.8788599963936,42.0322438756183]]},"properties":{"site":"05530100","gauge_name":"DES PLAINES R AT ALGONQUIN RD AT DES PLAINES, IL","gauge_distance_m":92.4,"association":"nearest gauge on source stream line (unverified)","condition":"unclassified","source_kmz":"mississippi.kmz","segment_id":"mississippi-5766-0"}},{"type":"Feature","geometry":{"type":"LineString","coordinates":[[-88.01653132993862,42.0610255052709],[-88.01650241993889,42.0603956149138]]},"properties":{"site":"05530990","gauge_name":"SALT CREEK AT ROLLING MEADOWS, IL","gauge_distance_m":12.9,"association":"nearest gauge on source stream line (unverified)","condition":"unclassified","source_kmz":"mississippi.kmz","segment_id":"mississippi-5767-0"}},{"type":"Feature","geometry":{"type":"LineString","coordinates":[[-88.01650241993889,42.0603956149138],[-88.01537920998481,42.0359231442929]]},"properties":{"site":"05530990","gauge_name":"SALT CREEK AT ROLLING MEADOWS, IL","gauge_distance_m":12.9,"association":"nearest gauge on source stream line (unverified)","condition":"unclassified","source_kmz":"mississippi.kmz","segment_id":"mississippi-5767-1"}},{"type":"Feature","geometry":{"type":"LineString","coordinates":[[-87.8788599963936,42.0322438756183],[-87.87831723859699,42.03155328602565]]},"properties":{"site":"05530100","gauge_name":"DES PLAINES R AT ALGONQUIN RD AT DES PLAINES, IL","gauge_distance_m":25.0,"association":"nearest gauge on source stream line (unverified)","condition":"unclassified","source_kmz":"mississippi.kmz","segment_id":"mississippi-5768-0"}},{"type":"Feature","geometry":{"type":"LineString","coordinates":[[-87.87831723859699,42.03155328602565],[-87.8670631855874,42.01723394887]]},"properties":{"site":"05530100","gauge_name":"DES PLAINES R AT ALGONQUIN RD AT DES PLAINES, IL","gauge_distance_m":25.0,"association":"nearest gauge on source stream line (unverified)","condition":"unclassified","source_kmz":"mississippi.kmz","segment_id":"mississippi-5768-1"}},{"type":"Feature","geometry":{"type":"LineString","coordinates":[[-88.01537920998481,42.0359231442929],[-88.01172754770822,42.03119770089257]]},"properties":{"site":"05531015","gauge_name":"SALT CREEK AT HIGGINS RD NR ELK GROVE VILLAGE, IL","gauge_distance_m":47.1,"association":"nearest gauge on source stream line (unverified)","condition":"unclassified","source_kmz":"mississippi.kmz","segment_id":"mississippi-5769-0"}},{"type":"Feature","geometry":{"type":"LineString","coordinates":[[-88.01172754770822,42.03119770089257],[-88.0035831189989,42.0206583809942]]},"properties":{"site":"05531015","gauge_name":"SALT CREEK AT HIGGINS RD NR ELK GROVE VILLAGE, IL","gauge_distance_m":47.1,"association":"nearest gauge on source stream line (unverified)","condition":"unclassified","source_kmz":"mississippi.kmz","segment_id":"mississippi-5769-1"}},{"type":"Feature","geometry":{"type":"LineString","coordinates":[[-88.0035831189989,42.0206583809942],[-88.00068228117524,42.01214297948814]]},"properties":{"site":"05531045","gauge_name":"SALT CREEK AT ELK GROVE VILLAGE, IL","gauge_distance_m":27.1,"association":"nearest gauge on source stream line (unverified)","condition":"unclassified","source_kmz":"mississippi.kmz","segment_id":"mississippi-5772-0"}},{"type":"Feature","geometry":{"type":"LineString","coordinates":[[-88.00068228117524,42.01214297948814],[-87.9964645526116,41.9997618488127]]},"properties":{"site":"05531045","gauge_name":"SALT CREEK AT ELK GROVE VILLAGE, IL","gauge_distance_m":27.1,"association":"nearest gauge on source stream line (unverified)","condition":"unclassified","source_kmz":"mississippi.kmz","segment_id":"mississippi-5772-1"}},{"type":"Feature","geometry":{"type":"LineString","coordinates":[[-87.7811569690927,42.0502822027904],[-87.7969720789041,42.0092940189489],[-87.79613692038963,42.008834907274284]]},"properties":{"site":"05536000","gauge_name":"NORTH BRANCH CHICAGO RIVER AT NILES, IL","gauge_distance_m":0.7,"association":"nearest gauge on source stream line (unverified)","condition":"unclassified","source_kmz":"mississippi.kmz","segment_id":"mississippi-5774-0"}},{"type":"Feature","geometry":{"type":"LineString","coordinates":[[-87.79613692038963,42.008834907274284],[-87.74988177750801,41.983407068439]]},"properties":{"site":"05536000","gauge_name":"NORTH BRANCH CHICAGO RIVER AT NILES, IL","gauge_distance_m":0.7,"association":"nearest gauge on source stream line (unverified)","condition":"unclassified","source_kmz":"mississippi.kmz","segment_id":"mississippi-5774-1"}},{"type":"Feature","geometry":{"type":"LineString","coordinates":[[-87.6456186543746,41.8975428537495],[-87.64367032941163,41.892076020522325]]},"properties":{"site":"05536118","gauge_name":"NB CHICAGO RIVER AT GRAND AVENUE AT CHICAGO, IL","gauge_distance_m":111.8,"association":"nearest gauge on source stream line (unverified)","condition":"unclassified","source_kmz":"mississippi.kmz","segment_id":"mississippi-5789-0"}},{"type":"Feature","geometry":{"type":"LineString","coordinates":[[-87.64367032941163,41.892076020522325],[-87.6379582386448,41.8760483823232]]},"properties":{"site":"05536118","gauge_name":"NB CHICAGO RIVER AT GRAND AVENUE AT CHICAGO, IL","gauge_distance_m":111.8,"association":"nearest gauge on source stream line (unverified)","condition":"unclassified","source_kmz":"mississippi.kmz","segment_id":"mississippi-5789-1"}},{"type":"Feature","geometry":{"type":"LineString","coordinates":[[-88.18226729419811,41.9320499567911],[-88.17969408789386,41.91093508118918]]},"properties":{"site":"05539900","gauge_name":"WEST BRANCH DU PAGE RIVER NEAR WEST CHICAGO, IL","gauge_distance_m":45.8,"association":"nearest gauge on source stream line (unverified)","condition":"unclassified","source_kmz":"mississippi.kmz","segment_id":"mississippi-5790-0"}},{"type":"Feature","geometry":{"type":"LineString","coordinates":[[-88.17969408789386,41.91093508118918],[-88.17902982926582,41.9054843956862]]},"properties":{"site":"05539900","gauge_name":"WEST BRANCH DU PAGE RIVER NEAR WEST CHICAGO, IL","gauge_distance_m":45.8,"association":"nearest gauge on source stream line (unverified)","condition":"unclassified","source_kmz":"mississippi.kmz","segment_id":"mississippi-5790-1"}},{"type":"Feature","geometry":{"type":"LineString","coordinates":[[-87.9627313909015,41.8892034268655],[-87.9614901761634,41.88577992395804]]},"properties":{"site":"05531300","gauge_name":"SALT CREEK AT ELMHURST, IL","gauge_distance_m":165.4,"association":"nearest gauge on source stream line (unverified)","condition":"unclassified","source_kmz":"mississippi.kmz","segment_id":"mississippi-5794-0"}},{"type":"Feature","geometry":{"type":"LineString","coordinates":[[-87.9614901761634,41.88577992395804],[-87.9577399234098,41.8754360238967]]},"properties":{"site":"05531300","gauge_name":"SALT CREEK AT ELMHURST, IL","gauge_distance_m":165.4,"association":"nearest gauge on source stream line (unverified)","condition":"unclassified","source_kmz":"mississippi.kmz","segment_id":"mississippi-5794-1"}},{"type":"Feature","geometry":{"type":"LineString","coordinates":[[-87.6658449848855,41.84447942113621],[-87.68587714455136,41.83797654170357]]},"properties":{"site":"05536137","gauge_name":"CHICAGO S & S CANAL AT WESTERN AVE AT CHICAGO, IL","gauge_distance_m":94.9,"association":"nearest gauge on source stream line (unverified)","condition":"unclassified","source_kmz":"mississippi.kmz","segment_id":"mississippi-5800-0"}},{"type":"Feature","geometry":{"type":"LineString","coordinates":[[-87.68587714455136,41.83797654170357],[-87.7197867977325,41.8269687227805]]},"properties":{"site":"05536137","gauge_name":"CHICAGO S & S CANAL AT WESTERN AVE AT CHICAGO, IL","gauge_distance_m":94.9,"association":"nearest gauge on source stream line (unverified)","condition":"unclassified","source_kmz":"mississippi.kmz","segment_id":"mississippi-5800-1"}},{"type":"Feature","geometry":{"type":"LineString","coordinates":[[-87.95481404877731,41.8722929375491],[-87.9342477385756,41.8510913130748],[-87.93583755749513,41.847825618006176]]},"properties":{"site":"05531410","gauge_name":"SALT CREEK AT 22ND STREET AT OAK BROOK, IL","gauge_distance_m":39.8,"association":"nearest gauge on source stream line (unverified)","condition":"unclassified","source_kmz":"mississippi.kmz","segment_id":"mississippi-5802-0"}},{"type":"Feature","geometry":{"type":"LineString","coordinates":[[-87.93583755749513,41.847825618006176],[-87.94238398543901,41.834378402609]]},"properties":{"site":"05531410","gauge_name":"SALT CREEK AT 22ND STREET AT OAK BROOK, IL","gauge_distance_m":39.8,"association":"nearest gauge on source stream line (unverified)","condition":"unclassified","source_kmz":"mississippi.kmz","segment_id":"mississippi-5802-1"}},{"type":"Feature","geometry":{"type":"LineString","coordinates":[[-87.742146848629,41.8200628419878],[-87.7527974633612,41.8164400480691]]},"properties":{"site":"05536140","gauge_name":"CHICAGO SANITARY AND SHIP CANAL AT STICKNEY, IL","gauge_distance_m":63.9,"association":"nearest gauge on source stream line (unverified)","condition":"unclassified","source_kmz":"mississippi.kmz","segment_id":"mississippi-5804-0"}},{"type":"Feature","geometry":{"type":"LineString","coordinates":[[-87.8348386562784,41.8954186269156],[-87.83223022524581,41.88848615565836]]},"properties":{"site":"05530750","gauge_name":"DES PLAINES RIVER AT RIVER FOREST, IL","gauge_distance_m":48.1,"association":"nearest gauge on source stream line (unverified)","condition":"unclassified","source_kmz":"mississippi.kmz","segment_id":"mississippi-5807-0"}},{"type":"Feature","geometry":{"type":"LineString","coordinates":[[-87.83223022524581,41.88848615565836],[-87.8206252769432,41.8576434883443],[-87.8321379426828,41.8185435728221]]},"properties":{"site":"05530750","gauge_name":"DES PLAINES RIVER AT RIVER FOREST, IL","gauge_distance_m":48.1,"association":"nearest gauge on source stream line (unverified)","condition":"unclassified","source_kmz":"mississippi.kmz","segment_id":"mississippi-5807-1"}},{"type":"Feature","geometry":{"type":"LineString","coordinates":[[-87.9402544233872,41.82751744228081],[-87.90278888745206,41.826293328728894]]},"properties":{"site":"05531500","gauge_name":"SALT CREEK AT WESTERN SPRINGS, IL","gauge_distance_m":42.0,"association":"nearest gauge on source stream line (unverified)","condition":"unclassified","source_kmz":"mississippi.kmz","segment_id":"mississippi-5809-0"}},{"type":"Feature","geometry":{"type":"LineString","coordinates":[[-87.90278888745206,41.826293328728894],[-87.8867886161905,41.8257705509707],[-87.8841499230415,41.8390598589642]]},"properties":{"site":"05531500","gauge_name":"SALT CREEK AT WESTERN SPRINGS, IL","gauge_distance_m":42.0,"association":"nearest gauge on source stream line (unverified)","condition":"unclassified","source_kmz":"mississippi.kmz","segment_id":"mississippi-5809-1"}},{"type":"Feature","geometry":{"type":"LineString","coordinates":[[-88.0479797971751,41.83045514498481],[-88.0501571297637,41.8273608275819]]},"properties":{"site":"05540160","gauge_name":"EAST BRANCH DU PAGE RIVER NEAR DOWNERS GROVE, IL","gauge_distance_m":135.8,"association":"nearest gauge on source stream line (unverified)","condition":"unclassified","source_kmz":"mississippi.kmz","segment_id":"mississippi-5810-0"}},{"type":"Feature","geometry":{"type":"LineString","coordinates":[[-87.7527974633612,41.8164400480691],[-87.7532403343107,41.81630449535936]]},"properties":{"site":"05536140","gauge_name":"CHICAGO SANITARY AND SHIP CANAL AT STICKNEY, IL","gauge_distance_m":50.2,"association":"nearest gauge on source stream line (unverified)","condition":"unclassified","source_kmz":"mississippi.kmz","segment_id":"mississippi-5813-0"}},{"type":"Feature","geometry":{"type":"LineString","coordinates":[[-87.7532403343107,41.81630449535936],[-87.798618133456,41.8024153846758]]},"properties":{"site":"05536140","gauge_name":"CHICAGO SANITARY AND SHIP CANAL AT STICKNEY, IL","gauge_distance_m":50.2,"association":"nearest gauge on source stream line (unverified)","condition":"unclassified","source_kmz":"mississippi.kmz","segment_id":"mississippi-5813-1"}},{"type":"Feature","geometry":{"type":"LineString","coordinates":[[-88.0813998679328,41.8029196925292],[-88.0794998119168,41.7939237284356]]},"properties":{"site":"05540228","gauge_name":"EAST BRANCH DUPAGE RIVER AT SHORT ST AT LISLE, IL","gauge_distance_m":131.8,"association":"nearest gauge on source stream line (unverified)","condition":"unclassified","source_kmz":"mississippi.kmz","segment_id":"mississippi-5818-0"}},{"type":"Feature","geometry":{"type":"LineString","coordinates":[[-88.0794998119168,41.7939237284356],[-88.07933771025512,41.792777068442184]]},"properties":{"site":"05540228","gauge_name":"EAST BRANCH DUPAGE RIVER AT SHORT ST AT LISLE, IL","gauge_distance_m":30.3,"association":"nearest gauge on source stream line (unverified)","condition":"unclassified","source_kmz":"mississippi.kmz","segment_id":"mississippi-5822-0"}},{"type":"Feature","geometry":{"type":"LineString","coordinates":[[-88.07933771025512,41.792777068442184],[-88.0758546533212,41.7681389370424]]},"properties":{"site":"05540228","gauge_name":"EAST BRANCH DUPAGE RIVER AT SHORT ST AT LISLE, IL","gauge_distance_m":30.3,"association":"nearest gauge on source stream line (unverified)","condition":"unclassified","source_kmz":"mississippi.kmz","segment_id":"mississippi-5822-1"}},{"type":"Feature","geometry":{"type":"LineString","coordinates":[[-88.0758546533212,41.7681389370424],[-88.0709848345409,41.71779631045],[-88.07936198081879,41.716092456423524]]},"properties":{"site":"05540250","gauge_name":"EAST BRANCH DU PAGE RIVER AT BOLINGBROOK, IL","gauge_distance_m":37.4,"association":"nearest gauge on source stream line (unverified)","condition":"unclassified","source_kmz":"mississippi.kmz","segment_id":"mississippi-5836-0"}},{"type":"Feature","geometry":{"type":"LineString","coordinates":[[-88.07936198081879,41.716092456423524],[-88.14818940828091,41.7020934303205]]},"properties":{"site":"05540250","gauge_name":"EAST BRANCH DU PAGE RIVER AT BOLINGBROOK, IL","gauge_distance_m":37.4,"association":"nearest gauge on source stream line (unverified)","condition":"unclassified","source_kmz":"mississippi.kmz","segment_id":"mississippi-5836-1"}},{"type":"Feature","geometry":{"type":"LineString","coordinates":[[-88.1555468698683,41.7014669995365],[-88.16762954593273,41.69121458524426]]},"properties":{"site":"05540290","gauge_name":"DU PAGE RIVER NEAR PLAINFIELD, IL","gauge_distance_m":130.0,"association":"nearest gauge on source stream line (unverified)","condition":"unclassified","source_kmz":"mississippi.kmz","segment_id":"mississippi-5839-0"}},{"type":"Feature","geometry":{"type":"LineString","coordinates":[[-88.16762954593273,41.69121458524426],[-88.1700391068274,41.689170020247]]},"properties":{"site":"05540290","gauge_name":"DU PAGE RIVER NEAR PLAINFIELD, IL","gauge_distance_m":130.0,"association":"nearest gauge on source stream line (unverified)","condition":"unclassified","source_kmz":"mississippi.kmz","segment_id":"mississippi-5839-1"}},{"type":"Feature","geometry":{"type":"LineString","coordinates":[[-87.9583182110729,41.6927643224956],[-87.96345939041761,41.69107242059758]]},"properties":{"site":"05536890","gauge_name":"CHICAGO SANITARY AND SHIP CANAL NR LEMONT, IL","gauge_distance_m":20.2,"association":"nearest gauge on source stream line (unverified)","condition":"unclassified","source_kmz":"mississippi.kmz","segment_id":"mississippi-5842-0"}},{"type":"Feature","geometry":{"type":"LineString","coordinates":[[-87.96345939041761,41.69107242059758],[-87.99913655370162,41.679331484086916]]},"properties":{"site":"05536890","gauge_name":"CHICAGO SANITARY AND SHIP CANAL NR LEMONT, IL","gauge_distance_m":20.2,"association":"nearest gauge on source stream line (unverified)","condition":"unclassified","source_kmz":"mississippi.kmz","segment_id":"mississippi-5842-1"}},{"type":"Feature","geometry":{"type":"LineString","coordinates":[[-87.99913655370162,41.679331484086916],[-88.0442421414539,41.6644877635293],[-88.0597455651489,41.64338797750521]]},"properties":{"site":"05536900","gauge_name":"CHICAGO SANITARY AND SHIP CANAL AT LEMONT, IL","gauge_distance_m":18.5,"association":"nearest gauge on source stream line (unverified)","condition":"unclassified","source_kmz":"mississippi.kmz","segment_id":"mississippi-5842-2"}},{"type":"Feature","geometry":{"type":"LineString","coordinates":[[-88.1836828388993,41.5278062430777],[-88.19252653605426,41.52201412309299]]},"properties":{"site":"05540500","gauge_name":"DU PAGE RIVER AT SHOREWOOD, IL","gauge_distance_m":42.8,"association":"nearest gauge on source stream line (unverified)","condition":"unclassified","source_kmz":"mississippi.kmz","segment_id":"mississippi-5864-0"}},{"type":"Feature","geometry":{"type":"LineString","coordinates":[[-88.19252653605426,41.52201412309299],[-88.1926992224492,41.5219010232998]]},"properties":{"site":"05540500","gauge_name":"DU PAGE RIVER AT SHOREWOOD, IL","gauge_distance_m":42.8,"association":"nearest gauge on source stream line (unverified)","condition":"unclassified","source_kmz":"mississippi.kmz","segment_id":"mississippi-5864-1"}},{"type":"Feature","geometry":{"type":"LineString","coordinates":[[-88.1926992224492,41.5219010232998],[-88.1734753356384,41.5183075083203],[-88.18555717791571,41.5109763949418],[-88.17812033564822,41.4766348279288]]},"properties":{"site":"05540500","gauge_name":"DU PAGE RIVER AT SHOREWOOD, IL","gauge_distance_m":46.8,"association":"nearest gauge on source stream line (unverified)","condition":"unclassified","source_kmz":"mississippi.kmz","segment_id":"mississippi-5867-0"}},{"type":"Feature","geometry":{"type":"LineString","coordinates":[[-88.222676512967,43.0201277628524],[-88.24201825700294,43.003688823386916]]},"properties":{"site":"05543830","gauge_name":"FOX RIVER AT WAUKESHA, WI","gauge_distance_m":174.7,"association":"nearest gauge on source stream line (unverified)","condition":"unclassified","source_kmz":"mississippi.kmz","segment_id":"mississippi-5934-0"}},{"type":"Feature","geometry":{"type":"LineString","coordinates":[[-88.24201825700294,43.003688823386916],[-88.2674222291402,42.9820974736425]]},"properties":{"site":"05543830","gauge_name":"FOX RIVER AT WAUKESHA, WI","gauge_distance_m":174.7,"association":"nearest gauge on source stream line (unverified)","condition":"unclassified","source_kmz":"mississippi.kmz","segment_id":"mississippi-5934-1"}},{"type":"Feature","geometry":{"type":"LineString","coordinates":[[-88.3293234122542,42.8561684434903],[-88.32771628121219,42.85650439885457]]},"properties":{"site":"05544200","gauge_name":"MUKWONAGO RIVER AT MUKWONAGO, WI","gauge_distance_m":18.7,"association":"nearest gauge on source stream line (unverified)","condition":"unclassified","source_kmz":"mississippi.kmz","segment_id":"mississippi-5944-0"}},{"type":"Feature","geometry":{"type":"LineString","coordinates":[[-88.32771628121219,42.85650439885457],[-88.2891211286635,42.8645723461437]]},"properties":{"site":"05544200","gauge_name":"MUKWONAGO RIVER AT MUKWONAGO, WI","gauge_distance_m":18.7,"association":"nearest gauge on source stream line (unverified)","condition":"unclassified","source_kmz":"mississippi.kmz","segment_id":"mississippi-5944-1"}},{"type":"Feature","geometry":{"type":"LineString","coordinates":[[-88.3397276126867,42.8592043921689],[-88.3293234122542,42.8561684434903]]},"properties":{"site":"05544200","gauge_name":"MUKWONAGO RIVER AT MUKWONAGO, WI","gauge_distance_m":139.1,"association":"nearest gauge on source stream line (unverified)","condition":"unclassified","source_kmz":"mississippi.kmz","segment_id":"mississippi-5945-0"}},{"type":"Feature","geometry":{"type":"LineString","coordinates":[[-88.1383847242855,42.8186624461699],[-88.14078020953768,42.813054673950155]]},"properties":{"site":"424848088083100","gauge_name":"WIND LAKE AT OUTLET AT WIND LAKE, WI","gauge_distance_m":108.5,"association":"nearest gauge on source stream line (unverified)","condition":"unclassified","source_kmz":"mississippi.kmz","segment_id":"mississippi-5951-0"}},{"type":"Feature","geometry":{"type":"LineString","coordinates":[[-88.14078020953768,42.813054673950155],[-88.1434331811798,42.80684413240711]]},"properties":{"site":"424848088083100","gauge_name":"WIND LAKE AT OUTLET AT WIND LAKE, WI","gauge_distance_m":108.5,"association":"nearest gauge on source stream line (unverified)","condition":"unclassified","source_kmz":"mississippi.kmz","segment_id":"mississippi-5951-1"}},{"type":"Feature","geometry":{"type":"LineString","coordinates":[[-88.2227932387567,42.7431869335711],[-88.22409345962849,42.741057562138224]]},"properties":{"site":"05544475","gauge_name":"FOX RIVER AT ROCHESTER, WI","gauge_distance_m":36.9,"association":"nearest gauge on source stream line (unverified)","condition":"unclassified","source_kmz":"mississippi.kmz","segment_id":"mississippi-5966-0"}},{"type":"Feature","geometry":{"type":"LineString","coordinates":[[-88.22409345962849,42.741057562138224],[-88.2291404493529,42.7327921081878]]},"properties":{"site":"05544475","gauge_name":"FOX RIVER AT ROCHESTER, WI","gauge_distance_m":36.9,"association":"nearest gauge on source stream line (unverified)","condition":"unclassified","source_kmz":"mississippi.kmz","segment_id":"mississippi-5966-1"}},{"type":"Feature","geometry":{"type":"LineString","coordinates":[[-88.4393175798725,42.5860289513119],[-88.43341196924487,42.589226305238476]]},"properties":{"site":"423525088260400","gauge_name":"GENEVA LAKE AT LAKE GENEVA, WI","gauge_distance_m":144.7,"association":"nearest gauge on source stream line (unverified)","condition":"unclassified","source_kmz":"mississippi.kmz","segment_id":"mississippi-5986-0"}},{"type":"Feature","geometry":{"type":"LineString","coordinates":[[-88.43341196924487,42.589226305238476],[-88.4020549649301,42.60620328648451]]},"properties":{"site":"423525088260400","gauge_name":"GENEVA LAKE AT LAKE GENEVA, WI","gauge_distance_m":144.7,"association":"nearest gauge on source stream line (unverified)","condition":"unclassified","source_kmz":"mississippi.kmz","segment_id":"mississippi-5986-1"}},{"type":"Feature","geometry":{"type":"LineString","coordinates":[[-88.252004371361,42.443328580983],[-88.24741267145163,42.443625397388736]]},"properties":{"site":"05548280","gauge_name":"NIPPERSINK CREEK NEAR SPRING GROVE, IL","gauge_distance_m":11.7,"association":"nearest gauge on source stream line (unverified)","condition":"unclassified","source_kmz":"mississippi.kmz","segment_id":"mississippi-5990-0"}},{"type":"Feature","geometry":{"type":"LineString","coordinates":[[-88.24741267145163,42.443625397388736],[-88.2390226609448,42.4441677439732]]},"properties":{"site":"05548280","gauge_name":"NIPPERSINK CREEK NEAR SPRING GROVE, IL","gauge_distance_m":11.7,"association":"nearest gauge on source stream line (unverified)","condition":"unclassified","source_kmz":"mississippi.kmz","segment_id":"mississippi-5990-1"}},{"type":"Feature","geometry":{"type":"LineString","coordinates":[[-88.3031099397942,42.1720862758647],[-88.2913730954607,42.16546593588]]},"properties":{"site":"05550000","gauge_name":"FOX RIVER AT ALGONQUIN, IL","gauge_distance_m":126.8,"association":"nearest gauge on source stream line (unverified)","condition":"unclassified","source_kmz":"mississippi.kmz","segment_id":"mississippi-6011-0"}},{"type":"Feature","geometry":{"type":"LineString","coordinates":[[-88.3207597443396,42.0420850387523],[-88.30266314032565,42.05806406403989]]},"properties":{"site":"05550300","gauge_name":"TYLER CREEK AT ELGIN, IL","gauge_distance_m":131.8,"association":"nearest gauge on source stream line (unverified)","condition":"unclassified","source_kmz":"mississippi.kmz","segment_id":"mississippi-6013-0"}},{"type":"Feature","geometry":{"type":"LineString","coordinates":[[-88.30266314032565,42.05806406403989],[-88.2976364570656,42.0625025486784],[-88.28776693326462,42.0557239953095]]},"properties":{"site":"05550300","gauge_name":"TYLER CREEK AT ELGIN, IL","gauge_distance_m":131.8,"association":"nearest gauge on source stream line (unverified)","condition":"unclassified","source_kmz":"mississippi.kmz","segment_id":"mississippi-6013-1"}},{"type":"Feature","geometry":{"type":"LineString","coordinates":[[-88.3856567624494,41.76641891720431],[-88.3847104834148,41.7416171563012]]},"properties":{"site":"05551675","gauge_name":"BLACKBERRY CREEK NEAR MONTGOMERY, IL","gauge_distance_m":143.3,"association":"nearest gauge on source stream line (unverified)","condition":"unclassified","source_kmz":"mississippi.kmz","segment_id":"mississippi-6027-0"}},{"type":"Feature","geometry":{"type":"LineString","coordinates":[[-88.3847104834148,41.7416171563012],[-88.38428204864606,41.740530739313606]]},"properties":{"site":"05551675","gauge_name":"BLACKBERRY CREEK NEAR MONTGOMERY, IL","gauge_distance_m":84.6,"association":"nearest gauge on source stream line (unverified)","condition":"unclassified","source_kmz":"mississippi.kmz","segment_id":"mississippi-6035-0"}},{"type":"Feature","geometry":{"type":"LineString","coordinates":[[-88.38428204864606,41.740530739313606],[-88.3769992158776,41.7220630662521],[-88.4265654164793,41.6781970286186]]},"properties":{"site":"05551675","gauge_name":"BLACKBERRY CREEK NEAR MONTGOMERY, IL","gauge_distance_m":84.6,"association":"nearest gauge on source stream line (unverified)","condition":"unclassified","source_kmz":"mississippi.kmz","segment_id":"mississippi-6035-1"}},{"type":"Feature","geometry":{"type":"LineString","coordinates":[[-88.4265654164793,41.6781970286186],[-88.44006492535325,41.67303479621589]]},"properties":{"site":"05551700","gauge_name":"BLACKBERRY CREEK NEAR YORKVILLE, IL","gauge_distance_m":61.2,"association":"nearest gauge on source stream line (unverified)","condition":"unclassified","source_kmz":"mississippi.kmz","segment_id":"mississippi-6038-0"}},{"type":"Feature","geometry":{"type":"LineString","coordinates":[[-88.44006492535325,41.67303479621589],[-88.45277163438182,41.6681757316609],[-88.4531921107281,41.643996615215]]},"properties":{"site":"05551700","gauge_name":"BLACKBERRY CREEK NEAR YORKVILLE, IL","gauge_distance_m":61.2,"association":"nearest gauge on source stream line (unverified)","condition":"unclassified","source_kmz":"mississippi.kmz","segment_id":"mississippi-6038-1"}},{"type":"Feature","geometry":{"type":"LineString","coordinates":[[-85.7742692166064,40.9929165213165],[-85.7827264903724,40.99379825778742]]},"properties":{"site":"03328000","gauge_name":"EEL RIVER AT NORTH MANCHESTER, IN","gauge_distance_m":85.0,"association":"nearest gauge on source stream line (unverified)","condition":"unclassified","source_kmz":"mississippi.kmz","segment_id":"mississippi-6053-0"}},{"type":"Feature","geometry":{"type":"LineString","coordinates":[[-85.7827264903724,40.99379825778742],[-85.8081088148903,40.9964445622424]]},"properties":{"site":"03328000","gauge_name":"EEL RIVER AT NORTH MANCHESTER, IN","gauge_distance_m":85.0,"association":"nearest gauge on source stream line (unverified)","condition":"unclassified","source_kmz":"mississippi.kmz","segment_id":"mississippi-6053-1"}},{"type":"Feature","geometry":{"type":"LineString","coordinates":[[-86.5580379967051,41.1588385214043],[-86.56358066506864,41.158859922455484]]},"properties":{"site":"03331500","gauge_name":"TIPPECANOE RIVER NEAR ORA, IN","gauge_distance_m":179.8,"association":"nearest gauge on source stream line (unverified)","condition":"unclassified","source_kmz":"mississippi.kmz","segment_id":"mississippi-6077-0"}},{"type":"Feature","geometry":{"type":"LineString","coordinates":[[-86.56358066506864,41.158859922455484],[-86.5772200795552,41.1589125862247]]},"properties":{"site":"03331500","gauge_name":"TIPPECANOE RIVER NEAR ORA, IN","gauge_distance_m":179.8,"association":"nearest gauge on source stream line (unverified)","condition":"unclassified","source_kmz":"mississippi.kmz","segment_id":"mississippi-6077-1"}},{"type":"Feature","geometry":{"type":"LineString","coordinates":[[-86.59283218744311,41.0582853552446],[-86.5998403468153,41.0491105033065],[-86.599389854438,41.049038383509206]]},"properties":{"site":"03331753","gauge_name":"TIPPECANOE RIVER AT WINAMAC, IN","gauge_distance_m":14.9,"association":"nearest gauge on source stream line (unverified)","condition":"unclassified","source_kmz":"mississippi.kmz","segment_id":"mississippi-6093-0"}},{"type":"Feature","geometry":{"type":"LineString","coordinates":[[-86.599389854438,41.049038383509206],[-86.5810795917296,41.0461070743427]]},"properties":{"site":"03331753","gauge_name":"TIPPECANOE RIVER AT WINAMAC, IN","gauge_distance_m":14.9,"association":"nearest gauge on source stream line (unverified)","condition":"unclassified","source_kmz":"mississippi.kmz","segment_id":"mississippi-6093-1"}},{"type":"Feature","geometry":{"type":"LineString","coordinates":[[-86.6996445837981,41.4027169397951],[-86.70165611939052,41.39832130973578]]},"properties":{"site":"412355086421001","gauge_name":"KANKAKEE RIVER BELOW USHWY 30 NEAR HANNA, IN","gauge_distance_m":90.5,"association":"nearest gauge on source stream line (unverified)","condition":"unclassified","source_kmz":"mississippi.kmz","segment_id":"mississippi-6127-0"}},{"type":"Feature","geometry":{"type":"LineString","coordinates":[[-86.70165611939052,41.39832130973578],[-86.70568500516272,41.389517343515806]]},"properties":{"site":"412355086421001","gauge_name":"KANKAKEE RIVER BELOW USHWY 30 NEAR HANNA, IN","gauge_distance_m":90.5,"association":"nearest gauge on source stream line (unverified)","condition":"unclassified","source_kmz":"mississippi.kmz","segment_id":"mississippi-6127-1"}},{"type":"Feature","geometry":{"type":"LineString","coordinates":[[-86.70568500516272,41.389517343515806],[-86.7068006225762,41.3870794838747]]},"properties":{"site":"05515500","gauge_name":"KANKAKEE RIVER AT DAVIS, IN","gauge_distance_m":42.0,"association":"nearest gauge on source stream line (unverified)","condition":"unclassified","source_kmz":"mississippi.kmz","segment_id":"mississippi-6127-2"}},{"type":"Feature","geometry":{"type":"LineString","coordinates":[[-87.0320700394172,41.2544525280709],[-87.03301209439826,41.25490687735454]]},"properties":{"site":"05517530","gauge_name":"KANKAKEE RIVER NR KOUTS, IN","gauge_distance_m":132.4,"association":"nearest gauge on source stream line (unverified)","condition":"unclassified","source_kmz":"mississippi.kmz","segment_id":"mississippi-6145-0"}},{"type":"Feature","geometry":{"type":"LineString","coordinates":[[-87.03301209439826,41.25490687735454],[-87.0692958766187,41.2724063978616]]},"properties":{"site":"05517530","gauge_name":"KANKAKEE RIVER NR KOUTS, IN","gauge_distance_m":132.4,"association":"nearest gauge on source stream line (unverified)","condition":"unclassified","source_kmz":"mississippi.kmz","segment_id":"mississippi-6145-1"}},{"type":"Feature","geometry":{"type":"LineString","coordinates":[[-87.0244547088498,41.2488026120582],[-87.0320700394172,41.2544525280709]]},"properties":{"site":"05517530","gauge_name":"KANKAKEE RIVER NR KOUTS, IN","gauge_distance_m":161.6,"association":"nearest gauge on source stream line (unverified)","condition":"unclassified","source_kmz":"mississippi.kmz","segment_id":"mississippi-6147-0"}},{"type":"Feature","geometry":{"type":"LineString","coordinates":[[-86.9400097994018,41.2291037350655],[-86.96893561078792,41.221255295509266]]},"properties":{"site":"05517500","gauge_name":"KANKAKEE RIVER AT DUNNS BRIDGE, IN","gauge_distance_m":146.3,"association":"nearest gauge on source stream line (unverified)","condition":"unclassified","source_kmz":"mississippi.kmz","segment_id":"mississippi-6155-0"}},{"type":"Feature","geometry":{"type":"LineString","coordinates":[[-86.96893561078792,41.221255295509266],[-86.9730441869951,41.2201405156473]]},"properties":{"site":"05517500","gauge_name":"KANKAKEE RIVER AT DUNNS BRIDGE, IN","gauge_distance_m":146.3,"association":"nearest gauge on source stream line (unverified)","condition":"unclassified","source_kmz":"mississippi.kmz","segment_id":"mississippi-6155-1"}},{"type":"Feature","geometry":{"type":"LineString","coordinates":[[-87.3245964475202,41.1861437318775],[-87.34028768893322,41.18275741685505]]},"properties":{"site":"05518000","gauge_name":"KANKAKEE RIVER AT SHELBY, IN","gauge_distance_m":6.5,"association":"nearest gauge on source stream line (unverified)","condition":"unclassified","source_kmz":"mississippi.kmz","segment_id":"mississippi-6166-0"}},{"type":"Feature","geometry":{"type":"LineString","coordinates":[[-87.34028768893322,41.18275741685505],[-87.34355999699181,41.182051222511]]},"properties":{"site":"05518000","gauge_name":"KANKAKEE RIVER AT SHELBY, IN","gauge_distance_m":6.5,"association":"nearest gauge on source stream line (unverified)","condition":"unclassified","source_kmz":"mississippi.kmz","segment_id":"mississippi-6166-1"}},{"type":"Feature","geometry":{"type":"LineString","coordinates":[[-87.82297674209102,41.0079538104375],[-87.82436280364452,41.008997171134546]]},"properties":{"site":"05526000","gauge_name":"IROQUOIS RIVER NEAR CHEBANSE, IL","gauge_distance_m":35.6,"association":"nearest gauge on source stream line (unverified)","condition":"unclassified","source_kmz":"mississippi.kmz","segment_id":"mississippi-6179-0"}},{"type":"Feature","geometry":{"type":"LineString","coordinates":[[-87.82436280364452,41.008997171134546],[-87.8296165687191,41.0129519536451]]},"properties":{"site":"05526000","gauge_name":"IROQUOIS RIVER NEAR CHEBANSE, IL","gauge_distance_m":35.6,"association":"nearest gauge on source stream line (unverified)","condition":"unclassified","source_kmz":"mississippi.kmz","segment_id":"mississippi-6179-1"}},{"type":"Feature","geometry":{"type":"LineString","coordinates":[[-87.8187726745259,40.9912796912682],[-87.82297674209102,41.0079538104375]]},"properties":{"site":"05526000","gauge_name":"IROQUOIS RIVER NEAR CHEBANSE, IL","gauge_distance_m":166.8,"association":"nearest gauge on source stream line (unverified)","condition":"unclassified","source_kmz":"mississippi.kmz","segment_id":"mississippi-6180-0"}},{"type":"Feature","geometry":{"type":"LineString","coordinates":[[-87.83114447563581,41.8176730953729],[-87.82326187527293,41.82152648747192]]},"properties":{"site":"05532500","gauge_name":"DES PLAINES RIVER AT RIVERSIDE, IL","gauge_distance_m":58.9,"association":"nearest gauge on source stream line (unverified)","condition":"unclassified","source_kmz":"mississippi.kmz","segment_id":"mississippi-6189-0"}},{"type":"Feature","geometry":{"type":"LineString","coordinates":[[-87.82326187527293,41.82152648747192],[-87.81604214030972,41.82505583925731],[-87.81083187466851,41.80548477590459]]},"properties":{"site":"05532500","gauge_name":"DES PLAINES RIVER AT RIVERSIDE, IL","gauge_distance_m":58.9,"association":"nearest gauge on source stream line (unverified)","condition":"unclassified","source_kmz":"mississippi.kmz","segment_id":"mississippi-6189-1"}},{"type":"Feature","geometry":{"type":"LineString","coordinates":[[-87.81083187466851,41.80548477590459],[-87.8102114761165,41.8031544034819],[-87.841869850609,41.7758336960748]]},"properties":{"site":"05532600","gauge_name":"DES PLAINES RIVER AT LYONS, IL","gauge_distance_m":18.7,"association":"nearest gauge on source stream line (unverified)","condition":"unclassified","source_kmz":"mississippi.kmz","segment_id":"mississippi-6189-2"}},{"type":"Feature","geometry":{"type":"LineString","coordinates":[[-88.0218057468974,41.67600878059161],[-88.02775818610229,41.67260299465774]]},"properties":{"site":"05533600","gauge_name":"DES PLAINES RIVER NEAR LEMONT, IL","gauge_distance_m":19.9,"association":"nearest gauge on source stream line (unverified)","condition":"unclassified","source_kmz":"mississippi.kmz","segment_id":"mississippi-6193-0"}},{"type":"Feature","geometry":{"type":"LineString","coordinates":[[-88.02775818610229,41.67260299465774],[-88.0646528752202,41.6514930918251],[-88.06831732597811,41.60948455279371]]},"properties":{"site":"05533600","gauge_name":"DES PLAINES RIVER NEAR LEMONT, IL","gauge_distance_m":19.9,"association":"nearest gauge on source stream line (unverified)","condition":"unclassified","source_kmz":"mississippi.kmz","segment_id":"mississippi-6193-1"}},{"type":"Feature","geometry":{"type":"LineString","coordinates":[[-88.2257837522136,42.6213613329928],[-88.22464350006693,42.6109282668619]]},"properties":{"site":"05545750","gauge_name":"FOX RIVER NEAR NEW MUNSTER, WI","gauge_distance_m":106.0,"association":"nearest gauge on source stream line (unverified)","condition":"unclassified","source_kmz":"mississippi.kmz","segment_id":"mississippi-6211-0"}},{"type":"Feature","geometry":{"type":"LineString","coordinates":[[-88.22464350006693,42.6109282668619],[-88.224509833575,42.6097052467133]]},"properties":{"site":"05545750","gauge_name":"FOX RIVER NEAR NEW MUNSTER, WI","gauge_distance_m":106.0,"association":"nearest gauge on source stream line (unverified)","condition":"unclassified","source_kmz":"mississippi.kmz","segment_id":"mississippi-6211-1"}},{"type":"Feature","geometry":{"type":"LineString","coordinates":[[-88.224509833575,42.6097052467133],[-88.2136804621729,42.6009779528947]]},"properties":{"site":"05545750","gauge_name":"FOX RIVER NEAR NEW MUNSTER, WI","gauge_distance_m":172.8,"association":"nearest gauge on source stream line (unverified)","condition":"unclassified","source_kmz":"mississippi.kmz","segment_id":"mississippi-6212-0"}},{"type":"Feature","geometry":{"type":"LineString","coordinates":[[-88.257590722755,42.3405546249967],[-88.24988549962552,42.310244936591864]]},"properties":{"site":"05549500","gauge_name":"FOX RIVER NEAR MCHENRY, IL","gauge_distance_m":133.5,"association":"nearest gauge on source stream line (unverified)","condition":"unclassified","source_kmz":"mississippi.kmz","segment_id":"mississippi-6229-0"}},{"type":"Feature","geometry":{"type":"LineString","coordinates":[[-88.24988549962552,42.310244936591864],[-88.24968095004283,42.30944030913195]]},"properties":{"site":"05549501","gauge_name":"FOX RIVER (TAILWATER) NEAR MCHENRY, IL","gauge_distance_m":150.7,"association":"nearest gauge on source stream line (unverified)","condition":"unclassified","source_kmz":"mississippi.kmz","segment_id":"mississippi-6229-1"}},{"type":"Feature","geometry":{"type":"LineString","coordinates":[[-88.24968095004283,42.30944030913195],[-88.2489046330918,42.3063865461852]]},"properties":{"site":"05549501","gauge_name":"FOX RIVER (TAILWATER) NEAR MCHENRY, IL","gauge_distance_m":150.7,"association":"nearest gauge on source stream line (unverified)","condition":"unclassified","source_kmz":"mississippi.kmz","segment_id":"mississippi-6229-2"}},{"type":"Feature","geometry":{"type":"LineString","coordinates":[[-88.257735821862,42.19090677980221],[-88.29029748626954,42.16627945025337]]},"properties":{"site":"05550000","gauge_name":"FOX RIVER AT ALGONQUIN, IL","gauge_distance_m":4.1,"association":"nearest gauge on source stream line (unverified)","condition":"unclassified","source_kmz":"mississippi.kmz","segment_id":"mississippi-6240-0"}},{"type":"Feature","geometry":{"type":"LineString","coordinates":[[-88.29029748626954,42.16627945025337],[-88.2913730954607,42.16546593588]]},"properties":{"site":"05550000","gauge_name":"FOX RIVER AT ALGONQUIN, IL","gauge_distance_m":4.1,"association":"nearest gauge on source stream line (unverified)","condition":"unclassified","source_kmz":"mississippi.kmz","segment_id":"mississippi-6240-1"}},{"type":"Feature","geometry":{"type":"LineString","coordinates":[[-88.2913730954607,42.16546593588],[-88.29313567352898,42.161747569857745]]},"properties":{"site":"05550000","gauge_name":"FOX RIVER AT ALGONQUIN, IL","gauge_distance_m":126.8,"association":"nearest gauge on source stream line (unverified)","condition":"unclassified","source_kmz":"mississippi.kmz","segment_id":"mississippi-6241-0"}},{"type":"Feature","geometry":{"type":"LineString","coordinates":[[-88.29313567352898,42.161747569857745],[-88.29472277063002,42.15839940160311]]},"properties":{"site":"05550001","gauge_name":"FOX RIVER (TAILWATER) AT ALGONQUIN, IL","gauge_distance_m":65.9,"association":"nearest gauge on source stream line (unverified)","condition":"unclassified","source_kmz":"mississippi.kmz","segment_id":"mississippi-6241-1"}},{"type":"Feature","geometry":{"type":"LineString","coordinates":[[-88.3262025183059,41.7499719287588],[-88.333450822701,41.7337275534867]]},"properties":{"site":"05551540","gauge_name":"FOX RIVER AT MONTGOMERY, IL","gauge_distance_m":21.9,"association":"nearest gauge on source stream line (unverified)","condition":"unclassified","source_kmz":"mississippi.kmz","segment_id":"mississippi-6258-0"}},{"type":"Feature","geometry":{"type":"LineString","coordinates":[[-88.333450822701,41.7337275534867],[-88.33351221056385,41.7336825961101]]},"properties":{"site":"05551540","gauge_name":"FOX RIVER AT MONTGOMERY, IL","gauge_distance_m":20.7,"association":"nearest gauge on source stream line (unverified)","condition":"unclassified","source_kmz":"mississippi.kmz","segment_id":"mississippi-6259-0"}},{"type":"Feature","geometry":{"type":"LineString","coordinates":[[-88.33351221056385,41.7336825961101],[-88.3405829415903,41.7285043490954]]},"properties":{"site":"05551540","gauge_name":"FOX RIVER AT MONTGOMERY, IL","gauge_distance_m":20.7,"association":"nearest gauge on source stream line (unverified)","condition":"unclassified","source_kmz":"mississippi.kmz","segment_id":"mississippi-6259-1"}},{"type":"Feature","geometry":{"type":"LineString","coordinates":[[-88.4270363624277,41.6435317082523],[-88.44338697734894,41.64293529268311]]},"properties":{"site":"05551580","gauge_name":"FOX RIVER AT YORKVILLE, IL","gauge_distance_m":10.7,"association":"nearest gauge on source stream line (unverified)","condition":"unclassified","source_kmz":"mississippi.kmz","segment_id":"mississippi-6264-0"}},{"type":"Feature","geometry":{"type":"LineString","coordinates":[[-88.44338697734894,41.64293529268311],[-88.4467683675953,41.6428119509129]]},"properties":{"site":"05551580","gauge_name":"FOX RIVER AT YORKVILLE, IL","gauge_distance_m":10.7,"association":"nearest gauge on source stream line (unverified)","condition":"unclassified","source_kmz":"mississippi.kmz","segment_id":"mississippi-6264-1"}},{"type":"Feature","geometry":{"type":"LineString","coordinates":[[-87.65230067621131,41.1633634771084],[-87.66892609811477,41.16051022439592]]},"properties":{"site":"05520500","gauge_name":"KANKAKEE RIVER AT MOMENCE, IL","gauge_distance_m":64.6,"association":"nearest gauge on source stream line (unverified)","condition":"unclassified","source_kmz":"mississippi.kmz","segment_id":"mississippi-6291-0"}},{"type":"Feature","geometry":{"type":"LineString","coordinates":[[-87.66892609811477,41.16051022439592],[-87.6977128268219,41.15556984981511]]},"properties":{"site":"05520500","gauge_name":"KANKAKEE RIVER AT MOMENCE, IL","gauge_distance_m":64.6,"association":"nearest gauge on source stream line (unverified)","condition":"unclassified","source_kmz":"mississippi.kmz","segment_id":"mississippi-6291-1"}},{"type":"Feature","geometry":{"type":"LineString","coordinates":[[-88.2612690293021,41.3878354891698],[-88.2611680704886,41.38875257502459]]},"properties":{"site":"412320088154101","gauge_name":"KANKAKEE R AT INFLOW OF POWER PLANT NR LORENZO, IL","gauge_distance_m":34.4,"association":"nearest gauge on source stream line (unverified)","condition":"unclassified","source_kmz":"mississippi.kmz","segment_id":"mississippi-6299-0"}},{"type":"Feature","geometry":{"type":"LineString","coordinates":[[-88.2611680704886,41.38875257502459],[-88.2608720378264,41.39144166533411]]},"properties":{"site":"412320088154101","gauge_name":"KANKAKEE R AT INFLOW OF POWER PLANT NR LORENZO, IL","gauge_distance_m":34.4,"association":"nearest gauge on source stream line (unverified)","condition":"unclassified","source_kmz":"mississippi.kmz","segment_id":"mississippi-6299-1"}},{"type":"Feature","geometry":{"type":"LineString","coordinates":[[-88.2518885683015,41.3676376876546],[-88.2612690293021,41.3878354891698]]},"properties":{"site":"412320088154101","gauge_name":"KANKAKEE R AT INFLOW OF POWER PLANT NR LORENZO, IL","gauge_distance_m":107.9,"association":"nearest gauge on source stream line (unverified)","condition":"unclassified","source_kmz":"mississippi.kmz","segment_id":"mississippi-6300-0"}},{"type":"Feature","geometry":{"type":"LineString","coordinates":[[-88.4130346716965,41.3560597195152],[-88.42855992893938,41.35514282615167]]},"properties":{"site":"05542500","gauge_name":"ILLINOIS RIVER AT MORRIS, IL","gauge_distance_m":62.4,"association":"nearest gauge on source stream line (unverified)","condition":"unclassified","source_kmz":"mississippi.kmz","segment_id":"mississippi-6327-0"}},{"type":"Feature","geometry":{"type":"LineString","coordinates":[[-88.42855992893938,41.35514282615167],[-88.442583809202,41.354314601373]]},"properties":{"site":"05542500","gauge_name":"ILLINOIS RIVER AT MORRIS, IL","gauge_distance_m":62.4,"association":"nearest gauge on source stream line (unverified)","condition":"unclassified","source_kmz":"mississippi.kmz","segment_id":"mississippi-6327-1"}},{"type":"Feature","geometry":{"type":"LineString","coordinates":[[-88.6104029338888,41.2990709352178],[-88.61426509658764,41.299350651946504]]},"properties":{"site":"05543010","gauge_name":"ILLINOIS RIVER AT SENECA, IL","gauge_distance_m":60.1,"association":"nearest gauge on source stream line (unverified)","condition":"unclassified","source_kmz":"mississippi.kmz","segment_id":"mississippi-6339-0"}},{"type":"Feature","geometry":{"type":"LineString","coordinates":[[-88.61426509658764,41.299350651946504],[-88.6287330042762,41.3003984886446]]},"properties":{"site":"05543010","gauge_name":"ILLINOIS RIVER AT SENECA, IL","gauge_distance_m":60.1,"association":"nearest gauge on source stream line (unverified)","condition":"unclassified","source_kmz":"mississippi.kmz","segment_id":"mississippi-6339-1"}}]}